,CT1,CT2,CT3,CT4
gene_0,0.6985772823171266,0.07540951099328858,0.1094843670369768,0.11652883965260812
gene_1,0.6700877371523543,0.08424091099274626,0.12961079608217624,0.11606055577272328
gene_2,0.7185744671367613,0.0952185952825622,0.09841405180769623,0.08779288577298029
gene_3,0.7075170009252069,0.10121003742574645,0.07762144437963772,0.1136515172694089
gene_4,0.6989099463305645,0.07885727671180859,0.10324692261805526,0.11898585433957165
gene_5,0.6895567850560306,0.08615967044714812,0.08460496654411781,0.13967857795270355
gene_6,0.7179250189599387,0.05466698315565817,0.11626921875651669,0.11113877912788639
gene_7,0.6636517112908318,0.07848807631661901,0.13567650143278212,0.12218371095976713
gene_8,0.7500815463563162,0.05797523838232948,0.09218284425302148,0.09976037100833292
gene_9,0.6965844259590491,0.08811949036349573,0.09572466447551496,0.11957141920194025
gene_10,0.7006130023384806,0.08298985656857508,0.11898206307725655,0.09741507801568783
gene_11,0.7154728578800954,0.078892235480847,0.10629150396958202,0.09934340266947561
gene_12,0.7118779777572808,0.08615367379518782,0.13498421991814163,0.06698412852938986
gene_13,0.7003426855962556,0.09746592157679104,0.1157679806783494,0.08642341214860402
gene_14,0.7484886873109404,0.07940749614700746,0.06721556020764316,0.10488825633440893
gene_15,0.6991832477725278,0.07873093410032239,0.10930317994682932,0.11278263818032037
gene_16,0.6921428752472919,0.05952707028698664,0.14794718216350647,0.10038287230221507
gene_17,0.7042710805885488,0.061759110896659496,0.1166263822765232,0.11734342623826849
gene_18,0.6994412843674043,0.08974265296869238,0.11508570392586481,0.09573035873803855
gene_19,0.6653008104642897,0.10997689093757733,0.12271997911646662,0.10200231948166638
gene_20,0.6728106486677976,0.08566285980736384,0.12086129783718677,0.12066519368765175
gene_21,0.7337744257195774,0.08957176986114429,0.09306450093841376,0.0835893034808645
gene_22,0.7276565997310196,0.0903224775106161,0.06947686532126232,0.11254405743710205
gene_23,0.6886425351070982,0.0770143492684887,0.1022727687164286,0.13207034690798453
gene_24,0.7028014044690365,0.07228796397191811,0.11387380453706529,0.11103682702198017
gene_25,0.701268345764973,0.09696785683124735,0.09745741586422721,0.1043063815395524
gene_26,0.7027382115611208,0.09264685177633807,0.09759858835308298,0.10701634830945811
gene_27,0.753119226591055,0.07332232266399145,0.08762433415996139,0.08593411658499206
gene_28,0.6993396844560786,0.09984070009948866,0.09918460635159121,0.10163500909284148
gene_29,0.7089146735748557,0.06634589354399155,0.12493662312315752,0.09980280975799524
gene_30,0.7300322348125882,0.09216895910308329,0.081250776844494,0.09654802923983449
gene_31,0.6735837658910442,0.08660385476010306,0.12456254356360126,0.11524983578525153
gene_32,0.6994381851025662,0.09032079356035817,0.0950469005862026,0.115194120750873
gene_33,0.7165164274485941,0.07484499508759171,0.11733655932925732,0.09130201813455675
gene_34,0.691261827582449,0.11326762592413303,0.08383202201945505,0.11163852447396304
gene_35,0.6851429615735104,0.09097209793938307,0.09169943750153502,0.1321855029855715
gene_36,0.7098747713493335,0.08354922096270558,0.09884615131736567,0.10772985637059529
gene_37,0.732271830966381,0.05278441242060456,0.12303308754639206,0.09191066906662229
gene_38,0.7161476871912037,0.0762698645562296,0.09171320340883221,0.11586924484373452
gene_39,0.7190585693900451,0.08704136298186008,0.09886842368400922,0.09503164394408559
gene_40,0.7913864990105973,0.05791632396993885,0.0760628296757342,0.07463434734372959
gene_41,0.671874274408159,0.07442525888612035,0.15351975370581689,0.1001807129999038
gene_42,0.6722270145463973,0.09649566099333999,0.12338182180452992,0.10789550265573274
gene_43,0.7343733254372845,0.06113853004216174,0.08028710242611281,0.12420104209444086
gene_44,0.7244798434443834,0.08713338566081158,0.09236476477032053,0.09602200612448436
gene_45,0.7083815726812065,0.0825884066273781,0.14545433476859482,0.06357568592282045
gene_46,0.7280882494619747,0.0885525788524611,0.09365208013380047,0.08970709155176379
gene_47,0.6940093011509213,0.09930072502772591,0.10846535329009968,0.09822462053125314
gene_48,0.7256046349772897,0.08524866865030986,0.07392493776796628,0.11522175860443416
gene_49,0.693378636394232,0.09434688560372932,0.1002880060145905,0.1119864719874481
gene_50,0.7333044386459866,0.09741370253840241,0.07260889320285302,0.09667296561275802
gene_51,0.67717242461348,0.05926932457057006,0.15881792573452314,0.10474032508142683
gene_52,0.7124485086833862,0.06039251586341541,0.13500316387674796,0.09215581157645047
gene_53,0.6877053780670209,0.09075628841764058,0.10538269414037263,0.11615563937496588
gene_54,0.7073229811869413,0.09462196008618125,0.10372639936713786,0.09432865935973968
gene_55,0.7435430866768905,0.09426216836336057,0.0801179782807397,0.08207676667900926
gene_56,0.6632168497643375,0.11889226774240538,0.09168957955156917,0.12620130294168788
gene_57,0.7038875726479316,0.07977516120528588,0.11624747275352171,0.10008979339326086
gene_58,0.7412658836302705,0.06701481162778071,0.0887789182578642,0.10294038648408455
gene_59,0.7140957761885836,0.08251075228385985,0.09282233163400666,0.11057113989354993
gene_60,0.71580485105336,0.07727728966965895,0.0907935582286972,0.11612430104828385
gene_61,0.7582719322153327,0.07248242435391668,0.06751605334625047,0.10172959008450026
gene_62,0.7125663187652945,0.06236969429971121,0.11139968910938673,0.1136642978256075
gene_63,0.6756913062071087,0.11024473603418601,0.10324237262594628,0.11082158513275892
gene_64,0.6963020648398894,0.08027842373678486,0.12302073110444754,0.10039878031887813
gene_65,0.730435653805371,0.10015932015549173,0.07715023545137864,0.09225479058775858
gene_66,0.7110950390361719,0.08465636283583432,0.09145150613033533,0.11279709199765857
gene_67,0.708666811567994,0.06074979242772416,0.13338584097115197,0.09719755503312985
gene_68,0.658956799878767,0.09492669900063157,0.12791678937998982,0.11819971174061171
gene_69,0.7502378850168647,0.048619082818947945,0.1332436372742867,0.0678993948899005
gene_70,0.6676381627586838,0.09287388703981356,0.1266326085911585,0.1128553416103442
gene_71,0.7011998926624312,0.07026767707241609,0.09459032758284033,0.1339421026823125
gene_72,0.6860185561028218,0.07841700199098202,0.12453815018815088,0.11102629171804522
gene_73,0.6986929113740069,0.08067259123976309,0.11562310333014007,0.10501139405608993
gene_74,0.695886223263425,0.09372984768383975,0.08649555832297916,0.12388837072975613
gene_75,0.7170067477762658,0.08113503097961745,0.13016982166512964,0.07168839957898702
gene_76,0.6914657839831179,0.07505356554187555,0.1159549996330863,0.11752565084192025
gene_77,0.6761354759276927,0.08116902376553953,0.11562976788321992,0.12706573242354782
gene_78,0.7254264166373465,0.06417353815022517,0.09773237085236217,0.11266767436006615
gene_79,0.6790160468086988,0.06170747010105905,0.1251452940520435,0.1341311890381987
gene_80,0.7108249643946756,0.07656340975181164,0.11440532365888649,0.09820630219462631
gene_81,0.6996499257869253,0.08606466685774945,0.10127375398830084,0.11301165336702443
gene_82,0.7419930606703886,0.08041528942542804,0.09573770349087629,0.08185394641330707
gene_83,0.7431992148637889,0.05296928297748831,0.11182545659403349,0.09200604556468933
gene_84,0.6923918139567715,0.10587625174508788,0.06849590698216551,0.13323602731597498
gene_85,0.7345375009503998,0.089099157649287,0.10893570051190728,0.06742764088840589
gene_86,0.6876081395723849,0.08389870949673248,0.11021828516118588,0.11827486576969667
gene_87,0.7223832148741614,0.04985879229402617,0.09288856815966852,0.1348694246721439
gene_88,0.7862039876063422,0.07312087148948224,0.06585534393698664,0.07481979696718884
gene_89,0.7053080329350145,0.06572715145311442,0.09944012400346308,0.12952469160840793
gene_90,0.7230271869616124,0.0674862623690506,0.12244934644158366,0.08703720422775331
gene_91,0.7325983726247227,0.058015683255956234,0.1098915199336854,0.09949442418563569
gene_92,0.7124674839073253,0.05611474934234731,0.10583207369977611,0.12558569305055134
gene_93,0.6922693365791087,0.09773966191331317,0.10810140899426132,0.10188959251331686
gene_94,0.7027012564674053,0.10564336374688811,0.11744366503913418,0.07421171474657243
gene_95,0.7705826300289156,0.05247370326792192,0.11932080749947385,0.057622859203688606
gene_96,0.6807289843611484,0.08017493200621861,0.08747153792128999,0.15162454571134315
gene_97,0.6825971083296659,0.07428593119910447,0.13954370598665172,0.10357325448457805
gene_98,0.6631564001831397,0.09124834649664085,0.13447230050569167,0.11112295281452786
gene_99,0.7141282856113162,0.091972933209237,0.0897164494353709,0.10418233174407582
gene_100,0.7039522902184481,0.1175464762150825,0.08441366291089537,0.09408757065557401
gene_101,0.6931488172686514,0.09444338521308641,0.09210545827053163,0.1203023392477306
gene_102,0.7099353350126336,0.06139376824725217,0.10172124105378988,0.12694965568632435
gene_103,0.7243256182385193,0.09567439848166384,0.07287293972775838,0.10712704355205843
gene_104,0.6803069613997975,0.08757431540088373,0.11331746426875056,0.11880125893056814
gene_105,0.6994450543331034,0.08819699729648423,0.0920659436840957,0.12029200468631653
gene_106,0.658315948888498,0.06984172776260769,0.11291807476821535,0.15892424858067897
gene_107,0.700961352562459,0.09039081782987833,0.1092485372463202,0.09939929236134243
gene_108,0.707725326330035,0.09915434769532033,0.11000877189349711,0.08311155408114755
gene_109,0.7523123089500832,0.06980276200427941,0.09677245392514491,0.08111247512049251
gene_110,0.7170520660683752,0.0823252635819861,0.10058163016514171,0.10004104018449692
gene_111,0.801554582631889,0.06070915580621268,0.07886601489401976,0.05887024666787869
gene_112,0.711595620859537,0.07847397464191128,0.09705172782919035,0.11287867666936142
gene_113,0.7013196526002323,0.1009777690891754,0.08281428197895874,0.11488829633163355
gene_114,0.7326420188742091,0.04567210010349953,0.09480985499929392,0.12687602602299752
gene_115,0.7006554707771779,0.0611724597977892,0.10198387686084978,0.13618819256418307
gene_116,0.6847774038019959,0.06263527080781095,0.16177406147778475,0.09081326391240836
gene_117,0.7195834700743904,0.07561459756818133,0.10257973264813885,0.10222219970928949
gene_118,0.7168035885317638,0.08720166081801069,0.11183038503845442,0.08416436561177112
gene_119,0.7250262197842151,0.07273455264886707,0.08837302309788046,0.1138662044690373
gene_120,0.6900225908307223,0.08845297800464592,0.12676847789045698,0.09475595327417487
gene_121,0.700916660088369,0.09211611262344017,0.08189077656400631,0.12507645072418455
gene_122,0.729015758972108,0.08412503983214757,0.08748072192416022,0.09937847927158408
gene_123,0.6859553079927073,0.1081612834960196,0.09115828711235327,0.1147251213989198
gene_124,0.6861250896436798,0.09021939984143479,0.09562904634967516,0.1280264641652102
gene_125,0.7073579995963725,0.07541963823907091,0.09002552212848526,0.12719684003607146
gene_126,0.7670831862890286,0.046469384374072595,0.0987160850903091,0.08773134424658965
gene_127,0.6910365060720999,0.072220337690053,0.11534643001057626,0.1213967262272708
gene_128,0.707324901772265,0.07615826527621289,0.10436730301788909,0.11214952993363299
gene_129,0.690075265653705,0.10321066435965978,0.09686585138967145,0.10984821859696378
gene_130,0.7079351437494886,0.06968622748894078,0.08869729071921466,0.13368133804235585
gene_131,0.6914862922805951,0.1027542984037651,0.11927295206886572,0.0864864572467741
gene_132,0.6927691996095968,0.09527110253751815,0.11383980924249647,0.09811988861038852
gene_133,0.6722046516660379,0.10289494459400264,0.11860313383318048,0.1062972699067789
gene_134,0.7118931065263686,0.0918097709438513,0.106433153020514,0.08986396950926613
gene_135,0.6960519739946027,0.08171451033048276,0.10555649210562788,0.11667702356928669
gene_136,0.7215136176516123,0.05913549512474331,0.10328982501929064,0.11606106220435383
gene_137,0.6974758040673681,0.058745678648644085,0.12087136553911683,0.12290715174487106
gene_138,0.7103088122592155,0.07608794556503416,0.09912533209177798,0.11447791008397225
gene_139,0.8030334587262102,0.05040568767819794,0.07704108592985436,0.06951976766573759
gene_140,0.6866866388483116,0.08035392805555668,0.07564581948162626,0.15731361361450555
gene_141,0.7043694652263294,0.08666658546023338,0.09617147364256944,0.11279247567086788
gene_142,0.692297463547267,0.09600853752975584,0.12151125053983443,0.09018274838314282
gene_143,0.666395229793537,0.11060042507735597,0.0987534718630569,0.12425087326605007
gene_144,0.6718361722528369,0.09777351728909514,0.12574168762982166,0.10464862282824634
gene_145,0.7112503658188732,0.1021900040112097,0.08973573649528487,0.09682389367463216
gene_146,0.665187416475333,0.06841141279145929,0.12367348639513032,0.1427276843380774
gene_147,0.714318834443353,0.07075556763108137,0.12048023600409388,0.09444536192147178
gene_148,0.7265747854578251,0.06432003534512036,0.10074574745469425,0.10835943174236029
gene_149,0.6541293537878248,0.10587889802028749,0.10291261959168532,0.13707912860020235
gene_150,0.6877874623648774,0.1220655899504452,0.08327452249461635,0.10687242519006097
gene_151,0.6931004786378019,0.09173903332943736,0.11106407163164554,0.10409641640111517
gene_152,0.7128000635643507,0.08878415758196154,0.09312711232548158,0.10528866652820634
gene_153,0.7584173272543643,0.0775031975376403,0.08377029505370369,0.08030918015429174
gene_154,0.7581686793482875,0.05892362467210862,0.07864976450560654,0.10425793147399737
gene_155,0.7484011117771039,0.05792864918608876,0.0881615866410312,0.10550865239577613
gene_156,0.7087914055281246,0.10156741457661074,0.12569616046441656,0.0639450194308481
gene_157,0.7091587214769498,0.08793641792192511,0.11002972559986396,0.09287513500126114
gene_158,0.7146367667325796,0.06456636983169822,0.1325033207972326,0.08829354263848967
gene_159,0.6759975513046655,0.07850766676199086,0.11294050690729135,0.13255427502605216
gene_160,0.7544780195391784,0.08089095243541707,0.07527721121749852,0.089353816807906
gene_161,0.7240353705227504,0.06932502220745404,0.09728415453406625,0.10935545273572941
gene_162,0.7117007504488596,0.08656472949199051,0.09261217227013673,0.1091223477890132
gene_163,0.7033596642870918,0.06159301239771542,0.12854033097450296,0.10650699234068974
gene_164,0.6836948406840674,0.09503443391869973,0.09513447341638812,0.12613625198084477
gene_165,0.7263615234255678,0.07359861114865644,0.09996731299308166,0.10007255243269411
gene_166,0.7002694557709253,0.06136294275784047,0.10543751603419818,0.1329300854370361
gene_167,0.7056061366943868,0.08501233847559354,0.09472183709419317,0.11465968773582652
gene_168,0.7072108680872969,0.07036686760564437,0.08368230111519291,0.13873996319186574
gene_169,0.7180732328599084,0.0760929258977466,0.09196829197991248,0.11386554926243257
gene_170,0.7099990997970237,0.09282908228686743,0.10982750281499117,0.0873443151011177
gene_171,0.6749232457776909,0.08992075066399749,0.08735549835358891,0.14780050520472263
gene_172,0.7168779760712513,0.09107995658878298,0.10363588010990246,0.08840618723006324
gene_173,0.6800303041702686,0.08249052376127373,0.11804746850799913,0.11943170356045847
gene_174,0.6948242155206833,0.09070637842473955,0.09613345429385678,0.11833595176072034
gene_175,0.6831334585277958,0.10247745952706516,0.10740933147837937,0.10697975046675964
gene_176,0.689554012114826,0.08628248888566278,0.10739223682196145,0.11677126217754968
gene_177,0.7136721847217455,0.07343761277795248,0.11019654360105297,0.10269365889924885
gene_178,0.6589470387118247,0.12667894870738652,0.10955560850235124,0.10481840407843761
gene_179,0.7224613294640223,0.09128229187479875,0.11065810225879555,0.07559827640238342
gene_180,0.6875576089605503,0.09599591598005298,0.12005156074733309,0.09639491431206361
gene_181,0.7407574572588865,0.07579156677259515,0.1021175820132154,0.08133339395530281
gene_182,0.6780049618251345,0.10429349576136748,0.11791946474594125,0.09978207766755673
gene_183,0.7279668703089326,0.08689791380783618,0.0999419804171762,0.08519323546605495
gene_184,0.6942704992260417,0.09522003182331529,0.12218003101990618,0.08832943793073686
gene_185,0.7043871365693881,0.06597307249274628,0.09172346678041972,0.13791632415744584
gene_186,0.6833657207356526,0.09217286817009648,0.1271448676996535,0.0973165433945974
gene_187,0.6919050216277819,0.06414896493299736,0.13121052122621646,0.11273549221300441
gene_188,0.7362030842910553,0.08287686849607163,0.1053235000046227,0.07559654720825039
gene_189,0.6966091445929037,0.10382494511648216,0.10242301832205762,0.09714289196855654
gene_190,0.6936646833321279,0.07041700415407195,0.10879884322375122,0.1271194692900488
gene_191,0.7365869306956261,0.09218714282449308,0.12211921429880176,0.04910671218107909
gene_192,0.7037176921470784,0.07548970392116394,0.11949225486001878,0.10130034907173883
gene_193,0.7246414184028231,0.07395264258569065,0.10459972554963615,0.09680621346184995
gene_194,0.6559263333100723,0.08090007659295718,0.15054802477635185,0.11262556532061853
gene_195,0.6855576952503433,0.10153605260022132,0.12050646176709633,0.09239979038233898
gene_196,0.6869945549481793,0.07011074674870446,0.12692212052436838,0.11597257777874787
gene_197,0.7220240136511599,0.08084408154443513,0.11417001489058709,0.082961889913818
gene_198,0.7421642232357737,0.0743381935761487,0.07655849405507648,0.10693908913300117
gene_199,0.7182197952053058,0.08257769956026156,0.08662331805548652,0.11257918717894606
gene_200,0.4018253269766122,0.5082501173936009,0.04739237361117957,0.04253218201860726
gene_201,0.3811122956132681,0.4953849781946892,0.06760256282211424,0.0559001633699285
gene_202,0.3797400777856085,0.5088388692165479,0.06833057919292741,0.04309047380491621
gene_203,0.4018651491506431,0.4713660373515227,0.058978278128595546,0.06779053536923875
gene_204,0.4083244744671756,0.48648611052064666,0.05324346254673265,0.051945952465445054
gene_205,0.4067147960766499,0.45457648704271764,0.06876819343610124,0.06994052344453121
gene_206,0.39087353356973387,0.4968858598371769,0.050376436713383245,0.061864169879706
gene_207,0.4275548625724584,0.4797089137393473,0.04732101143347505,0.045415212254719284
gene_208,0.39204988779972955,0.5013783964037257,0.05896841447089803,0.047603301325646705
gene_209,0.3891812236988922,0.4745177711892132,0.07814792046720484,0.05815308464468983
gene_210,0.3888050814075881,0.5091272078413449,0.04636124337532905,0.05570646737573796
gene_211,0.38350735490680204,0.5097523525602591,0.054217847895173324,0.052522444637765585
gene_212,0.4109457618710465,0.47402027110186945,0.05391678861512869,0.061117178411955374
gene_213,0.3814773146178506,0.4990101527060451,0.05309284264770832,0.06641969002839598
gene_214,0.39105649046395197,0.4781178321540158,0.08400205415960071,0.04682362322243144
gene_215,0.41688211706127304,0.4684347551928481,0.04805328936791208,0.06662983837796677
gene_216,0.37359559072955956,0.4911682093477594,0.06569539457334983,0.0695408053493311
gene_217,0.3710878084008416,0.4942882928743649,0.06191230971223054,0.07271158901256294
gene_218,0.42714603583949995,0.47118275116348096,0.04360561494924643,0.058065598047772615
gene_219,0.40174864850157055,0.47733905749085637,0.05183856799912274,0.06907372600845031
gene_220,0.41624850815868214,0.46856393224937104,0.057229493521774526,0.05795806607017238
gene_221,0.3960491866409394,0.4736845822970831,0.062407758981996415,0.06785847207998111
gene_222,0.43575961020226794,0.4683480098329578,0.0360322475555189,0.05986013240925526
gene_223,0.39631062155387303,0.49149747255609866,0.07100399882557212,0.041187907064456124
gene_224,0.4062343894546999,0.46081374594054686,0.0633670424979919,0.06958482210676138
gene_225,0.3940744628449528,0.5194113767526679,0.04017359127639391,0.04634056912598554
gene_226,0.3950778422686953,0.4938175639864264,0.05934625010375095,0.05175834364112744
gene_227,0.4132042000846416,0.4875497379746004,0.045974639333989806,0.05327142260676821
gene_228,0.3787105831196243,0.4986341777601653,0.05856531528320565,0.06408992383700476
gene_229,0.4193858958491071,0.47293913561774786,0.06258052410909519,0.045094444424049855
gene_230,0.39644516303265664,0.488500357407917,0.0564799097896649,0.05857456976976152
gene_231,0.4262977622965318,0.45935291209922713,0.048758217152681395,0.0655911084515596
gene_232,0.3939084003537934,0.49024081476986253,0.05852766310253709,0.057323121773807106
gene_233,0.3886892285748181,0.48343723026910845,0.06899237679679555,0.05888116435927783
gene_234,0.42638656400618763,0.47636078688136085,0.048553040689959186,0.04869960842249241
gene_235,0.4211379647540131,0.4783283654539354,0.04388095745168319,0.05665271234036842
gene_236,0.37623487836017205,0.47433648691788727,0.0788071610606019,0.07062147366133875
gene_237,0.4003659542190176,0.4908095948004277,0.05959214337870425,0.04923230760185035
gene_238,0.4051286091270221,0.48621467160949117,0.06053307120514907,0.04812364805833772
gene_239,0.3981782415078812,0.47904115890278876,0.05515734538662309,0.06762325420270689
gene_240,0.41334656646191903,0.47180928425385155,0.05931731076379926,0.055526838520430014
gene_241,0.39635316309147606,0.4481944118840974,0.09108811329571456,0.06436431172871206
gene_242,0.4025193284452108,0.47841143292068933,0.054194188265909944,0.06487505036819002
gene_243,0.3656969332700378,0.518113524341089,0.062457133859443195,0.05373240852942991
gene_244,0.3634482861965431,0.5077781321459509,0.06767392905733405,0.061099652600171965
gene_245,0.4111814007157064,0.4967037704053488,0.046583466098027076,0.045531362780917795
gene_246,0.40447444372861235,0.456930289556762,0.07510380067076987,0.06349146604385576
gene_247,0.4095706580108916,0.5163089729373413,0.043724695536689555,0.030395673515077562
gene_248,0.4137888789702977,0.4605754583461942,0.04611355373436936,0.07952210894913882
gene_249,0.41163634750266836,0.4741887742907746,0.06816463354533125,0.04601024466122569
gene_250,0.38284288983627923,0.4698927712804073,0.08063362447554522,0.06663071440776826
gene_251,0.3432473832656136,0.5286340447495753,0.05123501345762776,0.07688355852718337
gene_252,0.426460745375155,0.4544394600087473,0.06403600271160274,0.05506379190449484
gene_253,0.4040615071247494,0.4751273012433121,0.05860093647472952,0.06221025515720902
gene_254,0.3849963071216858,0.5190976300048921,0.04101357157571903,0.05489249129770305
gene_255,0.393872539022758,0.4864405440239622,0.07158759797525927,0.04809931897802065
gene_256,0.40801749294590844,0.4714128890152502,0.07066829602364795,0.04990132201519341
gene_257,0.40312300295995807,0.4902257925597381,0.045762242447498755,0.06088896203280507
gene_258,0.38839862726222263,0.49226117397418895,0.06520738041887363,0.0541328183447147
gene_259,0.40258417921860973,0.4815568391682603,0.061471854545581336,0.054387127067548766
gene_260,0.4176643998037746,0.43685534419285876,0.06356747134560434,0.08191278465776233
gene_261,0.4098698837660624,0.4677607411584409,0.06454497492502406,0.05782440015047252
gene_262,0.4061092503112216,0.4798313734589179,0.0555665755960242,0.0584928006338362
gene_263,0.37383793915190966,0.5150829694874832,0.04780500694461727,0.06327408441599
gene_264,0.3979844081008988,0.48254201804599406,0.05513870438360113,0.06433486946950599
gene_265,0.39017399381431234,0.4879936493334503,0.06071884432466172,0.06111351252757573
gene_266,0.3947376395055165,0.4622430782434207,0.057314584764589074,0.08570469748647369
gene_267,0.3954818424663005,0.49224554775169277,0.060741564035939125,0.051531045746067525
gene_268,0.36533645346084426,0.5079026307063993,0.07100815105395095,0.05575276477880546
gene_269,0.4029511282430502,0.4798883187061849,0.06904008914472719,0.048120463906037865
gene_270,0.4021322221976833,0.46366062609737485,0.06331944454064896,0.07088770716429302
gene_271,0.38123922047467396,0.48911416217074216,0.06278933156469738,0.06685728578988641
gene_272,0.44537491741437657,0.44332169319104764,0.06455293997069442,0.04675044942388139
gene_273,0.3857845535701806,0.4964880644996836,0.03850415034543561,0.07922323158470024
gene_274,0.42008588595858387,0.45023147831910065,0.06551066997849365,0.06417196574382177
gene_275,0.3938479305988962,0.47551199735481464,0.06935379186966019,0.0612862801766289
gene_276,0.4212657815683331,0.452249742628823,0.06145346799710089,0.06503100780574295
gene_277,0.3743833068538488,0.490328434911042,0.07201491847044314,0.06327333976466604
gene_278,0.4075219611094217,0.47585760457787973,0.07683172440215408,0.039788709910544486
gene_279,0.38186500879194174,0.5222724163368178,0.047838334252278465,0.048024240618962
gene_280,0.3962781642243694,0.49022839427356973,0.04823665236242839,0.0652567891396324
gene_281,0.3821153057038835,0.49983127150514367,0.0492777412147223,0.06877568157625048
gene_282,0.4017966126521611,0.4618085678049211,0.058210042232420996,0.0781847773104969
gene_283,0.38459848858266615,0.469071747761781,0.06847488248714045,0.0778548811684124
gene_284,0.3867309307068521,0.5027969285282419,0.04748702947300926,0.06298511129189667
gene_285,0.417232397831729,0.4714799490416703,0.0664494257472419,0.044838227379358865
gene_286,0.3952540290832264,0.466367959741561,0.07094855322342816,0.06742945795178451
gene_287,0.39380426872040375,0.4969500713907523,0.06366917782762523,0.045576482061218664
gene_288,0.41299093079549476,0.5101167863519472,0.03808561069042759,0.03880667216213032
gene_289,0.3938404354809834,0.4749866194443822,0.06505954226259097,0.06611340281204342
gene_290,0.367597087672941,0.5349378934598664,0.059405111725186865,0.038059907142005696
gene_291,0.36797034555334684,0.5263603314286174,0.06787438543694334,0.03779493758109241
gene_292,0.41426707629418563,0.4510046732575549,0.05830610658905039,0.07642214385920906
gene_293,0.3757139166721299,0.5165324337965921,0.044892128329230986,0.06286152120204701
gene_294,0.4127230623447199,0.4587314976870712,0.06165571409674701,0.0668897258714619
gene_295,0.39190222249462764,0.49577927021747237,0.06472604876004681,0.04759245852785313
gene_296,0.4014726694869782,0.4655453333011365,0.07525375936163294,0.05772823785025245
gene_297,0.4300767142716306,0.4793210638316208,0.04824434722135653,0.04235787467539205
gene_298,0.41362754690357617,0.4775863943862939,0.07868557796246918,0.03010048074766069
gene_299,0.3932471735585139,0.4929038880680556,0.048709994964565476,0.06513894340886495
gene_300,0.35990655719220527,0.5117364782052966,0.06686699935120217,0.06148996525129603
gene_301,0.4093934963716973,0.45703937912317183,0.06529498979118752,0.06827213471394326
gene_302,0.40648020695056625,0.543231736173606,0.0036807674693789807,0.04660728940644881
gene_303,0.4008934343697408,0.47007380954995576,0.07179961417042799,0.05723314190987548
gene_304,0.38358205595359085,0.523577716203193,0.040282808323277824,0.05255741951993819
gene_305,0.40389643887354687,0.48448140923068467,0.03996737046403929,0.07165478143172903
gene_306,0.38604229315811767,0.501274146078317,0.05028424440299215,0.062399316360573186
gene_307,0.4300991598855286,0.4500661008840468,0.06438868088002432,0.05544605835040027
gene_308,0.4052052078060677,0.4659623809156973,0.05404474416061704,0.07478766711761789
gene_309,0.3795491198787957,0.504968131936145,0.05683262497248054,0.05865012321257873
gene_310,0.40929540860726754,0.4681717360246837,0.062376980645129976,0.06015587472291882
gene_311,0.3913906124898356,0.4915148367837753,0.05996469994267263,0.05712985078371648
gene_312,0.3709506239144366,0.48834910734758546,0.06846567933882165,0.07223458939915624
gene_313,0.4059109065145366,0.471322694471302,0.059579092992579165,0.0631873060215823
gene_314,0.406479548657506,0.4864563077910488,0.042543014747774534,0.06452112880367071
gene_315,0.36082811434930423,0.4971639445831087,0.06927456147835473,0.07273337958923236
gene_316,0.410984094146416,0.47327456553819863,0.05449080475627364,0.06125053555911178
gene_317,0.3665084265942578,0.5134315779725848,0.06157527634901693,0.05848471908414054
gene_318,0.39005314804848407,0.5014351522842722,0.045490153990232624,0.06302154567701126
gene_319,0.4262778297206663,0.4747347711283352,0.043208637375482105,0.055778761775516515
gene_320,0.4181310011473238,0.4638911123650641,0.05344371860933563,0.06453416787827636
gene_321,0.40545099652766653,0.4800652168643908,0.04531764471979751,0.06916614188814522
gene_322,0.40548556783910605,0.5069250970734411,0.04822113263824994,0.0393682024492029
gene_323,0.38620075233683954,0.48604102252609077,0.0673569185420971,0.06040130659497257
gene_324,0.39018488488175335,0.47304884361053434,0.06998498839904792,0.06678128310866435
gene_325,0.3981117371424103,0.47249073346582776,0.06666457821525004,0.06273295117651201
gene_326,0.35678891732034784,0.5056869602871157,0.07162626047464195,0.06589786191789454
gene_327,0.3913226593519084,0.4784116329452793,0.05486817308021203,0.07539753462260033
gene_328,0.4128319023021271,0.46304674966488596,0.06331704874196172,0.06080429929102533
gene_329,0.3932650462552629,0.507087290672803,0.05672444192665212,0.042923221145281965
gene_330,0.4460374082223362,0.4779870885229568,0.03870950766070384,0.03726599559400315
gene_331,0.39390882352498124,0.4788620788498378,0.07273624370546437,0.05449285391971664
gene_332,0.4095306080663618,0.4645106079726279,0.05765831951661282,0.06830046444439752
gene_333,0.38307957367166534,0.5117853356803628,0.04410340380761154,0.0610316868403603
gene_334,0.3704181617044633,0.5177576507803904,0.05561133417166006,0.056212853343486226
gene_335,0.3593323115128048,0.4944916576740169,0.06199276561410128,0.08418326519907696
gene_336,0.37530652194652947,0.4902228569997754,0.04976188573777045,0.08470873531592468
gene_337,0.38514820571437197,0.4977169216160319,0.05204219686902577,0.06509267580057035
gene_338,0.3736647497995209,0.5107596132708072,0.05512840865481852,0.06044722827485329
gene_339,0.39700314997426117,0.4679054091570654,0.061249238901843736,0.07384220196682954
gene_340,0.39594635699159275,0.4977147662555321,0.06022401057368486,0.046114866179190354
gene_341,0.375558268129861,0.5095331292604242,0.04620021575346458,0.06870838685625018
gene_342,0.4193535875361557,0.44831501285550274,0.0679990260725356,0.06433237353580595
gene_343,0.3813444313848646,0.4951685848058402,0.05720467615715465,0.06628230765214047
gene_344,0.3764012170226481,0.49367197983355865,0.06473902270085562,0.06518778044293755
gene_345,0.4119728464448603,0.4534306225685044,0.05248926657671719,0.0821072644099181
gene_346,0.41575119516603326,0.45841918686997934,0.06469388103829293,0.061135736925694496
gene_347,0.41187708935818745,0.4741284762450744,0.056509761688015726,0.05748467270872254
gene_348,0.4221428569067147,0.4493465183376722,0.04799875878654663,0.08051186596906632
gene_349,0.3818424546908834,0.5250408708488067,0.03821525524471971,0.05490141921559034
gene_350,0.3953815651243962,0.48625307906510434,0.06553018091950019,0.05283517489099927
gene_351,0.41507854926187693,0.4688761602048751,0.06418979153349891,0.05185549899974909
gene_352,0.39215502710266686,0.49128368702998254,0.07197167120191714,0.044589614665433396
gene_353,0.3937606005141036,0.4863448365328563,0.07005863473384599,0.049835928219194074
gene_354,0.358996346095332,0.5121331553524718,0.04509205612152477,0.08377844243067135
gene_355,0.42364454626884374,0.4785709540788254,0.04701104966931882,0.05077344998301198
gene_356,0.37874717170625705,0.5023886809166431,0.04898739863514667,0.06987674874195325
gene_357,0.403935214739506,0.43785814025691755,0.08950802005521755,0.06869862494835893
gene_358,0.3544781927170779,0.49955800642333575,0.08363524303138517,0.062328557828201146
gene_359,0.4114616419742165,0.44543334725990297,0.0872926067111328,0.055812404054747786
gene_360,0.40074200693499945,0.48484185706384075,0.05649106035828255,0.05792507564287713
gene_361,0.38790554881570277,0.472198357452156,0.06269840611550785,0.07719768761663341
gene_362,0.4147032490245954,0.46753312808583214,0.07535774078830683,0.042405882101265654
gene_363,0.39262924492792595,0.5088740690371991,0.042233075474156896,0.05626361056071812
gene_364,0.4074835679266229,0.48454834992133805,0.057814305985333686,0.05015377616670538
gene_365,0.42250688255638635,0.4706299137235823,0.06188964632824296,0.04497355739178837
gene_366,0.39571948681730873,0.4704312748853715,0.07406320048800431,0.059786037809315434
gene_367,0.3929417498242988,0.46314492724944406,0.09477167175312926,0.04914165117312793
gene_368,0.4278469002815532,0.46083270853614794,0.06318008704959144,0.04814030413270738
gene_369,0.3963464149103184,0.4789269317978606,0.0520132530894798,0.0727134002023412
gene_370,0.35548435771176906,0.498991380706079,0.07291183559384987,0.07261242598830213
gene_371,0.3956131441167011,0.48828080102557003,0.05829808411261618,0.0578079707451126
gene_372,0.4254633996007536,0.46956317900810907,0.05827126621530174,0.046702155175835466
gene_373,0.4203893004818028,0.48810158812642435,0.042935850592736566,0.0485732607990363
gene_374,0.3847627655534377,0.49719479833834285,0.059550504916845756,0.05849193119137377
gene_375,0.40634633866544856,0.4918617078499638,0.0395783904504906,0.062213563034097016
gene_376,0.36160593828331955,0.5303562724790678,0.057332197646288406,0.05070559159132431
gene_377,0.4229896423288974,0.4733837644663684,0.05455562482806233,0.04907096837667188
gene_378,0.3786150348703139,0.5112277667569068,0.05206748599777381,0.058089712375005376
gene_379,0.39088246874087534,0.49969427357506735,0.056025380233058614,0.053397877450998686
gene_380,0.3875215217222413,0.5108985785725484,0.049112513887448146,0.052467385817762224
gene_381,0.3848147735135725,0.47146247884402004,0.07355200055787774,0.07017074708452976
gene_382,0.3803923663787957,0.509735895295692,0.07471925375364487,0.035152484571867565
gene_383,0.38868882676774913,0.4771907713790374,0.06511680551069628,0.0690035963425172
gene_384,0.3558764425981231,0.5394755690823743,0.06438137638238128,0.040266611937121194
gene_385,0.4152771103754669,0.4760697659515421,0.039648339285663435,0.06900478438732767
gene_386,0.38719723641504605,0.5082040042299264,0.049790876521558385,0.05480788283346919
gene_387,0.3776453614224839,0.50470946648641,0.052159949456440105,0.06548522263466587
gene_388,0.3726773209646507,0.4840579822351802,0.07514109389713329,0.06812360290303585
gene_389,0.3852155377155916,0.48430419442171707,0.06485468403722812,0.06562558382546327
gene_390,0.38549758722755134,0.49763423223573383,0.06109536233302807,0.055772818203686764
gene_391,0.3842992275698626,0.4808434952312434,0.06931821966599473,0.06553905753289903
gene_392,0.39571969750638614,0.48825236059484783,0.04363179476634024,0.07239614713242572
gene_393,0.4188427401123272,0.5026263607263007,0.03596644152077597,0.04256445764059605
gene_394,0.4210476503444512,0.4583620025484181,0.05380419264340357,0.06678615446372717
gene_395,0.39005470790597235,0.5045788915691717,0.051197220862053805,0.05416917966280224
gene_396,0.385912267994008,0.4790925416820626,0.051174924382329026,0.08382026594160051
gene_397,0.43906419880035513,0.4741785780706486,0.05133769005339639,0.03541953307559997
gene_398,0.3977815882847318,0.48019178348537733,0.07342172011498267,0.0486049081149082
gene_399,0.4047170999237102,0.49078217884449815,0.04518197785557144,0.059318743376220145
gene_400,0.18252397727203618,0.2369896309996725,0.2751551639296113,0.30533122779868005
gene_401,0.1928433330983919,0.22646660846549624,0.28953886210606905,0.2911511963300429
gene_402,0.1889739651270397,0.2163340227381495,0.3049530413523173,0.2897389707824934
gene_403,0.19213549696557075,0.22427668083005983,0.29723385914359096,0.2863539630607785
gene_404,0.1949576123101031,0.20433996884732328,0.3056846877127142,0.29501773112985946
gene_405,0.1773768212134464,0.22896558259586944,0.3051621789011968,0.2884954172894874
gene_406,0.17084039557094008,0.22639639894930363,0.28245030856567305,0.32031289691408327
gene_407,0.17849776772856585,0.2389897636958665,0.2787145001046371,0.30379796847093055
gene_408,0.1906852505174199,0.232621300623777,0.28638724179371206,0.290306207065091
gene_409,0.18520052124601752,0.22909643454358722,0.29235452916764926,0.2933485150427461
gene_410,0.1790474127939575,0.21128367570609088,0.2933058499349364,0.3163630615650152
gene_411,0.1801164163412468,0.22868084191981103,0.28838157192670166,0.30282116981224044
gene_412,0.19083121552448964,0.2333612445911029,0.2867761982345304,0.2890313416498771
gene_413,0.17943815857065754,0.22709245098166594,0.29283697310454854,0.30063241734312784
gene_414,0.18878314713764532,0.21162112468644947,0.28792974285318307,0.3116659853227222
gene_415,0.18114696055667956,0.2166811786154612,0.31402684082150006,0.28814502000635916
gene_416,0.17925041619226018,0.20874742202649604,0.31062815696600604,0.3013740048152378
gene_417,0.17914582263219064,0.22197462973374674,0.2990494086344216,0.2998301389996411
gene_418,0.19075118854676423,0.2093244667255592,0.3087831650207067,0.29114117970696984
gene_419,0.18805733190463844,0.23064239389058588,0.28994592747250286,0.2913543467322728
gene_420,0.18127417354547093,0.2252087212755235,0.30280221892176196,0.2907148862572437
gene_421,0.17289947224812877,0.23527422205643347,0.29965830164487556,0.2921680040505622
gene_422,0.18622043131665664,0.22477178815201804,0.3034545681262015,0.28555321240512377
gene_423,0.1785812951457051,0.21449281343982723,0.2959540418758014,0.3109718495386663
gene_424,0.17838586921936642,0.22388944191831261,0.29645447774654576,0.30127021111577523
gene_425,0.19091995699080563,0.22177078976257836,0.30387140030311927,0.2834378529434968
gene_426,0.1844803620258664,0.22202366813280333,0.300319190756927,0.2931767790844032
gene_427,0.19036643496268052,0.2172110529399123,0.2968662152917215,0.2955562968056857
gene_428,0.19562284087582735,0.21439326259793873,0.30460951031383177,0.2853743862124022
gene_429,0.1909275490408475,0.21712718089737543,0.30417634099031915,0.2877689290714578
gene_430,0.18804792473614385,0.22516041817422444,0.2974048776082247,0.28938677948140706
gene_431,0.19448775563891899,0.21867284631458994,0.27884721084028385,0.30799218720620714
gene_432,0.18074040957729395,0.21872122549232273,0.2926332640077347,0.3079051009226486
gene_433,0.1869347101259596,0.22395431935784266,0.28970328215872543,0.2994076883574723
gene_434,0.17815890621820432,0.22533982837479036,0.29712240152663705,0.2993788638803682
gene_435,0.1829336645978911,0.23359338605270238,0.2920618214065578,0.2914111279428486
gene_436,0.17076077080550128,0.22678554442788043,0.29086574409046867,0.3115879406761497
gene_437,0.19861387625350002,0.22855559912108597,0.29017057500644433,0.2826599496189697
gene_438,0.17405427744324,0.22560192598183235,0.31041754509503505,0.2899262514798925
gene_439,0.20726793581849287,0.23463459693423566,0.2832667153337511,0.27483075191352035
gene_440,0.18549730665169162,0.23940457245885075,0.26534425641293174,0.3097538644765259
gene_441,0.1753634839883575,0.2361044958340851,0.3014422612039536,0.2870897589736037
gene_442,0.1859940494474106,0.23336971424566058,0.28329502148932134,0.2973412148176074
gene_443,0.18822249668754226,0.21971088257628196,0.3009844495312698,0.291082171204906
gene_444,0.18263250969631928,0.2210948739167256,0.29806734860883083,0.2982052677781244
gene_445,0.18229041538210083,0.22425964062660775,0.2984947848987653,0.29495515909252606
gene_446,0.16540538279965253,0.23871046328501788,0.29830056011405914,0.29758359380127036
gene_447,0.17953417983534448,0.22722910566132404,0.2894590240016282,0.30377769050170333
gene_448,0.16758052412480504,0.23004544523570553,0.299827904853695,0.30254612578579443
gene_449,0.17372238267123158,0.22789179920481423,0.3143349757114752,0.284050842412479
gene_450,0.17952345270524528,0.23173424838021542,0.29960282881088035,0.2891394701036589
gene_451,0.17635319532017193,0.22984329121922087,0.2907370876839504,0.30306642577665677
gene_452,0.17989563378293083,0.223908627167113,0.2976227451115301,0.29857299393842607
gene_453,0.18510495522798798,0.2350292027016429,0.27977859535122157,0.3000872467191475
gene_454,0.18298604873394503,0.22710605236802572,0.2943703841368488,0.29553751476118045
gene_455,0.1732338164418358,0.2303657534900703,0.3039605933689398,0.29243983669915413
gene_456,0.18104783875626712,0.2323001327328471,0.3127896534708952,0.27386237503999056
gene_457,0.18546501176401714,0.2135968625716804,0.29182075436246974,0.3091173713018327
gene_458,0.18285316560299783,0.21767496390185856,0.30265524269624,0.2968166277989036
gene_459,0.19210951749089195,0.22716019175948232,0.29812509531275977,0.28260519543686596
gene_460,0.18533663951743087,0.2304986704150253,0.2706347343447289,0.3135299557228149
gene_461,0.1790041914429124,0.22191381625605833,0.29513662639018456,0.30394536591084464
gene_462,0.17581517857602008,0.226700899607508,0.2955448918386318,0.30193902997784017
gene_463,0.17931523745166617,0.21385618646164584,0.2936997473512445,0.3131288287354434
gene_464,0.19436372765266868,0.21626633203904289,0.2948506884108169,0.29451925189747147
gene_465,0.17627734143878487,0.2228870715914322,0.2958450813049824,0.3049905056648005
gene_466,0.1883317852817813,0.23134766714222849,0.2942961071326269,0.2860244404433633
gene_467,0.18732865747499053,0.2140589308665348,0.28454170405643764,0.31407070760203704
gene_468,0.18850614408149174,0.2309833588714732,0.26759056515063007,0.31291993189640505
gene_469,0.17972334270846077,0.23403913893289652,0.298223585989172,0.2880139323694707
gene_470,0.1811559690368723,0.2229460825388034,0.2828343781985406,0.3130635702257836
gene_471,0.19738561804286817,0.2177026232302424,0.30090175019373017,0.28401000853315933
gene_472,0.18128248730309168,0.23918473474887011,0.2852160093446726,0.29431676860336564
gene_473,0.1837846946631353,0.2222676628585467,0.30956995026218165,0.2843776922161364
gene_474,0.19428552906950747,0.2176341828959036,0.2912666295022612,0.29681365853232783
gene_475,0.19251364517818387,0.21629015173104998,0.28726672235179984,0.30392948073896625
gene_476,0.18303392124808748,0.22599898935930113,0.28249569503390926,0.3084713943587022
gene_477,0.18678671177112202,0.22515736605777106,0.3024160463066713,0.2856398758644357
gene_478,0.18146659024509726,0.21000017283068778,0.2940492175039113,0.3144840194203036
gene_479,0.1751558703762978,0.2169069499249238,0.29326896312752593,0.31466821657125243
gene_480,0.1810633168925929,0.22556677759612878,0.29149858332641515,0.3018713221848632
gene_481,0.18743596241391228,0.219189415259614,0.3094890132727566,0.28388560905371707
gene_482,0.18677922043433293,0.22617098486853865,0.2999553149997074,0.2870944796974211
gene_483,0.18014489015448798,0.22605273443452148,0.3107810081696014,0.2830213672413891
gene_484,0.18083317206116956,0.20784519078315175,0.31356880817989896,0.2977528289757797
gene_485,0.16676512618909933,0.2194947024764563,0.3251892251334085,0.2885509462010359
gene_486,0.1939837225902381,0.22949873035645343,0.28359702567478084,0.29292052137852764
gene_487,0.18371484584251124,0.2240109514475915,0.29326449696909057,0.2990097057408067
gene_488,0.1950083991539282,0.2082521029444867,0.3033596300866372,0.29337986781494796
gene_489,0.17930068233629104,0.2200028488989051,0.3148886790805065,0.2858077896842973
gene_490,0.1777835422859015,0.23051461000014942,0.28319189011724716,0.30850995759670186
gene_491,0.17251961931200357,0.2346595124960045,0.2944051087471103,0.2984157594448817
gene_492,0.1760119028966188,0.23408822890721517,0.28351341273112224,0.3063864554650438
gene_493,0.17438294639547852,0.22650579429446668,0.27955375055894083,0.3195575087511139
gene_494,0.1868191286559453,0.2281791859288987,0.29063862062797774,0.2943630647871783
gene_495,0.19138898638908028,0.2264827549121781,0.30363097922388177,0.2784972794748598
gene_496,0.17240915251742167,0.23267776725035078,0.2914961957746847,0.3034168844575429
gene_497,0.17371665640650089,0.22442351827547238,0.31258029287609806,0.2892795324419287
gene_498,0.18667712846429244,0.2330489558042686,0.287868017741895,0.29240589798954403
gene_499,0.183873526351229,0.22863911939141413,0.28539518743684916,0.30209216682050777
gene_500,0.18924846563948747,0.22225877550334583,0.2825809816075315,0.3059117772496353
gene_501,0.17475758127201382,0.2216154694517376,0.3183682540982189,0.28525869517802976
gene_502,0.1909404022549565,0.21094896337405558,0.30295514104540106,0.295155493325587
gene_503,0.17843915787991885,0.22703694333955976,0.3038060446428434,0.29071785413767803
gene_504,0.17826235436390123,0.22378638409858548,0.29512441803272477,0.3028268435047886
gene_505,0.17973547423950292,0.23280342582282781,0.29323912238604505,0.2942219775516242
gene_506,0.1887379834938598,0.22487107079575155,0.30202710283493817,0.2843638428754505
gene_507,0.19083581156957388,0.22325703193225951,0.2845232360847683,0.3013839204133984
gene_508,0.1922522152674364,0.22270375209801335,0.2978714715193913,0.287172561115159
gene_509,0.17581685810225386,0.2381488588250804,0.293657583763906,0.2923766993087597
gene_510,0.17815940175217201,0.2299209851346471,0.2894976877835592,0.3024219253296216
gene_511,0.17416202684660353,0.21404202845682568,0.30922287761286593,0.302573067083705
gene_512,0.17437476681099512,0.24267615092765976,0.3089461580326808,0.27400292422866435
gene_513,0.1710712972058084,0.23765728353670482,0.28028443366667827,0.31098698559080845
gene_514,0.17555328602261192,0.22612413101156784,0.28848425926212384,0.30983832370369646
gene_515,0.18210809420000035,0.24160030131547922,0.3065879551930787,0.26970364929144186
gene_516,0.1634272857150513,0.23685012420139342,0.2904560482090944,0.30926654187446095
gene_517,0.16864632271395286,0.23431301050782893,0.3006116726630108,0.2964289941152074
gene_518,0.19157523976443985,0.22542377532922167,0.284570542723988,0.29843044218235054
gene_519,0.18240483800976923,0.22566688854204725,0.30949771806211607,0.2824305553860676
gene_520,0.19644895976680085,0.22133808353310597,0.2933559773795669,0.2888569793205263
gene_521,0.18722301311704104,0.23670444807509755,0.27709981412156204,0.29897272468629943
gene_522,0.18481686935168595,0.22640772249786384,0.2944002208456952,0.29437518730475504
gene_523,0.16661279342885318,0.23816814112551973,0.29325757542111774,0.3019614900245092
gene_524,0.19624094421232915,0.21593889463355376,0.29681291065702536,0.29100725049709153
gene_525,0.16940792129590748,0.23964701798598853,0.28666592107090777,0.30427913964719616
gene_526,0.18656631369106577,0.23028831956887408,0.2956515710925643,0.28749379564749594
gene_527,0.17664136531684857,0.2303544034643817,0.28307433468041043,0.3099298965383593
gene_528,0.17783007573455062,0.23029246338069573,0.2919214269938223,0.2999560338909313
gene_529,0.1729639875814007,0.21633657753673208,0.2961475071982684,0.3145519276835988
gene_530,0.17889129374161902,0.24003376992324563,0.27889819559227585,0.3021767407428595
gene_531,0.17182757829773693,0.24066300372123264,0.2831507920609019,0.3043586259201285
gene_532,0.17379116269087824,0.2235074413008828,0.3070109515605381,0.2956904444477008
gene_533,0.17753848240179804,0.22532723166619184,0.306422223104472,0.2907120628275381
gene_534,0.18695696163926384,0.22213375182568038,0.29734651244207116,0.29356277409298465
gene_535,0.1777257283021245,0.22937485657578052,0.2985917117549664,0.2943077033671285
gene_536,0.1708291296033868,0.24308023009076285,0.29499173971174575,0.2910989005941046
gene_537,0.2048351792126602,0.22545049492122768,0.2972793097425204,0.2724350161235916
gene_538,0.1924154860264638,0.23069062541203558,0.26841460705818926,0.30847928150331133
gene_539,0.16308831252471975,0.23795207088358075,0.31161725709877935,0.2873423594929201
gene_540,0.17967195114200007,0.23640888010980243,0.28612320078152953,0.29779596796666796
gene_541,0.1933866897266295,0.2216096408643448,0.29658584541451366,0.2884178239945121
gene_542,0.18756438199184924,0.2168707191367676,0.29672369711640295,0.2988412017549802
gene_543,0.17690221804320352,0.2181263498357562,0.3016099095508277,0.3033615225702125
gene_544,0.18718576573519627,0.2290629736821631,0.28395392930296687,0.2997973312796737
gene_545,0.20062186734640355,0.22442398049399606,0.2937622772827113,0.28119187487688896
gene_546,0.18052989046775733,0.23750492784757007,0.29237018543807824,0.28959499624659435
gene_547,0.18100904515300054,0.22715515513527668,0.2948435757568336,0.29699222395488917
gene_548,0.18141946371684167,0.22465426022170404,0.2916492424938679,0.3022770335675864
gene_549,0.17768749496395408,0.21735318698570763,0.3053254235795752,0.2996338944707631
gene_550,0.16680900312775152,0.21366901346099162,0.31624330899690817,0.30327867441434875
gene_551,0.18548209935482468,0.22038463270260464,0.3149761540343553,0.2791571139082153
gene_552,0.18204546408501643,0.21812819982484774,0.2968984570101866,0.3029278790799494
gene_553,0.19266344420465753,0.22699502718950224,0.2887816620172163,0.2915598665886239
gene_554,0.1834082676541285,0.22363138079974976,0.2900882182885948,0.30287213325752693
gene_555,0.18738396030242216,0.2261902809059646,0.29470938774499833,0.2917163710466148
gene_556,0.1794029656735695,0.2170936168350141,0.30664415543103885,0.2968592620603775
gene_557,0.17501806869260608,0.21742738625910374,0.31981409233787,0.2877404527104203
gene_558,0.19525658449259495,0.21875682091504314,0.2961838635548112,0.2898027310375506
gene_559,0.18204718262250918,0.21971837535881747,0.29762563386826124,0.3006088081504121
gene_560,0.18237266045837902,0.23446443265839495,0.29234361613831755,0.2908192907449085
gene_561,0.1831464189593052,0.21621704465724426,0.29755928883580035,0.30307724754765025
gene_562,0.18265746102347347,0.2258993344124524,0.29558582748034923,0.29585737708372484
gene_563,0.1734304089559816,0.22131075986503781,0.30738684292579666,0.297871988253184
gene_564,0.18331666707037694,0.23248738702806562,0.29209906106083156,0.29209688484072593
gene_565,0.18286051448326898,0.2199067914606458,0.2940823076936796,0.30315038636240565
gene_566,0.1902874824471669,0.22949631043821916,0.28313300200805835,0.2970832051065556
gene_567,0.18053779360545522,0.23340498133965645,0.28500471366264424,0.3010525113922442
gene_568,0.16962838985440032,0.2334014858244194,0.2987322342824008,0.29823789003877954
gene_569,0.17623984485763428,0.21503702247909998,0.3044675203804155,0.30425561228285014
gene_570,0.18061450035230414,0.20866472892257873,0.2961512640780947,0.31456950664702243
gene_571,0.18745440106909747,0.22235753291490123,0.3059154581196221,0.2842726078963791
gene_572,0.19997321794674758,0.21478190224691981,0.29387475170458033,0.29137012810175233
gene_573,0.19198649710958254,0.2124696388194737,0.2922107240969449,0.3033331399739989
gene_574,0.1730304125027622,0.21144268146884143,0.31121713328088507,0.3043097727475112
gene_575,0.18474186345970475,0.22166540570969126,0.3062621155109969,0.2873306153196071
gene_576,0.18654306348988986,0.22476395816897007,0.30425200943491393,0.28444096890622617
gene_577,0.17221203989208841,0.22914667605465314,0.3019969615219529,0.29664432253130557
gene_578,0.19864475004703125,0.22711676929300223,0.2751336057213553,0.2991048749386112
gene_579,0.184574208800749,0.23049275584970588,0.30952692613648025,0.27540610921306474
gene_580,0.18121222915051388,0.2288988242579204,0.2813143178650542,0.3085746287265116
gene_581,0.1862250087717629,0.22012702831124803,0.3049172609800781,0.2887307019369109
gene_582,0.17560107255221766,0.22535499465894687,0.30123342303396355,0.2978105097548719
gene_583,0.17152880191990819,0.2426795083562331,0.30281288020829344,0.28297880951556525
gene_584,0.19182561413153407,0.21297133498897797,0.290950896739918,0.30425215413957
gene_585,0.18568110922017525,0.2189276872962144,0.3000404127164099,0.29535079076720056
gene_586,0.18719930965949955,0.23855643408045252,0.28428792365679356,0.2899563326032545
gene_587,0.1943181167951584,0.22273771660227942,0.29769297074224743,0.2852511958603147
gene_588,0.1799126456620617,0.2309716305181138,0.31534755869888675,0.2737681651209377
gene_589,0.20010629653985035,0.22065720699877767,0.2878733559420532,0.2913631405193189
gene_590,0.1885220634769514,0.22352089119190463,0.2805128755233861,0.3074441698077578
gene_591,0.18203101736676233,0.21265373017104836,0.3099134146981687,0.2954018377640208
gene_592,0.17779736259904846,0.21793678819314907,0.30873645105128633,0.2955293981565161
gene_593,0.17996492731642225,0.22712483379477372,0.29556616920775547,0.2973440696810486
gene_594,0.1891244592824423,0.22613961839669813,0.2837663253418802,0.30096959697897935
gene_595,0.1706933452396308,0.2417100697742789,0.28687587297170114,0.3007207120143892
gene_596,0.17892536989274319,0.22873739853371935,0.29891613815099594,0.29342109342254147
gene_597,0.18367233712604697,0.23154427691957918,0.2999601866404595,0.2848231993139143
gene_598,0.1876008759435451,0.22360515710101309,0.29218061773608717,0.2966133492193546
gene_599,0.18748091274677173,0.22769984597200502,0.2817453895557812,0.30307385172544193
gene_600,0.548730170666269,0.13229690048440718,0.19221713295540477,0.12675579589391914
gene_601,0.47622545709816233,0.152062778056867,0.18350722594404362,0.188204538900927
gene_602,0.5146084185196793,0.14186871141882984,0.1801405755315949,0.16338229452989597
gene_603,0.5497421229494509,0.11206036657168028,0.1512059346552671,0.18699157582360174
gene_604,0.5839261267800354,0.1099539846860579,0.13959408637797321,0.16652580215593352
gene_605,0.48262459501136645,0.13983710242494804,0.21072406109619263,0.1668142414674929
gene_606,0.5111596315468497,0.12965247078385037,0.1852063369538019,0.173981560715498
gene_607,0.5411946294013741,0.10164270931348186,0.2133489264163918,0.14381373486875224
gene_608,0.5203805218074921,0.135054841143296,0.14371696720705357,0.20084766984215832
gene_609,0.4877328966938181,0.14704051572979798,0.2134267479885752,0.15179983958780877
gene_610,0.5744906635424475,0.11123418668813419,0.13311696426278607,0.18115818550663218
gene_611,0.5435982342529496,0.14794630547832555,0.15738653646625525,0.15106892380246953
gene_612,0.5686296256197968,0.1286770161607785,0.1682119391888737,0.13448141903055114
gene_613,0.5264468230937007,0.16347047726046002,0.16954580535062375,0.1405368942952155
gene_614,0.5614568271329446,0.12583897169135452,0.1516944641670228,0.16100973700867793
gene_615,0.5114944205123936,0.11508482697112989,0.17076025634679842,0.20266049616967802
gene_616,0.555000585732743,0.11487373054195528,0.16233845768667168,0.16778722603863003
gene_617,0.5730729135577999,0.10618890997849854,0.1325958063347474,0.18814237012895416
gene_618,0.5770924163069614,0.14380270746216728,0.14494825139693054,0.13415662483394075
gene_619,0.5112210649431305,0.1515775604103354,0.16805148100543515,0.1691498936410991
gene_620,0.5384368066021356,0.1213039041809687,0.2144815495241158,0.1257777396927799
gene_621,0.5633047626802853,0.10069726976687342,0.17752853991766948,0.15846942763517177
gene_622,0.5738093932832896,0.137421718708596,0.13426222474221244,0.15450666326590198
gene_623,0.5083396831457152,0.14783707598791654,0.16648035000159475,0.17734289086477353
gene_624,0.46851993133267633,0.127458829739525,0.21181139133534257,0.19220984759245624
gene_625,0.4940802996718355,0.14671420998170592,0.20977194889475717,0.1494335414517015
gene_626,0.46230237641050875,0.15455130800912337,0.1634604175217095,0.21968589805865843
gene_627,0.5116401073830015,0.13804893315838104,0.16493741981002275,0.1853735396485947
gene_628,0.5292563997856436,0.1385653279844507,0.15485919111734303,0.1773190811125626
gene_629,0.47494568453344854,0.14933997425191245,0.18722279861387814,0.1884915426007608
gene_630,0.49667545941306906,0.12747197437136737,0.1575887312459203,0.21826383496964333
gene_631,0.5387492211141035,0.11741666669943816,0.1517694995397986,0.1920646126466598
gene_632,0.5963855443406192,0.10916228355907259,0.15957576767386383,0.13487640442644439
gene_633,0.5237246055810924,0.12134377952806161,0.1925114026518348,0.16242021223901124
gene_634,0.5026031749481481,0.12011672307151294,0.19302166081351985,0.18425844116681914
gene_635,0.590209725304168,0.1324347885863859,0.1573039866138642,0.12005149949558186
gene_636,0.5197158208610533,0.10112663770501532,0.18350375543675557,0.19565378599717578
gene_637,0.5718478901766928,0.13598024391731692,0.1617838832839329,0.13038798262205734
gene_638,0.5253093746377706,0.11559621636905576,0.22056569056471179,0.13852871842846193
gene_639,0.5486702822480812,0.12383294319297199,0.12032466547843969,0.20717210908050707
gene_640,0.5423309770932823,0.09260847535059519,0.21576040086153622,0.14930014669458636
gene_641,0.5253577745846849,0.1438513764867234,0.18797728442438624,0.14281356450420543
gene_642,0.4341427509874755,0.14117079470100202,0.2021450726050916,0.22254138170643076
gene_643,0.5077890152828182,0.09212745599024458,0.156123968930119,0.24395955979681822
gene_644,0.5447060880610195,0.16040350027998673,0.12754323339536783,0.16734717826362597
gene_645,0.505701813704963,0.12562657571774036,0.20148257086846175,0.1671890397088348
gene_646,0.5404164898998979,0.13387466259296338,0.14076299356401833,0.18494585394312038
gene_647,0.49652947254224444,0.12723162864684132,0.18311498422474584,0.19312391458616843
gene_648,0.536161119947564,0.1401734436744574,0.15697698289500178,0.1666884534829769
gene_649,0.5828131658094124,0.11889989855492078,0.16703257112358053,0.13125436451208627
gene_650,0.5220552182120878,0.14593264912554593,0.18942395352490932,0.14258817913745706
gene_651,0.4928098182607021,0.10102951845538378,0.22903412303696066,0.17712654024695337
gene_652,0.5612936250801103,0.12493373764335834,0.1489063669840151,0.16486627029251627
gene_653,0.45018560983115713,0.15478426373176754,0.20870395279916495,0.18632617363791035
gene_654,0.5606801046668656,0.09877841908763169,0.15948306213359065,0.1810584141119122
gene_655,0.5613999546393612,0.15004185385371777,0.15026689596220053,0.13829129554472047
gene_656,0.5267915525542927,0.11411507775362202,0.1548385112451675,0.20425485844691782
gene_657,0.48696678033434126,0.14830672867201677,0.16971452954027275,0.19501196145336933
gene_658,0.5591935344040142,0.1383556419218283,0.14093282331887708,0.16151800035528033
gene_659,0.5537457287909928,0.15015816362702805,0.1580130574703063,0.13808305011167268
gene_660,0.5078035072089824,0.1143985293218927,0.23000623112230542,0.14779173234681936
gene_661,0.5569636393352416,0.14128601130311214,0.11578298812827939,0.18596736123336674
gene_662,0.500417129982778,0.11103689718849614,0.1875639312580076,0.20098204157071828
gene_663,0.5109916809674041,0.14807641203214428,0.19295102889081234,0.14798087810963922
gene_664,0.6311948550306173,0.10812017141993054,0.15296849359651032,0.10771647995294177
gene_665,0.5337764303781515,0.12760370886616593,0.17331843767776245,0.16530142307792006
gene_666,0.5353445866508993,0.14923751261532298,0.15580268584761656,0.15961521488616126
gene_667,0.5040062966377187,0.13734113897194036,0.1515512160395828,0.2071013483507581
gene_668,0.5406326866811132,0.08986647455267137,0.19280626397095268,0.1766945747952628
gene_669,0.5308257948070734,0.10638843278942277,0.15109105754922855,0.21169471485427535
gene_670,0.5149405900504127,0.1369872240191731,0.18953954167223902,0.15853264425817518
gene_671,0.5582563515908846,0.1123894147122339,0.1806388430356619,0.14871539066121955
gene_672,0.5412319514863887,0.13224108329231732,0.18225966423710252,0.14426730098419155
gene_673,0.5284570436420762,0.13312048589406358,0.1505733493811658,0.18784912108269444
gene_674,0.4796257439579109,0.14445737252179922,0.2284569519167617,0.14745993160352824
gene_675,0.479495980660129,0.16203712210309695,0.1946132477297807,0.16385364950699335
gene_676,0.5391453787006014,0.10834607515065643,0.18726821695416135,0.1652403291945808
gene_677,0.46771433098552884,0.16348682981902746,0.18689197638365782,0.1819068628117858
gene_678,0.48216784752738,0.1755523423448137,0.20991785190941648,0.1323619582183897
gene_679,0.47552557092610526,0.12237443152942919,0.17938159043520246,0.22271840710926305
gene_680,0.532923072943609,0.11953716896939284,0.1916283318383525,0.1559114262486458
gene_681,0.5200191642869197,0.09709030105969067,0.18916081422133846,0.1937297204320512
gene_682,0.5194801918611561,0.1541960767060882,0.1836597273066402,0.1426640041261154
gene_683,0.5794844956255099,0.10611296037964195,0.15250196123847357,0.16190058275637464
gene_684,0.5173590624883649,0.16164111639687456,0.14487266275773117,0.1761271583570293
gene_685,0.4656808702830913,0.15034481920873835,0.20326602444435496,0.1807082860638153
gene_686,0.5128243653806187,0.10524417724024626,0.19207137229964444,0.18986008507949065
gene_687,0.5713861979481397,0.09134420245316294,0.19935611012414664,0.13791348947455073
gene_688,0.5291239349712777,0.1408342531596049,0.15802613616220906,0.17201567570690823
gene_689,0.5138394578562111,0.15580061194608283,0.16921149310858616,0.16114843708912
gene_690,0.5424683274521749,0.12449551420053881,0.1385040641847655,0.19453209416252085
gene_691,0.5457752003001374,0.10383881442030705,0.15216753927137971,0.19821844600817592
gene_692,0.5775901746724388,0.13916936929577575,0.14122081848227502,0.14201963754951047
gene_693,0.5073508034670303,0.11570117539971327,0.20103598638173875,0.17591203475151762
gene_694,0.471699507847821,0.15380786378626118,0.16826732828938099,0.20622530007653686
gene_695,0.5350995797188252,0.16514121092183695,0.15088705047932233,0.14887215888001562
gene_696,0.5535429412934176,0.13746752100619666,0.1459511283733006,0.16303840932708522
gene_697,0.5577183335829693,0.10248683851956074,0.1769680709429244,0.16282675695454552
gene_698,0.5547744271460671,0.11350022740859685,0.1471718147828411,0.18455353066249494
gene_699,0.5135384198788788,0.1357868894048997,0.19237756514238985,0.1582971255738316
gene_700,0.46585301441498594,0.14012733438449165,0.20060116040569698,0.19341849079482543
gene_701,0.49820109877425606,0.12296651545010047,0.1901568300686419,0.1886755557070016
gene_702,0.6041400700419074,0.10126719053583946,0.16242503760444238,0.13216770181781085
gene_703,0.49726083193663556,0.15154495107246507,0.1922506761577454,0.15894354083315398
gene_704,0.5616241291565102,0.10701684168088778,0.17941297801929215,0.15194605114330992
gene_705,0.5333423610683203,0.12218425434546146,0.13081025516855932,0.21366312941765886
gene_706,0.47701985634575267,0.12701221570871185,0.20932220682417116,0.18664572112136438
gene_707,0.52710338908418,0.1189952136307694,0.19596267247547405,0.15793872480957655
gene_708,0.530176913803125,0.17971184565806586,0.11870639853824401,0.17140484200056513
gene_709,0.499738168090805,0.14031037052379502,0.16611082982698963,0.1938406315584103
gene_710,0.5402662228486443,0.08855398189396464,0.18151694147281874,0.1896628537845723
gene_711,0.5358079168276241,0.13566744762625146,0.1895648634652891,0.13895977208083532
gene_712,0.4641985815578887,0.15641760972349492,0.1695580971751203,0.20982571154349614
gene_713,0.4977855719786235,0.16897024580998432,0.16185743735071448,0.17138674486067768
gene_714,0.5132921721590423,0.13508145022869414,0.1783360118022495,0.173290365810014
gene_715,0.4923935046811955,0.17781201645596423,0.14607894743012426,0.18371553143271596
gene_716,0.48546739300394187,0.1346290820594202,0.20354600682766097,0.17635751810897704
gene_717,0.5463162706980045,0.1257979631539484,0.13031345197788838,0.1975723141701587
gene_718,0.5545079425988386,0.15705735866305492,0.12679622827607773,0.16163847046202867
gene_719,0.5422447735383459,0.16020898365437314,0.15776493477915993,0.13978130802812105
gene_720,0.5511624300932696,0.11215000748437723,0.1519160705160139,0.18477149190633932
gene_721,0.4599261985132299,0.19140329644615287,0.18559935034330416,0.1630711546973131
gene_722,0.5196804086001391,0.11694329866717165,0.14838491566248224,0.21499137707020707
gene_723,0.5477560943164498,0.10105638401074828,0.1699623167459327,0.18122520492686922
gene_724,0.5523570899073081,0.15672055471664545,0.12365420309314726,0.1672681522828992
gene_725,0.48551260646689426,0.11296066680495032,0.2419581540951811,0.1595685726329743
gene_726,0.5486415774841785,0.14166581936540945,0.12657288375671355,0.18311971939369842
gene_727,0.5580480993623248,0.11843696087999385,0.12806602930673983,0.1954489104509414
gene_728,0.5110473004405298,0.12941534141278194,0.1796393559120172,0.17989800223467112
gene_729,0.4877135775478679,0.16449739263423827,0.14517196622906528,0.20261706358882858
gene_730,0.5024733211197066,0.13673391845765803,0.1773274181727905,0.18346534224984498
gene_731,0.5494506740395333,0.11932579507309604,0.24504153619151642,0.08618199469585432
gene_732,0.4842710317989245,0.12784253578864488,0.18838296123904635,0.19950347117338432
gene_733,0.5143555164995317,0.13194108804217494,0.22415889681124482,0.12954449864704856
gene_734,0.5242423922685537,0.13080389268913925,0.16803903415193358,0.17691468089037346
gene_735,0.4966090068707592,0.1652086207349253,0.17031839171054822,0.1678639806837673
gene_736,0.5230060033611749,0.15276432750691651,0.19153355591031457,0.13269611322159391
gene_737,0.5318655013332901,0.1232056764982581,0.19306578727563298,0.15186303489281872
gene_738,0.5017272382345226,0.13045056281359727,0.17028223779779122,0.19753996115408898
gene_739,0.5492841322819578,0.1047726087756145,0.17424928572309978,0.17169397321932794
gene_740,0.5292863183235996,0.130300696262612,0.1601028168672735,0.18031016854651483
gene_741,0.6069484698213623,0.09280747276803569,0.1917071596716752,0.10853689773892686
gene_742,0.5860983453136985,0.10620310132453077,0.14628370186973133,0.16141485149203946
gene_743,0.5501671510050931,0.16999924133280664,0.19219530463118853,0.08763830303091186
gene_744,0.5529425997406328,0.12240671996034826,0.21632014654682288,0.10833053375219627
gene_745,0.5445262268918624,0.11675658076186957,0.16990423209756264,0.16881296024870554
gene_746,0.5274802132808616,0.09190143780521497,0.20758252452949888,0.17303582438442455
gene_747,0.49729476436606496,0.14954861584919463,0.17708106790569267,0.1760755518790478
gene_748,0.5624661047028227,0.1337829723639196,0.15612880390466083,0.14762211902859695
gene_749,0.6425643677836261,0.08733494676904817,0.15924647995054003,0.11085420549678561
gene_750,0.4983943105802783,0.12068439787151605,0.1875447781017757,0.19337651344642998
gene_751,0.5219317929789847,0.1490739012529437,0.16793634314703307,0.16105796262103853
gene_752,0.5111619630923642,0.12758802303805278,0.15795186450073015,0.20329814936885288
gene_753,0.5261778016385177,0.09694736017077975,0.1611686289557721,0.2157062092349305
gene_754,0.5600539217824398,0.11848724734220938,0.2020081345914653,0.11945069628388563
gene_755,0.5219296645771967,0.08819584757017866,0.20813009831252444,0.18174438954010014
gene_756,0.5048998243441866,0.10898968172524391,0.17814504363128036,0.20796545029928903
gene_757,0.5195747247597526,0.14227147090494563,0.14643659175947885,0.19171721257582292
gene_758,0.5655084170955889,0.09112762230508628,0.14793177948224254,0.1954321811170824
gene_759,0.5087914313104297,0.1132208270017173,0.1797163058404051,0.19827143584744783
gene_760,0.5008363097357852,0.18314750505123933,0.163439543777484,0.15257664143549146
gene_761,0.5775189053025349,0.1137149982484787,0.15098017757920199,0.15778591886978433
gene_762,0.5481342948130318,0.12003606757325001,0.1364632255927407,0.1953664120209774
gene_763,0.5319843684786847,0.11526119428032948,0.14130563503162294,0.2114488022093628
gene_764,0.5430217392523392,0.10324414182501776,0.15729090856856554,0.19644321035407747
gene_765,0.4939330977931786,0.15175545203983362,0.16931893275354606,0.18499251741344172
gene_766,0.49593970933423065,0.10386641818449967,0.2037457420920642,0.19644813038920536
gene_767,0.526417458029074,0.1392024235727421,0.12053917604280974,0.21384094235537404
gene_768,0.5447799266017469,0.10387380936235449,0.18496510395882723,0.16638116007707132
gene_769,0.5317609250893093,0.10088211854092442,0.18346015863867948,0.18389679773108691
gene_770,0.5461932039143048,0.13137763594082763,0.14408125133918753,0.1783479088056801
gene_771,0.5427430983975868,0.1286500866555273,0.14659262797739644,0.18201418696948937
gene_772,0.5166277238027063,0.14356038533592025,0.1494864446383952,0.1903254462229784
gene_773,0.5424274518836785,0.1303542456322187,0.0998373159709911,0.22738098651311162
gene_774,0.5521422208150681,0.12528670447817106,0.14927422446174415,0.1732968502450166
gene_775,0.49273909292722085,0.10735120102340089,0.1926331877403396,0.20727651830903862
gene_776,0.5685152152525819,0.12162583028690632,0.17941989404987327,0.13043906041063857
gene_777,0.5355600385837159,0.12735070280383862,0.15207963713931183,0.18500962147313377
gene_778,0.49398662211688266,0.1402279052472493,0.16511844217124946,0.20066703046461856
gene_779,0.4660176149314455,0.18494228330565804,0.17806545006504457,0.1709746516978518
gene_780,0.6039595152713492,0.1252899478701753,0.11153781753123691,0.1592127193272386
gene_781,0.5233209507211758,0.1412759077578266,0.168114411528962,0.16728872999203553
gene_782,0.5068309813608493,0.11052926539123595,0.2199243546596923,0.16271539858822262
gene_783,0.5155561024243018,0.114775871193859,0.18284052715773047,0.1868274992241087
gene_784,0.5470781314105935,0.14434267416962876,0.1713541949207225,0.13722499949905528
gene_785,0.5243566371867008,0.10169072011675181,0.18013284122864187,0.1938198014679056
gene_786,0.5078409736675106,0.12177171764681564,0.18467279216226334,0.18571451652341045
gene_787,0.5386071905956575,0.15970731988003167,0.16298992001377804,0.13869556951053272
gene_788,0.5159138116829352,0.14392045057604036,0.18106488581869548,0.15910085192232892
gene_789,0.48085170605667343,0.13828599025567817,0.19015910054933072,0.1907032031383177
gene_790,0.5222915411529978,0.14353678279080906,0.11282456728120555,0.22134710877498764
gene_791,0.5337522102539142,0.12131558542247145,0.21417910830690837,0.130753096016706
gene_792,0.4995265493016914,0.13983673849574182,0.19225106614078236,0.16838564606178438
gene_793,0.5336189070411612,0.15261321910051467,0.16653514553239301,0.1472327283259311
gene_794,0.5288577860014249,0.08471010079729115,0.19579472428185238,0.19063738891943172
gene_795,0.5033008609080749,0.11416591632586144,0.21656166703060983,0.16597155573545386
gene_796,0.5082585333022205,0.17522806689497994,0.1939871432562918,0.12252625654650771
gene_797,0.5637053841078936,0.10698844650355643,0.16869336049786166,0.1606128088906882
gene_798,0.5405697008666596,0.13664383003931344,0.13351734483736258,0.18926912425666442
gene_799,0.5813933898127834,0.11665852822944223,0.15445629434812774,0.1474917876096466
gene_800,0.31311438090571353,0.41663225208480165,0.13774408256280543,0.13250928444667937
gene_801,0.3089028767631615,0.483123746637113,0.07548843160125641,0.13248494499846905
gene_802,0.32960452230781206,0.45745749767477945,0.11215683983745894,0.10078114017994959
gene_803,0.3888360692090061,0.39841951995382446,0.12415697684493542,0.08858743399223412
gene_804,0.387524094540828,0.38798208059318606,0.12567082089936274,0.09882300396662327
gene_805,0.3028710057166086,0.43206606398035863,0.11167225279505799,0.1533906775079747
gene_806,0.32149127110235637,0.47913189935420863,0.12936226454286323,0.0700145650005719
gene_807,0.3419690685491109,0.3940475728998202,0.12556907497384726,0.13841428357722171
gene_808,0.423935009810796,0.4205050102057038,0.07785337680328332,0.07770660318021687
gene_809,0.3345001956698916,0.4469296816862695,0.10728404458008431,0.11128607806375457
gene_810,0.30494642257903604,0.4360910211859306,0.12197344527192647,0.13698911096310684
gene_811,0.3213086857762684,0.46144234893695923,0.07466655787388207,0.14258240741289036
gene_812,0.2693644479299055,0.443016438335422,0.14006406397628302,0.14755504975838954
gene_813,0.35076943121938375,0.4906513224834448,0.023980043658043772,0.13459920263912767
gene_814,0.3546894673063977,0.4665136895831648,0.10242630959058154,0.07637053351985594
gene_815,0.3400979985164086,0.46404418046099594,0.08530276735838696,0.11055505366420848
gene_816,0.32974443329792963,0.4414796974537604,0.09879447147614846,0.12998139777216156
gene_817,0.3749395151564448,0.4340096846975155,0.08579350723120983,0.10525729291482977
gene_818,0.3274150151999588,0.44488302843606775,0.12467786761288205,0.10302408875109152
gene_819,0.34916586499057833,0.3922527673067062,0.13818812487959858,0.12039324282311685
gene_820,0.3832936394689511,0.3811357523219034,0.11548566308870675,0.12008494512043864
gene_821,0.3571862681019337,0.43230726850558154,0.10504633109636977,0.10546013229611498
gene_822,0.3462626344695703,0.4350868497321326,0.07045625103297261,0.14819426476532457
gene_823,0.308850592090814,0.44336428983132703,0.10767759374721161,0.1401075243306473
gene_824,0.3034401421541336,0.4768233335545889,0.10802881388369187,0.11170771040758552
gene_825,0.3288362664809846,0.44778775277640154,0.10736503116857612,0.11601094957403778
gene_826,0.31707557895478516,0.43079693494949295,0.11712172846286875,0.1350057576328532
gene_827,0.3378336192003018,0.41889290328095236,0.08874524919996234,0.1545282283187835
gene_828,0.36920498491082254,0.42657880513238317,0.13066942895714664,0.07354678099964769
gene_829,0.35882856681522124,0.41205632440710505,0.12929347603089886,0.09982163274677477
gene_830,0.33242084876482586,0.4365976415532084,0.12057564318463286,0.11040586649733285
gene_831,0.34032105006184454,0.42951950486506335,0.11294422935521542,0.11721521571787676
gene_832,0.37448839370485654,0.437956522966331,0.11585090671920155,0.07170417660961091
gene_833,0.32949599756958753,0.4505643886616734,0.09933348834379249,0.1206061254249465
gene_834,0.340912751207809,0.4518291351951504,0.10653745795643232,0.10072065564060831
gene_835,0.3246712290331208,0.46542510978419627,0.0976346894937772,0.1122689716889057
gene_836,0.3155692695651877,0.48918054063917016,0.11689735204318218,0.07835283775246
gene_837,0.3540317710580495,0.4124626419011148,0.10878145312891443,0.12472413391192128
gene_838,0.3637528396782034,0.4212052690832453,0.10942215185058808,0.10561973938796329
gene_839,0.3429661241872611,0.3938339695468662,0.14164205710574193,0.1215578491601309
gene_840,0.32737142077310427,0.4612509088403016,0.10305653904500095,0.10832113134159305
gene_841,0.38350417226843786,0.3652100463123526,0.12273990338703826,0.1285458780321713
gene_842,0.3360985869038713,0.4263268185227289,0.124109828297624,0.11346476627577583
gene_843,0.31315448151780473,0.4517419014744284,0.10597096100156157,0.1291326560062055
gene_844,0.3248007447283431,0.462163741518256,0.11124499564764762,0.1017905181057533
gene_845,0.3241634234416021,0.4460154380606876,0.10074266576400125,0.12907847273370907
gene_846,0.3116813119396489,0.4609442600143758,0.12020037174888161,0.10717405629709373
gene_847,0.3831063617661252,0.40458045067637566,0.098421281691061,0.1138919058664382
gene_848,0.3793969091398458,0.41066262201730996,0.09369383179587767,0.11624663704696653
gene_849,0.34434846730475616,0.4050716766866354,0.137457743478521,0.11312211253008729
gene_850,0.3078744481520769,0.46698850960853294,0.10008267880233446,0.1250543634370558
gene_851,0.32876162323138597,0.4172883634898275,0.14960818456746605,0.10434182871132053
gene_852,0.3012145252856395,0.43872046819035737,0.12499569872768693,0.1350693077963161
gene_853,0.3294210381937571,0.45333475377768534,0.11741191255204868,0.09983229547650892
gene_854,0.3163890758091964,0.4384286154103008,0.10928156748937663,0.13590074129112623
gene_855,0.2645811109983262,0.46414353217042537,0.10773118592991025,0.16354417090133824
gene_856,0.35415880395401217,0.4558265898671318,0.09672852683720116,0.09328607934165492
gene_857,0.34275107703286445,0.4369387802865853,0.135992768386556,0.0843173742939944
gene_858,0.3377451963735524,0.44184526584847655,0.10579948432200408,0.11461005345596698
gene_859,0.33558602466363285,0.43166854035295066,0.12484122417633339,0.10790421080708308
gene_860,0.3376673441705172,0.43851085862905165,0.1012728002827076,0.1225489969177236
gene_861,0.3433024090054023,0.4329232109585942,0.11796375228642696,0.1058106277495764
gene_862,0.3707609977834504,0.4094175096507438,0.12138747987334193,0.0984340126924638
gene_863,0.3715162920425938,0.411425373121078,0.11059185482576983,0.1064664800105583
gene_864,0.3169386234346753,0.4169947135163718,0.1486527833572195,0.1174138796917335
gene_865,0.3272844642154848,0.44907277320729466,0.10796254816502153,0.11568021441219893
gene_866,0.3513704159705026,0.44795879909285996,0.11959201572088773,0.08107876921574954
gene_867,0.369172649807771,0.3740335964095061,0.14201299733533934,0.11478075644738346
gene_868,0.3760207101547805,0.4210218320381419,0.06811076677039075,0.1348466910366868
gene_869,0.329465438533554,0.3982200991737326,0.14671862387448736,0.12559583841822602
gene_870,0.33034155876826027,0.4857345673665668,0.10819853088806262,0.07572534297711034
gene_871,0.3684594587920441,0.4296527158117153,0.10252819195891383,0.09935963343732673
gene_872,0.3366972289300939,0.40270094292263164,0.12021382629900004,0.14038800184827435
gene_873,0.35471076270141794,0.4398561458715477,0.10297888672441796,0.10245420470261636
gene_874,0.36023566033686466,0.417168296730266,0.11498401773316717,0.1076120251997022
gene_875,0.3727472710731902,0.42821439542442796,0.07035932568406819,0.12867900781831362
gene_876,0.3590854271255734,0.5065805321836117,0.06670720854809281,0.06762683214272218
gene_877,0.38450828344283067,0.3960009801574177,0.1363501963058857,0.08314054009386601
gene_878,0.29195479098854416,0.4635145508273899,0.11317585634450518,0.13135480183956083
gene_879,0.3381408328009337,0.44583199722456396,0.09877197786033738,0.11725519211416502
gene_880,0.36405564120291445,0.4232234336261111,0.08248900337314762,0.13023192179782678
gene_881,0.3630266207145319,0.4329521837654487,0.10603757964552446,0.09798361587449499
gene_882,0.33771191750847684,0.39598942661487396,0.11779579908057258,0.1485028567960766
gene_883,0.3067875361126898,0.4377106798948585,0.14559554382355777,0.10990624016889393
gene_884,0.3335893910220423,0.45459606406288056,0.10275067620237688,0.10906386871270017
gene_885,0.32718297067624835,0.45162017578565894,0.10305335785167538,0.11814349568641731
gene_886,0.3484966371238652,0.4264880810620149,0.12179517997564066,0.10322010183847931
gene_887,0.33377155524427987,0.44421926963384084,0.11437174370570834,0.10763743141617094
gene_888,0.3508844140051588,0.403285180011621,0.14219842494952464,0.10363198103369547
gene_889,0.35855185179885973,0.4130421860304037,0.10324768065108653,0.12515828151965003
gene_890,0.3214697575608085,0.44198382404432396,0.14575532022973955,0.09079109816512815
gene_891,0.35299236108622195,0.45318106091076676,0.07876805303169009,0.11505852497132138
gene_892,0.3246596934938739,0.4628605519694986,0.13634514525009211,0.07613460928653537
gene_893,0.31988633171260467,0.41853197785049057,0.14582680518617486,0.11575488525073002
gene_894,0.35466259995886573,0.4174947088677278,0.09840324918541998,0.1294394419879866
gene_895,0.35968374534254494,0.418820323257552,0.12036263170294972,0.10113329969695349
gene_896,0.3460057297669249,0.47230897540556704,0.10878280147107952,0.07290249335642839
gene_897,0.3435841880399078,0.48033959379622176,0.1007832185371254,0.07529299962674497
gene_898,0.33591650884720864,0.3955799026890636,0.15483315463263506,0.11367043383109277
gene_899,0.36518111195431324,0.4282407506434962,0.130557271576751,0.07602086582543958
gene_900,0.3346574987401157,0.44271254959106976,0.11210259400048807,0.11052735766832654
gene_901,0.28553121334673937,0.5044745239387515,0.08300838093871384,0.12698588177579548
gene_902,0.3326279692494763,0.5052329895814661,0.08973297423568431,0.07240606693337336
gene_903,0.3397935002055162,0.4505634599305781,0.10260803631728037,0.10703500354662543
gene_904,0.3168722786743794,0.4426563231185585,0.1280752641123394,0.11239613409472274
gene_905,0.3498448514016981,0.4550761572321441,0.10542474520735105,0.08965424615880668
gene_906,0.32775772486981963,0.4639228714733328,0.1063037694532502,0.10201563420359744
gene_907,0.366431246391251,0.4464059028421614,0.09830245706490502,0.08886039370168249
gene_908,0.3557425965061729,0.3864111063851349,0.12695834149152826,0.13088795561716396
gene_909,0.33071082611443314,0.44180330022878145,0.10419009592123887,0.12329577773554659
gene_910,0.31814204370774346,0.429187151632829,0.11444310924772817,0.13822769541169933
gene_911,0.3803633804686053,0.3829787726777579,0.1270830217517843,0.10957482510185251
gene_912,0.35495675556199896,0.40317046399217854,0.10988120707526848,0.13199157337055398
gene_913,0.3410132876790281,0.46019186752716323,0.0835225831931117,0.11527226160069692
gene_914,0.3277306903276752,0.4934955248336099,0.08288721941093183,0.09588656542778307
gene_915,0.3171710699145019,0.46984105097588036,0.12689566326884316,0.0860922158407745
gene_916,0.33102998261783095,0.4505982133490344,0.10572704049348156,0.11264476353965301
gene_917,0.354846306489622,0.45418508702141414,0.08635770345915675,0.1046109030298071
gene_918,0.3716025950401054,0.4595458358134009,0.06551535439683119,0.10333621474966244
gene_919,0.3529211053717786,0.4022911049480709,0.12326051775633526,0.12152727192381521
gene_920,0.36725595786439535,0.4111506125950265,0.10208882506486892,0.11950460447570935
gene_921,0.3488571488625334,0.40802668439690704,0.10338597977890132,0.1397301869616582
gene_922,0.33320582478643124,0.48731832709128514,0.10445053226000223,0.07502531586228132
gene_923,0.3195350606966786,0.47722256360309795,0.08562848293853113,0.11761389276169237
gene_924,0.30530942750004325,0.44964212364088535,0.1371500390389369,0.10789840982013447
gene_925,0.3552302155839392,0.366869043372212,0.11709428229427814,0.16080645874957064
gene_926,0.3530739748016344,0.4166666506881856,0.1074922749102815,0.12276709959989854
gene_927,0.3997400569062947,0.3691603435422942,0.09854739067297946,0.1325522088784316
gene_928,0.32538225666846365,0.4467827579171109,0.1348739824581246,0.0929610029563008
gene_929,0.30877245819737914,0.4239649507373072,0.15195266718168143,0.11530992388363213
gene_930,0.33301504467825305,0.4818442301220597,0.07359664536260388,0.11154407983708332
gene_931,0.3447788799469604,0.4095718868602642,0.11226500054986507,0.13338423264291038
gene_932,0.3856313495108614,0.40453588602346335,0.08824981005700326,0.12158295440867195
gene_933,0.36806704552453906,0.43136104149992716,0.10634466373804484,0.09422724923748896
gene_934,0.35591652869517126,0.42763597987543456,0.08476954152631286,0.13167794990308127
gene_935,0.31440807472017085,0.42551083379898036,0.11524123998235297,0.1448398514984957
gene_936,0.32944752590807475,0.4711308825520645,0.11981806821057579,0.07960352332928494
gene_937,0.31906335277747894,0.4345752406354602,0.13087984608178777,0.11548156050527303
gene_938,0.34104039435098443,0.4483141337939711,0.10236476946926458,0.10828070238577983
gene_939,0.3600620364580957,0.39171461502779936,0.09725485071329708,0.15096849780080787
gene_940,0.3256040567001601,0.4693724883553788,0.1218564933667033,0.08316696157775785
gene_941,0.32300372064710353,0.47611715167246804,0.11882368516252016,0.08205544251790832
gene_942,0.32319740492415977,0.44154337119441306,0.11972375839634805,0.1155354654850791
gene_943,0.3837575188468792,0.40680019621351426,0.1039859549246628,0.10545633001494376
gene_944,0.35861528785982955,0.4038050031256998,0.143628179352276,0.09395152966219461
gene_945,0.36431868631457237,0.37926019585187004,0.1136755738498341,0.14274554398372347
gene_946,0.32211257320338327,0.46131479863792785,0.1418441151309244,0.07472851302776456
gene_947,0.3704802923520518,0.43750373508694557,0.11726884495172732,0.07474712760927522
gene_948,0.35323369573166097,0.4135241907781284,0.10323973144281169,0.13000238204739892
gene_949,0.3900479959043022,0.4189621619795615,0.09164142345937112,0.09934841865676514
gene_950,0.35107929798700227,0.38792588020170626,0.13288171883056984,0.12811310298072168
gene_951,0.32606041336881125,0.45034137297687993,0.11263696120978321,0.11096125244452566
gene_952,0.37153161755455805,0.4089420746698606,0.1043955731624708,0.11513073461311053
gene_953,0.33773921698397463,0.4241509936337755,0.12292487569304356,0.11518491368920632
gene_954,0.3658594626493333,0.3756912734046413,0.1278935558651081,0.13055570808091738
gene_955,0.3236739741787217,0.465111490280564,0.10528161359557983,0.10593292194513446
gene_956,0.3736280046534308,0.3978869430051779,0.12632433138541607,0.10216072095597518
gene_957,0.34949002694176884,0.43989754529972713,0.1091726242741314,0.10143980348437266
gene_958,0.3366897392100502,0.4623736779276261,0.09836004330221791,0.10257653956010583
gene_959,0.3801438863057747,0.39807781290527866,0.1081018083133958,0.11367649247555082
gene_960,0.33685924137576895,0.4714603190369639,0.07115773750245515,0.120522702084812
gene_961,0.3594635703453853,0.3935719517811164,0.15816219836616358,0.08880227950733462
gene_962,0.365613644071965,0.4218257665774337,0.11533232167725889,0.09722826767334244
gene_963,0.35919941837951413,0.38890983296852405,0.12874671867416576,0.12314402997779589
gene_964,0.4197946482946172,0.44174915138914445,0.06386643364470371,0.07458976667153473
gene_965,0.36441067779191666,0.4262454665102056,0.11747379362446128,0.0918700620734165
gene_966,0.3167764257816762,0.4569522871723623,0.14064983503365058,0.08562145201231082
gene_967,0.344360185998516,0.4458856386435892,0.1389868237486599,0.07076735160923503
gene_968,0.4047253707300874,0.39743760333970873,0.12220573880117382,0.07563128712902996
gene_969,0.3097010249690088,0.4653059701597589,0.1176241516745873,0.10736885319664494
gene_970,0.38060745043336436,0.4170663611137048,0.09294142684185557,0.10938476161107528
gene_971,0.3575872992507096,0.40547308115236164,0.133424661592556,0.10351495800437284
gene_972,0.3191381547488522,0.46460722857748765,0.09610420402322657,0.1201504126504336
gene_973,0.321203896265462,0.43825042089548455,0.11397853678426073,0.12656714605479277
gene_974,0.3476085067599676,0.43922331010107735,0.11687106971728925,0.09629711342166593
gene_975,0.35563393077725763,0.43292329904694815,0.10302000623645925,0.10842276393933489
gene_976,0.34381195791176056,0.42370302591919706,0.13442566451105598,0.09805935165798639
gene_977,0.31565203471254505,0.44005867206158333,0.12435015597160011,0.11993913725427151
gene_978,0.37265800830579027,0.4208561203549052,0.08325852061600293,0.12322735072330165
gene_979,0.358805940914296,0.4247712912470006,0.12088717499219083,0.0955355928465125
gene_980,0.3038230505007958,0.46753329460786686,0.13441343490108928,0.09423021999024814
gene_981,0.34264050603948143,0.4404910237982134,0.10039961528916795,0.11646885487313728
gene_982,0.37112607507353,0.35757014868796205,0.10492841844213929,0.16637535779636864
gene_983,0.36972720557414385,0.4178908425772137,0.127926358316807,0.08445559353183552
gene_984,0.363324513873003,0.38029260980426915,0.1347772863559511,0.12160558996677673
gene_985,0.35287636280129336,0.4375804990481436,0.07236011212558986,0.13718302602497315
gene_986,0.3044023901614103,0.4559295464597888,0.11400344852217609,0.12566461485662486
gene_987,0.34248288719978953,0.49293497101101824,0.09141077374506629,0.07317136804412595
gene_988,0.30764502247552383,0.4604205382971703,0.1311430872897911,0.10079135193751484
gene_989,0.3146994805256011,0.4002321989078722,0.13822297135926626,0.1468453492072605
gene_990,0.40370237524437813,0.44100624766737734,0.07200500096300153,0.08328637612524302
gene_991,0.3354532682227853,0.46095090989132076,0.0987106839978293,0.10488513788806463
gene_992,0.33421975710510865,0.41593097947097846,0.12381158797349538,0.1260376754504176
gene_993,0.3638459681330056,0.4146283968089856,0.12369144423021704,0.09783419082779175
gene_994,0.34364098033446683,0.44485720499338577,0.11584465098128645,0.09565716369086101
gene_995,0.3461716609469511,0.4713313131694787,0.09409365906653133,0.08840336681703878
gene_996,0.32561390572417437,0.43485977518545943,0.10824557501092043,0.13128074407944576
gene_997,0.3526725721440324,0.4425249588024647,0.09664042033655627,0.10816204871694658
gene_998,0.33884938139480625,0.44681548385256153,0.11305069306115173,0.10128444169148051
gene_999,0.35067088986765405,0.43368653924422557,0.11476264729371422,0.10087992359440608
gene_1000,0.1784503982802794,0.22351126271943036,0.32260737908980247,0.27543095991048777
gene_1001,0.1989673077365528,0.2819967019491684,0.2515318887752731,0.2675041015390056
gene_1002,0.20205598365600802,0.2298812217568445,0.28856324127414645,0.2794995533130009
gene_1003,0.18018951986416396,0.2630592946842121,0.2308518906930782,0.3258992947585458
gene_1004,0.20054060065055707,0.12228917400605507,0.3431270552187089,0.334043170124679
gene_1005,0.15941372740667792,0.18893907488918957,0.27094325860473845,0.380703939099394
gene_1006,0.17719841688659707,0.25805662123828726,0.31781614160634764,0.24692882026876795
gene_1007,0.18175486660433668,0.17773598820482608,0.31673275490093195,0.32377639028990524
gene_1008,0.199654981831951,0.1573344057250484,0.25940162072116607,0.3836089917218345
gene_1009,0.18966876721742695,0.26958597111142896,0.35977310515424565,0.1809721565168985
gene_1010,0.1796637336536258,0.19501195348350653,0.35488355490630036,0.27044075795656725
gene_1011,0.1342547323724719,0.25116653557164087,0.3290978228499322,0.2854809092059549
gene_1012,0.17577963653915013,0.2754103471325598,0.3264069859664246,0.22240303036186546
gene_1013,0.166680807881336,0.25957505716568074,0.2496797485593422,0.3240643863936411
gene_1014,0.17819566343833185,0.24317612412217535,0.2495496350553295,0.32907857738416324
gene_1015,0.16610855400372804,0.19393689423423355,0.23099864478781157,0.40895590697422685
gene_1016,0.2705165826490484,0.1709222835620325,0.3085253649164479,0.2500357688724712
gene_1017,0.23934501130850222,0.17490567714536825,0.3092647877553455,0.27648452379078403
gene_1018,0.1883437968298877,0.21223154829152055,0.34527481811385924,0.25414983676473263
gene_1019,0.24073007266578952,0.24130178543127132,0.2542810380354377,0.26368710386750144
gene_1020,0.18079402621695168,0.2396045733579033,0.3404031214354251,0.2391982789897199
gene_1021,0.16751043959644557,0.36594809588132093,0.25055118060597026,0.2159902839162633
gene_1022,0.2430387562872086,0.1668198409396823,0.3500770146773475,0.24006438809576158
gene_1023,0.24961326134543071,0.21723597046950058,0.27327304366945565,0.259877724515613
gene_1024,0.15447030284011523,0.13357325932329392,0.28516541400833906,0.4267910238282519
gene_1025,0.1787544026706199,0.20718353326191266,0.31079002683889495,0.30327203722857243
gene_1026,0.2130003395656043,0.1690382629908602,0.27215674408163665,0.3458046533618988
gene_1027,0.19340911075841521,0.2018140883257235,0.3167748707260378,0.28800193018982345
gene_1028,0.22303383146273098,0.17344977781899812,0.234047620368791,0.36946877034948
gene_1029,0.2516155876280098,0.23420201250637127,0.259554597469656,0.25462780239596294
gene_1030,0.17457658042655883,0.26906204595508637,0.30294149037354434,0.2534198832448105
gene_1031,0.23079043186580345,0.20678405645795514,0.2748660257537911,0.28755948592245034
gene_1032,0.1378429355930621,0.20025926883264925,0.2931741778904931,0.36872361768379547
gene_1033,0.20547884110688366,0.2574142387390219,0.29632717764355776,0.2407797425105367
gene_1034,0.1728516586315404,0.21830446308303564,0.3112179200980218,0.2976259581874022
gene_1035,0.13928745103911155,0.13314119903525629,0.3811750007800764,0.34639634914555584
gene_1036,0.17481252373743578,0.185548621456881,0.3747367366855257,0.26490211812015757
gene_1037,0.21363183965508203,0.26121077501774975,0.28050527803641323,0.24465210729075498
gene_1038,0.17679196890656051,0.2792635808372536,0.25214338639646,0.2918010638597258
gene_1039,0.19979036496182384,0.2326150015715336,0.2483715184677075,0.31922311499893513
gene_1040,0.1508317578219055,0.2566532801217669,0.32021289376259715,0.27230206829373055
gene_1041,0.16513764382438698,0.18381663775213822,0.3419415444660114,0.30910417395746337
gene_1042,0.16793961759887627,0.15834534636486042,0.4059039778341847,0.26781105820207857
gene_1043,0.26183797644197526,0.16303500093136025,0.34760365917221375,0.2275233634544507
gene_1044,0.18214243045377218,0.23646132456983304,0.31213633881499364,0.2692599061614011
gene_1045,0.12259233439435122,0.24727719475942053,0.2828944426076853,0.34723602823854294
gene_1046,0.13836964215738887,0.28619324184899453,0.22002289701009894,0.3554142189835177
gene_1047,0.15706139013294682,0.20709737516394172,0.21086405105056272,0.42497718365254883
gene_1048,0.12942816725164777,0.16947787607997358,0.33957178155888484,0.3615221751094939
gene_1049,0.1838616688430678,0.2023057094980083,0.3354554379059081,0.27837718375301584
gene_1050,0.21450633161143898,0.24709045829997434,0.2836927583343463,0.2547104517542404
gene_1051,0.23516426773147878,0.18210532616907957,0.24125252895288116,0.34147787714656036
gene_1052,0.12930251546573354,0.2883163676114333,0.19913843452737978,0.38324268239545334
gene_1053,0.2760046363735592,0.07167894874456791,0.40633607244902653,0.24598034243284644
gene_1054,0.15507444542986865,0.2337456487456551,0.3626644463100206,0.24851545951445567
gene_1055,0.17604661606707117,0.19348448360869,0.27377367806654973,0.356695222257689
gene_1056,0.18726986459044584,0.22287919293636774,0.23103626766365307,0.3588146748095334
gene_1057,0.1930821822917879,0.21433013050214864,0.26106467623130186,0.3315230109747616
gene_1058,0.18863552371194728,0.25478096721472776,0.31590944719187614,0.24067406188144883
gene_1059,0.2137747829228567,0.2045957015571305,0.2147397738338403,0.3668897416861724
gene_1060,0.19844153493195416,0.20038920375411234,0.23441777667815358,0.3667514846357799
gene_1061,0.185520868679603,0.2742342723665057,0.23053798844233575,0.30970687051155554
gene_1062,0.18732992723218858,0.25966943217270205,0.23768818017233073,0.31531246042277855
gene_1063,0.22319901571949718,0.2210005724444546,0.2836565068846254,0.2721439049514229
gene_1064,0.11301743786346322,0.31541670513918185,0.3485782700939726,0.2229875869033825
gene_1065,0.21753019403672683,0.2143166451879552,0.2222027733985747,0.34595038737674333
gene_1066,0.1904923092195881,0.21147649378324665,0.2218345875162615,0.37619660948090383
gene_1067,0.20222926691391407,0.2147320474084034,0.29617219104089343,0.2868664946367891
gene_1068,0.19327170384623132,0.24678052100067582,0.24958331628752037,0.31036445886557246
gene_1069,0.1634539954367922,0.15621515545904954,0.34949360464205653,0.3308372444621017
gene_1070,0.20653224507938056,0.21840212072021115,0.272963060031505,0.30210257416890335
gene_1071,0.151517395172227,0.2685388985992897,0.24129023298808377,0.3386534732403996
gene_1072,0.20357134613685804,0.3279917946007092,0.298238011938693,0.17019884732373977
gene_1073,0.29222810583018183,0.21671791213506147,0.23695927787835183,0.2540947041564048
gene_1074,0.2348338425346148,0.2556563278300069,0.19257280673464383,0.31693702290073456
gene_1075,0.16087434975384768,0.210884819607949,0.29695434795951087,0.3312864826786925
gene_1076,0.1525031993641336,0.18021256577993797,0.28801981526102033,0.3792644195949081
gene_1077,0.2167465732319549,0.2653690471595113,0.2768922509464932,0.2409921286620406
gene_1078,0.1712696136571046,0.24327562587404322,0.2646739528381042,0.32078080763074796
gene_1079,0.1814557060151834,0.19039018101422264,0.2512197721246694,0.37693434084592464
gene_1080,0.1444229449447021,0.29100567195086474,0.2987198505970542,0.2658515325073791
gene_1081,0.2018099160100158,0.18478987387058995,0.354805272649241,0.2585949374701532
gene_1082,0.14013958073779562,0.25343608886780344,0.2628307012408115,0.34359362915358943
gene_1083,0.1429725731144413,0.19640551813472118,0.2917667337596448,0.3688551749911926
gene_1084,0.18870845373893266,0.23746064023530364,0.3136128046555059,0.26021810137025786
gene_1085,0.13090149805367873,0.31961122600141134,0.18600318767499716,0.36348408826991274
gene_1086,0.1752002341176562,0.2530818027463719,0.27188990722416545,0.2998280559118064
gene_1087,0.15203594571390136,0.21057006934003708,0.2634896558281266,0.3739043291179349
gene_1088,0.32796150523493695,0.2773256040829543,0.08673139530841313,0.3079814953736956
gene_1089,0.11242734598101776,0.16164569324941425,0.34812940658051905,0.37779755418904887
gene_1090,0.14035503927275778,0.24340646567782018,0.27935739867580545,0.3368810963736167
gene_1091,0.16615684966688937,0.20378947208157358,0.30255185336909685,0.3275018248824402
gene_1092,0.18239008592224673,0.2388319860000673,0.2955016646606786,0.28327626341700723
gene_1093,0.23150523603229886,0.21552039438618625,0.2474862265190085,0.30548814306250627
gene_1094,0.19386485811727816,0.22052539471144997,0.3154317372632896,0.2701780099079822
gene_1095,0.14441321028226264,0.28839775522248096,0.33339840118561787,0.2337906333096385
gene_1096,0.19536911898363366,0.25548815456065593,0.2511787024522611,0.29796402400344923
gene_1097,0.15712469420955533,0.21552297130416667,0.26254171033623097,0.364810624150047
gene_1098,0.09126263414035689,0.15791869822967697,0.3430780555176252,0.4077406121123409
gene_1099,0.18480729714185024,0.1697831592852796,0.27218376189688126,0.37322578167598897
gene_1100,0.12905125550544638,0.2540911552736321,0.3139146265977439,0.30294296262317777
gene_1101,0.18527056664261288,0.2249430245265335,0.27118257983964944,0.3186038289912042
gene_1102,0.17311382969451194,0.22710518159880788,0.3185123157811822,0.2812686729254979
gene_1103,0.24165217161692956,0.20772862031095488,0.2606490319334415,0.2899701761386741
gene_1104,0.16208951703082713,0.1829543408129256,0.33310344536337133,0.321852696792876
gene_1105,0.14906551379630292,0.1326014511204674,0.40250995025805786,0.3158230848251718
gene_1106,0.20562616741839176,0.2492474386403764,0.27906430603019383,0.2660620879110379
gene_1107,0.2110555644353442,0.29452406464344805,0.27072522471822336,0.22369514620298445
gene_1108,0.18426985517141464,0.24218015099200466,0.31698659823774616,0.25656339559883456
gene_1109,0.3435714895108714,0.06589299496847092,0.22845238522699318,0.3620831302936644
gene_1110,0.10887010183423476,0.384358570201717,0.32290726804899655,0.18386405991505173
gene_1111,0.22411573319008113,0.17183701288992134,0.29936771390533035,0.3046795400146673
gene_1112,0.1386176019338779,0.21203640781323824,0.31955217249893986,0.329793817753944
gene_1113,0.11784846253530117,0.26816524600933395,0.3629772864041728,0.251009005051192
gene_1114,0.1930752631930436,0.2795799035440959,0.29486539263431955,0.2324794406285409
gene_1115,0.17251504610359908,0.2535915643145021,0.2537111928625296,0.32018219671936937
gene_1116,0.19618494269161474,0.258318841129158,0.2838901358896977,0.26160608028952953
gene_1117,0.11437860015403703,0.24293599012920575,0.2977182688802967,0.3449671408364606
gene_1118,0.14903673287495706,0.2596852721633126,0.2456625833823035,0.3456154115794268
gene_1119,0.20623590087851687,0.23185487679181985,0.14635741768688196,0.4155518046427813
gene_1120,0.18654689508740116,0.2348731603822864,0.3535254761701468,0.22505446836016557
gene_1121,0.19074541134787984,0.24274425170739491,0.32461626564835955,0.24189407129636575
gene_1122,0.2170290472830949,0.28140436944782227,0.30506781751315337,0.19649876575592953
gene_1123,0.20550814548210086,0.18977158537309657,0.313190913728757,0.2915293554160457
gene_1124,0.19929574132296304,0.29528677226291605,0.2754750759418296,0.2299424104722913
gene_1125,0.117311315585187,0.1718422444227774,0.3570362459148015,0.35381019407723413
gene_1126,0.17348467309020518,0.23174771881569017,0.25843475392331955,0.3363328541707851
gene_1127,0.20262586239672678,0.2718483138354966,0.3651530233062788,0.16037280046149777
gene_1128,0.188566652486667,0.1878101216838434,0.260100809360377,0.36352241646911254
gene_1129,0.2224112075287728,0.18187321079481053,0.3550251675275753,0.24069041414884135
gene_1130,0.13809303778695745,0.281941802462505,0.20653570292235965,0.3734294568281779
gene_1131,0.21582229273684217,0.20144870722320685,0.2646564576670906,0.31807254237286037
gene_1132,0.206998378676093,0.21093722395372275,0.28447601176670567,0.2975883856034786
gene_1133,0.23840740685264603,0.24154172331677284,0.2579104591197767,0.2621404107108044
gene_1134,0.20719366304865788,0.23517978519864738,0.3863690220954236,0.17125752965727098
gene_1135,0.16876981442229988,0.2600614264383173,0.2982260353910999,0.27294272374828293
gene_1136,0.2816331101039353,0.24793433593150968,0.2547715461201008,0.2156610078444542
gene_1137,0.19754992230082977,0.20607814558149892,0.28894784521858374,0.3074240868990876
gene_1138,0.19185945045508995,0.22979922887514928,0.3490640063121329,0.2292773143576279
gene_1139,0.22772679539107485,0.2160575150739335,0.2720113305796855,0.2842043589553061
gene_1140,0.17234146848348836,0.17947209043219553,0.28750461578706427,0.3606818252972518
gene_1141,0.18267689449876648,0.27792491306574546,0.347485907833653,0.1919122846018351
gene_1142,0.2616035678111643,0.263681231088291,0.20240054177826713,0.2723146593222775
gene_1143,0.19210579269087402,0.18791753472297948,0.19919245028575522,0.42078422230039125
gene_1144,0.19327483722215816,0.18979645063320294,0.35072056870424784,0.26620814344039107
gene_1145,0.09121659433395347,0.2055930737804541,0.32583829356940897,0.3773520383161834
gene_1146,0.22934037973304397,0.16232517254351952,0.07579602802474468,0.5325384196986919
gene_1147,0.16784844272418975,0.20152331909597226,0.37280131675601996,0.257826921423818
gene_1148,0.17037304206316015,0.19507721608167164,0.31930362490837266,0.3152461169467956
gene_1149,0.17708566806909182,0.23821976930809666,0.30108118773100534,0.28361337489180616
gene_1150,0.2029436511354681,0.0800525976058553,0.36875117631833576,0.34825257494034084
gene_1151,0.16621685278723117,0.2503453661970579,0.33959353798992686,0.24384424302578414
gene_1152,0.10932391696208536,0.20460195157595526,0.31631590872417015,0.3697582227377892
gene_1153,0.18705677098681975,0.20254394759247274,0.32090639245640035,0.2894928889643071
gene_1154,0.12033699348138978,0.22163044268904789,0.26203370885437477,0.39599885497518755
gene_1155,0.22333631095879858,0.19058639453942852,0.27850013706120236,0.3075771574405705
gene_1156,0.1530563630501912,0.18915448374378008,0.3745011354439711,0.28328801776205753
gene_1157,0.16126522540191013,0.19230868753460867,0.2691933056478289,0.3772327814156522
gene_1158,0.17806001270103725,0.2401611971051043,0.3050553691049773,0.27672342108888115
gene_1159,0.16444644251122864,0.20744293167029576,0.28886440691834175,0.33924621890013384
gene_1160,0.023505672946839376,0.3354335885847639,0.3962052452832713,0.24485549318512542
gene_1161,0.14512097113446498,0.2444148117373822,0.2504106572254783,0.3600535599026746
gene_1162,0.13499585163482516,0.29134439663696277,0.20946665197993064,0.3641930997482815
gene_1163,0.1876112596903691,0.18220097165903346,0.29526203147986196,0.3349257371707355
gene_1164,0.2043558637521796,0.23090468094506467,0.31982060846647814,0.24491884683627757
gene_1165,0.18355476427387935,0.26776511288702654,0.2924697232471688,0.2562103995919254
gene_1166,0.23419323518747703,0.29002331440426193,0.2975846987240455,0.17819875168421545
gene_1167,0.1772512013066345,0.20143592429475896,0.42901110063479825,0.19230177376380816
gene_1168,0.17541506505612706,0.2591601757128529,0.2674328446035403,0.2979919146274798
gene_1169,0.1900518900034166,0.1772024410542702,0.24705924723732717,0.385686421704986
gene_1170,0.089211105462696,0.25357800273891734,0.298767684813451,0.35844320698493565
gene_1171,0.2293645149473657,0.24208466390233502,0.2613184852613427,0.2672323358889567
gene_1172,0.20110944522548657,0.31819992537128156,0.11857230493421099,0.36211832446902087
gene_1173,0.1420680373263375,0.23796205705537576,0.2917892406648435,0.32818066495344317
gene_1174,0.19087656906563943,0.22644567050089837,0.298141711244867,0.2845360491885951
gene_1175,0.17255916641376717,0.188012274460462,0.29237943751872975,0.34704912160704104
gene_1176,0.13675308097653996,0.22272889640259017,0.28567207289648466,0.3548459497243852
gene_1177,0.18700733502592418,0.28023615652949097,0.3027890351939804,0.22996747325060438
gene_1178,0.14798580058595365,0.21970635952892487,0.264279048993884,0.36802879089123747
gene_1179,0.19929305204105094,0.24953282353892403,0.2859161938866377,0.2652579305333873
gene_1180,0.14681680522798135,0.22580811087804672,0.29164760468414813,0.3357274792098237
gene_1181,0.22682504982492274,0.15019963956539026,0.30516585399551327,0.31780945661417376
gene_1182,0.1643434375540809,0.24103481947787325,0.28696222349979733,0.3076595194682485
gene_1183,0.1483188843804367,0.25323473422198933,0.1958689825078785,0.40257739888969535
gene_1184,0.23367346164495173,0.1562577966439708,0.30397944276516187,0.3060892989459155
gene_1185,0.15274769759203138,0.2537400535048243,0.2722530976483691,0.3212591512547753
gene_1186,0.17333532944185218,0.24697507296087706,0.2941721723123305,0.2855174252849402
gene_1187,0.23149702606703887,0.19680143057032226,0.29765068335683137,0.27405086000580753
gene_1188,0.21118003676309316,0.23102899449000977,0.2874478927284891,0.27034307601840807
gene_1189,0.1934851636371148,0.20518383014465114,0.19141926471191828,0.40991174150631576
gene_1190,0.11197261655538968,0.21841264995268975,0.3710722069979567,0.29854252649396384
gene_1191,0.1828502280201524,0.26424384943055584,0.2641501029960133,0.2887558195532783
gene_1192,0.13778986765782467,0.21356294465343215,0.3131167946226094,0.3355303930661337
gene_1193,0.17259202126658052,0.21742186559882412,0.31859647350488424,0.291389639629711
gene_1194,0.2367183236521373,0.16649489665099723,0.3007840767733114,0.29600270292355396
gene_1195,0.22763602388516707,0.2257602285808787,0.3305774603045338,0.21602628722942044
gene_1196,0.22089169410118814,0.20573944157652102,0.2775019698620769,0.2958668944602139
gene_1197,0.19572854847060736,0.2135378365936353,0.36103688338954293,0.2296967315462145
gene_1198,0.19379499103653428,0.2046580184943856,0.29475621347038855,0.3067907769986915
gene_1199,0.17829088928091544,0.19565740542369134,0.36517168332290373,0.2608800219724896
gene_1200,0.10450170788769503,0.2969402304511761,0.32868038335585986,0.269877678305269
gene_1201,0.1377406367812639,0.2103332816167321,0.3759049481225205,0.2760211334794835
gene_1202,0.17924502132062853,0.21699573833445732,0.2795438594430015,0.3242153809019128
gene_1203,0.20699673869028784,0.22673003053409843,0.18912894946735853,0.37714428130825517
gene_1204,0.1647460336263809,0.17568767858622886,0.3389909478047673,0.320575339982623
gene_1205,0.2577402322355915,0.1961315399775625,0.27977012032585846,0.26635810746098754
gene_1206,0.21701484969005044,0.2495682103008981,0.3027084260131526,0.23070851399589898
gene_1207,0.20675499985322696,0.18828425402399726,0.3522404939837509,0.25272025213902494
gene_1208,0.23349178965615236,0.11507671033630547,0.27808965506723776,0.3733418449403045
gene_1209,0.1877620667076962,0.2538996618670456,0.3182442268889634,0.2400940445362948
gene_1210,0.2385174095626555,0.21710936200858316,0.28947423698823166,0.2548989914405297
gene_1211,0.19551043960178172,0.252895785632971,0.2956839712147528,0.25590980355049453
gene_1212,0.19336827456250072,0.2459026045354595,0.29363667725727094,0.2670924436447688
gene_1213,0.24854887983775475,0.06976765663387444,0.3457629514448794,0.3359205120834913
gene_1214,0.2011350041103675,0.2365040960713088,0.28457011070091764,0.27779078911740607
gene_1215,0.1304985035403356,0.22245547565337495,0.3119787184662183,0.33506730234007115
gene_1216,0.1879424587233956,0.2925178579673869,0.1969901858542516,0.322549497454966
gene_1217,0.18852976460870172,0.20543160309514363,0.2973548971449197,0.308683735151235
gene_1218,0.1807034210008376,0.23157608047044884,0.22884309963961433,0.3588773988890992
gene_1219,0.16138441966679737,0.16211229170821445,0.35049996656909466,0.32600332205589355
gene_1220,0.21397687677210647,0.30400267899974154,0.25361796161066624,0.22840248261748577
gene_1221,0.13675227719586439,0.17106205854904835,0.33976377735927216,0.35242188689581505
gene_1222,0.19441041191342628,0.26925094144336453,0.30920488540049146,0.22713376124271767
gene_1223,0.16911642916582276,0.3019516692552894,0.2822341931304755,0.2466977084484124
gene_1224,0.21330575929709505,0.11107279196901775,0.23746437439030504,0.4381570743435821
gene_1225,0.21948261793553034,0.23649558200736326,0.320693480368833,0.22332831968827338
gene_1226,0.157632889074772,0.24969791058030225,0.36012919956724954,0.23254000077767636
gene_1227,0.15768708133290923,0.2818090569390493,0.3052692053818707,0.2552346563461708
gene_1228,0.1316191117558372,0.23934619664267173,0.3238502475555928,0.30518444404589834
gene_1229,0.1922567075449289,0.26083950345560464,0.23186402302802525,0.31503976597144123
gene_1230,0.16645894279149703,0.21300266574129678,0.32901755338809113,0.29152083807911494
gene_1231,0.22344476118442128,0.19333221015642651,0.3497631702711528,0.2334598583879993
gene_1232,0.24110604735236976,0.24055929931567005,0.3158412514831736,0.20249340184878659
gene_1233,0.18660954557232365,0.29376399869056075,0.3187672046668573,0.20085925107025823
gene_1234,0.13073985205310998,0.31243066560851884,0.25705558358651986,0.2997738987518514
gene_1235,0.24144372276665255,0.16293807581058128,0.25109285695184336,0.34452534447092276
gene_1236,0.220256191108473,0.27561461299418477,0.2499964516228041,0.2541327442745382
gene_1237,0.19306779256687684,0.24013207567742229,0.29795603330101267,0.26884409845468815
gene_1238,0.23743760203946643,0.21256045744728963,0.28393399954821824,0.2660679409650256
gene_1239,0.1385105525094442,0.2633795642106249,0.294046589161728,0.30406329411820304
gene_1240,0.18918601195429144,0.2081489794959662,0.27286413752766103,0.3298008710220812
gene_1241,0.19841971138511943,0.0028002158904987173,0.4376968041285321,0.36108326859584966
gene_1242,0.15850443392020783,0.25102069119125686,0.3813743945314191,0.2091004803571163
gene_1243,0.21222012633943493,0.2009406299362395,0.3270900026781125,0.2597492410462131
gene_1244,0.24055472136393968,0.2174360547497748,0.3033312401772893,0.23867798370899632
gene_1245,0.19801605614136794,0.19881181270299417,0.31952029387069186,0.2836518372849461
gene_1246,0.18173076741088276,0.22509918338878884,0.22779894739104892,0.3653711018092795
gene_1247,0.17453212145741337,0.2650513913279348,0.2901200530961552,0.27029643411849674
gene_1248,0.18304885095274104,0.25067289465819353,0.29261212353832516,0.2736661308507403
gene_1249,0.228600242215131,0.22992845333669704,0.2537178304859427,0.28775347396222933
gene_1250,0.15623115230355694,0.40631876654972715,0.375210994120205,0.062239087026510945
gene_1251,0.16673756985085966,0.23824867497224786,0.3035366226964222,0.2914771324804703
gene_1252,0.1281212976112208,0.22724910697460785,0.3243409603587274,0.320288635055444
gene_1253,0.19272247073361387,0.19935881983384568,0.27257644548605703,0.33534226394648353
gene_1254,0.19250705933398407,0.2351862172960224,0.29533634390987723,0.2769703794601163
gene_1255,0.18530426772769779,0.21618604862149743,0.19078480390343505,0.40772487974736976
gene_1256,0.22733882844985193,0.25322864669288925,0.26575039821344854,0.25368212664381035
gene_1257,0.1540684867981047,0.23338796907027076,0.3677450257331888,0.24479851839843578
gene_1258,0.17310393046703043,0.23218923288687832,0.3444536072786828,0.2502532293674084
gene_1259,0.21522916346712503,0.22774646731260992,0.27755237362557295,0.2794719955946921
gene_1260,0.3105859412954131,0.03532937800263626,0.3328730981536479,0.32121158254830273
gene_1261,0.28608639704287003,0.21403482589989697,0.20575384962533586,0.2941249274318972
gene_1262,0.1731930566290125,0.23480299542685212,0.34361716987865165,0.2483867780654837
gene_1263,0.17364695211386913,0.18784496086745778,0.32521909848106784,0.3132889885376052
gene_1264,0.1414743962687505,0.2710522296837156,0.26760970755644053,0.3198636664910934
gene_1265,0.13243233878218127,0.19109605899697724,0.2687203494238831,0.40775125279695834
gene_1266,0.2012226902085191,0.17955124871997666,0.29322287363881927,0.3260031874326849
gene_1267,0.1397200584669105,0.22621399949745233,0.37925618001037964,0.25480976202525757
gene_1268,0.19641523148405943,0.23352402031778063,0.25956783928042115,0.3104929089177387
gene_1269,0.14443612164330943,0.13253798862500404,0.27611335399676573,0.44691253573492085
gene_1270,0.11945396367603549,0.25596942347280394,0.27583959712299,0.3487370157281705
gene_1271,0.18468911162045093,0.23000314332636365,0.2944295935873634,0.29087815146582197
gene_1272,0.12236855319708494,0.22173023697651434,0.3098780017684659,0.3460232080579349
gene_1273,0.17121069699148111,0.21502006417992628,0.267128514704832,0.3466407241237606
gene_1274,0.13643246347079213,0.24449386153776126,0.3037666918414006,0.31530698315004607
gene_1275,0.1603224341240129,0.2532317019823097,0.26371888655029513,0.3227269773433823
gene_1276,0.18669795230116146,0.2028507463022175,0.35416431867744796,0.256286982719173
gene_1277,0.17511142308391714,0.22772283383181524,0.2645220360521196,0.33264370703214785
gene_1278,0.2312212314749999,0.20312069034525654,0.2181209217082885,0.34753715647145506
gene_1279,0.18418706955866768,0.28893007678267496,0.27966343792229986,0.24721941573635747
gene_1280,0.15595027877003154,0.17502583483633471,0.39901723561646296,0.27000665077717073
gene_1281,0.13820380379529573,0.21216278379114775,0.3069977958275045,0.342635616586052
gene_1282,0.20078190997335424,0.1919570177001535,0.3836498936060411,0.22361117872045108
gene_1283,0.250684906342174,0.2154869344877023,0.3121564382182651,0.22167172095185858
gene_1284,0.1492932991686806,0.19192387151002066,0.28758197644891503,0.3712008528723837
gene_1285,0.17451465314960607,0.1513398704846022,0.3525701905848207,0.32157528578097105
gene_1286,0.12541504155603347,0.24375782652209202,0.33671997846256807,0.2941071534593066
gene_1287,0.22724004506423887,0.2540216539788793,0.270467696324517,0.24827060463236475
gene_1288,0.18214036861198685,0.23594031094513537,0.3327094237140881,0.2492098967287896
gene_1289,0.21688423150324326,0.2640420464241685,0.24758623521000114,0.27148748686258706
gene_1290,0.19438165272004218,0.27990150190241103,0.24565359866237246,0.2800632467151743
gene_1291,0.20940851523024648,0.11644194084743612,0.37763899339061563,0.2965105505317017
gene_1292,0.19366923568571445,0.25662434089250846,0.30104163611312545,0.2486647873086516
gene_1293,0.19635428768754035,0.1623159132072023,0.33598283511690064,0.3053469639883567
gene_1294,0.22224496256747803,0.19464545416830387,0.32826215837406775,0.2548474248901503
gene_1295,0.21494289481021683,0.23767658392956048,0.30254813611967823,0.24483238514054445
gene_1296,0.2354207664067028,0.12218424811261341,0.25558448829424835,0.38681049718643534
gene_1297,0.15596798326701472,0.15363395187569617,0.3869838274584742,0.30341423739881485
gene_1298,0.26618617582725007,0.22105028259950893,0.21429705213636555,0.29846648943687554
gene_1299,0.1571321301792963,0.20692544878861546,0.2660876915512002,0.369854729480888
gene_1300,0.19343136190392432,0.19880401762151612,0.3789494158726446,0.22881520460191498
gene_1301,0.14675505438536735,0.23980293294113197,0.274147897328694,0.33929411534480675
gene_1302,0.17156036207704947,0.2204702691609216,0.23843939941491457,0.3695299693471144
gene_1303,0.15614299099380377,0.15552025333657563,0.31059650401610295,0.3777402516535177
gene_1304,0.16779753630400293,0.1754335572181392,0.316504539097917,0.34026436737994104
gene_1305,0.09683266060188049,0.3045044265567932,0.29254913064402993,0.3061137821972963
gene_1306,0.24248322649293097,0.33028778774919704,0.15693066703630748,0.2702983187215645
gene_1307,0.24333417280030148,0.03799478294452293,0.39849083263696505,0.32018021161821053
gene_1308,0.1846636980248524,0.2493758359975724,0.26670397098142967,0.29925649499614554
gene_1309,0.14801459659607188,0.29327144979288744,0.28612683558754404,0.27258711802349667
gene_1310,0.23733769852112724,0.2420126683362898,0.22503593508369713,0.2956136980588859
gene_1311,0.1951283097098988,0.2652970705408507,0.322470036273047,0.21710458347620346
gene_1312,0.19177520860674,0.23426463230817587,0.30399491873818285,0.2699652403469013
gene_1313,0.24618954730365022,0.1605769115743098,0.29001105760969154,0.3032224835123484
gene_1314,0.18297398647848878,0.2787760565600129,0.2768623297385396,0.2613876272229587
gene_1315,0.17954257184169814,0.24709573334800264,0.28185236166293687,0.2915093331473623
gene_1316,0.1756859457417714,0.22610167327583688,0.18909745618071744,0.4091149248016744
gene_1317,0.22508002701046864,0.24386350022084974,0.21994832769894745,0.3111081450697342
gene_1318,0.20197179792251296,0.21189907733417487,0.23571794966090748,0.35041117508240466
gene_1319,0.1331395893868035,0.1992574483808547,0.2675469905353242,0.40005597169701756
gene_1320,0.2163778992901382,0.18133021805497818,0.21523508277183748,0.38705679988304603
gene_1321,0.18466729484362823,0.3274114859239741,0.23358978773335132,0.2543314314990463
gene_1322,0.11597253172913877,0.2224589845968372,0.356375168241376,0.305193315432648
gene_1323,0.16611951955628856,0.22447599649747774,0.29192833311053784,0.3174761508356959
gene_1324,0.18858410128010109,0.27076649447989887,0.30687070364351715,0.23377870059648298
gene_1325,0.1888545517481966,0.17000763799708518,0.3655105617467764,0.2756272485079418
gene_1326,0.20213033987404144,0.2377525198698958,0.3370181415251871,0.22309899873087555
gene_1327,0.16969934500099754,0.2678417101841019,0.2673197541738754,0.29513919064102523
gene_1328,0.17989104980030718,0.16894645701190858,0.34332082003948977,0.30784167314829447
gene_1329,0.17102312009939413,0.2338181659581781,0.29066538824733057,0.30449332569509724
gene_1330,0.16056863437707922,0.21177935266190845,0.334125525900416,0.29352648706059636
gene_1331,0.21681558549185914,0.24361451395519537,0.31813365810324185,0.22143624244970364
gene_1332,0.15561134224416837,0.241204875362948,0.26226535157562875,0.3409184308172549
gene_1333,0.21598423903142525,0.22939740764645214,0.29554347487650107,0.25907487844562166
gene_1334,0.13871447405684326,0.2090048758251756,0.33824473075354433,0.3140359193644369
gene_1335,0.20231563808158362,0.24019630681872634,0.41766178167308327,0.13982627342660675
gene_1336,0.1103804182368541,0.3313748523879787,0.304263591330935,0.2539811380442322
gene_1337,0.20417790234094882,0.2531046621249239,0.29386142552581823,0.24885601000830898
gene_1338,0.1651387799004849,0.19204852995017097,0.43714898363069465,0.20566370651864943
gene_1339,0.16279108217811375,0.1846110872127363,0.33723453117918284,0.31536329942996705
gene_1340,0.19611947318004982,0.23950106790183318,0.27721333578294155,0.28716612313517553
gene_1341,0.20501043586396955,0.26769852068367356,0.29117476567922823,0.23611627777312857
gene_1342,0.18502509832681133,0.16754908702021454,0.38975402263189246,0.25767179202108165
gene_1343,0.20716682207171935,0.21568141558030993,0.261469760023918,0.31568200232405286
gene_1344,0.18439764763314345,0.18344141299936081,0.30597892683156847,0.32618201253592727
gene_1345,0.13993890194234432,0.24158343487754855,0.3282277098239667,0.29024995335614046
gene_1346,0.14272666668823178,0.31886851065697813,0.2139508242728729,0.3244539983819172
gene_1347,0.1790994487943427,0.2808031796464351,0.2758123924410507,0.2642849791181714
gene_1348,0.20401177163808484,0.22885279742933784,0.22775921566652635,0.339376215266051
gene_1349,0.22831390564593898,0.25897674267187476,0.19928210155640896,0.3134272501257772
gene_1350,0.19528569421875608,0.23500850491004682,0.33006296470438823,0.2396428361668087
gene_1351,0.1897758696124055,0.1675037134932536,0.1854619111640681,0.45725850573027277
gene_1352,0.18370831546525063,0.23311650188236524,0.2867862494049328,0.29638893324745136
gene_1353,0.3121274506183755,0.4144098994645876,0.20535235693489384,0.06811029298214305
gene_1354,0.17841801711872973,0.20036885956346057,0.33100558884627107,0.2902075344715386
gene_1355,0.15996832230494096,0.1550621098235915,0.43190017207195935,0.2530693957995083
gene_1356,0.2021115552195272,0.25622647482622674,0.19797934061330358,0.3436826293409425
gene_1357,0.24778623382887038,0.2475347734417769,0.19197961798714355,0.3126993747422092
gene_1358,0.18090075465327668,0.24829766075822632,0.3518747732673974,0.21892681132109953
gene_1359,0.18161478760440763,0.2518222984644735,0.24600969041832565,0.32055322351279325
gene_1360,0.1774997132961583,0.26188046000573,0.281949688440687,0.27867013825742465
gene_1361,0.19518074999447566,0.17460143561870411,0.24759898957392945,0.3826188248128907
gene_1362,0.17378570677938457,0.2507589136549908,0.300354164547824,0.2751012150178007
gene_1363,0.23962359751750192,0.17041487950204148,0.25492511625695835,0.3350364067234983
gene_1364,0.18778732615950713,0.2506205334852196,0.253449999463948,0.3081421408913253
gene_1365,0.17252349208551185,0.23941467615665193,0.31522480299768,0.27283702876015614
gene_1366,0.18665900297035004,0.24496990705427457,0.32468087348183383,0.24369021649354147
gene_1367,0.19843881332766689,0.21410629222030284,0.22613900003962809,0.3613158944124021
gene_1368,0.21294880813841086,0.18382209984492698,0.26193309803357345,0.34129599398308874
gene_1369,0.14579439065001462,0.18235184102277302,0.335232616699583,0.33662115162762934
gene_1370,0.25814404848222794,0.14881126836437095,0.31818487447514876,0.2748598086782522
gene_1371,0.2073459093657427,0.2774393431988687,0.3404520057803114,0.17476274165507721
gene_1372,0.18867597196878538,0.2510598197238768,0.3100846991181405,0.25017950918919735
gene_1373,0.21480109293720098,0.16474311202780315,0.3094748361807095,0.3109809588542862
gene_1374,0.16632674449317134,0.2247932854121183,0.28797283063922513,0.32090713945548516
gene_1375,0.1637084004156821,0.2637748920375606,0.30026643224225097,0.27225027530450635
gene_1376,0.17402954299137866,0.2519820264237646,0.2707514004766627,0.30323703010819414
gene_1377,0.17840868534141427,0.19636222365671935,0.2655729686064865,0.3596561223953797
gene_1378,0.19931645414154292,0.299425628540471,0.28200658091082353,0.21925133640716252
gene_1379,0.2037940089490419,0.147816436594483,0.3349444954649126,0.3134450589915624
gene_1380,0.20491456660296437,0.26102601008187226,0.22296850667453819,0.31109091664062516
gene_1381,0.19452131056532102,0.2023904722826265,0.25785237588741206,0.3452358412646404
gene_1382,0.14496678089497766,0.2700126779883477,0.29911188352749635,0.28590865758917827
gene_1383,0.17103027075339075,0.24540945515679752,0.33574043140086923,0.24781984268894247
gene_1384,0.10982898592242059,0.2527589079927923,0.4158184533552924,0.22159365272949463
gene_1385,0.19339853181316027,0.2430848416984812,0.25953590717739505,0.3039807193109635
gene_1386,0.14108531746853673,0.2157424432884312,0.3728426447108759,0.27032959453215605
gene_1387,0.30418583504132096,0.30785965935471066,0.29466074387617874,0.09329376172778965
gene_1388,0.2845179861953877,0.23357207778549227,0.2122661058720347,0.26964383014708526
gene_1389,0.15953073114248612,0.20667907635529867,0.2821941306558186,0.35159606184639663
gene_1390,0.2147010931634155,0.2370221760946621,0.22685103650676552,0.32142569423515677
gene_1391,0.13840331655315488,0.2677848985030252,0.28998316542666797,0.30382861951715195
gene_1392,0.18822156250834302,0.2450332665751401,0.26003818155189357,0.3067069893646233
gene_1393,0.2597789270887806,0.2125342261443611,0.26374208642793073,0.26394476033892766
gene_1394,0.1684203810859295,0.16676869575369613,0.25906878384796633,0.40574213931240805
gene_1395,0.17311172883251458,0.22494294427543415,0.29427265211892584,0.3076726747731254
gene_1396,0.29856671875971413,0.21995046985766828,0.16163172583348365,0.31985108554913405
gene_1397,0.20488251440180855,0.22035209565663322,0.24548923727256766,0.32927615266899063
gene_1398,0.20095606164767574,0.1910817689794972,0.3274191728218534,0.28054299655097376
gene_1399,0.16753670933626238,0.24570580722468385,0.2858746743258328,0.300882809113221
gene_1400,0.16225304298202037,0.22236981753598,0.3785849065150052,0.2367922329669943
gene_1401,0.17139767292265232,0.13088362980349005,0.2742324287403572,0.4234862685335004
gene_1402,0.2215510492059722,0.1777975161070229,0.3220142689029979,0.278637165784007
gene_1403,0.15779510273960612,0.2726824263411455,0.34594586223614177,0.22357660868310655
gene_1404,0.1886064163659553,0.16063215487728424,0.3456367804798696,0.3051246482768908
gene_1405,0.26012116666320556,0.007353507482815527,0.4293957577300811,0.30312956812389774
gene_1406,0.21689978479631464,0.20644856217103522,0.30886053090826543,0.2677911221243848
gene_1407,0.15526705917853276,0.21213985998429138,0.3272755939040404,0.3053174869331355
gene_1408,0.2313145094135598,0.1945920545186963,0.32760147769678755,0.24649195837095633
gene_1409,0.17420442974970354,0.17237896588466767,0.4056693382503749,0.24774726611525397
gene_1410,0.17238871721745483,0.26954880452226476,0.2846358856367411,0.2734265926235394
gene_1411,0.20692619637616777,0.21211566550765437,0.35285203926310527,0.22810609885307256
gene_1412,0.2471709386483075,0.12782444020693112,0.3495168192638757,0.27548780188088584
gene_1413,0.17693243037132922,0.24776604567462052,0.2477197866753632,0.3275817372786871
gene_1414,0.22332414579194196,0.14676966523587334,0.28084591321187236,0.3490602757603123
gene_1415,0.20350714335866915,0.17453954319639356,0.3360180488902469,0.28593526455469037
gene_1416,0.19920738458530826,0.3170090529501265,0.24183411357587095,0.24194944888869432
gene_1417,0.22898709809029077,0.15953091887175735,0.3592907606003819,0.25219122243757
gene_1418,0.21330172482020837,0.21837781950886573,0.26043126562341695,0.30788919004750903
gene_1419,0.1155734580119963,0.26799164464290803,0.3655910279120777,0.25084386943301795
gene_1420,0.2181038348832073,0.2536164094105031,0.15998295261076836,0.36829680309552115
gene_1421,0.2500936462427391,0.19906987912940718,0.26922356330607866,0.2816129113217749
gene_1422,0.15677525372111237,0.2844372033352229,0.23403156808316333,0.32475597486050145
gene_1423,0.20127785492799322,0.19904122369746652,0.22088166619171393,0.3787992551828263
gene_1424,0.17406379981731687,0.20151864274750528,0.32787782078062366,0.2965397366545542
gene_1425,0.20896674731642378,0.1678708962316601,0.32486719141308346,0.29829516503883274
gene_1426,0.1826392974592088,0.21336422808835545,0.30112822608946804,0.3028682483629678
gene_1427,0.16175141871776968,0.2376309307020806,0.3443465099490085,0.2562711406311412
gene_1428,0.15868308079543914,0.19578847498241245,0.39315242402548223,0.2523760201966662
gene_1429,0.21979506252826123,0.22466900270113246,0.32657242323921437,0.22896351153139205
gene_1430,0.16824845746993364,0.1709825321080552,0.3175969530291231,0.3431720573928882
gene_1431,0.19676243959489148,0.28172608534117255,0.282519308094497,0.23899216696943895
gene_1432,0.2638588107884982,0.2980682099841727,0.2836410972563409,0.1544318819709882
gene_1433,0.18907909879867238,0.2319666139136782,0.22214413703490957,0.3568101502527399
gene_1434,0.15713355641873888,0.3021420894459121,0.25746174101098457,0.28326261312436446
gene_1435,0.1743347201742601,0.2526223702219943,0.27521845228189956,0.29782445732184615
gene_1436,0.13044043906599828,0.19891820310811126,0.35661585034852095,0.31402550747736957
gene_1437,0.14377404401166127,0.21060561585623536,0.3697975011325217,0.2758228389995817
gene_1438,0.13809462612785936,0.2247414717150723,0.26590068396369176,0.3712632181933767
gene_1439,0.20816525525728188,0.21983365532777713,0.28337074292315495,0.288630346491786
gene_1440,0.16313548453235271,0.23412848213196624,0.26955220737662444,0.3331838259590566
gene_1441,0.24056737725005783,0.19145788689103377,0.35993094768635225,0.20804378817255625
gene_1442,0.1383067070013231,0.21920791169142656,0.36522809227595915,0.27725728903129115
gene_1443,0.07010140360438373,0.2595934987493115,0.23011718386516863,0.44018791378113603
gene_1444,0.20400413768584097,0.2629635086543288,0.2894925449006533,0.24353980875917688
gene_1445,0.1753074110599661,0.2321923974103179,0.3300733781750786,0.2624268133546374
gene_1446,0.11796135267542855,0.21141368798164903,0.2854562988268204,0.38516866051610205
gene_1447,0.2291846486778964,0.18209490601754655,0.3511578492249127,0.23756259607964433
gene_1448,0.21604838842978907,0.26493039142286484,0.2699090910216708,0.24911212912567532
gene_1449,0.22895373108857514,0.252990825125679,0.28761886563935674,0.2304365781463891
gene_1450,0.223117164082417,0.01649562880026914,0.3839052223245587,0.37648198479275513
gene_1451,0.2345549405308344,0.22313107403183435,0.23909456024528525,0.303219425192046
gene_1452,0.2024134237493345,0.3223213366545077,0.276205937916785,0.19905930167937286
gene_1453,0.26846662537031224,0.14533363753995365,0.21546787184497837,0.37073186524475565
gene_1454,0.11529884083133525,0.23437133444606267,0.2666737956346576,0.38365602908794455
gene_1455,0.185258276648058,0.16389455140746473,0.3937969900708875,0.25705018187358986
gene_1456,0.18060494160489032,0.18321760300889042,0.3664095127014303,0.2697679426847889
gene_1457,0.2501559848512434,0.26095917643314664,0.24495073133975864,0.24393410737585133
gene_1458,0.05185322109654233,0.16954457489211158,0.39023379644404865,0.3883684075672975
gene_1459,0.17449861523883187,0.24044546290341498,0.2644028723419719,0.32065304951578116
gene_1460,0.19096637266924882,0.2668697194281691,0.31001872773034145,0.23214518017224048
gene_1461,0.16772053596787015,0.29183957412224343,0.26717993331139567,0.2732599565984907
gene_1462,0.15500870582554085,0.2399027532670675,0.27698220911158844,0.3281063317958033
gene_1463,0.16938106072917436,0.26880916514796654,0.2966889866740161,0.26512078744884293
gene_1464,0.24360382795050828,0.25048677647233775,0.19664589428101184,0.30926350129614216
gene_1465,0.1707572567180534,0.24463837010731967,0.2601938561222076,0.32441051705241947
gene_1466,0.20441687254636576,0.22224455451832317,0.3137894138197396,0.25954915911557147
gene_1467,0.16753116667590173,0.24263122113401325,0.31956559626070874,0.27027201592937616
gene_1468,0.17183874076370853,0.22772839914739681,0.31639990347283636,0.28403295661605826
gene_1469,0.13196251045918475,0.2803452301637444,0.17977236817891787,0.40791989119815303
gene_1470,0.20693516579898372,0.23401120135174425,0.29160614066265295,0.26744749218661906
gene_1471,0.1986879184058318,0.1742029855093541,0.3868603388362166,0.24024875724859754
gene_1472,0.17947500695696708,0.23844641825570453,0.29409886777338834,0.28797970701394
gene_1473,0.18286875743543687,0.2864172004460606,0.41825496213866886,0.11245907997983373
gene_1474,0.2167216276059359,0.18643463425391843,0.32220337169859337,0.2746403664415522
gene_1475,0.2087909088303917,0.30178106653544273,0.1058779580252502,0.3835500666089154
gene_1476,0.230373470180177,0.18591861771644133,0.28714285295903363,0.296565059144348
gene_1477,0.16571432252154966,0.22057344046341518,0.2528282801129049,0.3608839569021301
gene_1478,0.3416202511024157,0.17997103321673835,0.36181775729387977,0.1165909583869662
gene_1479,0.18238646075196738,0.2543026659693454,0.33217922612320666,0.23113164715548054
gene_1480,0.22326383354592166,0.26182256454256125,0.30855191553385986,0.20636168637765723
gene_1481,0.23129382113776825,0.2669900131635358,0.313410268051192,0.1883058976475039
gene_1482,0.20765324063810708,0.19993012331220336,0.3432274278424652,0.24918920820722434
gene_1483,0.14804594571579327,0.19534835573986842,0.2253852214229517,0.4312204771213866
gene_1484,0.1710536888362929,0.21644717809238773,0.31173861283141435,0.30076052023990496
gene_1485,0.182449512607358,0.2767753401212029,0.2861208898112922,0.2546542574601468
gene_1486,0.2305386578639336,0.1839161590202757,0.27264777177906685,0.31289741133672383
gene_1487,0.17260461121241769,0.17098909920531014,0.31705361817491107,0.3393526714073611
gene_1488,0.2476763213521232,0.21459890455684216,0.27119043927515113,0.2665343348158836
gene_1489,0.24976461487011786,0.25247821066165016,0.09030081735877948,0.40745635710945255
gene_1490,0.2383803770572706,0.19545074946673488,0.264520737786557,0.30164813568943744
gene_1491,0.17093620825393793,0.24875915850695773,0.32873015904022557,0.2515744741988788
gene_1492,0.19324958029503614,0.1619718522413975,0.3421206426941765,0.30265792476938974
gene_1493,0.20929958466422502,0.23922233121413494,0.3146918239657281,0.23678626015591198
gene_1494,0.3380123985705138,0.1825131913689423,0.27171374536873605,0.2077606646918078
gene_1495,0.16249401798221558,0.15287799755718032,0.348739089171096,0.3358888952895081
gene_1496,0.16517131487697526,0.208503982859393,0.36628930241089164,0.26003539985274016
gene_1497,0.14591694228124277,0.14469128346082719,0.32945402656638334,0.37993774769154665
gene_1498,0.18513791827294643,0.22312811186774092,0.3055860552094937,0.286147914649819
gene_1499,0.20331318682581068,0.22222853898240547,0.29690323335109764,0.2775550408406863
gene_1500,0.17070670532838791,0.28001863894289186,0.25459874649535374,0.2946759092333665
gene_1501,0.1616793616991664,0.22502375221019563,0.3764387330811608,0.23685815300947713
gene_1502,0.14939666612535918,0.22969317448105572,0.24345827414002003,0.37745188525356516
gene_1503,0.3483524738494664,0.4121958058279046,0.19173676236787204,0.047714957954757144
gene_1504,0.19088132732087518,0.2561045383267223,0.24468504096390326,0.30832909338849923
gene_1505,0.2124017075424714,0.19925131246849792,0.31577696147392215,0.2725700185151086
gene_1506,0.1804168435771692,0.20323717914441586,0.2885550553999166,0.3277909218784983
gene_1507,0.11978249068357828,0.2403734422822716,0.35481582110333343,0.2850282459308167
gene_1508,0.13598038212516508,0.26924128019378396,0.28791267923638514,0.30686565844466585
gene_1509,0.1552156262812518,0.20424302008696696,0.3310074586328089,0.3095338949989723
gene_1510,0.15648941552416681,0.21589342723183857,0.3778772609546189,0.2497398962893757
gene_1511,0.21671335264738714,0.27982415093460916,0.2743628212632819,0.22909967515472188
gene_1512,0.21407314318580908,0.21186834722700107,0.3119257529183603,0.2621327566688295
gene_1513,0.20913133641069334,0.2131023258441585,0.29187676748168395,0.2858895702634641
gene_1514,0.24458857970453737,0.2550865512267962,0.24349667282885087,0.25682819623981556
gene_1515,0.08842486588382772,0.16111615040365168,0.33049376738680764,0.41996521632571293
gene_1516,0.23292734975051638,0.15739620150532266,0.2914834818952253,0.3181929668489356
gene_1517,0.16913283437489146,0.2623638483254327,0.28229727892872464,0.28620603837095127
gene_1518,0.11144071682141492,0.2378594347730904,0.3328905681601736,0.31780928024532107
gene_1519,0.16534558479939468,0.23732804446203,0.32661287672904726,0.27071349400952804
gene_1520,0.24561413924804332,0.20731115838180392,0.20425607926809178,0.34281862310206096
gene_1521,0.2128118141906587,0.2420867068670369,0.27760727310642724,0.2674942058358772
gene_1522,0.19662385791233553,0.17343312496069688,0.3156737434579471,0.3142692736690205
gene_1523,0.27531694913570937,0.23624507178686704,0.19810054452231438,0.29033743455510913
gene_1524,0.2385534902020244,0.2566852596016044,0.17715691158127336,0.3276043386150978
gene_1525,0.2100401725040795,0.110025738534889,0.34261864343857723,0.33731544552245424
gene_1526,0.1397617437212658,0.19906498420129332,0.37010823716193053,0.29106503491551033
gene_1527,0.18510804794657681,0.2142160970874177,0.28042065446594633,0.3202552005000593
gene_1528,0.1674876739103828,0.33266638367491835,0.1919628119746473,0.30788313044005156
gene_1529,0.22111686028478741,0.2627963247699295,0.19451165555663832,0.32157515938864467
gene_1530,0.12912672374330195,0.20255019210401123,0.3144581589002654,0.3538649252524215
gene_1531,0.1967485796569108,0.25068497241810694,0.2593328671810899,0.2932335807438923
gene_1532,0.1688003001958781,0.22120141785241468,0.2797360722636908,0.3302622096880164
gene_1533,0.22789533789805536,0.18659828725858113,0.3424681761263499,0.24303819871701354
gene_1534,0.18250406710386197,0.2358045975582952,0.30250934591701284,0.2791819894208299
gene_1535,0.16728240664225774,0.2275629191642834,0.3085841683410103,0.29657050585244854
gene_1536,0.1937360725655836,0.19083974433911643,0.2846360637257192,0.3307881193695807
gene_1537,0.1412169808753212,0.2089557034094491,0.22141701576106773,0.42841029995416197
gene_1538,0.1599466594219613,0.23515390539787295,0.30815514057265436,0.2967442946075114
gene_1539,0.160046875033181,0.10639625424966923,0.2719192790744289,0.46163759164272083
gene_1540,0.3301217750505283,0.10775476241513447,0.3416480699022365,0.22047539263210064
gene_1541,0.22238276871892765,0.19628673565228602,0.26121578683412927,0.320114708794657
gene_1542,0.13312806939198069,0.20305709190729476,0.31568634210836255,0.34812849659236195
gene_1543,0.17847244855978298,0.19913884942919108,0.358598447007002,0.2637902550040239
gene_1544,0.1962109330143628,0.21281751078427957,0.298674678586819,0.29229687761453865
gene_1545,0.19516032062737754,0.2695777312317027,0.2835117795485515,0.2517501685923682
gene_1546,0.17411412201720117,0.20136767640694875,0.36284085344573574,0.2616773481301143
gene_1547,0.208678174708849,0.23904133150713666,0.17866566662442787,0.37361482715958655
gene_1548,0.1570284605917589,0.2324974702456787,0.3667761424019014,0.24369792676066102
gene_1549,0.19367889001899155,0.16296050001518156,0.3315479766979711,0.3118126332678557
gene_1550,0.15516707452939923,0.24652270361363696,0.30211735618998886,0.296192865666975
gene_1551,0.2265375884186214,0.24363978155286606,0.2646448695448291,0.26517776048368347
gene_1552,0.17705751013175883,0.1826849020018439,0.38963825953544623,0.25061932833095096
gene_1553,0.18612901186399236,0.2099273042362659,0.2952680954241793,0.30867558847556237
gene_1554,0.20211925531634772,0.15654399607970834,0.3648012144152813,0.2765355341886626
gene_1555,0.22460043355349935,0.19527443926202676,0.3082549453533898,0.27187018183108425
gene_1556,0.18224220909848313,0.24037511327994093,0.23017836363848862,0.34720431398308726
gene_1557,0.14117282647018625,0.21934983511122397,0.346830924516514,0.2926464139020758
gene_1558,0.3297942096123292,0.25197171737219204,0.16463792084565548,0.25359615216982323
gene_1559,0.21924764056465892,0.2590263139681505,0.19546496249887535,0.32626108296831524
gene_1560,0.23714809708281992,0.19481096074235468,0.19943990969793896,0.36860103247688647
gene_1561,0.17714243263485321,0.2337400457958276,0.3474877377810702,0.24162978378824893
gene_1562,0.12978694758024134,0.23920742378246576,0.3206125484555554,0.3103930801817375
gene_1563,0.21338183705507885,0.18144928934438315,0.31701334094939987,0.28815553265113825
gene_1564,0.23032742252532154,0.21090178209823934,0.3127937686222672,0.24597702675417188
gene_1565,0.19765107193043793,0.2409472754842653,0.33513636577016853,0.22626528681512817
gene_1566,0.19961153233434387,0.22027116965146015,0.2865665302048858,0.29355076780931016
gene_1567,0.16000531826146483,0.20346371545228684,0.28188604444565774,0.3546449218405906
gene_1568,0.17691708658135002,0.2820190283092759,0.24505460485679537,0.2960092802525788
gene_1569,0.16702106796044847,0.2745256852856564,0.2878707308983289,0.27058251585556614
gene_1570,0.17858670927336506,0.14053219862700506,0.30260135414773726,0.3782797379518926
gene_1571,0.22139904438295216,0.2124568682726387,0.2592113677427827,0.30693271960162644
gene_1572,0.18458519724838887,0.21923155277971068,0.2783283975219273,0.3178548524499733
gene_1573,0.15094764185297738,0.23221660179814124,0.29158466396384564,0.32525109238503574
gene_1574,0.22525425738738014,0.20321627202210793,0.20979330865361262,0.3617361619368994
gene_1575,0.1740634232236432,0.21389531670683398,0.30252480442198043,0.30951645564754227
gene_1576,0.2189497848944753,0.18851952154695692,0.2602544069639105,0.3322762865946572
gene_1577,0.2141586166147046,0.257684472113869,0.3352802894592675,0.19287662181215884
gene_1578,0.19839540122310245,0.1201824312738893,0.3213755324565154,0.36004663504649287
gene_1579,0.20826389980044108,0.19869138835628128,0.3190769973047742,0.2739677145385035
gene_1580,0.1738424491243984,0.23902779182920245,0.30371807865218736,0.2834116803942117
gene_1581,0.179737339763849,0.22450484825466832,0.34557662813780654,0.25018118384367627
gene_1582,0.21840515729567714,0.20153196210141194,0.3023580250368108,0.27770485556610014
gene_1583,0.1831903145232514,0.26302970146583576,0.27856391381837503,0.27521607019253785
gene_1584,0.20351882150024983,0.27192970219858686,0.2681433046400672,0.2564081716610961
gene_1585,0.2021801526769163,0.19556311127983722,0.28234811591126785,0.3199086201319786
gene_1586,0.2707125297949174,0.19696260559592957,0.20496687033647673,0.32735799427267637
gene_1587,0.08224534000875074,0.017467494542251296,0.48603766079159016,0.41424950465740784
gene_1588,0.3161924349500813,0.10751349342909435,0.26458186352317464,0.31171220809764977
gene_1589,0.21202846465058492,0.24148672128831672,0.2741201044737304,0.27236470958736797
gene_1590,0.2751219662253258,0.1885668028158425,0.26681971207878413,0.2694915188800476
gene_1591,0.18052283831427893,0.2100720010028444,0.27679562720959533,0.3326095334732814
gene_1592,0.1836525684273221,0.2412371303335873,0.36623725778171556,0.20887304345737503
gene_1593,0.2043576251056817,0.16201082263589384,0.34329514066948297,0.29033641158894147
gene_1594,0.17807241860674936,0.2144290875128257,0.2839027438882942,0.32359574999213087
gene_1595,0.2184292031740604,0.26802082184496856,0.2715566596504121,0.24199331533055887
gene_1596,0.29522121221298087,0.212448860281653,0.29094571256049534,0.20138421494487085
gene_1597,0.11464249994402939,0.16902360946314854,0.3304177114195447,0.38591617917327736
gene_1598,0.25080606652022575,0.30884308239328245,0.21845512638520348,0.2218957247012883
gene_1599,0.2159004671983304,0.2507987965129764,0.23024921034901372,0.3030515259396795
gene_1600,0.21224972975735087,0.22694171110062056,0.2926374965334415,0.2681710626085871
gene_1601,0.18043203603479643,0.19790462507963058,0.2494314640030113,0.3722318748825616
gene_1602,0.18992576169619527,0.21440475012264765,0.3322618423082742,0.26340764587288296
gene_1603,0.11705284310491659,0.19026515849701353,0.3602875999599674,0.3323943984381024
gene_1604,0.18121425961140597,0.17154533497502356,0.3164488923440246,0.33079151306954596
gene_1605,0.1704250510305378,0.20874520586756012,0.3293629066351183,0.2914668364667838
gene_1606,0.1492989401391196,0.20658848309423988,0.3543049367094549,0.28980764005718557
gene_1607,0.23697269086746403,0.30004609383986747,0.20305313365130997,0.25992808164135855
gene_1608,0.18730645867473242,0.19837399846651066,0.3032193090162436,0.3111002338425133
gene_1609,0.15602385653872103,0.20269237068982585,0.3088283910588614,0.3324553817125918
gene_1610,0.16654712457231746,0.21079503267516458,0.28489805000254154,0.3377597927499765
gene_1611,0.17886354776264912,0.22074643479734585,0.3014115067549179,0.2989785106850872
gene_1612,0.1886153150510075,0.21109638417575713,0.2918995405624478,0.30838876021078765
gene_1613,0.18293220531479654,0.25189539628685764,0.2881534368396972,0.2770189615586485
gene_1614,0.14714999547970323,0.21714989212589597,0.33287232457519805,0.30282778781920283
gene_1615,0.18587351767826202,0.26087620967733643,0.30813091965906964,0.24511935298533197
gene_1616,0.16150642042564634,0.3001612229210687,0.24453864347999385,0.2937937131732911
gene_1617,0.15898877816327006,0.21067183471670894,0.27375047779503914,0.3565889093249819
gene_1618,0.14392543597706764,0.35076290959651946,0.262765997663731,0.24254565676268194
gene_1619,0.14903527512496564,0.2749940744054309,0.2163220674489104,0.3596485830206931
gene_1620,0.12862893891554494,0.19506336910884575,0.2880036941435743,0.388303997832035
gene_1621,0.23038660597866317,0.26437580991594817,0.1739345005715022,0.3313030835338865
gene_1622,0.16807063750557427,0.21642890923412225,0.3258870096075585,0.28961344365274494
gene_1623,0.17914032424451531,0.22478971259734545,0.26594689494472556,0.33012306821341375
gene_1624,0.14930166154947178,0.2275637712322873,0.32450473486414905,0.29862983235409185
gene_1625,0.15333555381424469,0.2885163835902602,0.2223045892169677,0.3358434733785273
gene_1626,0.137875234621387,0.14891819873046305,0.36244637583567524,0.35076019081247467
gene_1627,0.1775485161624138,0.2598403538321061,0.31142338712912443,0.2511877428763557
gene_1628,0.20503878837322662,0.2636021233488252,0.27353946649164934,0.2578196217862988
gene_1629,0.19309337099095905,0.2285698330130378,0.30221867823693394,0.27611811775906936
gene_1630,0.18096724338218667,0.24909420290090517,0.34112320448895483,0.22881534922795332
gene_1631,0.17118541475464868,0.22287436964705887,0.3147527173799851,0.2911874982183073
gene_1632,0.15887382314514145,0.2086864682934552,0.3116309791375627,0.32080872942384064
gene_1633,0.23675135926337895,0.18246854811185903,0.25306067012787165,0.32771942249689034
gene_1634,0.20040525821436475,0.20846146771594212,0.198323945018388,0.3928093290513051
gene_1635,0.2094172109728371,0.23747708506006077,0.310350653536867,0.2427550504302351
gene_1636,0.20841685430930265,0.24721406638974602,0.26894360095112485,0.2754254783498265
gene_1637,0.013452374672942455,0.22241620558110248,0.4116706559200993,0.3524607638258558
gene_1638,0.1575773542545647,0.2497112215648797,0.3144043409999759,0.2783070831805797
gene_1639,0.2368901549729306,0.18601629203404263,0.22514234262040103,0.35195121037262583
gene_1640,0.16683742686481917,0.2004791768136688,0.3280411818515946,0.30464221446991746
gene_1641,0.1995525763293297,0.19055633517025772,0.2647132232819873,0.34517786521842525
gene_1642,0.03794298310090776,0.3273353223148974,0.3833581028434531,0.2513635917407417
gene_1643,0.16277296019823703,0.22535574794260346,0.32081557217220275,0.2910557196869568
gene_1644,0.2626700422212651,0.1302853340830859,0.2306950657278059,0.376349557967843
gene_1645,0.15510030172428024,0.2814949601316181,0.3983193790755611,0.16508535906854044
gene_1646,0.23263382383307896,0.16675759526366013,0.2713871654025489,0.32922141550071193
gene_1647,0.20458690308030936,0.24920903040433198,0.29538553510017995,0.25081853141517874
gene_1648,0.20903404653113414,0.2672097018889343,0.21633422883603826,0.3074220227438933
gene_1649,0.2853591346015232,0.24225067655874824,0.24501175910095546,0.22737842973877298
gene_1650,0.15647432110994133,0.18054385347084712,0.3542915333986761,0.3086902920205355
gene_1651,0.17752809767404815,0.24001633382412654,0.26698054450601333,0.31547502399581195
gene_1652,0.18784632088628175,0.21856328615428353,0.2747893865139369,0.3188010064454978
gene_1653,0.13166123650057013,0.1313812997416001,0.39123429408737603,0.34572316967045374
gene_1654,0.1620060613571043,0.24552905320729193,0.38338674177077325,0.20907814366483052
gene_1655,0.2129747417039489,0.21841605636168818,0.25434344181801055,0.31426576011635243
gene_1656,0.13181142148563482,0.2898480151449591,0.3583544084906938,0.2199861548787122
gene_1657,0.13149359852114165,0.2516024878699001,0.293864705580423,0.32303920802853536
gene_1658,0.2093277310197628,0.22447209563644976,0.2625357828277922,0.30366439051599525
gene_1659,0.18946917064726154,0.2155046584867689,0.30146712320889046,0.29355904765707913
gene_1660,0.1573830215297577,0.28960647782461,0.2951006827363869,0.25790981790924533
gene_1661,0.21549296666074771,0.23588101940174602,0.3540469846219258,0.19457902931558033
gene_1662,0.18004472254607765,0.35339604877870895,0.19149666934409906,0.2750625593311144
gene_1663,0.16031615694773385,0.2095093451543934,0.29268207716553674,0.33749242073233593
gene_1664,0.13749450079706618,0.25746348807315367,0.24856555430735336,0.35647645682242685
gene_1665,0.22477577669896176,0.22079581487492006,0.29612242566775393,0.2583059827583643
gene_1666,0.00024651775047891336,0.4220099994377049,0.5482673084504515,0.02947617436136493
gene_1667,0.1779226065476486,0.2562377614764605,0.3027150239105935,0.2631246080652973
gene_1668,0.14499042558662956,0.01566517053948606,0.49234737785459887,0.3469970260192854
gene_1669,0.21808121659793198,0.16428952713316186,0.2986967629465376,0.31893249332236856
gene_1670,0.16024144224937487,0.25090543398696175,0.21022619253000732,0.3786269312336561
gene_1671,0.20995965895311566,0.21148745680115977,0.2448292356323429,0.3337236486133816
gene_1672,0.1387735559625109,0.2548564278096472,0.3016001589334953,0.3047698572943466
gene_1673,0.1730146777282145,0.26750983147330376,0.261963695525373,0.2975117952731087
gene_1674,0.12170096262429285,0.22084845949322146,0.28200707308140105,0.37544350480108457
gene_1675,0.19085369555174575,0.22353723463963443,0.364695161130167,0.22091390867845292
gene_1676,0.20998429617387326,0.246404228285113,0.35055512088717816,0.19305635465383564
gene_1677,0.2094168694197376,0.2314935448930558,0.2974907029075703,0.2615988827796363
gene_1678,0.183814445967505,0.1727305771491078,0.34675774803793685,0.29669722884545036
gene_1679,0.1909610576894345,0.175876614464497,0.3858203185925171,0.24734200925355143
gene_1680,0.17710057836513454,0.22891997861151192,0.24177596911502092,0.3522034739083326
gene_1681,0.13660723989457207,0.11668789532271572,0.3830768345850278,0.36362803019768436
gene_1682,0.19771572435409374,0.25544610221340835,0.16213303963106693,0.38470513380143095
gene_1683,0.160572318551594,0.23105867837018954,0.34383002552533604,0.2645389775528804
gene_1684,0.20454868356333675,0.20821905026508775,0.30434271022425585,0.2828895559473196
gene_1685,0.20597373646097306,0.20742658230039013,0.30968917606874724,0.2769105051698896
gene_1686,0.23469169840138465,0.2596466726027655,0.2800150332645057,0.22564659573134407
gene_1687,0.2081857146045635,0.23949688908608427,0.2594870864825304,0.2928303098268218
gene_1688,0.152281233123838,0.26954833418633983,0.23637457471673082,0.3417958579730914
gene_1689,0.24263790539024652,0.1256317527036567,0.2955407562399465,0.33618958566615026
gene_1690,0.21161541916225765,0.23870697131630322,0.1786849725792567,0.3709926369421825
gene_1691,0.11638775612051905,0.24414772079821312,0.3404462430428831,0.2990182800383846
gene_1692,0.18377704706933767,0.33202688825725607,0.263965297202688,0.2202307674707183
gene_1693,0.21436727727338986,0.22249106062307164,0.2886359768981312,0.2745056852054073
gene_1694,0.19656613393661754,0.28935192682640376,0.2500202941755077,0.2640616450614711
gene_1695,0.1665051571419709,0.22484526262900373,0.3287859274638864,0.27986365276513897
gene_1696,0.1944632227079722,0.22902930615694003,0.2881268762384847,0.28838059489660306
gene_1697,0.17627582206562803,0.26276573066719094,0.2658403617854399,0.2951180854817411
gene_1698,0.21246093265270824,0.20848210316183338,0.345894623860718,0.23316234032474034
gene_1699,0.265230544647866,0.26128559311480787,0.18839678417521682,0.28508707806210926
gene_1700,0.17146872329624008,0.24787666662752478,0.27710106842417176,0.30355354165206333
gene_1701,0.20873794253937927,0.3033271008374747,0.22286383047448863,0.26507112614865735
gene_1702,0.1791850662771703,0.20811741540140696,0.32204058098503896,0.2906569373363838
gene_1703,0.20296715201400267,0.27655847621271207,0.29304385929640864,0.22743051247687665
gene_1704,0.17504212425535917,0.24793259227796144,0.33423342717540233,0.242791856291277
gene_1705,0.18513736914218246,0.23908477453934365,0.2702849444328518,0.30549291188562205
gene_1706,0.08982508917665545,0.18956569844122223,0.3807872374921053,0.3398219748900171
gene_1707,0.199612387714545,0.22823871399866624,0.26446337807029363,0.30768552021649515
gene_1708,0.17827280957011235,0.18391613986917968,0.26342606108063027,0.3743849894800778
gene_1709,0.17210372573084368,0.25881216614500124,0.28689289891600295,0.28219120920815216
gene_1710,0.2589868178741691,0.20319557534344454,0.28101210878118255,0.2568054980012037
gene_1711,0.18236418038055593,0.23182591338285538,0.38752059839799374,0.1982893078385949
gene_1712,0.1908370545422652,0.2083171331865949,0.32412000552329717,0.2767258067478428
gene_1713,0.1831499551789617,0.22397134964327708,0.32854110571900125,0.26433758945875996
gene_1714,0.15683865698634578,0.24400072353369343,0.2735194256598057,0.32564119382015505
gene_1715,0.17396337858229194,0.21178575856365217,0.3210500712818227,0.2932007915722332
gene_1716,0.18558111490584903,0.23420713644049412,0.27345454011994497,0.3067572085337119
gene_1717,0.13961031763027879,0.1947448276924048,0.27530821096405156,0.3903366437132649
gene_1718,0.1324426859019387,0.2292690486895095,0.2844365160140199,0.3538517493945319
gene_1719,0.16804767383693409,0.24344341693450833,0.35018722562146865,0.23832168360708886
gene_1720,0.19503985751965086,0.24448756705126734,0.32725157586854287,0.23322099956053882
gene_1721,0.18800587662068405,0.1868387461870586,0.3475164987375107,0.2776388784547466
gene_1722,0.22660800464974337,0.22982558157509284,0.46241891906859234,0.08114749470657152
gene_1723,0.19064917031487247,0.22300860813679446,0.26029452311730944,0.32604769843102366
gene_1724,0.09958656792045424,0.27268569473994986,0.23627354232165493,0.39145419501794093
gene_1725,0.19766987292683558,0.14732160686123152,0.18492950338472547,0.4700790168272075
gene_1726,0.16287166793210345,0.24565989141134723,0.2930416519480315,0.29842678870851774
gene_1727,0.20297974037370825,0.2622947834479454,0.224125892632073,0.3105995835462733
gene_1728,0.1816758878656976,0.23423751293532522,0.3216426284465113,0.2624439707524659
gene_1729,0.1752366558781028,0.23019393714152267,0.29725164325055975,0.29731776372981483
gene_1730,0.12354334213522702,0.16149150025843995,0.41953022868309514,0.29543492892323786
gene_1731,0.035592253780774165,0.31522988657402184,0.35176834011594216,0.29740951952926187
gene_1732,0.2482936843789967,0.2157508383439648,0.28615922453598536,0.24979625274105322
gene_1733,0.20543277193119278,0.11340608866744445,0.3759805854808526,0.3051805539205102
gene_1734,0.14795790145342583,0.27960029462465436,0.21490065533975283,0.357541148582167
gene_1735,0.17284064350346579,0.2735994898999363,0.32878428661401154,0.22477557998258632
gene_1736,0.2617549725403864,0.22038833267062571,0.2880292390895472,0.22982745569944074
gene_1737,0.21971687062318873,0.31948644227746975,0.18174185019120961,0.2790548369081318
gene_1738,0.15002077058970095,0.2606420046338081,0.33694093220661314,0.2523962925698779
gene_1739,0.30515062558122225,0.15933899114623476,0.2710019743621063,0.26450840891043675
gene_1740,0.20892054951591785,0.2592499432004472,0.2762612250441813,0.25556828223945366
gene_1741,0.19376769487670192,0.18013659858225017,0.30857624645174936,0.3175194600892985
gene_1742,0.20788646110965944,0.14686875053451565,0.34162056621631504,0.30362422213950974
gene_1743,0.1856245451034679,0.22197832520627253,0.2842759018451988,0.3081212278450607
gene_1744,0.13071213687110572,0.2027136919434427,0.2966929760718378,0.36988119511361367
gene_1745,0.21051293570439758,0.25794741413874994,0.2518586266864885,0.279681023470364
gene_1746,0.14691630252020302,0.2254233343937949,0.3309553600580597,0.29670500302794245
gene_1747,0.3662512193438489,0.06647263980814118,0.24997347630874076,0.31730266453926925
gene_1748,0.16206432205444551,0.24074248969541562,0.2603736607917737,0.3368195274583651
gene_1749,0.18900237331245126,0.20395305048875823,0.3685230627386338,0.2385215134601569
gene_1750,0.16016211147624237,0.2358379481763753,0.3035663009541467,0.30043363939323553
gene_1751,0.20951094932978231,0.2379607699658351,0.3216228442931951,0.23090543641118746
gene_1752,0.19494994858837245,0.27092276292207085,0.3316719689410074,0.20245531954854923
gene_1753,0.22823896702341714,0.2166288808932824,0.3165527529300138,0.2385793991532867
gene_1754,0.19000445464198132,0.26174220331965387,0.28235194763054994,0.2659013944078149
gene_1755,0.20706498974947432,0.2613386189463784,0.21629512999697334,0.315301261307174
gene_1756,0.17069982058532188,0.2634538267653198,0.29371493634784046,0.27213141630151794
gene_1757,0.21950929431511898,0.19184450026138464,0.3407322823284391,0.24791392309505733
gene_1758,0.11649207071335164,0.24699187525384816,0.344090006935102,0.2924260470976982
gene_1759,0.1435594065768567,0.23513412207766857,0.32136098955959796,0.29994548178587677
gene_1760,0.15160263252026243,0.2605979420058128,0.24526258676814075,0.3425368387057841
gene_1761,0.21537397810602532,0.18251292674902111,0.3150065419180447,0.2871065532269088
gene_1762,0.26201293691368577,0.21381685576542256,0.20759747045343138,0.3165727368674603
gene_1763,0.14727733769001147,0.17037286362882254,0.3491767248158961,0.3331730738652699
gene_1764,0.20292776511802899,0.23296835608635844,0.29984552378670726,0.2642583550089053
gene_1765,0.13368432843614972,0.24935270042567273,0.33809313765488647,0.2788698334832911
gene_1766,0.21840500935570134,0.21589789960405456,0.24240094231489506,0.32329614872534906
gene_1767,0.2524801990941305,0.21133962986224825,0.2458617077256107,0.29031846331801053
gene_1768,0.14831408470684812,0.1227953048749437,0.42753233860090806,0.3013582718173002
gene_1769,0.15395549009784965,0.2031262167626808,0.3103357844316712,0.3325825087077983
gene_1770,0.22878798020596622,0.24818332884818534,0.26176913833287857,0.2612595526129699
gene_1771,0.20760987656304034,0.23165773387881144,0.30309290450030596,0.25763948505784223
gene_1772,0.21406074026260047,0.21528461312458028,0.24759659040205073,0.32305805621076855
gene_1773,0.14219648926137995,0.3184381520089885,0.19055121685749044,0.34881414187214105
gene_1774,0.21394474917987158,0.2337104132866147,0.27515498462987936,0.2771898529036343
gene_1775,0.23297201174954968,0.26255804779786956,0.08711833238936675,0.4173516080632139
gene_1776,0.1697985359043424,0.23550569631888071,0.24448717321636346,0.3502085945604134
gene_1777,0.18469150068896492,0.18516289351759008,0.33785924909318105,0.292286356700264
gene_1778,0.16849872573636687,0.19155954818468207,0.3363521386781776,0.3035895874007734
gene_1779,0.23897977781287238,0.17655008108468626,0.17391893099774022,0.41055121010470114
gene_1780,0.19705429066077207,0.17271934183015658,0.34059340323239984,0.2896329642766715
gene_1781,0.1125851236334384,0.2272026901292718,0.30010310500264264,0.3601090812346473
gene_1782,0.2044282832224113,0.2557239569142022,0.20200636358974408,0.33784139627364246
gene_1783,0.24388271353898555,0.1848600196316773,0.34855185098660485,0.22270541584273224
gene_1784,0.16487302068438203,0.2102546018762893,0.3822420005035941,0.24263037693573464
gene_1785,0.16641004327362519,0.17730304852134265,0.4462759896753505,0.21001091852968168
gene_1786,0.14663237748225888,0.19654918527955723,0.31093460536577294,0.34588383187241095
gene_1787,0.17048761030529022,0.17394138769529102,0.33577992055362416,0.3197910814457945
gene_1788,0.15632923562153775,0.26960449781327567,0.3187834869828569,0.2552827795823297
gene_1789,0.19661159204346543,0.15865434177395882,0.31183950144835404,0.33289456473422185
gene_1790,0.23864286007038293,0.12673018110979212,0.338402538748307,0.296224420071518
gene_1791,0.2466393671063273,0.1650952295705675,0.20303462681260606,0.3852307765104992
gene_1792,0.1392059960877815,0.26256740004295986,0.3005296098594563,0.2976969940098023
gene_1793,0.19599743069744388,0.20165676022540438,0.2625858216810238,0.33975998739612795
gene_1794,0.12841844186305074,0.243509232592394,0.30930968521978147,0.31876264032477375
gene_1795,0.1505479296684897,0.2652468352639223,0.25758285817936083,0.32662237688822726
gene_1796,0.17978419177201793,0.2509891050357108,0.2928105896195208,0.2764161135727505
gene_1797,0.195815312880484,0.22167924874407235,0.3402646698793911,0.24224076849605258
gene_1798,0.1660587426527807,0.2299657022575181,0.3140005261849039,0.2899750289047972
gene_1799,0.232303611656564,0.2702350546521969,0.27663171511916684,0.22082961857207234
gene_1800,0.15077706794847778,0.2449795796713281,0.20575307483334995,0.39849027754684413
gene_1801,0.21831027130473185,0.22061144455224727,0.2210280294063619,0.340050254736659
gene_1802,0.18486884415547106,0.15910737182625817,0.326087623190661,0.32993616082760985
gene_1803,0.17094955153064456,0.19942493031108013,0.30511541508792184,0.32451010307035344
gene_1804,0.19882467719683555,0.2062387589015663,0.2865071954626127,0.30842936843898544
gene_1805,0.17662505303759715,0.22491792706029226,0.23796354716179394,0.3604934727403166
gene_1806,0.2251243423209213,0.22732491221106726,0.27265604480874067,0.27489470065927074
gene_1807,0.15520719977889016,0.21025040121059993,0.34016901960840634,0.2943733794021035
gene_1808,0.2036763692698099,0.29870014200164724,0.1896049624178174,0.30801852631072557
gene_1809,0.16114649359696026,0.18618504345267003,0.39852745484184293,0.2541410081085267
gene_1810,0.17841349011735488,0.24420868828573059,0.36293800971786777,0.2144398118790467
gene_1811,0.21331200097850916,0.27494646774110765,0.34424330771217454,0.16749822356820868
gene_1812,0.14469777920009322,0.25670101586694233,0.3050778943195762,0.29352331061338827
gene_1813,0.19118453308686545,0.2976021479443313,0.25537631580426573,0.25583700316453745
gene_1814,0.1988743889440963,0.26621766031297506,0.24108332502522706,0.2938246257177016
gene_1815,0.10050688671544679,0.3348405631392742,0.31165416971338306,0.25299838043189604
gene_1816,0.2255072533876593,0.25350139647195213,0.26190363894428936,0.25908771119609925
gene_1817,0.17466187881707151,0.20121369856102794,0.306685179838118,0.3174392427837826
gene_1818,0.14856710712285898,0.21523433901729835,0.34122037531003735,0.2949781785498053
gene_1819,0.17161920285450408,0.2105478941313545,0.28658048421090554,0.3312524188032358
gene_1820,0.23224949266348288,0.2105990211048333,0.20740916572433102,0.3497423205073529
gene_1821,0.13085323656996878,0.21640924256164223,0.2868169958444356,0.36592052502395345
gene_1822,0.1547151879628011,0.24875183183747596,0.31685428738118837,0.2796786928185345
gene_1823,0.146654885334214,0.18410560701839299,0.3965586543157806,0.2726808533316124
gene_1824,0.20947193554168161,0.19112461496719718,0.32873274546086984,0.2706707040302514
gene_1825,0.10759766209452364,0.2747750725930613,0.3287209500657826,0.2889063152466324
gene_1826,0.20291052335253518,0.23234034958168975,0.26317672408740445,0.3015724029783707
gene_1827,0.20473555889396697,0.2095624937329029,0.34554885007331604,0.24015309729981416
gene_1828,0.2538659407149544,0.23843706544572515,0.26355536907470845,0.24414162476461193
gene_1829,0.2414830567134622,0.23958384141117295,0.22644081382364056,0.2924922880517244
gene_1830,0.16013008928914096,0.2883480124757387,0.2995222128544985,0.25199968538062184
gene_1831,0.18189121720075715,0.19283937665146236,0.30052381611562673,0.32474559003215375
gene_1832,0.21586041534283051,0.2649713050674019,0.21177677588150448,0.30739150370826307
gene_1833,0.1941884631457812,0.20422822024861972,0.3112899244809685,0.2902933921246307
gene_1834,0.12549681132722468,0.23183381652436463,0.18810155715386054,0.45456781499455023
gene_1835,0.2051273464910822,0.17839645091218484,0.2804190283943236,0.3360571742024093
gene_1836,0.1899525341336749,0.24907329696390634,0.2567024607425588,0.30427170815986
gene_1837,0.19722238255149271,0.18514335462550346,0.3193286908170596,0.29830557200594426
gene_1838,0.1470093740990931,0.24458688059765937,0.3008696321008724,0.30753411320237495
gene_1839,0.2028769448712331,0.27447488441052126,0.28633408213100225,0.23631408858724345
gene_1840,0.1947676051089121,0.22647726855740477,0.3309745349352732,0.24778059139840988
gene_1841,0.22463542102905665,0.1907545319185552,0.23940399509571872,0.34520605195666937
gene_1842,0.2117020387490017,0.22985904470615576,0.2818975301643643,0.2765413863804783
gene_1843,0.11200714399738468,0.29972016207546825,0.24609023823525372,0.3421824556918933
gene_1844,0.16596917698011898,0.28351711044744676,0.29321972958708553,0.25729398298534883
gene_1845,0.19510651369311446,0.2835888056545567,0.1801478213927428,0.34115685925958616
gene_1846,0.154606106845516,0.18728401244275408,0.3818023352558612,0.27630754545586866
gene_1847,0.19063597866255488,0.18189410896236413,0.2837291925977794,0.34374071977730153
gene_1848,0.20675340115840926,0.18944552565094183,0.35367998830921804,0.25012108488143087
gene_1849,0.2191985470593207,0.2956062699015019,0.17733535247300178,0.30785983056617555
gene_1850,0.2140823533297378,0.21612424989172985,0.2388682457468763,0.33092515103165604
gene_1851,0.2040267850488073,0.2683584693283145,0.2900850526558584,0.2375296929670199
gene_1852,0.13158654885111526,0.24251239380425516,0.3365519963185533,0.28934906102607627
gene_1853,0.2939751301710737,0.2858563227754065,0.35622401843282936,0.06394452862069043
gene_1854,0.13107313945174415,0.18411097629225565,0.3171102369792048,0.36770564727679533
gene_1855,0.2354118643328798,0.2680376291051032,0.21517819096088228,0.28137231560113485
gene_1856,0.17625245080207524,0.18106263306668763,0.2998850033497314,0.3427999127815058
gene_1857,0.19561133678062329,0.273369480964555,0.2914751242913554,0.23954405796346634
gene_1858,0.1787335793226155,0.18068913661395122,0.36345481847588595,0.27712246558754744
gene_1859,0.20915468655352565,0.210354677798917,0.2625605505228799,0.3179300851246774
gene_1860,0.15203358382373017,0.29362677417944166,0.27479139365075117,0.279548248346077
gene_1861,0.19680754587206392,0.20550778863006214,0.21569051924725988,0.38199414625061406
gene_1862,0.17563137426765257,0.3055019545040941,0.2502152010415978,0.2686514701866555
gene_1863,0.2279243077287143,0.21797869693040994,0.39374251224163914,0.16035448309923647
gene_1864,0.23918771962712634,0.2139062510871265,0.2789717202874794,0.2679343089982678
gene_1865,0.16827149856984258,0.226664283237989,0.3655740711828959,0.23949014700927254
gene_1866,0.2487959111661803,0.3082315151044755,0.3752318702040776,0.06774070352526673
gene_1867,0.07862372398049508,0.18935542922591367,0.4356349451470061,0.2963859016465852
gene_1868,0.014876708841878035,0.429391596760566,0.35563292344400965,0.20009877095354647
gene_1869,0.18361676455142764,0.2557329683062339,0.3365611674542418,0.2240890996880967
gene_1870,0.1963141054073609,0.22235376884544697,0.26764734187649025,0.31368478387070187
gene_1871,0.22026695647369315,0.27041908294593864,0.21895840703982025,0.290355553540548
gene_1872,0.17651764094455907,0.24769285972390373,0.3276780924807609,0.24811140685077643
gene_1873,0.19761315045656574,0.20639627477960398,0.34716469294429575,0.2488258818195345
gene_1874,0.17558789153671836,0.14032746310091593,0.3755651210400794,0.30851952432228646
gene_1875,0.1655627207976557,0.21281419881435948,0.39084149017502823,0.2307815902129566
gene_1876,0.13385068561452756,0.26125193617231157,0.31660792295221385,0.288289455260947
gene_1877,0.1932675467033198,0.22178613860711482,0.2762042163323751,0.3087420983571902
gene_1878,0.22004067657121776,0.19020359054731084,0.23907114840502944,0.35068458447644196
gene_1879,0.20164309734195882,0.12479889529317235,0.18390628161368278,0.489651725751186
gene_1880,0.18479692658094488,0.2325362987703902,0.2803614160097422,0.3023053586389227
gene_1881,0.22114535201445124,0.16234047876554653,0.27528115124206926,0.341233017977933
gene_1882,0.010791476105234208,0.27860888236080333,0.3645885451817284,0.3460110963522341
gene_1883,0.27511550543257507,0.15204837004705338,0.27578914665785415,0.29704697786251744
gene_1884,0.21892745765479302,0.12768087148511034,0.2880569744719371,0.3653346963881596
gene_1885,0.20333124297556376,0.26857984380731426,0.2665976189428149,0.2614912942743071
gene_1886,0.15060159459284914,0.2344287201337788,0.26834452011578686,0.3466251651575851
gene_1887,0.15533789412257415,0.20208573609359676,0.310959842533808,0.3316165272500211
gene_1888,0.17200087422415666,0.2528629137637985,0.2805591435411232,0.29457706847092163
gene_1889,0.22085301657741851,0.15868603894246652,0.284404638926845,0.3360563055532699
gene_1890,0.21049476668635153,0.198932951147574,0.2881040095118898,0.3024682726541847
gene_1891,0.14282235542379926,0.2318115570937997,0.301610897872058,0.32375518961034294
gene_1892,0.16401311147815534,0.23778965857848736,0.3856158995393628,0.21258133040399457
gene_1893,0.21543221742561863,0.2638161187205144,0.23630350922450977,0.28444815462935724
gene_1894,0.15843445178800017,0.20735819130690422,0.29307976560020976,0.3411275913048858
gene_1895,0.1760495410972041,0.2771609202608077,0.25145899863520776,0.2953305400067804
gene_1896,0.18098479581359425,0.22779313257781234,0.27378441081456983,0.3174376607940236
gene_1897,0.2620660343151666,0.23776292433164536,0.23722855606640275,0.2629424852867853
gene_1898,0.252944962492185,0.28041773619796506,0.20366331607714966,0.26297398523270027
gene_1899,0.12805484611582882,0.22850607667148745,0.2394325715104523,0.40400650570223146
gene_1900,0.1778768194470045,0.19504210721393242,0.29095705509070313,0.33612401824835997
gene_1901,0.19534152966088653,0.15839617655927654,0.29205753386182687,0.3542047599180102
gene_1902,0.2330578558853672,0.1796627631751663,0.2497234882388061,0.3375558927006604
gene_1903,0.15946468727045768,0.25449471883096425,0.3268665818440765,0.2591740120545015
gene_1904,0.3563765435660057,0.16558965044199697,0.20804125152785927,0.26999255446413817
gene_1905,0.11396863410947353,0.20644637787022424,0.34865648580108605,0.33092850221921627
gene_1906,0.2341857112569196,0.2510384707861835,0.27519362221407445,0.2395821957428225
gene_1907,0.15120538843962003,0.2922662227871748,0.3225954876569752,0.2339329011162299
gene_1908,0.1577921769788388,0.20495187626590758,0.28836042802405665,0.3488955187311969
gene_1909,0.2888414173508785,0.07357535829696124,0.32293828535660496,0.31464493899555546
gene_1910,0.2070908952717798,0.0927900981671993,0.3110926011555812,0.3890264054054397
gene_1911,0.2219622401277642,0.2587854655181526,0.23268482762730075,0.2865674667267824
gene_1912,0.11527439132573733,0.1579978572596877,0.4110833758035266,0.31564437561104824
gene_1913,0.16184166079069204,0.1473779390200198,0.2658587723096317,0.4249216278796566
gene_1914,0.1566764104134302,0.21699832744968955,0.2850749736593259,0.34125028847755445
gene_1915,0.015284060817378795,0.307023692980529,0.32099147334919625,0.3567007728528959
gene_1916,0.13880241651430958,0.2311445280180123,0.2890923498248594,0.3409607056428187
gene_1917,0.22024622750487952,0.23739823242588823,0.2574207205813089,0.28493481948792326
gene_1918,0.11693682336232297,0.20056035589992408,0.330870633685474,0.35163218705227894
gene_1919,0.2113638977943365,0.2553731047008112,0.24818856416183135,0.28507443334302085
gene_1920,0.24969106898082535,0.29538622917040963,0.23004405641647382,0.2248786454322912
gene_1921,0.20565504700212742,0.2615591968468134,0.2673433574665738,0.2654423986844854
gene_1922,0.16806207260049294,0.18801624273431836,0.346818819670183,0.2971028649950057
gene_1923,0.24091459435403184,0.21484958688156797,0.26746997462398003,0.2767658441404201
gene_1924,0.22866516850009966,0.22342411031692228,0.21732086026598657,0.3305898609169915
gene_1925,0.2525351269140883,0.0347182792441537,0.26162709235270487,0.45111950148905317
gene_1926,0.14968429048147097,0.24468621832101,0.26455262299297133,0.34107686820454763
gene_1927,0.21340595018772832,0.18202627343199157,0.2818023170816275,0.32276545929865263
gene_1928,0.22978974811702807,0.2251387597733543,0.18789854161923022,0.35717295049038733
gene_1929,0.16109379852246533,0.243837194220609,0.31714287873379987,0.27792612852312587
gene_1930,0.21211785127361882,0.30250066014336324,0.19061819337203859,0.2947632952109794
gene_1931,0.18284481006115855,0.18602456589722005,0.3311267761365789,0.3000038479050425
gene_1932,0.18123901624873914,0.21097380950938407,0.24776620611477673,0.36002096812710005
gene_1933,0.1455704820688076,0.2387880997332249,0.31156536225118703,0.30407605594678044
gene_1934,0.20538807063370365,0.2285542530007968,0.1688048724170991,0.39725280394840035
gene_1935,0.23644573744173675,0.18974793647117583,0.29558189184977607,0.27822443423731125
gene_1936,0.18550719508232866,0.21514675185773147,0.25050239866819946,0.3488436543917404
gene_1937,0.18357055358032265,0.23125175993513022,0.2965125608965048,0.28866512558804236
gene_1938,0.1952533989370028,0.17961512870371954,0.31793742715165907,0.30719404520761856
gene_1939,0.14962500906521264,0.22933512490028637,0.30531854409247283,0.3157213219420282
gene_1940,0.22235322760347584,0.19548394637466682,0.31938241153736113,0.26278041448449624
gene_1941,0.1543629175991189,0.181354760539774,0.31207739317541594,0.3522049286856912
gene_1942,0.2170110972099851,0.21454279297065054,0.2643800997574723,0.3040660100618921
gene_1943,0.15143799082732393,0.16134888850520035,0.3818376471847434,0.3053754734827322
gene_1944,0.14245275973818575,0.22709270186615238,0.369732805435457,0.2607217329602048
gene_1945,0.15212990169144883,0.19787941330613587,0.39539657375766185,0.25459411124475334
gene_1946,0.2419799227650291,0.16058978723830122,0.3818381554420868,0.21559213455458281
gene_1947,0.2265203578586496,0.25587044268917397,0.2741087838339506,0.2435004156182259
gene_1948,0.17990219527316662,0.21190663637841742,0.275228726795954,0.3329624415524619
gene_1949,0.14014334012353935,0.27403278342833387,0.33021882742575637,0.25560504902237047
gene_1950,0.09592498770650486,0.20538421910879104,0.35448814869674034,0.3442026444879637
gene_1951,0.2237372942952866,0.22958405292008835,0.24337302099747157,0.3033056317871535
gene_1952,0.1479676877853604,0.2347568859064781,0.3366241560647488,0.28065127024341274
gene_1953,0.17796398764059765,0.2187266880720307,0.3080022534293356,0.2953070708580361
gene_1954,0.08769514714009011,0.28215889415392675,0.30936961980098066,0.32077633890500257
gene_1955,0.1747173048761912,0.18549428414237817,0.3501357832334224,0.28965262774800815
gene_1956,0.20982804915827663,0.18058832040771874,0.33661941329466444,0.2729642171393402
gene_1957,0.21297624642199278,0.17038099891393882,0.318324297629602,0.2983184570344665
gene_1958,0.12331890235201158,0.22115229860664765,0.3707558736129579,0.28477292542838284
gene_1959,0.18951034852657414,0.2462807525525274,0.3273736233868996,0.23683527553399872
gene_1960,0.14257869460773565,0.2617936944137672,0.23311776182243465,0.36250984915606244
gene_1961,0.18613209170822015,0.25177976269077273,0.2524097588321637,0.3096783867688434
gene_1962,0.17309650341834568,0.253694809921278,0.28364994500201035,0.28955874165836604
gene_1963,0.21704865011204857,0.21314786540845843,0.320330357003761,0.24947312747573205
gene_1964,0.21520873233989435,0.24679526160782667,0.20016273644333998,0.33783326960893895
gene_1965,0.18924851824785785,0.16893680660095906,0.4488107889835691,0.19300388616761394
gene_1966,0.17132275426472768,0.16272761466372887,0.32194861808465974,0.34400101298688374
gene_1967,0.33138791391202893,0.32392331908531496,0.2218957961976964,0.1227929708049596
gene_1968,0.1533398244499703,0.1638969584823853,0.3035722429133794,0.379190974154265
gene_1969,0.17365374936734174,0.2003133717089984,0.2902795247326684,0.33575335419099145
gene_1970,0.21041496637664744,0.2979468599454952,0.2793219302228335,0.2123162434550238
gene_1971,0.17692074294158183,0.23042351165541453,0.3001770742537715,0.29247867114923226
gene_1972,0.18158229589196634,0.21742072179209476,0.35020147248811917,0.2507955098278198
gene_1973,0.18353006608109954,0.2316298120703173,0.28424240486669344,0.30059771698188964
gene_1974,0.22636588677306257,0.30090980217174407,0.2838780912683015,0.18884621978689192
gene_1975,0.2257051509140085,0.2658305397722904,0.259133834496527,0.24933047481717424
gene_1976,0.26630697771613127,0.1734221128117918,0.3207897895141019,0.2394811199579751
gene_1977,0.1323995156512879,0.19903257961920096,0.3383754002881359,0.3301925044413752
gene_1978,0.09580224618321138,0.34419027346950154,0.257062201639998,0.30294527870728905
gene_1979,0.2114113907181951,0.22814226237766275,0.3591313616720584,0.20131498523208374
gene_1980,0.19978240236288963,0.14178707195875773,0.32278538019992753,0.335645145478425
gene_1981,0.14245829902191726,0.14867926199391376,0.35969520477480965,0.34916723420935947
gene_1982,0.121232864659075,0.15877430251486935,0.3955654224022983,0.32442741042375733
gene_1983,0.22664319744136582,0.0910077097894492,0.45905089167672497,0.22329820109245996
gene_1984,0.16254460930583733,0.2223317942530472,0.34946474404585237,0.26565885239526316
gene_1985,0.18181407807602995,0.27052320428866794,0.2554414435698567,0.2922212740654454
gene_1986,0.1671442027949565,0.2573383858558011,0.24931407606412884,0.3262033352851135
gene_1987,0.1729146887456357,0.21280068718801282,0.2734212238896094,0.34086340017674205
gene_1988,0.14770156505019025,0.2614100478482027,0.22234945383916682,0.3685389332624403
gene_1989,0.18927468949280798,0.25298167796930654,0.2689376757724468,0.2888059567654387
gene_1990,0.11054194226325732,0.17657434497058375,0.31545073849132094,0.39743297427483804
gene_1991,0.12202026108730615,0.19503751201853572,0.33880541327567687,0.3441368136184813
gene_1992,0.1805197689168232,0.1464983140602224,0.3042775349294925,0.36870438209346196
gene_1993,0.14319848788929598,0.23331602872813534,0.3314514441289621,0.29203403925360655
gene_1994,0.2169111074001764,0.33435851361655927,0.21273513822900528,0.235995240754259
gene_1995,0.21890850179089238,0.2158568336290719,0.28450784527093015,0.28072681930910565
gene_1996,0.1795091584663736,0.2597615892288657,0.2734143442359507,0.28731490806881
gene_1997,0.1430394415334293,0.2629095666696426,0.328273345105916,0.2657776466910121
gene_1998,0.18986573268649823,0.23282341233803125,0.24862747845584696,0.32868337651962354
gene_1999,0.17006864643094255,0.22058092767632537,0.26401111475259115,0.34533931114014105
gene_2000,0.16308809083432413,0.25460120044822354,0.3155835298419152,0.26672717887553715
gene_2001,0.13142291982030616,0.19501393720422094,0.3852689133254351,0.28829422965003787
gene_2002,0.20754471436105348,0.25188573241690204,0.2898032578334287,0.25076629538861583
gene_2003,0.13156208965389768,0.23513066197150237,0.29135047080950954,0.34195677756509035
gene_2004,0.21858781282307363,0.21031849518702045,0.2660130560516798,0.30508063593822604
gene_2005,0.1598653641667062,0.24288871709787696,0.3155425902079258,0.2817033285274912
gene_2006,0.2425604708391776,0.2028492790995075,0.29775383697744495,0.25683641308387006
gene_2007,0.1378791831637888,0.2670975822704408,0.31625861702549213,0.27876461754027826
gene_2008,0.1674014982398324,0.19613960915713405,0.26135010195964953,0.3751087906433841
gene_2009,0.23477181267550307,0.19153348334594755,0.20591559271649787,0.36777911126205154
gene_2010,0.13827915686622752,0.20587277075519375,0.369654650201391,0.28619342217718774
gene_2011,0.2529521841358869,0.19192795892441628,0.2937765125194721,0.2613433444202246
gene_2012,0.18462495753321026,0.21073011140479603,0.2847957747749648,0.31984915628702887
gene_2013,0.21046882713482593,0.2022440217523422,0.3577626097378247,0.22952454137500708
gene_2014,0.19205680105563233,0.2594112092294872,0.35892050232248934,0.18961148739239106
gene_2015,0.14795443836927347,0.2741150897569787,0.3198077931236025,0.2581226787501454
gene_2016,0.21603023980225586,0.16671372776931273,0.3371082260412748,0.28014780638715664
gene_2017,0.18363946366390219,0.29051752391910923,0.24802576824422462,0.2778172441727639
gene_2018,0.3174863548797738,0.2638454243822568,0.40022757247853696,0.01844064825943244
gene_2019,0.19587594921027662,0.2422080445539293,0.27445569888860255,0.28746030734719147
gene_2020,0.21982408456253807,0.25119264904247673,0.2510270081422319,0.27795625825275316
gene_2021,0.22248446193341495,0.13952491460708225,0.33894163905356245,0.29904898440594035
gene_2022,0.13239172140970737,0.2279683176690697,0.2968366475287003,0.3428033133925227
gene_2023,0.169057566376455,0.2116943583962806,0.3320776518306612,0.28717042339660315
gene_2024,0.1414650713575203,0.23438640854949208,0.3414773164033059,0.2826712036896816
gene_2025,0.19281718838540396,0.3235667612099127,0.040961669595670866,0.44265438080901254
gene_2026,0.21747869295494276,0.2333258093733307,0.230130051933479,0.3190654457382475
gene_2027,0.1843190565164233,0.1952614879352202,0.19201164338521207,0.4284078121631445
gene_2028,0.2286849054129617,0.24013390899617118,0.30618945493007693,0.22499173066079012
gene_2029,0.19454565578532654,0.21115385525244942,0.2779146862274307,0.3163858027347933
gene_2030,0.13775456934825386,0.2987617846240699,0.3272742682286823,0.23620937779899398
gene_2031,0.16810716672770906,0.25444836053825376,0.32831377156894304,0.24913070116509403
gene_2032,0.2032786703559513,0.20403083187472745,0.2691373404516587,0.3235531573176627
gene_2033,0.20151514829018097,0.23689201345875896,0.29062245863662184,0.2709703796144384
gene_2034,0.2015252222938488,0.26443940998627036,0.286857833648168,0.2471775340717129
gene_2035,0.20163782867973787,0.33087990771642184,0.23573100618486595,0.2317512574189745
gene_2036,0.12606604334997998,0.254443729224014,0.20296780146644428,0.41652242595956174
gene_2037,0.17032186485626835,0.2067341985971022,0.35338668861452377,0.26955724793210567
gene_2038,0.18984847371990815,0.1376503532623296,0.347286346845438,0.32521482617232417
gene_2039,0.19510061696070116,0.26997817561402615,0.221530024677399,0.31339118274787353
gene_2040,0.1706375392703405,0.18517869756419908,0.32625246261361096,0.3179313005518495
gene_2041,0.21030332450585745,0.19115572996652552,0.38340670580525377,0.2151342397223632
gene_2042,0.2260591693773734,0.3102489335129941,0.25299530174887946,0.21069659536075305
gene_2043,0.12119343810433858,0.18367032864132374,0.3248455626297903,0.37029067062454746
gene_2044,0.2891393382476634,0.19955983064607788,0.25669257282656704,0.25460825827969163
gene_2045,0.232650215164005,0.18091818493608505,0.2454179530118889,0.341013646888021
gene_2046,0.23358788975581946,0.19143555158280817,0.30668945043347445,0.268287108227898
gene_2047,0.1748254892066696,0.2228357816825864,0.309655187505902,0.2926835416048421
gene_2048,0.1359572071573743,0.13647504976491723,0.43907956156954925,0.2884881815081592
gene_2049,0.20108080812663384,0.20910121595537465,0.25674732785602233,0.3330706480619691
gene_2050,0.11414582035520347,0.37933375082431936,0.23922307993271716,0.26729734888776
gene_2051,0.1718430365844483,0.24396488843809172,0.24497561677112129,0.33921645820633867
gene_2052,0.2644648722427468,0.26280547079718564,0.24241854791336284,0.23031110904670465
gene_2053,0.1976442160965958,0.15839103668510257,0.31460395010188946,0.32936079711641214
gene_2054,0.10588736078253737,0.23778976810380406,0.2957510829181841,0.36057178819547453
gene_2055,0.17656022749320058,0.18519337521859647,0.2618427190089127,0.37640367827929017
gene_2056,0.22042960255819424,0.21045139639866353,0.26868419512236275,0.30043480592077937
gene_2057,0.22053612069415932,0.30422293368039166,0.24231195026071764,0.2329289953647313
gene_2058,0.18093632862045742,0.3515278206498701,0.26442907053846776,0.20310678019120473
gene_2059,0.2532380912655044,0.24436056481418347,0.2528091513644963,0.24959219255581577
gene_2060,0.22469337566780379,0.169836094405038,0.3518097660104188,0.25366076391673936
gene_2061,0.23001291994599443,0.13362661910240786,0.22803265170580822,0.40832780924578943
gene_2062,0.13593501836734312,0.3251557908834726,0.2628877373626085,0.27602145338657574
gene_2063,0.13357298349731006,0.213128923357124,0.2886422514892165,0.3646558416563495
gene_2064,0.23041418073260078,0.2415184201612255,0.28674764689023713,0.2413197522159367
gene_2065,0.15457679865529406,0.16169067929071748,0.3255437517545254,0.35818877029946317
gene_2066,0.21011219382691818,0.16899480887984955,0.2328952423148465,0.3879977549783858
gene_2067,0.15497382788333,0.2144419010044136,0.3212223345275643,0.3093619365846921
gene_2068,0.14463317687556454,0.20650564128806867,0.3482542336255931,0.3006069482107737
gene_2069,0.1071102870080032,0.2406109769336229,0.25653056965491894,0.39574816640345506
gene_2070,0.18988655943207686,0.29938415136024205,0.2182024048024009,0.29252688440528013
gene_2071,0.14987159706579206,0.3303638245134281,0.2818142913002323,0.23795028712054758
gene_2072,0.14085871865933172,0.1950086353598109,0.2963893538827363,0.3677432920981211
gene_2073,0.23437484395642505,0.24113819742236978,0.32492369625910295,0.19956326236210226
gene_2074,0.14990227196387929,0.25219384442585224,0.25474231038486617,0.34316157322540225
gene_2075,0.22417723582289362,0.24498252734344642,0.22010862262358408,0.3107316142100759
gene_2076,0.18704011532835027,0.2388075729173089,0.24820577654012776,0.3259465352142131
gene_2077,0.17992969415373467,0.18218786811709925,0.31545793893719765,0.32242449879196844
gene_2078,0.20452292003135203,0.21651511378124716,0.22229915465468636,0.3566628115327145
gene_2079,0.1548879091775364,0.21126174401764622,0.3066875488625582,0.32716279794225916
gene_2080,0.1968452341314137,0.2220836489816236,0.2991352322361865,0.2819358846507762
gene_2081,0.1850759338707322,0.2703395094939218,0.32621108891439204,0.21837346772095398
gene_2082,0.17383893457194224,0.26299049944974756,0.3054210816399288,0.2577494843383814
gene_2083,0.18174792708492687,0.18828603071414446,0.2716213165120536,0.35834472568887515
gene_2084,0.1341844857788729,0.32484259380813985,0.30841370580333477,0.2325592146096525
gene_2085,0.142712122554774,0.22455524223364534,0.343208388739091,0.2895242464724897
gene_2086,0.03687291742427358,0.17600339802361673,0.4176164099597529,0.3695072745923569
gene_2087,0.12697747272170573,0.25346801914561895,0.2973218862878814,0.3222326218447939
gene_2088,0.26722254813446117,0.19392020493393647,0.2657705291623729,0.2730867177692293
gene_2089,0.18381675535196917,0.2481884131297381,0.2882739059638505,0.2797209255544423
gene_2090,0.17163170118374588,0.22064349658115723,0.31055428695958653,0.2971705152755104
gene_2091,0.21711912402311637,0.31991427734889627,0.260603216596084,0.20236338203190327
gene_2092,0.26915320008494686,0.22513640545260655,0.2961979165750566,0.20951247788739
gene_2093,0.26937035402819814,0.21334811026103337,0.21416496154828213,0.30311657416248644
gene_2094,0.19806590976571348,0.2054838118825721,0.2811604800847972,0.31528979826691717
gene_2095,0.2044128213797355,0.22650898697726726,0.2574269344889712,0.311651257154026
gene_2096,0.1847857519010323,0.21045549711039457,0.2974480536718222,0.307310697316751
gene_2097,0.1618098184328719,0.2540690028836455,0.22982539526456308,0.35429578341891954
gene_2098,0.16364732802264115,0.19090783144991094,0.3423759289190797,0.30306891160836824
gene_2099,0.1796290036587813,0.2092756241296897,0.3409308421511814,0.27016453006034763
gene_2100,0.19619451129937282,0.5030922876644424,0.2612537802825783,0.039459420753606526
gene_2101,0.1833839163729466,0.20887591982882073,0.27397127792301906,0.3337688858752136
gene_2102,0.1638673261818076,0.17772842656710428,0.29146424709323343,0.36694000015785466
gene_2103,0.1773814537425925,0.25431414519043893,0.22346973253150382,0.34483466853546474
gene_2104,0.13928361557645588,0.33459826763831885,0.26672611908825566,0.2593919976969696
gene_2105,0.008186468307278571,0.42720956025997,0.3973960931649081,0.1672078782678433
gene_2106,0.2129609331164788,0.20572087754790896,0.3036874584540679,0.2776307308815443
gene_2107,0.1405498802903428,0.18720539449392531,0.3374256030014065,0.33481912221432536
gene_2108,0.24263799584060708,0.2575924445582414,0.31368715823228616,0.18608240136886536
gene_2109,0.14701163051822727,0.25379798130284287,0.28576281946339244,0.31342756871553745
gene_2110,0.2037434155003711,0.2101651296136709,0.27833159231359617,0.30775986257236176
gene_2111,0.16290623768176957,0.2606833190283754,0.28430035029747336,0.2921100929923817
gene_2112,0.19203552048273392,0.23484337929251362,0.3692060667768058,0.20391503344794665
gene_2113,0.18884789224725415,0.16895192177889698,0.3561857957095402,0.2860143902643087
gene_2114,0.18735469298873758,0.273943937259212,0.27062426731128103,0.26807710244076943
gene_2115,0.21837308097246735,0.28381131814956584,0.2526357811066502,0.24517981977131667
gene_2116,0.1760424915412937,0.2151678051114842,0.3242738096961099,0.2845158936511122
gene_2117,0.16940718138091948,0.20509440193565287,0.3794020071823972,0.24609640950103048
gene_2118,0.1848855550465818,0.2122671181963662,0.36607706051635935,0.23677026624069264
gene_2119,0.24797484405568007,0.21150169859889043,0.2550311370529951,0.2854923202924343
gene_2120,0.18961433109595285,0.2782154528475392,0.29109085879906116,0.24107935725744678
gene_2121,0.15617414824643644,0.23040519265645887,0.317474916668176,0.2959457424289286
gene_2122,0.18447694565630793,0.22550249872739167,0.28393826432323166,0.3060822912930689
gene_2123,0.2447866055685351,0.22182573401996686,0.2678507729000447,0.2655368875114533
gene_2124,0.14915599576556504,0.26168493087334166,0.2941957494276876,0.29496332393340574
gene_2125,0.22586000016751262,0.24586622578995204,0.2923914947113056,0.23588227933122974
gene_2126,0.1706033588393373,0.27601322265733025,0.30676732426794256,0.24661609423539
gene_2127,0.44991378345533106,0.11535319302063389,0.2924677266788661,0.1422652968451689
gene_2128,0.14077536901512006,0.2858530968799974,0.27961297442874483,0.2937585596761377
gene_2129,0.18025500284035126,0.18034162125581782,0.3779911598294993,0.26141221607433157
gene_2130,0.1810989970104668,0.23440610328840095,0.2882306617808231,0.2962642379203091
gene_2131,0.1582770965428871,0.3106783832199478,0.3236133967789165,0.20743112345824857
gene_2132,0.1694522440522953,0.18657872898895161,0.3199710228156131,0.32399800414314006
gene_2133,0.12775998330263177,0.250973582351467,0.3291119527572627,0.29215448158863855
gene_2134,0.1834103038781058,0.1966275169287794,0.3592001910455711,0.26076198814754364
gene_2135,0.026316394595395795,0.256868018000265,0.362050412256738,0.3547651751476012
gene_2136,0.17029317262247412,0.1953151132536894,0.2879078926227722,0.3464838215010642
gene_2137,0.19588357786775779,0.29029874356233354,0.20503067906016856,0.3087869995097402
gene_2138,0.14317276810115281,0.26036805420982795,0.21853551744836994,0.3779236602406492
gene_2139,0.11282635620398027,0.25674280859371423,0.2865123082398333,0.34391852696247216
gene_2140,0.17266037551769065,0.22771311708907138,0.299799716245088,0.29982679114815
gene_2141,0.2512511043799733,0.2041466485099795,0.15910191536404686,0.38550033174600035
gene_2142,0.1376248764376241,0.24727643816787856,0.30497694518601487,0.31012174020848227
gene_2143,0.2166815788707275,0.16278529988772453,0.22498416811769875,0.39554895312384925
gene_2144,0.17164987344991284,0.21385838514369795,0.3974361982811688,0.21705554312522038
gene_2145,0.2145903293256029,0.24942705236534174,0.26546195438757747,0.27052066392147806
gene_2146,0.2312864735271124,0.2467984517551358,0.21405890254733229,0.30785617217041955
gene_2147,0.21872464162962965,0.22969427878998516,0.18187199070265095,0.36970908887773424
gene_2148,0.16006983813126324,0.21623303530776528,0.31954771708038243,0.304149409480589
gene_2149,0.17178422074658278,0.2641659947730877,0.2073786805428624,0.35667110393746704
gene_2150,0.14164516102686486,0.20867374262053578,0.3784538552817475,0.27122724107085183
gene_2151,0.18812427132745285,0.2972202985917858,0.2863034258265854,0.22835200425417598
gene_2152,0.24831242723552394,0.3348197663781576,0.25261048639653216,0.16425731998978627
gene_2153,0.30334645018513456,0.033261724914978835,0.3463013731808127,0.317090451719074
gene_2154,0.10790728644327145,0.17114819412459858,0.43564815017191855,0.2852963692602115
gene_2155,0.22118579590740947,0.1485785066007169,0.3287538893159898,0.3014818081758837
gene_2156,0.200374451072489,0.2664612755419825,0.24753652877165983,0.28562774461386875
gene_2157,0.19373981899626586,0.2982006641924669,0.2710165459098811,0.23704297090138618
gene_2158,0.2180841232388314,0.24287920125620283,0.27004763630567735,0.2689890391992885
gene_2159,0.17471897400455821,0.2525889980690614,0.30991086183746985,0.2627811660889105
gene_2160,0.18800803880843894,0.17301304183542007,0.3504811844214612,0.2884977349346798
gene_2161,0.0704729552986648,0.2668491007625749,0.25804205814535397,0.4046358857934065
gene_2162,0.19665556824277466,0.14193457325957817,0.33034681221406537,0.33106304628358185
gene_2163,0.15127128378493293,0.24907762584940316,0.4666014149490799,0.13304967541658397
gene_2164,0.18587771144786705,0.2500197572574152,0.367481750889689,0.19662078040502873
gene_2165,0.23443798844771332,0.18631131659681122,0.35149124037096685,0.22775945458450858
gene_2166,0.16721137730468794,0.2539329341040282,0.2735529456039228,0.30530274298736115
gene_2167,0.17508397640493292,0.34839818756003027,0.21562878339958552,0.2608890526354512
gene_2168,0.18238161306572234,0.24758666827192252,0.25463347864974145,0.31539824001261374
gene_2169,0.19984277345846868,0.2512965451538872,0.2679360569290475,0.28092462445859656
gene_2170,0.09578131921728258,0.2667615219027504,0.3157929167138525,0.32166424216611456
gene_2171,0.16145319986335635,0.26802237951940966,0.35707692877860997,0.21344749183862397
gene_2172,0.17232088545723478,0.1527980022255797,0.24106364107753134,0.4338174712396542
gene_2173,0.1696268531640754,0.21529781966779962,0.24925244032317187,0.3658228868449532
gene_2174,0.10894695511197433,0.04182400233442567,0.5757057323088359,0.273523310244764
gene_2175,0.15960901960481977,0.18342960991475873,0.4089178261694982,0.2480435443109233
gene_2176,0.21757091325602138,0.20224322778469497,0.3103952672485219,0.2697905917107617
gene_2177,0.25169036472718986,0.2495126704033103,0.34144757670228437,0.15734938816721555
gene_2178,0.17760309992642248,0.28471353403551597,0.273383592114618,0.2642997739234435
gene_2179,0.18960743627392673,0.28257612788595243,0.2683441703239832,0.2594722655161376
gene_2180,0.1751159487860797,0.2361833837971751,0.2827171544020289,0.3059835130147164
gene_2181,0.1634905217084523,0.2332138874712229,0.2526055873165116,0.3506900035038131
gene_2182,0.2442481684811934,0.12301717134543892,0.307577569445468,0.32515709072789967
gene_2183,0.19650570354763774,0.2869075309376623,0.2792725753364746,0.2373141901782254
gene_2184,0.21010612392423805,0.2417627243921111,0.27898975089587946,0.2691414007877714
gene_2185,0.14692131935288155,0.20737439471667465,0.35121540720399946,0.2944888787264443
gene_2186,0.33405298996772875,0.31870850400758555,0.3341289399736667,0.01310956605101903
gene_2187,0.15367646438559127,0.18212451013349462,0.4167938310165477,0.24740519446436637
gene_2188,0.22940816224318436,0.19211688288883041,0.30086826945348977,0.27760668541449546
gene_2189,0.15314862587580932,0.22549816018375643,0.29362511139356806,0.3277281025468662
gene_2190,0.1780261085653543,0.22979228475501756,0.28550339258914426,0.3066782140904839
gene_2191,0.22615533958319745,0.20703743502891603,0.28513069223867005,0.28167653314921637
gene_2192,0.22789050973402436,0.24488465168396,0.30181109501473324,0.22541374356728233
gene_2193,0.20590583492017814,0.22158353389493224,0.3616789145714176,0.2108317166134721
gene_2194,0.10670750727178151,0.20359641715892549,0.370758184017312,0.318937891551981
gene_2195,0.12412233169008753,0.33340852999699067,0.2888380615549308,0.25363107675799096
gene_2196,0.20243977908122737,0.24846452618005765,0.3236110221054463,0.2254846726332688
gene_2197,0.2364594189855245,0.2269804361916795,0.20407866963819968,0.33248147518459625
gene_2198,0.21387632367755424,0.20035880751592158,0.20053230880526937,0.3852325600012547
gene_2199,0.12238373322061057,0.2465040605454027,0.22698755314349786,0.40412465309048884
gene_2200,0.18077266028711086,0.049442080119729316,0.4349954199476774,0.33478983964548237
gene_2201,0.24442699474358873,0.32709317898832896,0.22075386801724936,0.2077259582508329
gene_2202,0.17631029200564474,0.1846583987113928,0.3367328054404256,0.3022985038425369
gene_2203,0.2541031740432259,0.15785287346269422,0.3492194142660987,0.23882453822798122
gene_2204,0.16260268281948997,0.17449505304116372,0.43479166098128613,0.2281106031580602
gene_2205,0.1928919679132092,0.2090599922850175,0.31240499074971045,0.2856430490520628
gene_2206,0.22251334906086173,0.23984993445493008,0.2460082927105231,0.2916284237736852
gene_2207,0.18307112874323345,0.22463457848229768,0.30918370098602155,0.2831105917884474
gene_2208,0.17941360575084528,0.21528266081545888,0.3293980269622097,0.27590570647148616
gene_2209,0.1752376396110492,0.2227811445969252,0.32530933985098787,0.27667187594103776
gene_2210,0.17515893289982915,0.18935664817413977,0.3921902351559744,0.24329418377005674
gene_2211,0.1952003162302037,0.3619893629879791,0.42827496830536,0.014535352476457153
gene_2212,0.1797112016316205,0.20854170929147525,0.288859218892368,0.32288787018453635
gene_2213,0.2405685931858024,0.20292586756301623,0.3089347909671734,0.24757074828400794
gene_2214,0.18138921124720103,0.20828223946670887,0.3267624729292402,0.28356607635684994
gene_2215,0.18096989726676177,0.22633175455921797,0.34148943597995673,0.25120891219406366
gene_2216,0.21883617300734515,0.16645357118589568,0.25708540321632434,0.35762485259043475
gene_2217,0.20485875391237493,0.16778832915218583,0.3515019495879469,0.27585096734749237
gene_2218,0.24775210182737414,0.2638531579627559,0.30501347455004246,0.18338126565982754
gene_2219,0.2078759555506398,0.2636281537330826,0.3758786393524588,0.15261725136381873
gene_2220,0.20923172538206847,0.27454179200300566,0.28325634778864445,0.23297013482628148
gene_2221,0.15257603579903764,0.19082798702500336,0.3429129469618062,0.3136830302141529
gene_2222,0.22083348817295897,0.24708307707789962,0.29908150655473714,0.23300192819440435
gene_2223,0.24846240703242503,0.21820214360518858,0.2891592063420365,0.24417624302034988
gene_2224,0.17687911675067236,0.20771045267646804,0.2768717794772216,0.3385386510956381
gene_2225,0.15638728123372853,0.24852765187910184,0.19447691974449205,0.4006081471426777
gene_2226,0.18323216417330584,0.15657574738578622,0.31156187943747254,0.3486302090034354
gene_2227,0.20654899570826135,0.223364006176157,0.2501476409471157,0.31993935716846594
gene_2228,0.16130264052835297,0.24073432341139922,0.3226279882179901,0.27533504784225776
gene_2229,0.19539225373150954,0.23787299238292728,0.23506521939048708,0.3316695344950761
gene_2230,0.27960425484710083,0.16030506917090329,0.2620645630921334,0.2980261128898624
gene_2231,0.24270287496981316,0.20832240222403833,0.2545147396438251,0.29445998316232336
gene_2232,0.23689457861401172,0.1730884113172192,0.3602347659279018,0.22978224414086715
gene_2233,0.21642407434488747,0.22655438926944815,0.20616129468970984,0.3508602416959546
gene_2234,0.008046700465916778,0.26867213882880153,0.3705731177991513,0.35270804290613034
gene_2235,0.16761160942661218,0.2248659308552688,0.294629593565248,0.31289286615287104
gene_2236,0.2273661763792269,0.22514248148500762,0.31347399969669354,0.23401734243907196
gene_2237,0.13908385681587576,0.34814451650423256,0.23403679208216635,0.27873483459772536
gene_2238,0.18572219995689612,0.20747884643289585,0.18395019822603775,0.42284875538417016
gene_2239,0.2495446963761886,0.1720814701416197,0.22720388699340957,0.3511699464887821
gene_2240,0.1803282265223641,0.166416366603053,0.3295380569842573,0.32371734989032563
gene_2241,0.278821877778181,0.03122012355824568,0.31108305573375306,0.3788749429298203
gene_2242,0.17807815299279522,0.20833002250001917,0.2905811369735093,0.3230106875336764
gene_2243,0.173753598224527,0.22917332344232788,0.2758944772470413,0.3211786010861038
gene_2244,0.19705149151422616,0.24200993846882704,0.2530237629687031,0.3079148070482437
gene_2245,0.20256935417714442,0.21302420169519154,0.2831795769882778,0.3012268671393863
gene_2246,0.18921870159559148,0.22156145993000062,0.28868185682464986,0.3005379816497581
gene_2247,0.24927123155335013,0.20248906081588075,0.3391370482168753,0.20910265941389392
gene_2248,0.19765272498774644,0.2846536765518596,0.252035254064532,0.26565834439586195
gene_2249,0.17560178659600756,0.2245335710808159,0.37820924031682457,0.22165540200635206
gene_2250,0.1665743008277687,0.1656267187297004,0.2973680879204185,0.3704308925221125
gene_2251,0.19156560362280137,0.23377984326311604,0.25318390246924766,0.3214706506448349
gene_2252,0.1447937454683966,0.22623312143551264,0.3007090448853611,0.3282640882107297
gene_2253,0.15966832162807706,0.1305673935525001,0.2148673134426297,0.4948969713767931
gene_2254,0.17031910495680114,0.18521618363596015,0.34424033607746174,0.3002243753297769
gene_2255,0.2721941338461328,0.22440987618278807,0.3298172659802685,0.17357872399081062
gene_2256,0.13826370789639517,0.22741956909017985,0.32389993573391357,0.3104167872795114
gene_2257,0.1696687427338456,0.24037406148576307,0.30924092502241424,0.28071627075797706
gene_2258,0.18406433266280373,0.215031727060221,0.2991738497274035,0.3017300905495718
gene_2259,0.122816091727223,0.27307443976906065,0.2905137284128197,0.3135957400908967
gene_2260,0.19137078901415894,0.22912782831541068,0.2760320300151545,0.3034693526552759
gene_2261,0.18040268355617178,0.23082799177433266,0.2282184861574788,0.3605508385120168
gene_2262,0.17718352081689662,0.1628129453072307,0.34383328372799615,0.3161702501478765
gene_2263,0.14974618344739304,0.21453398193195547,0.2911926197303847,0.3445272148902668
gene_2264,0.21433846597009293,0.1856994334127689,0.37501351823156626,0.2249485823855718
gene_2265,0.17943845957788507,0.20701579978138596,0.18574633553371675,0.42779940510701225
gene_2266,0.16631025362959234,0.29475066572366926,0.250978146391805,0.2879609342549334
gene_2267,0.11410222384088935,0.2866099524358764,0.39221105850382526,0.20707676521940896
gene_2268,0.17439797429889228,0.22883800957762643,0.23052214531373866,0.36624187080974263
gene_2269,0.15228423897606103,0.24163424117486673,0.3433219401959185,0.26275957965315366
gene_2270,0.16566611569130482,0.2142182921679954,0.30971216736740254,0.3104034247732973
gene_2271,0.24100611808798408,0.16795738075090633,0.3233982649047116,0.2676382362563981
gene_2272,0.09528576293853906,0.23146461136445412,0.27115355927206636,0.40209606642494045
gene_2273,0.24052756942884373,0.218846396633536,0.271429793177918,0.26919624075970233
gene_2274,0.15941409290965028,0.18343780487238623,0.23922816922927267,0.41791993298869085
gene_2275,0.18450734380944905,0.21103983319444766,0.270169711741209,0.33428311125489424
gene_2276,0.11886954387105587,0.23533035976013267,0.34697009329659934,0.298830003072212
gene_2277,0.21048909353677378,0.17478442264207647,0.25887351115448953,0.35585297266666027
gene_2278,0.1800509907287603,0.2576710628192307,0.2806191815665361,0.281658764885473
gene_2279,0.21495893135059943,0.2424719765149867,0.2709731704549953,0.2715959216794185
gene_2280,0.2076762809429769,0.20270020916653653,0.2720424316619869,0.31758107822849974
gene_2281,0.1947704191935903,0.20065149735895363,0.29904343962545826,0.30553464382199774
gene_2282,0.2395165729369348,0.19866430503003463,0.24866703872330329,0.3131520833097272
gene_2283,0.18745656036893887,0.229148605546705,0.2475858779221481,0.3358089561622081
gene_2284,0.16127657997503564,0.19607454334235067,0.3243174461761194,0.3183314305064942
gene_2285,0.1818561045091098,0.2768680004825401,0.26201745964756135,0.2792584353607888
gene_2286,0.22018608652129812,0.21375952964463826,0.2981647159693662,0.26788966786469737
gene_2287,0.22003675826094937,0.25152250381890273,0.21141107924934607,0.31702965867080185
gene_2288,0.19810378389231342,0.20747686436335608,0.31441457244762205,0.2800047792967085
gene_2289,0.19814279353557315,0.18789791661486704,0.3540789297640708,0.25988036008548904
gene_2290,0.21598579326874223,0.18192410622759717,0.31575889000526425,0.2863312104983963
gene_2291,0.1738154307429197,0.23587460806097094,0.3296298990209316,0.26068006217517786
gene_2292,0.19128744452253169,0.27237032497763125,0.256682681640743,0.2796595488590942
gene_2293,0.16871956105314476,0.25471149608921906,0.36063019953070763,0.21593874332692864
gene_2294,0.18952044229820075,0.2970600351511461,0.21591127438921764,0.29750824816143556
gene_2295,0.2402067213443317,0.2736145869758484,0.297373111028496,0.18880558065132383
gene_2296,0.22031937407274135,0.18766735467063878,0.21601761035211045,0.3759956609045095
gene_2297,0.17354341291675,0.189693516525969,0.27845911718004923,0.35830395337723175
gene_2298,0.2129369780348879,0.24328460575989286,0.3157585071842749,0.2280199090209442
gene_2299,0.1690530140145612,0.29007393379009244,0.25838131392821495,0.28249173826713153
gene_2300,0.18075173992754984,0.2526131477806299,0.3404746472835465,0.22616046500827386
gene_2301,0.21684558928873549,0.23372155012153392,0.3107353526833374,0.2386975079063932
gene_2302,0.17693003075773975,0.13763680899600964,0.3770712117350995,0.3083619485111512
gene_2303,0.1708008206245532,0.19631261997668817,0.3053449818509133,0.3275415775478452
gene_2304,0.1729837357516929,0.2059132663556252,0.3997898929452697,0.22131310494741221
gene_2305,0.2114035890784596,0.20328457033079178,0.31903992057679764,0.26627192001395095
gene_2306,0.12804973716494245,0.24827325026705116,0.3286160785414377,0.2950609340265687
gene_2307,0.1795133354457149,0.22759128230995743,0.24341200766932386,0.3494833745750037
gene_2308,0.14146925773243157,0.21807001226324946,0.2823515890876829,0.35810914091663604
gene_2309,0.19381020166449361,0.23193778976423837,0.28240798588486926,0.29184402268639875
gene_2310,0.13070799330363908,0.2688534417634682,0.20740622916904472,0.39303233576384794
gene_2311,0.1441632021131234,0.2732927989687928,0.30243412232612543,0.2801098765919583
gene_2312,0.21540614288380583,0.21151037512998153,0.2971360206282455,0.2759474613579671
gene_2313,0.3021851793740583,0.268524353403397,0.38114399417551426,0.048146473047030396
gene_2314,0.26787861105328126,0.228392331961451,0.20829500457241745,0.29543405241285026
gene_2315,0.16590320406877376,0.3177829570348591,0.3086364339395528,0.20767740495681433
gene_2316,0.12475488282417126,0.17954635031650898,0.35979126811132217,0.3359074987479977
gene_2317,0.22017681407992024,0.27343774465174864,0.24661334190222167,0.25977209936610934
gene_2318,0.14791228906784337,0.2003946357026854,0.31731068282107694,0.33438239240839424
gene_2319,0.19532092769079842,0.2450582604983448,0.3233988434316474,0.23622196837920942
gene_2320,0.17161309665199995,0.1622394870053748,0.3774830640783485,0.28866435226427667
gene_2321,0.17793490016198604,0.154810216803051,0.20449596020670438,0.4627589228282586
gene_2322,0.1582510067780239,0.26684381153957937,0.3305548894321808,0.24435029225021593
gene_2323,0.22250658164546383,0.24867116404713538,0.2691365620211824,0.2596856922862184
gene_2324,0.13970012513183955,0.21399892076989807,0.3275816317071987,0.31871932239106376
gene_2325,0.15335382674693276,0.24869897200546773,0.23340919289231934,0.3645380083552801
gene_2326,0.22917763593559834,0.2309147165547985,0.2600702898836116,0.2798373576259915
gene_2327,0.20814087842404794,0.2477596261854131,0.2928166502633218,0.25128284512721705
gene_2328,0.18223683436082685,0.26278655289476094,0.2539319477406747,0.3010446650037376
gene_2329,0.1622318564498056,0.25459579094551227,0.3831537696590953,0.20001858294558683
gene_2330,0.14151825480328892,0.20623377358866835,0.29140222469291815,0.36084574691512455
gene_2331,0.15080390698905136,0.26640883643127405,0.2734965083519446,0.30929074822773006
gene_2332,0.1867367722258349,0.2204381952202096,0.2757802005628774,0.3170448319910782
gene_2333,0.2932253043474292,0.2707072516103736,0.22130579804452666,0.21476164599767045
gene_2334,0.15995970281734082,0.2108809993943127,0.31865482469899875,0.3105044730893476
gene_2335,0.1711845853091745,0.19795361855161966,0.39962171785291006,0.23124007828629584
gene_2336,0.21773819305353606,0.2515827354184987,0.3488269215410661,0.18185214998689914
gene_2337,0.17751960482991921,0.27989163916991155,0.22970300755730022,0.31288574844286904
gene_2338,0.22158303923631803,0.24538470120373032,0.24797870695253113,0.28505355260742044
gene_2339,0.16327591636741381,0.23751006711243453,0.31442068901918485,0.2847933275009668
gene_2340,0.15270988177221195,0.22153415183394934,0.3034228240563374,0.32233314233750127
gene_2341,0.015157854213355648,0.2922162282311908,0.384814568556932,0.3078113489985216
gene_2342,0.17385483531051948,0.19069661322140213,0.3115960329304224,0.323852518537656
gene_2343,0.1539805100995135,0.22984443735410595,0.3083101724544044,0.3078648800919761
gene_2344,0.2004611795119128,0.17099697191929022,0.278280703437433,0.350261145131364
gene_2345,0.2714685575212781,0.26404239650387495,0.2694164357896709,0.19507261018517616
gene_2346,0.18483809089605158,0.19413338011131853,0.32220073283692,0.29882779615570987
gene_2347,0.13045479081841166,0.27752229802452333,0.3829025057529845,0.20912040540408053
gene_2348,0.0776632594291985,0.2279051135946819,0.2993463809658405,0.39508524601027917
gene_2349,0.23553019373695205,0.19662487329857667,0.2648250491179986,0.3030198838464727
gene_2350,0.17475276802950665,0.23121427274202017,0.2599173073160177,0.3341156519124554
gene_2351,0.17629523293059446,0.23483097344111914,0.2729274572628339,0.3159463363654525
gene_2352,0.19932096414941963,0.25154979602766675,0.301741086767509,0.24738815305540468
gene_2353,0.2092676046743376,0.2576328478564684,0.2516903869083047,0.28140916056088927
gene_2354,0.15211068007785955,0.21678325370732604,0.31503359847761875,0.3160724677371958
gene_2355,0.21779064430658351,0.1600427233456994,0.35031969280018144,0.27184693954753547
gene_2356,0.19935207681530967,0.18038069765338205,0.2173394005651643,0.40292782496614393
gene_2357,0.122783203867824,0.25562593900332486,0.27181396849150824,0.3497768886373428
gene_2358,0.19472201082220914,0.3228985975773229,0.1057337538887329,0.37664563771173515
gene_2359,0.2025560058833801,0.21409253475721687,0.25263519579321986,0.3307162635661831
gene_2360,0.2346577151583576,0.14108672892963173,0.335344284871422,0.28891127104058867
gene_2361,0.1620221172933142,0.2391215701200304,0.31807540808106133,0.28078090450559406
gene_2362,0.18969659239431644,0.23050286067053677,0.2884816702322064,0.2913188767029405
gene_2363,0.19353421121101627,0.30129141789826086,0.21876210690503436,0.28641226398568853
gene_2364,0.18537158172573845,0.1871470980222241,0.3501916245694277,0.2772896956826098
gene_2365,0.21570155369413277,0.23836476431302817,0.3506437008523197,0.1952899811405194
gene_2366,0.1632008588688829,0.2330683695068754,0.3885133256804526,0.21521744594378905
gene_2367,0.19034854912074503,0.20240497968811363,0.26714792631301104,0.34009854487813035
gene_2368,0.285222127238757,0.09632920482824463,0.32313736371991253,0.2953113042130859
gene_2369,0.1575624625925082,0.25382188912536285,0.3046942368025846,0.28392141147954425
gene_2370,0.16333574489556163,0.1739176391956925,0.38486160273050235,0.2778850131782436
gene_2371,0.24842977434837898,0.2304518022118205,0.2299540325012916,0.29116439093850893
gene_2372,0.16778977655545196,0.2336123390871518,0.2986467061255234,0.2999511782318729
gene_2373,0.23764488562383057,0.2838883287777993,0.2071506767891845,0.2713161088091856
gene_2374,0.1768656060406869,0.23891382411308557,0.28990071011124946,0.2943198597349781
gene_2375,0.17468918860169144,0.2764777532781542,0.2631255265598547,0.28570753156029965
gene_2376,0.15956700940811694,0.17564959020050644,0.42491009317860895,0.23987330721276778
gene_2377,0.1775418301293317,0.26459730510937984,0.25997783923730683,0.2978830255239816
gene_2378,0.22342810474444016,0.17932683510535338,0.25161877755230877,0.34562628259789757
gene_2379,0.23312928155666013,0.14098478179824614,0.21900683671033463,0.4068790999347591
gene_2380,0.24731381257604398,0.34438448346328865,0.2501422626397439,0.15815944132092344
gene_2381,0.15209417556184987,0.20240644896263488,0.3546760529696141,0.29082332250590126
gene_2382,0.17798411490423208,0.18206425138019655,0.4142821392731697,0.2256694944424017
gene_2383,0.19968015989122334,0.18309638345787063,0.25619939828303046,0.36102405836787566
gene_2384,0.24024722966736178,0.26140494541961395,0.22977539756234,0.2685724273506843
gene_2385,0.16626772995455297,0.36267781803616644,0.23768184892940766,0.23337260307987287
gene_2386,0.1846813918413697,0.21504389614268216,0.3235347831885171,0.276739928827431
gene_2387,0.13410867583483313,0.2391771779357756,0.2781626992670078,0.3485514469623834
gene_2388,0.15079893845298797,0.24617956740627256,0.2639025646543338,0.3391189294864057
gene_2389,0.22548662543507245,0.22323923998603734,0.3260920511880914,0.22518208339079882
gene_2390,0.18702393809969312,0.17850812305869393,0.3725369379515511,0.26193100089006194
gene_2391,0.18957128774099954,0.25882624919750025,0.2876811996962711,0.26392126336522925
gene_2392,0.27945391181075463,0.12439290655618164,0.43683146488289587,0.15932171675016776
gene_2393,0.22710493856091601,0.17544731742649128,0.38386955686743096,0.21357818714516175
gene_2394,0.19872773812830052,0.22669560253124552,0.27590181466468755,0.2986748446757663
gene_2395,0.23274423252408588,0.19462277797716016,0.2144786749736744,0.35815431452507956
gene_2396,0.1660080715141018,0.22827628788834153,0.33366296561505115,0.27205267498250546
gene_2397,0.12503946187236747,0.20966255791691799,0.41492191637736964,0.2503760638333449
gene_2398,0.25467859667010323,0.16931825437909878,0.29008941751158174,0.2859137314392162
gene_2399,0.19220505930686407,0.22195948113731445,0.3286787576382086,0.25715670191761286
gene_2400,0.21845845000242267,0.22618076060945302,0.2753387991729832,0.2800219902151412
gene_2401,0.18983711753779894,0.22679937725130095,0.24759315207732682,0.33577035313357323
gene_2402,0.158170980586045,0.2593546215277058,0.29963252005563246,0.28284187783061676
gene_2403,0.25513015424451185,0.22630040181674732,0.220834895693901,0.29773454824483997
gene_2404,0.22521628730416582,0.25325105892965927,0.22869321765158832,0.2928394361145866
gene_2405,0.15826569976869548,0.25161016800946556,0.30497283633403216,0.2851512958878069
gene_2406,0.17437274086801738,0.24510572320734014,0.34573589758120576,0.2347856383434367
gene_2407,0.13660222232467956,0.16854998562644183,0.35202740472315186,0.3428203873257267
gene_2408,0.19308577487383677,0.22428958847864927,0.33396186615280427,0.24866277049470975
gene_2409,0.17005561045411624,0.23526678475387255,0.3513605441190731,0.2433170606729381
gene_2410,0.1827419308541728,0.24552342158215595,0.3334491586718455,0.2382854888918258
gene_2411,0.21345458354213304,0.18459315411193417,0.29892016772411256,0.3030320946218202
gene_2412,0.19174296756306142,0.22196089832578647,0.2288785471687162,0.3574175869424359
gene_2413,0.16775115595843296,0.2171765270222494,0.24775615853638464,0.36731615848293303
gene_2414,0.20090078335729186,0.16787455442422375,0.3258065909547943,0.30541807126369
gene_2415,0.12485230347351972,0.20190179959721713,0.33456811320766383,0.33867778372159935
gene_2416,0.16606839021777448,0.25043483376515957,0.26036752843059485,0.32312924758647116
gene_2417,0.16307901881130063,0.1867930368922679,0.2724321279059489,0.3776958163904826
gene_2418,0.2523336338059604,0.2759724504703946,0.37020047990070615,0.10149343582293888
gene_2419,0.16537359845769717,0.17103641196934286,0.37693164342667945,0.2866583461462805
gene_2420,0.16450177558756132,0.2847959286363598,0.22566595867005698,0.3250363371060218
gene_2421,0.19336952842598581,0.19376436106480094,0.3179073377885354,0.29495877272067794
gene_2422,0.1741046384007876,0.27614654920090387,0.2695806031499572,0.2801682092483514
gene_2423,0.1533042033257438,0.2745159623772186,0.29451119889283456,0.27766863540420306
gene_2424,0.13992770928739198,0.2303511465035467,0.3760742882879942,0.25364685592106717
gene_2425,0.2101399553668409,0.21328899098351453,0.2981960559670459,0.2783749976825986
gene_2426,0.1277864155004664,0.2467801230005864,0.21700585217551835,0.40842760932342875
gene_2427,0.2270399717738229,0.2305152154711306,0.2606968909393725,0.28174792181567393
gene_2428,0.17556428082591816,0.22167831373585942,0.2864520053811792,0.3163054000570432
gene_2429,0.1384539119284288,0.2374271087799843,0.3184433010668393,0.30567567822474756
gene_2430,0.1668850796990029,0.22843104868149847,0.2593606582062421,0.34532321341325667
gene_2431,0.16021416603050417,0.18742576901303745,0.2687552062872353,0.3836048586692231
gene_2432,0.21045976605795585,0.2097306347216786,0.31407226871721194,0.2657373305031537
gene_2433,0.19327501210631692,0.2210899704594134,0.2964293256438087,0.2892056917904609
gene_2434,0.15477251399735678,0.25863071977930424,0.2634426876706274,0.32315407855271167
gene_2435,0.2759731234962483,0.023764178455975296,0.33117560683291775,0.3690870912148586
gene_2436,0.11999277626046348,0.2537377008785869,0.27706460417503465,0.349204918685915
gene_2437,0.2264998082881719,0.188318792656618,0.2825673121131073,0.3026140869421028
gene_2438,0.1766921577550695,0.154696656647223,0.31486003849416344,0.35375114710354416
gene_2439,0.18269324078016663,0.2903605747262568,0.24046445425966048,0.28648173023391615
gene_2440,0.17015073171913378,0.2413778918506313,0.26180293024915074,0.3266684461810842
gene_2441,0.11772733523213894,0.2175341843137678,0.3267060605545029,0.3380324198995903
gene_2442,0.1488099274642032,0.2663338390894893,0.2581556017681139,0.3267006316781936
gene_2443,0.1686059503258493,0.22973413265805406,0.3015381420430484,0.30012177497304826
gene_2444,0.14147377784020113,0.20588563621121,0.3088151092746534,0.34382547667393554
gene_2445,0.2041797842945448,0.25115621272834965,0.2357566478898439,0.30890735508726175
gene_2446,0.26785705348261857,0.1882559302162715,0.24636564765303803,0.29752136864807205
gene_2447,0.2946409653504565,0.2745686853118192,0.3810272587820597,0.049763090555664684
gene_2448,0.1896926753331558,0.21132708142747317,0.28518458725103735,0.31379565598833375
gene_2449,0.17588636929124457,0.20302315776734636,0.2843649018493148,0.3367255710920943
gene_2450,0.20454066872961815,0.18228606610805997,0.2849405170537382,0.32823274810858366
gene_2451,0.19592105758218542,0.2867599388525829,0.2556215001715977,0.261697503393634
gene_2452,0.26372739366341963,0.4704629130132333,0.09057932962280155,0.17523036370054537
gene_2453,0.17464219154520985,0.12678023291219473,0.2695536104717389,0.42902396507085644
gene_2454,0.23337760466979607,0.26997615099727534,0.2195919694026718,0.27705427493025675
gene_2455,0.15043741952942202,0.26211931053893645,0.21981082896293172,0.36763244096870984
gene_2456,0.21482683051279067,0.2515584842167465,0.2540387468775895,0.2795759383928733
gene_2457,0.1820730532888761,0.20920209550826432,0.3209554596406826,0.2877693915621769
gene_2458,0.16006444542289971,0.18128338187590468,0.3094975461043299,0.3491546265968657
gene_2459,0.09361618571532651,0.20784331724129174,0.38237053433484647,0.3161699627085354
gene_2460,0.20122161589348295,0.21546528289559289,0.35006133543355367,0.23325176577737058
gene_2461,0.21641005048359163,0.2010242241104018,0.3321990681705803,0.2503666572354262
gene_2462,0.20985188734624732,0.22349425458944086,0.3495900647608308,0.217063793303481
gene_2463,0.17584180334377472,0.2447216220095329,0.3227638412965538,0.2566727333501387
gene_2464,0.19155191008749498,0.2442779853933897,0.2803717404611828,0.2837983640579325
gene_2465,0.20822304595825503,0.23534057342170417,0.29818715046013233,0.25824923015990847
gene_2466,0.18744590616628704,0.20945490567166752,0.3034002283000366,0.29969895986200884
gene_2467,0.08803804770997346,0.2755962768185601,0.28155612378326295,0.3548095516882036
gene_2468,0.16247695430289175,0.2622220352236349,0.329940115631688,0.24536089484178533
gene_2469,0.1526204675649419,0.23301528493535964,0.330857291421292,0.28350695607840637
gene_2470,0.17257331718142027,0.25156910781827685,0.21378672032388116,0.36207085467642175
gene_2471,0.1728736512634403,0.24243026923896613,0.2575162226875234,0.32717985681007017
gene_2472,0.19648218361499836,0.25310394124377894,0.27838925540274445,0.27202461973847825
gene_2473,0.1725325420016552,0.21740413633053857,0.24720977182027196,0.3628535498475342
gene_2474,0.17157890059188807,0.01442409872445299,0.3671582030592344,0.4468387976244246
gene_2475,0.253778824929645,0.231880061819879,0.27766338926104195,0.23667772398943404
gene_2476,0.20377854115725094,0.15617142706074058,0.28428803840926564,0.3557619933727429
gene_2477,0.1675654475744072,0.27289861792778786,0.3459003801243134,0.2136355543734915
gene_2478,0.228163064366818,0.24021991565632736,0.3120612514912683,0.2195557684855864
gene_2479,0.1987145323564697,0.24541229848345453,0.27391336601404714,0.28195980314602864
gene_2480,0.1326773293316768,0.23374429802091964,0.3151339172776163,0.31844445536978727
gene_2481,0.18235821624913726,0.2064862937990331,0.3155215895274791,0.29563390042435045
gene_2482,0.14973405944743873,0.19464779249433914,0.30217318243396585,0.35344496562425626
gene_2483,0.20916683546646744,0.31044907747654055,0.23814369771329919,0.24224038934369282
gene_2484,0.1682268269155202,0.28066537257223895,0.2938467509896963,0.25726104952254447
gene_2485,0.1934326984950691,0.20645612150675746,0.28954841048067986,0.31056276951749356
gene_2486,0.13771576794043539,0.23971791891202626,0.2984403659709484,0.3241259471765899
gene_2487,0.1545219817295303,0.2143526293289594,0.22186732282948327,0.40925806611202703
gene_2488,0.17643743729827782,0.20462786235332964,0.24810679795201396,0.37082790239637864
gene_2489,0.17171415010871421,0.20056417653785713,0.3122153348555339,0.31550633849789483
gene_2490,0.14152655858241905,0.2154784049110326,0.3446534037528597,0.29834163275368875
gene_2491,0.11948817542962369,0.2546634207964509,0.29578026161738896,0.33006814215653657
gene_2492,0.18634143698535038,0.20049007734548457,0.29509615112620613,0.31807233454295897
gene_2493,0.21523540971117322,0.27769074670159805,0.2597882026818396,0.24728564090538926
gene_2494,0.1458305683964753,0.246377664044444,0.28341787967636384,0.32437388788271687
gene_2495,0.12826921463008564,0.1844505099328387,0.39604280464459996,0.29123747079247575
gene_2496,0.17100612630952666,0.20188920463742707,0.3188369292115682,0.30826773984147815
gene_2497,0.19144203582420236,0.1081768176402245,0.43418174839956214,0.26619939813601096
gene_2498,0.2018042277825163,0.2330981339502314,0.2450709200256361,0.32002671824161616
gene_2499,0.17593831382508499,0.20481233578042815,0.3234012056482989,0.2958481447461881
gene_2500,0.1706638243714879,0.21754111422461475,0.3240977085265655,0.2876973528773318
gene_2501,0.19418091734624426,0.2604277533102224,0.4228468140370981,0.12254451530643523
gene_2502,0.1853434494567619,0.24157696586953176,0.2893734830997782,0.28370610157392817
gene_2503,0.14848760869618458,0.18108070597808945,0.4276340506056132,0.24279763472011281
gene_2504,0.21493475395843253,0.19432113059444156,0.29374394902483775,0.29700016642228816
gene_2505,0.21400007646634225,0.24025051818478824,0.22605128556199905,0.3196981197868704
gene_2506,0.26624489177577537,0.1735915334782971,0.3039345985065444,0.25622897623938307
gene_2507,0.16652151070383842,0.25993346064944456,0.2317665395152612,0.3417784891314557
gene_2508,0.2570688026148808,0.20792779741790895,0.2869885239035782,0.24801487606363198
gene_2509,0.18749965186221934,0.17332439353997559,0.37455458580841144,0.26462136878939363
gene_2510,0.10854964794845143,0.23620964568217745,0.30260926926582776,0.3526314371035434
gene_2511,0.18139024322683975,0.22006019771279914,0.2755744486699572,0.32297511039040394
gene_2512,0.21579319280696593,0.2489272776363881,0.22352151000953516,0.3117580195471108
gene_2513,0.08884896499747712,0.24973931137191024,0.44968231538320813,0.21172940824740463
gene_2514,0.2112344300314362,0.13742653385950984,0.22909306314978314,0.42224597295927085
gene_2515,0.2134906189070368,0.1822482495133397,0.31284343982488316,0.29141769175474025
gene_2516,0.1563571609168235,0.22988426443379723,0.325331731551436,0.28842684309794336
gene_2517,0.21121686467423034,0.27408438497631715,0.31154710748149955,0.20315164286795287
gene_2518,0.15047504338074713,0.19022166365116375,0.37626471825096797,0.2830385747171211
gene_2519,0.1636080482119139,0.33609098720111064,0.27546749652287134,0.22483346806410417
gene_2520,0.13994438509119336,0.26090415926010924,0.2957690174502383,0.3033824381984591
gene_2521,0.17827504531403018,0.1266851087834283,0.36390735362475257,0.33113249227778885
gene_2522,0.09688994933738146,0.2658716488935663,0.20768912385239552,0.42954927791665676
gene_2523,0.15023234310892125,0.257164625043173,0.22016590862389215,0.3724371232240137
gene_2524,0.16216480835904265,0.27424883546293766,0.25630528764893346,0.3072810685290861
gene_2525,0.19251231426815077,0.21788683246366472,0.31495342363684875,0.27464742963133576
gene_2526,0.15186304372623616,0.20857990796958006,0.29484253520566583,0.344714513098518
gene_2527,0.2270032535910059,0.17026719241020014,0.25466947705682336,0.34806007694197066
gene_2528,0.16698323521121033,0.20412181208219862,0.28737504916700285,0.3415199035395882
gene_2529,0.18649484412083797,0.2895049503646003,0.21870482454902085,0.3052953809655408
gene_2530,0.2511142476574862,0.22162311518065708,0.3100068680570061,0.2172557691048506
gene_2531,0.1508391589494227,0.1602779951373499,0.30376266753519365,0.3851201783780337
gene_2532,0.2603224212127392,0.3315753337383623,0.240752266169649,0.16734997887924946
gene_2533,0.20229147641129475,0.3257026745982475,0.20650770870778057,0.26549814028267726
gene_2534,0.2317964232790171,0.2310270508992258,0.24274607554066918,0.2944304502810879
gene_2535,0.1753108338356539,0.2347150054812537,0.38883604095665697,0.20113811972643544
gene_2536,0.1747136386407316,0.20851066197436496,0.2648635746103333,0.3519121247745702
gene_2537,0.149622827933314,0.24566458655381,0.3143457466676723,0.29036683884520376
gene_2538,0.18144805256371704,0.2524940148184158,0.2550454478969302,0.3110124847209369
gene_2539,0.14627834760325273,0.26424002773827193,0.2969798876334346,0.2925017370250408
gene_2540,0.0961865153326373,0.3190433734739198,0.27270298604475957,0.3120671251486834
gene_2541,0.17569813258978315,0.15987752279792788,0.3413963276833196,0.3230280169289693
gene_2542,0.2196305590891292,0.21016573408631256,0.3489727540672925,0.22123095275726573
gene_2543,0.17091166543708616,0.2469884039271905,0.28316891847957076,0.2989310121561526
gene_2544,0.1921438534605998,0.4013923278157203,0.0063418618353178365,0.4001219568883621
gene_2545,0.15978914372096867,0.22434432143911776,0.26555119628094087,0.3503153385589727
gene_2546,0.19104727000682808,0.18425701165929945,0.31125537632175243,0.3134403420121201
gene_2547,0.22636705440325477,0.2110454300033389,0.2687030980730522,0.29388441752035416
gene_2548,0.20620566216739483,0.21244435612518422,0.29726232053373364,0.28408766117368733
gene_2549,0.19454979666163594,0.25606435991887616,0.2752135142329575,0.2741723291865304
gene_2550,0.23479358886248375,0.2123481809173354,0.1848824888900371,0.36797574133014377
gene_2551,0.18784757489595835,0.19248066109120662,0.32017805848111547,0.29949370553171956
gene_2552,0.22125056187688816,0.2566104962079754,0.25137672381427106,0.27076221810086537
gene_2553,0.1995527477346887,0.14286053078306446,0.3559663149793229,0.30162040650292393
gene_2554,0.16634324313124874,0.17006911558268664,0.3750752394316475,0.2885124018544172
gene_2555,0.15254511578824392,0.21053696535630212,0.3327466228173469,0.304171296038107
gene_2556,0.12757796346404104,0.19006373465176404,0.3515346803856383,0.33082362149855665
gene_2557,0.18149362655846873,0.29197882291084015,0.32099227555062193,0.2055352749800692
gene_2558,0.2245786802990175,0.30219673044770684,0.1601978862011222,0.31302670305215335
gene_2559,0.2150248801010732,0.21671865077073973,0.3058734960072702,0.2623829731209168
gene_2560,0.1720256646573112,0.25023840100427697,0.2938065407135639,0.28392939362484787
gene_2561,0.13418327521604898,0.23817551830504033,0.39734473159402,0.23029647488489075
gene_2562,0.18843630325355432,0.16401559890648876,0.4149764121836309,0.23257168565632602
gene_2563,0.1666827856091204,0.3770520242921055,0.28221239748204535,0.17405279261672868
gene_2564,0.2140174058777317,0.22673823828428794,0.31626414470375125,0.24298021113422918
gene_2565,0.2101152316466238,0.16117550109739803,0.3219566059371276,0.30675266131885065
gene_2566,0.20575753149605136,0.2832284740157583,0.23643833362002656,0.2745756608681638
gene_2567,0.2391576835382827,0.2549770997131768,0.3448819804203473,0.16098323632819325
gene_2568,0.20916605017274367,0.25526441230207086,0.26161305941094776,0.27395647811423757
gene_2569,0.18713781464984472,0.17751696264321382,0.25463201957658527,0.3807132031303563
gene_2570,0.22189637940339693,0.255498081587681,0.2044357839671846,0.31816975504173745
gene_2571,0.20525046320126927,0.21565193498372648,0.2918036313898386,0.2872939704251657
gene_2572,0.21652924324997275,0.21423217528186117,0.32758314384553705,0.241655437622629
gene_2573,0.19585571580062233,0.2177458403214212,0.2952913601569092,0.2911070837210474
gene_2574,0.18409621144502814,0.2628864673186067,0.2925759991701109,0.26044132206625414
gene_2575,0.24964949944697604,0.250706659171396,0.2902407331049859,0.20940310827664202
gene_2576,0.20117870904052682,0.19918167107455842,0.26843423537336214,0.3312053845115526
gene_2577,0.22124050274392235,0.2571321471849462,0.29529862332740636,0.22632872674372512
gene_2578,0.19026140000800634,0.2756723334092364,0.2247887354087223,0.30927753117403495
gene_2579,0.19959762538671394,0.19987612909919908,0.3368978981542566,0.2636283473598304
gene_2580,0.23303951394311972,0.24147760760491788,0.19829298018541178,0.3271898982665506
gene_2581,0.17364606501584648,0.2571091122235856,0.32295313267685144,0.24629169008371646
gene_2582,0.20064688530920943,0.27892397840312055,0.2247538344611976,0.29567530182647245
gene_2583,0.21000770625517998,0.1757235653029637,0.26765611293681635,0.3466126155050401
gene_2584,0.2530808307359088,0.16493636512477253,0.564378638231974,0.01760416590734479
gene_2585,0.12623721733204676,0.20160972821349749,0.2708218437338518,0.4013312107206039
gene_2586,0.17932141385840036,0.21732521965840454,0.24016678401270386,0.36318658247049124
gene_2587,0.13041742954045824,0.155166829474041,0.5422399765052142,0.1721757644802865
gene_2588,0.20798974152582084,0.20946578494550747,0.41002520904580575,0.17251926448286592
gene_2589,0.20742795217379245,0.23546403528306173,0.2909944814028268,0.26611353114031905
gene_2590,0.19231680916286573,0.1467528272510278,0.2950878406346538,0.3658425229514526
gene_2591,0.19123590852917702,0.25403857211306646,0.29921206519824106,0.25551345415951543
gene_2592,0.17469401158023615,0.23619096902483588,0.32258691547114443,0.26652810392378345
gene_2593,0.16357725950265442,0.09199331146849851,0.25795573040394415,0.486473698624903
gene_2594,0.2572726521764576,0.2275773780774257,0.2498562370257616,0.265293732720355
gene_2595,0.1772801610313879,0.19250367718250394,0.2849267931904014,0.34528936859570675
gene_2596,0.18247455968662663,0.2213395853338028,0.33264154042791894,0.2635443145516517
gene_2597,0.13111902814529328,0.17416537869669688,0.3284364114388226,0.36627918171918744
gene_2598,0.03900805406397384,0.2657924220152921,0.2808990482735132,0.41430047564722094
gene_2599,0.1513346205205245,0.22048865823792024,0.22746478595366856,0.40071193528788673
gene_2600,0.17311878821717344,0.29416289060606143,0.3123646357066442,0.22035368547012088
gene_2601,0.1263074262871208,0.16424065359235265,0.38974164780726034,0.31971027231326626
gene_2602,0.2087847942211001,0.17184430639854378,0.28889203692351023,0.3304788624568459
gene_2603,0.2117207671328808,0.24048644135614033,0.3038830180300124,0.24390977348096646
gene_2604,0.16539391547778867,0.1534740690735853,0.3615968415012661,0.3195351739473601
gene_2605,0.19086391614912018,0.24087546952853253,0.31427106395825366,0.2539895503640937
gene_2606,0.28327563339464257,0.03654419026828525,0.48471018352819634,0.19546999280887573
gene_2607,0.20140839982916478,0.16686145963924284,0.30973395451267355,0.3219961860189188
gene_2608,0.14513938354053568,0.26104869018458027,0.2624263102904245,0.3313856159844595
gene_2609,0.15466007795095757,0.2279624752635759,0.3146424564041019,0.3027349903813646
gene_2610,0.17964578492100922,0.24408915195584718,0.2464037570075577,0.3298613061155859
gene_2611,0.147336238630429,0.033243644680985326,0.3604911796018401,0.4589289370867457
gene_2612,0.1777157941851828,0.1207221211010784,0.46134321374096054,0.24021887097277822
gene_2613,0.18088780230130913,0.19332911975393424,0.30470293543219495,0.3210801425125617
gene_2614,0.3331806998335935,0.21593509673935707,0.23310963166921472,0.21777457175783474
gene_2615,0.1693965106464533,0.20592772916552068,0.3366611955731559,0.2880145646148701
gene_2616,0.1599293354936828,0.25853109812273506,0.2607703705043219,0.3207691958792602
gene_2617,0.22508041062863787,0.1645040359778433,0.29542676527261436,0.31498878812090453
gene_2618,0.20162188453131322,0.24739640969313026,0.2023917109201074,0.3485899948554493
gene_2619,0.17905539886056027,0.26717661669417364,0.28139924147345097,0.2723687429718152
gene_2620,0.23589734844643132,0.22362524583606497,0.25086653686118005,0.2896108688563237
gene_2621,0.16094891186329083,0.20919375377225422,0.2769331788699821,0.35292415549447287
gene_2622,0.14942388009144092,0.26383003732771687,0.283356738794547,0.30338934378629523
gene_2623,0.1886261065785879,0.19070807189412464,0.3075324920047843,0.31313332952250317
gene_2624,0.1558117579745742,0.23354228827419915,0.33169756605626743,0.27894838769495917
gene_2625,0.14155626937578575,0.33147327545914906,0.2007567551994553,0.32621369996560995
gene_2626,0.22416685883435397,0.24203008182058655,0.26189203408098455,0.27191102526407496
gene_2627,0.1619748698650921,0.17400741251474147,0.3580672172838404,0.30595050033632615
gene_2628,0.12726281783334717,0.31294019354402763,0.2873582244169271,0.2724387642056981
gene_2629,0.23842625941523046,0.20875282127659353,0.20709977741629748,0.3457211418918785
gene_2630,0.4520117328348538,0.015170699185980786,0.4366878500187338,0.09612971796043157
gene_2631,0.14874358203030802,0.15263296204234278,0.320437111221764,0.37818634470558515
gene_2632,0.15934697627432612,0.25740404201434697,0.10748777299745592,0.47576120871387095
gene_2633,0.19781787540433254,0.31018815608911693,0.30978341093322437,0.1822105575733262
gene_2634,0.14918102043598805,0.2224366527148572,0.32770593864775066,0.300676388201404
gene_2635,0.17011684905598864,0.20385965513204451,0.3232076042984328,0.30281589151353405
gene_2636,0.17423566792674583,0.2316403980876443,0.28883546863725434,0.3052884653483556
gene_2637,0.13839821426076768,0.24459992652699972,0.3022416870799381,0.31476017213229446
gene_2638,0.2324483630456845,0.18715903332614175,0.21457040531891813,0.3658221983092556
gene_2639,0.17711364458777423,0.2133005880147343,0.3223497560937417,0.28723601130374976
gene_2640,0.19539837968054075,0.20916227948507082,0.3071965645591947,0.28824277627519374
gene_2641,0.1621538949005949,0.2909275528663137,0.3092805876884724,0.23763796454461902
gene_2642,0.16542611780025931,0.2417311285390587,0.15264065829975745,0.4402020953609246
gene_2643,0.2593227180249539,0.21124172906010694,0.336977438741126,0.19245811417381312
gene_2644,0.17325685177404707,0.26841329414225384,0.31478306228950226,0.24354679179419683
gene_2645,0.2062961263482746,0.17281721955845133,0.30947715323035874,0.3114095008629154
gene_2646,0.17874138736707548,0.21954185851318506,0.2624198051815792,0.33929694893816026
gene_2647,0.2038613605965535,0.2504972161271148,0.2574710916307225,0.2881703316456093
gene_2648,0.22163246195551228,0.17774265512370202,0.32270155416065316,0.27792332876013254
gene_2649,0.15174987515401475,0.21091020816386735,0.4044741853940781,0.23286573128803978
gene_2650,0.2002704921330252,0.2188596356782653,0.27577475385152306,0.30509511833718644
gene_2651,0.1804505754441069,0.2682201523299977,0.2668963727305893,0.28443289949530615
gene_2652,0.2139967694614382,0.20309486463798576,0.18359001229468475,0.39931835360589124
gene_2653,0.18153591925279575,0.2518865853347591,0.2641904852644988,0.3023870101479463
gene_2654,0.220060611855084,0.21821738818387562,0.29175545644532086,0.2699665435157194
gene_2655,0.16522180773462206,0.31679666749844015,0.32483756001682296,0.1931439647501148
gene_2656,0.16838974436095844,0.2621387478576546,0.3503276088424976,0.21914389893888933
gene_2657,0.1922909697874801,0.22860282135262633,0.36141725236974903,0.21768895649014464
gene_2658,0.1133381190494263,0.20341380228586006,0.3873442280107844,0.29590385065392927
gene_2659,0.196139471598014,0.272520249281103,0.308680781620685,0.22265949750019798
gene_2660,0.22524068057766902,0.25383116904614866,0.24580211137143107,0.2751260390047512
gene_2661,0.15216461454685112,0.16594153423919622,0.2910298853920771,0.39086396582187555
gene_2662,0.17474237642392057,0.19803108023999483,0.2625662495902951,0.36466029374578945
gene_2663,0.14988413731252573,0.19479453432057256,0.3292456053465876,0.3260757230203141
gene_2664,0.15719418534667093,0.2106999678972593,0.3742893520034779,0.25781649475259183
gene_2665,0.16554049273353214,0.23294339147262266,0.33127173346019134,0.27024438233365383
gene_2666,0.1941896532195667,0.26725562865259644,0.26604179879112044,0.27251291933671634
gene_2667,0.18061061887104143,0.23647690475191768,0.2977696011175121,0.2851428752595288
gene_2668,0.21880806222345178,0.20619505062515806,0.3017116826916898,0.2732852044597004
gene_2669,0.2668041051361844,0.14241064642742807,0.3504545027687429,0.24033074566764454
gene_2670,0.029504258160629963,0.24529421518157898,0.6088236050226675,0.11637792163512335
gene_2671,0.24859920510853625,0.06433995205507062,0.4953848066787191,0.19167603615767403
gene_2672,0.22544514223626363,0.20659556804660173,0.29421697561881055,0.273742314098324
gene_2673,0.23884506152095256,0.2212532994127813,0.2773555837270247,0.26254605533924147
gene_2674,0.17253865783263675,0.14439190902395913,0.2555159093331586,0.4275535238102456
gene_2675,0.1576257056876842,0.24365789030760082,0.29010563916779025,0.30861076483692473
gene_2676,0.1886840691369687,0.2726442089348659,0.26891877130652747,0.26975295062163784
gene_2677,0.1853068900729285,0.24035788541140218,0.28073508158252874,0.29360014293314063
gene_2678,0.1498206570746432,0.22503044748456924,0.3800358412022893,0.24511305423849825
gene_2679,0.20113787198180014,0.22485982082025074,0.31860648567960526,0.2553958215183438
gene_2680,0.17663470265425762,0.16631736267176916,0.24566718204813148,0.4113807526258418
gene_2681,0.2172285668082041,0.22019965211320874,0.2534805056551497,0.3090912754234375
gene_2682,0.15252439534927997,0.25764219852420495,0.2996303621248069,0.29020304400170815
gene_2683,0.20932526927316353,0.2570121712083135,0.3113580955551352,0.22230446396338777
gene_2684,0.18072598739306958,0.23190976904235544,0.33026315072511664,0.25710109283945826
gene_2685,0.1420326367142363,0.17623031796201166,0.36769787596462084,0.3140391693591312
gene_2686,0.1552428322301137,0.2230152830787204,0.18353675361614125,0.4382051310750247
gene_2687,0.2185574854770597,0.17244349888437793,0.33282943646931273,0.27616957916924956
gene_2688,0.18168903167268236,0.19582150872146306,0.33846525086022955,0.28402420874562495
gene_2689,0.10583060742632297,0.246912933470454,0.3021212133699293,0.34513524573329357
gene_2690,0.15253606080614626,0.19345210011747935,0.3076249868124941,0.3463868522638803
gene_2691,0.22474503802376514,0.28252286315789993,0.2641560360315878,0.22857606278674714
gene_2692,0.17314211725768372,0.16916205537926987,0.1472754196294477,0.5104204077335986
gene_2693,0.14651949408049397,0.2585422813068559,0.23598430782348956,0.3589539167891607
gene_2694,0.16887574573696595,0.17893601655962055,0.31563609300074774,0.3365521447026658
gene_2695,0.18839422499988975,0.258049940097511,0.23495723158291987,0.3185986033196794
gene_2696,0.1887293348852945,0.26115892473869995,0.28700175831848435,0.26310998205752123
gene_2697,0.22572979966122805,0.17638913652058394,0.3711582786298793,0.2267227851883087
gene_2698,0.19021083140735642,0.2378702389807747,0.28941778960495446,0.28250114000691445
gene_2699,0.1871796155403831,0.20398741793261968,0.29361354981164284,0.3152194167153543
gene_2700,0.12670477812092246,0.3049016830954744,0.3057305903354103,0.262662948448193
gene_2701,0.2270836473558129,0.2652415884933877,0.2747607984592363,0.23291396569156306
gene_2702,0.22791614523290013,0.15377704949106774,0.31501977442820317,0.30328703084782904
gene_2703,0.18025111055945323,0.2679386287858497,0.30449035990506845,0.24731990074962856
gene_2704,0.14612953933850467,0.19785559961798935,0.3042733443010569,0.35174151674244913
gene_2705,0.2646998885293821,0.14826590113610646,0.36157702340301023,0.2254571869315012
gene_2706,0.16258171678911634,0.28586510078968064,0.3298346786675908,0.22171850375361218
gene_2707,0.20414677898095152,0.2449395772188392,0.30852016222292444,0.24239348157728483
gene_2708,0.15683724167732357,0.2421757850196571,0.2595679663239387,0.3414190069790806
gene_2709,0.1880464108879406,0.2513799907697856,0.21480548813814046,0.3457681102041333
gene_2710,0.19294518176622552,0.2827242729746641,0.27200123378895147,0.25232931147015886
gene_2711,0.14344470124287848,0.24985524674735757,0.2726093455349473,0.33409070647481653
gene_2712,0.13748952470722395,0.27999259958366574,0.2313582534531847,0.3511596222559255
gene_2713,0.1446493625680717,0.24709085688744403,0.3227344964020165,0.28552528414246775
gene_2714,0.22212724386840543,0.16123016073618648,0.32018674338539277,0.2964558520100154
gene_2715,0.13671748653978955,0.2915667229990963,0.2869378243375435,0.28477796612357065
gene_2716,0.18307084461418893,0.22112976595105552,0.20443294062730444,0.3913664488074512
gene_2717,0.07756221115036135,0.2746644071635342,0.24973897046538665,0.3980344112207178
gene_2718,0.209892438074205,0.24930655511419864,0.239300328386804,0.30150067842479233
gene_2719,0.24231904943971588,0.21659872726705093,0.28437664268530044,0.2567055806079328
gene_2720,0.1740267574860368,0.1902242753070688,0.32140053385339457,0.3143484333534998
gene_2721,0.17105372484104683,0.2771697165100615,0.24539612993836898,0.3063804287105227
gene_2722,0.13739872816747456,0.21783770922591142,0.4527962607849207,0.19196730182169333
gene_2723,0.18321730931658625,0.1590810783898887,0.3515912860080407,0.3061103262854844
gene_2724,0.1371372176449502,0.200239719261262,0.2998452241321752,0.36277783896161253
gene_2725,0.19669589168386073,0.23275889078749587,0.3067042984345881,0.26384091909405527
gene_2726,0.18021266419700452,0.2605067248388206,0.2499544088981122,0.30932620206606254
gene_2727,0.17804030918182331,0.20167300152402154,0.2987965170238932,0.32149017227026183
gene_2728,0.22078385658312955,0.28236735545371644,0.19794051238383492,0.29890827557931915
gene_2729,0.15096312142757778,0.19976200013052078,0.3698068866921463,0.27946799174975523
gene_2730,0.17436520909047162,0.2501305943845729,0.24239077986132235,0.3331134166636331
gene_2731,0.1711807068064957,0.19402109428060815,0.3301990277845267,0.30459917112836954
gene_2732,0.18946820473104198,0.15238602858818248,0.34351650451240684,0.31462926216836873
gene_2733,0.20579533847201836,0.1297059201377236,0.325172338789407,0.3393264026008511
gene_2734,0.2003101571375656,0.1993068802410208,0.3141885463539884,0.2861944162674252
gene_2735,0.1985213863778077,0.1650836733057321,0.30523888625387424,0.3311560540625861
gene_2736,0.19663056168697374,0.16803091506144038,0.29158248778049806,0.3437560354710878
gene_2737,0.16318492223879105,0.23805195330097254,0.27253066075644206,0.3262324637037942
gene_2738,0.12058765606922885,0.18176299390351802,0.43596556497266065,0.2616837850545925
gene_2739,0.19323884117105944,0.2248849835050292,0.3103989363132307,0.2714772390106807
gene_2740,0.11524474541735939,0.35367898214634413,0.20820909708227897,0.32286717535401754
gene_2741,0.2244010415693956,0.20526072730958808,0.33390331507206594,0.23643491604895034
gene_2742,0.167897890463295,0.19450897374737747,0.298534459083073,0.3390586767062544
gene_2743,0.11517068282950242,0.26805863970212185,0.2142472679372261,0.4025234095311496
gene_2744,0.18700248916450482,0.1963287337219302,0.4030901273757893,0.21357864973777566
gene_2745,0.20092884628271473,0.23622820281622928,0.2700924715225123,0.29275047937854376
gene_2746,0.21486175632942006,0.18134993223509377,0.23549510344120111,0.368293207994285
gene_2747,0.13123748269263422,0.21184437344370033,0.3877850800292395,0.2691330638344259
gene_2748,0.22210395099494984,0.26222030896729764,0.24590459957667885,0.26977114046107364
gene_2749,0.21604471907479741,0.21818521102581465,0.26767425764535374,0.2980958122540342
gene_2750,0.14589957541163656,0.2629910589714352,0.3252421898381625,0.26586717577876573
gene_2751,0.19763349380248924,0.26221712605575853,0.3215236225366758,0.21862575760507644
gene_2752,0.23572783867883018,0.19258138019482662,0.3171818709027706,0.2545089102235725
gene_2753,0.227536130742922,0.29436992879070245,0.26346197984173536,0.21463196062464024
gene_2754,0.16887498247439367,0.21970346187045084,0.36890547245056904,0.24251608320458654
gene_2755,0.197760246668557,0.216002533029944,0.286953582432525,0.29928363786897405
gene_2756,0.12946246258927527,0.260253409497845,0.25221054397620596,0.35807358393667393
gene_2757,0.23215402130669122,0.17357532665189432,0.2747275737843258,0.31954307825708883
gene_2758,0.22996267114703972,0.17870379026821914,0.36721097072580605,0.2241225678589351
gene_2759,0.17816780903855747,0.22046962713502044,0.2885954126675533,0.31276715115886883
gene_2760,0.13445706742480112,0.2493154481084248,0.2672153707519408,0.34901211371483326
gene_2761,0.2394316386884107,0.15436376893381923,0.24859676566511635,0.35760782671265373
gene_2762,0.13240379865310228,0.159499148813275,0.3582535642076502,0.34984348832597245
gene_2763,0.19091621713287324,0.22750780888948557,0.2792564676069734,0.3023195063706679
gene_2764,0.1479307040096735,0.23013086805651806,0.31181539827602006,0.31012302965778843
gene_2765,0.1662376585430538,0.18874374538721345,0.4187754083941449,0.22624318767558785
gene_2766,0.1216413826399732,0.19818206542228436,0.40786224740748367,0.27231430453025873
gene_2767,0.10163180613238276,0.3239466116321478,0.2543248955413882,0.3200966866940813
gene_2768,0.23192805879547596,0.19952695478820992,0.22856578817832512,0.3399791982379889
gene_2769,0.17289438498686546,0.25796710710259824,0.3298723969231571,0.23926611098737913
gene_2770,0.12432605295838345,0.2927834551252454,0.39482308014808937,0.18806741176828184
gene_2771,0.2265147260729469,0.20956123163107107,0.23617068215858172,0.32775336013740036
gene_2772,0.15215378252043651,0.2665139347534355,0.3031203791345058,0.27821190359162234
gene_2773,0.2736649264971138,0.2667429862245923,0.25585230915146767,0.20373977812682614
gene_2774,0.2011987313389677,0.239476649547006,0.28483845789424406,0.2744861612197822
gene_2775,0.2140738960032233,0.2717764838422887,0.30640027402600306,0.20774934612848486
gene_2776,0.22873661636509107,0.08737696643370449,0.3532575533586885,0.33062886384251594
gene_2777,0.024724497306283868,0.40714434146294465,0.33446151601750346,0.2336696452132681
gene_2778,0.18280302827365574,0.13392681327276268,0.4194130162966462,0.2638571421569355
gene_2779,0.12715937303503708,0.2861828730466783,0.31134449429650274,0.2753132596217818
gene_2780,0.1617329627647667,0.22526776796481182,0.2788216740651322,0.3341775952052894
gene_2781,0.1521324776621021,0.22180461194459158,0.3014719078435104,0.3245910025497959
gene_2782,0.25102747260770303,0.26827853154622866,0.30544751840591033,0.17524647744015798
gene_2783,0.16171631849492302,0.21201405483030178,0.3271224173592672,0.2991472093155079
gene_2784,0.15757905805214129,0.19945718035315357,0.260336618295066,0.38262714329963915
gene_2785,0.19176588366853067,0.17066216521999839,0.32735991234786926,0.3102120387636016
gene_2786,0.17873016163535205,0.3229759941482309,0.2576821983801521,0.240611645836265
gene_2787,0.22331099322074152,0.19094119273696034,0.2814912563628484,0.30425655767944965
gene_2788,0.2357111158700895,0.19268717826871137,0.29848500703651704,0.27311669882468204
gene_2789,0.1825751536056406,0.20702949171096108,0.25679056129984623,0.35360479338355216
gene_2790,0.1537049295855925,0.15881331429334694,0.28978718833704564,0.39769456778401496
gene_2791,0.23164559272107976,0.24322354022138593,0.28005573061612926,0.24507513644140513
gene_2792,0.1959469138028239,0.21703617576095832,0.25678250832039673,0.33023440211582095
gene_2793,0.20060563138056267,0.19389552404001573,0.28369406970495953,0.3218047748744621
gene_2794,0.26380370150111393,0.2955650828114955,0.3393594094792359,0.10127180620815474
gene_2795,0.16210972800339685,0.15105234822347496,0.4271804496323998,0.25965747414072826
gene_2796,0.13913694252582673,0.2535781995359876,0.3125513571870902,0.29473350075109556
gene_2797,0.18361706355857704,0.21243684556180742,0.3085719004923885,0.2953741903872271
gene_2798,0.22400064420066512,0.24246215892100678,0.17803014671185052,0.3555070501664776
gene_2799,0.18515321177599078,0.19778242659904474,0.31596509250492766,0.3010992691200368
gene_2800,0.16796437943154946,0.22493918182065178,0.30661715597425954,0.30047928277353925
gene_2801,0.16990582688425843,0.19691323006491523,0.3784052436647515,0.25477569938607486
gene_2802,0.16751141047160742,0.20060064655420914,0.35293875793484863,0.27894918503933486
gene_2803,0.1696342429777101,0.22432144753439867,0.35751114765138875,0.24853316183650254
gene_2804,0.16154213173425575,0.2252321331778872,0.3428440786740378,0.2703816564138193
gene_2805,0.18894221817628484,0.14579509275929745,0.33754163745860344,0.32772105160581416
gene_2806,0.23760327929733469,0.2714212144932617,0.25225294680533716,0.23872255940406645
gene_2807,0.2115042974734632,0.20749764964166462,0.2998171869223033,0.2811808659625689
gene_2808,0.16077167797628872,0.19873173567375896,0.334469391282345,0.30602719506760734
gene_2809,0.23857289048710115,0.18109253690709504,0.28820577415617177,0.2921287984496322
gene_2810,0.2742506551192905,0.19131494872378335,0.21438938075279493,0.3200450154041312
gene_2811,0.1559227201171335,0.21303743344855464,0.3255294486036434,0.3055103978306684
gene_2812,0.19161979488725425,0.29535899056374665,0.26219655047152496,0.25082466407747417
gene_2813,0.12846679029147398,0.26470749948682476,0.24868383637674502,0.3581418738449563
gene_2814,0.20977556450301668,0.22572689308418115,0.19384433413978916,0.3706532082730129
gene_2815,0.11841154394913937,0.25429931580933157,0.34630358664425176,0.2809855535972773
gene_2816,0.24451472234799115,0.31238640352707353,0.05802795752575487,0.38507091659918036
gene_2817,0.09636947453841743,0.35516106698559086,0.3522661705362701,0.1962032879397216
gene_2818,0.19835636997931025,0.2309007649586279,0.2746592186431782,0.2960836464188837
gene_2819,0.20381949458398446,0.18112123137497343,0.2681363188691919,0.3469229551718501
gene_2820,0.18695009894748163,0.2474932151557861,0.17678955448126274,0.3887671314154695
gene_2821,0.2049507276174416,0.20262962379284333,0.29039198792256804,0.302027660667147
gene_2822,0.20053695146134415,0.19833074982467233,0.29439234986371277,0.3067399488502708
gene_2823,0.16624355961553428,0.1936465113886539,0.4104275654636429,0.22968236353216898
gene_2824,0.19340858862250593,0.2611318627530491,0.2194568603122987,0.3260026883121462
gene_2825,0.2500148940827625,0.21286067518550714,0.20170944870033214,0.33541498203139825
gene_2826,0.20735590603314036,0.17610942323818135,0.2985468471647284,0.3179878235639499
gene_2827,0.19496976709796968,0.24279564828864028,0.3113513966070236,0.25088318800636644
gene_2828,0.20345235859107827,0.22810748094657846,0.3220685652603927,0.24637159520195057
gene_2829,0.17586045547697818,0.23856559812984363,0.3190706908689514,0.2665032555242268
gene_2830,0.17920504201109994,0.27791380989116066,0.31083109189691055,0.23205005620082886
gene_2831,0.1380651487299766,0.0968607436881312,0.3680785066594066,0.3969956009224856
gene_2832,0.20632019771104135,0.16717202429587028,0.3350681276408015,0.2914396503522868
gene_2833,0.14571227390716254,0.2881075699768154,0.21508504616241403,0.35109510995360804
gene_2834,0.14688803001519316,0.18349786908851165,0.331612579386411,0.3380015215098843
gene_2835,0.17461032566780146,0.27889700812126467,0.26604715688644504,0.28044550932448875
gene_2836,0.16530021050075708,0.2506243457259033,0.3455574335600656,0.23851801021327407
gene_2837,0.1828719891072709,0.20904203414033315,0.3035146636426359,0.3045713131097601
gene_2838,0.17173928899404992,0.2144803842536541,0.34486074384203197,0.268919582910264
gene_2839,0.17139905497675428,0.19389930382461382,0.3940204529322376,0.24068118826639429
gene_2840,0.17830181646091653,0.2422575226127547,0.2853056182616864,0.29413504266464235
gene_2841,0.13358213701721303,0.21594615432648975,0.3815088501337044,0.2689628585225928
gene_2842,0.13276582820704674,0.2623780511099519,0.4125375054252857,0.19231861525771557
gene_2843,0.27207339145907455,0.11385624519689282,0.14416615214092926,0.4699042112031034
gene_2844,0.16929407474938607,0.2393777587655947,0.2944421013970065,0.2968860650880127
gene_2845,0.2148000286498054,0.2738680266549031,0.2839028344000009,0.22742911029529056
gene_2846,0.22221249059535497,0.29603571960429587,0.2437183761933036,0.23803341360704558
gene_2847,0.18819897034630512,0.1654668673298495,0.31686782621938364,0.32946633610446174
gene_2848,0.14816102674471887,0.1914459490386389,0.25123123277519266,0.40916179144144954
gene_2849,0.15112603496058538,0.23230804717385795,0.3111661134601625,0.30539980440539427
gene_2850,0.19208903487649745,0.21430963640713221,0.271383205712042,0.3222181230043283
gene_2851,0.21631174919469204,0.2089119003909513,0.2178125938755294,0.3569637565388272
gene_2852,0.12344497067105031,0.20075928788707503,0.3550156364187749,0.3207801050230996
gene_2853,0.19486655820722146,0.2335712700405327,0.25045541871873345,0.32110675303351244
gene_2854,0.1940188337160003,0.22641580273773443,0.35791010855616845,0.22165525499009697
gene_2855,0.3091226302506874,0.1936012133139331,0.30115656207611413,0.1961195943592653
gene_2856,0.16871388620389097,0.2600518628596781,0.3395491729756531,0.23168507796077778
gene_2857,0.1701279265029131,0.29509233830188947,0.2597260878302926,0.2750536473649048
gene_2858,0.19368953371262124,0.19742694229910057,0.27817369002211423,0.330709833966164
gene_2859,0.20161597880860196,0.15203877939444072,0.32217039604827163,0.32417484574868555
gene_2860,0.17669977053663188,0.23915979210266458,0.31041049174986907,0.2737299456108345
gene_2861,0.24764557114015281,0.23457881381485188,0.22694675081150645,0.2908288642334889
gene_2862,0.22231288871659408,0.30134431511579957,0.2249528837731904,0.25138991239441594
gene_2863,0.18548951048458837,0.2433421341395224,0.24433169197888707,0.3268366633970021
gene_2864,0.1967950210309798,0.19565671199105883,0.3707077248746163,0.2368405421033451
gene_2865,0.20515450159604626,0.1982013986899884,0.28687936250322355,0.3097647372107418
gene_2866,0.13675302474396303,0.18337685834899697,0.2596017113104699,0.42026840559657014
gene_2867,0.12031657128356714,0.23190082662060246,0.3651714466350449,0.2826111554607856
gene_2868,0.18471204361030036,0.22167426951046545,0.32515320816442184,0.2684604787148125
gene_2869,0.16939166846536924,0.23558234743011777,0.3072028168434879,0.28782316726102514
gene_2870,0.1775925039481529,0.21182055041396744,0.3401922643423922,0.2703946812954875
gene_2871,0.2522624181993555,0.24622305330912633,0.2681483338787509,0.23336619461276722
gene_2872,0.19542342767253795,0.2359343547039768,0.3049911711541016,0.26365104646938353
gene_2873,0.14912866463331814,0.19849814353015113,0.31074982890120445,0.3416233629353263
gene_2874,0.18504702906618964,0.2630087437230441,0.2556020959679677,0.29634213124279857
gene_2875,0.16225774507766175,0.26899532134640447,0.31433114936021067,0.25441578421572303
gene_2876,0.09834713500136595,0.3485142951428505,0.26914519026751565,0.283993379588268
gene_2877,0.15579281289874766,0.17171931799878587,0.37866051319856137,0.29382735590390513
gene_2878,0.14244785276557853,0.2947642834851524,0.30362336031191023,0.2591645034373588
gene_2879,0.18178439007106378,0.2546984652572231,0.2812856266643605,0.2822315180073525
gene_2880,0.20128411215975034,0.21900138015537002,0.2693229091781198,0.3103915985067598
gene_2881,0.3559872091710649,0.19959715171726888,0.24538145113408785,0.19903418797757821
gene_2882,0.1905250382806716,0.22454870152197254,0.3106623505094572,0.2742639096878987
gene_2883,0.1788919131605213,0.22828560034321224,0.274396306707212,0.3184261797890544
gene_2884,0.2112847910042656,0.22157225126755242,0.2748803569651141,0.2922626007630678
gene_2885,0.2028639925769761,0.249146347146626,0.2887041945833244,0.2592854656930735
gene_2886,0.19462721959211632,0.201916471826744,0.23325428596925016,0.3702020226118895
gene_2887,0.16623518834312,0.21958381579396044,0.26276051098180425,0.35142048488111516
gene_2888,0.13734523922753905,0.25025018161805895,0.25986508928461016,0.3525394898697919
gene_2889,0.17474181533067606,0.2538499748140625,0.3048252711386787,0.26658293871658273
gene_2890,0.18986883079552885,0.23178893285009125,0.2874869390495586,0.29085529730482135
gene_2891,0.20085722613533227,0.3101371184246322,0.3204234287917059,0.1685822266483297
gene_2892,0.12423736563057236,0.2795282451980894,0.2864234798825178,0.3098109092888205
gene_2893,0.21124012756799967,0.1962358057864473,0.28152269382555334,0.3110013728199997
gene_2894,0.158278413191422,0.19705296084491175,0.34201250917632525,0.302656116787341
gene_2895,0.17891884776157577,0.18362556587561882,0.32638654787223764,0.31106903849056783
gene_2896,0.12110207728493746,0.17765994133661103,0.32541087771753924,0.37582710366091227
gene_2897,0.15055976395898482,0.20869991998981186,0.3205816961703613,0.3201586198808421
gene_2898,0.210311586802814,0.2273391494006713,0.38297205501265785,0.1793772087838569
gene_2899,0.16388381045935274,0.2576272813979277,0.26223839272356914,0.3162505154191504
gene_2900,0.201363377540362,0.2483899165020749,0.2925398087230355,0.2577068972345277
gene_2901,0.19336598654576864,0.23468122670377972,0.26214284828931556,0.309809938461136
gene_2902,0.13990259146457373,0.28636746803015567,0.3238330941200716,0.249896846385199
gene_2903,0.17321863065904164,0.20052714979098676,0.29869815513401543,0.3275560644159563
gene_2904,0.159933000518643,0.3040429517890367,0.27052423284999905,0.2654998148423212
gene_2905,0.23742195062959986,0.21421320701588856,0.24994413280532674,0.2984207095491848
gene_2906,0.15253650152312756,0.2464744830467293,0.256109340183307,0.34487967524683605
gene_2907,0.19583211228458014,0.2009733155760434,0.3276454920171467,0.2755490801222297
gene_2908,0.2541139546845533,0.16898217660131867,0.3023228064056903,0.2745810623084377
gene_2909,0.1806694408899011,0.20533050665291616,0.28703216809829807,0.32696788435888474
gene_2910,0.19334468885915296,0.22229465333900825,0.3660630490052609,0.21829760879657778
gene_2911,0.05557096299725275,0.2352809373742507,0.46813796450186307,0.2410101351266335
gene_2912,0.15828298929015666,0.2499299602276865,0.2813318005325809,0.31045524994957596
gene_2913,0.17523288494821637,0.11878788387684783,0.45668927182918173,0.249289959345754
gene_2914,0.1733036889955445,0.21978508235863897,0.29037316556538767,0.3165380630804289
gene_2915,0.2576864941596318,0.19646659353839782,0.30354878078682423,0.24229813151514615
gene_2916,0.1332136137126704,0.17524153013679866,0.3464534331843634,0.3450914229661675
gene_2917,0.19256305153268896,0.23518964064060635,0.28978764268639456,0.2824596651403102
gene_2918,0.10536559633649092,0.22971766717355147,0.354501631179906,0.3104151053100516
gene_2919,0.1834584807389719,0.25814793191618857,0.29125742084403394,0.2671361665008057
gene_2920,0.18622071603480822,0.23131095019758904,0.2638142713390413,0.31865406242856154
gene_2921,0.17140019973664242,0.13636504092918006,0.33820280773424055,0.354031951599937
gene_2922,0.16312960905002574,0.21835432528504037,0.28299820103097983,0.33551786463395405
gene_2923,0.20633112001441617,0.20850471228026182,0.3189741760449325,0.2661899916603895
gene_2924,0.15192307217177667,0.24632186798227093,0.2085360624202645,0.3932189974256879
gene_2925,0.19184201387802713,0.21936199043813226,0.33026942802289927,0.25852656766094134
gene_2926,0.14007187426769382,0.20574746687205372,0.30388307616072796,0.3502975826995245
gene_2927,0.15050043071005514,0.2113256069258245,0.30394739180541885,0.33422657055870153
gene_2928,0.20550872204657933,0.2608941608093475,0.2546092205592756,0.27898789658479756
gene_2929,0.20114916797298954,0.22845933868597704,0.320430552372966,0.24996094096806745
gene_2930,0.2084005751032996,0.24535384787632183,0.3095410779206485,0.23670449909973004
gene_2931,0.16915739634165228,0.26560584295187517,0.21227881418274389,0.3529579465237287
gene_2932,0.2061357218532264,0.21460263593213647,0.25317763903971935,0.32608400317491776
gene_2933,0.19367476677990952,0.18264897638101363,0.3633922232629504,0.26028403357612645
gene_2934,0.16221716938621467,0.21464892474963973,0.2198963998591462,0.40323750600499947
gene_2935,0.19338438969677318,0.27739783859719086,0.2220838883412111,0.30713388336482483
gene_2936,0.16140271813633764,0.2057617666951879,0.3198430268272764,0.312992488341198
gene_2937,0.15914838268778825,0.22709905956784693,0.3557382968865878,0.258014260857777
gene_2938,0.1673695914640516,0.2227923028349134,0.2435676250184563,0.36627048068257884
gene_2939,0.1725588053520495,0.191588013992889,0.34610615752629575,0.28974702312876577
gene_2940,0.14352548163270745,0.2595621998663904,0.3263754077383779,0.27053691076252423
gene_2941,0.24194059077486418,0.2771835795814657,0.2660707102582952,0.21480511938537497
gene_2942,0.18333292082089586,0.2448090318727247,0.2504891359028933,0.32136891140348617
gene_2943,0.15727066545770815,0.22588600721657723,0.3444934505770444,0.27234987674867017
gene_2944,0.2573751255435991,0.15146749692307226,0.3448879573113173,0.2462694202220114
gene_2945,0.19871792588255396,0.18013614686767668,0.3135757374729003,0.3075701897768691
gene_2946,0.16430575212238888,0.23973470935922234,0.26022267795748105,0.33573686056090773
gene_2947,0.16949639837017672,0.24232683022901222,0.3343740582260328,0.25380271317477837
gene_2948,0.21535441103002315,0.20452600616175617,0.3004600862872238,0.2796594965209969
gene_2949,0.17182428671569294,0.2157470387279914,0.2785586051522352,0.33387006940408054
gene_2950,0.22096580837160293,0.19398350138467083,0.35284863803110933,0.23220205221261694
gene_2951,0.161665251377834,0.16831779941431177,0.3374485564636429,0.3325683927442112
gene_2952,0.17091809641756392,0.20639471076984878,0.36252079449936264,0.2601663983132246
gene_2953,0.18066791035105845,0.32750329324083166,0.17264325062116678,0.3191855457869431
gene_2954,0.13750648564638263,0.3138604035268774,0.2395928308232119,0.3090402800035281
gene_2955,0.12391118872145386,0.34742562966710494,0.325112844152384,0.20355033745905704
gene_2956,0.14391547253982878,0.26659441243767107,0.3223350264897926,0.26715508853270753
gene_2957,0.24939169257590224,0.2370186304779841,0.275111816744515,0.23847786020159872
gene_2958,0.18536390255824947,0.3117671720568642,0.1861927114727638,0.3166762139121225
gene_2959,0.1389152905276883,0.22300939264890343,0.3447412849461594,0.29333403187724877
gene_2960,0.17614536675150144,0.12084539658494665,0.37676050586878274,0.32624873079476924
gene_2961,0.22991739610344564,0.21281458418256705,0.34770801808377333,0.20956000163021388
gene_2962,0.16544558329600212,0.24886258731307875,0.28155565543631944,0.3041361739545997
gene_2963,0.18418124548525494,0.23519876029991485,0.25348998577150694,0.3271300084433233
gene_2964,0.18953107594897134,0.2320561816855654,0.2890693301956398,0.2893434121698234
gene_2965,0.18862117825040245,0.24530148528474763,0.2710851382062229,0.294992198258627
gene_2966,0.1775369804095517,0.21468015882483968,0.30313447544219363,0.3046483853234151
gene_2967,0.20665250004597288,0.24380622431680135,0.2577179032400826,0.29182337239714323
gene_2968,0.17142175019203137,0.21494129840793555,0.32296351885597685,0.29067343254405625
gene_2969,0.19929945641523203,0.20840505796601952,0.2914313575748925,0.3008641280438558
gene_2970,0.21145449727128535,0.2091832828212975,0.3195740440239652,0.25978817588345193
gene_2971,0.1808294344893608,0.31441507636047844,0.4041850103997379,0.10057047875042281
gene_2972,0.2821183429472367,0.12538844847472794,0.4442952104534151,0.14819799812462026
gene_2973,0.22845485800298862,0.18403158718830748,0.31588667209534305,0.2716268827133607
gene_2974,0.15129101214086244,0.3086957503886519,0.24668818382176694,0.2933250536487188
gene_2975,0.18775281069060365,0.21338742855593737,0.40865033419764213,0.19020942655581682
gene_2976,0.1945987371450789,0.22060615488994006,0.273288560539063,0.31150654742591816
gene_2977,0.22099402567557447,0.25267785059287945,0.20721563095638038,0.3191124927751656
gene_2978,0.22059051585831335,0.2025363648042958,0.27945486865426405,0.2974182506831267
gene_2979,0.1593632942269121,0.28488701823291424,0.28627121163907876,0.26947847590109486
gene_2980,0.136303047698829,0.1946379937090229,0.24276693156189483,0.4262920270302533
gene_2981,0.19153542923168843,0.22993489866559005,0.3253383138346113,0.2531913582681101
gene_2982,0.1984549955389318,0.19542462658845255,0.3181437677475087,0.2879766101251069
gene_2983,0.19252785996391736,0.21517358689607097,0.3466353703139504,0.24566318282606125
gene_2984,0.23225620508615538,0.23934512462461074,0.2530918144125406,0.27530685587669335
gene_2985,0.13147307332452296,0.27073663645302737,0.3913855313119107,0.20640475891053903
gene_2986,0.166091260246571,0.2574325818805606,0.21805648580979956,0.35841967206306896
gene_2987,0.17118133635576924,0.18181715660700737,0.314419862515277,0.3325816445219464
gene_2988,0.2645982135997946,0.12037485200317273,0.38913774921941024,0.22588918517762255
gene_2989,0.1676767069983659,0.16590000930699214,0.32087488618661064,0.3455483975080313
gene_2990,0.0689587710553612,0.26383780652636457,0.362657373049516,0.3045460493687582
gene_2991,0.18918498087136568,0.2262731878426736,0.32613888097839794,0.2584029503075627
gene_2992,0.17834694936909837,0.1876967661595471,0.27811090791466125,0.3558453765566933
gene_2993,0.18519416235017186,0.17355425861393345,0.3541956395256468,0.2870559395102479
gene_2994,0.152163703463686,0.24954232741922386,0.32430749124963876,0.2739864778674514
gene_2995,0.16536088083126171,0.22828851712872225,0.33310043801601186,0.27325016402400415
gene_2996,0.14732633091969605,0.19949987255844986,0.2889948241462598,0.3641789723755942
gene_2997,0.19836477800632973,0.18067275909528946,0.24375312706127758,0.37720933583710314
gene_2998,0.1450593081417353,0.34295437848816673,0.19774835969038526,0.3142379536797127
gene_2999,0.19292547623672718,0.254731968485288,0.2136489324635612,0.3386936228144236
