,CT1,CT2,CT3,CT4
gene_0,1.0677815640807913,1.6819171337363954,1.3040704963677348,1.3617737989071557
gene_1,1.0307268018376963,1.4053549399221685,1.1851114287948001,1.1908823777528033
gene_2,1.0786952033076567,1.3820090338520568,1.338795721142101,1.26897095769529
gene_3,1.068246499939101,1.522888924741887,1.2444068215526567,1.0983432392477426
gene_4,1.0789863768443606,1.2418634939480642,1.4719796633461755,1.202094937493932
gene_5,1.0352379540597865,1.3104996100886575,1.383736338557969,1.2392251035870274
gene_6,1.0415360039797077,1.8206672173708924,1.3585746190680235,1.3131900376107624
gene_7,1.1075554966748495,1.3805234183636697,1.151408798206565,1.404899347945441
gene_8,1.051235431151913,1.5474844433302741,1.3510984547379061,1.2510501641232903
gene_9,1.0732064578339782,1.222506720208128,1.335612618130786,1.391585752032075
gene_10,1.0657698969355285,1.3786937103085426,1.3860103408100546,1.264609514978901
gene_11,1.0535712012437555,1.182210625388592,1.253560909367025,1.3063126264500244
gene_12,1.0679187619115362,1.2393768215765204,1.4312753290303941,1.515690389465497
gene_13,1.0508726133155408,1.2109055568839817,1.2246912668965864,1.4523097093875326
gene_14,1.0562830967361285,1.2087677305325069,1.3996977085565112,1.6306011788119124
gene_15,1.0556249124248493,1.1911143674749345,1.3748085073787448,1.5665833737365247
gene_16,1.0637116123148769,1.5833563738750622,1.1495836543323437,1.314436792718108
gene_17,1.0728236507415703,1.466357170841617,1.322025183653043,1.2264719571392746
gene_18,1.032000086934324,1.3932055694205794,1.30588167774065,1.3314416171011407
gene_19,1.068818520525366,1.2098190891064455,1.3062734027391334,1.2528168283029768
gene_20,1.0667690559256646,1.3106866035078137,1.2863740439370264,1.2717396876341127
gene_21,1.0924963251962265,1.3704564010631115,1.4306772523566351,1.465930766931467
gene_22,1.0774771583873135,1.1997797794121807,1.5130514939070059,1.5115438728624169
gene_23,1.0415418387151312,1.2163992974568554,1.2310704906979426,1.2629580162979335
gene_24,1.0805708277205692,1.5295782816611418,1.3682353380176144,1.1515915166005621
gene_25,1.084352482438392,1.438128068093879,1.4884172626063754,1.406855269886242
gene_26,1.0790772967163942,1.2944484853929963,1.4700475303406482,1.3117413044529072
gene_27,1.058652293139768,1.2396618703109528,1.6028185419357743,1.4476203920523758
gene_28,1.0601390149502448,1.384496691649926,1.361679652424743,1.5139749621816856
gene_29,1.0516169373109594,1.3503075312802144,1.3997367920522663,1.431491523001142
gene_30,1.0385331243556428,1.355851499417511,1.7575622914806535,1.4126538052091053
gene_31,1.0600243255145643,1.2826583804013119,1.4875282779048173,1.3098616833938181
gene_32,1.0897671042224868,1.3287164908234066,1.6589273569860437,1.372849363760646
gene_33,1.047247768684449,1.4347084812430473,1.2813141666241332,1.2742760137795996
gene_34,1.0299589597163823,1.3242434243104626,1.4233358768323456,1.2478255469440445
gene_35,1.0316602908656896,1.3408012122262576,1.6927112310348869,1.3107130712648587
gene_36,1.0592354278579519,1.5827914526990972,1.1897501486959168,1.263384554493987
gene_37,1.0585402684677134,1.464839025365324,1.2913773007041156,1.2054491874740227
gene_38,1.0730625491763552,1.467415573774338,1.4827563040564873,1.3459918144822116
gene_39,1.0486399795789352,1.2673765486077684,1.4509205895195512,1.3163064029820455
gene_40,1.0425758642622933,1.7589305849893824,1.531922056948645,1.5171041820421494
gene_41,1.0998117912385328,1.3108240691693966,1.2956890278648214,1.4498906489255703
gene_42,1.0695117445510802,1.2734014370285418,1.2247569657068174,1.367664765321427
gene_43,1.0981263902718605,1.4774050097532405,1.3811662994698144,1.7522051268097742
gene_44,1.0685335321232798,1.4043494539628956,1.2734948220415097,1.2833939204367704
gene_45,1.073586108369865,1.5704872478059515,1.3521213636341447,1.3457095546064919
gene_46,1.0689910549460528,1.237426823221616,1.9351241915011725,1.645952640617488
gene_47,1.0506576383268271,1.1441637155165048,1.2750101479175213,1.3287373897585022
gene_48,1.063970623193793,1.5032204984847601,1.6786945307909011,1.6220027539382171
gene_49,1.0397094066126369,1.2132094889486438,1.3320772304338462,1.325650953963437
gene_50,1.0804261141208615,1.2967344978930153,1.440167786218422,2.1050868776744367
gene_51,1.0937869338616393,1.5295247845281417,1.251988098665576,1.5496210097976566
gene_52,1.0644081272648271,1.624403356191036,1.2382166826448073,1.2509598592407536
gene_53,1.065408054130622,1.4029134631511881,1.6157761877163312,1.3003434239863492
gene_54,1.057885864469629,1.3210222005369754,1.4803139597654187,1.4815906092987254
gene_55,1.0943972403896682,1.340230227247947,1.978100194902798,1.455489709907261
gene_56,1.0838303951666806,1.2688692052544497,1.6101992984556919,1.249844140366487
gene_57,1.0349424752995637,1.3570934206978995,1.269382332242216,1.2594016590815122
gene_58,1.0312401833818279,1.1708393179093455,1.556502017734049,1.3917689060848872
gene_59,1.061308550859149,1.5276650181169829,1.0772415801458397,1.3522001899917617
gene_60,1.0508058022241082,1.3173323628616311,1.3051921018190877,1.1681705120103625
gene_61,1.0829072557144979,1.227938253067329,1.2840706421132586,1.4991871459418036
gene_62,1.0896127589964257,1.476704819136311,1.3038776172742106,1.3437912957174252
gene_63,1.0853584849404723,1.1077681071778445,1.3755682068123338,1.235342063562144
gene_64,1.0715531611674303,1.2607852099535393,1.2516134948758917,1.4248241700614213
gene_65,1.070014393340925,1.5566083462809992,1.1618719088455645,2.2032091633353077
gene_66,1.0433389518379743,1.192781258499707,1.6772803878736615,1.4546085492262937
gene_67,1.0527479630258882,1.6505140368806377,1.4475262359476702,1.4643305851708592
gene_68,1.091857410867415,1.3352195901175603,1.250012651563977,1.5010965050491472
gene_69,1.084885117231923,2.3116575855541623,1.1805144395845062,1.5253893022045737
gene_70,1.079122904387438,1.4251213014275248,1.20501284983415,1.2906412088667165
gene_71,1.028614381728258,1.2803319529968127,1.5710640173080206,1.2338486812776952
gene_72,1.1113493254839621,1.5347337716277025,1.2881538728301762,1.4164202029824842
gene_73,1.0640290207106788,1.2405836025779051,1.2822793207971608,1.222811493968436
gene_74,1.0524477084973607,1.2014050828008354,1.298558440105033,1.317663845788878
gene_75,1.0687394958215635,1.2515626917195222,1.2517500079468877,1.4850022075060714
gene_76,1.033733413447264,1.3699465594962577,1.144280420751189,1.102725046944223
gene_77,1.047543742744614,1.1358143336118485,1.2632136303618626,1.187466802680118
gene_78,1.0609053257677483,1.323877677785725,1.3523291966479367,1.4780762802001237
gene_79,1.0582951465781123,1.6857082479295087,1.2734375328269014,1.2781421813924054
gene_80,1.090054485904574,1.447162694475405,1.2005979463850351,1.475717709852712
gene_81,1.0847460171098307,1.4425226571041836,1.5092424476691884,1.4785241710494053
gene_82,1.0614537512754643,1.3933095226842747,1.3287110477283182,1.2492278850410026
gene_83,1.0636789613725106,2.1055984814380517,1.2547970928078278,1.4913978419014227
gene_84,1.0183212617936628,1.2149184146197,1.499576903207739,1.207598777321175
gene_85,1.0576818110751787,1.901586372745334,1.4686454638213169,2.124611947591425
gene_86,1.0643164570454668,1.1822999561462342,1.3434282474271764,1.3602534889967133
gene_87,1.0673813049818592,1.4666116540653238,1.5037417843412706,1.2947242589772063
gene_88,1.0678762283455847,1.3658546786493824,1.9976177251079346,1.6706560817624512
gene_89,1.0705996232331019,1.5663581220352167,1.3105470197006441,1.3820517175298836
gene_90,1.0682567763296182,1.714007461979488,1.2074465552043185,1.545434411554599
gene_91,1.054240153824054,1.263592289333426,1.267548254912534,1.3321832867168142
gene_92,1.0692206553211066,1.318429155302504,1.2585989581679788,1.301121625797089
gene_93,1.0639837575168303,1.4485334037483657,1.354487494511774,1.2161150211299485
gene_94,1.0302808939221937,1.1293416571257193,1.3485184788257722,1.4314985040069592
gene_95,1.0524705686334792,1.405249222156417,1.2224162725813204,1.5747477820452942
gene_96,1.042916628682147,1.3533036527135351,1.3438673667079626,1.1501350601250195
gene_97,1.0706635371866073,1.3793694421000613,1.3674470132691776,1.4331742659987987
gene_98,1.0567834579677824,1.3920651426868864,1.1947878214331416,1.5711175282432421
gene_99,1.032959151211296,1.448119182658749,1.3972323514826428,1.4150450636661078
gene_100,1.054744960846949,1.2552645447806163,1.3350955975796372,1.8456453990187456
gene_101,1.0578911869497885,1.3443171615174054,1.5082354304990875,1.3422194573648096
gene_102,1.042433097018181,1.6023063913418554,1.244324558857533,1.2083562134794215
gene_103,1.0749460776856252,1.2993718303859239,1.6682056145395354,1.3878755583833164
gene_104,1.0227982965300528,1.2289071933161808,1.1903089091919672,1.1871098945510752
gene_105,1.1018066378680056,1.3882712418219443,1.3752737498838599,1.6478420659639827
gene_106,1.0638162015267087,1.64327363251317,1.1439266278008564,1.2247975178111534
gene_107,1.0757831551975285,1.3220222440179288,1.2960106595176355,1.3067855228418326
gene_108,1.0714152228660088,1.380509579090112,1.1762885942784993,1.5787216382731686
gene_109,1.068429767928634,1.4909677513231916,1.6532994236022656,1.4672319119690778
gene_110,1.0325825194236862,1.345668027825291,1.671850057207135,1.2327880589557998
gene_111,1.0849095026746232,1.5839955377960437,1.595267668633445,1.7931594154482415
gene_112,1.0510436393593416,1.1930353362983772,1.233727230773965,1.1727093616812154
gene_113,1.1033742203869117,1.3097538597190024,1.618443503604785,1.3003133930409316
gene_114,1.0890643107155866,1.2899967400677357,1.5927273287486134,1.2523770160696253
gene_115,1.053531867525223,1.124582800185585,1.244331433898552,1.2416283402282198
gene_116,1.0968309328484394,1.458104709994553,1.3110755183307734,1.3348234535199095
gene_117,1.0500783622989858,1.3121611386803946,1.318478877222382,1.109495391097012
gene_118,1.061798845180078,1.3084860490973909,1.16732481219659,1.5169379173837878
gene_119,1.0462438867714068,1.350878093574027,1.3905186261764195,1.1707913435395567
gene_120,1.0340675652319506,1.3760091951586662,1.3075225382898832,1.2074772740878423
gene_121,1.0804729801240496,1.336445296124984,1.3434809845927747,1.1820636630234087
gene_122,1.0865214593979635,1.5203917226600892,1.3796892310948734,1.717284232320636
gene_123,1.0326824737713822,1.1560796351851008,1.13474985565708,1.3263116838950553
gene_124,1.0662267007436628,1.4624071790697881,1.5252199430830768,1.1690215809382627
gene_125,1.0479131218476514,1.2642978296324454,1.2286913827306518,1.2873465004472027
gene_126,1.0658245683029066,1.6787668989402031,1.314625568591213,1.2739775715521662
gene_127,1.035728758360184,1.3373059288516065,1.2991302275633405,1.4581258068583853
gene_128,1.0610376462535105,1.4357301376216305,1.3546237172985645,1.3232201182246182
gene_129,1.0851564058074101,1.3574454192226861,1.1878978718674753,1.2792207176983041
gene_130,1.0500181578455132,1.1897309716020694,1.3373658242373472,1.3511990134020433
gene_131,1.054030426255151,1.1291991381999011,1.264185377615213,1.331846745846452
gene_132,1.0708969058146418,1.3519077933047814,1.5779645010135468,1.155366550972856
gene_133,1.0831896069326339,1.2265039826479556,1.378778192675924,1.4527605686905352
gene_134,1.06361508586947,1.4834346193049084,1.2856473579782164,1.4462429376430765
gene_135,1.0375642820300763,1.4318407829969506,1.3903828657631545,1.2622773296694054
gene_136,1.0367056696525296,1.4168336097554226,1.2358815352320511,1.2667456940203732
gene_137,1.0641883481740781,1.1407119353444481,1.4370961130957456,1.3340193672392076
gene_138,1.0916346304089162,1.4360018125534406,1.8356553756254583,1.5484834654655382
gene_139,1.0629329611015979,1.52378544899093,1.9746561885755525,1.341789009990134
gene_140,1.0657937007242442,1.295955266863259,1.5394711815126059,1.2274363875825112
gene_141,1.0602499736099507,1.1613462924197222,1.3960628590328141,1.2294784374869208
gene_142,1.0785230408051791,1.5823823599392903,1.4781284406642479,1.4067072618485552
gene_143,1.0374042896386908,1.2304227389649631,1.349349959593302,1.241209707908906
gene_144,1.1122048432002947,1.26295646988691,1.6037134512844944,1.3857577147101816
gene_145,1.0767788024103704,1.248181479155458,1.7970904200181843,1.6757174088174351
gene_146,1.12806252791868,1.4326786084700667,1.4156469068314375,1.398092864870194
gene_147,1.0715866065286386,1.621557768468403,1.2712264687364194,1.4400393991180893
gene_148,1.040470639238158,1.5215069172273565,1.1861504199289692,1.4386645218623055
gene_149,1.0605642510483362,1.289168639526571,1.1982526348488263,1.225173972744022
gene_150,1.0295236314124057,1.1456227524050904,1.3647142250134285,1.2563479374911823
gene_151,1.040111070008736,1.2265809682539897,1.1779923297659234,1.2763805790008107
gene_152,1.0878001716438344,1.3394669111412012,1.626203591249362,1.425542004868376
gene_153,1.1390684727137033,1.4391252637724834,1.6870939626681718,1.520462935368257
gene_154,1.0663081701414956,1.5803044409185794,1.3716536147979825,1.3726597586941982
gene_155,1.0459032226138365,1.3016428529436768,1.501763945170703,1.5904602655337412
gene_156,1.020192701616336,1.2495025758783966,1.3344518942519954,1.4526882886502226
gene_157,1.0731182695634771,1.497845855738281,1.3700729300639296,1.3385487402464307
gene_158,1.0439163624966152,1.5632037120230504,1.2159880022148306,1.225089197512005
gene_159,1.083842475866486,1.242608962102013,1.2633589367052387,1.2721186384715926
gene_160,1.0701674725603403,1.3755910665151325,1.8465614568341755,1.1629170511677256
gene_161,1.0262858456610409,1.4099694539371705,1.2041428768261164,1.2947508598224722
gene_162,1.0582501510724707,1.496687745753566,1.3321498770176419,1.658502040591151
gene_163,1.0371918844458778,1.460009298468661,1.3770966817484722,1.364456984327669
gene_164,1.0245247733881222,1.4344672753894774,1.4242899380095493,1.3129504023084417
gene_165,1.0976861897422943,1.5129711089068998,1.4229466995400157,1.548886076007416
gene_166,1.0509471052791701,1.665110116000353,1.4011370721408531,1.2726299983608276
gene_167,1.0751513199634104,1.3885536002545034,1.4057480833911769,1.4014301434380796
gene_168,1.0592968869384187,1.1788282298228872,1.4523271141956564,1.3573689110176215
gene_169,1.0450569695423777,1.1408659765996296,1.409140006999038,1.35352008075565
gene_170,1.0659137163892027,1.3095091946298694,1.1421544663028598,1.5150574014634577
gene_171,1.0815416195504846,1.2887578233241548,1.404113671036596,1.361430384474624
gene_172,1.0807071739503618,1.348142174447717,1.5135751169122702,1.4683389342756792
gene_173,1.0622829083049967,1.4742109124367393,1.0754498209276333,1.2247203406922467
gene_174,1.0737712067628467,1.4793295840637406,1.337721796829093,1.197760179982868
gene_175,1.0717979768484955,1.2442371238741958,1.4242827533348963,1.315685759948723
gene_176,1.0678771152318196,1.1256341562819885,1.3375378850646702,1.2915263836757387
gene_177,1.0576053245728265,1.5709327923238445,1.2333409016243178,1.5988030901901338
gene_178,1.0962970260252225,1.2026407095325733,1.4991163007915742,1.3977599495322433
gene_179,1.0505911106349617,1.2623457910184857,1.6642707579348837,1.589380094726218
gene_180,1.055598365693227,1.2860591974860884,1.2061233424270716,1.3455834070446009
gene_181,1.0415270886989283,1.3168312034062415,1.2191309970687687,1.5410574463134399
gene_182,1.0468329755370263,1.2908557503808102,1.272694837703996,1.365944193822695
gene_183,1.0542484248271111,1.1112912404037998,1.3517816533986005,1.6015775305520425
gene_184,1.0513971629686505,1.2479232194100707,1.2611370577039906,1.5885514292764127
gene_185,1.0608903924836135,1.6343387597842398,1.4481818629157788,1.2582306488871238
gene_186,1.0609286866386647,1.1603518879969317,1.2418463428876878,1.384254790934481
gene_187,1.0533911646990999,1.383629306727869,1.332503109108045,1.2997043750401085
gene_188,1.0631700450959842,1.331394464795327,1.2385479006004778,1.3279873683223333
gene_189,1.0774179956766057,1.1321078696321925,1.378636054170759,1.4764010938705499
gene_190,1.0261920480229447,1.3035202950720974,1.161270997231794,1.1450311467090855
gene_191,1.0476933912830644,1.5604402095210268,1.2927831815301973,1.3104011505095754
gene_192,1.0457986595519393,1.3745637216966966,1.1822376331897269,1.3911075592945088
gene_193,1.02780115834219,1.1332014837887001,1.2674247913268222,1.4478069906102988
gene_194,1.0556208059495342,1.0826381611690514,1.1524205025652758,1.1918865607048486
gene_195,1.0401452640331414,1.3637124905083127,1.1346112228104912,1.2384461654869732
gene_196,1.0505519632106926,1.1806053971449106,1.3530684509316853,1.2694822291498122
gene_197,1.0481728520232496,1.4225957926714126,1.3971940013244912,1.3903268241837612
gene_198,1.0256299848728512,1.5368491410159333,1.7483036774851777,1.6571651038944968
gene_199,1.0675088139221565,1.2016598768899,1.4930421747988893,1.4957937843721467
gene_200,1.0829973537792397,1.1119981107845576,1.7238231556684906,1.716758017359393
gene_201,1.153110887843351,1.0894919112325452,1.1668855710024284,1.464114018386354
gene_202,1.1128066608832226,1.0896090535499554,1.7332378149473697,1.5145006967128944
gene_203,1.0838257694775197,1.0751616860068678,1.2906638683272509,1.4291775609399016
gene_204,1.0602072916827738,1.048128569382563,1.3864312401812435,1.4160608457447015
gene_205,1.0973034214258421,1.096914090539659,1.4221029123523998,1.5307006582342448
gene_206,1.0771824077850007,1.064045054710101,1.1661038680229703,1.2643219212487598
gene_207,1.1128001375526209,1.1160171877740748,1.8346314655356428,1.8487572257518912
gene_208,1.092697381515329,1.0434616561604753,1.3564625883041064,1.3971038564072231
gene_209,1.1063204391155268,1.0766654783787715,1.25034098694517,1.557553504899062
gene_210,1.1170358791775115,1.0780029782953444,1.7708190344567067,1.7816683823284047
gene_211,1.0737717487828786,1.0641568411368312,1.3483381784087425,1.2842386670940384
gene_212,1.0882974734946973,1.0540081087773694,1.4305512861298386,1.4630735147444458
gene_213,1.0798971571778195,1.064286955937892,1.5456755124482835,1.3812090269832746
gene_214,1.065701085608975,1.0684074605166465,1.3189323029372377,1.3018470643037752
gene_215,1.0657394646949179,1.064508409911411,1.3690655002092047,1.310272443919002
gene_216,1.0581932384615853,1.0691130594528564,1.343737852273331,1.35824370284844
gene_217,1.0733809670206802,1.0682997250063007,1.340810388172228,1.2226803322462116
gene_218,1.072328981726988,1.0315556125387684,1.439973848616368,1.4743250104863246
gene_219,1.094064836328007,1.074318142309559,1.512637606583904,1.158248092393191
gene_220,1.098861410653136,1.0606277235086292,1.3466428693804176,1.46700143805299
gene_221,1.0670454281076769,1.0475184504350705,1.3545997582843934,1.1908291258663088
gene_222,1.052859399023512,1.0828328031951135,1.4988579047123651,1.3204091879511166
gene_223,1.0776686316049342,1.0782083637125968,1.3277170304723946,1.3323750210996141
gene_224,1.1300500702889522,1.130458281392449,1.264621426137374,1.1405250736294783
gene_225,1.0903787656146737,1.0700342238961578,1.5286225068068786,1.4815475894679389
gene_226,1.088721093612276,1.078122946290547,1.3540910394957106,1.3063896753165358
gene_227,1.1012140010957636,1.0668788039414043,1.3502021862623883,1.4662988058539814
gene_228,1.07880244619488,1.0750909751834872,1.2361369098819754,1.174783735636373
gene_229,1.0687640646593815,1.031578836686236,1.4658802875615193,1.340408154826504
gene_230,1.1116976778292433,1.1000612985265954,1.245843372354378,1.2733602864069726
gene_231,1.0763192268907422,1.1281617103054171,1.7640162246394597,1.3422611512142488
gene_232,1.0704077117325776,1.049574063921748,1.3821563639423498,1.3588941000736858
gene_233,1.095080364554154,1.0409000235413621,1.3397242362755901,1.2893896327517402
gene_234,1.0808623823717327,1.0714570057801367,1.611838627386945,1.5801583266834522
gene_235,1.093788002712766,1.0766517569805532,1.1885294797471235,1.399602064589581
gene_236,1.0760309255763831,1.0789649631005698,1.2776585411327375,1.4478227892715267
gene_237,1.0615665341408256,1.0754623611104928,1.545071313532845,1.2922268947693019
gene_238,1.1148518702268073,1.095990286646687,1.4513293843252286,1.2303472105438444
gene_239,1.050897021023297,1.0953829546048641,1.901439870756704,1.1724198749335222
gene_240,1.104085875185618,1.0583318988947603,1.4101062753543343,1.2794418775510672
gene_241,1.0782816387120133,1.1227694892484503,1.2835064399921718,1.2414584039725443
gene_242,1.0932137338742685,1.0711215182219616,1.1544941340727248,1.3562026777255434
gene_243,1.0340450501062084,1.0379011218901462,1.230019845273791,1.5185468116077945
gene_244,1.1260985939086048,1.102954647622169,1.568435441734767,1.3389923422657963
gene_245,1.0855325787014187,1.0838142063529796,1.4105124518553953,1.5058216309230807
gene_246,1.1132340500638058,1.13607495049865,1.278730332696357,1.3647038107280782
gene_247,1.0883075914179487,1.0858372249280706,1.9738346898417607,1.7116061273564396
gene_248,1.0409788968470917,1.0510797941076189,1.485921843555938,1.197296231987855
gene_249,1.1446732033626648,1.1120372112916663,1.3822808582643564,1.547017396962498
gene_250,1.0905327020192628,1.0574798089440394,1.2915607590316602,1.399505193147661
gene_251,1.0819106978553032,1.0404370182050426,1.1439185046290528,1.165473202812695
gene_252,1.0833658515516902,1.066167370499842,1.630466383234608,1.424355876229538
gene_253,1.0467643066073185,1.0704974972936419,1.2630510032772069,1.3807209859919445
gene_254,1.2041687178080431,1.0929994676015007,2.573393580122276,1.5097002918170175
gene_255,1.0709049978034466,1.0755019831676684,1.3059554300200553,1.9280855758494195
gene_256,1.1131306674338264,1.0758325762295986,1.2805279330183832,1.2714584279197434
gene_257,1.0720962835973429,1.0633874505672203,1.7294099680182589,1.319760054919014
gene_258,1.071200228018236,1.0716675819580945,1.4162257339282842,1.3060326906841424
gene_259,1.126581142880808,1.1417769327435088,1.4870939590410817,1.5466367763290676
gene_260,1.0552194316309713,1.0766996807771705,1.2823119178191364,1.4140865346766927
gene_261,1.062993316373038,1.046614636368574,1.3280098055388265,1.186300788443883
gene_262,1.0808373323027398,1.079369447860786,1.4483776839294884,1.1599209945672793
gene_263,1.1068290911560132,1.067131755111529,1.5475147314130664,1.474114990599104
gene_264,1.0551247968622348,1.0673854436837924,1.5317279102104258,1.2534906256844347
gene_265,1.062167531407821,1.09311701255136,1.30847721067442,1.5177850336966872
gene_266,1.1451239197295615,1.138342669305066,1.3763837018130953,1.2783076705783303
gene_267,1.0858531601098458,1.0799195556516337,1.2278766090780977,1.6043412066867437
gene_268,1.0842813208791824,1.0789487172934575,1.4744358797278412,1.17926468179843
gene_269,1.111750773967961,1.1013374466496524,1.243569152617557,1.4097695015817555
gene_270,1.0991239383697107,1.102341296072593,1.3451426049369273,1.3177319613343832
gene_271,1.0677241507883681,1.0451821297865032,1.2448642594138037,1.3625075168638088
gene_272,1.1553812104594432,1.1676109219228665,1.4499735292383675,1.7953067756861865
gene_273,1.0889677185448876,1.0539625357329105,1.454504226304028,1.3761884388344532
gene_274,1.0530400638842274,1.0868925762680421,1.4878837211384115,1.2670309154763557
gene_275,1.0787737755112803,1.033276367473191,1.1262897849680968,1.3297672501936257
gene_276,1.0736530266851114,1.0852432173854862,1.1701203263958049,1.4422289525333045
gene_277,1.0888920546519039,1.063175337990538,1.3044623939062743,1.2064658340703565
gene_278,1.0479197124008437,1.0576709968075901,1.2350236242382278,1.3597361533157253
gene_279,1.0898553365419896,1.0650246381664537,1.2220103989393385,1.3739427597597904
gene_280,1.1231608491051401,1.0753191540792053,1.2987455798775793,1.688200444290365
gene_281,1.0370634376531387,1.0893416699673846,1.5936259947406746,1.3822379460638359
gene_282,1.0518887197725186,1.0533180311456025,1.5414065676108029,1.219771939045802
gene_283,1.0811497981958025,1.0877987528551174,1.1637960350100867,1.2247340587866884
gene_284,1.0848132710763339,1.0859293718521206,1.3490599587209244,1.3458536892859105
gene_285,1.0385097831791867,1.0648706887414303,1.5083056312870398,1.1900537379651037
gene_286,1.0979389770813976,1.0933428746115632,1.2874990308021965,1.471562373426589
gene_287,1.1152674506260836,1.10412182332771,1.464051275303838,1.4712150590735338
gene_288,1.1517358177101118,1.1295947853696497,1.421336688911948,1.3959222096662138
gene_289,1.1052478445161764,1.0575391488860175,1.2122429175528648,1.4388972844215389
gene_290,1.0839154291622979,1.089007549918236,1.5092572302800338,1.398701856518296
gene_291,1.0992126064326886,1.0676080835349089,1.304857640902427,1.5252105359896664
gene_292,1.1144664713355554,1.0711833655743113,1.2270794858680438,1.2573309608949328
gene_293,1.0609676713973673,1.0605608674085982,1.2949651204241504,1.2483180125958864
gene_294,1.0566476255376296,1.0618462961891244,1.402611136941653,1.3339783851642204
gene_295,1.1441945584273614,1.0970271920084556,1.4075215533706265,1.2641802036512197
gene_296,1.0679364879282367,1.0913748133839918,1.3220866050437745,1.3987485315561463
gene_297,1.0689659718690194,1.0557231714993773,1.5043060683931782,1.3951742440765305
gene_298,1.112046369529505,1.0938055201525776,1.2612477518477692,1.416205020956684
gene_299,1.037683180097475,1.0551285361576863,1.2376767939711841,1.1936792633867805
gene_300,1.081417307097292,1.0501220137537124,1.3330540974226106,1.3295590735507818
gene_301,1.083336080541439,1.071078622277768,1.3769558266589692,1.3461052294409956
gene_302,1.20996076750079,1.1293305015539483,891.0834817068809,1.4839221587679898
gene_303,1.0719383924565193,1.048845843261452,1.4153965039508225,1.1131159039531502
gene_304,1.115029003089079,1.0843071024518067,1.589892954436498,1.5111762720678588
gene_305,1.0996187188087736,1.0736655000646023,1.2275998181695587,1.223041737512724
gene_306,1.0563970072180342,1.0575554399116331,1.4692470841883498,1.249554373529999
gene_307,1.0555716986839483,1.0754173966990823,1.344373753123238,1.525273300086648
gene_308,1.0798852972086828,1.0448451975186495,2.3244867015689517,1.3358258671533287
gene_309,1.075755427285702,1.096739094513789,1.316616614443401,1.3678401709508967
gene_310,1.030633575373642,1.0399626097600134,1.2772995475073543,1.269341100876792
gene_311,1.1817291988844696,1.1451035126676115,1.2572473756273603,1.209732755700133
gene_312,1.1158393676746565,1.0900534092570862,1.3010246602711735,1.2126918319500652
gene_313,1.0967910560340552,1.0840727808647463,1.2746801473506026,1.3072739340144475
gene_314,1.0409336936350309,1.0624155998215143,1.5256317197538538,1.3673964537902155
gene_315,1.053891655955048,1.051304095167335,1.3691014166367708,1.1706692774613763
gene_316,1.1060510119184368,1.0995023427592827,1.3340658526239084,1.3507522014139812
gene_317,1.063327984801001,1.0392178329515103,1.2701254846099885,1.6655782123996654
gene_318,1.117796607839834,1.0796475073708955,1.3336384365596468,1.2170120750742777
gene_319,1.0990677869837093,1.0911229133738607,1.409665604319308,1.3142967030998844
gene_320,1.090302142011912,1.0850547346670791,1.3756817554832843,1.3032511664755582
gene_321,1.0894263188588877,1.084513862611964,1.4511803848146316,1.3606622100712933
gene_322,1.0688476108460876,1.0926842955029985,1.4026362799651746,1.6161482358429762
gene_323,1.0808829177097627,1.0610194578611412,1.3618478659120383,1.2029436750908675
gene_324,1.0605435266317877,1.0681783512412018,1.1749087689209174,1.3152179775430874
gene_325,1.125485678404399,1.1059174283487254,1.32537548554136,1.443891027380213
gene_326,1.0569160065199545,1.0512471253005211,1.1246089745419054,1.406929073449187
gene_327,1.159732770581961,1.0930151876804393,1.5320833816465536,1.327587498562404
gene_328,1.1147942858261906,1.0512089451525377,1.3607025804786133,1.2954590002441333
gene_329,1.0729409971409671,1.0492581597967707,1.4103439475195518,1.6032003132572
gene_330,1.2288384848571183,1.1992625765024783,1.787604515382455,1.6594024376860639
gene_331,1.116816007865234,1.094224918923619,1.32352210193137,1.2227119837100766
gene_332,1.0835485210557734,1.065399864882693,1.2263391717030643,1.2148989436812727
gene_333,1.0960080969494863,1.0450286272044127,1.4820399636126294,1.6003470163647022
gene_334,1.1107247455872173,1.0446125305477598,1.6370222518414232,1.2800999721626434
gene_335,1.05236153706783,1.046497990364221,1.3535067118408057,1.1117603432338825
gene_336,1.0981453682879847,1.040090702507976,1.50777153646529,1.2425629738281472
gene_337,1.0596853361925693,1.0543936699026673,1.2966843238322898,1.3610238140488167
gene_338,1.0779137724534842,1.0560054518006086,1.4476568020676792,1.3853611626735285
gene_339,1.0653867287088812,1.0805387336085857,1.3025723861059313,1.3229774863390045
gene_340,1.0884225309912625,1.060670094540173,1.3948816480497042,1.36281693878009
gene_341,1.1178837640511254,1.1431946890517724,1.5651905875339451,1.4225754480834212
gene_342,1.043222056963895,1.0574984147422437,1.2151739512919,1.332543282244295
gene_343,1.0949314489088173,1.0674777202228518,1.1869206582478928,1.1905666628393985
gene_344,1.1131121319198383,1.0932388903441301,1.167301751417024,1.380803931431041
gene_345,1.0534239538942884,1.080650730912232,1.383564355882537,1.3734337488839992
gene_346,1.0989267622495384,1.0996232041873089,1.6028373852733033,1.6178978018177093
gene_347,1.0951587259320952,1.0809928587532942,1.2812950402584116,1.3022732180532566
gene_348,1.0723736153201218,1.0521749679473982,1.291394869026748,1.2165390726586505
gene_349,1.083641551950818,1.08682523103623,1.373131268738191,1.2992049915695958
gene_350,1.0789684595560798,1.0834349535956338,1.3080093512617073,1.2325361529331353
gene_351,1.0949401283159625,1.0722109301761469,1.4131874853647766,1.4390651089881765
gene_352,1.0871579682069636,1.1036919080637881,1.2897608180481728,1.524010430288868
gene_353,1.046235453192113,1.063680473618684,1.2489987452117224,1.4148116222653395
gene_354,1.1548107390167108,1.0884012330825787,1.4046590749338261,1.146457969854742
gene_355,1.1092422176296173,1.0750673611275188,1.787658120881501,1.631167567041983
gene_356,1.0885189038167018,1.091614614570885,1.3400803372556944,1.2627805526898421
gene_357,1.082002606244512,1.084177176303556,1.254947657629496,1.5475782344502236
gene_358,1.075066812625524,1.0719309964298598,1.1391214182723641,1.2186259707112939
gene_359,1.03888232460566,1.0361520046244117,1.1318167005286115,1.1778578400925204
gene_360,1.0852500843857698,1.0802627153034325,1.2752593034900825,1.2979749943638972
gene_361,1.1708631456816732,1.1330452664427164,1.3929562465819036,1.2153984990155668
gene_362,1.126378813262015,1.0813876195276306,1.363443267911852,1.6823117656814621
gene_363,1.099494908351295,1.0962640974713658,1.7166812022745022,1.3674611629269882
gene_364,1.1114767988416787,1.0810586468288486,1.4195958600519472,1.4757737904042911
gene_365,1.0656453509152592,1.0616700511294332,1.2588460835528794,1.190083941723237
gene_366,1.1273895431542051,1.085538180577956,1.1728971469460692,1.4615137857138758
gene_367,1.1228478868673946,1.093908097756484,1.1942772833899087,1.313562478912726
gene_368,1.0607079144287357,1.0426040802223542,1.2114091344637614,1.5441766308458487
gene_369,1.0579229942124273,1.0911778667573508,1.5728904814535916,1.332581385619492
gene_370,1.0703973587049673,1.0678066263997716,1.2204434601246459,1.1949126033150512
gene_371,1.0941276464558354,1.0800089578207241,1.2427289301863915,1.3159177560242963
gene_372,1.0971132810185096,1.0446874035827503,1.4530664991147177,1.6976996152248087
gene_373,1.0978007189195889,1.0635083965179386,1.6317395579062008,1.8043002836172646
gene_374,1.0683970837595091,1.082197534108526,1.2402063083060475,1.5017015984675919
gene_375,1.0896920607732294,1.0816885720822413,1.6365277673245437,1.3071301187775406
gene_376,1.1181105496275439,1.0977229400086024,1.3416678490855658,1.500226109166069
gene_377,1.0812064213427912,1.069357541681142,1.4299773803134763,1.4614467679884198
gene_378,1.0771998290752731,1.0450538707620938,1.6532520167831768,1.446733746480383
gene_379,1.0675883386886758,1.0532575936952513,1.3234907375546825,1.2141738533394495
gene_380,1.1655131446862783,1.1031752572778986,1.2138366497769848,1.5038230275799838
gene_381,1.0389433966034343,1.0659596942806948,1.1772326199052572,1.2188912393373927
gene_382,1.135939109587707,1.1609750184706187,1.1171651444567257,1.7638069653321662
gene_383,1.1135721528236597,1.1061238751667617,1.3954651534154243,1.251433568516646
gene_384,1.1291180689632927,1.102010416038693,1.2153790855519995,1.9123262350585573
gene_385,1.1424927721866722,1.114657672260749,1.530590718999413,1.2249653726806689
gene_386,1.1024722394959492,1.0840884512817528,1.2713793280921863,1.1567867063136492
gene_387,1.079550290701107,1.0945062593906238,1.854467577016388,1.2645173252132167
gene_388,1.0881514192704957,1.0625405272107595,1.3338932121722604,1.2867384751264892
gene_389,1.0655128540707774,1.0688640520525277,1.2485579167209802,1.3042211795934697
gene_390,1.1062092227850506,1.0672472978538827,1.3559341395845481,1.4875076880488207
gene_391,1.0873165317890097,1.0819915172258672,1.237729661167057,1.304697730786892
gene_392,1.0788878464792224,1.0854439350313574,1.5856242865532408,1.351808107926936
gene_393,1.0477783897855637,1.0624175629139359,1.5236028736716216,2.227871653354026
gene_394,1.066251759691747,1.0420565604462757,1.1762060220198494,1.2944178220921467
gene_395,1.0838226451367594,1.0827010451051096,1.79299927374252,1.2585002866835873
gene_396,1.124474572711405,1.1286317211105752,1.209161469958683,1.3528074760628392
gene_397,1.0715257036730637,1.1036292879519847,1.4415236474878659,1.6255927423937953
gene_398,1.1094416552789164,1.1315897555946361,1.4292065518642803,1.8122782487610574
gene_399,1.0953576230969664,1.0653258291273462,1.4918037662470147,1.2765392045472397
gene_400,1.0891020867878176,1.0478077109957702,1.1102436630415817,1.0802902413061009
gene_401,1.0469478636863612,1.0386929818776094,1.0489609969856704,1.0591049867543
gene_402,1.0681783113682009,1.0578053362755846,1.0456616176362536,1.0382912296883804
gene_403,1.0859590167535387,1.1093078240129437,1.0877510787775102,1.079623281481087
gene_404,1.0478961917507836,1.1021879681679394,1.0368739425367528,1.0492859525905351
gene_405,1.0488467508482235,1.027784655981043,1.0641525032537074,1.0556621019903178
gene_406,1.0274633313309403,1.0399372659604547,1.065966897069479,1.0715019923724567
gene_407,1.0941300056191803,1.0636451977469286,1.0388828520726716,1.0396100268193558
gene_408,1.0291904450589238,1.054728302595156,1.0534762159715203,1.0450892377528556
gene_409,1.0532710740292661,1.0559526093667972,1.057206667924586,1.0692784333369034
gene_410,1.0476849406299562,1.0362240775645892,1.0832109225518736,1.053727672415543
gene_411,1.055365370485821,1.085027448935731,1.0928441823915966,1.0541030911172287
gene_412,1.0770186448075463,1.061851090686119,1.0697567605064808,1.049939681024173
gene_413,1.0527731983625488,1.0577031989353292,1.0713976440176554,1.1046360533922464
gene_414,1.0347863629904905,1.0597185260049686,1.0740008375965577,1.0581354861804644
gene_415,1.0673724192306848,1.0723452806323166,1.0649509598151858,1.056406243416838
gene_416,1.090524838052424,1.0807560489748282,1.0643685272853989,1.0642543805387177
gene_417,1.0451122726275273,1.0916162572021177,1.046962530664888,1.05936879728084
gene_418,1.0670865635888445,1.0831725418738287,1.0694230256228825,1.0532149326198157
gene_419,1.0599852091493118,1.074061924625183,1.0635514325152093,1.0639919787876853
gene_420,1.0947902622556482,1.0569576012450763,1.0916291169317354,1.0864852520505557
gene_421,1.088281281712983,1.0541398699795435,1.0653783923901494,1.03770987308186
gene_422,1.0661485240251467,1.0642509182113427,1.04811722143258,1.0789126438563037
gene_423,1.0562912030818565,1.0445326186343193,1.0599644013184721,1.084941740159339
gene_424,1.0887590340935183,1.0938702051686104,1.0562035062791963,1.045137737988672
gene_425,1.0462926002823214,1.049293442996826,1.0592162080675263,1.0601533394187224
gene_426,1.0683535231948693,1.07276018394332,1.0860010594573222,1.0623490307952563
gene_427,1.0499954542192593,1.078847720242701,1.0985341053151936,1.0870990416834243
gene_428,1.0853909325710265,1.0260107093311486,1.038810792609255,1.0564942400034851
gene_429,1.0998371382519427,1.0788896470323384,1.069340137807167,1.0626814172037211
gene_430,1.0884902437029895,1.082531164053761,1.0770043491195835,1.0552192597160088
gene_431,1.082947832238367,1.0297718059582832,1.0467284472755591,1.0428202955508066
gene_432,1.0762158408766453,1.0741478375104558,1.0517856059016863,1.0519343517465602
gene_433,1.0508021210098286,1.0778801139891685,1.0758822051459493,1.0858237028766056
gene_434,1.064791499799861,1.0826088694826335,1.0451439352039114,1.0921822509777095
gene_435,1.0604299879336505,1.0604038434236316,1.029574447312232,1.051139790501741
gene_436,1.0672847307095128,1.0513891313823531,1.0705637435812316,1.0454332706462734
gene_437,1.0870502786798508,1.1059942926304824,1.1017512938134564,1.0743980743691428
gene_438,1.0778224994822154,1.0735522234124113,1.050975900621678,1.0670400553288126
gene_439,1.067123791092593,1.0692602051581503,1.0738782552760875,1.1138688962167014
gene_440,1.0279981514105538,1.0751705620743812,1.0778616397257108,1.0486975693203806
gene_441,1.1217214470285337,1.0761619907220155,1.1021332548421934,1.072001904428275
gene_442,1.0560893502763002,1.0539949684196426,1.0581356928374122,1.0260289714050983
gene_443,1.1282132996214478,1.0543425695971151,1.035563085658401,1.0428056451524532
gene_444,1.0941662802265748,1.0631059071328004,1.0829233560522236,1.0782006549730008
gene_445,1.069089463290288,1.0483966846959114,1.0533831753390241,1.046309444235395
gene_446,1.0716037379361447,1.0715777211508912,1.067749211715962,1.0624270627887409
gene_447,1.070597468031725,1.0726954390120733,1.0598140093396056,1.0543859172482601
gene_448,1.0594086712330064,1.0179201735195744,1.0498959565417891,1.0402091680812373
gene_449,1.0760577246342558,1.077991340645576,1.0467122564932576,1.0670946248254853
gene_450,1.0503473740003746,1.077345239346568,1.0557454968384112,1.0582174606757557
gene_451,1.0779965441907946,1.117073308538313,1.0659382268479027,1.0371235922262385
gene_452,1.1060424284981833,1.0766780264585252,1.0489869081556444,1.0517964999871379
gene_453,1.0993291227236466,1.0974664490359862,1.0891736831215229,1.0467713249106878
gene_454,1.0614689251897163,1.078387581157622,1.0349395518269722,1.0660232878370448
gene_455,1.0686004572221888,1.1075786836048231,1.0861805570760579,1.0359955755667631
gene_456,1.0545043365883648,1.0623815397270269,1.0385148062999237,1.0665022270993951
gene_457,1.0799439476737676,1.1251747504083502,1.0868154115327269,1.058286206095148
gene_458,1.070683250061355,1.082001396188023,1.0618125889554975,1.049397868798882
gene_459,1.086665520753782,1.072203749508304,1.0417948082210629,1.0496374624046445
gene_460,1.094856331244564,1.0456436032773737,1.110833798039736,1.0935566238396834
gene_461,1.0710684314809407,1.03194992776908,1.0592224309175433,1.0448183481573377
gene_462,1.0701583766071978,1.0451148743035628,1.0783103326412327,1.0669006318765035
gene_463,1.0664821400404032,1.148845343015359,1.0508782404522814,1.0995158571068528
gene_464,1.0702259842197583,1.0398707099862987,1.0693572145465673,1.0869139407864858
gene_465,1.0588451153297997,1.039195663491538,1.050423138089504,1.0591048391004392
gene_466,1.0523736007003306,1.0426384146900305,1.0557927039809984,1.07472965735385
gene_467,1.0609709341785052,1.0666707599499226,1.0407581624758628,1.0371870941576926
gene_468,1.0527762541905792,1.0579254543504208,1.0460602351784736,1.0428572553458457
gene_469,1.0697187499671903,1.0709256635161601,1.0331435789637489,1.0519044957685477
gene_470,1.1036897168955022,1.0727988164473652,1.0836300533246879,1.038300232243521
gene_471,1.0402308850848914,1.118056291978526,1.0602089737383205,1.0652046553999526
gene_472,1.0941320670802073,1.115171524487553,1.068075429214375,1.0594001967927213
gene_473,1.0782924116971364,1.062240323820606,1.045109503286964,1.034480984771122
gene_474,1.0506643031196956,1.050508682610307,1.036675034966828,1.0497564061136408
gene_475,1.079336953958381,1.051784273364656,1.0563452400215572,1.063697249536691
gene_476,1.0747111584649962,1.0679432961810003,1.094419126588223,1.0348386805637373
gene_477,1.06293037297957,1.0952174415882805,1.0730849284419601,1.0765069292745286
gene_478,1.035697674461563,1.0903147038965546,1.0670016202228254,1.066901757773494
gene_479,1.0792843544817075,1.0696690531790434,1.053860546215538,1.0635099340297909
gene_480,1.0839058887555018,1.051871858059679,1.0844936849521434,1.0951829436675988
gene_481,1.0534114226832791,1.0626809714980514,1.0766522259904652,1.0251469085085716
gene_482,1.0528536451302872,1.0560635771457993,1.103715637552639,1.0884544595360992
gene_483,1.1118956803347932,1.102071433140675,1.0706594679735522,1.0832073139606073
gene_484,1.0775438873656313,1.0676014176290127,1.06997185621368,1.0824618733192044
gene_485,1.0607608786286367,1.057935208812671,1.0411292408814825,1.0652453869577978
gene_486,1.092185688481383,1.067812849846055,1.0839680152773892,1.0533914096966324
gene_487,1.090194518270571,1.0474703398773044,1.064735776935225,1.064140080347531
gene_488,1.0579591565139144,1.0446723378031437,1.0617032812908345,1.0821301244951218
gene_489,1.082077841084573,1.0581518709712956,1.0563720976947308,1.0707989762769794
gene_490,1.0976761685825727,1.0787701493900554,1.07450586489425,1.1012427541139207
gene_491,1.072495026108392,1.0653959508584954,1.0389100419554946,1.0566365470687111
gene_492,1.1096655003082752,1.0503638213403999,1.0659034243532388,1.0464597108835827
gene_493,1.0635315283768265,1.0682437241890563,1.082675580722303,1.04022311904276
gene_494,1.0846416885498604,1.0618976964779165,1.047251029655187,1.068576965876927
gene_495,1.0809557733372794,1.0599397856154904,1.0321618362115585,1.035458462463176
gene_496,1.0891972517627504,1.0604225967000678,1.04475464954455,1.0668002846520053
gene_497,1.056643026652298,1.0503838457467498,1.0353850011348347,1.0589058324979206
gene_498,1.0448328088640892,1.055353557735605,1.0525318642923154,1.0571513666396954
gene_499,1.0435183158787715,1.0667530772085276,1.0309862016826576,1.0600160613179332
gene_500,1.058066331409679,1.0757137441547295,1.0841158697113842,1.076409332626072
gene_501,1.0664438132464862,1.0528103918130272,1.0607619334740255,1.0912901507720654
gene_502,1.0512615876226004,1.0952485138228798,1.066014466451224,1.0545478061815552
gene_503,1.072626420454147,1.0666536447642958,1.0561762190262194,1.0528571247343759
gene_504,1.0689415146019305,1.0692065515668079,1.0384078463553335,1.0813644296544698
gene_505,1.0946872400047662,1.0536064460818582,1.0807037206018817,1.0340051637122594
gene_506,1.052070464552724,1.0551536401225512,1.0605699280067709,1.0380672899078778
gene_507,1.092216998290942,1.0788331390624357,1.0387227815581888,1.0512336028353015
gene_508,1.1368016847959737,1.061103355546954,1.0527528784659852,1.0845192056218205
gene_509,1.0854128261182339,1.0580767533146962,1.0425538911615841,1.0506834850014852
gene_510,1.1053400430616769,1.0760217852219354,1.0686406767435068,1.058223973226524
gene_511,1.1154918489004764,1.077979895984582,1.0574632234175567,1.055891753945832
gene_512,1.0732591245030572,1.0229379579698252,1.0649009816235926,1.0991809272816557
gene_513,1.0511415209208863,1.0686633789202118,1.122240804133106,1.133385302039262
gene_514,1.0786325296322183,1.0392611269529457,1.0455427510442994,1.0536619225357853
gene_515,1.088203097977471,1.0678007896910848,1.0484692312501604,1.0515823930526955
gene_516,1.1143289670381284,1.08865528656946,1.0797167142931268,1.072035181456192
gene_517,1.0746610778896772,1.0318431943428388,1.083847750000184,1.0556434073864722
gene_518,1.0397904937399682,1.0461732906127572,1.032544130408147,1.0544858174903853
gene_519,1.0590516003795627,1.1020106363345574,1.1099030327794324,1.0905534432731374
gene_520,1.0731802372477437,1.0356421986478899,1.0423157027399828,1.042756132295269
gene_521,1.0713079738820468,1.0593452671036063,1.0616033559125433,1.0590528732167612
gene_522,1.0866911135109196,1.0452316546940414,1.0349424894530408,1.0704768887320737
gene_523,1.1023330084251874,1.0470958364086338,1.078249187085336,1.0633169236590891
gene_524,1.0668180084037175,1.0316774931651422,1.0782266846162163,1.048105356916423
gene_525,1.0753626742196984,1.0349014807335397,1.0681985096502167,1.0464025966661563
gene_526,1.0938657907601421,1.072849485257046,1.0436659614240742,1.057596568381141
gene_527,1.0840335095434468,1.078552761043658,1.0799067342658129,1.053400743210199
gene_528,1.0494532112536648,1.076220166333173,1.0447362591168528,1.0783197919281646
gene_529,1.101375444720954,1.055125845053153,1.0425468823871387,1.016689128429666
gene_530,1.0952435713976993,1.0785616739638906,1.0590401916179817,1.1139298762434322
gene_531,1.0482853391558826,1.0298947930450713,1.0295965763130581,1.0352403015948475
gene_532,1.0505579400329477,1.0348672828561447,1.0556091398471965,1.056191745543074
gene_533,1.0406952598645811,1.0639256654485278,1.1004604643654747,1.103579052671681
gene_534,1.0321939863968919,1.062859405362174,1.0700710780534868,1.0814285446183929
gene_535,1.0712462052987872,1.046613247320884,1.0433611343299622,1.0490531415266693
gene_536,1.0856403647149093,1.0812341804401315,1.0796306276932317,1.0398366648251323
gene_537,1.0657173437204883,1.0327091787857043,1.0816344061591543,1.0481390242729731
gene_538,1.0557024437924754,1.0587354725792426,1.061310689931305,1.0503468318053515
gene_539,1.1138503454977629,1.0920131298179654,1.0967818080855334,1.080041725586618
gene_540,1.0580642846978066,1.0707007786855365,1.0485887679411419,1.0616697813052083
gene_541,1.042262127393747,1.0524171451361164,1.0789920272882478,1.0714981753671085
gene_542,1.0803820301930953,1.0640270248800363,1.072787789431882,1.0382535687615224
gene_543,1.0773635306600604,1.0433994034601715,1.042052945155739,1.0609309884396414
gene_544,1.092422039990272,1.0844602817596278,1.0508119655244543,1.0544110519406178
gene_545,1.0548448031367585,1.036713560423907,1.035090063080938,1.0585080311804032
gene_546,1.050538447649837,1.078711692645396,1.0574824086463745,1.0484187311535043
gene_547,1.0739350214356749,1.0811530284330488,1.082283752411716,1.043979336448678
gene_548,1.0448818614583162,1.0729854730925816,1.0624503454525183,1.0509574110905395
gene_549,1.0694004740886456,1.1091417868686297,1.0512079046361578,1.0855531961866975
gene_550,1.0595975474760297,1.0802550387424867,1.0722728267405401,1.0535712510591781
gene_551,1.0670356847654452,1.0221875543963657,1.0653505194063821,1.074345421686284
gene_552,1.0806057225838317,1.0627197630794691,1.058620560703037,1.0455672316255993
gene_553,1.0832150152502513,1.0790862925632727,1.0843549567659587,1.0799593732861812
gene_554,1.0561800627608882,1.0419919563809217,1.0432982138869702,1.0456869843450027
gene_555,1.070358283277379,1.0854199211175566,1.0360400662722251,1.0607433105665707
gene_556,1.0820840980831896,1.0330188807959302,1.0762264007545688,1.069885587266086
gene_557,1.078958298403629,1.0528732708623263,1.0584281542551301,1.083575291276729
gene_558,1.07045976383601,1.0655659047456518,1.0254606887677786,1.06064602596816
gene_559,1.055903843135446,1.036153864266723,1.0527401368285443,1.0431330010591597
gene_560,1.0497839266343185,1.078681051429189,1.0663456939119507,1.0591774093463613
gene_561,1.0319240853670144,1.0574094110742445,1.06590404038054,1.0605753798996331
gene_562,1.111552644298879,1.0625722467447576,1.08280582153822,1.031185423780937
gene_563,1.1168677337376394,1.0787047349280299,1.051626095060597,1.0696192279630223
gene_564,1.1019728857582114,1.0658104198446487,1.0561157762705127,1.0502437704393257
gene_565,1.0488747786263832,1.0562804480041332,1.0583099333928527,1.0506635554097852
gene_566,1.056124208632825,1.0317701473833065,1.044687187358778,1.0645960331527224
gene_567,1.058639211733388,1.0655906610844839,1.0888042569712195,1.0583292741512569
gene_568,1.0664053244067766,1.0485546658277145,1.0743011731628924,1.0243960677411215
gene_569,1.0872838706839665,1.0658378062241343,1.0158835222282825,1.064335689960058
gene_570,1.056280514009864,1.0706591473073221,1.0677929121436847,1.0399686093524847
gene_571,1.026578596658298,1.0949285294385338,1.06162522984459,1.0620608596327745
gene_572,1.0429292738521607,1.0853238570179105,1.0752991540415069,1.0221554501581391
gene_573,1.088123888697229,1.0622677783847085,1.0504466572357531,1.0619548517007098
gene_574,1.0602969823724184,1.0428432300341448,1.0579646613286966,1.0521405772907255
gene_575,1.1039420711680223,1.0761504518593048,1.0283380139476022,1.0435546644455722
gene_576,1.0436434750226635,1.05129983062426,1.0634490899491313,1.0654678439068592
gene_577,1.0693016144254601,1.0527764290325063,1.0544259756183632,1.0513457180849033
gene_578,1.100777346424731,1.1184566470571473,1.0513404063103429,1.0975160730602151
gene_579,1.0340069254965054,1.0229588018691986,1.0551758420710107,1.0468934259293503
gene_580,1.0533443102686022,1.1574235909890793,1.0513000647084796,1.1071785895584338
gene_581,1.0928246951718483,1.0613447429843637,1.0836712660517913,1.0624280196813913
gene_582,1.0658016897686577,1.0802155272660414,1.0384387845011616,1.0724265425423343
gene_583,1.1005816144736948,1.148923064570647,1.1120489893394325,1.069908732172477
gene_584,1.0637214347511301,1.018088084713754,1.0381997679546604,1.0476312575045326
gene_585,1.0663498869192838,1.0800639333723077,1.0388035772578554,1.049592951679086
gene_586,1.063122277641588,1.0810626674273784,1.0386894214636704,1.0653136697406593
gene_587,1.0641271603714089,1.0577951416910256,1.078384854210142,1.0702730595798309
gene_588,1.0950157393151208,1.0694409875985098,1.056910015110584,1.0641972272352844
gene_589,1.0614807583612589,1.0450133956346577,1.0949271596229644,1.0849914188682614
gene_590,1.0377974645924701,1.063393907728027,1.088931189146999,1.0491747909361788
gene_591,1.0665243904362633,1.0523112520204454,1.0504074909135293,1.0327807514783216
gene_592,1.0732981150735563,1.0868837640751985,1.0595137540956194,1.056915486273032
gene_593,1.102188539348286,1.0683447183326322,1.0777250149335855,1.047338788976186
gene_594,1.0608261371812713,1.1034933733471881,1.0333028706852256,1.0560724770945498
gene_595,1.1035810336490954,1.053202844799174,1.0848874634207688,1.048988550394708
gene_596,1.0879972828262663,1.0849775005788689,1.055653555975228,1.0333265982558213
gene_597,1.0678670026654666,1.043942840274257,1.0729678345128406,1.0866141744082707
gene_598,1.0636575789964384,1.0445248398769824,1.0507482612267651,1.0393730666889578
gene_599,1.0520807622135748,1.0822971073172463,1.0907168995637633,1.1136517924700908
gene_600,1.1253171101338966,1.2574033807977256,1.4548516803497913,1.5931875809299507
gene_601,1.1240746834136608,1.1323236757912745,1.3143222743061498,1.3435731388177217
gene_602,1.1063363414864564,1.1806727071058432,1.3121189964341309,1.3674678828233469
gene_603,1.057089172053139,1.3465279086711541,1.1315612934850467,1.1983280379288987
gene_604,1.0660238197924194,1.3301871559084189,1.2619715683333674,1.3654968136400105
gene_605,1.0890456815424396,1.3070111084983085,1.3258563824690046,1.287651604231024
gene_606,1.1791790038633436,1.4349012607296363,1.159570536456065,1.5399984804756761
gene_607,1.1312123385419046,1.4181146762108947,1.3460035941909012,1.4620582045543298
gene_608,1.1177828955272768,1.3897677444665675,1.3813921350408838,1.1543523934402848
gene_609,1.0945618156450114,1.2536414021000104,1.2050994065656349,1.4216490316201107
gene_610,1.1853753159537206,1.8474792977611934,1.5988418368405273,1.4169145411375466
gene_611,1.0893478875337472,1.321004522281404,1.2994020547979255,1.4726768548155806
gene_612,1.1303980895521935,1.2403212799179875,1.31409414046725,1.3651522571273933
gene_613,1.1120809912944603,1.3057364259895636,1.368984593417119,1.2122815361466348
gene_614,1.0774931133128614,1.2801771280715988,1.3657074322616278,1.2593711486700232
gene_615,1.1419696267991382,1.3178875626807316,1.703567714362691,1.5791759202958726
gene_616,1.1200865584085988,1.5146544745824373,1.6808383446687996,1.2255730286276176
gene_617,1.0701687085573748,1.1296303275596442,1.3657293057017508,1.1536973123726775
gene_618,1.103205087756853,1.249016500439186,2.0481371923890856,1.9560585366821168
gene_619,1.125819173563082,1.5331951236864736,1.3018724525342098,1.3285114688319468
gene_620,1.1149831796768859,1.489202935732504,1.3688236547910626,1.2550892462642955
gene_621,1.1136541412240177,1.273572938763324,1.3926841454566294,1.3010790609524547
gene_622,1.1095294007628993,1.2119892126755067,1.251693373937249,1.199284868052731
gene_623,1.1341761810619335,1.319567829608856,1.5535419670589496,1.253309723404756
gene_624,1.0757636082292694,1.255274053723208,1.1616056653980327,1.1993905340042617
gene_625,1.1221381312305687,1.2797072947582326,1.1754487881859375,1.5070809848143014
gene_626,1.1946359473458115,1.340409427438782,1.3546435170503335,1.3073783707708864
gene_627,1.1083629652024962,1.2386169971103096,1.4008891815238875,1.1198776803056822
gene_628,1.1056798316299745,1.4168312276639532,1.3576018359763937,1.4245910854683677
gene_629,1.1676795749095146,1.265825949712954,1.337341105468282,1.4027719717632654
gene_630,1.2382032752833794,1.435831647954742,1.570889368788315,1.2598010570077822
gene_631,1.1752834162553945,1.8217740990368627,1.553611464071057,1.4910027471791376
gene_632,1.1719225854460316,1.531080241619547,1.742094634371664,1.45218232630779
gene_633,1.11710405991442,1.3069030277774132,1.3327455320337056,1.3749295169129305
gene_634,1.1160449828264782,1.4436644836663488,1.2289586529775323,1.4672274793630402
gene_635,1.1352777033924768,1.1916898308532058,1.2437355911163528,1.8098148015004112
gene_636,1.149343469567775,1.6864408820446521,2.1433737250464344,1.2347434649353657
gene_637,1.0981559502666574,1.3680084517682247,1.3330581360300886,1.362913834725526
gene_638,1.0791306037888613,1.322449565953171,1.27790059326229,1.464470730200495
gene_639,1.0892235036984037,1.33579742931225,1.4468881251937613,1.1187191770454665
gene_640,1.0777399630227942,1.3105810565713192,1.1537187891486882,1.2798116412841039
gene_641,1.0910756722006243,1.4035448681925846,1.1934413383560374,1.1529637598437756
gene_642,1.1681061877097865,1.2480262150126424,1.4543034493166365,1.18874176618644
gene_643,1.2327259802575141,1.4811543582788147,1.6463704855791006,1.4254400483771772
gene_644,1.1656347453138571,1.1911117757676126,1.1393455607261105,1.445093486563022
gene_645,1.1042710150903732,1.3011635567331878,1.1371998921441948,1.4122599995487064
gene_646,1.1281653945239858,1.2330888982113921,1.197310731978742,1.3994510351299956
gene_647,1.1399965162649257,1.6625750035207654,1.410021250795749,1.3276235774273075
gene_648,1.1265805182531297,1.349253159574142,1.3403674152893508,1.3916919222983088
gene_649,1.0940141289266654,1.8067583877578612,1.3868800219252535,1.2787832350168433
gene_650,1.115029570568865,1.1490354737558082,1.3999976142616288,1.5109056269218155
gene_651,1.0892671348856582,1.1961367128414544,1.3758231989305119,1.2474723282725315
gene_652,1.1541959919326907,1.37310389106936,1.3229302298960959,1.4917776448431674
gene_653,1.1664038310788076,1.391090878630852,1.2370011128043348,1.231417737854793
gene_654,1.1154110751416362,1.6607218248333737,1.286333174049007,1.3585149136883263
gene_655,1.106734374239454,1.3507956652694892,1.2921359142631763,1.2526708688091694
gene_656,1.0974347707505254,1.4214644498569549,1.2620230755799502,1.3245062602098228
gene_657,1.101468946382092,1.1352697360564001,1.3512640038574684,1.1929601867091197
gene_658,1.173810494919171,1.2743714138960087,1.820209936112606,1.2586616256327476
gene_659,1.1023944014498182,1.2840497366596655,1.2741119494217803,1.3300962832517644
gene_660,1.159083882881805,1.6018667495076024,1.2665650419140413,1.3754046571852863
gene_661,1.0773055291145217,1.2015988530328106,1.2754215190599607,1.3350097829403524
gene_662,1.2170019193163508,1.3693041914533821,1.2787897960633237,1.262421303919382
gene_663,1.1334792873457897,1.2516488413458393,1.3112030378011337,1.1633424384890323
gene_664,1.1009445659409518,1.7136751177541845,1.3098626614326951,1.6956933194957104
gene_665,1.0825130182054998,1.2105931058469512,1.1853888458515338,1.2739847448827497
gene_666,1.121112918388881,1.2454259717217628,1.3679135481367275,1.514550371636114
gene_667,1.0712404654394094,1.5209995005775538,1.4167421415154307,1.5282333619007988
gene_668,1.1031182663684094,1.3928094929048596,1.223894343719096,1.331403365141486
gene_669,1.0632506477487127,1.458196250152227,1.4106377281125253,1.1459495034980283
gene_670,1.1704952163042903,1.2998230635482724,1.179066936132786,1.4242316463907385
gene_671,1.062204544054526,1.274845936907744,1.206125430158884,1.2036055991604764
gene_672,1.0598397819179362,1.1746860472278027,1.3325330456355053,1.3067613717204944
gene_673,1.0913679720819036,1.365090066095713,1.2409229144113663,1.1583296483717673
gene_674,1.1018527477167992,1.2134967714556546,1.2611519358969079,1.4286383486251444
gene_675,1.1013081932913569,1.3109686069776656,1.2512145469696752,1.2447171830612007
gene_676,1.0897370192298537,1.3955630778638095,1.3296285204485352,1.2349008542010877
gene_677,1.101003753895143,1.2099141977283985,1.2379901544281475,1.3378935161110168
gene_678,1.10979352806904,1.138412450490626,1.1085870049525959,1.5667426315051596
gene_679,1.139553403873382,1.2934792518230884,1.2827880727296495,1.30822919259949
gene_680,1.1471362948647623,1.523457406542553,1.3419906613011967,1.3830511545363466
gene_681,1.1522133419670215,1.195435276737545,1.337307059254079,1.2194362178704083
gene_682,1.13136688557549,1.2684888836506718,1.4030237708234816,1.6814525684245412
gene_683,1.078950848490276,1.3443951759844086,1.1276406115451811,1.3238413623107006
gene_684,1.0719682874100145,1.305628909511925,1.4539670857507192,1.298337639442052
gene_685,1.0596225868605826,1.3664816807741165,1.1510758727148178,1.2701130626553434
gene_686,1.1193720976818036,1.5544766235209542,1.4794154616184303,1.1854738104394593
gene_687,1.1300977596943542,1.3973974282434858,1.3883101039552752,1.493406668053788
gene_688,1.109422957477571,1.2845369180810577,1.2901806346718612,1.2927298911290004
gene_689,1.0970760814581528,1.1285989557945613,1.336345895601422,1.3770943528335944
gene_690,1.097143064390481,1.2954133545721451,1.2498395876716646,1.4106808275532836
gene_691,1.1375166715650213,1.2810832034300894,1.4627402521692239,1.3610607673322797
gene_692,1.1102997045277552,1.252812056399229,1.4980048864304278,1.464549853755423
gene_693,1.0974348907653382,1.5627177881452652,1.2424340456297192,1.3422902620505432
gene_694,1.0943147480966915,1.2448051002230858,1.3356633651909828,1.2776718647204104
gene_695,1.246638739111795,1.333476242534587,1.6909133054838006,1.4554768317438365
gene_696,1.079612891364275,1.24510135536076,1.166907461150784,1.1634754111926775
gene_697,1.1037821318185514,1.3431293788920144,1.142331990051046,1.3612053314475967
gene_698,1.0951215452941476,1.517704147536328,1.3694724780859602,1.25259749754482
gene_699,1.1301080387910012,1.3284517188831428,1.2879627915027791,1.3933651046984838
gene_700,1.1585767671252447,1.2530869439761454,1.347044950137692,1.1425629344370691
gene_701,1.1533447018100864,1.2555272147565895,1.497023465623311,1.2131951118712432
gene_702,1.0726143550302356,1.3324266808870224,1.2733844845266518,1.3990411015324937
gene_703,1.085407948434516,1.2358801906404633,1.1850989024348604,1.248773198234385
gene_704,1.0820687385744852,1.385574298648531,1.55497976184898,1.2994308273069728
gene_705,1.077273241127289,1.34097017205526,1.3483989603917605,1.3602348022579562
gene_706,1.060785548915969,1.1732182285359827,1.295022722323108,1.301349071509044
gene_707,1.1599297142150315,1.4288359492082516,1.4542288040425049,1.483786171126649
gene_708,1.1566238743839918,1.3206209813011363,1.6423476916056108,1.384614443327661
gene_709,1.1236455546400483,1.4147337240773608,1.2578640163039483,1.3247386983097025
gene_710,1.1050577501291325,1.2377819564513999,1.3209359381852457,1.226098183474148
gene_711,1.1350758115351725,1.3294335154933172,1.299474772972731,1.2679523371611896
gene_712,1.1384053099618683,1.1786537495431886,1.1569633338221474,1.0945336152829963
gene_713,1.1602670729516855,1.2503254914960007,1.2051531120001424,1.2485656092735162
gene_714,1.1730837285593791,1.3227808650110155,1.2265126043359451,1.4405229198037155
gene_715,1.1176981222709914,1.3888659112045072,1.4059028870616994,1.1408661528709694
gene_716,1.0980120594971847,1.3372946148056357,1.1681808125423174,1.2905526391093667
gene_717,1.1047249502844398,1.2828787060020947,1.5952214623023575,1.2754922806922635
gene_718,1.0897592135108556,1.1804805095593451,1.3186731434650576,1.5126167163959632
gene_719,1.0392755605236021,1.1490394698380968,1.2800178317378967,1.4337851183021353
gene_720,1.0663435419939564,1.3973648769957592,1.24301036025782,1.321846368749292
gene_721,1.1464965553699795,1.1395012858081595,1.3507907122801783,1.3142967449012424
gene_722,1.0702289526353173,1.282862461565282,1.2689752061877386,1.1734662643157947
gene_723,1.120707801995926,1.1739379304687958,1.5297650943897863,1.2983883755297216
gene_724,1.0777789657687031,1.4145930668110736,1.381526112029968,1.5841368568690959
gene_725,1.0925066223457551,1.243160682571752,1.1592365489872256,1.2260580463679343
gene_726,1.1197272552789816,1.359472273431925,1.3779710860762577,1.3942660361536092
gene_727,1.0692087491254327,1.4766593140873085,1.3967001013392617,1.2359784667471945
gene_728,1.1186737914175726,1.559043842725744,1.3137082397543693,1.3298442742362617
gene_729,1.2046080439400788,1.2950453255098056,1.3884000238038054,1.4619193871418281
gene_730,1.1129704104715075,1.0778856835783832,1.2161940735481143,1.2654654576466935
gene_731,1.2016850831724675,1.4118665014132576,1.1974385092542188,1.678267413682384
gene_732,1.1236617310352734,1.3867270668401221,1.331711225413728,1.4011164523878248
gene_733,1.1191991475544725,1.223912032072891,1.259355094041357,1.9498831133565913
gene_734,1.144271039037549,1.3226354250143866,1.3971557733306819,1.5019494094126111
gene_735,1.1226220105481992,1.2147167759802315,1.3084096030678676,1.1527193529489106
gene_736,1.1521096342300752,1.4284563869142788,1.4425567597669087,1.3993687009036808
gene_737,1.100941434458715,1.315811662202,1.3681782098147435,1.5873814583074126
gene_738,1.1497756733035747,1.2121362020773425,1.1807119892283986,1.3807422045754973
gene_739,1.0777827787096022,1.1468704657753381,1.1055678545983818,1.3958164678299503
gene_740,1.1107408207400367,1.1978194709353802,1.3575733920705684,1.6528426066906297
gene_741,1.1144959339234204,1.7287064823536815,1.126785417886277,1.8630486201809464
gene_742,1.1604185527655717,1.4538228787458782,1.3852445075766981,1.4852410016737645
gene_743,1.1266163246879535,1.3237904813255672,1.0816248283621968,1.6345758073285739
gene_744,1.1253742521362669,1.2847589713599512,1.2521883151182887,1.9011471458780065
gene_745,1.1527395409255334,1.4306165362877497,1.1928166000098126,1.4947306259663296
gene_746,1.0895921186389732,1.4034875209410491,1.17836468066686,1.1714030693445299
gene_747,1.1175045107303576,1.291091598906428,1.2900492604928635,1.3586686107308728
gene_748,1.188291129082486,1.6249038917706622,1.6706213108299197,1.4856029994381257
gene_749,1.1572729524996377,2.279490231852348,1.3454648839048677,2.692154970362397
gene_750,1.0989533667830351,1.235458177473288,1.4404706250515955,1.1977335757092946
gene_751,1.0984458109135742,1.414227068048761,1.3560167424263707,1.38903199880711
gene_752,1.1790401238076693,1.1768428266247724,1.764267238626686,1.3401039741440048
gene_753,1.092250568287746,1.528479676108678,1.4238271114443628,1.2046369477764733
gene_754,1.1095741181831262,1.2359700143814827,1.2469817738997406,1.5231987644183802
gene_755,1.0989408839331598,1.4666448057331318,1.1772793482866077,1.4502562142087176
gene_756,1.0841351588541819,1.2080633036051662,1.156572099078971,1.123631288981182
gene_757,1.0582366637031693,1.3894514461916894,1.461113836165296,1.5356621929404755
gene_758,1.0933396946054237,1.5476381862139224,1.0455737274276058,1.2308808736991546
gene_759,1.174028756624294,1.5117567626053068,1.321670453268332,1.1358454062186425
gene_760,1.1523458192709304,1.1969634329886072,1.247597184943031,1.6043145194240434
gene_761,1.1119457175819043,1.0942848132800294,1.4213141498149788,1.333331827696695
gene_762,1.1010503807780898,1.708101733412692,1.235712283320005,1.1984191731898257
gene_763,1.1205077470834293,1.290526564814043,1.3107176653389359,1.431010661024352
gene_764,1.1585187523542027,1.3837729878513123,1.2676898664746217,1.2427655808398967
gene_765,1.0873916236862018,1.290801654708027,1.2866242804804362,1.286382265603005
gene_766,1.0831607516796693,1.3467374793943738,1.2699755606991125,1.2433035468470617
gene_767,1.1068135348651542,1.3577094564585475,1.4579978229478803,1.2667495080638635
gene_768,1.12530859487758,1.3663119496113436,1.4791091212408278,1.4445533138309088
gene_769,1.0908721044670224,1.3456407001968633,1.4026651559545225,1.3319541060234212
gene_770,1.047753978180562,1.1820798938161445,1.2219797825865077,1.1577841620694145
gene_771,1.1096499947760126,1.059986863569232,1.3482792207681487,1.4783967092248647
gene_772,1.0814982727283995,1.1890309307628542,1.1743735914351614,1.2668879310089431
gene_773,1.0999581192269476,1.1480295054398797,1.2865631527979215,1.2214341336683683
gene_774,1.147616084668906,1.3533444183835626,1.605100008273118,1.3293708130739799
gene_775,1.0522577474979748,1.3332506701427391,1.245796927881915,1.3456819642237439
gene_776,1.0973310530225944,1.2639247928009398,1.2417688331430088,1.429539351586967
gene_777,1.1577429844139937,1.4785842709351,1.4253215113696245,1.3146426707756398
gene_778,1.0625275960360414,1.1917173995783965,1.2188715237423302,1.1850920870672674
gene_779,1.2766378569195327,1.3794994591012404,1.360824732198918,1.2045726228267273
gene_780,1.0982047602017593,1.8329505350075936,1.2784443660959153,1.7416373382081962
gene_781,1.1822455843277284,1.287199503393267,1.1897440150290788,1.359685984210316
gene_782,1.1073069561434754,1.296134880120436,1.1712855489057123,1.5933312977966334
gene_783,1.1145010353596432,1.4530187160868244,1.1772580040774847,1.4197754848541029
gene_784,1.1075038942618558,1.3600184863997968,1.1764619168966637,1.260392814489639
gene_785,1.0931136762185658,1.3885849153091039,1.2888442580983255,1.4073221549811294
gene_786,1.1833216115958678,1.2710376750523393,1.2240639840967986,1.6857002646778343
gene_787,1.1691491092106594,1.637558790337749,1.414362310686746,1.325675045785309
gene_788,1.1506543022564721,1.171681531296484,1.3033267941494473,1.289211625032209
gene_789,1.066058659120794,1.2266053425694323,1.2392881564816993,1.2294865675720505
gene_790,1.1496901193325229,1.402364036541792,1.3879564978099694,1.1549773429552384
gene_791,1.1191539115687847,1.3153897607773481,1.1194014741575844,1.2634678339364298
gene_792,1.1937151628929221,1.5033841311215281,1.3648732274491633,1.5967938944355442
gene_793,1.1014075462402821,1.3559092478428427,1.1768142192412534,1.150090225307424
gene_794,1.136175159292259,1.5779543611230002,1.2104421208480074,1.2903914709759121
gene_795,1.12621787052476,1.3197880132441513,1.3525954731986733,1.2321344023077816
gene_796,1.1576464989500945,1.3104776772637374,1.432159283450349,1.578530712456986
gene_797,1.1584698770570405,1.975223725339366,1.2662107807853484,1.277209706586625
gene_798,1.0740591530268884,1.4766553988173912,1.3895142276495478,1.1313453831422429
gene_799,1.1165065975311024,1.7904421077408077,1.35473788962275,1.714483656038313
gene_800,1.2009355368163797,1.1386295956750443,1.4355596091661007,1.3118430696542316
gene_801,1.1540477192106502,1.1514541468304385,1.6512706679234377,1.3951693958751579
gene_802,1.1278406735762636,1.071410168859809,1.2103444784144506,1.120390386711466
gene_803,1.072859832383334,1.0849854638823058,1.2278422254396595,1.304455334489269
gene_804,1.076010576616468,1.1076145380842035,1.1835565165328867,1.3560458161333924
gene_805,1.069820652203367,1.1286266843151078,1.4757636295460106,1.2507546381882868
gene_806,1.2052523449887194,1.1451232610317825,1.5758478293046259,1.482640163523069
gene_807,1.0745766872326659,1.0812579782446108,1.3264620290176736,1.282128993802161
gene_808,1.1149429960930581,1.1753054008404167,1.433187906785569,1.9873089997133293
gene_809,1.098752949203989,1.0642754805751127,1.307578735486634,1.1784481397778033
gene_810,1.0480707136758156,1.102457141726855,1.2614082806935691,1.2182504839316208
gene_811,1.1951624138127472,1.1481194608083947,2.1129094377447624,1.358499296795566
gene_812,1.2645180504734213,1.1548237179301415,1.3157438079620525,1.4323422882371604
gene_813,1.086968691238368,1.1149474903551206,172.43254169731128,1.1210120842875582
gene_814,1.1467111982742588,1.1605990798131862,1.3799705368185737,1.784685877583857
gene_815,1.1391146551765219,1.0955434503039778,1.4240568703692185,1.4012362575457538
gene_816,1.0852539318055292,1.0760454403444972,1.2187487335971445,1.2122512984498381
gene_817,1.1433375717287129,1.1667230345092112,1.5684739694413878,1.310213405117306
gene_818,1.171273815306498,1.0947358614710117,1.3069092252360004,1.3944440733477113
gene_819,1.1370431752415049,1.1195818925724688,1.2845795132997406,1.2920880299377604
gene_820,1.1117694221282088,1.1035297937277204,1.297277305554496,1.2168014781118757
gene_821,1.1653894915407281,1.117445958705386,1.3768626380069517,1.3970523901887435
gene_822,1.156118488655768,1.160131476214646,1.344869331538618,1.469187026190131
gene_823,1.0725002428564003,1.0853241699294265,1.3642340710816654,1.299432729122211
gene_824,1.1574301676001615,1.1245887258036342,1.3945322757363856,1.6212413054779589
gene_825,1.0786695053432238,1.1061376134402683,1.32055604871546,1.3382762947359599
gene_826,1.142551361713215,1.1284510471980993,1.3895630396556982,1.148527346099774
gene_827,1.1410537987174323,1.1150321701664414,1.2543928190272766,1.2373689810098538
gene_828,1.062479406832588,1.086249390032577,1.2873433445124374,1.5478973298409977
gene_829,1.150533684794859,1.143242652380493,1.2223535444673068,1.2730513835490054
gene_830,1.2255044419284529,1.2017326210955874,1.5114485712465413,1.1990260175182164
gene_831,1.0828260612127396,1.0875325751725777,1.1038039091508371,1.3551546656547377
gene_832,1.0325744080863835,1.0608082302692605,1.1595785476721787,1.1652758715027554
gene_833,1.1255890426664312,1.0728090787668854,1.4074099991857547,1.2908868362023587
gene_834,1.0460940911569354,1.094144216235229,1.364129471178414,1.2431316298190724
gene_835,1.096008530407262,1.1319300230474845,1.7966508829250554,1.309786431578453
gene_836,1.2626172439784331,1.2698493766852041,1.432641561522513,2.1675928926001395
gene_837,1.111757595663232,1.137349760752973,1.1569272985637915,1.3966255377896746
gene_838,1.1460299688904791,1.112462572729179,1.347818435239864,1.1722302368558628
gene_839,1.172572423798061,1.0877397969675462,1.2549209616910695,1.4389653387793153
gene_840,1.1548825921944579,1.1241491023041257,1.234302816165702,1.620360418782857
gene_841,1.1117271768126895,1.1554635675108096,1.284193948286598,1.3292841061197709
gene_842,1.118003372155094,1.1891281447150304,2.18932686107707,1.4848439066213073
gene_843,1.1596660421355416,1.1503223304880488,1.4221374389578614,1.4496283846875135
gene_844,1.1456825284546297,1.057971358883191,1.2894050826078582,1.3730631262176476
gene_845,1.1372266510169327,1.1241064107666134,1.4188892455713287,1.6007044037686544
gene_846,1.1353695332378704,1.1016725463205579,1.1838817474318728,1.3205703999414105
gene_847,1.1775191072560558,1.1296744564377759,1.535079475456196,1.157145474199471
gene_848,1.188129735285031,1.145789384112214,1.7403985146597154,1.3471307108782447
gene_849,1.115801297819692,1.0893074032968342,1.2861718087727456,1.3336206858759367
gene_850,1.1353405395093825,1.1187452819464512,1.4350757243666254,1.2480763098486347
gene_851,1.1092367658631146,1.1271554354930136,1.2938169923742384,1.5745933555172191
gene_852,1.083210012536318,1.1239715094369984,1.4292327773368645,1.4198438171281156
gene_853,1.1190618830160401,1.085450382336248,1.3013697486737386,1.2335002910688755
gene_854,1.1749921365094382,1.1121778935947602,1.502891636184842,1.1791469463300914
gene_855,1.1292016720439195,1.048926566207385,1.2075280419062318,1.1754107655827868
gene_856,1.1161021751815123,1.1154442994591733,1.213754721645105,1.2608873772015785
gene_857,1.0887893450317216,1.0687101477734726,1.3347967145078685,1.6724843344900697
gene_858,1.0911791271474252,1.0864880650676687,1.3270603591274712,1.2051375820031793
gene_859,1.098625519303736,1.0684707834743685,1.2663182300603373,1.3285695403923454
gene_860,1.1068442849233806,1.1260760943307213,1.4281089985341158,1.3137191020427634
gene_861,1.0890244627573247,1.1101947962694827,1.4278948764187112,1.2156349658247743
gene_862,1.1001178581289552,1.2051296308309127,1.4473492559279617,1.5351460228365876
gene_863,1.1006626281896865,1.1268176813330846,1.1550840734889858,1.348547545752158
gene_864,1.062401830926045,1.16398879799501,1.1868405833594824,1.3816278737832839
gene_865,1.080558230855563,1.0492317756115028,1.2606370672321516,1.531099503217597
gene_866,1.1420488838195677,1.0739802985761775,1.600258340879476,1.3907871226771806
gene_867,1.131627290726486,1.11782702881294,1.3149306287932514,1.363654250571927
gene_868,1.157625318191786,1.1060571227053104,1.4238066483499225,1.4918574349311648
gene_869,1.0979041804449976,1.1221881241326188,1.3547528538591482,1.176695713410119
gene_870,1.1228408683966116,1.0835652517363714,1.5486456058422482,1.5123900967047916
gene_871,1.1429873797918437,1.125045199850174,1.3371802916551498,1.1860067074714276
gene_872,1.2087775867770119,1.1776480211394547,1.6165555901641602,1.414626495278086
gene_873,1.2451877091236558,1.0921084136875308,1.2674145204856064,1.4490708455131767
gene_874,1.1682532659800915,1.1389709016901444,1.4208521931745635,1.3410396390384218
gene_875,1.1863968141225294,1.052725087419035,1.5636803541058062,1.3586833213448526
gene_876,1.1366853599643763,1.1395722292496122,2.2065748959469467,1.8812304488943576
gene_877,1.1375319483552688,1.1335673438101523,1.3535342971486073,1.3654168717027124
gene_878,1.1969872114601814,1.158127496117622,1.1562921664010188,1.3361605524382805
gene_879,1.1023175370494807,1.0867483349928284,1.3784413963672089,1.3039227021618078
gene_880,1.1361160629256661,1.1330050704603294,1.7819962246710381,1.3098052068434076
gene_881,1.1332611145700708,1.1542118969932493,1.4373548981214828,1.3935200205403786
gene_882,1.1017526021520838,1.107871790572717,1.3402052702975062,1.24584934336755
gene_883,1.133333336016317,1.1242390822455095,1.3995999894740074,1.2955990860450088
gene_884,1.0814381682786975,1.0748106762859728,1.250793509901885,1.197429672548678
gene_885,1.0521639090576784,1.076908551154817,1.377136552064003,1.1127194181117062
gene_886,1.0577901071740636,1.1520521006751168,1.4009515732579472,1.49053499197254
gene_887,1.1522594329103086,1.1194700023416098,1.3215948452366635,1.2248938177244006
gene_888,1.1115074816981514,1.0720311888249578,1.2329651326615942,1.5477499294675219
gene_889,1.037967188068883,1.0605104044823903,1.3640796498826457,1.3602477148732026
gene_890,1.1719295916168855,1.0962202768143372,1.2331296139441252,1.5980751473611066
gene_891,1.1103602635337968,1.165373160372649,1.4430251841969286,1.391691099089192
gene_892,1.0951129392070142,1.0898946356445902,1.20689707586153,1.376522299533531
gene_893,1.1629925830954246,1.1278287897690285,1.2235158672821966,1.2166258950120352
gene_894,1.1517459834370203,1.1454217850654131,1.6168126830842353,1.598460279821828
gene_895,1.1289188556725867,1.0987678999368449,1.5379262928929711,1.5025514460244653
gene_896,1.1856897091692766,1.0577461156652002,1.2042361105533697,2.8857384990775343
gene_897,1.130179332415888,1.1247361048273259,1.5026921923757102,1.4692212442313208
gene_898,1.102763281762906,1.0985156795084383,1.1938237007277779,1.2912468197408968
gene_899,1.1753744772082688,1.087473276804694,1.1760671543211132,1.3515979961200697
gene_900,1.0846149840312778,1.0644500856042178,1.1983039885305775,1.215168430405777
gene_901,1.2421370027724246,1.107631899340141,1.3590970755647662,1.3516296704079545
gene_902,1.153468157565793,1.102390696549779,1.5845128085119093,1.425632048010056
gene_903,1.0479987673723559,1.033958793885931,1.3312616685062153,1.275263275290063
gene_904,1.222797295250799,1.1793947122259723,1.3244374903980656,1.3482767600220817
gene_905,1.1045208741940848,1.104345090719651,1.18971051121671,1.3595145079424884
gene_906,1.1464383010267958,1.1146363452059396,1.4535334789644017,1.1757479885938527
gene_907,1.1344354429170231,1.0873104987855653,1.2138064484408289,1.4075151863208715
gene_908,1.1005837805804655,1.1123160628432538,1.2204394984967297,1.1428814204386915
gene_909,1.0601846862967648,1.0939812707370475,1.1637797565945016,1.3643099429291723
gene_910,1.0984988418602797,1.1194574877963681,1.214347928246214,1.1422980263699714
gene_911,1.0939632850190082,1.119849503370657,1.2361242920730608,1.6360928853050687
gene_912,1.1611938273516689,1.1656014564103065,1.3716574760274065,1.3331095572323624
gene_913,1.0997417680353214,1.0541713250031086,1.651390908202124,1.5538416056052335
gene_914,1.088065264823592,1.0362446711434377,1.2065017597244128,1.330701455774071
gene_915,1.1433260636739746,1.0893277546139257,1.3112041293044283,1.4223762347671292
gene_916,1.1249551972454093,1.0959921054525068,1.3481285831616456,1.218100185826495
gene_917,1.056961591047078,1.0882942577509338,1.1745585453937417,1.4748632590715076
gene_918,1.0873392411203824,1.0664277593432767,1.6674642068389984,1.3235368176782432
gene_919,1.1482164615528871,1.1576107795327293,1.2260563104917734,1.303899559951282
gene_920,1.1998713991792158,1.1975949367197833,1.4979175898223736,1.2998034400241014
gene_921,1.1433869693531105,1.1209604795196015,1.3719482317181964,1.2319803880873488
gene_922,1.1865539593715,1.0660812876051826,1.83087271720633,1.4894965611315654
gene_923,1.149322438637235,1.1222712347163188,1.6623321464924088,1.453511453425318
gene_924,1.126890354927735,1.1174972209059792,1.3365149752962986,1.241507783638336
gene_925,1.0853966175096323,1.1166528457502782,1.3285889698911784,1.4471041281684702
gene_926,1.1894119012898603,1.1446173272314375,1.2903671819433287,1.309679964677483
gene_927,1.1298115095208647,1.1912952319147754,1.3264085622857495,1.8930265986176047
gene_928,1.1069357432834728,1.1157965182649587,1.2433364845863843,1.3959009619703373
gene_929,1.1167329239575627,1.0832948628442969,1.2061263128315327,1.2193517597247647
gene_930,1.1671080506776335,1.1318496626758432,1.2473328370799042,1.3310190572693608
gene_931,1.111949382960623,1.1277642574335345,1.5838882508003043,1.1945089317516575
gene_932,1.1126547398355429,1.1064075682939398,1.7102347482456135,1.353231776709647
gene_933,1.0805000562754863,1.1217323917422688,1.5078192917462319,1.2648358001301754
gene_934,1.0799874113180865,1.1221436440498782,1.4872563393275025,1.1828525180651455
gene_935,1.0903214301648967,1.099383923489175,1.4120498614614483,1.2982735652675697
gene_936,1.0884340419148857,1.0450920642284742,1.1332880546526385,1.4900244665042628
gene_937,1.0471552928766872,1.0654631164583759,1.186679764987812,1.1906994014598915
gene_938,1.1624732452927136,1.0651332043217623,1.3396876911086573,1.3843126669260828
gene_939,1.1369358377805447,1.1834810581632949,1.3999034468065172,1.2506770691112399
gene_940,1.112634410401933,1.0900439112419653,1.1503851125041655,1.412901124757965
gene_941,1.2156467140544192,1.1645088694320291,1.2340358391426098,1.3545617867521504
gene_942,1.1573938409631417,1.0510880553596755,1.187916520923613,1.2348624648830882
gene_943,1.2076005843209379,1.0553388605476848,1.3502189068196135,1.3045066588549885
gene_944,1.1576423743553217,1.0830900134668906,1.2574032367408483,1.336557470748691
gene_945,1.1076225502944317,1.1272979721934944,1.2572680551193947,1.3060974944016432
gene_946,1.1645712341965742,1.1113668080167751,1.416545036675791,1.568726794734429
gene_947,1.1269179938242073,1.0893571978701173,1.5003708474377808,1.4669643715428584
gene_948,1.0646127179698484,1.1040066200191132,1.2166581145018407,1.2509213632843266
gene_949,1.098169663316652,1.0703587876998946,1.382823880422412,1.3727934476942194
gene_950,1.1933382865976252,1.1502458976614125,1.3360116944049445,1.1498337804791845
gene_951,1.2396879208271385,1.133535928033751,1.6746608296541512,1.416933542245768
gene_952,1.1475236255274441,1.1295499102619628,1.3071498321110666,1.2628022441396263
gene_953,1.1028159404252542,1.1340957775115883,1.2867581618522537,1.2164035942373905
gene_954,1.111560209264488,1.1678251128171304,1.2760009603182043,1.3819036881654734
gene_955,1.0663278385849992,1.0326094361037819,1.297066609491277,1.1828591817780878
gene_956,1.1591835456863921,1.1211543799648866,1.3408565034336413,1.1983238429229022
gene_957,1.1412753221147542,1.1271013594747457,1.2330678730419162,1.8023403269826912
gene_958,1.0928206756695642,1.0730369207368518,1.59401765101491,1.4763698333227815
gene_959,1.0634633244110878,1.1150816879989203,1.4626765327376197,1.3528923031298192
gene_960,1.116239235323557,1.0928239389022225,1.5862650026088223,1.2577508310392282
gene_961,1.0855266255630676,1.1121908387472743,1.2935715086713715,1.376969303862564
gene_962,1.1978165449367344,1.178227754258201,1.4482461960750492,1.7209407426215229
gene_963,1.2330368642282468,1.1773769622703996,1.3309144380246007,1.3117732763264627
gene_964,1.0553788854599995,1.061043953007001,1.2102776432956888,1.538453824040214
gene_965,1.2053744851735946,1.082747613880758,1.1410973966263107,1.4310420370613914
gene_966,1.1507292351823881,1.0912339838659322,1.3913451474220915,1.2838366829050192
gene_967,1.0696734289077496,1.1234980036818298,1.183000278939973,1.3414751718207296
gene_968,1.1893243278657428,1.222584574878489,1.421805556314126,1.754801935788871
gene_969,1.156061091852753,1.0898824001848006,1.351521008420961,1.3274340930748239
gene_970,1.060052507234401,1.1146864819854405,1.576966548031472,1.2582043420959197
gene_971,1.1183245407869307,1.1172683810171575,1.2364236486159408,1.3710479319157294
gene_972,1.115317846831578,1.0452330568342727,1.3024257467339861,1.1940335766512409
gene_973,1.0960060318723732,1.101531292491614,1.2042616309072278,1.0677847972977075
gene_974,1.1190859965035809,1.1458933968450313,1.4913342249131871,1.4209198064217594
gene_975,1.0883937436379862,1.0653089427386397,1.3267969863162017,1.1851853772985812
gene_976,1.14908826383247,1.120790755908905,1.2072413922808973,1.4518308707717436
gene_977,1.1397769025987456,1.0865821454995892,1.1470756977831054,1.3028088170129712
gene_978,1.0657683942529377,1.1218957573077868,1.7397804217146497,1.3335249597256424
gene_979,1.1418955344036175,1.0930583814865473,1.1925110311280112,1.1760961768066864
gene_980,1.0673595076968418,1.0723800599834348,1.1984350137893487,1.3325768996914493
gene_981,1.091643417970327,1.1603652471152284,1.5085453891557787,1.3148064641032937
gene_982,1.0782102908475495,1.1366014890223934,1.3119842107211033,1.1632815498688316
gene_983,1.2102628181211705,1.153133035105917,1.6879600378244495,1.2576086165455043
gene_984,1.1476771854825991,1.1254943506477915,1.2450520278534098,1.7689404428246858
gene_985,1.1107131356743336,1.1427533595207702,1.2729460337453844,1.226760545729003
gene_986,1.1209789568497277,1.0711860097534918,1.4254456005031104,1.2634226879727581
gene_987,1.2293874067441208,1.109247126658646,1.32976654971607,2.429786714133961
gene_988,1.1291926837601662,1.1320950096290354,1.2409011534327117,1.4072254316278905
gene_989,1.1513919147769016,1.1282985645704806,1.2313593541247,1.339174555114382
gene_990,1.1065379664068622,1.0481037339833132,1.7562411200547177,1.444001838007226
gene_991,1.2213460775506733,1.1081674756197568,1.3828123230873164,1.3300568431323814
gene_992,1.1283568175675163,1.1826159338641173,1.3067079687197527,1.3524207101502468
gene_993,1.0585441817427717,1.0948318218694542,1.160532086791472,1.1823461340562313
gene_994,1.093291715615678,1.1378571309319871,1.1904984855471834,1.5025912371179895
gene_995,1.1082842508642285,1.092565042929303,1.2725418796612527,1.381563503613932
gene_996,1.1100037433601928,1.1710857150387506,1.5512593535466317,1.2755656569927294
gene_997,1.1578248046332007,1.0737658891613016,1.5819987191611875,1.8992838347809373
gene_998,1.0703196993938997,1.1188251722525284,1.3648496296711714,1.3855271063873515
gene_999,1.1522611477320133,1.125410167002467,1.2653087858596825,1.4059947859919424
gene_1000,1.2201733506202126,1.316363540158279,1.2466580179306874,1.1355542446121096
gene_1001,1.3558531115955454,1.4140312875533747,1.9424774114232868,1.7446273063650037
gene_1002,1.203268285098542,1.198891212278508,1.2618117388863788,1.1481325003879843
gene_1003,1.3201201617857994,1.5885317079686412,1.4434387906981734,1.2117056690261367
gene_1004,1.3991939722464664,2.440872793349128,1.4720717648191648,1.327410221124233
gene_1005,1.180536068343611,1.3463668110904292,1.186101457448113,1.140279571752396
gene_1006,1.3107894425114157,1.259056156379485,1.3304862890455882,1.3069644752200071
gene_1007,1.303007481087077,1.2602040037568767,1.336616812646386,1.2433271387706155
gene_1008,1.7447276758618069,1.5357241375399207,1.2200141288987816,1.2225779092513431
gene_1009,1.3227449282713797,1.363009770482969,1.3686148584642879,1.8526220773593143
gene_1010,1.2364806926044016,1.3736316695786612,1.3304922248269195,1.4809549609646666
gene_1011,1.4741743214608098,1.2850937151771264,1.2666095395767605,1.2639773689263067
gene_1012,1.8610289225450933,1.4141353124910054,1.455178883542347,1.312358442614584
gene_1013,1.441324066036188,1.1321461124947503,1.3417812073512347,1.2557413116637652
gene_1014,1.2891581847487759,1.672598152353795,1.4252148861901672,1.3571416672226893
gene_1015,1.3947485433375477,2.9336467242953512,2.2565916221537963,1.3168864843107795
gene_1016,1.5663300680210164,2.774583211979031,1.2271987098487307,1.7188867844698463
gene_1017,1.1744212557334774,1.3213444015642726,1.2996705254893313,1.5556201655139963
gene_1018,1.3656057965072916,1.6715781006692352,1.171585501365362,1.466371153681981
gene_1019,1.2027853605336296,1.2179881340888943,1.3136192422213637,1.4324402857700886
gene_1020,1.3815585949640052,1.4616905965604408,1.2468568264002036,1.429613405162753
gene_1021,1.490978025435979,1.193464554068902,1.3440854933380157,1.3484182148028718
gene_1022,1.2257710141179092,1.5439122439364426,1.116132196376327,1.406453287384952
gene_1023,1.3395434111221491,1.2804620769256772,1.2581207747857044,1.2749824185437355
gene_1024,1.7860286400069476,1.7309337969073744,1.5805091875322004,1.2038555772852784
gene_1025,1.0869178765129126,1.2435048126603774,1.1379776008631768,1.258984403133727
gene_1026,1.3841049222466462,1.5153963739518663,1.2106815043247605,1.1977690753273735
gene_1027,1.2149103216108919,1.237645836825226,1.1813355559128502,1.1864056956065019
gene_1028,1.1521659646877505,1.3335656947255905,1.3694629903598174,1.2147178651196988
gene_1029,1.2853331284169367,1.3586646628413968,1.1814620377858882,1.2098613661177011
gene_1030,1.2923975303380857,1.268472979786156,1.2830286784359364,1.2022018290532108
gene_1031,1.3535286239541526,1.4789565512815552,1.5662934421498138,1.407836709103342
gene_1032,2.0006132907660366,1.5908574753480906,1.186403047583177,1.3258206095929954
gene_1033,1.2917798870972528,1.5572070872127202,1.1673258138587894,1.532994966936719
gene_1034,1.2579879331922095,1.288716585468965,1.399318155921146,1.1451640474422238
gene_1035,1.4048200146359988,1.3454446293076343,1.2037953817586708,1.288873968808348
gene_1036,1.2430617519781897,1.1973235087552803,1.1589099717841045,1.2159706649439819
gene_1037,1.5551162378461498,1.2404966347300739,1.272581651133686,1.545343364183155
gene_1038,1.535712324496468,1.3108801051374397,1.4435324036824018,1.5206712566993097
gene_1039,1.3339290363530867,1.3284290805358436,1.3582895008149145,1.1171082198495081
gene_1040,1.142238663516435,1.240404821428241,1.1823244238232775,1.1567024806082298
gene_1041,1.328740866116697,1.4969113578515856,1.1312115790530974,1.1809997676465338
gene_1042,1.4414948551360038,1.4399665017892322,1.2550415384684896,1.490037832241326
gene_1043,1.2151923966693892,1.457004125215176,1.154622061914309,1.4081069484541882
gene_1044,1.1553172684935933,1.1975608638621487,1.201410326802528,1.3279845380671684
gene_1045,1.5917495410535507,1.2134513062780252,1.239112621526239,1.1366580054301623
gene_1046,1.7156283910597465,1.4790480520559441,1.1553021849830172,1.3804439379745153
gene_1047,1.9242705752405074,1.7105794503267528,1.626872517586502,1.4314533336306006
gene_1048,1.3339930571110434,1.4646911941933043,1.209257906591682,1.2219940819064952
gene_1049,1.1675322664516266,1.1213980844634164,1.1380269471724862,1.2207071937597531
gene_1050,1.1003486052276625,1.3323546270872757,1.2055844571810723,1.1707621084849968
gene_1051,1.3860740544290502,1.50126320669357,1.700791543804235,1.513879724065694
gene_1052,2.525176449565185,1.4694130839964226,1.7459525453023772,1.3382684832953218
gene_1053,1.4724791400856714,223.12830760887834,1.3059232538391001,1.9800931540136941
gene_1054,1.349302584475715,1.4845182009227507,1.326549391901664,1.4034460595265539
gene_1055,1.297175708916017,1.4225379132350542,1.228901047834859,1.1120974525933247
gene_1056,1.3070512124130904,1.2438985206321524,1.157170337556901,1.1915529991295188
gene_1057,1.139506491165292,1.2877388337229752,1.3366567740315196,1.1986016359470213
gene_1058,1.29913900096941,1.198111602209682,1.1774383591980064,1.3579798183224814
gene_1059,1.1723756720819174,1.3828153918083013,1.7635273626672847,1.3066752302010982
gene_1060,1.346011057538865,1.4776671659309815,1.3130087298589928,1.2993698356908896
gene_1061,1.2305516608536509,1.1857759122948524,1.4948256750191558,1.2668324718493222
gene_1062,1.2064052036141502,1.170228365445417,1.2136914165071087,1.2827257835195935
gene_1063,1.4818077096669666,1.4297019653544123,1.6602588997306145,1.9432297889302972
gene_1064,2.3182600531948365,1.485485306827283,1.5225789379864334,1.4120626153688727
gene_1065,1.3224301012558033,1.2321804832755132,1.2353169870746679,1.1249892407820734
gene_1066,1.4895635945345134,1.5646862330164077,2.0336891689165113,1.5134498351444634
gene_1067,1.259805480308119,1.2749976518594832,1.1598412904498159,1.2999694311401853
gene_1068,1.5181180147919213,1.6054796749993916,1.5760774087520182,1.5604861202376645
gene_1069,1.2756827224531193,1.231003396470503,1.3064341352181783,1.1593777296496186
gene_1070,1.376324782043505,1.2854884127091561,1.4327395720281433,1.4631860051767416
gene_1071,2.2128171895510804,1.4232920004864866,2.2375913749315646,1.7230538981107923
gene_1072,1.3420147369358766,1.1398819704665066,1.3533983604175368,1.8046470025799342
gene_1073,1.3100973588224472,1.5434474315223223,1.8213927292390395,1.5609208598877102
gene_1074,1.3372226995600265,1.812630848499846,1.4050892340042507,1.5242850636988006
gene_1075,1.393990991191352,1.320457502103428,1.2649142037502452,1.2963081324877517
gene_1076,1.5997097163653966,1.3804585969052576,1.371485922566362,1.2332324581467498
gene_1077,1.318634775085519,1.3145798545740568,1.2620751513431996,1.25297744264859
gene_1078,1.3237189648610719,1.1316500563491336,1.189176045733123,1.171437968534809
gene_1079,2.0016456956726096,1.57403885983935,1.4706902054601951,1.1923118072544587
gene_1080,1.2481610254423512,1.2114228507408633,1.1203771757801915,1.2294098044476027
gene_1081,1.1839139022706935,1.30281067334181,1.1690795278156265,1.2000488580706965
gene_1082,1.417119020233138,1.169085487459404,1.3303972183017547,1.3872565974428113
gene_1083,1.9993457607653182,1.9886209229426939,1.698954908842483,1.5171169401670053
gene_1084,1.3848100011057407,1.2640103883126914,1.1950349161879492,1.376972383935103
gene_1085,1.3720231557094693,1.2775813732492993,1.9400514915862925,1.3153618293095506
gene_1086,1.1944248375027462,1.1697816156254746,1.136914472910197,1.1810096418466822
gene_1087,1.695806698484268,1.741896552008498,1.5508967228126123,1.3056854350651708
gene_1088,1.4946811210792184,1.8736076242802568,227.54715580786146,1.661627472872252
gene_1089,2.021027164803118,1.2848968952686455,1.390879518765999,1.347051966952202
gene_1090,1.2924657947193374,1.3991848536007272,1.4294082520720215,1.4069976388997638
gene_1091,1.3548688407155822,1.3053459355618764,1.2430628555685916,1.215467067082779
gene_1092,1.331012677644924,1.179923261450043,1.3763602841250622,1.3644139476773154
gene_1093,1.315230066014103,1.113651719279872,1.4419574294651316,1.3859734504186667
gene_1094,1.344930007189354,1.4449097562524944,1.2520041022693629,1.4492844537858278
gene_1095,1.453051569094136,1.6276491113616227,1.4459112162993175,1.5999615896772352
gene_1096,1.2733508543048535,1.206023777063812,1.2005870031225827,1.2066272255752815
gene_1097,1.6743336309021633,1.5653693174480374,1.2938778655381828,1.2451129330674073
gene_1098,2.2319644798647773,1.6940401822628888,1.4961612779168207,1.5896687623178904
gene_1099,1.442977585659968,1.5100725463870166,2.436513053074246,1.6375618214610816
gene_1100,1.1417147845725082,1.1644569298451788,1.1585146431394273,1.2709361337555596
gene_1101,1.2187939897215088,1.4696353414451087,1.260000408094839,1.088708139476249
gene_1102,1.1594918983257247,1.228784447561119,1.2502085760490829,1.1570224565776572
gene_1103,1.6282130747756307,1.3329350920666974,1.3652218513188594,1.8628086258786758
gene_1104,1.5511667957231425,1.6088335412235242,1.3405658159246414,1.210425609716127
gene_1105,1.4738598136177594,2.420018897582355,1.2982705588747732,1.5712358362922547
gene_1106,1.2169263787172646,1.0686895166787276,1.0821950830580773,1.1354365048503852
gene_1107,1.4284893410120645,1.3874237015937902,1.5975998296228269,1.348873905491536
gene_1108,1.314212325737145,1.227651724496477,1.232071383934619,1.5447699845535896
gene_1109,1.2559858323603288,222.93973390486642,1.6865029065506454,1.1546140465198902
gene_1110,2.9045309122832466,1.5416627878628162,1.4170582884922902,1.7383019930008394
gene_1111,1.2512321748374138,1.1098702137840097,1.2519046326557566,1.2506898489244824
gene_1112,1.3017808003213407,1.3011219763283728,1.1695415480335827,1.163461696112635
gene_1113,1.778766666063033,1.3369658094739505,1.2554623508453489,1.293848808589061
gene_1114,1.2976576923145202,1.3020480357857045,1.341997655215044,1.5639876764195635
gene_1115,1.9337591862561905,1.525765956154724,1.5345172538163254,1.3498129107276065
gene_1116,1.246840017156286,1.195905302082969,1.2969763658878941,1.3298825070508298
gene_1117,1.5891087662317334,1.4216389074057172,1.339230150485344,1.1639990128695394
gene_1118,1.3217858799398672,1.3592416977630433,1.378213716363536,1.4330502225854895
gene_1119,1.5771551444853211,1.7339313503257703,2.0464070739312437,1.4135104395515754
gene_1120,1.2770421971668726,1.3918303998299126,1.2082591862096514,1.5054216095365887
gene_1121,1.123438145395727,1.1711484013604854,1.0887360340354328,1.288258234482227
gene_1122,1.5805971157351233,2.277110554978477,1.5762620910251288,2.1536841022909314
gene_1123,1.4512840224703918,1.5138656048549466,1.383468581970285,1.5242447525592264
gene_1124,1.4934844627765669,1.2281895283802335,1.3630920261527957,1.42001873075757
gene_1125,1.8612907974413613,1.6955858400014927,1.2202564495266284,1.2252806792009967
gene_1126,1.3630590767686779,1.2590721143135768,1.3180851710160535,1.3258862358983745
gene_1127,1.2783692040223136,1.3667968815264449,1.3546753679809123,1.6389255586389284
gene_1128,1.3958870042213798,1.4958890029117806,1.8181025780802187,1.2366309045730004
gene_1129,1.720690486912648,1.4550307597797116,1.6202934778355116,1.856087903852132
gene_1130,1.5687131301197041,1.195463691710741,1.4520134547826977,1.2372437673331
gene_1131,1.3616135423654574,1.3446092705824135,1.3152437192646396,1.2335275363616445
gene_1132,1.242875793978759,1.2658984373200721,1.6156316717499066,1.4189776310211406
gene_1133,1.469453603364298,1.8240157211918195,1.6798195712824557,1.557065256346981
gene_1134,1.801151809846297,1.3541676566114047,1.4069540669076828,1.445937360381137
gene_1135,1.5439210222449196,1.361611480494067,1.3280565764475232,1.3086856564637614
gene_1136,1.3361830473596727,1.542274097524575,1.6691675379247064,1.6149214285795488
gene_1137,1.3678937587988682,1.4725825257702934,1.175752561540354,1.194352036069769
gene_1138,1.3361832332515182,1.3636325957343758,1.2634818031200763,1.4940890312225057
gene_1139,1.3953936906539695,1.46721722072417,1.438959141381862,1.516240693284873
gene_1140,1.5578880246732936,1.347622233555591,1.4650035661186147,1.2051347410448676
gene_1141,1.3265375059953288,1.4784372229340224,1.4096938387061242,2.4843273051275765
gene_1142,1.4587107186965858,1.2875980437760595,1.7671177733277743,1.4178357008403937
gene_1143,1.6490707275449419,1.7721333636756345,1.6980890587076276,1.5248639532559625
gene_1144,1.4875320496314324,1.2223775294231496,1.1732400263206595,1.1718464794079517
gene_1145,2.5527374755912087,1.664192487774564,1.3516817042982745,1.3893857537187093
gene_1146,2.130022859219499,2.3877208782137145,240.2580160745641,1.5606072495336805
gene_1147,1.61375305406976,2.1815427049378453,1.3074288095149307,1.4429394271623546
gene_1148,1.1786906076101948,1.4307755131402509,1.2027337844216763,1.3822393658225416
gene_1149,1.3048984970340685,1.3470696873034065,1.299583802756393,1.3581633480305813
gene_1150,2.127409983282479,226.48135264403254,2.403803807043237,1.595666471643546
gene_1151,1.4325510007992401,1.4464685330330946,1.1671814576271526,1.344134117671608
gene_1152,1.9715483695014253,1.2857782706746363,1.3940676110724253,1.4247728088085359
gene_1153,1.5777469954054544,1.2098393759994586,1.5827198739008765,1.188590891252264
gene_1154,2.070890362509746,1.9922044534471839,2.189479816591927,2.0701924273976124
gene_1155,1.2431462958711144,1.3520894805825237,1.2956032877320753,1.1556895727481256
gene_1156,1.3913605884687112,1.2943670986267088,1.2260237482167267,1.2670839607412072
gene_1157,1.1899634436484718,1.1733123715415372,1.3403259990655947,1.2694204500028803
gene_1158,1.35066127945643,1.3232905473689758,1.2873893464822757,1.3305233968822954
gene_1159,1.2612088688617156,1.2059121110577544,1.274277821374093,1.2534137835842074
gene_1160,1634.482288679105,1.7772110007224478,1.3377176634019372,2.0741135917624387
gene_1161,1.3557740662002529,1.7555473188013322,1.43760350519599,1.3664824344041913
gene_1162,1.345612122850125,1.329892175806642,1.521668762194964,1.2613561832340512
gene_1163,1.2846287132865222,1.288536619570035,1.2662640803315106,1.103148678711302
gene_1164,1.2116251351787186,1.7195855057815148,1.4384594720322155,1.2489983222653314
gene_1165,1.4007302109480944,1.2911840170874374,1.4772506532220655,1.3489869602000641
gene_1166,1.3357343753470157,1.424719776542729,1.3483885825680073,1.4221838099871245
gene_1167,1.5444312881112954,1.2946741999112454,1.4127711498690048,2.4937618487505446
gene_1168,1.3837634178287366,1.4285271333160812,1.5018142387628557,1.4486097396078323
gene_1169,2.129944519747518,2.359335210147757,1.8247674621012002,1.8630245649999626
gene_1170,1.702013298324349,1.5072096229361747,1.1837427710999924,1.2507027866328322
gene_1171,1.2002342537729365,1.402114083536097,1.234904232036509,1.285002555633185
gene_1172,1.8038587923665443,2.4198485040594107,244.04072195994044,1.8064802795432577
gene_1173,1.2455593885961638,1.3024463732586828,1.2901256538762529,1.4567283677178027
gene_1174,1.2712174407906622,1.2171942908108642,1.11715796475267,1.2619037094414418
gene_1175,1.446013495331672,1.2360796314460532,1.2468744833777308,1.1565437558404792
gene_1176,2.352251067648639,1.8018590240241747,1.5702023727120171,1.6558798025546067
gene_1177,1.813092193854447,2.190207889877634,1.6604691142276358,1.6708124856756144
gene_1178,1.5385734350109022,1.483059355458148,1.1527673042244284,1.2107184617427453
gene_1179,1.2993660554187882,1.1650238304759577,1.3324650595997258,1.3605549396398742
gene_1180,1.3992439101792216,1.5170553334590575,1.6788394385594458,1.7064709272365792
gene_1181,1.1925875729367297,1.4350975501901728,1.2169581567102665,1.1796966136293336
gene_1182,1.1739928385299163,1.3302234269171542,1.2943500126239675,1.1812544596254995
gene_1183,1.4356880233228027,1.584400297657692,1.658004240039886,1.337345845334489
gene_1184,1.2086651444145027,1.7300029087787951,1.5636318279238188,1.6530846800298347
gene_1185,1.2732369707781694,1.3223920234927726,1.1695406375075132,1.1930348197965728
gene_1186,1.3322252161306416,1.1795678154381937,1.276330140167366,1.292862111089631
gene_1187,1.3113779742139273,1.2418266061769634,1.5010348715282336,1.3493295710298865
gene_1188,1.3294714316631129,1.3344416839993904,1.266349793139956,1.0760125864852779
gene_1189,1.9671933194405615,2.821301016647971,2.990461616680122,1.6423378345507682
gene_1190,1.7854187820653507,1.6075129660037504,1.795463458655557,1.6963545075453648
gene_1191,1.2589512322477912,1.1717195345422746,1.1797383457018475,1.3200249821711374
gene_1192,1.800332002835224,1.7694101492085206,1.5861054333550304,1.3242453967205927
gene_1193,1.1201077166308502,1.3400258016223527,1.3199723464401136,1.133180158731169
gene_1194,1.190719571012544,1.2323562016049627,1.3279607376785967,1.213602580698699
gene_1195,1.3777362630091983,1.5956557794314454,1.5930885252094409,1.718051797389073
gene_1196,1.3529333912410602,1.3329795683944012,1.2816318747795505,1.3069130566424185
gene_1197,1.2578505051775015,1.4662498382341578,1.3608478065813645,1.4475179435212038
gene_1198,1.1350879929075872,1.2271863541995707,1.1515676808995052,1.1323686154792159
gene_1199,1.3441018792313293,1.2409944380866762,1.0913138692034312,1.2633495867375277
gene_1200,1.281056254505577,1.2954381152224321,1.4029954921805967,1.3414026718587058
gene_1201,1.351599465116085,1.8337180030074955,1.5372861028256515,1.5651930883441834
gene_1202,1.2589973945769526,1.1316973068155403,1.254258474028767,1.1397137201967569
gene_1203,1.2484562528805618,1.4815245662777652,2.203818095129392,1.2054657743460102
gene_1204,1.4178814482657147,1.4236868964673899,1.3312767728473323,1.3059503882742254
gene_1205,1.2857312794560196,1.2522998746992273,1.2416349642541777,1.3493861981611202
gene_1206,1.2948475036458602,1.306102509267932,1.1193232842539467,1.283732586408964
gene_1207,1.4660433095266059,1.2915528505095686,1.2842176330623032,1.1117596223711537
gene_1208,1.409797051091793,1.6431107539884264,1.415261654764173,1.1454687940701496
gene_1209,1.4558948894981671,1.2479238631453096,1.297761366529303,1.2671616316585634
gene_1210,1.188200737526419,1.2293307654180705,1.1488421544422767,1.3117943120756759
gene_1211,1.2952694561126803,1.2314323945784567,1.2945264511974401,1.4275540382842191
gene_1212,1.1944798016957585,1.1780260082319391,1.1640686121989094,1.229977270221409
gene_1213,1.398613804567158,220.71272687533485,1.5647661317392023,1.3060181286736858
gene_1214,1.16805535936993,1.266076694989521,1.305434282475707,1.3680841974217899
gene_1215,1.4826196148452166,1.5689154755617123,1.1941367565073666,1.2407035776033155
gene_1216,1.6753624987534168,1.3737987917010401,1.6680481088019987,1.5598938456582552
gene_1217,1.1421873163269363,1.203060327904829,1.2871013753634621,1.1991248404031467
gene_1218,1.478632591471174,1.647688872352761,2.1935693851079945,1.8089666929800685
gene_1219,1.5676070800024238,1.2014808320542365,1.299627495606224,1.2847048473802372
gene_1220,1.1701074237154656,1.2171299612101592,1.3839746498139538,1.5202519418511147
gene_1221,2.016335226434119,1.6073080819305587,1.408050214113714,1.3057009958132306
gene_1222,1.8781300981014746,1.55086522196984,1.3865745616696177,1.4862669234461858
gene_1223,1.7151600088113992,1.2146132421857714,1.325768792671417,1.3274751561011129
gene_1224,1.7162670801981057,2.034741333626155,1.3853181782175823,1.2036096879192488
gene_1225,1.2509066186025795,1.4663174181136025,1.1902591541225995,1.3860317611784125
gene_1226,1.5075114667001634,1.328167577154104,1.169385941128724,1.4445230578913717
gene_1227,1.4249833563616294,1.2665230622292745,1.192754220689243,1.1759803139211977
gene_1228,1.289186216595764,1.329601731897209,1.3157963751704502,1.191647828060856
gene_1229,1.2510414718707765,1.3469141330021062,1.400987742435722,1.2877470858667073
gene_1230,1.1358224845280531,1.343620652584774,1.3089259023153306,1.3798782501769673
gene_1231,1.2282419191613616,1.39932668028425,1.341847900347956,1.222745686640194
gene_1232,1.278505815129116,1.2820053253411616,1.3725365059837704,1.3625730485264562
gene_1233,1.3652696722149127,1.3315171844777798,1.4389956110939006,1.6088031217851848
gene_1234,1.3764562262326074,1.3386877770089038,1.5674520263296012,1.4309086794322277
gene_1235,1.2466298357507934,1.3637323777742456,1.3362297428168268,1.2550373091180203
gene_1236,1.6603524051903227,1.6875428936554833,1.6552231406449078,1.3002486904283679
gene_1237,1.2220465061075896,1.1441023069890845,1.2318224957175046,1.4235200375055503
gene_1238,1.4244192567186789,1.4351245884444623,1.6508788027291712,1.4436123506181502
gene_1239,2.1282530457906863,1.3307671082902597,1.2389711703397872,1.205877842226231
gene_1240,1.5496824004252931,1.5840261753968505,1.95645298162445,1.5449449723027673
gene_1241,1.5857531083688994,4695.660794602391,1.7564412681977546,1.6661860919891414
gene_1242,1.9262784678908003,2.0171319737092683,1.4449048386488366,1.6849966389036957
gene_1243,1.4791970699049466,1.484044488201597,1.4156781149922444,1.47437670764236
gene_1244,1.5359372908160474,2.523553034739278,1.573620662370049,1.2228223474544095
gene_1245,1.253226158564404,1.5332342005783688,1.3832690736837596,1.4573054213610364
gene_1246,1.2021998382848598,1.2469741353964707,1.297878987475784,1.1326333737663286
gene_1247,1.3328971301854111,1.1739205138111661,1.181655401765943,1.2147916593694528
gene_1248,1.4529581337226436,1.2134546035251799,1.361279713322658,1.2254237528704692
gene_1249,1.163264358087888,1.190103766775853,1.2840458931284906,1.2953711378055524
gene_1250,2.011818453695389,1.2657914220262099,1.5969185880904333,222.2753844044267
gene_1251,1.4745934025314489,1.5726361390074022,1.2554053591444667,1.3362408102559051
gene_1252,1.4482348998968595,1.2326942043452638,1.0720719094126052,1.2066661911370986
gene_1253,1.3840243662802052,1.495444557209539,1.2726651842921122,1.2250593113922974
gene_1254,1.4992804141577116,1.3418648884513216,1.371867745678235,1.2278538604748381
gene_1255,1.8153181305264434,1.6595440653249318,2.6156170596724015,1.5375208632818032
gene_1256,1.213906772458147,1.1541101954313808,1.2403645161412147,1.4125171399345016
gene_1257,1.2095762285105731,1.2067012549269023,1.207290755141895,1.206131776153229
gene_1258,1.4740826922702754,1.4437696223388594,1.3494205837242614,1.3109978904637891
gene_1259,1.1901692589696897,1.273472515680092,1.2069596429962466,1.2552420578535544
gene_1260,1.6282372931402171,193.7117505993733,1.877048346004996,1.5257035177231935
gene_1261,1.0850913238482836,1.1418903282231812,1.4219717755808332,1.2887744554910951
gene_1262,1.168406047539816,1.1595182274846654,1.2822350182359263,1.3166968749796595
gene_1263,1.6564010524700585,1.5259561572512965,1.2197106973101974,1.3035461331216367
gene_1264,1.3207273932079644,1.513727403431586,1.5551897659946474,1.402545837924898
gene_1265,1.7134175252413317,1.3712567169008545,1.2885505867444624,1.084549199712823
gene_1266,1.3029580771495972,1.3422656270756137,1.1474994031699999,1.2101292335509886
gene_1267,1.4398223062231987,1.4729689136251831,1.2982819086579818,1.4024156243965284
gene_1268,1.5885009572914082,1.3808625896048483,1.622645887409676,1.3593344127920186
gene_1269,1.7535716973570348,2.4814837662495073,1.6173087180184602,1.3499048777560179
gene_1270,1.468886287930394,1.4881615318750776,1.234539688551674,1.2303911667795817
gene_1271,1.3115509290110337,1.1373043308957838,1.1942153976786736,1.1199100273104179
gene_1272,1.7974681192453108,2.722364768143815,2.0791708253920795,1.77278662195916
gene_1273,1.5846290806370238,1.276373787438886,1.212431904847099,1.3244576092631037
gene_1274,1.898873762470683,2.0089343332664993,1.5345877300126975,1.6775698562297954
gene_1275,1.9281963607121095,1.5319976885296196,1.3307278582367204,1.5291919520099455
gene_1276,1.3956289706671074,1.2750454468536143,1.2769849847331667,1.3848041079512559
gene_1277,1.4232043780703967,1.3223541428242076,1.2180135788896347,1.4977900121333168
gene_1278,1.3309678146204165,1.3920276295250926,1.5176418401201446,1.3702638369024671
gene_1279,1.2477662909205578,1.2488074225903811,1.2980256790228106,1.2130556578943923
gene_1280,1.2494705237847248,1.3971105249846747,1.3075529113768272,1.2063682980583266
gene_1281,2.072781126620042,1.425615496595343,1.6690324008594575,1.3906934121970578
gene_1282,1.2629537786673644,1.2438133731191952,1.1195307652642075,1.251881947569195
gene_1283,1.5571177922045971,1.794951440754875,1.582261043131394,1.8082889867082172
gene_1284,2.039346135024589,1.392963550848563,1.303603277026284,1.2567359534330615
gene_1285,1.3596498086962034,1.62758901567213,1.3302553501996803,1.4983061695848445
gene_1286,1.8724711655981796,1.6008692781746532,1.2498940449383138,1.7064300119650617
gene_1287,1.4812938639000501,1.5311519923423789,2.079355655628427,1.4235501077865653
gene_1288,1.5658320416907296,1.2828435181412987,1.235270678189256,1.3827553661607916
gene_1289,1.3371947819452648,1.270313071053324,1.53125885007843,1.3589159706876686
gene_1290,1.5223182586814668,1.5616262325043493,1.5404502577541173,1.217223102152422
gene_1291,1.4769060472962308,1.6258376273205344,1.291354297143877,1.7337408616874326
gene_1292,1.3694679758892234,1.2117085476156138,1.2921364661423955,1.1865484939418873
gene_1293,1.3012313917364644,1.3751065593327092,1.1961001234216602,1.2540186143321492
gene_1294,1.5189496060291037,1.3152648351971,1.293639490228059,1.2070387965106002
gene_1295,1.2793978681666665,1.1051818280587609,1.1427941463507791,1.2252525200068027
gene_1296,1.6079375301226924,1.4944915072143716,1.676952728259865,1.1612944301875268
gene_1297,1.352263608230134,1.760158582724257,1.2941622417275034,1.4301708832129727
gene_1298,1.1709878216027896,1.441401584934563,1.5111863886571328,1.2607132598105155
gene_1299,1.3176153248875526,1.187539501897748,1.3653019600209548,1.2276913501779994
gene_1300,1.323314024086118,1.2984650093137295,1.148067940769977,1.1804030487345658
gene_1301,1.5049853153206503,1.3426220692485806,1.460341392594536,1.2640840037404588
gene_1302,1.5108747395271716,1.5250981416005087,1.1566522678405133,1.1655559143288015
gene_1303,1.3189016154659272,1.6503658738905396,1.262177931238105,1.1962633408036243
gene_1304,1.231725403005255,1.4205158833607152,1.2723463709396703,1.2164212534160246
gene_1305,1.776335941209376,1.358636883889458,1.5534015848729916,1.5954520895219457
gene_1306,1.3567517738965373,1.2270727158988934,2.0062919894468987,1.5655838231047128
gene_1307,1.4280187037719354,201.62789675762065,1.6678875240966287,2.0744022832692197
gene_1308,1.411519806636878,1.2164063508617944,1.1935005322661518,1.2020659257297588
gene_1309,1.6996817414820837,1.1276741999238864,1.2406470888571053,1.3904442086417033
gene_1310,1.2453964283132597,1.3232201296699437,1.4181189123828297,1.2535847067088417
gene_1311,1.540470497314389,1.2109593635492064,1.1906953770020774,1.4118563408862816
gene_1312,1.1885074339536381,1.2758766502835595,1.2370465368212682,1.2302194506443946
gene_1313,1.4140277682159867,1.3095265432031078,1.4754952443441434,1.41422230553289
gene_1314,1.4143751398135957,1.321099978224498,1.3786222138776738,1.3033775895785724
gene_1315,1.3008213914271451,1.1920705275274581,1.1641630704041508,1.1522557531106494
gene_1316,1.3679546188243628,1.7041431622780017,1.2133184769432415,1.220263961816955
gene_1317,1.1752304567836467,1.2791119028223954,1.2427901433679651,1.2602216507605748
gene_1318,1.4755579720273364,1.441530581554526,1.3587718604949706,1.1818500010415787
gene_1319,1.2288584213233478,1.3374143381118355,1.2344833240820223,1.181713565495295
gene_1320,1.3084717183908112,1.7332382080549036,1.5639814353469002,1.258415784451188
gene_1321,1.288273789008222,1.213819610038413,1.599541367190577,1.4060339908799657
gene_1322,1.5032264227142451,1.4369343817725704,1.1902555400045318,1.3369388509762716
gene_1323,1.3910022295834854,1.2693622302098349,1.414445560348471,1.5160601530472388
gene_1324,1.4741370303755503,1.4275615038335756,1.480775889717525,1.613936256261897
gene_1325,1.674162888361595,2.5064321569695727,1.976036766726161,1.7227666993990858
gene_1326,1.4213817326354563,1.4837825429554907,1.143067646793126,1.2721304965757652
gene_1327,1.29159388795858,1.1713488976749777,1.3182177329139542,1.3714179380803195
gene_1328,1.1384827682733385,1.2720616724823954,1.2462568529709726,1.218981747004016
gene_1329,1.703541530081596,1.5065483397496282,1.417760836873392,1.3016582216168993
gene_1330,1.4614041354973641,1.6078965079041112,1.2710387628469917,1.3594168607122634
gene_1331,1.6130257308824572,1.3762855219221934,2.308675351600419,1.4548815886268565
gene_1332,1.2326096016063808,1.206354451220487,1.1816247082676585,1.1849878343594822
gene_1333,1.168723810723468,1.285129676508323,1.2637214412984061,1.3529606005177883
gene_1334,1.258185176656696,1.6619275494359536,1.1860294411233068,1.3105360981343535
gene_1335,2.1112560073564444,1.6973440883163073,1.5563861703518584,249.0474045918406
gene_1336,2.325433387488241,1.5160507128958391,1.9245594618303263,1.5574128708717985
gene_1337,1.3031114822178407,1.3228526755278653,1.297876255911952,1.1995343615037917
gene_1338,1.6738360085292951,1.7858334693169966,1.380051175638436,1.6126612267291922
gene_1339,1.280740361584653,1.6164568532378203,1.3000201827180693,1.129334484995959
gene_1340,1.211353637523367,1.268747417587158,1.187833604481941,1.1959449391046337
gene_1341,1.430633792874484,1.1690495541978478,1.4691320818075964,1.4912572761009095
gene_1342,1.3276739421290396,1.4621635804637323,1.3753652545134218,1.3632061065653
gene_1343,1.4207617834438155,1.1549423330284887,1.4837833151136828,1.2449265832721201
gene_1344,1.2821922082574633,1.2523380991996251,1.13571326167524,1.2350717066177823
gene_1345,1.3161896287773691,1.2864135707878939,1.206371034384152,1.1777161347137155
gene_1346,1.3682200168199465,1.2830985990906631,1.3242306764929594,1.20842119294053
gene_1347,1.4844452583796608,1.360502570716495,1.4265416487485325,1.351777751511985
gene_1348,1.3415446013107946,1.1799270730787461,1.3878792269805629,1.1461924718542371
gene_1349,2.0420906871650213,1.3514889690101886,1.815637739751361,1.8801618129359061
gene_1350,1.463760663355145,1.3778936844238834,1.181035494416207,1.392840058082683
gene_1351,1.6561288050599792,1.9974562121809154,2.100411045465811,1.4561239405868809
gene_1352,1.5522950517155736,1.1762707358434878,1.2636512727147313,1.2763049666019528
gene_1353,1.5641178479746791,1.9600391167235733,1.8067252821206843,215.06043696902577
gene_1354,1.2403056027283756,1.3481398599880516,1.3447571358633572,1.269657756833299
gene_1355,1.4324306446721895,1.5066295536657663,1.2583906229067068,1.6797726757331013
gene_1356,1.5802675262908024,1.5455011107691745,1.8899458478317952,1.1624046467236933
gene_1357,1.473139743805839,1.4144544056689825,1.4735309120672506,1.2843808488218502
gene_1358,1.4727487736520022,1.2878631849949136,1.2387451414879727,1.235453406933622
gene_1359,1.359678537625887,1.5997537648037106,1.861811194091914,1.3198187745472176
gene_1360,1.1701540526856489,1.1210251805489182,1.257382667672093,1.225297598393032
gene_1361,1.463057771682739,1.6238353727970958,1.4286898819835916,1.3846317944982638
gene_1362,1.4300018181944398,1.2955829165687325,1.1924614498761366,1.2894093235008601
gene_1363,1.261226732492955,1.7919381448749316,1.6137353419503144,1.4769088050631736
gene_1364,2.095559299500767,1.8578140275299624,1.8107922858019119,1.6222868241743318
gene_1365,1.5629733950250597,1.3014287231593558,1.294790957308221,1.6342119177608607
gene_1366,1.549354552174195,1.3465166182801485,1.2661446542864392,1.4117551443883478
gene_1367,1.2112521217674865,1.1495839942048567,1.4554642008089789,1.1026881005815392
gene_1368,1.6704028150895152,1.46091987189953,1.3621344594467946,1.1965114789672042
gene_1369,1.6909087381982346,2.3214939652359727,1.2421310859225325,1.3132503527714883
gene_1370,1.5474748559269351,1.7777696847961035,1.4397646216606197,1.5303413743274057
gene_1371,1.1869278632244302,1.3883170244331429,1.289761225307895,1.6933193644792983
gene_1372,1.122408930006794,1.3186485519197153,1.3099280267880273,1.5422522053869607
gene_1373,1.2750643819470682,1.558788955680611,1.1779442598844365,1.1313640933833187
gene_1374,1.4768280900703448,1.3970229133509489,1.9747450181056512,1.5616196218806437
gene_1375,1.9950866771375,1.4441040890399437,1.4164531059177248,1.3706078411294886
gene_1376,1.1235818386337566,1.2236690766792704,1.1313783154665706,1.2340828273593858
gene_1377,1.224609360809031,1.4077865747731895,1.3597421960611489,1.2391529630686142
gene_1378,1.5253270339616054,1.5527819692452771,1.9794405501931274,1.587891500099805
gene_1379,1.7734056895138222,2.033560800250027,1.5100650945313119,1.5167093200194322
gene_1380,1.382547066652525,1.4545169427085134,1.9209663131774446,1.2398414772567272
gene_1381,1.4565619957199434,1.564301869071412,1.3510203605319535,1.1851748313444765
gene_1382,1.4463485911095684,1.346544904493294,1.4778416196128799,1.217282223420825
gene_1383,1.8936851271252264,1.4868754083362627,1.6550235851212518,2.4620982935088565
gene_1384,1.428112676355293,1.4303624302201812,1.3558407077465509,2.3668639350455574
gene_1385,1.3744454615120496,1.3431737813484201,1.3491641760135735,1.3742597839813568
gene_1386,2.0679512538128058,1.4587385705333806,1.2502798513329376,2.066765194891628
gene_1387,1.4593376601966852,1.7770595855411107,1.7438445271155083,237.85870880074185
gene_1388,1.3972120100111087,1.235050247447616,1.4995746367212193,1.6094724750065639
gene_1389,1.3253592355167931,1.3052168766436452,1.316962131585176,1.2597427174981233
gene_1390,1.2243800817668584,1.4080646441817695,1.5223347758973091,1.239157668134746
gene_1391,1.4413678945841029,1.3837576457185108,1.37609387179552,1.3324673041481316
gene_1392,1.2977864767145901,1.2273698772037307,1.682812396185679,1.269963989078789
gene_1393,1.383525437962589,1.3515136577176383,1.6794537800027038,1.4645987917046956
gene_1394,1.5481599766415353,1.708599725754151,1.4984230713504287,1.400425953397975
gene_1395,1.2377577311728296,1.2501990171677835,1.2040534128091283,1.266111823278227
gene_1396,1.2197961431425062,1.2214729934097857,1.2705029999352124,1.247184576058672
gene_1397,1.5451150744888447,1.7129129967617005,1.1747951698449643,1.6402768950540552
gene_1398,1.2251003225493333,1.2622996102267463,1.1133710259043335,1.1852242241514213
gene_1399,1.3444445133654652,1.2148877272045528,1.4164149458400137,1.2004014133419323
gene_1400,1.3299269030842722,1.2872635335994995,1.2776986152253735,1.3240414886676277
gene_1401,1.587500759719687,1.5330412477630406,1.2950068349400452,1.3186745742725896
gene_1402,1.1413833727917109,1.4682837957119794,1.2228404627006269,1.3283613150291227
gene_1403,1.6142280963872278,1.4014676045789327,1.3944247685290156,1.2755308580330726
gene_1404,1.3573506511648281,2.4229798323709715,1.438511015996073,1.1907315012794764
gene_1405,1.5388095204927383,1130.5930305621353,1.684897189080055,1.5541944751498447
gene_1406,1.209807442317071,1.255344357111317,1.1509674525357732,1.3391315640777897
gene_1407,1.5299196333611698,1.5816035286338357,1.2706684191817885,2.1284578314279563
gene_1408,1.227169715561962,1.5206451615576777,1.1103163679097279,1.3386608840833463
gene_1409,1.4274520845422871,1.873643725985076,1.5086955490867648,1.5109038726659787
gene_1410,1.824998959483392,1.3451407080330764,1.5743060354975609,1.786526905076242
gene_1411,1.145352119873074,1.3296917400638792,1.2002149270095432,1.2668229799328325
gene_1412,1.5084610270001517,2.2877920539690506,1.612027790200739,1.4880623339558137
gene_1413,2.063180013892141,1.446319771530495,1.3594625155038567,1.2455566929238113
gene_1414,1.267504933397237,1.4991916158822347,1.3348051811032888,1.2513233263279042
gene_1415,1.4095800528367888,1.2978801634029873,1.3290087128406256,1.7054369541640135
gene_1416,1.4131291979937528,1.3097036761571488,1.4871205895199795,1.8046281945771878
gene_1417,1.2757771683131787,1.6908706002436407,1.408302642057941,1.4453466539864421
gene_1418,1.2058439196793564,1.3021719809791954,1.3101585536197693,1.4992517009724837
gene_1419,1.5692551982335146,1.2264610082162557,1.2404859224101372,1.5303270173761419
gene_1420,1.2951261915114556,1.3726654925632884,2.3286502897556787,1.4675866728801334
gene_1421,1.2452996190496028,1.466439834038682,1.2771579994881215,1.3246618921856903
gene_1422,1.5095055428074444,1.3016609688139478,1.5958613270439435,1.246939823212519
gene_1423,1.2317895933032446,1.6498703216047044,1.380490174841107,1.1677245218307284
gene_1424,1.4003489650086611,1.696860817665971,1.339134061247106,1.1391217013720552
gene_1425,1.4475983526066194,2.0072174963329465,1.441466994243943,1.2633549145546723
gene_1426,1.2488913413656144,1.3009479069574341,1.1923194118776648,1.2370425506344236
gene_1427,1.486058803187981,1.5517690682979697,1.4777596906651844,1.9184979517666962
gene_1428,1.5612829272328739,1.4037281419295116,1.3843541585648365,1.2709566670835608
gene_1429,1.7857093560360862,1.4399206523713517,1.4112301262126676,1.5701910555820529
gene_1430,1.408474619509685,1.6530264443993565,1.1693162119368188,1.4364422124719667
gene_1431,1.6103926537689381,1.1168267702381707,1.2550639626533846,1.3625248381170694
gene_1432,1.5821518238170285,1.3740492220316007,1.4073385880588791,1.9709709044847807
gene_1433,1.3667411816103008,1.345717259920578,1.2543115626080008,1.1996762364653175
gene_1434,1.3991570955099455,1.2245226787218855,1.473655114887303,1.4898113495087242
gene_1435,1.3397700114481688,1.225137012845365,1.2333597440715018,1.211135316759841
gene_1436,2.409716305235989,1.3407607858553359,1.2999414784808867,1.3104453122212891
gene_1437,1.4330528381585235,1.4211509800168256,1.175466304232609,1.2583856272165006
gene_1438,1.583694617320496,1.3847180589962405,1.3927557295938116,1.4163211476106123
gene_1439,1.3850623498826202,1.2042435666409295,1.3359325210992097,1.7002347154498547
gene_1440,1.7778114100279216,1.317114620937668,1.3757060996619415,1.2435523838688152
gene_1441,1.471205305908189,2.9823674540577736,1.676396771037173,2.0446895974875003
gene_1442,1.5533146477647426,1.498201437226077,1.1881004778735735,1.2419416777454062
gene_1443,218.31749240703508,1.9717844539527372,2.3375403665729486,1.3808175565883851
gene_1444,1.1826780397517243,1.300447637912696,1.2701071195219034,1.361925919423583
gene_1445,1.4795304452855638,1.2810845635066865,1.3248027442152503,1.3354450447979231
gene_1446,1.9283763397442135,1.2795005553854595,1.3340510913010113,1.2671970547669362
gene_1447,1.3699739311914942,1.4934798077489893,1.275051646987709,1.489307734550727
gene_1448,1.2194533237169844,1.366080867392618,1.1595115702176344,1.4069945327353133
gene_1449,1.2307229083746547,1.1372619559837187,1.2984962663691648,1.5182001014290132
gene_1450,2.9448566443314563,1468.4267129431184,2.0257908684764687,1.3571508071029605
gene_1451,1.2475576835609814,1.2793779716530675,1.5523422996876264,1.1606542815027103
gene_1452,1.2925074478003558,1.1441171382432016,1.6486508302400649,2.2177542536525356
gene_1453,1.311414392376961,1.935873604963241,2.339972133814554,1.269286607207835
gene_1454,2.040275236790061,1.5222527137448347,1.5719028757083053,1.238629956029288
gene_1455,1.5053209698949108,1.2759950205279436,1.1772919266612072,1.404474158166962
gene_1456,1.5371180431806124,1.6034268300230898,1.272382157118019,1.5106722183879486
gene_1457,1.2044962793048886,1.2340289994951215,1.5486508741848906,1.8447645949728886
gene_1458,209.77984024538782,2.1368520595401517,1.4912926798192738,1.4566658015454292
gene_1459,1.3032419843481982,1.1604499375756245,1.1663570069266695,1.1542559450622654
gene_1460,1.3513660752885877,1.2794012744982524,1.1243873907152666,1.3642517542024628
gene_1461,1.67347879831897,1.6376956485450012,1.592696838924116,1.5387616681838105
gene_1462,1.191280699311729,1.329314184397871,1.3094809270380035,1.2857947432600376
gene_1463,1.3175582405542028,1.4277338839380487,1.3138324581361447,1.5485552793695239
gene_1464,1.2936343651968156,1.5424114472337696,1.5315848196307622,1.2393708259107001
gene_1465,1.353100059547615,1.2694601015320988,1.318294109506462,1.1521911309206592
gene_1466,1.4025519803507607,1.2468163842403674,1.3623142794260514,1.4991338628452036
gene_1467,1.2794609014491771,1.1674957184334815,1.096421275938391,1.217589249485337
gene_1468,1.297568518245924,1.2870276619643275,1.1650359330508724,1.3765947184699863
gene_1469,1.5301908549561132,1.4554546633178174,2.2824089367765863,1.1666307047819813
gene_1470,1.6694500400302463,1.999431408621337,1.5752206436858305,1.561684158364114
gene_1471,1.5403268265391925,1.655936343003889,1.2234528113627492,1.4603165692153772
gene_1472,1.2162388279955028,1.260188831024011,1.1137791054126578,1.1206090775952673
gene_1473,1.482716827451489,1.4730869434092246,1.3432908702572595,2.153737092685165
gene_1474,1.5499511785804998,1.359336942084213,1.1638482091027722,1.3319487211405616
gene_1475,1.4588155172055666,1.5904979706800086,2.215671054398353,1.3624104530050618
gene_1476,1.2740316486437349,1.2143035001735414,1.136526973942431,1.2465641809719703
gene_1477,1.7216820681634655,1.2192016915063575,1.3854544593848281,1.1826557947567864
gene_1478,1.4830901273605546,2.8236337292294134,1.7540857560765044,238.91647503213733
gene_1479,1.2477430114999004,1.2820700910115137,1.371699958470543,1.4236980912291797
gene_1480,1.2105914780141904,1.1244223198728962,1.2738293628803667,1.6246077935570076
gene_1481,1.428355780919948,1.1192025025844927,1.2907133093665821,1.5449639982442136
gene_1482,1.5560279020544634,1.6306790002564429,1.374728508144191,1.4327439975319598
gene_1483,1.737615409186417,1.2003134371735749,1.5038208591554716,1.166159593077873
gene_1484,1.6691766397831094,1.560741167381968,1.5352844923672062,1.379740410190495
gene_1485,1.4411671426329626,1.2995094604309048,1.5580871460947479,1.3714192529556797
gene_1486,1.2938093513265922,1.2058989386754881,1.4349307388601538,1.269761093234853
gene_1487,1.2232575581433558,1.5649535952830522,1.3515916843808669,1.3711286159992597
gene_1488,1.4339907668887724,1.3496399291578758,1.8476752715016682,1.3369876078983787
gene_1489,1.621478047244601,2.3517497323658727,233.14076980907075,1.411100935575417
gene_1490,1.4511885465016343,1.9586502782717752,1.533442101349022,1.4051110971574434
gene_1491,1.1974815595355321,1.2431201513122743,1.3714042944230294,1.5096686157053467
gene_1492,1.2992839539480032,1.327665695003611,1.3468471961271946,1.3801377561020718
gene_1493,1.7294056435459635,1.2833334190241186,1.3150875705059513,1.6477878075308197
gene_1494,1.4886340953650319,2.047331422796545,1.685349870081992,2.3026459668592234
gene_1495,1.1751225064354718,1.3129352423714555,1.1477291153485414,1.1969828016612438
gene_1496,1.582716552487553,1.1163261232374881,1.1910026731941876,1.2597840018208082
gene_1497,1.241830360484355,1.4407154343898003,1.1721663064392174,1.1795093989566905
gene_1498,1.5796409162496419,1.3092043051627071,1.3513492655356911,1.5750935488213489
gene_1499,1.5614076342681737,1.4493149156060374,1.7563897927867607,1.5829962360387784
gene_1500,1.193220734463402,1.3555307233144334,1.4327600733633907,1.4375458881856757
gene_1501,1.5717132641414238,1.3997572501895252,1.3634535890162074,1.6108483389420158
gene_1502,1.809308984063394,1.5186272857369856,1.7602190625282652,1.248160599784234
gene_1503,1.77892814540881,1.2462335818764025,2.632158637827167,202.41037019564124
gene_1504,1.205954695460286,1.447186316415307,1.8004646274415685,1.7203531003284462
gene_1505,1.2060493146431113,1.7806024149262794,1.5616077886747948,1.3072025973508221
gene_1506,1.3982264441094605,1.2527773755227645,1.358320287459799,1.1230584450793872
gene_1507,1.3060432338729326,1.147199324847692,1.981616732769849,1.6970038848172404
gene_1508,1.3616603100222575,1.300687683342032,1.2554995617880145,1.2195058183784289
gene_1509,1.5903165963126111,1.3926064035670025,1.162114811046699,1.2878771902668165
gene_1510,1.9014417027062847,1.3078037675102046,1.2404336677820451,1.4592266659607651
gene_1511,1.4226020219377322,1.4631748698942109,1.2913807119790142,1.3298590123097938
gene_1512,1.3983837481813493,1.2885846088711435,1.2629702569560288,1.2750403943447506
gene_1513,1.163039040825719,1.443119008747712,1.3491767295483588,1.4038457577622112
gene_1514,1.4359464675340468,1.3744632934566547,1.625712707711219,1.5532284507524319
gene_1515,1.3871422135254328,1.4209964221535556,1.3178808643220574,1.1493085302053938
gene_1516,1.3160884231846095,1.3694946636316132,1.4891649031325505,1.223521911817743
gene_1517,1.4554899608169458,1.3142709113144597,1.1091568822435571,1.1931937850342902
gene_1518,1.61616980190171,1.368055570339029,1.3635850285181486,1.349662150438953
gene_1519,1.1447177285376864,1.2479782551889003,1.1206937807794795,1.2885225854258844
gene_1520,1.2413070497635448,1.252061654295088,1.6365498205824733,1.3657456273627389
gene_1521,1.23056078203315,1.1957902617723346,1.2180410957564825,1.1532047408353063
gene_1522,1.5061311173130225,1.3999974774584918,1.288377592644467,1.2548638086406492
gene_1523,1.4546726013288338,1.841206688021207,2.3501081039032816,1.529723354036989
gene_1524,1.585788296076255,1.3211616500977612,1.369218003298797,1.134793223597899
gene_1525,1.0861964839008365,1.8076000997294424,1.2547382870564479,1.3721215928717814
gene_1526,1.4862049948558622,1.416186893544522,1.3587745787424785,1.2764068254904672
gene_1527,1.2016265028616975,1.1402042084697503,1.1525453095243605,1.1518882233195697
gene_1528,1.289385796737596,1.2822903859441723,1.350301153295805,1.2207565717425477
gene_1529,1.0958558778046301,1.2925804140842687,1.7744909096858696,1.1929135862962108
gene_1530,1.1641292316327363,1.8966243406227548,1.4371685958108047,1.217909855014433
gene_1531,1.1221731625921187,1.3619489907755407,1.2519675311697407,1.1475088197098873
gene_1532,1.1583206638715229,1.2260163527946422,1.1898341330086561,1.1903479395636292
gene_1533,1.5371791110639066,1.168998354578115,1.3143987019010261,1.5121242094642624
gene_1534,2.8782078124735655,1.6731798451980593,1.8631750610190354,2.5448705778066336
gene_1535,1.2450501798547928,1.3704184290121018,1.140127626301516,1.1424036424865778
gene_1536,1.4005157125491627,1.3280414452161835,1.2193956875257999,1.2066798662094211
gene_1537,2.2403671251748345,1.5382720919694532,2.2981403587231983,1.4547104309944923
gene_1538,1.2683453890626615,1.1136538888624474,1.244587028908089,1.2039538807828065
gene_1539,1.2677975023510861,2.413890958470487,1.5847449908658158,1.2491638358238417
gene_1540,1.2919073590815306,2.0827459244665687,1.4975361052603962,1.6088121535311806
gene_1541,1.158580465082567,1.177283734550872,1.3245351145171338,1.1481413029499532
gene_1542,1.434805763843072,1.3183608973499268,1.2505831577821407,1.3159830139631046
gene_1543,1.372768622296474,1.3492294944031653,1.3012280852032736,1.440644793501303
gene_1544,1.2859207030869484,1.4355073767382365,1.3860742525947818,1.4333227176741168
gene_1545,1.198675923425646,1.097051850161716,1.174006695559266,1.1867138477915167
gene_1546,1.1276989925468979,1.5242017648651667,1.1996732832154107,1.2161036152992764
gene_1547,1.1406484906734957,1.8498232959397551,1.8811258145412073,1.2518705428755452
gene_1548,1.4569797963568725,1.4265127721998718,1.2026746678475992,1.6006577801736648
gene_1549,1.4042073568893565,1.9109601561143315,1.2566032504501257,1.258972839520219
gene_1550,1.298226330876524,1.210197071535182,1.4115232601353147,1.3667424925383365
gene_1551,1.2972810736023894,1.392768764146112,1.2536940548260496,1.30674795882808
gene_1552,1.5293777449281558,1.351432494517132,1.2891799200785223,1.7129175816980777
gene_1553,1.260587284424239,1.298216073115289,1.225147587843206,1.2856208570401504
gene_1554,1.3143770998218434,1.4853080202184932,1.1460270796255696,1.4175236124903847
gene_1555,1.3352664502821483,1.623511873252454,1.4331030760083296,1.4505283916550853
gene_1556,1.333583947361113,1.5818913877234375,1.3750219765910174,1.367915145368697
gene_1557,1.396650792670645,1.3775138463120637,1.302782190681915,1.2343100892198113
gene_1558,1.177746130046725,1.3291635697030313,1.2724683836900983,1.3375459387009212
gene_1559,1.5220581645581162,1.9069798659717445,1.4172530803991246,1.2844598589598035
gene_1560,1.2015982210040865,1.6003837679265884,1.807605258296825,1.3728344976190396
gene_1561,1.2223426766423369,1.2076630678445668,1.2942464006463585,1.5577556746937058
gene_1562,1.528486610756837,1.2224815849419146,1.1311357604312082,1.1502368879547922
gene_1563,1.163162791182316,1.5391274585278303,1.2627005436184848,1.1663594817268874
gene_1564,1.247152889980772,1.227298955065782,1.2601322578960585,1.3664006798536525
gene_1565,1.2661014452930497,1.420719505916579,1.233288963676192,1.3067900469429519
gene_1566,1.6356971420291246,1.3430793360323807,1.1748221720941607,1.3241483286351892
gene_1567,1.356524616482753,1.407600051839599,1.287080373932606,1.1788221549886997
gene_1568,2.03817073036982,1.3892587781928023,1.5402556303009203,1.4919335222432097
gene_1569,1.279577522672515,1.191856736837037,1.2651634276176615,1.2111511584333545
gene_1570,2.291855376018374,2.549557868252719,1.8739224453787455,1.9157228433261217
gene_1571,1.2630207297648852,1.4404929700583837,1.3571579999556378,1.3356669163613577
gene_1572,1.4069941659562566,1.243184044465516,1.3686417013784258,1.263400975519941
gene_1573,1.2084220278579063,1.307325823265722,1.1964667283617294,1.089826084808017
gene_1574,1.3563951821786935,1.299885401233192,1.529039808877963,1.3474842657432713
gene_1575,1.2916810144768132,1.2239770137737342,1.209325309362187,1.2179845727294993
gene_1576,1.2817708618621761,1.4757636001819519,1.354431095611985,1.2191554723442528
gene_1577,1.1336399340852155,1.5821475398236209,1.3402985049784615,1.9022037375021164
gene_1578,1.3521190446341413,2.208088675997393,1.660359417264335,1.5048812673440262
gene_1579,1.1746622040809918,1.6633894897536512,1.3624230149548069,1.1348820540733267
gene_1580,1.4360878856521215,1.1891271854593997,1.1350835194204107,1.2070458707103657
gene_1581,1.1462909043711649,1.2131843887031293,1.1367302540574997,1.3039673381977748
gene_1582,1.2016831801417711,1.4368350445518274,1.3985059465151033,1.21567739757545
gene_1583,1.2694859988657685,1.3057428312949086,1.2729532357263658,1.2077442740242603
gene_1584,1.360262494083724,1.4316576975825417,1.3053005559261945,1.50353599509069
gene_1585,1.8369037253673992,1.3011555696909696,1.3273781960102777,1.465924918158675
gene_1586,1.246486989165172,1.2513496915611502,1.5152168882577983,1.2228280965713305
gene_1587,220.31497247058093,1415.3981524575781,1.7353309787634799,1.6283072238769822
gene_1588,1.7251101373757904,1.4758147673306095,1.885649615136807,2.254611836627687
gene_1589,1.2950601150746321,1.3183074522265412,1.222011596519217,1.1613558289908756
gene_1590,1.4698360885519268,2.5812389811751517,1.5773956801777484,1.2838432182442814
gene_1591,1.3622204460592178,1.5785625493898725,1.3560706834270235,1.3368240828940967
gene_1592,1.2675920048206053,1.2672564659407506,1.3979027961175217,1.2787442252134371
gene_1593,1.3156180525865078,1.5228257994690333,1.2211291564310802,1.3638857748448419
gene_1594,1.235162979279306,1.1662128160658236,1.2567627346587285,1.1674542805065207
gene_1595,1.6647254827970113,1.2592638818196857,1.5144317888569951,1.6182930789755026
gene_1596,1.6040740937652866,1.2554776214931787,1.4262876783463836,1.447782242408258
gene_1597,2.1330272245213546,1.467996304815943,1.2711086650104948,1.247839982276353
gene_1598,1.3130067343610266,1.258619018712948,1.3575730385779143,1.9741716005183985
gene_1599,1.5056150080478552,1.5529954986046797,1.6113267991495301,1.5238465784063935
gene_1600,1.232204676401365,1.2617340994452237,1.1425022083445238,1.13694924251565
gene_1601,1.3696631617559556,1.218571533522498,1.1669984719440825,1.1371862092617206
gene_1602,1.456719798693498,1.5265563741252912,1.1594715214686906,1.1332435898662203
gene_1603,1.319167870073065,1.3810788644431133,1.2499080778301044,1.3172532345537005
gene_1604,1.4302691220569308,1.3856710546896425,1.390863358481699,1.1977159243151034
gene_1605,2.0961289173094135,1.8633149081299676,1.479289550599645,1.2767529265025468
gene_1606,1.8976486712128326,1.5260107546739072,1.2752033539686372,1.5482510106444423
gene_1607,1.389611920789687,1.2696947978244657,1.5118571670908008,1.3982268804511078
gene_1608,1.671066400085351,1.421816337735167,1.484923560690214,1.340087651321642
gene_1609,1.231040285608406,1.2452205504769656,1.1563557090792382,1.3107590645112377
gene_1610,1.5191250231069766,1.6802035148039658,1.281412970646072,1.2210491673585693
gene_1611,1.256103306929404,1.1046759552422862,1.2933974922720286,1.1597145678856449
gene_1612,1.184262058883602,1.2094295900223664,1.1324756143037198,1.0907699222513818
gene_1613,1.2519075674583986,1.3386353132525968,1.3653114993113984,1.2133902052780194
gene_1614,1.3692121433562792,2.0379923141076386,1.539541498390694,1.143396354917521
gene_1615,1.5363323262755142,1.208757162810312,1.2577609449429659,1.3590272513808304
gene_1616,1.445093583746943,1.1096971464221899,1.2344516823986167,1.4450676551494883
gene_1617,1.9403874611401217,1.3804123735404226,1.3900816075195954,1.326428995634634
gene_1618,1.6804041110130972,1.4221556664040704,1.6507356461176845,1.8673930919317014
gene_1619,1.478472706791829,1.194912978073273,1.2047332488489522,1.166255270964945
gene_1620,1.5311816997893213,1.7540179957930442,1.3189994755351977,1.2300991155384946
gene_1621,1.2834892560350228,1.1600169308973147,1.7798383489888774,1.1991773182543888
gene_1622,1.2522099680982004,1.231721237054483,1.1971403954251758,1.2205168653206833
gene_1623,1.7734054743241097,1.9425608848812184,2.175707864904924,1.4668102021962894
gene_1624,1.3413087102514305,1.2724736822143825,1.2102411594745335,1.4019171199172313
gene_1625,1.717235035362249,1.1562411648492574,1.5520077357679138,1.3177055038185013
gene_1626,1.9328768902468592,1.7639934067795855,1.2424281020605261,1.3456742789849732
gene_1627,1.565910661076321,1.4559913172166559,1.528767537074192,1.4960652133372763
gene_1628,1.328815431427651,1.5464005315467706,1.362047989567786,1.3862987561228934
gene_1629,1.1250974677315253,1.15223578352221,1.1213870433738222,1.203948296629469
gene_1630,1.2336903305844058,1.2182365825433006,1.327802665026494,1.286888445564529
gene_1631,1.1999294230957822,1.1963192069433748,1.1519284241302434,1.2738124882989947
gene_1632,1.1742869996068674,1.223879984918018,1.248053828635262,1.2225100923229248
gene_1633,1.472169644712509,1.4123922472545916,1.428720535472139,1.3912833316639561
gene_1634,1.415615928239274,1.649772376942593,2.434386779313324,1.5917243595253594
gene_1635,1.2485565896937214,1.2576679512948405,1.2946149286407165,1.1782768160166874
gene_1636,1.4927960272132526,1.329091128632986,1.341268386740487,1.1714606884570842
gene_1637,1385.0805396933868,1.897133924814014,1.391274553313322,1.2176195100523635
gene_1638,1.322343684200391,1.3392056910368981,1.179855690848314,1.4098184197785637
gene_1639,1.2331545945899853,1.292143296612223,1.4837105336850323,1.1825556999391176
gene_1640,1.3581041170820238,1.1049109144476377,1.1434622665969587,1.1464254587139158
gene_1641,1.2764621119009976,1.3990570742841586,1.2878578838371548,1.2822384839137628
gene_1642,202.60520599328922,1.259900229323567,1.1634002822130771,2.031321043493337
gene_1643,1.2474024696726103,1.3459297785164919,1.3309563591899696,1.2088595398677993
gene_1644,1.4008513302867351,1.97252827572417,1.3938585404787533,1.4592326593079135
gene_1645,1.3674669410569729,1.196335178657471,1.2814194099621443,1.3780459598456818
gene_1646,1.5867010502386019,1.4582532278069673,1.37735380295364,1.382859425152545
gene_1647,1.3592441409588365,1.2877105986607524,1.3770708984873572,1.3160049792089639
gene_1648,1.4229229741663376,1.1600261925639448,1.2955569172786907,1.2627671749590625
gene_1649,1.2579070452919203,1.3617803397816821,1.2902297279559245,1.669597584827738
gene_1650,1.3579552587077797,1.192364807930995,1.1648874711292787,1.1618537108784466
gene_1651,1.2717181343569248,1.2541676773677242,1.1142417468436476,1.1289628250810397
gene_1652,1.9554474822431276,1.4839709893680717,1.712495307556669,1.5316759623554197
gene_1653,1.722808315164325,2.128817889287576,1.4291206321272756,1.3904825708640831
gene_1654,1.3290663724568939,1.5872605284494457,1.1300998205569117,1.4694764069781172
gene_1655,1.670958932869635,1.5977507225117598,2.31147626685719,2.378267214521399
gene_1656,1.4147295597690868,1.2884778399900036,1.1869253089934577,1.6396662049983992
gene_1657,1.5157180290732746,1.212332673434509,1.2088865493129313,1.2336178480837239
gene_1658,1.2138465703541157,1.4240062090566312,1.1755573090758271,1.274807532982841
gene_1659,1.1763311167198296,1.276364794508902,1.2466599867796917,1.3251634555655292
gene_1660,1.6194298080507072,1.1166926274864986,1.1146602951131057,1.5022145752844238
gene_1661,1.2868274460690534,1.1619355183577842,1.1818826582511202,1.3963728239998585
gene_1662,1.5503423341523117,1.2865388577638293,1.8032738810488886,1.3978907613480158
gene_1663,1.2563665570298854,1.6232714669204502,1.524593261158614,1.5668847420352814
gene_1664,1.3396224757791744,1.3112311179387128,1.2892550978704913,1.1843444134710466
gene_1665,1.3056537108345379,1.4337134168248178,1.2481548231956345,1.4059436163380903
gene_1666,20557.952459496046,1.8298692230645552,1.432308361198597,1696.494898144245
gene_1667,1.3490800813545651,1.386519374673005,1.1461464494083573,1.543576503055313
gene_1668,1.7529386506039588,1467.2052739015212,1.395735570888213,1.4660246471110439
gene_1669,2.311963406753479,2.3335785459233978,1.360406138549719,1.4562404629290544
gene_1670,2.2211298351560824,1.7343571387825967,2.0051730422454908,1.3231254770311809
gene_1671,1.3899330568626866,1.4607825179245393,1.2838587114837416,1.186106100936924
gene_1672,1.2288520349292722,1.3044466969347825,1.1863064487045463,1.2332079094615895
gene_1673,1.534041700605981,1.2623657647078494,1.4863608054865307,1.427242426128135
gene_1674,1.5668404004363627,1.25257641108123,1.60542013019134,1.417969932521835
gene_1675,1.3750510115625272,1.220299786088025,1.395018560145935,1.4513739418947365
gene_1676,1.7845669304592728,1.3983113965383296,1.5103892696398333,1.386779733876526
gene_1677,1.809940416677936,1.4258037144935243,1.6730968055224262,1.3287646882051822
gene_1678,1.2959591024353725,1.3403264545274092,1.2060461339260167,1.227040266333332
gene_1679,1.4596047381555937,1.4436706764871958,1.2854256277486025,1.337333533253102
gene_1680,1.3167666998871232,1.252484138866593,1.5363411964156308,1.2925215019401317
gene_1681,1.4238893320289132,2.234810367428702,1.4490818908563448,1.433896239734786
gene_1682,1.706911261951297,1.41158850379372,3.313130447639241,1.2134361967904856
gene_1683,1.417003036508965,1.290693598889892,1.1674411710730848,1.126564361251421
gene_1684,1.2676360514213199,1.3497560469816505,1.2028078222711036,1.3316334307038764
gene_1685,1.3075967849386987,1.381789808127473,1.2912752677319128,1.3274420358091907
gene_1686,1.4667637101375235,1.3321272978545429,1.548998960039378,1.455602793748015
gene_1687,1.4826905360394484,1.5408138514199385,1.2048314599753933,1.4785596123409581
gene_1688,1.5578071985143669,1.2520403317780067,1.6216732633774404,1.24734162875446
gene_1689,2.773312814301353,2.4723725212029843,1.8632460228981642,1.5213249417708172
gene_1690,1.4345498527974951,1.348499076501912,2.110964102092807,1.354754859486687
gene_1691,1.5901104048158479,1.3760573797516582,1.3026015055121694,1.4574656586419048
gene_1692,1.4988437028783417,1.1995810035004006,1.1435945780658054,1.381259604969608
gene_1693,1.2659126691066862,1.304878213141658,1.274269695001088,1.4760945420023126
gene_1694,1.7855130584328445,1.2043937586084525,1.4033665497828418,1.3977142222781764
gene_1695,1.3819865373259757,1.4386462790677956,1.288684644295473,1.365197097108238
gene_1696,1.4058304018924992,1.1716226893106376,1.2996702095129116,1.343410175370337
gene_1697,1.2037075944291136,1.3273739514817595,1.2560217377500844,1.3126450376861019
gene_1698,1.393630284395068,1.266180501685906,1.2014549035759605,1.4350947277234203
gene_1699,1.4574583868126014,1.424449550275768,2.278641090928031,1.394264824868556
gene_1700,1.4073290500063103,1.365616202302212,1.3029042658568162,1.5289280770100042
gene_1701,1.597239535751015,1.357878776593965,1.506460807672735,1.3913232894216625
gene_1702,1.461671856575042,1.3920452264134637,1.2371511394412738,1.217382530147104
gene_1703,1.5102413309420675,1.4558341993099428,1.4406320551138982,1.7122540406697022
gene_1704,1.2968073297362883,1.2678432206981107,1.306099953771613,1.6570882583164832
gene_1705,1.398028931922996,1.37107113509632,1.4603697867960592,1.2440327428109834
gene_1706,2.161373715885624,1.932607182534362,1.489153220713746,1.168285030611726
gene_1707,1.2669933748961113,1.3303393895092863,1.7940950370845072,1.5487688815692875
gene_1708,1.85219639534395,1.982094345437123,1.4759837287395317,1.3611678899967272
gene_1709,1.5966049416033907,1.3820959809779125,1.4905530330142123,1.5983012588629206
gene_1710,1.436571496342547,1.5926358306506527,1.4137972902474247,1.9699126091477999
gene_1711,1.3697738057204987,1.4712092098100742,1.3234281715654133,1.5253492157478346
gene_1712,1.33918339795833,1.341537726550026,1.1391502328669252,1.2396936589914276
gene_1713,1.9100699624631114,1.2380376773242343,1.2897728223568645,1.4334126295327374
gene_1714,1.4517677110909328,1.1967878778240415,1.1386737590358347,1.2364532341017922
gene_1715,1.3681197198718384,1.2646761017935486,1.1117698652111492,1.3561988538343357
gene_1716,1.4861178572025855,1.142399660443918,1.3028846755872143,1.3974363843764854
gene_1717,1.1628521376503829,1.308438786206543,1.1289824611362236,1.1585694774850033
gene_1718,1.3146419747342153,1.2006377476966241,1.2346843375327263,1.2712808867381256
gene_1719,1.589781728363,1.5113300143702535,1.4503529507805808,1.5994314586646077
gene_1720,1.581048202415549,1.5246241400889549,1.701780758522216,2.4146651002092554
gene_1721,1.204556215873924,1.6326350964108967,1.2073495767528817,1.1633607049479573
gene_1722,1.8476669867999087,2.2090883728160633,1.3011233421486517,224.22713025768755
gene_1723,1.6106281738065882,1.6547384755492016,1.6125877462614244,1.301814013749478
gene_1724,2.453895216122036,1.402622228340496,1.2840439249551285,1.1776911828669163
gene_1725,1.519551666871942,1.5229167212675834,2.525444503814202,1.3465241926104063
gene_1726,1.3172206941611893,1.232052465232175,1.3754347612068119,1.2898938998658316
gene_1727,1.2497380158540108,1.4678940622180097,1.8225121609885797,1.3178942888729417
gene_1728,1.4301350456409903,1.2409343823105468,1.1362706435390864,1.2223455623574841
gene_1729,1.2804188316852476,1.3710767296538227,1.261119635580825,1.2661781126656397
gene_1730,1.9943248446907684,1.8621402975607368,1.354816394819424,1.2309448295383338
gene_1731,189.99401717358697,1.6187841980576014,1.3710956112299706,1.3707097632245837
gene_1732,1.1727842781559272,1.8397016726790456,1.4220778383465484,1.277784465561779
gene_1733,1.5987021117136577,2.1612500118538667,1.592351451040838,1.6790893190475393
gene_1734,1.4917527280977343,1.5784986322392807,1.6103415462389974,1.3350485638295044
gene_1735,1.727062012858101,1.8152204210045966,1.3850377754675136,1.8683067581245951
gene_1736,1.8428129588882636,1.7130401780092912,1.5449625262841193,1.994270036813008
gene_1737,1.3086286876433644,1.1779850151544111,1.3695747368076676,1.2217867113996042
gene_1738,1.316245407699533,1.2981909926424644,1.284853639674483,1.5042817566737516
gene_1739,1.2422237308261286,1.991675259296956,1.8128836560053985,1.6118444718062823
gene_1740,1.3251919741275335,1.196491315385853,1.2911222988386422,1.2813893707387538
gene_1741,1.1119626511769223,1.3045731918009,1.1193090536619392,1.1587282822108298
gene_1742,1.3955947299731981,1.7722970428948168,2.3386065723314213,1.6737712312254256
gene_1743,1.2112064494873889,1.175244726648054,1.1343566425191205,1.1550408558424514
gene_1744,1.9046684015855644,1.3778978854146113,1.6368252705754427,1.1823161337820498
gene_1745,1.6412309255188287,1.3724435690737848,1.2483835960550758,1.379574392245411
gene_1746,1.893401640007045,1.445809719344224,1.232141399153385,1.2705593979422563
gene_1747,1.311489792792514,213.79246835512268,1.6975865840080633,2.1556666889716007
gene_1748,1.4993229470627316,1.3053755305923058,1.0876688996183268,1.212547363861915
gene_1749,1.4486166876950344,1.4572076514910672,1.2815084078938925,1.4566415023629542
gene_1750,1.2256363379640776,1.3638133324185606,1.1785898261961048,1.203166419693479
gene_1751,1.32632462701945,1.3228922010719049,1.1860560297215583,1.2239636798956877
gene_1752,1.8522659408428814,1.4097685345207056,1.6165780453125906,2.005215498534572
gene_1753,1.5822620099293307,1.3946579859926356,1.4510517793493798,1.452223734088979
gene_1754,1.6649014404450937,1.565704916751196,1.2193149448088665,1.279349838519201
gene_1755,1.2793771560839287,1.2329565486660476,1.4276997707020571,1.152958298945263
gene_1756,1.5034556938335686,1.2743543350991449,1.2381273921804177,1.3949276719967565
gene_1757,1.3824918753958473,1.264556679138157,1.2195571731983108,1.1563815392725436
gene_1758,2.636966445858202,1.5148261186608476,1.3337610761923302,1.7619785310857943
gene_1759,1.7290916507542708,1.306808686670688,1.7996156213580117,1.4633688233067434
gene_1760,1.7872658403479547,1.3663382206293002,1.296706358281621,1.2623349037163314
gene_1761,1.2666128990524987,1.7926723648124085,1.1919379348009864,1.4599598907979734
gene_1762,1.2703325490473152,1.763793842745758,1.3120585435787795,1.5735498838978719
gene_1763,1.8140032591338813,1.5747255290231685,1.251494659645566,1.3039419122471754
gene_1764,1.4747903447340378,1.4066936241648387,1.3953207383321475,1.3073570246038984
gene_1765,1.3549807620486256,1.1877082245831578,1.3537958937838406,1.5178098519860657
gene_1766,1.338872662527816,1.6764308062208222,1.4329256978982585,1.45966913709708
gene_1767,1.7807905910506974,1.3859776816724079,2.0107875624553784,1.4692332609296896
gene_1768,1.9886600427396353,1.7699002398151165,1.2487725509257568,1.5066999358328943
gene_1769,1.480333974115311,1.66943201839292,1.2492219907691362,1.2681760077122106
gene_1770,1.2473198515934982,1.4476943660126587,1.3697949722840652,1.3379208052282703
gene_1771,1.4141355079172089,1.3191608350645845,1.3072654612388286,1.4448744673609142
gene_1772,1.3983082974364205,1.3310345742962315,1.399334677761401,1.4086704194757365
gene_1773,2.126008928816038,1.3082058804488288,1.4803767618159325,1.4792585849172952
gene_1774,1.27693383030091,1.3040319924214037,1.3731001350460552,1.5203929911452172
gene_1775,1.711778754373987,1.917860727273956,230.1291018890434,1.3125103842150743
gene_1776,1.4076590580053598,1.187407133084354,1.2098997756842558,1.1521096632167769
gene_1777,1.448698480130388,1.437212997786739,1.3326870483587487,1.2322064139619466
gene_1778,1.35635559148538,1.803313014588193,1.3148176442564568,1.3756099128020784
gene_1779,1.4715310558752424,1.418255000108467,1.598263519953641,1.1287255030093581
gene_1780,1.4117387234725913,1.4570839829458864,1.203872255432917,1.2478779749920825
gene_1781,1.8237266282647957,1.8758630340364955,1.4556591860659076,1.398319771088076
gene_1782,1.5782988435795637,1.680841358920033,1.8653633280739104,1.3368256583661629
gene_1783,1.297594133727056,1.4762649592926995,1.4102340713953292,1.5462866880986559
gene_1784,1.2226433010975297,1.4081054682601148,1.2905784798860311,1.448886652369719
gene_1785,1.7697455735629857,1.4538001512204808,1.4005992766885302,1.8135951493056064
gene_1786,1.2304848139821527,1.3761964309070156,1.1957416919472996,1.263291388563999
gene_1787,1.9106853852517498,1.890013129153494,1.7565744066605384,1.7126734175193412
gene_1788,1.3902050260609953,1.320754682744122,1.1852798328967349,1.2653409064029593
gene_1789,1.5309087737891562,1.307070701809335,1.2705302382075796,1.389608591196564
gene_1790,1.4256212863660847,2.4449386698375775,1.6480179710904135,1.2875705968002948
gene_1791,1.3070605706432041,1.2863411635698099,1.2521367243243153,1.1612402824600652
gene_1792,1.4579962796222188,1.236995261654872,1.259787580335314,1.2152581908432118
gene_1793,1.7372098852247895,1.4998965195727854,1.1698875985537731,1.2641557626639706
gene_1794,2.0211537396688914,1.801919170089702,1.7775410962437759,1.397445246698344
gene_1795,1.5719964442032237,1.394758152117377,1.4763961676398571,1.2124102435338708
gene_1796,1.3075226059432274,1.3650347077839633,1.5928925440986978,1.323185298947506
gene_1797,1.3478818621445703,1.243562914019357,1.279807703889676,1.2288434446424263
gene_1798,1.3036626747440312,1.72961213663896,1.3135865402631128,1.1157622364205255
gene_1799,1.6416661439127818,1.479516122285407,1.2344937130480245,1.4988840403669879
gene_1800,1.3863783330418382,1.4563047842714443,1.3869534809537745,1.5271715864351934
gene_1801,1.585811296218226,1.416147757965437,1.7567825960121977,1.3114214870423009
gene_1802,1.362955178847577,1.510964990199496,1.3175301614646646,1.2057645807478683
gene_1803,1.6339558285271205,1.2008271882817612,1.3776233825999273,1.2948501960749066
gene_1804,1.5585844412110053,1.4334922473488687,1.4407528631798618,1.286624627601278
gene_1805,1.3557714593540793,1.5691478828326415,1.4686676869272384,1.1958923020378722
gene_1806,1.1877934904488723,1.105602888529024,1.266863261403954,1.1338751883402296
gene_1807,1.3506635000978517,1.2033248706616886,1.1243267555232068,1.286521545625571
gene_1808,1.468222129614435,1.5118398563118567,1.810162518159643,1.2827512735556845
gene_1809,1.2704385574517447,1.2630016735154448,1.272754372200938,1.5331227302176367
gene_1810,1.2367216877177911,1.3205224008548069,1.2110182303527883,1.447516992183236
gene_1811,1.5797140046270237,1.415248425616595,1.7272901952868156,2.488756145640516
gene_1812,1.2890793035211214,1.348937133520123,1.6471310405735022,1.203571422383216
gene_1813,1.5834492350508798,1.2713106517150288,1.9481676500514031,1.313051823707541
gene_1814,1.2359726331951029,1.3468428383058393,1.511115316642912,1.3793591278070105
gene_1815,1.5511695138574826,1.3739062560342268,1.1444743880694794,1.595540355162881
gene_1816,1.4469683083344125,1.2560607801019246,1.6437924829559198,1.4021671491232457
gene_1817,1.2479804609940945,1.3611643417169148,1.1769065650808954,1.2682731282279447
gene_1818,1.370836743465465,2.3773555843523964,1.3911265497712924,1.235453885276737
gene_1819,1.861131262710179,1.5981848844321163,1.1389831651439193,1.2474656643874482
gene_1820,1.4345136823437508,1.2831022621616246,1.6301203098755137,1.5876126527211363
gene_1821,1.7166698814398025,1.9282508089049621,1.7466042409998799,1.6497326044738216
gene_1822,1.365610618919567,1.1361933403930609,1.187258309898698,1.2728150352337277
gene_1823,1.3052228135798873,1.4195088815793593,1.2845379972881428,1.4708539641544054
gene_1824,1.5676423200899627,1.6405147712384855,1.291504732502839,1.5390635947718994
gene_1825,2.05812944440034,1.6626153541016357,1.4017814960435533,1.4281970862529219
gene_1826,1.6385729667699298,1.406621318974799,1.3537541503256336,1.722939628894031
gene_1827,1.283083738802835,1.572068500681767,1.458742299346457,1.578805881033019
gene_1828,1.1107455656013565,1.1643509958674056,1.1035865453471294,1.0655690831832785
gene_1829,1.121802032940143,1.5391457803541613,1.272593055861733,1.173317558230119
gene_1830,1.6881075337002247,1.4109320217162997,1.5309700610202153,1.4597651410640857
gene_1831,1.4874774231050925,1.8184775746657547,1.2410853829006026,1.2988650959255112
gene_1832,1.3211391194420326,1.1552292390268886,1.342695670239289,1.2176100054812575
gene_1833,1.3263171040045134,1.7100442110791183,1.1501430720450312,1.6247946608516
gene_1834,1.4649971420403074,1.527276515269552,1.829242197398513,1.1755346223576033
gene_1835,1.3796735177711261,1.4973742943460628,1.5626528316833954,1.2855771529810107
gene_1836,1.228080445222075,1.3623138765513063,1.3305802226151116,1.3386529165640215
gene_1837,1.3281728315625487,1.2134780242495307,1.2018451198557458,1.185590435886954
gene_1838,1.821399982419447,1.2378584970196325,1.2914708784346571,1.2061791457579019
gene_1839,1.2985249634316802,1.2119389583480527,1.2620703418923889,1.3566637446139185
gene_1840,1.324071709992356,1.3164143704931714,1.2542232513791063,1.3634963504088076
gene_1841,1.3847501776416284,1.713163347365109,1.4639990908692069,1.2220809095657736
gene_1842,1.333641633997353,1.3382229763679774,1.2241248877947999,1.1152047866848644
gene_1843,2.8053103841177482,1.3641723545074582,1.6791426058524181,1.3267140957352865
gene_1844,1.1778521972630134,1.1503129814803277,1.3053409135473446,1.4821299480230783
gene_1845,1.7753303871088641,1.3675442592243354,1.779194206540792,1.8450674188856404
gene_1846,1.2717499878160792,1.3765217323188357,1.3016890522388456,1.2493300763937585
gene_1847,1.3246823608083793,1.3167446588253129,1.1569490984353228,1.1067643728225978
gene_1848,1.3814332227394337,1.4313368390534895,1.2334674184763295,1.195557938827966
gene_1849,1.341330094945005,1.3399412873260026,1.6242222512810267,1.298935220764647
gene_1850,1.204634860934871,1.265355693622618,1.2658887955524338,1.1800680395449175
gene_1851,1.4901724041618745,1.5089439395484119,1.30470323331639,1.4694107147953994
gene_1852,1.8092351157732196,1.7029228102003278,1.272049719001125,1.361566644111944
gene_1853,1.369944161430834,1.30663047528003,2.408824730201575,232.2874028423591
gene_1854,1.9418654997147535,1.3076535039800763,1.6397898281930345,1.4690606596522926
gene_1855,1.3686937733688405,1.3816994484212075,1.5606339967348988,1.2165404412380936
gene_1856,1.3599914571210783,1.742793398746241,1.2338783590017612,1.4221536560042694
gene_1857,1.4045088623268795,1.2424940486022404,1.1410024003272219,1.440112724078383
gene_1858,1.6210123719334129,1.4567571877621468,1.3976614902519207,1.5228645538957155
gene_1859,1.111099757686239,1.31181828533279,1.3158216427815344,1.1463062019265728
gene_1860,1.7772744912291008,1.4082655756351554,1.3439062034099316,1.4538791553543067
gene_1861,1.449413441473327,2.4667897308396176,1.6569302011210822,1.3008091535728588
gene_1862,1.582466244088549,1.6547005878792773,1.5221548323285814,1.5357710632541348
gene_1863,1.4714437761151573,1.437888414724054,1.1878818060043594,1.6455127801593936
gene_1864,1.1670567959969929,1.3572414823337196,1.2514846309506353,1.1292709987838876
gene_1865,1.6579113230399396,1.4613496367265761,1.2922366040018225,1.884459011219648
gene_1866,1.7279548049754752,1.500527074012909,1.3130608008715685,218.48015214987214
gene_1867,1.5090770895822072,2.2864072531910518,1.410437530264171,1.3647632249759505
gene_1868,1429.951949739962,1.3176266420616332,1.7818351122726217,2.094348571781276
gene_1869,1.3328269977573002,1.3327016278184922,1.256088468472762,1.5082269778513242
gene_1870,1.5194406471259372,1.4388511258246264,1.2627539079598473,1.848349046610104
gene_1871,1.3626485793132943,1.685868124750732,1.5098545482651828,1.9594208924751788
gene_1872,2.5438123106386783,1.66796537346706,1.198007115601433,1.334131543413594
gene_1873,1.15981777617963,1.3949417544255291,1.246252992217458,1.3829520418503443
gene_1874,1.2720918988891867,2.236492077228795,1.494347975414863,1.6489290230915903
gene_1875,1.3449175723699898,1.5111323232748666,1.293672922392113,1.4390734792084996
gene_1876,1.3431784958376576,1.1315258480828978,1.3298185134412803,1.4636492845407756
gene_1877,1.6859139213572134,1.8085144110218228,1.529114343813945,1.4671729942984606
gene_1878,1.4312767783347373,1.5153116911927498,1.9361405847170206,1.4513952981628564
gene_1879,2.491038420924414,1.7853353679180408,1.7796924375963135,1.7260924638036708
gene_1880,1.3393167348958062,1.2150928809003367,1.267600576714518,1.172727254115575
gene_1881,1.4584919134538854,1.5335241629948864,1.5628221776092912,1.2548456882755217
gene_1882,1273.6532718807787,1.9315805643934523,1.8230074840271315,1.8729789805995274
gene_1883,1.2061888474654994,1.5577326055852647,1.5920004895221702,1.2632454018487387
gene_1884,1.084697705396042,1.8019342349121947,1.3129225777785343,1.2149653925337667
gene_1885,1.4630860024926071,1.255446700079247,1.211974553277712,1.4468723856966523
gene_1886,2.2741787727206826,1.3793414898742014,1.8158748077024716,1.5682651140413228
gene_1887,1.3014193238493532,1.3435650248384694,1.2428845477574677,1.1594787177499024
gene_1888,1.3090677996711788,1.262454507288249,1.275101858132015,1.32885051593854
gene_1889,1.6190591738713653,1.9037762899726396,2.044672297866763,1.2697128281971608
gene_1890,1.4142936333195328,1.235809943308297,1.2945476411728039,1.292116059903382
gene_1891,1.5434129760524802,1.2575987610503383,1.1192249593277874,1.3284446380923822
gene_1892,1.5547394167287323,1.448001006640913,1.2219593998812748,1.212574081840361
gene_1893,1.163830844321981,1.2451635132883143,1.2283139181222076,1.2112588287136792
gene_1894,1.3778854469913022,1.547115350942348,1.298301414896864,1.2551562801620215
gene_1895,1.4523541193812841,1.5518920004216372,1.3225262026299935,1.5567043762289638
gene_1896,1.4574713710448022,1.3911181949828422,1.2337183909508231,1.2444775119617608
gene_1897,1.2278609020778921,1.1465945839465435,1.8254649411561459,1.4499306682141577
gene_1898,1.3269577810321844,1.2656911625560845,1.4490630525225108,1.4531199560420487
gene_1899,1.3910674079035517,1.6635095341769754,1.4125278650080118,1.2981031507706227
gene_1900,1.3018475419746267,1.37030127897666,1.290637182062789,1.1107989562602327
gene_1901,1.322883794913076,1.3288884580838132,1.3369333308073623,1.321574859900771
gene_1902,1.4255658941682383,1.4318561838209283,1.3454591772298414,1.2113355838719106
gene_1903,1.3778713084715284,1.4769147080856206,1.2238513899664734,1.177033283287254
gene_1904,1.4688455091691173,2.3730756238370163,2.1018342112974375,1.9721111831659743
gene_1905,2.463534577010659,1.6505871183322456,1.6186675271726623,1.5438054021281302
gene_1906,1.2185582508813584,1.693581967838686,1.4934227435796485,1.747545736136267
gene_1907,1.4702745457551891,1.5338854050793596,1.2719399285696278,1.4038034743551
gene_1908,1.1429628171989457,1.2156806863967413,1.2979581032487146,1.2577181240521536
gene_1909,1.6705834679312739,2.2359390878272256,1.8026652869689936,1.7631789509598927
gene_1910,1.526087969457014,2.8371392734469625,1.7105032827905446,1.3932015561612026
gene_1911,1.764731871039337,1.933581074834758,2.2500864747333744,1.7176721751510982
gene_1912,1.4914638736841317,1.5239225469075983,1.2503797669126475,1.3837648712741442
gene_1913,1.416272721942332,2.1262954125235902,1.4588814024834533,1.2431144062153214
gene_1914,1.5633524826667515,1.1869139272155154,1.388592523287574,1.2460478360507081
gene_1915,1420.2000926722765,1.795922827962071,1.9019671018629845,1.6049429577390641
gene_1916,1.2370792912208282,1.1450073106076952,1.1808362684654994,1.1521900414958823
gene_1917,1.5905560136319599,1.657193976718664,1.2498952157743766,1.3855552958100397
gene_1918,1.7732335248047164,1.44919273046499,1.3051768816272706,1.3744345491414645
gene_1919,1.2305052041774793,1.1512143025764372,1.389564724133537,1.199878244840231
gene_1920,1.494351702469493,1.3884178840696255,1.437183807689684,1.4977810808455043
gene_1921,1.9595910585973344,1.7797955375159515,1.5807853383305854,1.8525723413224724
gene_1922,1.3172752507243777,1.4824558743689342,1.23897826866615,1.3528802528980315
gene_1923,1.2911986672389955,1.4714442645907166,1.3594778988873095,1.5492593530232923
gene_1924,1.5072307245159544,1.3677421872418805,1.8284161015031393,1.4958765423049862
gene_1925,1.4236118232400676,193.3953089650034,2.039847473589235,1.5666915888929838
gene_1926,1.5617240702289859,1.3165994046245773,1.4000899100316393,1.276731400888624
gene_1927,1.1708693093863989,1.42146410403724,1.2598800401904715,1.258335546749974
gene_1928,1.5315490437585304,1.6659037773650498,1.8736975626894676,1.5919788638450594
gene_1929,1.8336631059618245,1.5939801186506724,1.463338054125976,1.9226766858596758
gene_1930,1.510345980683218,1.5643564982374687,1.31867970736559,1.3120441048154734
gene_1931,1.1678482964197188,1.3464550148390093,1.2106374013662422,1.3724796090699862
gene_1932,1.5276120919033183,1.3718594276395821,1.3477747871431731,1.3260454466774227
gene_1933,1.3381351137828075,1.3368712839184724,1.3503724970036575,1.4527048185976774
gene_1934,1.6282823712153767,1.545863293994811,2.3324437918097365,1.599705810448722
gene_1935,1.5697100007516884,1.499862150162919,1.9396728616638006,1.481039258853889
gene_1936,1.2927970545247567,1.3788000210917062,1.4099752337606395,1.2018925997087542
gene_1937,1.4238716185386884,1.5967067611565773,1.3787844970895466,1.209652069212414
gene_1938,1.4599617843084023,1.5037188914004629,1.3688848271398428,1.2079799325800578
gene_1939,1.2758001150220855,1.327791857064659,1.1859763061284414,1.132561704675334
gene_1940,1.228802176049792,1.4285899035774328,1.4873623231836337,1.6421649360689214
gene_1941,1.2276729759432206,1.482471249298588,1.2345288311536626,1.2156632514357315
gene_1942,1.2647682072218673,1.1949388959835248,1.1789302450491341,1.2757134978732603
gene_1943,1.6782730974959703,1.6218892366447728,1.3705365004500545,2.023310440842697
gene_1944,1.149027803525523,1.4749573782339265,1.2797869736531595,1.2044568028014409
gene_1945,1.5750845547228913,1.449576152041062,1.2003757760934628,1.4324550283204747
gene_1946,1.7868942838764714,1.9828530729584766,1.3744934156560789,1.994816583730311
gene_1947,1.2283381828607913,1.2198935207031756,1.2629245599819618,1.303438555852194
gene_1948,1.513249820431812,1.2585835264726828,1.3886171658763509,1.1998245031613208
gene_1949,1.5068938675542072,1.3338103511184012,1.2389349610382305,1.167918895622799
gene_1950,2.358323227236055,1.9456612003314293,1.2279669750651991,1.4015199179681288
gene_1951,1.3833636199766588,1.6657144276427636,1.6467351084979458,1.2176633780658577
gene_1952,1.1391402973257878,1.2483260563991876,1.2400392779617124,1.330681032607575
gene_1953,1.1973056696494682,1.3131296424078855,1.1955450252832172,1.3834449987962287
gene_1954,3.0415785016691297,1.342562307066142,1.4946004037227638,1.2973718574276452
gene_1955,1.260586021498098,1.3626195967159367,1.1695694130953922,1.2916571286787584
gene_1956,1.4261647999475904,1.3216131170808563,1.3251018164753388,1.2525504604732576
gene_1957,1.4866168569206057,1.6564004114836124,1.411084207514738,1.434035972292461
gene_1958,1.3376395465907267,1.2713601313934972,1.3384446694490217,1.5296916253548798
gene_1959,1.5226265071910041,1.3097806430836696,1.2168469427141462,1.1752802022549445
gene_1960,1.5782665288087998,1.2122633616851166,1.3953253212689039,1.2630233649363694
gene_1961,1.2914001037477858,1.556722596768812,1.3747904105588973,1.4736321126451157
gene_1962,1.4221954743705105,1.20759976717568,1.477786492852382,1.1723351984078656
gene_1963,1.3955231453313497,1.514663047965465,1.2430264524987014,1.3113142463720036
gene_1964,1.4403401468493875,1.983261387105479,2.0285032987630305,1.6360024941107794
gene_1965,1.515737541676802,1.3234553336306085,1.3880465655995633,2.063481304827157
gene_1966,1.3237005790490832,1.3124743374020527,1.2824159327198112,1.3729705075478063
gene_1967,1.4554659244395278,1.4888610597048972,1.316853050828602,2.016254106839758
gene_1968,1.3478194862850739,1.55340742475274,1.3549066980244284,1.13920842662477
gene_1969,1.3073317605431067,1.2531520393976743,1.2346788508889657,1.1077562715539777
gene_1970,1.7220885429227415,1.2885160388712646,1.3468354176487638,1.711743315578405
gene_1971,1.1929455040713557,1.372890017549205,1.429349592926902,1.7210085807022852
gene_1972,1.4879445668214168,1.3949095760263484,1.2147297456145356,1.3154610498302464
gene_1973,1.1416082681842943,1.2379135133302386,1.173622796975433,1.1812612284357138
gene_1974,1.2094970331409758,1.6934346036118637,1.9120662313495955,1.828138145624774
gene_1975,1.2344490145080356,1.270614214129779,1.2957171572671053,1.2909834692648547
gene_1976,1.3241782506193547,1.49447074959167,1.2507230412246713,1.4753223312931742
gene_1977,1.6097415628764113,1.4196306283149873,1.1478038075903367,1.379492385553794
gene_1978,1.4163972394346507,1.3293761542271623,1.5083042113924392,1.1967422297321666
gene_1979,1.4684678937258628,1.558668551012801,1.3477037471991165,1.17940967626438
gene_1980,1.2778150837364428,2.939039075436125,1.369949558876044,1.6719423637444086
gene_1981,2.122181559725565,1.8532123972777683,1.492327899014543,1.4369317271504525
gene_1982,2.241022713689111,1.9190602552639875,1.5178607378436813,1.4332691018828558
gene_1983,1.3803943747976728,2.0847861411993014,1.3464605791023172,1.5640210012542302
gene_1984,1.2978094007155436,1.2072807149608078,1.133949433524486,1.4333940850636406
gene_1985,1.262352693674461,1.3072004161713073,1.319509411451006,1.306472314537687
gene_1986,1.6107102064866823,1.1425582430641514,1.258467412912737,1.3255855068229216
gene_1987,1.5163663452316578,1.3484652126234857,1.3548459923703482,1.2466338837949087
gene_1988,1.608960573991621,1.4091189174963863,1.6111149954716721,1.3868008164346823
gene_1989,1.6037556003180444,1.3726004741202686,1.333511758672867,1.4618691908451633
gene_1990,1.7718233381137312,1.3721203063151797,1.487374371593994,1.4464371085860759
gene_1991,1.676159944447023,1.600668860326609,1.4574601064131871,1.318243835404724
gene_1992,2.3312087062942655,1.8125908710429603,1.4829488060662637,1.5027616530170513
gene_1993,2.401024011904843,1.5844148851122584,1.6247869434234758,1.339777285461139
gene_1994,1.9178707500271195,1.704747452023522,2.141520978755941,2.03526735597397
gene_1995,1.1835241316518006,1.5886770390235068,1.4506049926919997,1.536935276393328
gene_1996,1.3326091442184025,1.2419734129040938,1.3920005577736538,1.1763894402269541
gene_1997,1.2745749100156227,1.6243779198205746,1.594689750935644,1.5549478319259533
gene_1998,1.239275101224318,1.5264043225421144,1.3712949702997959,1.6243521475203149
gene_1999,1.4051447905869772,1.2688868553031305,1.598252059779201,1.2957055807592202
gene_2000,1.2111692629302528,1.1567086587736586,1.1830716983566167,1.4581918670690073
gene_2001,1.3310864934645108,1.6026402208308805,1.2002560195178378,1.3951627701192981
gene_2002,1.2893761959830896,1.364077254241552,1.510799220081629,1.6711714283801835
gene_2003,1.5472560262325656,1.293990206542456,1.4409146140226072,1.2407645214812761
gene_2004,1.5530016090342265,1.916727567611222,1.454428024901187,1.3337521659031195
gene_2005,1.3371503005616392,1.3116272228639543,1.1142448171418333,1.3230360664394618
gene_2006,1.2330743243440776,1.3209202092969723,1.5354329210002118,1.41778466007257
gene_2007,1.8204320201010042,1.2191535489652046,1.2515125122114712,1.6467769254997797
gene_2008,1.2504196129552527,1.6623897942181678,1.4468247835481665,1.2600198428341929
gene_2009,1.2479940271659618,1.3893353110368007,1.548828700010243,1.2595518562788726
gene_2010,1.7192530767239744,1.37408558640633,1.3181439334447713,1.6334246595834494
gene_2011,1.3160161992091566,1.732192157283277,1.348464205404722,1.501156474585036
gene_2012,1.1682727384848626,1.2136226085394914,1.1697034181940702,1.1829092835841817
gene_2013,1.372697870369418,1.47982547249584,1.3793700849746728,1.9337153973023817
gene_2014,1.4057079640474333,1.5560670725802137,1.835209972378253,1.7429072639642382
gene_2015,1.4280704977814715,1.253462755845434,1.164055736732972,1.4367880841066831
gene_2016,1.2633225522691063,1.6249147915073234,1.3320817574686408,1.1325815065555669
gene_2017,1.4246219743671815,1.17606817711972,1.282758429412076,1.3387140746216082
gene_2018,1.4067558728851133,1.3634731078096838,1.2934079538181236,1547.2335393276733
gene_2019,1.4072885111870161,1.7399229065487862,1.3081095256570685,1.401421519540116
gene_2020,1.3776810286146433,1.385879370137991,1.224135304418812,1.3961358483999635
gene_2021,1.247122166001663,1.5328091966896302,1.1301282567928093,1.3475579651065992
gene_2022,1.1605256366148824,1.3269630414545224,1.294468456996846,1.379873654062867
gene_2023,1.4443239879363325,1.3290639778042934,1.2162192829487977,1.137750247046003
gene_2024,1.367435533223433,1.273867175209901,1.3392405905408409,1.3819445060090683
gene_2025,1.8361098477196922,1.4549484415818184,195.2837646874883,1.2826454617078684
gene_2026,1.2308171286363043,1.1712179803317797,1.1371239473741983,1.1122021608836368
gene_2027,1.3785249030867752,1.7216934413420615,2.4932751390105232,1.256407113560139
gene_2028,1.2022924584754895,1.328742997982673,1.1088285175896184,1.2521613736492112
gene_2029,1.5387758021073845,1.4090257965143178,1.568207638885048,1.3504960488434121
gene_2030,1.474514084862478,1.23704933116252,1.4578967419749,1.398355241312147
gene_2031,1.3179259566839279,1.3374084365714816,1.1759466224310855,1.322093033717596
gene_2032,1.5927429650579266,1.2378502040322332,1.4755941158371852,1.5022586904330846
gene_2033,1.23336515685049,1.223577484807893,1.2170182209843328,1.1543009319424056
gene_2034,1.6311286972735202,1.2521463506866082,1.3195083408528954,1.6911518125551823
gene_2035,1.4756575873929025,1.3204631791890675,1.4430330200828418,1.7081101844621303
gene_2036,2.0837110246371617,1.6766117534994305,2.0291117926834183,1.3149434531428528
gene_2037,1.2018060776890334,1.1864671017031139,1.1857260521994852,1.2048675543427447
gene_2038,1.4403768298703743,1.7551404172392142,1.2544655202024426,1.238087203191248
gene_2039,1.4164248631464262,1.2837840334464787,1.4182648503333453,1.1924918801223074
gene_2040,2.6099940593635726,2.2848041811126674,2.020769146426502,1.4911319347073075
gene_2041,1.7601964725989732,1.5254777108861453,1.2244470140160384,1.411419348405458
gene_2042,1.7880577350598967,1.5741348962886526,2.2631841020737373,1.770917607612165
gene_2043,2.076901062652681,1.2870505666841152,1.6725052454392115,1.866740854718005
gene_2044,1.423858777264943,1.5087691672204768,1.4414192781375965,1.3385796004396224
gene_2045,1.3068793026942918,1.361164256482141,1.3246773934322582,1.2341881077918668
gene_2046,1.2547378921908696,1.2634499221234163,1.2648948115511545,1.3942501761324073
gene_2047,1.356667244194315,1.3071779867520792,1.1001607820166204,1.152498903209745
gene_2048,1.6575373364957375,1.4903730250699287,1.2440888210595078,1.6226043206773109
gene_2049,1.4112765938744924,1.5805945407415567,1.3644107871562228,1.655693023315878
gene_2050,2.175514237128676,1.347875406859796,1.6912550073090915,1.7280474419266576
gene_2051,1.2221213379892344,1.2574335921732527,1.3347965719549815,1.1164298823819119
gene_2052,1.688086501237218,1.3214831098514586,1.7902668925352785,1.4762582727230606
gene_2053,1.4168527317777684,1.7519545275678257,1.2954143987076951,1.3265431229332598
gene_2054,1.5274148037918793,1.188266079445187,1.3478338100482212,1.2932581903738458
gene_2055,2.056456188135433,1.5966505456063957,1.390045925976987,1.25625920829123
gene_2056,1.327173358961948,1.2085972743707587,1.2214214897969327,1.3027106324546613
gene_2057,1.2594680673282597,2.122108170235414,3.1065315653290226,1.4596380183758135
gene_2058,1.6126410118704446,1.6408234599182103,2.34762222948497,2.3350644717727875
gene_2059,1.2298273897982144,1.2452925978740468,1.3405013563577455,1.637219485405465
gene_2060,1.3996270545927287,1.3794805863897768,1.2658478537995854,1.2102400422324433
gene_2061,1.2974801650806387,1.9037202287211257,1.530514949662554,1.172815189616268
gene_2062,1.5007913149381644,1.651855534631858,1.4444551034293354,2.4141960017488606
gene_2063,1.522560059266848,1.1645985736461653,1.156040298932655,1.313012909357579
gene_2064,1.2120766047296363,1.256070018133354,1.156317455412953,1.2521083335111343
gene_2065,1.411319969034707,1.3242211081784683,1.227289193246669,1.271459046830025
gene_2066,1.4820557638200003,1.5466788433894738,1.3174408030134954,1.368574741072871
gene_2067,1.168477266617968,1.1586451308195542,1.1391001600196082,1.1414874260412597
gene_2068,1.494349301781429,1.4550638069478012,1.8966515016726357,1.4542793816606019
gene_2069,1.9887494454618824,1.771617639936192,1.5269844913686708,1.4012959563965355
gene_2070,1.201152415843016,1.2007245240742697,1.359475457372346,1.1539655948404077
gene_2071,1.5634693708839702,1.5067290105491122,1.6103283410468192,1.6030089906236507
gene_2072,1.5246410241723982,1.4776440199640464,1.2379698510656674,1.2295352509410369
gene_2073,1.5972485625643018,1.2900397116388234,1.8508285460763119,1.8602538495344016
gene_2074,1.3800874364688052,1.4409165190036755,1.407326365665188,1.493994981762874
gene_2075,1.5975319577767573,1.7909886963906967,1.7637135526246157,1.3828318662595265
gene_2076,1.9203435911222315,1.4682067329674495,1.7432232111437809,1.5064834751322214
gene_2077,1.195308586519824,1.6523558849065603,1.393977847344961,1.266974397882029
gene_2078,1.2093731909278305,1.1584288959113618,1.484975361612954,1.1982347647384026
gene_2079,1.1353571760030032,1.6303242826757898,1.2942582839334493,1.9380099026913944
gene_2080,1.5797251873506435,1.4803629404366854,1.4233672525577505,1.4570345842249552
gene_2081,1.335426020598591,1.1200427046677468,1.6280161602884027,1.8669253939365822
gene_2082,1.6787654666719323,1.197167515814257,1.2185973873872427,1.627055349694878
gene_2083,1.3087790627484652,1.2718555275772085,1.2853024024149111,1.2158296443419754
gene_2084,1.6695160422431783,1.3538885398979874,1.4441206661442505,1.3803422762424868
gene_2085,1.1019274553321168,1.1782579745672923,1.0865119880048217,1.1529014830728632
gene_2086,193.38945966947585,2.1009042844134074,1.5728613309658592,1.4593787193709704
gene_2087,2.188636807281646,1.5635848816515165,1.809732656186389,1.3226943538082543
gene_2088,1.229645073871655,1.451728141964932,1.6897037403999224,1.606787971911222
gene_2089,1.4415773925308248,1.1444400800816308,1.2232533240786436,1.2586673883479287
gene_2090,1.3218868108861883,1.18705752957698,1.2390833794023195,1.2078001038701882
gene_2091,1.366616114097308,1.3852478480069104,1.602254378389545,1.9550676985822955
gene_2092,1.3358053379480326,1.2974220374153753,1.3206040639347847,1.4769841021808972
gene_2093,1.5746281553636274,1.4913510871512403,1.8578726692235743,1.2941089515972422
gene_2094,1.3396720187538462,1.2396713084422664,1.1896924147163213,1.2019315625615836
gene_2095,1.414582546502816,1.3413706571926018,1.332940581363471,1.1555045177160361
gene_2096,1.1527305023091008,1.2570243249893482,1.308704310267461,1.2733710469982698
gene_2097,1.474794895316203,1.4219583068029935,1.6079956390075596,1.196144924137893
gene_2098,1.4640898849181627,1.1941011431648527,1.2143268306364334,1.209263876717536
gene_2099,2.0114018782722027,1.3431164021391262,1.2328939748735477,1.2388034284727174
gene_2100,1.7454238349148383,1.2089348763426957,1.193371848786727,197.53306816845202
gene_2101,1.244765390648497,1.1454620205710049,1.2835283108085962,1.124946642209293
gene_2102,1.4639433245947375,1.547284915849247,1.3812587962837561,1.1559197781511625
gene_2103,1.4987749660630483,1.370297296037738,1.497853616921394,1.2325694767128663
gene_2104,1.6614182751633264,1.3479055556515198,1.4508868026530188,1.3471516573267508
gene_2105,1193.304667529171,1.2579581049775015,1.4766131452700053,2.5289826403733024
gene_2106,1.1554123504557898,1.3377229485719389,1.2592239579756295,1.41094130779335
gene_2107,1.4812188365339034,1.1048591103040335,1.231530502920237,1.2294018172328567
gene_2108,1.4413618823241214,1.3418210884962694,1.5817703591408034,1.5461467322112636
gene_2109,1.64686484467233,1.2010452707318442,1.2667511304854482,1.1789572261821717
gene_2110,1.2277151307120784,1.2717465834733233,1.3842454199524292,1.3369732988799523
gene_2111,1.200712491625996,1.3053567668016408,1.2116597717669324,1.1715254406256903
gene_2112,1.3784283312484278,1.4823143297461479,1.235543248119709,1.5065291109920205
gene_2113,1.2599828138387097,1.3785623795774444,1.3921950214356036,1.2813589059393096
gene_2114,1.201194395407157,1.262150668277255,1.359560478649994,1.1844942535355754
gene_2115,1.5022112811564945,1.6813613814953305,1.8937305211946578,1.3132561692178888
gene_2116,1.139180405430578,1.2533341137705407,1.223973324155783,1.130024551447969
gene_2117,1.2479147345765471,1.3228991199702915,1.0875272914695753,1.4593387884943225
gene_2118,1.209338588455799,1.1656041597380402,1.2524508016620386,1.3034630098440294
gene_2119,1.2564763067547393,1.210728573760332,1.4108555881794616,1.178780894385753
gene_2120,1.564635828936692,1.2963001777991923,1.312114942711295,1.1948853737631082
gene_2121,1.607754071085076,1.4312601150582238,1.424647865155085,1.3526166358975076
gene_2122,1.437266603206346,1.4401149078838065,1.2634392237019632,1.5455826398979302
gene_2123,1.1488577903680228,1.3439706483392762,1.3020582835861632,1.3397723959455234
gene_2124,1.3897343242434672,1.2613974287436636,1.2080814042816581,1.184153608343523
gene_2125,1.3796466263222504,1.2685326622446078,1.3439874551798474,1.4201866412496442
gene_2126,1.1924832929292315,1.2219270317647277,1.2395310344119144,1.1955774533123298
gene_2127,1.400807378166708,243.009254976373,1.6450443118838312,1.5462129020991382
gene_2128,1.4606052637622455,1.2158963237071923,1.331855283809539,1.3121926018586065
gene_2129,1.356362275773053,1.2112733612120412,1.0831624602201737,1.1402861307870535
gene_2130,1.6909754358778104,1.5058908083330231,1.258484964485184,1.7113558134569993
gene_2131,1.913832466948472,1.8513688070754688,1.4429400563458694,2.3450211855641987
gene_2132,1.507525700846028,1.634718180001245,1.234553400362004,1.4474102424748276
gene_2133,1.467370929549805,1.2527357388624352,1.4366001355478621,1.3842297324766804
gene_2134,1.599573688996346,1.8209692242943787,1.3641900907062445,1.7840780954608009
gene_2135,172.8993265769468,1.750376224528318,1.2639959485280643,1.9202513458305648
gene_2136,1.1664228850137477,1.2534731760856406,1.2070534451572847,1.1612781887949548
gene_2137,1.5715781651835532,1.2180556452446576,1.5674255891196005,1.4124968137630636
gene_2138,1.4650141133761094,1.2668294700855394,1.6600772592733326,1.3569775391005554
gene_2139,1.3498622537690894,1.3677074854141333,1.3487672953882373,1.264557367752341
gene_2140,1.205136566767819,1.2376394643241866,1.1250868295413508,1.2480853414756468
gene_2141,1.1429521844341513,1.5524269553477823,1.557472927936952,1.2099609424788644
gene_2142,2.9231879838498123,1.6923507779303153,1.3762459668857263,1.5477007091204789
gene_2143,1.2946539003527064,1.6650063291556823,1.3847594382161554,1.185112057018606
gene_2144,1.2650286781132465,1.2141453282776982,1.235004540987319,1.309606699988522
gene_2145,1.4036181712784102,1.3566546068259884,1.199703690337414,1.5469981973814868
gene_2146,1.2558546029798374,1.328261668320929,1.2621979902577676,1.276266438653973
gene_2147,1.2853920862477155,1.266532703944238,1.4477551963719082,1.3180531678016065
gene_2148,1.2263237520417147,1.3143493064480842,1.2239767454034212,1.3229403772179553
gene_2149,1.3833149845822656,1.4743993164778493,1.2312824428482094,1.2192250731691054
gene_2150,1.5375786189594516,1.3278101323186389,1.2653655396943368,1.3512180462844465
gene_2151,1.3833820549262243,1.1202105558390338,1.2374816250652163,1.3840574273429083
gene_2152,1.3451939109198963,1.3624581797672672,1.8379042248759596,2.1686023368089478
gene_2153,1.7366837204389503,186.88617808087633,2.4388975555621712,1.4767848733348838
gene_2154,2.244196680641453,1.7042368852481597,1.191124766898419,1.4194186249593315
gene_2155,1.3786339170756856,1.4967523659294864,1.2237293793553368,1.4244623512282104
gene_2156,1.5546213626670846,1.5632796991707618,1.4497921169633594,1.4059884235688047
gene_2157,1.6988755333766763,1.6496824684655247,2.2246768869313733,1.7739577722694717
gene_2158,1.257128346225491,1.395773849250269,1.1756707714414765,1.2015088605758035
gene_2159,1.5589334472695344,1.2076069283088295,1.2151076135383851,1.5962848491341757
gene_2160,1.7081798154776386,1.459710840160814,1.3464452066161468,1.281861663510044
gene_2161,1.5508613229128279,1.8710551049469428,1.595557120137737,1.5519607777751678
gene_2162,1.515648537776582,1.7956773678211952,1.5342450915542756,1.177275815968327
gene_2163,1.6763500543318117,1.5275539925607724,1.4329589767573687,2.9930181778305815
gene_2164,1.839680890733201,1.3301812152094747,1.2942214833408063,1.8278523264649595
gene_2165,1.2808561372564649,1.2702404853623706,1.1416891632594663,1.2573710211905396
gene_2166,1.3599831487498573,1.1116400354428293,1.2142262514880013,1.1426796767255964
gene_2167,1.269780121682179,1.3505990866499675,1.4790831751988924,1.3611357072633326
gene_2168,1.1959500180138627,1.1254898556714528,1.289262113590058,1.2875787095352629
gene_2169,1.8136485697330744,1.485140895776715,1.986790406100437,1.461599396500879
gene_2170,2.1075685017259937,1.3539376486706445,1.2037368302507012,1.3860317722257884
gene_2171,1.3327620817822772,1.4087724674746596,1.3480631511165335,1.4317580868654831
gene_2172,1.6629535466576153,1.6718023407925853,2.8261552129582297,1.7220970581093606
gene_2173,1.6650857919585758,1.4652597538274366,1.45821810131284,1.2648903131071607
gene_2174,1.7556874807591867,195.06132487824559,1.4823668151638807,1.6707381131833123
gene_2175,1.246657919065019,1.3945586038616034,1.135038975137185,1.3658324917583278
gene_2176,1.4159548225752019,1.4311759178135932,1.3200349951311032,1.5129245370600042
gene_2177,1.4864620618529478,1.6532005000478118,1.199146917710213,2.2006044122031216
gene_2178,1.6245005565608714,1.3837644073471844,1.3433687087421893,1.5788893207367891
gene_2179,1.4287185872633168,1.8263805442551528,1.3685585003018412,1.3553972794698268
gene_2180,1.2283668498517029,1.3607146321407229,1.2051474660992725,1.3140899785557003
gene_2181,1.6297646427162988,1.6480299850988342,1.5334913015184641,1.3176684196925377
gene_2182,1.3385509954326449,2.828352282437402,1.508064341270117,1.423405663239551
gene_2183,1.7562592996868978,1.8671674511972138,1.5800167368532214,1.6466225206703846
gene_2184,1.224488530798642,1.2448372934502854,1.531621126486694,1.347829951503718
gene_2185,1.7415997513016965,1.1595502622731781,1.1588058913005768,1.5110214167968905
gene_2186,1.7248801492210357,1.844845128113481,1.3854503174492918,1392.5726611023324
gene_2187,1.6396910164916392,1.5599360749356344,1.1963558078136416,1.8087037380018003
gene_2188,1.7165218290076592,1.7816359466896292,1.321709866390573,1.8316457578496972
gene_2189,1.243443655743788,1.270661588518315,1.2124430490703717,1.1129937936696022
gene_2190,1.4881503300618348,1.4906732082299574,1.2543488101719087,1.3046477213442742
gene_2191,1.1748912649256615,1.3791050262383149,1.2219147945296454,1.3885859316708218
gene_2192,1.3025084196719514,1.4763132765816351,1.3032926906387607,1.6338362180996964
gene_2193,1.3798176155027615,1.4907048577053583,1.3095032381900003,1.3582059805650846
gene_2194,2.2480213113078498,1.9746259951414171,1.4859264418188205,1.3360487248409272
gene_2195,1.4713182426762133,1.4849733579000635,1.447557544764942,1.349220191233276
gene_2196,1.8874824985481324,1.425566445379676,1.6572482151039607,1.5869899521952238
gene_2197,1.38179722753562,1.2935844053055934,1.761484786498113,1.338037643667803
gene_2198,1.3873902256662451,1.1910734752763288,1.594591594775929,1.3099026916203904
gene_2199,1.560219696584741,1.4368250198257606,1.353362172830767,1.1804826951091323
gene_2200,2.170144750184992,204.55551112701528,1.7959020669072536,1.7976097790470278
gene_2201,1.6627242452628619,1.29719394176648,1.3871049563383473,2.2717367511066477
gene_2202,1.3144810543221146,1.6546450858939008,1.7730021073103543,1.3056634410566108
gene_2203,1.3565984179713206,1.4685764099669039,1.3709208173205196,2.0015897207227984
gene_2204,1.6170961132217585,2.3125247300751592,1.6216056002077333,2.2195271189373145
gene_2205,1.3689625273465063,1.2819722960236906,1.278193844689308,1.1858164164214309
gene_2206,1.8433125355163686,2.6031522661932427,1.495863261275575,2.215055873046293
gene_2207,1.351575897883884,1.4935539807520997,1.2858813161098164,1.2276344944756767
gene_2208,1.6535570218371964,1.4002684963625713,1.3215118664463337,1.2004325149826667
gene_2209,1.2710869104988831,1.3519772625436808,1.1387219124743648,1.1942143501274205
gene_2210,1.3397942383875123,1.8003214394863951,1.3853716262990163,1.4357930813310529
gene_2211,1.968819109980116,1.2066669001423127,1.4376326072376926,1416.7596030283107
gene_2212,1.1890207114342763,1.265295261755109,1.2370511850440076,1.2852494976733364
gene_2213,1.3078268927346748,1.4663860905720516,1.3855542171332917,1.2601000486387839
gene_2214,1.1891449938322687,1.336541701418598,1.2786830995790883,1.2009865805353248
gene_2215,1.2237534082584,1.2521217229059998,1.1525726948791764,1.1605253726818447
gene_2216,1.4770538136763476,1.44308758636079,1.5668256477712634,1.1962187636440706
gene_2217,1.3400411308055684,1.3604234011614016,1.2287904548330744,1.3203151997267186
gene_2218,1.5164470287711622,1.4750986170063634,1.3077620310242686,1.758855571723659
gene_2219,1.2697908019945228,1.7099202884048679,1.1600025185412848,1.558091695436333
gene_2220,1.2819977243011673,1.3454179754391462,1.2952713289256002,1.5311657980517404
gene_2221,1.360896258836064,1.4472123875603948,1.310436871714143,1.2726612544035032
gene_2222,1.7394395259332416,1.1505331999490611,1.2920645955880612,1.2494935197773893
gene_2223,1.1959425252719407,1.3337662256635865,1.3910226543542903,1.231774395636324
gene_2224,1.1883391461367654,1.328077159421527,1.208111148874736,1.2606379634944407
gene_2225,1.2535078482675654,1.4772978819387,1.7485552935769328,1.2190362590941266
gene_2226,1.6124474853318853,1.811833452495476,1.2751488815501644,1.2458017384098299
gene_2227,1.312862725033889,1.275159827794374,1.362239584079163,1.2098212865358016
gene_2228,1.302672946411302,1.3503302074375696,1.1295170892011637,1.3095513159559156
gene_2229,1.4482326559850003,1.3062636272233341,1.305100018622126,1.155711020275295
gene_2230,1.4859189707068088,1.9639932867308652,1.34768714392045,1.4580051257257578
gene_2231,1.2318315815286136,1.430000806515334,1.399972524149317,1.4181082419506859
gene_2232,1.478404539431859,2.328403160562785,1.1981065999392564,1.7805594608935997
gene_2233,1.7728632998387657,1.54750690814975,1.2626665433494115,1.8033407387776286
gene_2234,1219.1472733925607,1.332965013985205,1.326880453686927,1.4679597490192626
gene_2235,1.6270637859059653,1.3334630359938353,1.3451834985979747,1.436586102496396
gene_2236,1.471961380380223,1.931307137612279,1.219473387937434,1.3866138272435768
gene_2237,1.4030930048439751,1.403377271947382,1.552739840409283,1.2016852545122179
gene_2238,1.4806939837311723,1.7205294393438952,2.586163975819479,1.432015699907405
gene_2239,1.4307683512427192,1.2351618545358347,1.4673837536590753,1.390557140651508
gene_2240,1.579404722094107,1.3491974338425796,1.561665008421042,1.607384904843538
gene_2241,1.4151562481866724,186.2258398068921,1.9644960848921778,1.8408023106238025
gene_2242,1.4473798969301377,1.3673854841442916,1.429770929209656,1.233231468012312
gene_2243,1.6950602613888195,1.398002588663828,1.2394287993504807,1.5149458782765517
gene_2244,1.2817319188123728,1.6005747225773705,1.778367298063366,1.655081440394844
gene_2245,1.4956278127667086,1.4587967576728327,1.2770128548676973,1.1946268110893044
gene_2246,1.297673839351989,1.3910717749497434,1.3160811738689369,1.4725316252581693
gene_2247,1.3553569094358162,1.363880586748849,1.206729829216224,1.348897930971355
gene_2248,1.2428592097864044,1.5539391102232682,1.4287240208881582,1.189753987955366
gene_2249,1.4026258876302302,1.1956035410833648,1.1777201227204719,1.4595356488707365
gene_2250,1.5303775818756662,1.3168209947167195,1.3264063882839312,1.154576249768873
gene_2251,1.2034837830695482,1.3224869643201451,1.8169380194467186,1.4422864999038494
gene_2252,1.334604140326372,1.217972758164203,1.4928296692318093,1.248079156879907
gene_2253,1.644473593077289,1.93193960822149,1.4661625308422166,1.1394341850452196
gene_2254,1.2425628208353297,1.5495741547394528,1.1354378635655886,1.176260386798063
gene_2255,1.3396310731152723,1.2005760708584183,1.314784925273181,1.5135253217837186
gene_2256,1.3679282253580194,1.1936765477723592,1.2662828441711793,1.2155491564753123
gene_2257,1.2312922826594046,1.2614660786139071,1.3053116176092343,1.1823831484187004
gene_2258,1.3633722965675164,1.4956836642108937,1.4679730089846599,1.3775138075845625
gene_2259,2.231303987245782,1.3145763943220008,1.5549243081865571,1.4349205394858435
gene_2260,1.176362803593637,1.2751684671153682,1.1730945155847803,1.2139769415456765
gene_2261,1.4197930515343924,1.3035867409148794,1.256938591667184,1.113944450335537
gene_2262,1.2045968122438782,1.3068644687221689,1.2779317637443683,1.198869200843594
gene_2263,1.4889352355011958,1.4035208168515136,1.2155261033658666,1.1860800206514128
gene_2264,1.247421424723181,1.2604872151010604,1.2574700566431678,1.6151985477936168
gene_2265,1.9307301454505885,1.9183052237665936,2.2469774116040777,1.4816273928833308
gene_2266,1.4570523711717165,1.2002653478325394,1.4168446140544646,1.296103474196953
gene_2267,1.5293625012690384,1.2819743625308937,1.4785053354536486,1.491300412844544
gene_2268,1.2862370623834907,1.2637975050717953,1.4041552621725313,1.1002516785778396
gene_2269,1.2470632894442595,1.4775335337088762,1.3913225949017407,1.3001562808230644
gene_2270,1.483862637511014,1.6615438290088422,1.4631871328530472,1.477310845918973
gene_2271,1.1446091678118477,1.4831393830065394,1.1502937178670327,1.221281723950917
gene_2272,1.5629728577153765,1.2538984099333845,1.3005390125599474,1.080443862489476
gene_2273,1.4436837990223652,1.2696318713864148,1.7296324859293053,1.6416145037813439
gene_2274,1.1658094289816343,1.4014486120047445,1.2341864683585477,1.1965268838643497
gene_2275,1.317135477098721,1.4499240302467677,1.3097174839794834,1.4114019182230766
gene_2276,1.6395776836083922,1.2020454948456223,1.2124374258242652,1.255080142550967
gene_2277,1.2520310305748839,1.1281910316059345,1.5609382685726299,1.2074450142877082
gene_2278,1.385764274210658,1.2858345655946004,1.1586491133843166,1.2260370887594014
gene_2279,1.2853232711309077,1.1838637321496106,1.3327411433782803,1.2139136219453495
gene_2280,1.4211745675290044,1.6343673990587506,1.6671121930873158,1.3339206649464592
gene_2281,1.1522443900596964,1.2129963066833738,1.195670120232335,1.23161100495809
gene_2282,1.1904136027740215,1.4110937890992394,1.340819344022163,1.339933815765213
gene_2283,1.471852672565578,1.4571666814232227,1.2768152186349904,1.320952368710703
gene_2284,1.3941167280032338,1.5616646988868215,1.2439740317332153,1.3103673110042138
gene_2285,1.5944173278178868,1.44206606560968,1.7000272776276089,1.4643787520629432
gene_2286,1.248483122361518,1.1989526440707738,1.1516681314436543,1.1852081305876796
gene_2287,1.2887719603677528,1.1912678196770075,1.4329144384586792,1.361669100870957
gene_2288,1.2287998909901705,1.442508500386552,1.2474028918585234,1.3364334884953772
gene_2289,1.2002651452064905,1.1592073966943397,1.177296812237262,1.1342059542771012
gene_2290,1.504323808982721,1.469752121613543,1.270432696614227,1.450035946159375
gene_2291,1.3071915390177913,1.3092427006535319,1.3605000160980858,1.5203893421438435
gene_2292,1.8899995814977868,1.681714648005991,1.8431018440511235,1.7692818135218886
gene_2293,1.4838415144581485,1.1702150646709406,1.1305572520053273,1.391654353642633
gene_2294,1.3221212533407116,1.2732870429823098,2.9101102129158862,1.848731774327397
gene_2295,1.2465525627234568,1.2147872207537913,1.2469249970283247,1.3168558823563556
gene_2296,1.430164076324972,1.3348256517446415,1.3088130385414265,1.3461707480403915
gene_2297,1.3488224825881496,1.7220806896898524,1.2656472129261152,1.1760017248438894
gene_2298,1.239775250835033,1.3055767145679604,1.291943027967438,1.1974417704785625
gene_2299,1.3882178465565458,1.268600061604477,1.4334143933683474,1.2139226441682127
gene_2300,1.134369814310803,1.1851928807065706,1.130868754987897,1.196216440135787
gene_2301,1.228725553607213,1.2601091479695588,1.122948587515707,1.1101647755331758
gene_2302,1.385456386218801,1.526877953965353,1.143841903942735,1.3621892308264758
gene_2303,1.9728113573000043,1.6877528986878558,1.916780379720767,2.019378095742796
gene_2304,1.5396463117559065,1.3319504349042646,1.3980260188878089,1.3947321145586127
gene_2305,1.3465962267532894,1.2223835597785233,1.22143000887272,1.307724475692571
gene_2306,2.151486207688774,2.0560472832430468,1.6042226526581427,1.8145943865527023
gene_2307,1.6100298030331759,1.2061586947267158,1.4547289439374906,1.2787111681379313
gene_2308,2.0958874888884966,1.439427234723551,1.355554457137609,1.3351108604605777
gene_2309,1.1669687578656662,1.2426954715576413,1.1995360880356518,1.2434961365414288
gene_2310,1.5498163057839398,1.314309056424704,1.5934272993403156,1.2051593308261368
gene_2311,1.5504716224424973,1.3168260393462339,1.3210826423415747,1.5487856126219437
gene_2312,1.2240986832662974,1.7060875654989414,1.4086810667723215,1.5343711146775783
gene_2313,1.0997196612031648,1.7178034646139562,1.629034922626121,207.8545610496459
gene_2314,1.202059969036904,1.122327490834255,1.3232259004546343,1.2945624137623912
gene_2315,1.302469348324781,1.5473325267136455,1.3822258248674,1.4735448961867743
gene_2316,1.6569428806530477,1.5204634122626046,1.4328550408615928,1.384082836045018
gene_2317,1.4898220124673267,1.1794390127280319,1.3416416268032856,1.664564670270565
gene_2318,1.552717927104668,1.5135976861280191,1.378840895674606,1.2282183027192468
gene_2319,1.737884201098554,1.5304448946615286,1.5141003437760263,1.3276594532533073
gene_2320,1.3951961052032915,1.6074349564537678,1.2393510694428385,1.3271219088975854
gene_2321,2.144668135698608,1.9456218559504377,1.8744397751214927,1.236574661310513
gene_2322,1.617906659835416,1.454432141724577,1.2431696291912495,1.5022586030382394
gene_2323,1.4266828110441607,1.3404736534984083,1.2705040974038782,1.3429163444377754
gene_2324,1.2749898312168075,1.3227725209658758,1.2544625795070277,1.4739550635672234
gene_2325,1.6537126689308321,1.4729203163327926,2.0108726171883133,1.4841238205116847
gene_2326,1.163793992499421,1.4120084345921653,1.2443271977541575,1.352725795493064
gene_2327,1.392593052095977,1.3488206727378023,1.3132760235997465,1.3558089937453182
gene_2328,1.4245456946818675,1.7970996324584583,1.591953972158362,1.3327272895064202
gene_2329,1.2662113892342153,1.1346962530598748,1.091416356394535,1.2739691243639675
gene_2330,1.6709940805036818,1.6308386017459087,1.3551320206396649,1.2545326230931533
gene_2331,1.1969125587425298,1.1490922590535055,1.1872452703598402,1.2857270513669925
gene_2332,1.1689963289117777,1.1370688506169078,1.3373932638643706,1.2143276092245747
gene_2333,1.339218900000752,1.6251850253102824,1.639902002357821,2.6209990387439186
gene_2334,1.2480939875439037,1.4517881868611853,1.3880270789249605,1.284112720015848
gene_2335,1.285804309220283,1.8293586652813785,1.4542998721472002,1.4560255433586742
gene_2336,1.681851927091257,1.4547417338806543,1.6660852935573853,2.2515819807561117
gene_2337,1.672816705977545,1.2410553895668277,1.2404387031659319,1.4203950482282637
gene_2338,1.2070851586275948,1.2800167687580706,1.35829895540466,1.2042813300713784
gene_2339,1.2799878367062545,1.212629559394957,1.0711691867390047,1.2386855371667194
gene_2340,1.3404470990891426,1.2636356814717185,1.215745252616661,1.2401682308559987
gene_2341,1450.4517620599972,1.4990117533385643,1.2705497219694033,1.6337892814254826
gene_2342,1.2047975279524044,1.3320310521800742,1.169021753743924,1.1609272709176781
gene_2343,1.299133084989179,1.5048317489610423,1.3937152849628534,1.5049686255877757
gene_2344,1.3574991244984027,1.7717485091451555,1.5309248265722288,1.3049823473890227
gene_2345,1.2414990237034176,1.3897384067343312,1.4043233902693115,1.6622624020207233
gene_2346,1.3994225458262957,1.306547969329293,1.3707941937004882,1.3931090223792255
gene_2347,2.660217192864067,1.38227381100284,1.218192986329947,2.3609196678385613
gene_2348,2.016943919791755,1.257458886660098,1.7773483469484987,1.2597602844354276
gene_2349,1.2217744948459974,1.2896863592857946,1.287416563855404,1.2010446858563093
gene_2350,1.3507018325508569,1.3285049555714736,1.6019540311336298,1.378220783930849
gene_2351,1.3180220921651586,1.2844092565780507,1.2866436992793966,1.1833253158761174
gene_2352,1.3656148909478132,1.2972040487561074,1.2170646945205776,1.492368467298836
gene_2353,1.5372234664229838,1.1950674900669278,1.3404817446268131,1.3975007535858244
gene_2354,1.4591356605644554,1.2733764041199367,1.2135243261498687,1.212475974861081
gene_2355,1.220177084663331,1.4909348870597254,1.2626989084295377,1.4682975847338262
gene_2356,1.528408828823167,1.529305569790755,1.5286763880551595,1.452509277886285
gene_2357,1.6789951234798548,1.6960432151796676,1.5815281803033256,1.7957826015491394
gene_2358,1.5847662500945672,1.7244387115536162,2.8340408774134938,1.782215243830139
gene_2359,1.1079437228546674,1.2481139968951753,1.2969224048639179,1.1777407959392245
gene_2360,1.3397698939625216,1.2725725853036998,1.3811411355875571,1.5920304072270715
gene_2361,1.6346445145366395,1.8305688918303893,1.2427457346949002,1.5218476496795423
gene_2362,1.3535575936428945,1.4326398667641222,1.2363097897654092,1.434883543588448
gene_2363,1.3849625480699461,1.4486826884469821,1.2802242391048593,1.5286145507288045
gene_2364,1.2125906451096542,1.3037004395615963,1.209231698641588,1.3192490562294343
gene_2365,1.5592170543257025,1.4317423906121554,1.3716980943137012,1.753948903508585
gene_2366,1.5043466141255772,1.3983784414367124,1.4627863921364135,2.1103427769537237
gene_2367,1.1625973945570587,1.2129670132826402,1.4092676904305947,1.396765627555568
gene_2368,1.4396328082986114,2.203923191404547,1.415983868452304,1.3581571382809126
gene_2369,1.373767819550854,1.158716371043774,1.2135253219172406,1.1770758851584107
gene_2370,1.2037401673669974,1.1697067317794265,1.1864714048436993,1.1906520112134855
gene_2371,1.2402465092355641,1.5431778307351525,1.5441584681716123,1.23060303066648
gene_2372,1.1093044720648053,1.3511939345352146,1.1972475587543123,1.1727609922846245
gene_2373,1.3460721032469078,1.3302298262671421,1.611863272885973,2.0826474539800515
gene_2374,1.552967745463642,1.3257856874483944,1.3011995962825427,1.4957209184102307
gene_2375,1.2675228811078143,1.196735960019203,1.2524168502815636,1.170882572605124
gene_2376,1.4873671594069375,1.2664381536228382,1.1367233894795614,1.290593496309903
gene_2377,1.5187577622060695,1.1967340689759927,1.5156116252636807,1.3054184322785474
gene_2378,1.252083720961552,1.8239508143467347,1.2892549528958597,1.2877783803148417
gene_2379,1.5557097548609569,1.6064637542482256,1.5391054219950795,1.185299879385777
gene_2380,1.7981351690518232,1.5086033123117062,1.6609731109087407,1.7381785377531282
gene_2381,1.3640694090358814,1.413446875995845,1.20968958097323,1.1126657297196372
gene_2382,1.3240694265814557,2.8778549136192644,1.41231882688848,1.5823738990406806
gene_2383,1.4334423681487307,1.290134905010454,1.3391787497855072,1.4961430911005356
gene_2384,1.393546912832258,1.3415297897459788,1.4648614139568783,1.4191555971555698
gene_2385,1.8049761952805523,1.3168146755441885,1.2974266612332115,1.4919117885924436
gene_2386,1.1559896945779142,1.2336769303950605,1.189683905851015,1.314085889372903
gene_2387,2.0114328425837766,1.4635912510207116,1.1998042573632033,1.511946143935332
gene_2388,1.3629907144521491,1.381269667208914,1.2369339063088751,1.2654485012160224
gene_2389,1.317491995568162,1.2305254979313145,1.0898580996150409,1.3297097099526973
gene_2390,1.810622353462805,2.1689146857343573,1.464602340622784,1.4272391908398216
gene_2391,1.42009492021138,1.4038289177378804,1.7514804235791903,1.855350741194286
gene_2392,1.3039798177357407,2.1367706914517246,1.2817555358392205,2.4482664949806603
gene_2393,1.250848716915623,1.4085882614371013,1.2479960731145536,1.5809575776414595
gene_2394,1.28822575142156,1.251974665146673,1.1847506453008967,1.1640993740817172
gene_2395,1.302962262233915,1.3991531879331685,1.4357170135204413,1.2663014889222226
gene_2396,1.2842427109116008,1.323930066635506,1.1670006950357148,1.1657177414836146
gene_2397,2.1872892902078536,1.8926627052531102,1.1688811523255471,1.4517193201440228
gene_2398,1.3145593895303167,1.7204230678197954,1.3589974022486924,1.8216263153125354
gene_2399,1.2884974048040658,1.4992355572871994,1.3387638253992244,1.4164209491294724
gene_2400,1.1123068626454646,1.3004898551256165,1.1679839970608543,1.224201090600659
gene_2401,1.3556803987971402,1.475700544767134,1.227529768684615,1.1831361007603545
gene_2402,1.3533440401881702,1.4227110754028869,1.331477379994484,1.4462055740598099
gene_2403,1.3037659398011197,1.5095842144565605,1.7692143848401354,1.397100935468586
gene_2404,1.316395169299118,1.2220349722658816,1.24294071620929,1.3964931279785662
gene_2405,1.4005439031254112,1.2619822020071514,1.190974954296609,1.232386185413947
gene_2406,1.7924975727485148,1.7072832149900101,1.274870747178618,1.4765785676614165
gene_2407,1.6494607779379464,1.2927583760481882,1.2822266132142561,1.3014447251174928
gene_2408,1.3764090560477595,1.4921371351658619,1.3269088119365993,1.4070503047893836
gene_2409,1.2863238688659397,1.7051249392842482,1.5118149350406547,1.5232691031940677
gene_2410,2.132881179101484,1.3729641481251862,1.4454216913992728,1.4109531869339664
gene_2411,1.3277142585051025,1.258510234152346,1.4278302383354295,1.265948443268642
gene_2412,1.3200746033918096,1.4587062028160935,1.2885527219835493,1.1721598730721619
gene_2413,1.476653671507365,1.4906847083455779,1.556140459946137,1.272118095897321
gene_2414,1.224346888290857,1.2409283334740575,1.1904575890010791,1.2239547823737764
gene_2415,1.778367826147311,1.280758233468771,1.369091713692768,1.1837880369821707
gene_2416,1.74934904535766,1.2356330952952366,1.506322213120798,1.766067206228462
gene_2417,1.4660927192025732,1.4916904492647651,1.4756211419762226,1.2013985171097252
gene_2418,1.5799434636901282,1.6504562988641631,1.2929055191882732,1.8834058217208285
gene_2419,1.4527130648327282,1.4234649599935336,1.2682692041804482,1.2419725566521964
gene_2420,1.377027132181214,1.3789934276677995,1.2645379771199372,1.2521540005399465
gene_2421,1.421455644099465,1.3848722600364063,1.5669144500936572,1.5703246414839556
gene_2422,1.4017427786357264,1.276892976548837,1.4865287495284376,1.3555610805344736
gene_2423,1.4320921741737225,1.4021628201773741,1.3665684772878457,1.3966668569073155
gene_2424,2.091076963774945,1.3834039703334835,1.3432133866536715,1.6106425649503613
gene_2425,1.326253625573608,1.619907008531986,1.2899981503239883,1.3223448431861797
gene_2426,1.9111887089286101,1.3365984501261106,1.4296782527191465,1.3674776014276855
gene_2427,1.3022513948189598,1.3571964387930935,1.3430532752218063,1.3590416397978038
gene_2428,1.341687636883228,1.2129316760216227,1.090290551727405,1.2752426012977076
gene_2429,1.6026972376840891,1.4558017769929399,1.3912654845350454,1.363401653745127
gene_2430,1.3319550218233744,1.5267113558447039,1.3504473536537493,1.2824162397679537
gene_2431,1.3073125319154533,1.3806898976773727,1.3376426559089696,1.1927054660280325
gene_2432,1.2323449502383657,1.3183353933400093,1.321126833521883,1.4257526699218548
gene_2433,1.6216945856090996,1.4249858600670566,1.547225051214489,1.9327824161311107
gene_2434,1.796775585084513,1.3225882616619604,1.5945767996891014,1.381097791806411
gene_2435,1.7242551111865807,1643.1560478980045,2.109823018399789,1.3640809734146533
gene_2436,1.3838100052288214,1.4629137214302645,1.610309027084861,1.1047831118068034
gene_2437,1.197834021399707,1.2322899118222854,1.1887647074525396,1.2427248109248534
gene_2438,1.2477272633266228,2.0429791882709307,1.4120568662271324,1.4666273724631436
gene_2439,1.7195656475015042,1.2088604493931732,1.2778367950868776,1.2932779650210764
gene_2440,1.3060618577207603,1.2760976873358145,1.3720588817679706,1.3117928996442931
gene_2441,1.7360918395874145,1.4081308413444886,1.566647653052297,1.4208454785399256
gene_2442,1.6715502072863793,1.1841216540913049,1.212002617675507,1.3572293597332994
gene_2443,1.2517648661500247,1.3007696653110181,1.3087373491767507,1.263563984578097
gene_2444,1.5844491699649765,1.290539641584109,1.1970973127942157,1.2268556250450762
gene_2445,1.2470969217805283,1.5066808213497795,1.363558191556534,1.3554507676283747
gene_2446,1.3057577952688644,1.1985303025305543,1.366706654036251,1.2525395920911748
gene_2447,1.616346721478939,1.4438586445594739,1.95267397385934,210.9551348138996
gene_2448,1.1638340121561894,1.2040877743826044,1.0933515745970757,1.1527734531108553
gene_2449,1.7479361890212495,1.4777593158121176,1.4994933363557958,1.2351067421785509
gene_2450,1.2620355702360424,1.3018092389922367,1.177602068062617,1.2037946238496673
gene_2451,1.4077216450006258,1.337376331101076,1.1730694628637397,1.7048466562433737
gene_2452,2.3580217138917345,1.8292615357042534,211.14431242579866,247.97756261298449
gene_2453,1.6893006209007486,1.9058132920628805,1.730163626885879,1.324033941048085
gene_2454,1.3316227318126608,1.126567496585469,1.3234906800953425,1.3382081906778864
gene_2455,1.6475007741084768,1.2526958375300052,1.554383485849852,1.2401483099751558
gene_2456,1.141175911466934,1.0827500024728183,1.2022514728313052,1.2132309346774623
gene_2457,1.6564809104479779,1.3552831052441923,1.2588873882168512,1.2641466589300259
gene_2458,1.6683996172183564,1.5216697611442538,1.3828522412426887,1.720959373194774
gene_2459,3.1169075942190023,1.2407042125123746,1.3151459754554213,1.2553644546052614
gene_2460,1.3015468146719864,1.6415715483063822,1.451484441124302,1.6435710098445355
gene_2461,1.2102692747602268,1.2367142635252444,1.3986953020433672,1.4742848140971685
gene_2462,1.4626613097384824,1.448418649528225,1.570387706880422,1.2533271995601059
gene_2463,1.3667419950888982,1.330363855599947,1.551146906233207,1.4559866142126903
gene_2464,1.3637566387612834,1.520747440696966,1.292114545432059,1.5257331630497588
gene_2465,1.2353958285460642,1.2815068977087816,1.218413167298938,1.4032951424333016
gene_2466,1.5551250614403402,1.5357719924777826,1.293259698538048,1.4720653885889006
gene_2467,1.7266131910790115,1.2639714509803706,1.5818565039666401,1.4622773299304792
gene_2468,1.3046657915981026,1.4362304911176658,1.3436427938247162,1.3416890387787819
gene_2469,1.3338876264643487,1.3011188419252657,1.1794923080247675,1.247408808408571
gene_2470,1.3486556117401316,1.201965909052782,1.5105747180424332,1.2276723818857156
gene_2471,1.2898593030403362,1.5086650552049214,1.3905226393064942,1.2579246907908672
gene_2472,1.5111142439412768,1.3902402116708577,1.2740381043668252,1.180804770868719
gene_2473,1.4383756712120017,1.2872389789516825,1.499024934667137,1.369521685730721
gene_2474,1.677710001726709,1432.7566705148217,1.4354727282900097,1.4201557156464633
gene_2475,1.2980251301880659,1.1178625691500457,1.2361531039594629,1.5658845225301194
gene_2476,1.4173703953550965,1.6595522778077232,1.5886831820220424,1.4892920006095915
gene_2477,1.8841571217131454,1.5504762265134613,1.3833887777652352,1.5739051534857267
gene_2478,1.5428107112241543,1.3128056312407954,1.2538833489997407,1.352554995486654
gene_2479,1.5795988935728018,1.3452812866429427,1.7028953648585097,1.3213472940843325
gene_2480,2.322170535368264,1.2511106879924423,1.6514713320453214,1.3216290453041288
gene_2481,1.4416193588043227,1.4422615549810898,1.2571480367815624,1.3515633097360078
gene_2482,1.3848836652940815,1.4605586989576584,1.2705298282554527,1.2944238668710912
gene_2483,1.3876518651166634,1.3566260869061546,1.4151522866399457,1.365199866996998
gene_2484,1.365202471958185,1.2699409320716426,1.1114959714456851,1.272164202154131
gene_2485,1.215638879357337,1.3475447879526463,1.1407518881220629,1.2311898840937876
gene_2486,1.572231202590919,1.2393073142902373,1.2558580432797533,1.1840371315795613
gene_2487,1.8281003953284893,1.465825298626926,1.4084886643067798,1.3900718531762273
gene_2488,1.589731043807788,1.778383386962755,1.3562541211906232,1.3143307277205778
gene_2489,1.2396922341200434,1.3765944583458833,1.1505291447138062,1.302875021095899
gene_2490,1.2859620139561427,1.3492513910802266,1.1694152250108516,1.2664070225694941
gene_2491,1.6929461911280945,1.1280646029339587,1.4388965682158366,1.1919673516597697
gene_2492,1.2302485366834988,1.3203537266338679,1.210043703065175,1.2000989985525785
gene_2493,1.3351469869243822,1.2381623978056262,1.3292048572367086,1.4606501402504986
gene_2494,1.260977991437782,1.4265627248676496,1.3631595479214091,1.4052925364825868
gene_2495,1.7595197315597475,1.4122439562329536,1.2902083945515113,1.2898198954298559
gene_2496,1.2824150529672111,1.408197872159032,1.3693669160165016,1.297592035531048
gene_2497,1.4806584659683486,1.7242254688689083,1.322117396547025,1.3243441257383914
gene_2498,1.1601144289254885,1.2833674056183215,1.22956752088536,1.1240379139174417
gene_2499,1.2975559238509808,1.3625978970230224,1.3764706767728128,1.249923586836328
gene_2500,1.910905719922456,1.351809225313785,2.0824824284271863,1.4168911659212446
gene_2501,1.4111359136912967,1.321023890228918,1.4430831689064838,2.268982592573861
gene_2502,1.2780273337601065,1.649553194053073,1.1187433630374202,1.3392218455662368
gene_2503,1.7853942329132768,1.5728300732880818,1.3370782021557674,1.4489792112500017
gene_2504,1.422848353914931,1.3139255283178066,1.2640379406491529,1.2106343982873013
gene_2505,1.261436095931485,1.3574548923592897,1.4499994380839816,1.356492635168642
gene_2506,1.1128856221476913,1.4018252938673135,1.468486437326354,1.7978485006339975
gene_2507,1.489284033470977,1.301908048530535,1.3000830627965134,1.3155420240385645
gene_2508,1.4019885078043615,1.6131980430242325,1.8492817034314157,1.82885353126251
gene_2509,1.3649676328395404,1.4258256358749921,1.33007167980562,1.600140573439212
gene_2510,1.6065064504039932,1.3611057765063574,1.3206826103679183,1.1395011719678227
gene_2511,1.4263347509982702,1.2402395990039312,1.252690539980027,1.1969224289905935
gene_2512,1.5158679864217282,1.5468411539017553,1.5167141861478024,1.6129173856781394
gene_2513,1.7571116498334904,2.776332809416174,1.4543140617973973,1.7284287354037313
gene_2514,1.9003409994264535,1.8293382114022376,2.8021738187179546,1.1869260970068918
gene_2515,1.3763039745053773,1.3033652213550944,1.2217047165318755,1.2532127044329182
gene_2516,1.3455878350311221,1.1183310066605483,1.0864278368558475,1.2596786616293494
gene_2517,1.4219424976226909,1.3728372388714583,1.1643427726565345,1.5139768188017717
gene_2518,1.3559151283136037,2.079268764806708,1.1140928190508503,1.3952763241034791
gene_2519,1.3345501476075299,1.247225636780843,1.4253271555124796,1.2633519236129995
gene_2520,1.3948796735630908,1.2840757657208821,1.347237860722912,1.4143626633373485
gene_2521,1.174639157280775,1.4425242890665064,1.1415387381614241,1.3846124569072789
gene_2522,2.1352404983127067,1.2522914570183363,1.56926349782474,1.147560114739339
gene_2523,1.3993631703882,1.329757053723008,1.2706890662786439,1.2546835653435886
gene_2524,1.713970012345424,1.17035634550575,1.3850266041875243,1.0971231130944321
gene_2525,1.316402649205817,1.2745413851941618,1.3965319477957934,1.395975905598889
gene_2526,1.5513746262028638,1.4734716184993653,1.6924063334955308,1.4234219776299866
gene_2527,1.425978386096285,1.5595797674508058,1.451287462365313,1.3069640131093512
gene_2528,1.6266520477692141,1.8524203856267936,1.6067561708190803,1.3258828946623538
gene_2529,1.6368396914276038,1.288907737900999,1.8105975636888603,1.7606147557275917
gene_2530,1.2099487733259966,1.3696901553151453,1.3258430630979434,1.3398812543658234
gene_2531,1.4322223388622524,1.4130695377856113,1.4647618239984481,1.2349575643172859
gene_2532,1.5077883525317404,1.2638290691741743,1.460140500559986,1.726141816096257
gene_2533,1.7416722122073438,1.138034046191914,1.458306858631923,1.3427915573986182
gene_2534,1.197188347289779,1.4964545628176844,1.5660709672884887,1.3805079565652119
gene_2535,1.5681623831956757,1.1954316343266072,1.2747325155867373,1.5911139351875543
gene_2536,1.4546071596988408,1.3275527329061603,1.2757863778334937,1.4171058592409387
gene_2537,1.4375937517751838,1.2547867686068854,1.2887998565257268,1.422115491633905
gene_2538,1.3589067852800107,1.22896767355213,1.1863206693467712,1.2098899096501847
gene_2539,1.241611335405378,1.1690259697615553,1.1900846648002776,1.3724204822668178
gene_2540,2.153639886805095,1.405503664657222,1.5744997665060676,1.337809044882848
gene_2541,1.4436114995224651,1.2534952891086124,1.2002057991929205,1.3419020585252603
gene_2542,1.4569268785041667,1.8320179228030926,1.3724173888611513,2.154484963170632
gene_2543,1.39560521349447,1.4429121694140814,1.773279069967759,1.3451605274051062
gene_2544,2.2278160898455903,2.2989603942440175,6033.51910744942,2.061808434469349
gene_2545,1.3300446709935834,1.2728225737541359,1.4346070883563773,1.2702609155057694
gene_2546,1.1530287052240482,1.2012579254983868,1.2721930677592104,1.1118487236715264
gene_2547,1.4245559978396245,1.5936835777714005,1.518252432389371,1.2460353744741461
gene_2548,1.1695369243365332,1.3840895537550615,1.2330433561076954,1.206524922325527
gene_2549,1.3078432860539901,1.1651581735103542,1.3465870153281592,1.3784889900517503
gene_2550,1.42421142926405,1.6517353656426665,2.3615420828931506,1.3130019361344636
gene_2551,1.626376574722947,1.468303154409693,1.677679714158855,1.5341231374671715
gene_2552,1.1780703508160224,1.1881063555985816,1.257347110273793,1.4009204040792664
gene_2553,1.3900269816785442,2.3099974657568887,1.3301363838038744,1.6289659935086083
gene_2554,1.3294568545650702,1.4767842691502737,1.1763509971856025,1.2547358166683582
gene_2555,1.2858261226119332,1.2360671970927157,1.2493198481120114,1.5469553278881372
gene_2556,1.4636522995576793,1.4035138815621844,1.3418146105764024,1.3459617329959535
gene_2557,1.8056917770378262,1.5610419486211047,2.0769243119609673,1.7231227247906593
gene_2558,1.4181581397441132,1.2603321994872472,2.166943244605758,1.7227206927168295
gene_2559,1.533236541272729,1.1722976760835202,1.2150566150976507,1.2965479116273333
gene_2560,1.2743317026315515,1.282004275397195,1.3369903475175646,1.2845460140687612
gene_2561,2.2721219514811666,1.3113268159570253,1.5736608657172024,1.99707175118795
gene_2562,1.2575723099707936,2.0558011648776744,1.1794562254182752,2.158763264669576
gene_2563,1.5809081287530016,1.2581611398437906,1.5025402157312762,1.9344821202801645
gene_2564,1.246759944353948,1.337940595257065,1.2396101887512923,1.3543718942560572
gene_2565,1.16179604258099,1.4368775536619431,1.1569791742740183,1.146107681256395
gene_2566,1.6427080242864949,1.6622153730962665,1.468489332498602,1.982507854842207
gene_2567,1.2236248672491703,1.215598578948524,1.171321347591805,1.1381632211056887
gene_2568,1.4234191769674764,1.1889822843174713,1.278561258232876,1.2815914627316949
gene_2569,1.2399853958911689,1.3019648430206707,1.2751956086487728,1.1952881582316202
gene_2570,1.5005410241037205,1.4014482459631281,1.4729578460985429,1.261370214588779
gene_2571,1.1009675742603617,1.253669107292682,1.2570510322177355,1.321533701158868
gene_2572,1.1741373196274931,1.2682944537610006,1.2138111832687628,1.2095650484290814
gene_2573,1.3394343468364094,1.5047121038607993,1.488658341855255,1.386216177847673
gene_2574,1.2711514702146123,1.076729575154345,1.216447811343484,1.179145167574263
gene_2575,1.760244333313188,1.5492673054339572,1.378823125973659,1.687626100603777
gene_2576,1.297526135886093,1.3751636634031468,1.7518100308094018,1.4216811975210542
gene_2577,1.9437672886012174,1.9785708095265286,1.5880965456295182,2.267667476537021
gene_2578,1.4696268053249983,1.1786668744621471,1.328901843482139,1.2617993353526098
gene_2579,1.4391003584379511,1.182703984388289,1.2882832353904838,1.3231864585878548
gene_2580,1.3780159262980796,1.4541708357797152,1.1837120727486938,1.4382857507256117
gene_2581,1.3265151891193607,1.2929547390947966,1.2360970187655027,1.206220220360974
gene_2582,1.5669874254833946,1.538925892866998,1.478080325389952,1.2422944245670382
gene_2583,1.5000822393658377,1.4294954906432915,1.2966584674964912,1.189034778454055
gene_2584,1.4700235144665525,2.113340927031692,1.5684342153748192,1521.4856509146223
gene_2585,1.767872921074586,1.4552015854003248,1.342945730079885,1.2303379091562257
gene_2586,1.6285097048373693,1.2315531134289905,1.377732269630742,1.239004209472592
gene_2587,1.8003984749936914,1.2817562232976372,1.2683859493430585,1.9076563378325964
gene_2588,1.180269062100458,1.9981721915215471,1.5668492166388432,2.3866245261494763
gene_2589,1.5634480811407543,1.330484281978567,1.2235046854416007,1.3396375024975855
gene_2590,1.3238545616637143,1.2312463914857248,1.3417248393302021,1.3339139743169557
gene_2591,1.242311943571127,1.331745864275714,1.4023433731368036,1.3262043998270578
gene_2592,1.5936043802892008,1.4718542167250743,1.3518905032715551,1.588646782714294
gene_2593,1.4642935199711262,2.5585509217877997,1.432077855984653,1.2845339367364637
gene_2594,1.169863361720968,1.3369379601083933,1.3062041617073326,1.3584589455771185
gene_2595,1.405646988073881,1.3696931571843423,1.411561949234504,1.3699588981845576
gene_2596,1.3943724249025278,1.3781489676397012,1.169602572735835,1.7048273696972605
gene_2597,1.8914656821982123,1.4364362639453696,2.2217500797286363,1.5437874614456983
gene_2598,200.3392536508991,1.7680014860956026,1.6464018519775832,1.4496571183000708
gene_2599,1.6440580823612645,1.530268791310272,1.319634708061458,1.340611635985293
gene_2600,1.2503921886444682,1.2108065531126293,1.2479511632182458,1.562247652259769
gene_2601,2.25021651048791,2.1583257998245213,1.3817728715486612,1.3089147631661016
gene_2602,1.5459987839528206,1.5520529091174446,1.5937466518644263,1.3172024938119142
gene_2603,1.264394397355303,1.4795143769292154,1.1945761533271264,1.3321952642130517
gene_2604,1.2971574313458074,1.5689460466969043,1.2686551557518004,1.366764031727543
gene_2605,1.4843183408159764,1.486600450087438,1.287126224482349,1.3733087266524422
gene_2606,1.3231813821365135,195.22529572427499,1.3172748723003191,1.5093604783829053
gene_2607,1.4260480874462478,1.6559222098253426,1.8759089027581821,1.3863500004857368
gene_2608,1.5950060981923646,1.4358526130502376,1.248857928940645,1.4118747734011594
gene_2609,1.2431723962882681,1.1559711063135298,1.2758139456342201,1.396097659084265
gene_2610,1.262629650192328,1.3069453576790746,1.2595277816791917,1.208162207078406
gene_2611,1.6942362667761919,195.03831842070872,1.4283376797125564,1.402726243669357
gene_2612,1.5323739653513053,2.7139822684457204,1.1594594115147296,1.4979057784499568
gene_2613,1.1568814072121103,1.2177625918451884,1.1835709085582118,1.185629753461544
gene_2614,1.6808684585427218,1.5563537560878309,2.10360239971661,1.898558405229406
gene_2615,1.4762873732471626,1.4019727296240425,1.2681152588934776,1.148439563935586
gene_2616,1.304349353603808,1.2528466376846432,1.3405965902932346,1.4912026519586306
gene_2617,1.5188315798956251,1.7803496488318677,1.2067455432619973,1.4081842226484207
gene_2618,1.5893336116775156,1.2522363182303422,1.2996154671655746,1.3638105557398508
gene_2619,1.3162865200994043,1.258937387264738,1.1249081763163775,1.207597122331467
gene_2620,1.4136145613517366,1.2887034680038905,1.3557531281609831,1.3199720519399667
gene_2621,1.8155502938887191,1.480420369032147,1.513528253234077,1.3344682217251072
gene_2622,1.3389706145603892,1.3015729729242957,1.3038995761965582,1.2897072005399997
gene_2623,1.3983757315475736,1.4084215468217227,1.1698274127951787,1.2302634155547758
gene_2624,1.3226553377036274,1.1756493825152525,1.1282493327108776,1.2301415626723533
gene_2625,1.7051697380255182,1.1222694066294092,1.7015409071670187,1.2855741788462574
gene_2626,1.295525364907159,1.3773434181670525,1.1166164750755954,1.7947686829477651
gene_2627,1.8986629140999904,1.4478286721601275,1.5041393727536554,1.6098128195573431
gene_2628,1.435548609328433,1.4610468160840933,1.3515813087012405,1.633016488181386
gene_2629,1.8226630768296652,1.6638325091279558,2.718590088546342,1.52519690753514
gene_2630,1.4432540185160994,1339.1771950355396,1.5296011137140781,229.4734670495029
gene_2631,1.5343374161407057,1.5422640999420187,1.5818851026574308,1.2645498470491343
gene_2632,1.8192285392467205,1.7615589187284202,242.0603958146613,1.3916453865785332
gene_2633,1.5706614222773843,1.3889932383724017,1.3301713385255665,2.3112627041927225
gene_2634,1.5770585323779691,1.3847871245859635,1.5075749434177381,1.3830155381097065
gene_2635,1.215401692125849,1.3349048624644104,1.1643966131608945,1.2642122028361105
gene_2636,1.2898567573581128,1.302778343970029,1.2737441379964178,1.242117038762333
gene_2637,1.4654477319192158,1.267908465478306,1.2297882094637334,1.0886098590021873
gene_2638,1.3013110285489393,1.1974911724259862,1.7460331216873095,1.2046369790273828
gene_2639,1.3621051087191218,1.303894405319656,1.191852065193074,1.1810701689541159
gene_2640,1.4297803755800353,1.246439766690219,1.193590241254743,1.3665245255314002
gene_2641,1.553372642860352,1.1637902141406786,1.3773099360606447,1.3818271256177288
gene_2642,2.9504836622451474,1.1435101707205553,2.262227235534235,1.5624200058714564
gene_2643,1.4987388311646594,1.779988614476022,1.9012340022354577,2.3030041495092783
gene_2644,1.4109937396609895,1.1440499539824027,1.248860858066624,1.3697264900974138
gene_2645,1.3180486146357113,1.5000193967928148,1.2583480953566641,1.3620749144933464
gene_2646,1.3656956504628905,1.2331910703321463,1.442017651770032,1.3244984940957278
gene_2647,1.3326897595761906,1.3738323996491701,1.1424622000693156,1.256314026063237
gene_2648,1.2740281499515678,2.6552835531121346,1.3799339905496317,1.8404823268866881
gene_2649,2.208784733050803,2.3073621819341366,1.237014816826773,1.9809465011931149
gene_2650,1.1823956967663931,1.3162532310533208,1.2513583016411385,1.152480878642086
gene_2651,2.0147891156536626,1.4728598536939752,1.6768973537417544,1.6360712967583526
gene_2652,1.2453001207161203,1.5710779185485675,1.4436049471942827,1.2748194927654128
gene_2653,1.6659313221387366,1.7685399001092679,1.5790675142320085,1.3955340203528517
gene_2654,1.1736975742856754,1.2898557701330013,1.2952003465496083,1.34619721752216
gene_2655,1.7867641376936183,1.3143029775762984,1.2085437696489236,1.8399104184628134
gene_2656,1.4325918931722246,1.3865160612278304,1.2254283217941409,1.2435449345927372
gene_2657,1.3854663330325585,1.819145559997095,1.4970560266129236,1.861625511943248
gene_2658,1.6318032554176978,1.147462896457553,1.241959518086222,1.1728933639618206
gene_2659,1.29550970040314,1.1774656651972122,1.494279741551053,1.5330262100520031
gene_2660,1.1979065776007736,1.3115980839357706,1.51921334188749,1.439063574905943
gene_2661,1.3239261106099576,1.565840300363593,1.1437323482564572,1.1098518084728066
gene_2662,1.3119360911708808,1.2896054806498123,1.4477327887960079,1.1879933017236295
gene_2663,1.2843883756667396,1.191586940319884,1.1579980028772152,1.149743078504513
gene_2664,1.301398802885155,1.3252710931700376,1.23186862973089,1.399401229689345
gene_2665,1.2800495689841136,1.344889600577585,1.2835731548714033,1.4405073382787306
gene_2666,1.3776359728628929,1.4339175696085165,1.2004144284599585,1.3899839977930553
gene_2667,1.1698828270951223,1.2076977427682531,1.2131445932470242,1.0518080765962794
gene_2668,1.3166058681633241,1.4074646961886228,1.3229767237341317,1.157642902181724
gene_2669,1.2974131837098641,1.6344904988237177,1.2960537685457718,1.2437189679814582
gene_2670,189.02173384676212,1.297764033990431,1.1757802768326022,1.8384997279757278
gene_2671,1.9366489555061728,214.9322857066884,1.4114239388028698,2.106668796423566
gene_2672,1.25888073130721,1.5889342842839518,1.501537388602694,1.2351597630552926
gene_2673,1.5021076478314495,1.5644403550987966,1.4504692581055574,1.2732543273001498
gene_2674,1.4252262258880386,2.339295649261882,1.4976471134666494,1.2697778982920593
gene_2675,1.332050044598824,1.2208121895509945,1.2291064051676213,1.175789403789382
gene_2676,1.257434491081828,1.186969515037292,1.1373166957758112,1.3234665461659407
gene_2677,1.1781344379981202,1.180688637796807,1.2245304979689622,1.131691566328811
gene_2678,1.3696877186179492,1.374486337192475,1.2706404250360477,1.3539059777519544
gene_2679,1.1301901170343789,1.3914768271598847,1.3245826597674115,1.275464721791636
gene_2680,1.5502756589021578,1.783176512745768,2.350287363772631,1.4002703632980136
gene_2681,1.3143954388349752,1.3001032617870676,1.3685394869202567,1.3137031358350908
gene_2682,1.3668800750145567,1.0749316277193384,1.2989220030474815,1.2394827897760952
gene_2683,1.1725360630837038,1.0689589840706248,1.2366184175778863,1.2550560845206813
gene_2684,1.3461267796377803,1.1805133587173038,1.3575942388513171,1.2803295594387003
gene_2685,1.4345663222416114,1.3004869518482176,1.4108388435903194,1.4460823208417484
gene_2686,1.6654820376225274,1.5277875499886915,1.8955364069417326,1.4065120210146358
gene_2687,1.161633832410207,1.5290721751183938,1.1704052348263898,1.2634319236965286
gene_2688,1.5204360541235922,1.3861671378435736,1.439206019770471,1.8516841113105758
gene_2689,1.6284595438959515,1.260003483027508,1.3264136819369436,1.136256468618731
gene_2690,1.8619758020494133,1.353514036618584,1.25633082706478,1.2479405360916644
gene_2691,1.8305674199190787,1.3066179823970936,2.150887078964416,1.3785767373122209
gene_2692,1.5070990490111522,1.832535737248639,2.1785820486218226,1.1842232851589698
gene_2693,1.3336199959354815,1.195269700793556,1.3722947444318097,1.1534966876418207
gene_2694,1.429371663695723,1.3312163826573904,1.1542730511284032,1.319047821022046
gene_2695,1.1875926490793178,1.372596389129407,1.6836030159397648,1.3478937715927661
gene_2696,1.1946733346351615,1.1993592495085068,1.1201510908479249,1.115473566467469
gene_2697,1.2926971271989527,1.498240645549085,1.459897947738177,1.4695476527022444
gene_2698,1.4906218855873192,1.3079971102850163,1.5010767995967877,1.3999394168479355
gene_2699,1.7562014677594828,1.218472875423295,1.338933693547994,1.3893983301096715
gene_2700,1.476104007208878,1.0899498344289096,1.3065946170311817,1.381254800518785
gene_2701,1.4659175551428678,1.3902458236356958,1.5040387083727742,1.384466743460092
gene_2702,1.2654253780697546,1.5574333371073688,1.28341515595825,1.2574467786543122
gene_2703,1.5032473128567452,1.3172711797694985,1.449187014608398,1.2917444119114174
gene_2704,1.3647400029094914,1.4478869608814853,1.4398068630702914,1.2912467366733191
gene_2705,1.354525059364518,1.9314350704040606,1.3130560462884098,1.391841990029693
gene_2706,1.2639663231602245,1.2298181225937468,1.3362156792620625,1.4263779498066234
gene_2707,1.3879224572718767,1.3646595300669504,1.3322843361352583,1.3724864826725438
gene_2708,1.3419481318447397,1.2534857417953593,1.4081089415295536,1.100437233966881
gene_2709,1.5287193450762457,1.3401020961635695,1.784362003045958,1.2440652791519757
gene_2710,1.2629997779340296,1.365904753490774,1.4402546889151053,1.5620895350153374
gene_2711,1.5938207802447437,1.5232020710665655,1.7114276952276377,1.5170525064720464
gene_2712,2.1405533379438357,1.645644214418455,1.7373914395715078,1.829172549444365
gene_2713,1.3036465065262244,1.3475255710557335,1.3190843515865576,1.1920381758464933
gene_2714,1.377378451272049,1.609812003505143,1.4915943843237123,1.5200153940967014
gene_2715,1.4230266583149993,1.4028787930809128,1.5580691843764234,1.3125368919700806
gene_2716,1.1926653721578393,1.3224150577949165,1.5850598544333068,1.2670230600025163
gene_2717,2.0217613889155057,1.299465639285489,1.6049531050003942,1.5924671651302136
gene_2718,1.256055817094948,1.3792652056393668,1.6436170156740015,1.7103376464558326
gene_2719,1.5213379174081705,1.559497161486704,1.2393600934627842,1.496082264409282
gene_2720,1.6531885658236798,1.3928818598032973,1.2606064198845142,1.3740652234779285
gene_2721,1.2792970337419796,1.1266791813608836,1.1849073547021565,1.1812697975268616
gene_2722,1.7287005068699364,1.5407352276221755,1.3253767839606616,1.2405973687484504
gene_2723,1.3186893104661865,2.1095706283443634,1.2665779985159027,1.3217052075286508
gene_2724,1.4368379816654124,1.2244965253182072,1.3610616890204328,1.140943043527936
gene_2725,1.4540103094450378,1.1840244053005915,1.3704593037537862,1.4550576520340528
gene_2726,1.3901583980929326,1.2113119134466115,1.3490041726084794,1.3026844639365334
gene_2727,1.3381510288018408,1.246834491195871,1.210885560701103,1.146462056469821
gene_2728,1.3165576820393483,1.1070749924777512,1.6089870812073048,1.2822944107743532
gene_2729,1.6011187972909033,1.5378917650850246,1.3326528660961445,1.2625390550013176
gene_2730,1.5247064522151956,1.2881971010133226,1.859759291891267,1.4094009487130186
gene_2731,1.7626852913217925,1.2242200549751956,1.2815819595673532,1.4291776305857369
gene_2732,1.239514220922962,2.062118529285475,1.4063281821071618,1.3915334452153163
gene_2733,1.480674414774136,2.2727607199379123,1.519624682915565,1.681390613298246
gene_2734,1.1341328772362465,1.2768755034507342,1.1550941618175457,1.125526198941552
gene_2735,1.247260134308003,1.2402750540035263,1.2707221868952288,1.231148264493605
gene_2736,1.7243973813820987,1.500645077525453,1.2856823332124154,1.4601840778679513
gene_2737,1.2870140762012021,1.2859965482181186,1.3237617378237139,1.222026004833149
gene_2738,2.157469254217607,1.5186011941639854,1.1933319519638284,1.685962000840844
gene_2739,1.1976134615024665,1.2170721747757958,1.1308084975823536,1.1612339121868667
gene_2740,1.7974124932301054,1.2696609970656478,1.9346807152405776,1.4760831874262623
gene_2741,1.1970783083661047,1.2853249188777371,1.2212388173991635,1.2151757311349725
gene_2742,1.2532319527029006,1.3134601033692832,1.210220298746153,1.266768211286501
gene_2743,1.5155152106299252,1.8033586275996305,1.9774146340078465,1.1759248720002125
gene_2744,1.541886012774269,1.5850361503546995,1.169051305316321,1.5049736804750342
gene_2745,1.093931766615236,1.4230621856576378,1.0919495777877344,1.277687491361298
gene_2746,1.4677766269602943,1.3743544263387286,1.580977071209385,1.2356669780722327
gene_2747,1.288231285077391,1.3869053338877004,1.1826950876728428,1.2003273631209903
gene_2748,1.2412308390102815,1.252951263665142,1.4646485343914646,1.3957818801611543
gene_2749,1.4884104970206817,1.26916711907575,1.4700798637645773,1.123438721803917
gene_2750,1.6519719988422659,1.2238117397802686,1.321112705667908,1.1559905678525675
gene_2751,1.2502656951937179,1.4480789466746147,1.2234017290420713,1.3418851040180448
gene_2752,1.5975362486222933,1.7877149548356357,1.1779342395561179,1.6055710865093036
gene_2753,1.3400699559981053,1.2713146724244775,1.4799296247707834,1.9295296484573363
gene_2754,1.3272428027259386,1.1678735613815125,1.1919824552623293,1.2458360479190942
gene_2755,1.1605501559653046,1.2980822523924744,1.1813938791807126,1.2429095578784253
gene_2756,2.3369697896977497,1.6196446326496992,1.598898943914092,1.3336898029010125
gene_2757,1.2148000821231109,1.7297225339795688,1.4940813415960728,1.5831990591544503
gene_2758,1.1972222309886635,1.3373573107523262,1.1904316359056561,1.5158921953905726
gene_2759,1.1115320849249906,1.288783017996983,1.1608281049961062,1.2705527930648404
gene_2760,1.5278783401117535,1.5226838203990374,1.2910539278574056,1.50504120103347
gene_2761,1.3690648932932412,1.8850560628352147,1.344431556079226,1.2609049419238898
gene_2762,1.595435779105896,1.3771805954487089,1.2245505821667557,1.1469557196737479
gene_2763,1.187491215379419,1.4697213476806688,1.4139422849329584,1.3886202834327512
gene_2764,1.139720049950954,1.3490570084020224,1.204179557869043,1.2083580808489287
gene_2765,1.472311455211291,1.5503127250805682,1.377587521402349,1.6555398693346632
gene_2766,1.7874368221577623,1.413617012014451,1.1884647930911718,1.334354539609294
gene_2767,1.5542470099354457,1.405089083721655,1.485155989197888,1.2847660165850836
gene_2768,1.5147109209024343,1.4190667104637316,1.214425044759374,1.3160024085646587
gene_2769,1.353385129852206,1.1607722423327735,1.3211712829400564,1.5323620772399027
gene_2770,1.638704855602837,1.3138813715342679,1.3082740569917803,1.5990647904134252
gene_2771,1.2176156963681777,1.1641667126743191,1.4207017478717738,1.177373852357358
gene_2772,1.6977042330141874,1.4775992307934627,1.240273535201562,1.3501895038997949
gene_2773,1.3251508199819961,1.219083960861896,1.7742797615810004,1.5191365175613274
gene_2774,1.3146037095543859,1.9268082439112393,1.481602131283944,1.441966731683572
gene_2775,1.5808286333710382,1.6626094018674205,1.364613409399506,1.2274348164603126
gene_2776,1.3291588473722453,1.9790148981397941,1.70259656222612,1.4131248627765471
gene_2777,173.05152473232843,1.6363427937997574,1.5438995672405267,1.6293914096895115
gene_2778,1.5497032784286477,2.176796688565661,1.2915471655458408,1.2389381327673878
gene_2779,1.165837689040613,1.24676611399949,1.2109950210041203,1.2415311734378087
gene_2780,1.3315490887179873,1.4130947873971902,1.3412333244442898,1.2203063660555993
gene_2781,1.3091334923733304,1.1942041974200812,1.2186090264455431,1.1703777081565896
gene_2782,1.2847608804944188,1.5245633869424806,1.6727261131912825,1.4280396960695974
gene_2783,1.8143373579277076,1.4349038299485912,1.2722152676303502,1.1872812797705656
gene_2784,1.2944302847416318,1.6388914736587614,1.233176946411042,1.3021161359362396
gene_2785,1.2840774299825952,1.5665576925834663,1.635599289900958,1.4806053750715453
gene_2786,1.3516739167165344,1.249800478722837,1.2700826318523029,1.2526254439092648
gene_2787,1.6276935097124576,1.6341105742616813,1.7234584025859516,1.9193257283225063
gene_2788,1.4334787306062091,1.3962723270651185,1.2205708733297105,1.3607876426675352
gene_2789,1.2511973024417273,1.287199074683148,1.3534278175888979,1.1230180883793799
gene_2790,1.4569475311112257,1.5219561815190041,1.2971296245848447,1.2268334861492014
gene_2791,1.2955687997415648,1.5488580288141016,1.4234601757609109,1.451018591452625
gene_2792,1.2338788868941306,1.4748094971476284,1.3402538645129032,1.2047144614979017
gene_2793,1.1110417301703985,2.165057362202563,1.4011222233186846,1.3703795925855826
gene_2794,1.3218240500379799,1.5987028099154108,1.950707317921559,2.4558409820120066
gene_2795,1.5915413394477693,2.5097418840759875,1.5242323046014943,1.2818387699620686
gene_2796,1.4420626009076822,1.1743239358753628,1.148856378798978,1.1427726809259982
gene_2797,1.211364454898913,1.3118042187127585,1.2994932080153558,1.3934498751697073
gene_2798,1.7049721213216205,1.6306701242532902,1.6470504260884702,1.6528149917772523
gene_2799,1.4233957228624943,1.2768431492882835,1.3254009774686428,1.1542669945582935
gene_2800,1.3225795012409232,1.268127276420992,1.2240935525841463,1.2265875216692568
gene_2801,1.2877178590519085,1.4334836079151305,1.292164594796559,1.3771278109531377
gene_2802,1.5646426311936277,1.6420379511389207,1.3267233878703508,1.2309575373644182
gene_2803,1.2592296405135814,1.4394137875373187,1.191137801025487,1.3102354993340406
gene_2804,1.2583083177309753,1.328395548627648,1.2261443189230155,1.4160675249267316
gene_2805,1.395875519313547,1.419012073607043,1.404581281703109,1.560088142642443
gene_2806,1.3527505410731377,1.2963136503088601,1.5433553419378394,1.7831340295101934
gene_2807,1.2986959180738644,1.2962152257346082,1.1710332336304217,1.109732199325523
gene_2808,1.384763998573584,1.3687153597112782,1.1718920710768306,1.1946342174231486
gene_2809,1.5239291177767351,1.5407767316197667,1.642308089978825,1.3296250636704745
gene_2810,1.3521373988112504,2.0065814903326933,1.2324271445932773,1.6972128701818312
gene_2811,1.5719310405735885,1.4206650551577868,1.3931326924765712,1.3676988262234062
gene_2812,1.4062287449229058,1.3315720606593782,1.4131851031024798,2.0064167346511876
gene_2813,1.527206762433519,1.2274667847772398,1.3137697669620263,1.3382854733326086
gene_2814,1.4402226786498442,2.4352580198410645,1.1897905239998015,1.3912001011760475
gene_2815,1.5696998049644204,1.2530118041159475,1.1151179826564348,1.2379722036092236
gene_2816,1.6768608481992122,1.329022079491945,209.9985587403829,1.3691327600405467
gene_2817,2.251117326182766,1.6097607166504748,1.5021737445232857,2.176676134998484
gene_2818,1.2793794021951375,1.2685695026402615,1.3017328412361011,1.2208419588981938
gene_2819,1.261011289155777,1.4325659103031083,1.3008332443672084,1.157694078474783
gene_2820,1.6271976618748676,1.6234563264386155,1.6489615106162248,1.4247777609657162
gene_2821,1.1495580885954118,1.3571930268748684,1.2492785580470955,1.2089093865659382
gene_2822,1.4899487054477463,1.2722236245319722,1.1704600713714837,1.3645528277401404
gene_2823,1.4397449531304116,1.436652921603171,1.543993075146265,1.7343146290493126
gene_2824,1.1160189466058335,1.2197227674364215,1.310009015438008,1.2393849004347532
gene_2825,1.5529758601813262,1.4055028510678609,1.3873590915612366,1.4724771623503121
gene_2826,1.2994052740173205,1.3872631751602043,1.5374755228242947,1.3773065219980491
gene_2827,1.4097417054003805,1.4277271334758843,1.2041994933179723,1.2180223371340173
gene_2828,1.5150871958790595,1.3169136527934577,1.2988129439925489,1.271718291472072
gene_2829,1.3639122079148729,1.36790971275306,1.3960975623925689,1.6105458935916028
gene_2830,1.242711724560825,1.243147955816719,1.3419552031931399,1.2968384477895973
gene_2831,1.6366549787980333,1.8533624753169897,1.377831387347038,1.2808961548186124
gene_2832,1.1961501978060667,1.4487586357993885,1.289464841954723,1.471632905117236
gene_2833,1.3061691347742967,1.1405403098778677,1.354190033254094,1.092687067377805
gene_2834,1.3060456646387664,1.3453340279416441,1.2825263647373815,1.1893342643142828
gene_2835,1.2069667301980465,1.1576940282489205,1.225896933582215,1.2569040316630489
gene_2836,1.3225796457347816,1.2899248770663263,1.169759985465395,1.2215076851671247
gene_2837,1.3775751126360918,1.6586162240712135,1.3733016743640296,1.3102492410009783
gene_2838,1.347045150802855,1.1401230946592462,1.0959164414658598,1.1972709250855684
gene_2839,1.3101003741349526,1.6288946708073582,1.3362217559746097,1.9095589481973638
gene_2840,1.418498371237183,1.3682117568850976,1.4083662074969658,1.2191620113332589
gene_2841,1.2997553408114058,1.537179626452615,1.208305407706826,1.5609342469262362
gene_2842,1.7325325833448975,1.666167878569326,1.7582897425592503,1.5766663234850729
gene_2843,1.5017428338483676,2.259099834367519,2.399963110018481,1.200117613235571
gene_2844,1.3399690516352216,1.5659674560594674,1.2332714800382,1.3594493826473284
gene_2845,1.2855665326961312,1.312059146658993,1.7408595940708511,1.3491923645931494
gene_2846,1.2142940218002816,1.4472694059964515,1.4792378950609573,1.4570316987173237
gene_2847,1.3495696385113227,1.332603272831583,1.3667659609959368,1.2616676563258198
gene_2848,1.6730878227742756,1.4610041057510526,1.5740019877484241,1.297780174452116
gene_2849,1.3830376068596297,1.3112846515244194,1.1492077709479402,1.2389991984156528
gene_2850,1.2662273966611732,1.3160070333492464,1.2793065702276754,1.1525815809269908
gene_2851,1.3503866255206491,1.2873939003128616,1.2620275623752717,1.161217502716348
gene_2852,1.4069068981907387,1.4276238427430454,1.3476360111720909,1.2233533074469962
gene_2853,1.3711814026284526,1.4645881628915924,1.2374318481335755,1.1867173554970194
gene_2854,1.5085721368376805,1.5989087946606886,1.4289239028821277,1.6131035991170992
gene_2855,1.4807456592970683,2.5371377320450135,1.8064808104527543,2.096620364181153
gene_2856,1.684753833548654,1.6599132309302065,1.2745618613655414,1.4732494433558307
gene_2857,1.3293235267146202,1.328970412002828,1.3442839031671572,1.4052766587867789
gene_2858,1.2827735008983037,1.4940697704714185,1.592107160798566,1.6445056964299325
gene_2859,1.195160191455522,1.3048157708906862,1.2098089315918963,1.1408028186554762
gene_2860,1.6205780354322512,1.536757426069293,2.1592529731343695,1.5592736173865216
gene_2861,1.3793029094775038,1.4064255571544468,1.586087477137836,1.474951328132071
gene_2862,1.3668598488189776,1.277677420720576,2.022891995087485,1.284278511539192
gene_2863,1.2639074061512772,1.2907194577214944,1.3509800556180402,1.2136219310218588
gene_2864,1.4661678673708358,1.7072137159423075,1.4984605694183981,1.6379410242144892
gene_2865,1.8225745315519108,1.3131652238518952,1.7076844745831943,1.6419955477294248
gene_2866,1.722228237416949,1.2964209363867918,1.303933067721119,1.1330889503619004
gene_2867,1.5345209130630668,1.315351406994546,1.1745403575156503,1.169999524700853
gene_2868,1.4202112731700387,1.208622300328642,1.201995569668404,1.1252151481699175
gene_2869,1.4565892969227163,1.382104549367499,1.3044425252796295,1.2077945300282682
gene_2870,1.6456657763633027,1.7851079289303888,1.3414844422766206,1.216718999713911
gene_2871,1.3629336177003333,1.9497348258685767,1.806496255319218,2.0676693136547275
gene_2872,1.1853526252491606,1.1778420450705196,1.1987308664671423,1.2106467418750728
gene_2873,1.6925113220353916,1.856021842521933,1.2907580169411321,1.4793697141341595
gene_2874,1.3321989277170943,1.239467931445435,1.192490208395005,1.184409915013491
gene_2875,1.636213713245823,1.2735129920562664,1.3232581312337781,1.5772072734612166
gene_2876,2.284246472392199,1.5773319299702449,1.5304493734641185,2.1841497863189883
gene_2877,1.3946808793056054,1.3061725942321616,1.4374052838583313,1.6842598007520997
gene_2878,1.5456842777132416,1.3872338327133849,1.3763632686036222,1.5237107707609903
gene_2879,1.2305051212913733,1.2281397792268165,1.3309706074162777,1.323394623615097
gene_2880,1.813971627462664,1.6832957201267342,1.6224496140830902,1.6286103991452767
gene_2881,1.206128927025721,1.4652579561456605,1.4578798899995005,1.830295776488577
gene_2882,1.8732117433650222,1.7140247007039904,1.9720397855253007,1.5709140557340888
gene_2883,1.284467589626318,1.2472336727412756,1.164179968758231,1.1994647904796178
gene_2884,1.2644126257612316,1.3217527952891048,1.3582453418821798,1.2059567688500465
gene_2885,1.2959625999540032,1.3889990028529542,1.251829802452254,1.4654122872411266
gene_2886,1.244338853338912,1.5972058213438731,1.2110876121859928,1.2012811876788203
gene_2887,1.313786616526031,1.2955659821823635,1.3472087942537687,1.2905443288947211
gene_2888,1.721170598421748,1.2097412089021715,1.822628898067284,1.4752804424714714
gene_2889,1.351657585690584,1.2909655216770903,1.3671682622629493,1.352895521279997
gene_2890,1.4968159803135368,1.2271288173690527,1.3105214147781434,1.1620416512186926
gene_2891,2.4806715473508922,1.6968036567996252,1.66727716530298,1.8325881829392323
gene_2892,1.634784995143535,1.1493010176900318,1.1064188640596442,1.2987032338195006
gene_2893,1.1733731160321061,1.3058928626247426,1.1445591283489303,1.1274295979931552
gene_2894,1.582228707529967,1.2690154111892291,1.3256019189395372,1.2954992879382206
gene_2895,1.3607017747364691,1.54095120147126,1.2929155649216477,1.4115751925877484
gene_2896,1.6507505333949994,2.111908029476974,1.384635462703237,1.608425273288216
gene_2897,1.2191028771692918,1.3332917529552906,1.303112126385646,1.3172761383926852
gene_2898,1.6607616374415224,1.3207185128936711,1.1231473201279227,1.4255971019317375
gene_2899,1.5588160361159051,1.3163993231560716,1.2648266062041462,1.328606660429117
gene_2900,1.2798842092999159,1.2875336262808053,1.178100269518519,1.2500160306361738
gene_2901,1.516416073481106,1.2681906089042072,1.385181343660312,1.2533192202801646
gene_2902,1.892755079470481,1.5133539234722717,1.348911324227026,1.8152259699132676
gene_2903,1.4220407239274655,1.29576654437887,1.4084173414824623,1.2530228385639663
gene_2904,1.2728225837605545,1.321968744086631,1.334894754407537,1.2574502977344042
gene_2905,1.3311464785085778,1.3949148042678545,1.7013025652054399,1.3465871048939884
gene_2906,1.6385460175385351,1.3379257333089873,1.5666852888993208,1.2925610592136563
gene_2907,1.4637595299149466,1.235270658438424,1.2963653207430166,1.3301386004151694
gene_2908,1.5822846903235943,1.6417202525040038,1.3000982051514833,1.6446314208536486
gene_2909,1.1495167241872797,1.1456588961513579,1.2553115801357064,1.1486751419199064
gene_2910,1.6888029656892927,1.9392507047479408,1.3310749701831848,1.2943503029559535
gene_2911,210.8298480059902,1.7768164435489784,1.3040851472306139,2.029951786388183
gene_2912,1.3639178902334106,1.0809467687566514,1.3230119933230169,1.3614237004672227
gene_2913,1.5781244526315923,2.457756214693639,1.3215725290637792,1.4559225211973077
gene_2914,1.3773584587606515,1.315676207258069,1.1596855564026174,1.2290241487947522
gene_2915,1.3399078194928067,1.343948274438709,1.2824683247043862,1.5342330253053258
gene_2916,1.7171204737699384,1.4681449294095659,1.5012279020755375,1.4007378620039221
gene_2917,1.2964019287967057,1.1952480481613352,1.4485780333372344,1.1556430568510458
gene_2918,1.8311786984096767,1.3263406145171461,1.208863127559737,1.8529606298450054
gene_2919,1.3911910783534087,1.3377414362575042,1.252189224347612,1.1985257871470159
gene_2920,1.2169183249412423,1.1645412737520735,1.1059453456266357,1.1045516505466926
gene_2921,1.421078561424407,1.3375033513767018,1.146834462776678,1.1255142883684393
gene_2922,1.400480609198215,1.3006843086130702,1.2763459862451032,1.156363021145375
gene_2923,1.3138333510794244,1.4650787246637524,1.123418868007678,1.3721346521002813
gene_2924,1.3573629979199517,1.4680316726939322,1.5054478628269614,1.2244454955034358
gene_2925,1.267019729246575,1.2822292969125577,1.206460624655184,1.358872192172363
gene_2926,1.979673604878155,1.6538893775326096,1.3837104535010003,1.4045379032723426
gene_2927,1.5611311396078578,1.3411158623141843,1.2254005164490724,1.317752209558645
gene_2928,1.4341831618810497,1.342397118327368,1.4920344127553073,1.5000281544397165
gene_2929,1.386829881853479,1.2825080239767703,1.430270971534551,1.3402234153330315
gene_2930,1.3263565998361582,1.3113219905745999,1.172894008919712,1.3100302874133143
gene_2931,1.866791697812449,1.3739136346911855,1.6685074542086678,1.4606783501654836
gene_2932,1.4303273572320172,1.412098464501363,1.7092376311819872,1.6022231503977948
gene_2933,1.2583773974367503,1.2166550809985188,1.153689874107706,1.1378702668330414
gene_2934,1.5112343331730367,1.676011963500232,1.691798216871812,1.2347747162506493
gene_2935,1.4562112434038157,1.241481413873315,1.2006475778079817,1.4032635647243707
gene_2936,1.3208193929250367,1.268076009030439,1.2872558493693893,1.2432063367955501
gene_2937,1.313583225928789,1.2939478354863148,1.4962304993693865,1.343333511500798
gene_2938,1.3433285546196596,1.1643127933729303,1.1321046965195043,1.2221550618304358
gene_2939,1.293449144138155,1.1273364723105939,1.147581718891549,1.3053275662074586
gene_2940,1.197085232474643,1.1860220084712483,1.2208956449597939,1.215941331777021
gene_2941,1.4017665453777788,1.4829525763054472,1.2947576312800626,1.7278056274381899
gene_2942,1.2633132112209513,1.299674499346617,1.302746477455629,1.258497931403601
gene_2943,1.4925456048759214,1.4015671711880993,1.2414301844341926,1.5088897501688041
gene_2944,1.22957256320323,2.293713242727959,1.3621305330218327,1.6047054749881788
gene_2945,1.1941683072139577,1.5853404643974724,1.3653735558677884,1.2276867532720641
gene_2946,1.2445712510561038,1.2812837071220162,1.4765586957375487,1.225608930801901
gene_2947,1.2592175541812276,1.2067299827751605,1.255066544049477,1.2465681284906194
gene_2948,1.3752962208769144,1.3829154610688243,1.260354139157291,1.3890547284268848
gene_2949,1.2353743345996813,1.1572788515380321,1.157176953555026,1.1940071491035154
gene_2950,1.1396012437914915,1.3954777178288664,1.2691547282847488,1.2693755280095642
gene_2951,1.3218733230756703,1.6894140113023808,1.3190989728440485,1.3217212474204236
gene_2952,1.4783249416393143,1.5489113695133625,1.3453608035923081,2.125313518763126
gene_2953,1.6070338424509742,1.2953835349912057,1.7442136598090277,1.923924329042981
gene_2954,2.0667618318807888,1.463271002558819,1.8042918521873577,1.5433793285240403
gene_2955,2.010040896791909,1.298286828208117,1.501559279743804,2.58586720028844
gene_2956,1.3837328296034863,1.2249276043645332,1.150777450314171,1.1036609541022615
gene_2957,1.161912480337363,1.4520502544725429,1.429709790956588,1.4189127076623742
gene_2958,1.6379252354120486,1.384757560873976,1.6045158442298515,1.5433743912839812
gene_2959,1.245024982715041,1.4226520146728603,1.2285668417461773,1.2717054792514573
gene_2960,1.3853944311330646,1.530162318895134,1.1599030950879556,1.2579329337830998
gene_2961,1.3204656690324381,1.338137983187504,1.326101018700045,1.5188769448093857
gene_2962,1.1822906828088096,1.1641630624717512,1.1835984163194124,1.162547132766723
gene_2963,1.2633853040969576,1.3489147405412512,1.3721117465372494,1.1174224928131322
gene_2964,1.3425483821252695,1.2400968326637916,1.1083553565321316,1.1927248860750632
gene_2965,1.5804345227434209,1.422399750518997,1.3028357833987818,1.4378579008681809
gene_2966,1.3024807890603547,1.152865335851367,1.232850413612864,1.28902839096205
gene_2967,1.389963650706855,2.1038634589813996,1.8007458416040878,1.963300037185023
gene_2968,1.3879633966592613,1.4169623306082602,1.2854026737614994,1.2775207977526875
gene_2969,1.212868311883744,1.1855632914153307,1.18976826160299,1.2054072005402559
gene_2970,1.3542401519719174,1.5624192372965036,1.3107540310221348,1.573613373710914
gene_2971,1.750705576077199,1.598920226464419,1.484647490164083,237.57445475082574
gene_2972,1.5424670933471192,1.855806499735932,1.4942028504877414,2.7233601148853253
gene_2973,1.4151437050245546,1.6769843640437345,1.4102345001921597,1.487461865101685
gene_2974,1.595251355712401,1.253552080166993,2.1825558134268164,1.4474585135355496
gene_2975,2.2922485181630314,1.4705124705468617,1.3615546402510053,1.4717624845793478
gene_2976,1.1388927434382115,1.409528409399419,1.23183324599523,1.2629301264285842
gene_2977,1.1785568513482552,1.5506659021647993,1.595130598687968,1.2252911291575799
gene_2978,1.3202950260878046,1.7804366522641042,1.5088948989217816,1.5471007560835046
gene_2979,1.7180085903057583,1.2938061189166778,1.314648334828677,1.2740210034695194
gene_2980,2.036956386355488,1.5836837608858354,1.5532913646129054,1.3058322634486719
gene_2981,1.661611328591305,1.4290041102074367,1.6462842394863906,1.5051514967345614
gene_2982,1.4881991217877393,1.1883265361235957,1.5423381922381159,1.378758727525294
gene_2983,1.3202998471275629,1.4836739156289926,1.2406698689319484,1.428487965403944
gene_2984,1.2516181334210692,1.2487691682956321,1.4435941375501904,1.2529589521383515
gene_2985,1.4821885314728855,1.5524895602820454,1.2250025694558175,2.0623805704271994
gene_2986,1.5419082559648216,1.5244934606842258,1.558835922603237,1.5410892246721457
gene_2987,1.3667899179978058,1.4025618087286336,1.103128034286594,1.240529329550313
gene_2988,1.4828324495652412,1.9683023180674792,1.4769362236193706,1.42794647826612
gene_2989,1.560069021220429,1.5258586503260272,1.3126096720206508,1.3406384039295378
gene_2990,2.5099904524886734,1.3158078850827573,1.37916726141588,1.2646802031497713
gene_2991,1.5326099908331638,1.6024442788398696,1.5941736298281277,1.4172475430457314
gene_2992,1.2547122426762143,1.3866519948054972,1.3953994735359994,1.231357036583994
gene_2993,1.1765096869613167,1.3069702321182601,1.3229995758982593,1.2398325202161125
gene_2994,1.9113468334871004,1.45135235002695,1.3197907680698344,1.5143751221702788
gene_2995,1.5508169332078776,1.176693149529947,1.282795826867196,1.5704956718956797
gene_2996,1.416625905775043,1.3781622854666287,1.261838742222452,1.42704487132308
gene_2997,1.618492492735411,1.178531612286662,1.6386385536476062,1.5242505847719963
gene_2998,1.5960236544078497,1.6541609160065112,1.9260324926729795,1.326219199110508
gene_2999,1.2818714328204837,1.250148041701866,1.1432902537519598,1.1565647504641159
