,StrainA:CT1,StrainA:CT2,StrainA:CT3,StrainA:CT4,StrainB:CT1,StrainB:CT2,StrainB:CT3,StrainB:CT4
gene_0,1.1067555976260819,1.4547963819568828,1.1897196028555002,1.512761513035127,1.2137088306939805,2.7780590822784332,1.5293256465793277,1.3832598067856918
gene_1,1.1266876811633673,1.362216852280113,1.3461894016529694,1.1242134002749118,1.0842104968234623,1.636069369036261,1.255397994044111,1.4463826134343718
gene_2,1.0687929843798454,1.4278563201986414,1.78537029360232,1.9134638448391446,1.2049814266063843,1.6183050357036417,1.2326483236570454,1.2860912834214462
gene_3,1.082353327134346,1.567540104467742,1.2990497931584941,1.2457693393388731,1.094311653377957,1.6261412969524283,1.376820375008015,1.0747852270573148
gene_4,1.2583346458710656,1.2796875246404347,1.7177670692020641,1.2658649435093638,1.114383715944662,1.6479393702755962,1.4695673396193691,1.3409333921320534
gene_5,1.1153308455875202,1.4281425518972324,1.4025123922464766,1.1782551340446188,1.1003546684820724,1.296327347307459,1.4037572538641994,1.5644346306803594
gene_6,1.0574367029860692,7129.718004699604,1.5867993743711215,1.4265632929221272,1.1130447367315626,1.3880781062452363,1.4094072859666658,1.1740627492765945
gene_7,1.2382021483743892,1.7442700741963713,1.136623232747773,1.2816540226659459,1.1406996270398941,1.326440915147673,1.0864321981668392,1.762657061178596
gene_8,1.094808189105047,2.1487760533448617,1.5766192227611888,1.4269514811894528,1.176037388481005,1.458157458017456,1.1750889227103247,1.2969222660931468
gene_9,1.1544224045141982,1.1537645702172092,1.420242727234062,1.733631433838443,1.1169621819387512,1.3352513003626536,1.4718824873012606,1.402065605439519
gene_10,1.1825534844094119,1.635937712858971,1.3436376920834099,1.9651178899281383,1.1246280256071628,1.5964049158503404,1.4009278037797301,1.3568875513576097
gene_11,1.0844177789659422,1.287532754761117,1.515147693576419,1.4763533164703508,1.1584584652574987,2.0215742038037323,1.341848144966998,1.3937769668297972
gene_12,1.171095811491684,1.2402342792525582,1.7466471099943173,1.7734270667026701,1.1240169598843097,1.4706756728086965,1.7942445753794256,1.4369376003256005
gene_13,1.232819516263706,1.3811722612835675,1.1839698111566792,1.743459254114801,1.1131146413539326,1.28782354292291,2.43059601345722,1.5600192299567197
gene_14,1.1642511604683836,1.3332735855128313,1.2183749519670564,2.02908134786584,1.1046853079013448,1.6081860648602126,2.4583259039769576,2.0261372319123323
gene_15,1.16139525956412,1.2628751317151479,1.691482242225432,1.562891669977778,1.167143260893767,1.318073584472765,1.923424298526612,3.027161887711183
gene_16,1.196480177956542,2.348244442247775,1.3122575350229322,1.3055839368444584,1.1126747373632304,1.637742533121072,1.23647295825739,1.3311278667067
gene_17,1.1861755570927253,1.6803971623511151,2.0673609256938668,1.2383226668550147,1.1139965054332763,1.4158012683659058,1.3482850079423307,1.4912620545115902
gene_18,1.131695664432131,1.7226306314566513,2.0564710779941837,1.1058686883947513,1.0641368799097675,1.5412516098818076,1.2210573264819249,1.59570229738835
gene_19,1.1458409121841153,1.0734170014746263,2.14801179145624,1.3602679074076522,1.1131327365313808,1.2842586082520537,1.2009749159598566,1.3328144109092341
gene_20,1.159279191868802,1.3811334776958943,1.3977555423787622,1.179210448084106,1.0878914617384552,1.5795556656241738,1.5169498747283878,1.547632351977023
gene_21,1.113031613886017,1.4664112283822313,1.7925043895562878,1.3621374159452264,1.1795984969815143,1.582438689853209,1.3964064886283223,1.7766374502999875
gene_22,1.1903275881313051,1.1807197797940612,1.8373049640012593,1.8404356489071678,1.2119854948175703,1.306326938794285,1.5085211563158711,1.5178396304137551
gene_23,1.0941355423829953,1.2113168196753616,1.4095783538022604,1.4036839001601364,1.1579537429655482,1.1305165284984593,1.5342271755595926,1.3232629035461911
gene_24,1.1515499617674356,1.3845065063532285,2.830328779963318,1.474571178957887,1.1671441028804088,3.3076581375819196,1.2710141571621272,1.3730779522911623
gene_25,1.2403143969281443,3.483704228456258,1.6749804868820521,1.306035928087009,1.197701925275525,1.1350206280064252,1.9296468655445294,1.9898008355228107
gene_26,1.1979543269091475,2.038351170722941,1.7365359009288661,1.9113867863843512,1.1597001371094469,1.1836898605182402,1.7319725898410538,1.6180429166473687
gene_27,1.1372988147087726,1.18695233011166,2.883690243243175,1.922923088955556,1.1423193318400193,1.9906702316969844,1.4924543575504772,1.640281192048237
gene_28,1.169217316163485,1.5180267349162788,1.4312954670099431,1.8724747974278735,1.0999196527031039,1.3260270587313479,2.7537561230543752,1.649409461908561
gene_29,1.1062781424602144,1.9387366622872526,2.1104229861608856,1.3207510655061039,1.1116181207827587,1.2161375633104945,1.194320291204227,1.650310010859478
gene_30,1.173036568838615,1.617385365064887,3.002218205451992,1.494124947194146,1.0987988595206548,1.2576619733142393,2.054348745857382,1.2829339609879873
gene_31,1.092055920212708,1.2627004006917106,1.4888030262216938,1.6762917077337833,1.149899283323124,1.6205018381400411,1.9250941186729857,1.2447565917005405
gene_32,1.2113551864293879,1.6971013914177264,1.8859935018617993,1.6876205508456357,1.2795799161516153,1.4434602678892918,1.9998000490325532,1.4094670340536921
gene_33,1.1787753518201458,1.6929711535721015,1.4453778760308076,2.3432386820029927,1.096276565704055,2.9196937818958006,1.1722522354796654,1.2167276925605368
gene_34,1.0920596887309046,1.555973847738757,1.707745159864193,1.1260806523974365,1.080432729889126,1.8766010213314157,1.3884791927213649,1.4982975765761952
gene_35,1.1248075099038355,1.9458933776601155,2.3777560835759957,1.2397381339019191,1.0904972346708837,1.3835571497989294,2.0727430462444087,1.4576555051767282
gene_36,1.1576034697658864,2.3434569352097965,1.500221633118544,1.12854810016676,1.1660027527265608,1.6234461564002456,1.540459386290316,1.5396414368676088
gene_37,1.0991971345549283,1.6010201264096668,1.9525475335878495,1.398464892554218,1.1863986616688522,1.952839190844277,1.1943912924774707,1.2638723116988082
gene_38,1.156727007104131,1.8781245874527572,1.345930317764586,2.052845763541442,1.1301993356588065,1.6881135653705925,1.7514021544053542,1.5314849418504934
gene_39,1.152652208544271,1.351527913155557,2.595746626769517,1.5917795194532556,1.26695801599651,1.6392114287451807,1.449415899197073,1.2735462019071004
gene_40,1.1066377467684736,2.537313653995517,1.3159743210743329,2.30588947350579,1.121503194217747,8071.962512850314,8496.830392941214,1.3941704935095456
gene_41,1.191007607644039,1.3294711009072187,1.599071221116159,2.1537975312722177,1.22851225239629,1.750081782906764,1.5679863264972265,1.2640142120156663
gene_42,1.1197595648585443,1.3319252863847693,1.638355712394216,1.229279775409306,1.1681241056079468,1.9003215590981315,1.3502822590961232,1.4632029766270906
gene_43,1.284521835135778,1.4718173563265629,1.359323996326356,2.8004386940738284,1.1267261707774405,2.1346812391722754,1.7679613108926333,1.6675791951062209
gene_44,1.1591159162402165,1.6791353499273223,1.9228047600839153,1.3142940591911385,1.1001194182625205,1.3419673491642188,1.1926901471879097,1.636653976235808
gene_45,1.155926028941995,3.1058524934966174,1.7784898411271954,1.1506238889007372,1.1177062961349162,1.4239827970483765,2.177270299659146,2.331010919175087
gene_46,1.354938959807413,1.316761923054873,2.380586366230931,2.034846321251085,1.1554758067155193,1.5127508214913548,3.422012884482983,1.7492497499752695
gene_47,1.0964555278461432,1.3867422129275626,1.3217195552362313,1.4291357410869274,1.1250396675730614,1.1823194387568348,1.4390281803640064,1.28994065055767
gene_48,1.1687847617148712,2.5563830450663843,1.8296011816900943,1.4552049959247155,1.1154135346263472,1.3588382782781128,2.0850145517326646,2.287669607018887
gene_49,1.109818666657992,1.3007464633176136,1.8270507688339819,1.425919966395983,1.0963177045701207,1.6826119927121406,1.2721330954585217,1.2868228757507478
gene_50,1.1241401416242451,1.3351231338087397,1.4336902525049184,2.491236725165811,1.2640532843022352,1.6489671521562617,2.103671272705267,12957.265363186321
gene_51,1.1857643574321464,2.0997401264114544,1.3486284595258222,1.5317905935565888,1.220764021446494,1.3130670389701953,1.3707395317080495,2.0549138693314712
gene_52,1.0855988017532372,1.8386083824024504,1.1829958201484139,1.2914211495487273,1.2026894220994973,2.253397921439349,1.3209970848229888,1.2094000790339328
gene_53,1.0775007754647286,1.5304712184175646,1.8985667998304199,1.2165152657538376,1.1726627447774334,1.5829465976039425,1.5997199342976807,1.2796775272658352
gene_54,1.1131187167248116,1.4234529284665043,2.1433323145692738,1.7488494121487081,1.0905821803147775,1.5329121982463854,1.1631079499365662,1.3914867645503213
gene_55,1.2167101580106021,1.8802839181327102,3.085255524737431,1.3952134358813768,1.1974759509609407,1.248983802676221,1.8950027345423168,2.489072062495199
gene_56,1.1606597978608697,1.4830300301886852,2.111866702658795,1.6951689034226292,1.1923629313654662,1.4795037012903078,1.8428642355120959,1.1681121994104806
gene_57,1.110443117036134,1.466098615324451,1.4211554995157696,1.29153222731209,1.093693459993331,1.5839553739607815,1.494778578570797,1.185973024942995
gene_58,1.0837572679551304,1.220785885152094,1.4258168482291846,1.1229725977671452,1.0309430933714006,1.2798598741096476,1.863567219267754,2.4452436061953007
gene_59,1.1140113739203679,2.350584774726802,1.1506451382513956,1.700903302098218,1.1365130400481172,1.6934023639154496,1.2122928695379256,1.2271313877511143
gene_60,1.0619771874511272,1.5306980116575246,1.1677797305618232,1.1488709111430055,1.148528475160355,1.268682970387543,1.465642878988208,1.3418713271671021
gene_61,1.2048800384540768,1.3823200135771396,1.605238511587609,1.506254357906837,1.1378645652782502,1.1472084283977868,2.0517702588220357,1.540204083815492
gene_62,1.2442370150479891,2.7483117262433154,1.705159812649466,1.836507050694944,1.202533321198826,1.8809189039471452,1.530984243599708,1.4698001913316703
gene_63,1.1340153564130486,1.2153816843829508,1.3906398715299346,1.1714480795737015,1.218172890231955,1.0814251894619387,1.6226539344791917,1.2171957737241033
gene_64,1.1481279994483065,1.7121477724156258,1.438421299287057,1.5175338581388171,1.173561548546575,1.8137555157921106,1.3513122662727932,1.7083989713193783
gene_65,1.2063817761538707,2.1665678718320054,1.1732118159084073,1.8982644817701,1.1267809874817614,1.800594260533019,1.2948306226430133,3.1802987606440305
gene_66,1.1319258618172046,1.3404994220022661,1.6297278075043016,1.517831960646412,1.0633857783570186,1.1634412171905948,2.032537916116275,1.4628197024441534
gene_67,1.0996555574502962,3.6037646286893135,2.9858476583567857,1.7490355711052359,1.1223809740996498,1.2640200988876673,1.2989172180928559,1.4134637329675253
gene_68,1.1733818589819378,1.661637898592586,1.4964620440219518,2.1812115966937027,1.1658504340558473,1.7815157032016833,1.3573314164870436,1.525873832944196
gene_69,1.1083020462490492,3.09512223061602,1.5588658214786582,1.708827536518728,1.2601849212637157,3.30606422501856,1.182467324773149,1.5483101419538703
gene_70,1.1814787088677137,1.7757300025783183,1.6230097257909353,1.6211574341748836,1.139379857985306,1.1599908346556762,1.2075292877415211,1.2903421910672381
gene_71,1.0730398996591186,1.4879107583503755,2.0176603471750028,1.180567824356415,1.1398948563909288,1.1501645499270978,1.636088997912147,1.4743509945546849
gene_72,1.16941225062383,1.4600706132281942,1.7643741026757034,1.4812708145661584,1.1715355217352867,2.498131852788342,1.191211315303599,1.5762016174097266
gene_73,1.1444752248268666,1.6642233950338359,1.4285352493001293,1.6541601405389201,1.172506791593383,1.2811935402300696,1.3643732753281728,1.375767471387199
gene_74,1.132011626136312,1.4533419591923726,1.5999926967022775,1.4582242237197134,1.0952952121840427,1.1437469428473708,1.2587610653447652,1.5025490367272822
gene_75,1.1482188822530737,1.3595734900200256,1.4200348024879748,1.8046822613961337,1.1340881492696318,1.8434980040173472,1.2382105840464173,1.5388839833277224
gene_76,1.0764817093345984,1.7791131891337064,1.1355560658130472,1.0779885617751868,1.075855079066575,1.684332098725353,1.1715286055430238,1.1247781799615484
gene_77,1.1318910349190046,1.1513917354251437,1.2124329138853371,1.2400875205786588,1.1122138427502326,1.1711619220806964,1.4172774956059664,1.6371734303649257
gene_78,1.1192286943871834,1.5344000673898084,1.6494126799573157,3.0175642219898027,1.1066228382844816,1.4499394742347453,1.248356823504536,1.363438417881691
gene_79,1.1887132968698806,2.234788139368601,1.6448561358871086,1.2714959111087851,1.1448844012716297,1.783957884737281,1.3667723444168733,1.797501986523155
gene_80,1.2048488140926248,1.2388027400648125,1.5961259461537534,1.9518271558487732,1.185521701154992,1.7996050880576269,1.3533189559333378,1.4631104915443276
gene_81,1.2818360402306943,1.2630772420756355,1.6909116018571853,1.6545462230314882,1.0941658126879021,2.2959743114859683,1.364167870481623,1.7903511543414423
gene_82,1.1541771329723671,2.0838580534740396,1.8757907680510872,1.3581074071280166,1.1458087244301862,1.1116660062017005,1.2035951406469592,1.5108596069502538
gene_83,1.1233673843348897,2.25918888710547,1.4291450664832124,1.4526074246734106,1.135363226411798,3.9860197075236954,1.377982796490343,1.3922117157927225
gene_84,1.1829050315682228,1.3126575820844713,1.9233994705191708,1.1506536564903302,1.1166455213223574,1.3063749249662737,8595.78065090573,1.3883578749441685
gene_85,1.1153464941746964,2.2748526991706943,1.6222542517093204,10775.387025215789,1.0835974010101002,2.230091088732151,2.745628371527139,1.9172790058396434
gene_86,1.2234015104025189,1.2756973760524914,1.3751995688381864,1.376558679799718,1.1287039504743535,1.1507712663290357,1.5415164750078627,1.4015749266866244
gene_87,1.1864550658077382,1.6639745720515555,1.2596257626995857,1.4698480651800117,1.1424888680164804,1.849837200610583,2.070788232163544,1.3808063168165778
gene_88,1.1709523848579146,1.390285533783061,8880.768975163908,1.6062295360183698,1.1701718810039818,6749.784441918365,2.369101507078835,1.700643123259064
gene_89,1.080738597819169,1.56024071184101,1.5376635713164528,1.6848426608883111,1.1774127598843867,3.4527723488505657,1.2797338923804409,1.7609213944538682
gene_90,1.1782872909689437,3.44518550781628,1.2906740589275196,1.8726320604845357,1.155452832538535,1.5738531473394541,1.4907481636107345,2.398414130625487
gene_91,1.1385320067743356,1.6121467810812102,1.279204188049578,1.3957184887398462,1.1298891614756246,1.3420314254622983,1.4584993767469636,1.4564975146336794
gene_92,1.1868123302645686,1.6331093386010354,1.2060906588553466,1.3197621563906872,1.1208318637217902,1.2634144335100332,1.911254506351221,1.2259856493634183
gene_93,1.1360520167411885,1.322284141928965,1.3950865359659923,1.5558124746535231,1.1165601106554564,1.7038565030871724,1.7411264030189415,1.2829102555720602
gene_94,1.033005851574669,1.2361993158678568,1.4793231269212352,1.4003272473039574,1.0727858220378899,1.1358284876264904,1.465582069689732,1.6931622994635536
gene_95,1.1807239334310693,1.5798196008227083,1.2736944885592392,1.9378799137166558,1.1133774785080646,1.756443591655074,1.4386368759337662,1.8235961356655284
gene_96,1.1393135194144748,1.3671159417697953,1.6791205186284854,1.1703647712004384,1.0718348783862208,1.72789762391949,1.1490844544957333,1.3364049614935056
gene_97,1.2625949230442106,2.1353647298775495,1.1200828202217954,1.371398659891691,1.0888486826553283,1.3453250328628115,3.1813982972869828,2.6997800830201606
gene_98,1.2014983609250336,1.3399952673754982,1.3048133345358062,1.6825597151885165,1.0562638534604065,1.7994457433810638,1.4598341235325227,2.755576804087003
gene_99,1.1367157346291932,1.3208770157201097,1.3545950775812812,1.3317895849086911,1.0957311636940221,3.4386616430171615,1.5965461437769115,2.1605273617188203
gene_100,1.1097478605557713,1.6488478274016896,1.2621010460673152,1.5874786922423467,1.1663643533838053,1.266267555600391,2.013167218207085,3.2853905320942145
gene_101,1.1743059607495177,1.2587662292010515,2.771588061119488,1.357075288512972,1.1604492975084093,2.6008113597841165,1.5143380105853461,1.8257615067821005
gene_102,1.104733209796212,2.1861400953894377,1.22984013176841,1.253421647728604,1.122137000426712,1.8105841613093696,1.4777278892625383,1.4736711523285047
gene_103,1.1543183972800029,1.3582100803705563,1.6626745702066996,1.2634766743525774,1.1047773364959121,1.4430273211970888,1.865207618883532,2.6210299241844655
gene_104,1.0682473779075639,1.2444526713706134,1.419561267879746,1.13206922819173,1.0788625206487594,1.3993626957812408,1.1059508178521473,1.3622473029343904
gene_105,1.2417933154833625,1.2451369389642482,1.2285705611482547,12381.33396983396,1.1682706378100642,1.791421942047399,8079.665692001766,1.5748877912664345
gene_106,1.1090167516641884,2.349992022389553,1.2950049796716463,1.1952796455293684,1.0670309593634724,1.8826650780497056,1.1024274826466613,1.3789077924637205
gene_107,1.159935599630103,1.4275160998279832,1.6571167942272964,1.5535138617376392,1.1359862398902427,1.7112093550004428,1.403642225691145,1.5146483056556441
gene_108,1.1570857869301965,1.8764906222388855,1.1669286992128927,2.6261020955650833,1.2061009531220954,1.398469387272323,1.3777478701376695,1.6611737736965664
gene_109,1.2007933892624258,1.6706267964744248,1.1744767368069413,1.5803688577399113,1.1552011949158452,2.778124814406651,3.610621376735856,1.7769056439050726
gene_110,1.077062964757283,1.6108006501395893,1.7089328210776062,1.2935031934076755,1.0864420012956482,1.4191166871150698,2.0631842107612623,1.3838601885255333
gene_111,1.1844496669968485,1.6499582556709487,9271.321057226187,1.67303065022999,1.2269688644297672,2.3940397893844123,1.2975227545134769,2.11423498604842
gene_112,1.187986166755567,1.5599468617880716,1.319080331036166,1.369464119968142,1.0829770086241386,1.4967107625125637,1.433002966335609,1.3812009523343147
gene_113,1.1029108632345592,1.487795791909851,1.3957786118994775,1.505634089556702,1.232661225310412,2.0689421615340375,2.263457973977288,1.4269414161372698
gene_114,1.1216266901485155,1.3649270700090081,2.531815857057833,1.7034432307348721,1.28749136531464,1.655473000460326,1.3074186179346965,1.3326796546300728
gene_115,1.195947862268519,1.1023445649151216,1.3864496809441282,1.3609971362000706,1.1139834798726558,1.1838350700960982,1.3118785507987871,1.4013647800322238
gene_116,1.060704283306175,1.3384461274432278,1.1343150053569282,1.4267529577337348,1.2240349100225938,1.9696501051836874,1.4184446063124834,1.636174429552434
gene_117,1.1144640548783864,1.478571836700562,1.3160818406955972,1.412672761785122,1.1108426909670803,1.340340701069043,1.8351330544784437,1.1350918162951087
gene_118,1.1587410391539494,1.5256404168411535,1.5898331681317075,1.686614078556644,1.0949181187315722,1.41736392043201,1.1907289301350104,1.8018500547843543
gene_119,1.0468562157115635,1.1714331443732098,1.4860050290067344,1.1683378136592022,1.130339204733913,1.4794388186498342,1.8013012123213699,1.3123501567263942
gene_120,1.1560350098717622,1.2706040876895073,1.4207021322505555,1.450226535068528,1.16191700542213,2.1991829915274717,1.645660527484451,1.173693745065775
gene_121,1.1464551838995385,1.4669317567668965,1.6473703830382527,1.2864199816622632,1.1267984217335905,1.968085327798033,1.3192330152034042,1.19131404086234
gene_122,1.1019935486810353,7279.149967181687,1.5634887106024595,1.892280322541579,1.269045098152467,2.488063741088175,1.7689031050908366,2.0506320810463916
gene_123,1.1039852528402918,1.2206660782352419,1.1211041102501242,1.7909108765311497,1.0986922352239434,1.1947646673393648,1.3342062097167198,1.3609517394965969
gene_124,1.0739982811098887,1.7167006674244054,1.8213235428676577,1.1309100856649403,1.1092247211597295,1.4184065222286018,1.58185082831095,1.236168534257508
gene_125,1.1436589186235617,1.3651562152217014,1.2866431517223558,1.2875396821333556,1.0898741560664036,1.254636503488053,1.205205225271974,1.4989509615668528
gene_126,1.092599356835722,1.613094073137201,1.5568661073050334,1.3180861270476785,1.145416576807785,2.86115075711374,1.2993377793796892,1.414956679815543
gene_127,1.1040301678707007,1.6152788384838606,1.4511808350212865,1.454590156662352,1.1426357005990786,1.1713640044091225,1.841435354528892,1.5640353112663794
gene_128,1.1386031054725108,1.8627112664311498,1.3369727790208,1.458697629447135,1.1462802614436185,1.7149880288265364,1.7070142294135895,1.4423765394935348
gene_129,1.1957333538415085,1.3498653845086288,1.167501796428318,1.3229159413497245,1.0906993160760392,1.6520912796732177,1.3008228832249686,1.445612082466147
gene_130,1.1048095746966222,1.4544201283612048,1.565884601665643,1.0929702283820206,1.166441931053425,1.293940326113519,1.781219626769961,1.7195931033835588
gene_131,1.0869466556739267,1.2500944901663418,1.4707242404367091,1.9914483760357333,1.1437585737722724,1.1825536151028786,1.3249869854731515,1.4726605611685784
gene_132,1.141683475662222,1.425188265283112,1.7908174898550864,1.25398423160596,1.1794329065716362,1.3066861491777662,2.356000758905845,1.1901263408833462
gene_133,1.1740532357134643,1.4754395380444156,1.354406420245877,1.4735403363989572,1.1531517551743544,1.160712170841311,1.6460601589735413,2.7482644811335617
gene_134,1.1609153975651632,1.6932576735760363,1.6514917844165276,1.4512795967884518,1.0882667561369896,1.870248085632408,1.2205695988879053,1.360371492855272
gene_135,1.1076156602949272,1.8462147268015194,1.2514213875598534,1.1524429859124656,1.0647451435022384,1.525938778040055,2.2379207230896867,2.615263079818694
gene_136,1.0901185322353941,1.6764094298804786,1.3510621836456362,1.3505485264319907,1.0620099644511523,2.6599204227100794,1.5045154247673205,1.2511364505627487
gene_137,1.1313152932330617,1.2319099428422602,1.556375517407727,1.2437442102326828,1.1737389349204888,1.2412966671348582,1.8327096014480686,1.823322231500178
gene_138,1.2120974272375011,1.5554721708651982,2.605368521749353,2.7802354236951357,1.2223694853829812,1.706752324614476,2.483759145069888,1.3070865074731624
gene_139,1.0712040017003015,2.2048888612362303,2.811967894496061,1.6481874808855346,1.142955186757384,2.322490577749748,2.6506111558483783,1.3297390802332956
gene_140,1.109769365934162,1.491237505445323,1.2923979877734668,1.6567986552728846,1.167110538026424,1.3535823633178528,2.695945834558794,1.2187777948652776
gene_141,1.1027005217826744,1.2962294251229427,1.2928717566972177,1.2770749696747352,1.1256985713980392,1.112209821823807,1.502693564525534,1.6048411812085421
gene_142,1.224982690650822,1.6378446606577195,1.4656835091005993,1.4333616063481853,1.1362936592413588,2.4072066544946176,2.7079271234747373,2.813395540389487
gene_143,1.1393850335725775,1.6664332646601385,1.5956359627798107,1.2269333381076704,1.0372714612289027,1.3117486041931286,1.4962957592909525,1.3593595639297305
gene_144,1.0490496412454198,1.139982485227262,1.3820056280376223,1.6353363996415609,1.2260774966538477,1.4269495631802738,2.266774847417393,1.655288656658799
gene_145,1.1693558291131017,1.281190759551363,2.443922693798072,1.7037326201898306,1.158289862933697,1.5798644118414278,1.8341252505094514,2.54441217799086
gene_146,1.1479166089136463,2.0411763559768343,2.0581476391781415,1.3564449064834787,1.3909818658143256,1.483308118822964,1.492456189012151,1.3390054384442556
gene_147,1.1995073579239395,1.5756177939380656,1.3316451173445945,2.406418239979907,1.122531034642116,8606.601943920861,1.2545240146027312,1.472162547434649
gene_148,1.1633803027403304,1.8541805303468548,1.2719181553437562,1.4684367428144782,1.090012553143419,1.970642372121619,1.9015571057625351,1.7012713788997262
gene_149,1.141718972397562,1.4962910480885772,1.252105568933338,1.398200598848929,1.084083645522339,1.2736841211139183,1.2097867525988346,1.3323614818287295
gene_150,1.0775696989764711,1.1657021432424988,2.338611090780748,1.6294295473683016,1.0852717851591367,1.251676291720883,1.3294745754336368,1.152086772314352
gene_151,1.1061252067044123,1.2603162373240517,1.40395932389319,1.4644584183748328,1.1229110191311085,1.2892900514478853,1.1955212360892384,1.563432543231675
gene_152,1.2235563775272438,1.4288063041592083,1.1158910208715482,3.2891991869863992,1.1290829339543182,1.6523591109075935,3.397747576540723,1.2216316891072807
gene_153,1.157098067299501,1.0731828179395706,1.8739373186547987,1.6018384578288096,1.4723243903007726,1.730956732694978,1.670421956159699,2.036343884515064
gene_154,1.1221999328814658,1.9010067232628478,1.214315764497284,1.5132293128569785,1.1469950061645986,1.7722812736703892,2.6724343415062024,1.5077180870196332
gene_155,1.0867998461003259,1.57891178145213,2.092164088628927,1.92452095284171,1.108359247802039,1.4197894092175718,2.36597030147983,1.7477427941515349
gene_156,1.0822033820619974,1.2287940471788528,1.4569894621668291,2.0441355725660317,1.0634304791883418,1.805146673189336,1.39421264073107,1.498367335566634
gene_157,1.110258057116514,2.256344102984419,1.6201357804118528,1.3477618156316087,1.138305095479009,1.141037535989789,1.4209350374087866,1.5178130043952482
gene_158,1.1299847123160378,1.3186909335468735,1.3678281563608385,1.5359546264368438,1.1442322188777307,7744.9502258830835,1.5632907078767109,1.6462233100499588
gene_159,1.15333838509169,1.7555654562158391,1.3504223995353537,1.49874403742121,1.1581920747690224,1.23210777938149,1.4569988668675349,1.1812960447455487
gene_160,1.1336121409382685,1.8918163323487645,1.27892917584483,1.3391403058812028,1.1827984415467112,1.54174524710545,10794.950625280335,1.206169631705746
gene_161,1.0736045468421027,2.106191066287037,1.3509797332084297,1.3863776454491112,1.0930077818508626,1.4860323841541039,1.5357122480540117,1.332729258321465
gene_162,1.1726340301814977,1.9044151657389814,1.8182332990621883,1.7935735967729403,1.121872305167944,1.875278745732629,1.2160643031841871,2.1927692014204223
gene_163,1.1714060751805382,1.791325826016252,1.6510109707863425,1.7348347467643537,1.1205755420995913,1.5712872312112813,1.1858321532194855,1.397846400494626
gene_164,1.0850970538171405,1.3362113428757443,1.948983718460239,1.2736786704917789,1.0412094628282222,3.2783967527199818,1.4810408605003362,1.3140933316755294
gene_165,1.1915202064178627,1.6777260254576596,1.778644497673265,1.686049994522555,1.161378379380846,2.082331409129291,1.2049959230735983,1.9708604854630223
gene_166,1.0614810254103633,7650.2263872792755,1.6456805449428409,1.4220221706898126,1.1166017716156877,1.291819140011098,1.5341203004202266,1.3600786390264312
gene_167,1.1284638893325714,1.493261197747836,1.4512708532299887,1.4657552602474317,1.206551836845804,1.6075601839624,1.9473757171933521,1.552350379932615
gene_168,1.1026525228081951,1.1192698432341939,2.7859796894155604,1.426509166604799,1.1465132252721386,1.6274904841007696,1.3491963662526982,1.6039801540671377
gene_169,1.1356725080076466,1.3327153904796913,1.556958508489587,1.426650660754525,1.100548257067523,1.3240353513454182,1.797344741248745,1.6072708331791374
gene_170,1.1186531892426437,1.3164209646768732,1.1969023542704926,1.446793283706523,1.1599128536111314,1.7790601528338281,1.1730205905505808,1.8135585616824654
gene_171,1.2445941552815216,1.3756829080470458,1.5157520115239504,1.813900331681055,1.1148829870638979,1.8166531737001115,1.7113345544819472,1.4008930769861083
gene_172,1.2487912903598097,1.6870493075469932,1.811650322315977,1.9644010388716993,1.1930149751210724,1.2209325243733489,1.8677674377286577,1.422397371337168
gene_173,1.1109952389776443,1.3080321294265134,1.1605713967584421,1.1655454169291597,1.1427880935788717,1.7146054430568864,1.2862344776814614,1.3644308917539438
gene_174,1.1140148980156581,1.708740362333928,1.3458178351933645,1.4003469802592292,1.2099825209166002,1.731938689449321,1.4075967684719597,1.3000810217479923
gene_175,1.1114242207761043,1.2228055274608018,1.2498369590092677,1.3402799392997287,1.209729008417259,1.5356968440321033,1.8308174919452753,1.3132445975093365
gene_176,1.1259749832674926,1.2765688697853619,1.3976940885044953,1.1534413448288003,1.1419473722446225,1.1947835518862164,1.3271642024100363,1.7214749304466688
gene_177,1.1233681928977801,1.7920179870093358,1.0940788370359962,1.589244287066586,1.107339167850331,1.8883551889142671,1.382333402684931,1.6735182536559803
gene_178,1.2286226319412057,1.1695626719141394,2.0730956384435912,1.2624103336507027,1.1049234395281982,1.4188502521672204,2.0420741264221327,1.5304959286135076
gene_179,1.2143365976855869,1.3601255650187567,1.631470620329563,1.2573443871226053,1.055845058166029,1.645839434259325,2.641268366147651,1.9565324438263065
gene_180,1.129444444517608,1.3796264426789193,1.2365630503478655,1.2214217552455608,1.0996207811812833,1.6230669172042076,1.7517119361019644,1.5057160647400272
gene_181,1.131564474374117,1.3899625463037266,1.3217213615695396,2.4989283699356006,1.1229398856336097,1.3530869078568233,1.340298572303235,1.7186805900779358
gene_182,1.1722296227044893,1.449253896250501,1.250510049581509,2.0082724090198694,1.0838246811966255,1.3347179018802673,1.5286314467969553,1.3141114006487782
gene_183,1.1397209008404736,1.17346452527094,1.2676260884366835,1.9851375143373915,1.1220655588815163,1.172448175212873,1.6612062598994093,1.8025957269675414
gene_184,1.1729027300405905,1.715452900087274,1.382332797094689,1.7867249968550414,1.098400696042238,1.3155500412781738,1.3019186723226557,1.77093655880317
gene_185,1.1453427071584343,1.908640052908372,1.9233327643402283,1.6140722627971908,1.0705041728685518,1.8498340798099904,1.6649361216189051,1.0828072164897613
gene_186,1.1606434460655906,1.6467629159852517,1.187130246831066,1.7206578506367238,1.1710558846066836,1.2326009367456483,1.3083094675424303,1.358028950237125
gene_187,1.1362360979463073,1.3190830038647747,2.4313227812592904,1.4220663977850587,1.1308641930336667,1.7011347421058955,1.1773309456165666,1.275408727179576
gene_188,1.1105053199710062,1.4654318373495032,1.323822414980516,1.750737785987635,1.1306068003237129,1.5349547327638506,1.356813849388928,1.4220935829528931
gene_189,1.1692784973009684,1.222299208282784,1.823065598446921,1.905343974913914,1.1182739748366304,1.689188435939036,1.3468073508814726,1.6096982379032403
gene_190,1.1174494168614493,1.2653549698879152,1.2030251807930183,1.174838889832298,1.0802070814722582,1.526394871288582,1.322275831337513,1.2095446524620532
gene_191,1.0851539199162763,1.4835382148463123,1.4161806856328205,2.27894660279401,1.1073919123028724,2.2079698429892187,1.3562872759920332,1.2886989254573322
gene_192,1.1599283534402485,1.516728673175079,1.3188169783235617,1.3862931399917486,1.1168850674839705,1.7384518511709166,1.2367929119357584,1.62134672972483
gene_193,1.0780596074138902,1.0874011686247136,1.6018911531135755,1.4896417238448207,1.1404191004780717,1.4601183895689014,1.248077529310276,1.6919723745608357
gene_194,1.0776725132110017,1.1076621025568503,1.0731086320350842,1.2185834033638803,1.1413940671688487,1.252841239767241,1.203617994414401,1.2657710359873149
gene_195,1.106717261303669,1.44357759075568,1.1390661947365432,1.6380929350099502,1.1374837515830136,1.8628887216002008,1.297419478797718,1.4521799391110677
gene_196,1.1143644734011176,1.225642286241744,1.2916262444981186,1.7610394887791496,1.0969439759040553,1.2384061655137206,1.6740510182024821,1.09767400740567
gene_197,1.0886093858453672,1.705440122081379,1.6702766291684694,1.41284385129372,1.1194854862320929,1.982766579252929,1.824201818177748,1.68699484932026
gene_198,1.0945789056551714,1.8335422543767228,2.3048300901674508,2.979561546992377,1.0657731433127595,2.0992966527189414,1.8654381250870007,1.6350281987747093
gene_199,1.19227404726158,1.345655454204649,1.3267753660479085,1.912268132410909,1.1595021088278108,1.3645003401662377,1.8824332074350447,1.650912974555967
gene_200,1.0836328432486197,1.1192280282980127,1.673275488252793,1.9971123075935064,1.144147211269156,1.2025580152042035,2.8581591907573487,2.01755783174742
gene_201,1.0879411461455788,1.088178038481583,1.3884140796664006,1.2745672380903545,1.2673189307585593,1.0889477378678152,1.265016675139459,2.3741035889591755
gene_202,1.0928661881061708,1.1827520590434264,1.936397919452112,1.659520575391506,1.1220463756065837,1.096002117532209,2.0684068177047585,1.4842652349454708
gene_203,1.1419752304555728,1.0934512727320076,1.3117426486982204,1.2256521110794842,1.0952253099332003,1.0900981634186229,1.7661909696719775,1.6773516143353
gene_204,1.059008641715847,1.0757181287803559,1.2373367943400118,1.494922142908691,1.0838449780988704,1.049727966436636,2.0051509264043132,1.449598312706957
gene_205,1.14026358240005,1.1007570538111087,1.7171722042041058,1.522641635098265,1.1520402107488794,1.1450421711924075,1.2752577711879376,1.960234368752816
gene_206,1.1358205560973638,1.0699434611969547,1.2993535216925831,1.1900325036975339,1.0971175364060937,1.1183429307287358,1.3195626226032284,1.4554896485091153
gene_207,1.2146001398581023,1.3804510469120754,2.71455985454231,2.537542272406101,1.1431599232623202,1.224642773559182,2.4104815218840128,1.8385763971601288
gene_208,1.1333243100227082,1.0707211018224199,1.9892857377330861,1.7289238673928726,1.0783277349169327,1.1017290175202388,1.2371475643180716,1.4539661756234836
gene_209,1.0754489767117463,1.1364602848358445,1.0712594878564763,3.1262469117105476,1.1466777849081566,1.1937378147190914,1.6105657007198255,1.4237024523422566
gene_210,1.1918706175856018,1.180340240769441,1.5532526707727023,1.8573954646741238,1.2056055017201321,1.1961643583855732,4715.442756803596,9285.729889368187
gene_211,1.05735736577078,1.061072999207736,3.107953134518708,1.6698712802212494,1.1092118691107984,1.078567402766026,1.1129951278747303,1.2570245208940396
gene_212,1.1536031156562985,1.1472547536475068,1.3851019798730582,1.4610406077823552,1.0856722125762004,1.0853327844011673,1.957557376428033,2.3757069855177453
gene_213,1.1585366457005586,1.0937717654105155,1.6596241052199667,1.658624520744669,1.1383393393286745,1.073871938841614,1.9966932783581346,1.5305038622340081
gene_214,1.100568799151634,1.1380071825947662,1.257073126974494,1.4933361786025063,1.107235010824354,1.1062528164348193,1.5367454213190912,1.3862364133847072
gene_215,1.0767176030130143,1.0621837126695832,1.2312197186172376,1.2984986269326952,1.1352879584642463,1.1177522401848035,1.6858145899653736,2.011375216318672
gene_216,1.1125274226079538,1.069851651199064,1.3750949285272327,1.451326125436689,1.0384379489455584,1.1062702986094823,1.4314903455094188,1.3587917976830302
gene_217,1.1522070961719957,1.1269760293525952,1.7015541708192425,1.2383707239485868,1.0620716899081508,1.0957810483203452,1.2671240744148873,1.2951969999341095
gene_218,1.1276018781563217,1.089845198531716,1.8957182277084104,1.4795919772154762,1.0990817214442774,1.0892807293610347,1.8757521526436847,2.943145642769636
gene_219,1.058213926443408,1.1017092278110325,1.3680076268079404,1.1247910178091203,1.1782817302878792,1.1144651658891411,1.608141097674112,1.2504575171939813
gene_220,1.1456327888224063,1.1007575116819444,1.7605246750246746,1.4503805593862482,1.1317322321403793,1.0956820184764022,1.2247820568836951,1.9692981282284168
gene_221,1.114920509834287,1.0644514279902948,1.3849205158570992,1.2955770373723814,1.0763652759733726,1.09614708467352,1.7740093618978343,1.1923084820735372
gene_222,1.1110389305965147,1.1310862417976413,1.8578142175424426,1.5655157089783678,1.086253745146301,1.0987032872807618,1.2627067782237809,1.4455633037696305
gene_223,1.129920731186363,1.0995349018483984,1.3939845601528702,1.7077529853020468,1.0670080143450227,1.2007076469137157,1.2009512093084116,2.182306546680335
gene_224,1.1839799496488759,1.1813677277268244,1.219493003895771,1.3381978084184571,1.1244393490819895,1.1313732829744363,1.4088853678938595,1.286192985743347
gene_225,1.1907956947216372,1.0772354061176816,1.5899174791409765,1.2576156486291679,1.0867347940829073,1.1825034148878426,1.6280432335057775,2.503654134610965
gene_226,1.0754608929471412,1.103506164187928,1.3168707800652848,1.1310488374102126,1.0828160800457218,1.024135977130157,1.6395383047806564,1.7362469845894963
gene_227,1.0912906303087284,1.0922980780721254,1.6212393584151608,1.507496670754757,1.184281142063587,1.0862651977538338,1.7647700552127812,1.952088404280338
gene_228,1.0760085283334588,1.0904190413131238,1.1316963672062892,1.1407522570971513,1.081952236514401,1.0894004063888008,1.8210232960428177,1.3228945603739004
gene_229,1.102747403201038,1.0687558742161598,1.7941636631332885,1.3834444461326902,1.0601211816393685,1.0543323273137029,1.4018527837244228,1.5083002750203511
gene_230,1.0997611789821617,1.0892885400615693,1.166220271603276,1.6385235746996565,1.1467594025835153,1.1080514863021635,1.4097946445730156,1.1509994293327557
gene_231,1.053020228615818,1.1465029166114165,1.5205648901230737,1.4621954839481421,1.0880761531313703,1.2970764519628744,2.342855475020521,1.4482375568350927
gene_232,1.131795088577737,1.1001487393520817,2.0943306931142853,1.4407007269588654,1.1263367419977572,1.05252891433453,1.271897072691465,2.0451342446033243
gene_233,1.14785393145363,1.0677921957099428,1.3261447918691955,1.5603916337286716,1.1801372026039032,1.0716587428535205,1.592016689257188,1.357295843866479
gene_234,1.1802838759450733,1.1475800970126917,1.486857536682843,2.360614475048183,1.0862715058862022,1.0767733732594158,7808.325243655399,1.6540887634106907
gene_235,1.1003798547824157,1.1211672802399613,1.2117994517991209,1.8396386359915438,1.1227516651987315,1.1718451458795125,1.4496012236308995,1.3248588036931355
gene_236,1.1120233409786617,1.077815113489618,1.41865004830263,1.8262081375905563,1.18656727396029,1.1566043730360263,1.1707810729044155,1.6798584433578645
gene_237,1.0650749078219537,1.2065634767330673,3.0136412265869317,2.2857338243761047,1.106424273673166,1.1909460472783784,1.2572993126761043,1.2016388178549973
gene_238,1.1089339422426348,1.1064914988599919,1.4826504994459027,1.5379716554707357,1.200730707899748,1.112547238143593,1.6025127361380516,1.275767581323646
gene_239,1.0490730222905318,1.1353609140127767,2.576855255258642,1.5273285896600637,1.0853826411357386,1.198729495496077,2.0955198355557307,1.17650215814816
gene_240,1.0936989711596212,1.0466044268053323,1.9235923087178957,1.4127459505242455,1.1589767732951495,1.1468157216989092,1.2453142857157933,1.3562403366324178
gene_241,1.141522002789336,1.1545025741099462,1.5975448785082407,1.2837013900792562,1.071377038426816,1.2291816174933576,1.161974319598826,1.6465946636318198
gene_242,1.0567604135253752,1.036318971893558,1.1789821713739959,1.336893982853544,1.1068684410932674,1.0729167445309626,1.3417175324122954,1.4852602749720762
gene_243,1.1227251410229737,1.1177538213068543,1.353383706831596,1.6939167651000517,1.063485386297534,1.0723380759606564,1.4220646596328737,1.7138924059703524
gene_244,1.2256891611924525,1.1363209680352802,2.4873843600885506,1.350161078743323,1.1744506637461638,1.1332802389211925,1.4265410172213366,1.48656605072424
gene_245,1.0429467641315417,1.0844691693882824,1.284436428002267,3.037201269785973,1.0953411767868233,1.1271402304588438,2.0694998172486794,1.2406373573619418
gene_246,1.211262626164191,1.1714377924868382,1.6185238585287234,1.4755835181079058,1.172171560346067,1.1695159879595356,1.4383859163378627,1.7107193153324989
gene_247,1.1521722377124863,1.1296560923372805,2.5257458181781334,2.0861647186254877,1.1086019711645048,1.2408270416633207,2.2130375337473893,2.085269124173352
gene_248,1.0909754014849715,1.1547489332617973,1.77013824870144,1.3222798361051848,1.0428057512259905,1.051127540975948,1.5410829985588272,1.3058155785402359
gene_249,1.1532556561152476,1.149425220124868,1.347828981699316,1.72898913167982,1.1427809292013178,1.130954707089672,1.6668272133571183,2.157833684325465
gene_250,1.1278955063795857,1.0837286604307925,1.2675360881221724,1.6419579944728808,1.108609234888977,1.125790881079168,1.5357238035921041,1.2765872079233078
gene_251,1.0830311107672486,1.0631870248391635,1.2373558600000178,1.2457006824299852,1.112408955319453,1.0525653153731913,1.255854797795075,1.1880424652379702
gene_252,1.1255421265615495,1.1131743306570425,9179.808610938067,1.3788565566684987,1.1476611572891862,1.1695476500291762,1.8382992743298465,2.2615052481546636
gene_253,1.0905293592668384,1.10283418962077,1.578184238731973,1.8970614354203672,1.0945218417864153,1.1650475141609173,1.5517150121930225,1.327587737669224
gene_254,1.379014950665044,1.1288953956607728,3.027058488028628,1.6396597590116875,1.195072509697599,1.1765848269574624,2.777704795022373,1.630460351555425
gene_255,1.1832022416251267,1.0997080096325873,1.4279640258488493,1.6044646271963872,1.1093362298188707,1.1910986633130491,1.5379600161585187,3.2529021665417375
gene_256,1.0730958120204301,1.068847975359645,1.1396393139225405,1.452586901151109,1.1703705974358725,1.114381407135871,1.7562212596673095,1.1383248147996894
gene_257,1.0576314808107807,1.0986178130744009,1.7265986701678044,1.2263133951202214,1.1359323125856866,1.0576927352981915,2.183379676220117,1.7600576165306678
gene_258,1.0985783826016398,1.133493486478252,1.447146606636729,1.4312407030303613,1.0632746665355306,1.1103183435971968,1.7636342514404455,1.2694936997809616
gene_259,1.2119289237653572,1.2274978381156239,1.796318737207924,2.264590627095994,1.1972417303323368,1.141736197335726,1.6494013991888141,1.3501568905897487
gene_260,1.1096448254530855,1.111416416324538,1.4779308487266072,1.5570266480806183,1.0826191480374585,1.2083155238604293,1.0829081297294414,1.4058034025190949
gene_261,1.0872284735909112,1.0428723548683294,1.470564601451354,1.3330002293857022,1.0906917811077776,1.0534225233437886,1.5136894773610698,1.1848983622204186
gene_262,1.1282955622549309,1.1102848224849386,2.0202070911140786,1.44347989510517,1.1814115224448547,1.0990530298271126,1.6503103969045292,1.1509131528723517
gene_263,1.0875091704442947,1.097921806200543,1.9468451948934937,1.4688472851059469,1.1586720270565511,1.1054728795976716,1.7728469726966678,1.370600061000988
gene_264,1.1591650252096815,1.1067240350925829,2.2087212067627746,1.273448013576676,1.1076617848271404,1.2144870435782829,1.357179982836041,1.2709404721984707
gene_265,1.1059952355605858,1.040882110456571,1.378058533026502,1.813207323789085,1.1633848679748746,1.222596014626555,1.7886623182232435,1.6298995742092266
gene_266,1.1327792274023618,1.1910641514425682,1.3771725257518912,1.4929442241983475,1.2707314881414786,1.131992420801639,1.600884321340314,1.1848221710278553
gene_267,1.1204468236344263,1.1154529125926982,1.72955880568796,1.2784543083614397,1.1056251651818771,1.0794501876897011,1.3059505163834206,2.254341916657337
gene_268,1.0715924464456636,1.0744239162679636,1.4355920709951808,1.2610112978273735,1.1407465384438995,1.1498540363307563,1.5477613385352695,1.5843466453906712
gene_269,1.0765395061746639,1.1403443277919871,1.5796527533083367,1.8295140700053025,1.147679839046149,1.0765141071320457,1.1353612407009954,1.377974351599552
gene_270,1.1047931042331738,1.1225091547402213,1.9310180598385027,1.441946242004637,1.0967824849751961,1.082504903506684,1.5700406987684736,1.3935316259457173
gene_271,1.1146143027413986,1.1079912134283183,1.3029199819007253,1.5143316781469511,1.111415843889404,1.083230569528354,1.407205364385296,1.2210917153740801
gene_272,1.2364355992280467,1.1710605599288249,1.7791278392734702,3.282499384409825,1.197314434942958,1.1686601431425978,1.7252535051841777,1.3286949967761874
gene_273,1.0968442978940387,1.105853363495115,1.4080962172796694,1.5165783782863185,1.0831600001168822,1.0513574690950342,2.3145355914012624,1.6793145151987097
gene_274,1.1636065719649027,1.093048194681452,1.6169889471738883,1.2092750166377753,1.0914371477163916,1.114465481701615,1.7512291113851768,1.3416284250516568
gene_275,1.0937886205435137,1.0528567896571555,1.093679654251926,1.2623436921787463,1.1192275623413195,1.0665336997064467,1.3294864143026588,1.3207958505655006
gene_276,1.1172630895890792,1.076699171898687,1.3790398638449788,1.5917266695536756,1.0927974514499041,1.1085178173523025,1.1862242759531427,1.798568871769531
gene_277,1.096670044508116,1.1044684134825404,1.4797807563861574,1.5399129473319253,1.1222511678580256,1.0745165232919773,1.3598463185881757,1.3001891424912164
gene_278,1.1209053714301054,1.0767966377183427,1.2023710019655083,2.1059879901364247,1.0614366705682026,1.0675303366645001,1.2413736408127374,1.2975814114182156
gene_279,1.1194320311228745,1.111524777597377,1.4301930647781025,1.2799185836044304,1.0800854147901318,1.1284465626146578,1.349113696496539,1.598064871041555
gene_280,1.1211901364116585,1.0785018736706653,1.2048236466419517,1.8116036422784547,1.2746289658478158,1.1024388713032256,2.293842993505585,1.9939529643273137
gene_281,1.1368205485445264,1.1691967039272855,1.2994492431368685,1.570754352257947,1.1013637817895228,1.1133255463693084,2.2757258480080167,1.4767293457694464
gene_282,1.1072575313849435,1.1482719612282337,1.5820774270804874,1.3382498670551934,1.1479438745367951,1.067395449380385,2.643497417893919,1.563529016524366
gene_283,1.1298505245608785,1.085272353849343,1.1915190508232814,1.4318602603015054,1.108580384834736,1.1742061960504133,1.2659965282980583,1.2435350004841292
gene_284,1.0689611383359185,1.1336388749770485,1.4352239140514294,1.5263714159773958,1.1105072238290374,1.092660884007249,1.398326645654859,1.3356533671690143
gene_285,1.039156774031123,1.1437506028391946,1.409612708960926,1.339730676751163,1.0874258047168335,1.1185024517196454,1.955747963107016,1.2585909879747974
gene_286,1.1037766829796503,1.1273358029501637,1.4774007065788977,1.3760915178294044,1.1278307171033126,1.1507259934245242,1.3523879404658257,1.8615489159913974
gene_287,1.1875155268613435,1.1878272345858476,1.8946275038479465,1.5734331196560711,1.073423209148952,1.1504370024558694,1.3058350458218804,2.3811480370576823
gene_288,1.1302641874197166,1.110243638282014,1.858997782796766,1.7223052599877406,1.1453607821410328,1.1404604321148077,1.9421638377279122,1.4129117244277056
gene_289,1.2545222207994882,1.053665133550125,1.2442509583718289,1.4551006597103944,1.0768183485534821,1.1454906198628003,1.3811164490454806,1.6718321167007264
gene_290,1.1282524112216437,1.1147881818723813,2.740488974688635,1.820879604925966,1.129228298100972,1.1341098288902207,1.5484368823717858,1.5162084059411378
gene_291,1.0927007935784216,1.1166651637191027,1.1283810063802684,1.3644530770017878,1.1449634347197368,1.1266293822917883,2.125319698391035,7356.698658950687
gene_292,1.1602193806479961,1.05210747955217,1.3493044936870686,1.189620009694913,1.0658885454552798,1.085827360857789,1.3181352909958906,1.4981917688679298
gene_293,1.0903325398431787,1.0886453877427515,1.188049580804016,1.5653788178934969,1.1243715552367728,1.0845141907398494,1.7002314808568535,1.3679353449763914
gene_294,1.107686305242473,1.1080622691322948,1.6181874758365231,1.3960727214863025,1.0845165231758391,1.1231886158140698,1.5131532280444056,1.3506206798013316
gene_295,1.1110937665236549,1.083187936095966,1.7953591870551673,1.3203306290734906,1.1565917247326025,1.1704581727702672,1.412076563562197,1.4213211076264642
gene_296,1.1187258035381145,1.1636985621610025,1.5798519140678378,1.6317338636662877,1.128684061741341,1.1060543468023498,1.3622115105468036,1.637079806443322
gene_297,1.127257909618435,1.0900260907094526,1.833078603038986,1.798468368181484,1.1200310059185956,1.1428258231640336,1.6386968664346864,1.7051963195267277
gene_298,1.1553050503272386,1.089549556209254,1.3770124191843902,1.4545788088773137,1.107033270109451,1.1402519749599327,1.2177919384727118,1.571778663623219
gene_299,1.0596784037832174,1.1032790552541378,1.4104514416243432,1.2193900254470216,1.0523890378635872,1.0848291328670159,1.2289321167565423,1.2611179438230697
gene_300,1.2061052039427507,1.0461208982418875,2.4395926661440397,1.5828372240639217,1.1500482481204746,1.0467608751307667,1.2461259593741634,1.14808053208279
gene_301,1.1572329004186372,1.1213043625768375,1.2024917951493501,1.4000101501707647,1.1383508636930224,1.0773878271531272,2.9554573157709223,1.5381126247971464
gene_302,1.276910271105109,1.1012828050304808,8371.887186525773,1.6302811235425194,1.275812530394892,1.2566129853971102,7799.963054023641,1.771747738963212
gene_303,1.1497739549026755,1.0709147347047598,1.986646020072844,1.2839135584115497,1.1352110758648304,1.115839980846384,1.1247122535034222,1.3700237948661538
gene_304,1.0422555145801555,1.0895640492253655,2.6715616113814913,1.9939053274541316,1.160112663631326,1.1189676620739697,1.4496405067802898,1.6021251490851318
gene_305,1.1095022031107273,1.0695328515833498,1.1849471065012507,1.1416319073152243,1.1573592565466038,1.0717977325190715,1.3083525432804168,1.6330130069998705
gene_306,1.0974860242377273,1.0691510545723093,1.4274518670078373,1.4537604705348541,1.0891849842436954,1.1298244282136085,1.7302571019292547,1.3629980198003122
gene_307,1.0787792113059242,1.0821604899095791,1.6833487424841869,1.6792352839805338,1.1129476064894357,1.1953649455131088,1.2698028585520598,1.5397204412350696
gene_308,1.1444743977895584,1.1396865010052548,2.1377863551456393,1.5110127715921426,1.0980942157820046,1.0485793606338822,10207.713128196665,1.135780336659277
gene_309,1.0987405674079243,1.1053396547474852,1.3615797368214624,1.3075691477196398,1.1305296797233213,1.1626397761277978,1.3753449518953655,1.7144146020859956
gene_310,1.0901472547052533,1.0843033013731145,1.5877908705586365,1.1934099233091753,1.0533798847934732,1.07108983147613,1.5133909147617035,1.4893610354275626
gene_311,1.1493985616445022,1.16943239597647,1.1107619128228388,1.417731067178047,1.163373693984806,1.0653108850554,1.5362690399199612,1.464438968197494
gene_312,1.1329358921811588,1.145053635162104,1.4908189679816353,1.3550015340927235,1.1391956780983497,1.0217620333753867,1.3210503368403665,1.4418361672649964
gene_313,1.0530685148303023,1.1525940899362022,1.81676060714669,1.1895443295236734,1.1350878911800886,1.114453178948813,1.292343114856854,1.4651295921565717
gene_314,1.0892723545280012,1.1467776840364197,1.8343092891529826,3.26285329394163,1.1375450195201706,1.1259439480047748,2.0585878845727237,1.2675959791461002
gene_315,1.136667110791635,1.1149128857258832,2.110734338742242,1.6239755905164983,1.1115429571168998,1.078189553167502,2.0473812132743605,1.839155864186053
gene_316,1.0856964473762087,1.1548806744678963,1.5364993820742043,1.6657990682460173,1.1312017912489718,1.2064429419700506,1.9317653803802959,1.677953936954232
gene_317,1.213010240220919,1.0841289369379172,1.3890855720773994,2.149663903495512,1.1120535120012858,1.1005114560396068,1.4218865984232723,3.4307317924167324
gene_318,1.1486631336871342,1.0713604590772692,1.838998416015215,1.4740552327018996,1.0618756751348444,1.0882736322032724,1.942101704614674,1.2556818839793942
gene_319,1.0746594586609421,1.1101087593424683,1.2889899811062988,1.4143108776600655,1.1905682208186132,1.1348245188509631,1.9303898429342974,1.4313666850928695
gene_320,1.0977596813629404,1.1351532573715517,1.4393129850797304,1.308165235356704,1.1162007847138398,1.1107733781639126,1.9133397958453784,2.011331637437633
gene_321,1.1285247966138192,1.1979395281666938,1.3281894094138278,2.0242460427843154,1.1323605130126904,1.2378870141323077,1.496591589756726,1.2677127622795068
gene_322,1.1273294723322989,1.131385363394131,1.4770324392137142,2.1173988226017033,1.0710961800887977,1.1289942935541037,1.9248049640019549,1.4830762548892118
gene_323,1.1236095624485656,1.0934207713990194,1.3946448726841778,1.3621901055472538,1.1516961291862107,1.1179862964114484,1.5594984115548978,1.4182334157630727
gene_324,1.094936223609217,1.1122779204339979,1.2015687025927826,1.4713493698147988,1.173935479619438,1.1206625918077113,1.1611298272099393,1.3336635133826213
gene_325,1.1566028520549831,1.1859531461239037,1.6296320900604424,2.101754819112001,1.1180043063949172,1.1029509281427137,1.7495019073941542,1.2778762342660384
gene_326,1.1090371160588328,1.1498306795052067,1.2914279366756876,1.2873177566393987,1.0965193259682746,1.0630635706612175,1.245079932046093,1.5885443189141704
gene_327,1.123760075289545,1.084627938444046,2.547664461239521,1.8960283979957113,1.21705864788479,1.1448959655881141,1.3016761170371594,1.3142532684849653
gene_328,1.1476556706752297,1.0910473841359223,1.28262365488548,1.6280151731311157,1.1446932119857993,1.0687113334618872,1.4368897392149547,1.3605177538863131
gene_329,1.104899600905169,1.0780290639295,1.5949001512026066,1.6140932214184232,1.0925259244117882,1.1279169141998309,1.6182576649832754,2.2432924170858337
gene_330,1.1575617723952047,1.2459169358804296,2.166378074894792,2.5698861102275736,1.2792346644265318,1.2241277697572073,2.5415404652773006,7625.516289473303
gene_331,1.1017875204322252,1.1413702681433064,1.2658533055485621,1.3392306119880044,1.1248637381051265,1.0913662990101949,1.5949037083767923,1.4052981445310846
gene_332,1.0576932339875678,1.0995866302677104,1.0891077397942823,1.1181345923389048,1.1481086505557347,1.120562810105341,2.3173460822915297,1.453509347752223
gene_333,1.1475283098529445,1.0882162669375524,3.0188284440692525,1.7466811155171922,1.0753472053230613,1.168747976463573,1.2420859935640929,2.715060542031516
gene_334,1.1552327431234768,1.0873764140674222,8698.842279473636,1.3822936881825458,1.139588146885602,1.066261856803624,1.5513071489184043,1.5541467138829006
gene_335,1.0288319255868439,1.0615484490899025,1.5140342132181719,1.233036353074656,1.0739952175912946,1.1104740107709665,1.7000119999507082,1.1240941308185977
gene_336,1.2034579075607357,1.0328655762123304,1.59693287159098,1.3052822741802521,1.126997850348799,1.1016437570005086,2.0363807383964017,1.3287851872733292
gene_337,1.1269922524649822,1.1910332077639108,1.4698699030254099,1.951988378146222,1.1775863667092676,1.0855588037471062,1.3582923700551617,1.259306991334731
gene_338,1.1172588165524777,1.1207877649019866,1.4192046005958086,2.009517440215028,1.1509925410122728,1.1753142176213132,1.7345742935177053,1.3058311019365545
gene_339,1.0858747618732143,1.0977569146760047,1.5693423509615343,1.4548172675602138,1.0948994721125394,1.1430454896133273,1.3971818006278547,1.212345241088542
gene_340,1.1100584521393733,1.1668790455992548,1.5092345209218254,1.2525879910503792,1.0756306663638555,1.044750292118903,1.6264804530551393,1.6305581207393203
gene_341,1.068156780461111,1.221113786219168,1.7471247668955727,1.7510755431306775,1.1558482575694875,1.2068863942130081,2.367501198418201,1.3865847320144196
gene_342,1.0792322966008299,1.0887466332316769,1.0803270111730856,1.4540346127046406,1.1149863257442776,1.0701570149172657,1.3874248325586194,1.2637851298896512
gene_343,1.1266046126576135,1.046598622561035,1.3244482273148799,1.2733449888308996,1.1237949828495046,1.0821329390262426,1.23327766826355,1.21551956369808
gene_344,1.1585311856383973,1.1364291252023038,1.2904629904053617,1.5772755633490336,1.1110631864185196,1.103296933989973,1.2088543593604273,1.8265460418659796
gene_345,1.0416170647838519,1.159659833121952,1.5906161414693871,1.9183023933074683,1.0811014153051097,1.1263030353708723,1.3617276348145808,1.174277140217483
gene_346,1.1551627770180704,1.1524786563260165,1.379984278660655,1.6034849178313804,1.0821328572859394,1.0976932806936701,1.8354859683302385,1.598572111153412
gene_347,1.113723112978372,1.1640896355483052,1.3386948196007067,1.5713542904754743,1.1706087991679455,1.0949603641698067,1.5059450529708658,1.5062902984716326
gene_348,1.1150310523389466,1.1196013024361047,1.4351888622407463,1.5728410379081212,1.0974022584461751,1.1024183147932414,1.3788787901387882,1.1132379260518344
gene_349,1.1317070031249252,1.1313066625819903,2.045865496099208,1.2327179196654485,1.0988720331276727,1.0795373443872982,1.4108806321472296,1.3582811485429562
gene_350,1.0836194733338869,1.160062751449528,1.3457193663041078,1.3447344572515045,1.1253572660043214,1.0830763099967478,1.3612392564595464,1.3621371882565652
gene_351,1.0820863196570913,1.1074693189855407,1.3461471728729735,1.1009040973508912,1.0794090921682613,1.105778850279371,2.2040305066277357,2.641788916176704
gene_352,1.1118836046702438,1.1296124257264308,1.4376258987145838,1.699065796295898,1.1965915290774287,1.1179599428307356,1.3738551538631851,1.8996425820599288
gene_353,1.0670552222580891,1.105423680608136,1.1091632541837424,2.66190594755754,1.0467887158070717,1.176073912688575,1.3938889209725311,1.551031372409146
gene_354,1.150989278950337,1.1425174998556513,1.508245177849236,1.2144552221229095,1.1008328192411163,1.1393931633636942,1.6003084511920362,1.1992224960608973
gene_355,1.0977518350399988,1.0761819069050869,2.5154563945504878,2.33462186698024,1.2155060937595288,1.150028605543946,2.24038262726834,1.7768970742905217
gene_356,1.0934039744491733,1.1361131508246882,1.5401732074152814,1.45810942361733,1.0939067415161419,1.1332204653742286,1.9218636738703154,1.590099929080994
gene_357,1.1094625178608328,1.1296358473493076,1.1340972914502412,1.6665768529189369,1.129240130238348,1.1550215166509197,1.4924269024966048,2.072903518645923
gene_358,1.0764089229211524,1.1095505327612234,1.3158731540124167,1.3118369133181558,1.0555494973691237,1.1055750216555205,1.1026124160844564,1.4646400475939492
gene_359,1.0675038520806523,1.0458085248416549,1.2887898831508318,1.5095939971676633,1.0716788307348462,1.0771377407346192,1.120870167282679,1.3282733284505823
gene_360,1.1972811111782777,1.1360610426945088,1.1544751652900422,1.6812201171058,1.1202965337695652,1.1201062617483784,1.9012252612686467,1.4223544023058003
gene_361,1.0850652888639778,1.1575948058440733,1.3986606621359432,1.4721295685423454,1.2374851949921206,1.1194804987920062,1.711518306039606,1.1990046881160918
gene_362,1.106309855906857,1.1600263115428127,2.524663857227325,1.8343189436887295,1.173606440524422,1.1720090329310409,1.187856212132986,1.7850164393454255
gene_363,1.1829743389315688,1.140218264901586,2.7668440065028173,1.555751578332012,1.1541889707533968,1.0704863514729681,1.7964428259026435,1.8770237130210023
gene_364,1.1461184248810123,1.1173907786108506,1.9482891192135625,2.0249902528920076,1.1314891422569922,1.1343352274365486,1.4168006571987861,1.4568967637997203
gene_365,1.099272091560421,1.098266715253458,1.861870026411777,1.172376271390171,1.0352337325826686,1.0430343698248217,1.2343896654608528,1.2259447058554267
gene_366,1.092238025629234,1.0884500191002533,1.2243488466931673,1.4100976545525792,1.1561205806265171,1.0868377377045457,1.1092768746594694,1.478958740647225
gene_367,1.0856419719383261,1.1635718670502013,1.3233022624708062,1.3774515658036701,1.2370895679613683,1.063692753862742,1.221516606483405,1.4384521334755183
gene_368,1.1191148096755146,1.0328533995662779,1.2875297994067372,2.0927057444571124,1.0971709885844583,1.069252180814447,1.2651189011971193,1.552250779937499
gene_369,1.1982958856721504,1.1313574726025943,1.679813749183447,1.3477657650325416,1.107714871283278,1.1207448769654647,1.6272010210757764,1.371527616410001
gene_370,1.1223721897959553,1.1312594980854933,1.362111518324476,1.3572547379359678,1.0711664251321678,1.0729656220983859,1.2876968696844358,1.3992642890418823
gene_371,1.1789165743428878,1.1228575052226897,1.4348399659190656,1.2441296368865657,1.0823108872917222,1.1276966964278863,1.3023078474929437,1.5275102004293668
gene_372,1.2148656680120782,1.077353033160529,1.3487507748065624,2.377241149964909,1.1752307571520262,1.0845670190762815,2.0878265032772334,1.650282360613116
gene_373,1.1315363302388377,1.0710897895774956,1.7715486344726974,2.203230365649801,1.2137214356403205,1.1864297932697259,1.718947322046318,1.7739855187563138
gene_374,1.1028904197616538,1.1636259513708809,1.3004808076574035,2.0455432177798216,1.1394407202760888,1.1305932668684429,1.5779401754507145,1.283849184392502
gene_375,1.1465012690256475,1.1676175218736229,1.5701282326409018,1.56054430225783,1.157882410437519,1.0517168778150805,3.0429111109196825,1.2087025991203602
gene_376,1.260088159845822,1.1415754808066874,1.5480882067879387,2.0238789820016336,1.0916683672768956,1.1119457469642944,1.495542855175421,1.8581001253721001
gene_377,1.0823163631507169,1.1518329706857566,1.6940526819446102,1.5943804333567595,1.239281045187975,1.0612192573798929,1.5290077647431055,1.5700352451402884
gene_378,1.107719500403187,1.0811906062744263,1.932410187771219,1.7933458200780883,1.1067138286296956,1.1090719545415024,2.0969499287087325,1.143185432973584
gene_379,1.101568165691992,1.0991566953568053,1.8247636004565657,1.2744831372845236,1.0619288757847363,1.0707796474543636,1.1516151042556784,1.245878547271243
gene_380,1.076629673207891,1.105514029386932,1.419528689019878,1.4862188473591735,1.2638109570343963,1.1153848459836946,1.3192615540960346,9708.904265321398
gene_381,1.0634330385574975,1.1102072607105538,1.4340142141496381,1.290670729499854,1.0547484461488459,1.0610208249902662,1.2344076377583038,1.326562750097855
gene_382,1.0767517876755193,1.1323672233335613,1.42421037390281,1.613678176268701,1.1399468089606222,1.3475870732041813,1.1936405201134883,2.181427600686322
gene_383,1.0708639971011749,1.2375630065514975,1.6083643340631821,1.1230764000467666,1.1601086178440148,1.0970089927221693,1.3888001036725,1.6206110238718046
gene_384,1.151375779437362,1.1550230590032957,1.4456985821040718,1.7988570568033295,1.1797380583275066,1.0867812875004557,1.2864606088793178,8492.48821702668
gene_385,1.1328010894443414,1.1125780263206244,1.7265147391021036,1.2330002469523893,1.1758930472200009,1.1183329622769869,1.5597463660495454,1.2271781130465755
gene_386,1.1059796441911207,1.1228959184894731,1.1654492880468938,1.3061270586131126,1.0873550042518094,1.0947930616181973,2.548326662877836,1.3821182413688784
gene_387,1.1055139165772485,1.0799655238008998,2.0654130026579156,1.2909216423323033,1.1125811876808749,1.194264681166131,2.420894088882284,1.4076069431547455
gene_388,1.107340647572077,1.0959770338167083,1.571691378753209,1.1996003252059861,1.1205930463224776,1.108524837697211,1.5516046434018163,1.2656873596873004
gene_389,1.0804123098952039,1.0894637445840354,1.3043287642748902,1.2922786164268074,1.0613689269215756,1.100463337100068,1.2387219630091413,1.2980412368201837
gene_390,1.0797719469377798,1.046426482555456,1.2206421458391192,1.6371941651222066,1.15699871038923,1.1275571297209002,2.875172176328417,1.7656278128779692
gene_391,1.069802575963746,1.0899651313161076,1.1535530088901278,1.1772140247573506,1.148014084297479,1.082651798388544,1.459556499362899,1.6249978971773436
gene_392,1.1281217455619148,1.1152460919614116,2.376976721185725,2.019542356253129,1.0907321773153873,1.0767037952115777,1.3936878610569243,1.2153857286778402
gene_393,1.1142250951228727,1.1123138624636937,2.859888005829163,2.987705977947122,1.1010125234580332,1.121978698171826,1.1107714845981698,3.3951377309157897
gene_394,1.0947232839353518,1.1043521270323655,1.5524255490953982,1.3305001076229461,1.0882356504064135,1.0702937675644346,1.1187521747773983,1.7325600301329833
gene_395,1.0977955404563835,1.1008297855219835,1.3548845807356842,1.5114324956706466,1.1115946975430289,1.1108942553094674,2.9465163580048217,1.4618910638218283
gene_396,1.2270402737801605,1.1861486499752996,1.2033948485918424,1.2790154949832624,1.0703104889614754,1.1922666069573673,1.4161396820370729,1.933829370641397
gene_397,1.158381260871069,1.1947701278695861,2.9032389384085433,1.675420728745276,1.0702012454209264,1.0838384405600126,1.229329112122009,2.105282823172925
gene_398,1.1721061759213103,1.1578240373608586,1.799990533533069,1.8584284876220574,1.1251815714678275,1.1723737933899478,1.503645853498771,2.8153672825717195
gene_399,1.0797092189273665,1.084150415998981,1.4366497370688665,1.7151637123420667,1.1700120629294208,1.0973198215346849,1.7637033457704805,1.208390522639818
gene_400,1.0722772417297306,1.0658450777384973,1.073959594645678,1.0517753546566428,1.091535392025754,1.0423715601244594,1.0529551517724105,1.044794771962733
gene_401,1.0378849641675103,1.0322649059620814,1.0413045408271475,1.0422560263760272,1.0370536359648346,1.0200330786529281,1.0465700542106817,1.0329902082826055
gene_402,1.057598003303987,1.0432309276194878,1.03709926286844,1.0170851215853738,1.0158423009008815,1.0490732394605733,1.0437449580741789,1.0235411484523338
gene_403,1.0672995175436546,1.0526234002419281,1.0635305353585096,1.0446655344356113,1.038535258890551,1.118441545935272,1.01882729929191,1.0860156615703254
gene_404,1.0386712384872805,1.0474559134418349,1.041685752278204,1.0248977646776303,1.0167324761028722,1.048702731855612,1.0182229670641214,1.0189526190963731
gene_405,1.0263930687086646,1.0371060486402128,1.039379298796804,1.0310386097823907,1.0366353141797784,1.0285715116767369,1.0221050378155778,1.011918264598616
gene_406,1.0377343494241669,1.0384704373678368,1.0640569765907353,1.0694963155746755,1.0492603386119803,1.0268360922129778,1.0839278349999997,1.0534399283431872
gene_407,1.0601428988430097,1.0402814805624923,1.0347350669346442,1.0401434366708997,1.0556841210447374,1.0475726033339057,1.0266619282322385,1.026230586383193
gene_408,1.0266525139838378,1.0272461384471194,1.0446273664649581,1.0218389760960702,1.0195878376857528,1.0168796902874027,1.0431694021173583,1.0296908811917995
gene_409,1.041375271659727,1.0425804696925247,1.0607462007079291,1.049655309616807,1.0444746169998016,1.0283702498212126,1.0350814578298349,1.0450304878880654
gene_410,1.0314017662601649,1.0615894015057483,1.0567911712867455,1.0505763292753203,1.043356889379669,1.0620404483797574,1.016732079547029,1.0156535651977538
gene_411,1.035111922742839,1.0831353068483291,1.039671428609648,1.0274689672410773,1.0575000788262001,1.040242523079592,1.0697854457973375,1.0313204062002195
gene_412,1.0414721452536428,1.0494217017556355,1.0226222468303003,1.035579751323457,1.0226538393780071,1.0366295345113299,1.0634974964425732,1.0427263422756547
gene_413,1.0582724636168939,1.048354473485998,1.074336922713984,1.1008860167866765,1.059775294480926,1.0608949522401308,1.0744228939595697,1.0333720923085494
gene_414,1.0363732667006849,1.0442496601602955,1.0778396537777082,1.0379159446778738,1.0461237105343306,1.0293454163247793,1.080179819815862,1.0533160496248488
gene_415,1.0665418957542676,1.0703419161506367,1.0486769528291322,1.0454095693260335,1.0442649306050282,1.0455617242217212,1.0508594942078888,1.0408788831912108
gene_416,1.067710927941336,1.0545297203658963,1.0294501879897953,1.0230716536137565,1.0759533324762753,1.0846856594876961,1.0337638289537443,1.0459758039226024
gene_417,1.0441932035743187,1.0613326349501213,1.032942002117985,1.0267929910981126,1.0487297463990046,1.0821823191815256,1.0492559781827122,1.0657604127555371
gene_418,1.0272599506929896,1.059286492845752,1.0676712200358944,1.0376634755748466,1.0404870061281355,1.061441447387745,1.028323437288131,1.0320274771947526
gene_419,1.0450821211560062,1.0153143959309079,1.03823499466148,1.0251582068710754,1.0301045813796483,1.063267324119114,1.0369795434094036,1.0478850747728534
gene_420,1.0703296614662152,1.0438515174010876,1.015322894211857,1.020071917226993,1.0322707445061856,1.0518595533623565,1.0619084297797803,1.0642860050148852
gene_421,1.0487015699276896,1.037456344024718,1.02465824447843,1.0353524916955694,1.0647656637187857,1.0425821543517724,1.0442829417796833,1.0407849028867344
gene_422,1.0412297203423275,1.049926159857992,1.0323727415249753,1.0301416886289703,1.0675848373884398,1.033082788269135,1.026108591266405,1.044547305243051
gene_423,1.0577570830827825,1.0695479115103597,1.042736335144889,1.0359503398069982,1.0440317253211189,1.033908498496031,1.022947412421359,1.045639782794418
gene_424,1.0709243852853934,1.076441684458913,1.0361527799350008,1.0408929259472472,1.0383941650181712,1.1136317490166863,1.0672665162118748,1.020781847270918
gene_425,1.0355836387015676,1.0157375349606845,1.0251566916115467,1.0186494632747356,1.0393828589996643,1.0318125778309082,1.0423729806653377,1.0432183891221716
gene_426,1.05843067143999,1.031979308797027,1.0555672143461166,1.0573093397199205,1.0750633313886582,1.0728817108923858,1.0653288388010826,1.0281254285935966
gene_427,1.0282102965405597,1.0473204725315692,1.0454729913304526,1.0466090556613405,1.0713229112835514,1.0857633337169252,1.07169729179042,1.0625450938528544
gene_428,1.0341277436487806,1.032797570374545,1.0284153359495511,1.0612116581135074,1.0713385197908645,1.0305762093797608,1.0297808001666418,1.036085098424976
gene_429,1.0290095821781537,1.0548668427142462,1.061939760701319,1.031841276863763,1.0537638068336217,1.0258261043214463,1.0370703882579213,1.0140857554539466
gene_430,1.0199198895096124,1.0737520341226718,1.03967697235519,1.036001588963474,1.0534588407174337,1.019919095831531,1.025282336394167,1.03822768657857
gene_431,1.0524574170300305,1.0273818232779668,1.0198395999714225,1.0339866000712,1.0254357886898084,1.0321707794204715,1.0485401911896157,1.0344546640541823
gene_432,1.0688049872305938,1.0375692475362845,1.042667187287929,1.0322980832745536,1.0503209002278493,1.049884176602042,1.0389842235292504,1.043780503160312
gene_433,1.0498694106030804,1.0600535594630436,1.050384269672581,1.1097930444303832,1.047577154996283,1.0585846246632817,1.0456136812943986,1.0490390865803407
gene_434,1.0569243906004515,1.0572893672393742,1.0401330422195623,1.0766583435543884,1.0354427604483611,1.0841801410565421,1.0390727253967875,1.065021047938888
gene_435,1.048662616207573,1.0384359189347279,1.0307051834793761,1.0246947694423454,1.0427284262842886,1.043056920575716,1.0197558112477578,1.030924183062087
gene_436,1.0399713590647284,1.0286838918321832,1.0596004280309386,1.0391145256831673,1.045078033812451,1.0715200750340466,1.0302845672738523,1.0532496782190655
gene_437,1.037633608476241,1.065184978728654,1.058145865202956,1.0836401313694304,1.0543187699136798,1.0351005952343293,1.07890698367363,1.0457454606020533
gene_438,1.0566705047087421,1.0794557298407619,1.0558153837050297,1.0569056450268444,1.0805346939869978,1.0626909439957861,1.0461602884017427,1.0645308775301303
gene_439,1.0179874786428542,1.03377863888847,1.0179543584459492,1.046035791628577,1.0702222820021894,1.0622624354795793,1.0530430769195165,1.0785211455942645
gene_440,1.0632496965518676,1.067153535290249,1.0733068761412472,1.0472913667766217,1.0275786524293815,1.0624960861386454,1.0409852184871862,1.0527602463086274
gene_441,1.0634290468678862,1.0506231563288264,1.0549581686290876,1.028335766545102,1.0535345993669196,1.0392339850750114,1.064316571332766,1.058354944740933
gene_442,1.0443147732276434,1.0357459670467746,1.01840912034961,1.0169698726382823,1.0340846087219688,1.0569355147171484,1.050040026991846,1.0229107660360792
gene_443,1.0850193896162177,1.0208072579135004,1.0275521646965449,1.0264590093199095,1.063682420437909,1.0642446464712487,1.0478352916356617,1.0302489480392008
gene_444,1.0526935686765448,1.0591885958953018,1.0317145509633092,1.045273168538078,1.0978301204397172,1.042878563970494,1.0595361811401993,1.0592744678207384
gene_445,1.0634496392507877,1.0297156396824039,1.0532980458534087,1.0529689029468254,1.0366744816274447,1.0379016832538246,1.0319285421295161,1.0196779400214697
gene_446,1.0633483395110368,1.0379874814498091,1.0910658268088227,1.038951955792963,1.0495878460537804,1.0459217601418502,1.0340318707857779,1.0312017161635543
gene_447,1.0640144392636566,1.0572832317518663,1.0709141689669521,1.013147203840636,1.0535335505030319,1.0148222621811382,1.031754724566444,1.0448688995140958
gene_448,1.0662731880414613,1.0331790183093938,1.0368795621304916,1.026946214112602,1.057390350243348,1.0215208132672313,1.0498113708922323,1.0078882057596532
gene_449,1.0542054013005389,1.043173759143463,1.0427705935638425,1.0292267684509016,1.0201517113571752,1.0497941399812738,1.02464124684553,1.0619743908255377
gene_450,1.0240583207916454,1.0747133128289559,1.0446750666929894,1.0278277948418462,1.0565172385643165,1.048157482366293,1.0156465218310224,1.0136293077138885
gene_451,1.0656955051307275,1.0837595317988655,1.0384960507374013,1.0189069682624203,1.0502309155036291,1.056694477327999,1.0551554813522648,1.0424306288731036
gene_452,1.0617804508308744,1.0601992490710517,1.0311375317770801,1.034887060167276,1.0475812514603327,1.043132161942586,1.01856057227335,1.0598195587501724
gene_453,1.0744756968775946,1.068292479289994,1.061491716703318,1.0579766772415535,1.0340307499574857,1.0416841724938635,1.0371305089470495,1.051951985139365
gene_454,1.0283298032695407,1.0794790429917493,1.0390671252960582,1.0422662034366816,1.0454027888521846,1.026678817317736,1.0353416161799698,1.0426718848140906
gene_455,1.019731524827663,1.0411006648214183,1.0698736946119105,1.0221791595599694,1.082050480626707,1.0565365201909476,1.0623220951455956,1.028144223437019
gene_456,1.0355804101480992,1.038657241421674,1.0172139024329556,1.0474749774802796,1.0795907801688005,1.051212666288159,1.0614666597550122,1.068564417240158
gene_457,1.0362238592232893,1.0923800866792244,1.0617482373387825,1.0595455174391726,1.0544972705585758,1.118671894464936,1.0669573351237993,1.0334228871534128
gene_458,1.047561744895197,1.0643384914201262,1.0402067234268706,1.0361249046487917,1.0723433412819448,1.0729585123784242,1.0431189960319942,1.0460013926619645
gene_459,1.0248037341110816,1.034339450557349,1.024323879010699,1.036532469440134,1.097880263742195,1.0527701919013213,1.0258719414639772,1.0461680673443725
gene_460,1.0650858291855076,1.0371000545595193,1.0425068298953812,1.0362521981866366,1.025325458042229,1.0428379146103077,1.1411796116939574,1.0769922502393232
gene_461,1.0203840470510945,1.026056752289589,1.0214876285900463,1.0251784280728753,1.064537504630197,1.033374685483671,1.0508581216391788,1.0296380999147297
gene_462,1.0397425930126127,1.0316449568707096,1.0161871290424807,1.046222556892806,1.0347372520076954,1.0487474646360406,1.0689610661304236,1.0471917901630718
gene_463,1.0454562859057612,1.0524108994654646,1.0267179663041373,1.0325828837504243,1.0267343631185315,1.045124173401467,1.0476012733134739,1.045320735496583
gene_464,1.0341250620996778,1.0315686352319888,1.049997160849347,1.0421986704030908,1.0475116788979921,1.0562154848086145,1.033682048500402,1.0309998978373007
gene_465,1.0383187133670861,1.0155838905643315,1.0245461136072487,1.0182922017550222,1.0188051426211084,1.0343726571751353,1.0403075127792976,1.066994149585593
gene_466,1.0572623839046935,1.042142764692656,1.0209396249881637,1.0229266495182994,1.0438705921177533,1.057673347950158,1.0723038852257853,1.063203001925302
gene_467,1.0189254002796655,1.0206933700613399,1.0343793339319869,1.0308204500202227,1.0831906260727517,1.0885476900853828,1.0222559522749823,1.035072832523472
gene_468,1.0383296196754774,1.027204724820656,1.0185328943695688,1.0296657206666302,1.0526127993530008,1.0229297670605126,1.0415712041677343,1.0269752767242124
gene_469,1.0406461848828095,1.0387568922202828,1.0244825926416905,1.0246692799162325,1.0426079857310047,1.078423721980627,1.0118267554233333,1.0625535433554263
gene_470,1.0787821957681398,1.0297965338893376,1.060889116436891,1.0505370116948443,1.0855900795054383,1.0634951084631794,1.070846737360264,1.0416737982945548
gene_471,1.0152014795003041,1.0350591368396882,1.0510201927829066,1.0098562343994428,1.0269429800381307,1.079620377277764,1.02603287905527,1.0549519071547695
gene_472,1.083376387783935,1.1039393863897535,1.0327228576181688,1.0573615898325048,1.0564943550998982,1.0463835075381125,1.0476110984462592,1.0443729172883387
gene_473,1.041593399778977,1.03802940364987,1.044056865031661,1.040378387103568,1.0917805242328362,1.054934800543903,1.018282590767225,1.0298099306561996
gene_474,1.0512876976450374,1.0563126691710376,1.068132708519678,1.0746785243176087,1.0342938729670759,1.0493106838532813,1.049879615892681,1.053591440180691
gene_475,1.0709312644843247,1.041961461148873,1.0582091739779085,1.0206188324431527,1.0823022972862708,1.078878085297156,1.036900620524992,1.0505582179589494
gene_476,1.0482026915982583,1.036784136510397,1.0523534001383692,1.012656041022048,1.056228914428869,1.0450649519277018,1.0571955761581011,1.0310182545107711
gene_477,1.0410582453290627,1.059844875425426,1.1058920895658826,1.0562686697833634,1.056924019917209,1.0763648433882458,1.066523543638824,1.072102689756325
gene_478,1.0145340659161994,1.0706831151560934,1.0429066763539332,1.0311068862290738,1.038184638545849,1.106930269427061,1.0543684322907005,1.0450575979720154
gene_479,1.028806051570518,1.0370173837995025,1.0386347197022954,1.0489343826922677,1.0471740909550031,1.018800207227407,1.033909183642748,1.0282678009240334
gene_480,1.0803694424233679,1.0379537219849935,1.0393892588924607,1.0638746028199129,1.0306120496106455,1.0400131284007348,1.036218205764089,1.0332739594139497
gene_481,1.0383836744486155,1.0266280590485382,1.017159243475823,1.0349676365770133,1.0277759930313106,1.0643856249867762,1.0562077371525864,1.0147330333889781
gene_482,1.0559439458615176,1.0505238480746704,1.0365864162794898,1.042116450331055,1.0258899010004194,1.038879440056094,1.0543878544549774,1.078428479319117
gene_483,1.0378862733534802,1.0836215606714183,1.0340586100630462,1.0399328528734821,1.0574988825014253,1.0656981474017637,1.0513103091972187,1.0400288063905214
gene_484,1.049768468065593,1.0434874350258097,1.043563810478772,1.0494833284892437,1.0740407580681415,1.0411966806456556,1.0398459164901954,1.0273871841033104
gene_485,1.0375151645451175,1.0316761415884461,1.0302007832025866,1.037491423360092,1.0543785617643004,1.0564031203945943,1.0390384157972112,1.0461423522380928
gene_486,1.0839402706508752,1.0390560976695524,1.0523966771050905,1.0795753983602792,1.0763984656331458,1.0552709737805683,1.06180539377853,1.059886189242931
gene_487,1.059093353179523,1.0177980319998965,1.0527976422763847,1.0202140469934453,1.071381202549163,1.0446709987929292,1.0417335036494757,1.050571703817124
gene_488,1.0567796520973842,1.0210370903671357,1.0424067685929026,1.0557766485649314,1.0461384514994934,1.0419889278041434,1.0501320575033,1.0513575601808265
gene_489,1.0637017569405822,1.0510942770372704,1.0130620410898432,1.0269672241611927,1.0556720689754142,1.045246276755595,1.0532250519618185,1.0402522649823005
gene_490,1.0518184542532911,1.0271246680932167,1.0276477192786477,1.0541794233567678,1.1032640214344336,1.0611366791626695,1.056108875608074,1.0602041475482422
gene_491,1.083390646742723,1.0668983797495024,1.0476966981866878,1.0428644146737898,1.0399396852958378,1.0533840024661496,1.0344199546249344,1.0281007376742193
gene_492,1.0760080705119863,1.0578952924131932,1.024877894021032,1.0503247867771432,1.073859143728712,1.0723266822042148,1.0938898986984897,1.0482804883229078
gene_493,1.0222136804895396,1.0135267247169117,1.0553881325445205,1.0662933585871104,1.0601973490607841,1.0987796691287064,1.062482342600129,1.0268443874579916
gene_494,1.0460264155857537,1.059852625942046,1.0211551498348952,1.0524571006908001,1.0796658917143847,1.0534786847528517,1.0544817359899996,1.083817877228681
gene_495,1.0624573974592952,1.0306114816747391,1.0316732610621437,1.0272361669204966,1.0656768178360065,1.0303769516956216,1.0258108217069812,1.0471433942780337
gene_496,1.0801120224437928,1.058311732979403,1.0352735449114396,1.0412407109708974,1.0414783277091921,1.0477108313272672,1.0470030401637203,1.076536289839596
gene_497,1.033893044497328,1.0353519544188436,1.0213664191955478,1.0402026348187035,1.0462287183088739,1.0362618958509677,1.0518377971713377,1.0632034111819089
gene_498,1.0144394844095028,1.0357882483214453,1.0307980993771284,1.0317355039138874,1.0213061933096577,1.0489684367534757,1.0373360440699937,1.0544990886070362
gene_499,1.0268839646868662,1.0472648917829028,1.0359540747693874,1.0366610190391796,1.0118340409684163,1.0364693956295428,1.042363944669397,1.0308567425769308
gene_500,1.046813803850122,1.0324038482974551,1.0246254386236688,1.043629455259117,1.035970097708218,1.0500163550274815,1.0313901667628518,1.0252022722282528
gene_501,1.0406750142367827,1.0129538594113996,1.0462921159980696,1.049258982577094,1.0452298065933219,1.0439204557321022,1.034912026730959,1.0233949647431815
gene_502,1.0516797291226974,1.035258706180894,1.06469642659586,1.0587587423298728,1.0289871620801474,1.094255068264966,1.0915339107075186,1.0195506558648075
gene_503,1.067405412144919,1.0588928237084094,1.0293274189096322,1.0433978054705264,1.0884920544892274,1.0512924787172302,1.0921685370319616,1.0334795876299236
gene_504,1.0806999275697664,1.0322964637350336,1.0326228655045426,1.0723146883354322,1.04056799778321,1.086415740949338,1.04170689431465,1.0476680127114895
gene_505,1.0559742326814439,1.0369150448102173,1.0446091229815093,1.0324154973155264,1.0662287734987261,1.0706273438152312,1.0590513982872005,1.02282718026613
gene_506,1.0619442124666523,1.0358245127561703,1.03495496922936,1.0328963028270715,1.0389268326147338,1.0632042870671825,1.0194471669311813,1.022151576335851
gene_507,1.0924125186422156,1.0202074420209652,1.0356798985009712,1.024821225299553,1.0412780839253104,1.0732648512526244,1.0158183596700836,1.0427326684607323
gene_508,1.0804170083543407,1.0616511168892546,1.0450584789943989,1.0257106841271564,1.084387659370925,1.0416579903248526,1.0577368149208866,1.0454366391429626
gene_509,1.0368254745953953,1.0630560199266161,1.0354067384967576,1.0309900942863615,1.0878939689097598,1.084129871921205,1.0394256548967342,1.0438630700086797
gene_510,1.0483413730712714,1.0304518570961343,1.0445276994322858,1.0545222294599195,1.0729847387156763,1.0366759913206094,1.0572504328506735,1.0284892783551849
gene_511,1.0876882292307148,1.0934131708410892,1.0547949734291906,1.0425477220606638,1.100192563605053,1.0495614861089424,1.0203359599213633,1.0519491706319468
gene_512,1.0514047294887265,1.0227635165095126,1.0698695133577176,1.0759608365397828,1.0894478700952732,1.0234541377353994,1.0432788632414784,1.0472650081474637
gene_513,1.0353259460754938,1.0451638755420938,1.0595471870257023,1.0279769296726788,1.0681531337784564,1.0537412112970925,1.075323149718764,1.0828246415360396
gene_514,1.0494061401482833,1.0772577126590106,1.037050768667357,1.0322684947711074,1.0681608618859806,1.028005076405611,1.0205817768186092,1.0227791839699931
gene_515,1.0428921562044493,1.0329715761708373,1.036266602190238,1.0390951178441112,1.0561403420207236,1.0554256123841324,1.0702260251756053,1.0250615869174222
gene_516,1.1214923494033822,1.073769430145538,1.0300541170689703,1.0602528498642907,1.0279007034914878,1.028311606384151,1.0722963951782887,1.0492059175390802
gene_517,1.026657490095038,1.0237633366143744,1.0412656187371712,1.0232511942533942,1.0527415447596997,1.0375240984011034,1.0428590781193392,1.0185657832158892
gene_518,1.0278394598094587,1.0123785743752443,1.0194461638404904,1.0298481778330046,1.0508066513950016,1.0218970437682766,1.039597948472611,1.0510169092598334
gene_519,1.0472155130410576,1.064159274787979,1.0493138448303596,1.0642991705165672,1.0353446868700273,1.0992453195861749,1.0572815203415011,1.0715465893700888
gene_520,1.0548408497253499,1.0382590005404766,1.0630096489527474,1.0288675318259468,1.0422550925700225,1.0748056334009584,1.0254173075542743,1.0418770074266785
gene_521,1.0385457356484338,1.0544293765337858,1.087396933429965,1.0137860683450242,1.0689926713501714,1.0618566318118565,1.0211828849929605,1.0516785234052752
gene_522,1.047977043591715,1.0224427706164365,1.0419046780713759,1.0267606396581608,1.0498058283418454,1.0229503328669687,1.0343628307629689,1.0574733060403245
gene_523,1.0894938606775462,1.0412854916026288,1.0532921941529925,1.0443050643536305,1.0610536275180638,1.048907615615136,1.065099392657384,1.039182157107836
gene_524,1.0451276993113885,1.02869649115838,1.086976464350852,1.040309453335425,1.0444396957299182,1.0256240037648718,1.0654844264197314,1.0461493238494353
gene_525,1.0586075839467093,1.0253302326995524,1.0243099936845492,1.012612790956689,1.0333216458609713,1.038905309616296,1.0301637050044739,1.0228918156273688
gene_526,1.049421256441203,1.0530427752325386,1.0369544282804268,1.0364582707914625,1.1028079168309501,1.0222525147427726,1.0388592383513324,1.0194185134387337
gene_527,1.0721547204737167,1.0609696253783893,1.0585737125133974,1.0233143602953474,1.0385233143008112,1.0633158855231069,1.0269219099052789,1.039352818258502
gene_528,1.0796668940133196,1.039165303244421,1.027894016026139,1.0601967865134512,1.0363582442536976,1.0575968491417496,1.0612232847164722,1.021163409832327
gene_529,1.0642758106204941,1.0154010854328537,1.0169302935156064,1.0275127124583623,1.0551479357919962,1.0276821521111352,1.03450272670661,1.0212496441926788
gene_530,1.0559767262446198,1.0537950475047584,1.0438825706334736,1.029879502723875,1.0707284063246139,1.0337005045474223,1.0374066556849741,1.0410162940649215
gene_531,1.0489022273428399,1.0677163731204093,1.0219581664858364,1.0260376715209203,1.0200762090021223,1.0384416487034818,1.0440611991278965,1.0245797782424675
gene_532,1.0413963567501705,1.040029115997427,1.0208736524607702,1.045100511780278,1.0388579388585233,1.0247214740122617,1.0386052733956699,1.04579594931729
gene_533,1.0607685098970014,1.0312214564944275,1.0554142474864765,1.0592898108694324,1.0307472424945925,1.0324266127090802,1.1025289844225261,1.1018392619369817
gene_534,1.0318253145200165,1.052675305806384,1.0305887503607298,1.0262183611872517,1.0428915188935033,1.0616215972512175,1.0554657901883377,1.031482475477078
gene_535,1.021211725291246,1.021292296350544,1.0352164915145274,1.0256017151812769,1.0394956673389306,1.0379437594848837,1.0135865360629286,1.0161794616127653
gene_536,1.1037278921874665,1.0585378658863105,1.060968997576899,1.0061734546140126,1.0276348481793847,1.0567995578654867,1.0785034238574154,1.0297992210160791
gene_537,1.0463113193909632,1.0187747630338368,1.0598658870066784,1.0528873174236701,1.0779533581481802,1.0560067099674209,1.0611440812606727,1.042725376643212
gene_538,1.0782103838044916,1.0402395347115916,1.059669318315338,1.0374364063040427,1.0439470323049307,1.1728101097419577,1.0316795737619275,1.0539786815883387
gene_539,1.0469033567295134,1.081782806979293,1.0575700586826096,1.0456800969507825,1.0562987870090543,1.0393664578234445,1.060112336798501,1.0698735813437834
gene_540,1.063578142424036,1.0500930551334475,1.0452314261525137,1.0488367325622725,1.033767016788405,1.0368790251499713,1.0267870699091297,1.0365797106750276
gene_541,1.0257050248997788,1.0388277663038816,1.0893601639241244,1.0524351798786435,1.0468802242377564,1.068778957479258,1.0366893383722806,1.042853903101968
gene_542,1.1133093358833306,1.0731826937967754,1.0493301915176982,1.0365272155213077,1.0382626908847241,1.083572163812484,1.0220734093690222,1.0540550039076806
gene_543,1.0949034848031443,1.0253810237306882,1.039051313110777,1.0274755462238798,1.0761910002597797,1.0509326937461527,1.0459048830902111,1.0176840017357764
gene_544,1.0610179817592178,1.0668801907376184,1.0407805756813409,1.0604537122647946,1.0723528806428686,1.046607350780145,1.0761646550556303,1.0805874885643978
gene_545,1.0763303184054935,1.0330767500671285,1.0234895408784406,1.0287776070012205,1.02829366583475,1.0542229664922846,1.0258866986951027,1.0392632164009143
gene_546,1.0676085140019203,1.0820582823970641,1.0399923794823358,1.01749229493594,1.0577748584502633,1.0463306753520123,1.0233232561575034,1.0621371846279555
gene_547,1.0852780213008983,1.0664938878775823,1.0687920521936258,1.036242470500736,1.0448413083688002,1.0270311131715226,1.0167587070317823,1.0317767915270606
gene_548,1.0653978223164111,1.0372495796076875,1.0123659965355907,1.0189197812270043,1.0233302362189065,1.0438273857707645,1.0407200157814935,1.0399852928504638
gene_549,1.0450531087360067,1.02511299981015,1.0498388654517774,1.0520871781658279,1.0256300215191136,1.0888320713322441,1.028807442231187,1.0714524308958706
gene_550,1.055370258275159,1.0791371275734227,1.0316971355607218,1.0344426330231187,1.04959782591801,1.0247226132886327,1.0320547673984524,1.046183878228404
gene_551,1.0628305627783432,1.0504738529787991,1.0570016608667603,1.0700828181948194,1.0592423247022178,1.0186910992799592,1.032324906097345,1.0288071239999927
gene_552,1.0200272053070023,1.04181256633418,1.0542703322954932,1.0329954796969356,1.0645130859311989,1.0409709730221781,1.0418240476177931,1.0228005022084736
gene_553,1.0517018634659918,1.057789761895901,1.048682797752342,1.061620379814819,1.094927804864691,1.0542051163086816,1.0689811106423284,1.0518876436677354
gene_554,1.0488988649091686,1.0183033957131598,1.0348188871358934,1.0188039915794327,1.01803353478421,1.0292083179415497,1.0560988835138208,1.0369808077261993
gene_555,1.0661465065903601,1.0286839192899886,1.0334729172345771,1.0268797163051313,1.0460484009821074,1.0843657777373668,1.0320017182418533,1.0526908249057647
gene_556,1.072632324848979,1.0201888492376512,1.0516386358283814,1.029760758422777,1.0449750089700398,1.0265651249470702,1.0410698010609412,1.0412421850680416
gene_557,1.0228468160224573,1.043288710688699,1.0247659530733262,1.0252544162624844,1.0384289218320344,1.0572031889133056,1.0275751137281985,1.0759463793295474
gene_558,1.033273367835191,1.0306252814853254,1.0223197454656736,1.0228169829763702,1.0288665736545337,1.023935081267466,1.0178539582720545,1.0450602556817887
gene_559,1.0217168908348537,1.0247869234703015,1.023683956825232,1.0209812169968928,1.0408961164209358,1.0284762312240052,1.0285093764500874,1.027967614905891
gene_560,1.042286944105926,1.04261940294047,1.067818643258154,1.0414202916602915,1.0596994224789207,1.0509683739819267,1.0425495901785413,1.0538761715779796
gene_561,1.0226555667374901,1.0727801735094877,1.0471928641957795,1.049136861215102,1.027780764326341,1.0334895032095712,1.0232227898244197,1.0423539018277936
gene_562,1.0819547152918871,1.0417205757335664,1.0691736077076905,1.039494414883373,1.0153011758856496,1.0488646425717687,1.023322141189093,1.0444268190765225
gene_563,1.0876256472649641,1.0486905643959479,1.0828294555638458,1.0696463599791897,1.0737048995330547,1.0452320723621542,1.0280915633378591,1.0519163507307818
gene_564,1.0889272639738363,1.046083843968324,1.083876788492263,1.037834666441181,1.0157527384288256,1.0440128818080776,1.0198467015772017,1.054880070371141
gene_565,1.04097052836594,1.0448601512078608,1.0486680253318272,1.0302351175939146,1.0379234422847539,1.039331905209465,1.0638775507346427,1.0349264471693005
gene_566,1.0394334742314382,1.0314336430243067,1.0464947705083167,1.0421329615833044,1.0413185379089631,1.0193972056207556,1.0466974659910726,1.0521952323719297
gene_567,1.0397289483948895,1.0489984767828266,1.0197761171773432,1.0626565595684176,1.0560367500795615,1.0321864787355544,1.0495740805630551,1.0496100648979185
gene_568,1.0399912422997308,1.0246719437895102,1.0689735719537006,1.0325189770939072,1.0337265057083551,1.03922025852662,1.0546368869025888,1.013300546370572
gene_569,1.0542683736072325,1.02206775958362,1.013920781578778,1.0289254544400366,1.0390774043899778,1.0439420640765915,1.0339281571665635,1.0342930475128695
gene_570,1.0473206208672925,1.0547553616495746,1.046058441846749,1.0327909731305611,1.0193333533639397,1.054273221808823,1.0300389605724012,1.0317975964546202
gene_571,1.0180782042280454,1.0397987920544287,1.043550292480954,1.0560832587692361,1.0325394738781437,1.0755042167433249,1.0276121684142119,1.0409566882023638
gene_572,1.0175586394143352,1.0659757942064363,1.0416013561772604,1.0368320327233094,1.0456838643184394,1.0369090797399467,1.0267095724744573,1.0439024204986243
gene_573,1.044229524324838,1.048891357211385,1.0508614570749664,1.0388954816105527,1.0467618328753385,1.0593553555329536,1.0385213669945699,1.0312110314002525
gene_574,1.032340264973361,1.05023698935361,1.035701788076419,1.036379408730786,1.04758518039654,1.0316026486053875,1.0641575136642367,1.0198535556302781
gene_575,1.052018637123966,1.056994234927867,1.0423784941134764,1.03136683435537,1.0227576482367335,1.039483904096759,1.0164505200134888,1.037030555875301
gene_576,1.0509329857775955,1.021362769691371,1.0564825923484502,1.042754361138694,1.028602369433376,1.0340597438923187,1.0731407852545252,1.044366329092411
gene_577,1.058348724887306,1.0641746589613246,1.0379105405921456,1.0251157885147886,1.0444888868925177,1.0355151212325977,1.0426376551339636,1.0324996943843736
gene_578,1.0688922837738826,1.083760496459932,1.0547195049145088,1.064067986673446,1.0371755523904034,1.0173958930522504,1.0405076501400108,1.095211598891293
gene_579,1.0166076326795097,1.0230083755308077,1.0216954889747167,1.0271746035568334,1.0341481336400447,1.048417397280111,1.033800943022031,1.0416144535860428
gene_580,1.0278576285448806,1.0916272580490913,1.046337356577922,1.0604741013590029,1.082787820808873,1.1760566161855377,1.0175774207650505,1.0407544181142097
gene_581,1.0700987375193605,1.0331942996107988,1.048773186887169,1.026648628470365,1.044905481676831,1.0416526659201162,1.0309198125831638,1.035160186040476
gene_582,1.048874899036115,1.0601137172837045,1.037278666477802,1.0866380515645286,1.059164749588367,1.0670482095372027,1.0513966559270396,1.0502786950100078
gene_583,1.071430746842218,1.1039558004523986,1.089456656276181,1.0630943938734112,1.0753361995077424,1.0913034633898793,1.0436105002535452,1.085630588686593
gene_584,1.0242414583835049,1.0355316059260695,1.0248817114598114,1.0263901753694158,1.03740050379292,1.018556404840326,1.0279663440643079,1.0370344470044572
gene_585,1.085547008044843,1.0604663210162504,1.0194962752206251,1.042670815508623,1.0729953306327018,1.0250661170774007,1.0669538339988156,1.0304420941512769
gene_586,1.0332949788030905,1.064866498509391,1.036345496126866,1.0360964333388007,1.0822419792993974,1.0721936550563238,1.0468994018166977,1.0162547600038678
gene_587,1.0677720754371853,1.0433596854923193,1.0288041252486813,1.0337887612134136,1.0433107467159126,1.0301471435290612,1.0569921854730326,1.0471901448023604
gene_588,1.0467354941993947,1.0620126273545956,1.0223217843119239,1.058927197625578,1.0864702920922413,1.0422975560970127,1.1070323928977717,1.036967949180045
gene_589,1.0458617120128493,1.0484513271524052,1.0744686021598557,1.0690245836632828,1.0666857765882103,1.0304794733983051,1.0982404405108388,1.0631625390061052
gene_590,1.0379745711385409,1.0673594053977444,1.0664914316095415,1.0195340602241003,1.0182330645047217,1.0502897809746194,1.0582076719986364,1.0460101815993121
gene_591,1.0251603970650238,1.025361657072781,1.037068302305248,1.0239229367627087,1.059244167876748,1.0484432088265747,1.031208088605312,1.0242909784149794
gene_592,1.031287922800831,1.061063251240536,1.0418017423481576,1.0260662020163045,1.0414293987077372,1.0599788171240596,1.0108705567430791,1.0455627808780745
gene_593,1.0639679744134194,1.0345517549073064,1.0485571789326529,1.0601676754592524,1.0659877974143606,1.061283797336458,1.0676485851084516,1.0362699644219555
gene_594,1.0624180912874717,1.1038832432015933,1.0399655469676783,1.036935831737236,1.032013239566008,1.0368739681957653,1.0368000462436842,1.049946089406664
gene_595,1.074891404656573,1.0241915533553416,1.0629896438344082,1.0470110832047153,1.0933771066356297,1.0626310802987933,1.083146589979713,1.0468017406246226
gene_596,1.1146969375324924,1.0603563775763538,1.0442788067039412,1.0291304994732469,1.0373242718896027,1.0735706113312466,1.0315017121800674,1.0503097743028154
gene_597,1.1090365678199554,1.037588152596646,1.0489274764317915,1.0390426433335294,1.0450114428698587,1.0394397827590696,1.0378407935653917,1.0690492445489794
gene_598,1.0327885981348806,1.0172998453703035,1.0197385251930133,1.0414309922707277,1.0305154248135688,1.041464656560515,1.056523079282011,1.046412178778161
gene_599,1.0636772734136395,1.0521969556252266,1.090777679650434,1.0958054003673805,1.0421858409774494,1.030946912330017,1.034648377546445,1.0561043106616435
gene_600,1.1878011879461148,1.4312411349660608,1.538825549183907,2.792399973795851,1.6315941641353755,1.8470232942748233,1.484062643672967,1.4958948075997773
gene_601,1.1409408457391883,1.1485552981301457,1.3607019033632215,1.3905771822289312,1.1755048687408935,1.514744051340988,1.396933268349707,1.3405208328687443
gene_602,1.1635038968868803,1.1633401660816065,1.3757656088201073,1.3661519149485812,3.4040875483914883,1.3174617447096197,1.56299287118639,2.4671955144879347
gene_603,1.0672489853990483,2.1707342867693025,1.206260530557028,1.2057166044552219,1.5552194191240112,1.2995876209887465,1.3066068031999472,1.132319948617034
gene_604,1.0467933796289988,2.192630757728934,1.3910267938690446,1.170828817459387,3.8998402319532577,1.5226067560287853,1.344780725294126,2.737530364398549
gene_605,1.1246802641220461,1.273758137757874,1.8051372099059537,1.6470595792815441,1.7254216346457891,1.482323205666475,1.6439001527715078,1.2268027056736646
gene_606,1.214324310140824,1.8035037610127407,1.3475842977021877,2.0563020728759676,1.6379646819786582,1.3333006444103674,1.4985757844967493,1.8256022325989407
gene_607,1.2236173318772818,1.6775978382189944,1.850733609294044,1.7757052742670016,3.0365630736544156,1.7315909498522188,1.39029421500149,1.8278222818651024
gene_608,1.1544252986915067,1.152382056957961,1.8548445337662849,1.1353320574327257,1.5969767034544282,1.9204826631434857,1.4309256132298553,1.2484441011331413
gene_609,1.1572536789519352,1.4734719096684699,1.4774210053900383,2.029596877306031,1.7769452462078394,1.1264543220560645,1.1807979293578028,1.4267783101623595
gene_610,1.0998665187501313,2.9173303140949174,1.2803966852088025,1.2389156101378571,4.331867794780966,1.670480325251239,2.593633355566781,2.719684839658666
gene_611,1.0927399340912565,1.3047818441350478,1.850461142012145,1.8182188417841425,1.650179062361301,1.4719355302602368,1.6887393959059962,1.6433109504494894
gene_612,1.2332265622541103,1.2394760869613068,1.3175633033200098,1.9139989049780204,1.1806868774390251,1.3307904570046545,1.518257895543779,1.182884934126245
gene_613,1.1548266605046194,1.2522777458817016,1.3879104063944987,1.1921303909496002,1.3350262359409322,1.9543324808661673,1.872951114519888,1.37662358023038
gene_614,1.0985702390871446,1.2611558314337332,1.492692759390678,1.3725498781500316,1.2407493334818787,1.2884835614256933,1.6168444446872536,1.5876568023489346
gene_615,1.1510101061544638,2.3046641743844596,2.8061752541873926,1.8810144726298899,1.3904104702290416,1.547137420566463,2.3077038610585427,2.5653717427975797
gene_616,1.1032260838447436,1.5259276076677921,1.282489171583226,1.2170108784363889,2.0173734093091573,1.94567957819306,3.412702104188573,1.755072494616461
gene_617,1.1055286057348344,1.2919045463943684,1.3149416101615792,1.3335231686542337,1.1973582211414453,1.2042424638605689,1.5292485765256436,1.155853053399934
gene_618,1.1370742483821599,1.2726949201573585,13013.651412929281,3.211341560051452,1.6475605097126749,1.5495565046310835,1.76740302244114,1.942867590939924
gene_619,1.1785746062993772,1.6512524459194302,1.5334541868879514,1.3725753818319633,1.235711471261508,1.3226672929556809,1.4816046955413773,1.7208214963229205
gene_620,1.1444031356465338,1.8456990901983321,1.6867775142956303,1.320645036703863,2.3517458891991403,1.677085806558714,1.5891278647120501,1.3173167346291208
gene_621,1.1678009645776923,1.5858942757944046,1.273492453473783,1.6943124986974654,1.270963994358185,1.300358330537661,1.8161075416976369,1.3316442884222646
gene_622,1.132311386031219,1.3038112710887608,1.250418596190269,1.1654947577698083,1.4015820814634699,1.2775649743689859,1.5811705459292285,1.400293652326309
gene_623,1.1629269643672064,1.497272120830611,2.5427322762017783,1.4321965342251584,2.059792348680082,1.3288367522848716,2.04968173254003,1.6875752259299646
gene_624,1.1323846355810308,1.4749309339699381,1.4550184546848486,1.3668763308471752,1.3579324099583086,1.3411007013311653,1.1705085980023002,1.1303209734026012
gene_625,1.1586742893469748,1.7541964408395843,1.3423241025667518,1.4295415497425998,1.9013357013548986,1.4819191908958949,1.2939731541009252,2.7242486498649194
gene_626,1.1565379060189869,1.7129731134700454,1.6050167361811727,1.5915790559589846,2.1611641673377675,1.3123235975255438,1.4949678808610605,1.3538071220385424
gene_627,1.1480065404535877,1.1406642157190905,1.1916492943799863,1.251775568358535,1.685202354219352,1.4463005583860526,1.6276950705146138,1.1736826269002754
gene_628,1.1497500709148203,2.0537870683898243,1.6557039378785954,1.546745545001677,1.4982357378916165,1.4287776013028572,1.5977426264752859,1.4134518033685417
gene_629,1.1955185537596773,1.23925128988827,1.8762279694167194,1.4113005669964915,1.5344205438306597,1.6328016024504637,1.3967293157202183,1.7467895630869568
gene_630,1.2934956380077034,1.4790334739880056,1.6865595946404175,1.3940221852466634,1.3214380217470274,1.862361645837751,1.5235983497915688,1.3311753745005805
gene_631,1.2745700991716429,1.7262458748486011,2.1185079713186084,1.6711284863405136,1.5940447302058118,4.26503709889699,1.6974913236258595,1.4593899657276408
gene_632,1.2514999797984083,2.583014253352327,1.8246761178190096,1.5399048194558762,2.0603904976518894,1.3854295387497124,3.05796001513017,2.0676614738544554
gene_633,1.0667132035097864,1.5666359287055993,1.9817138177783495,1.7831879537618156,2.399509473078717,1.4907164622100766,1.1837984063996876,1.1878687031448982
gene_634,1.240119316030212,2.5176624851535285,1.1720612453126988,1.8427728888172372,2.886937226064799,1.3822767982516804,1.4335235400137571,1.582909685252143
gene_635,1.2086398660357078,1.346551868325741,1.5431643284894734,2.3066764133098747,1.4282861963055777,1.9336714770520802,1.3732709456952445,2.3732954834392164
gene_636,1.1811572353540805,2.083099638840961,2.125918549133204,1.408483235798098,2.139588444120852,2.0884719340237305,13288.616533917773,1.3183840622797895
gene_637,1.1781996775309589,1.4893335350777623,2.047316079847989,1.6033250899147387,1.3848271662195382,1.6342837818415645,1.1891629085995865,1.3441961721423727
gene_638,1.1076654305779583,1.653124600554368,1.3685696491285708,1.494682413738873,1.2300261997744648,1.123558853286726,1.430211232895412,1.6184848191727386
gene_639,1.1295183181053532,1.322218634131787,2.361887672929478,1.285352381534619,1.305948871248087,1.541176863325258,1.7201888016209792,1.1938533653382837
gene_640,1.118634708536007,1.9276276995507609,1.2211141565766286,1.5685405773651249,1.46364359590462,1.6723518778766737,1.1795514357015706,1.442794222031079
gene_641,1.091486985021923,1.6339150814390446,1.281865644012789,1.1888491907621912,1.2949355200795238,1.3235425178610738,1.1705002275185197,1.276564697204241
gene_642,1.191425506161204,1.1954892163918753,1.323748417632272,1.3191111848165553,1.8286261548253944,2.2756188981025436,1.7899399619312586,1.4116843209055814
gene_643,1.36349251342319,1.595561438756866,2.8367919834207136,2.4990161231256867,1.6126263685053766,2.0316514004031347,1.3923487437294038,1.3733343768821276
gene_644,1.1807733545250847,1.327229515552376,1.556734791220757,1.4071946085798046,1.8429512248755764,1.3909754287682392,1.2626183622296654,1.9128595174733596
gene_645,1.1484382333917338,1.3185364414837204,1.218086137825776,1.5226105578744393,1.5702359079069872,1.826218607450218,1.2561422274938443,1.2824416841583002
gene_646,1.2634097470083676,1.425874696803758,1.1960305744016444,1.474079475380371,2.599348241760381,1.3087072994814724,1.6189331377849034,1.6852984145519343
gene_647,1.1739551043833847,2.064921600118101,1.2528215880525515,1.4177181736137763,2.5711967986917545,1.6577154121495274,2.1559342846914404,1.4394599158672465
gene_648,1.157606891078885,1.5001973732197567,1.402923027036698,1.9387323866051318,2.0161265825741688,1.6557150540780838,1.258196721140397,1.4307452557682818
gene_649,1.1390526147935542,3.6824622090172485,1.1716584652381792,1.5661364478316748,1.1684478990483274,1.9763400887219742,3.2806107866264416,1.2786391176632705
gene_650,1.1579337834720052,1.110191871166021,1.4866819445437147,12101.064463676954,1.1632784701797338,1.379848915509851,1.9357052575141092,1.1553510847171538
gene_651,1.1015210129403257,1.7571177118816839,1.2824804762263289,1.3644427081008557,1.4068336690520695,1.5572286222384892,1.6340245194445784,1.2293822933761527
gene_652,1.1657058180581865,1.4438703256579593,1.2084925885890818,1.4556213891206902,2.205764666918542,1.5819423527124326,1.5614784290296222,2.0087428929798197
gene_653,1.1531573006296902,1.507412448639402,1.285948962391622,1.4231848842437185,2.271502717593871,1.299422642344655,1.3773049311041787,1.2748165652958419
gene_654,1.1047303930379873,3.2707044041959947,1.0983426383134824,1.4540343597277217,2.0979328716765404,1.9205501994395078,1.420502597824531,1.4961514883227671
gene_655,1.1378146877520028,3.7043756128063343,1.4449205732137542,1.3711222450745906,1.2650346763126321,1.1814667037303992,1.5894444014938036,1.5351676354984203
gene_656,1.128176066367444,1.751160853986882,1.4962871684246664,1.3487308536073659,1.5856392746229717,2.609018100851644,1.1621173937498213,1.3933421936500165
gene_657,1.1069778434620523,1.2210679200714287,1.4414316899831479,1.2001950050354677,1.496831606286528,1.1054288384834767,2.6160520956135844,1.1924917835964675
gene_658,1.2275644643772532,1.1664239174063105,2.543951520406994,1.230627412600084,2.787106990123618,2.6882880604969963,1.8229487547328773,1.5440413854518922
gene_659,1.0751532222584146,1.8035954027713417,1.1928140054451581,1.3366577209968915,1.5266408782050223,1.2276473722228944,1.49148398236522,1.7009544497294198
gene_660,1.2388057679052424,2.4022644583187716,1.698755745328273,1.3159574677256105,2.3013018109478973,1.5384888069436673,1.2588710726025232,2.4768453103283106
gene_661,1.0912121503555687,1.1372981399471656,1.5327861182174718,2.1445238681143217,1.2579493196409612,1.5142677875457864,1.3838354640493697,1.3943522991632937
gene_662,1.3267454473052087,1.3056579133815425,1.573437019079216,1.4332665074077577,1.2630545969186966,1.996692927686726,1.3351511672974523,1.1374824841357472
gene_663,1.1790597294306127,1.640181631223608,1.6098292546145023,1.4016301179169615,1.5988251875230004,3.3366713548257563,1.1861610449288744,1.315389824100286
gene_664,1.1586351784689706,1.883937801161912,1.6768016849991363,10119.763564911067,1.4938478427329047,3.2709012814082508,1.502094794589373,1.6475789384162915
gene_665,1.1091046412685623,1.384715597430702,1.2131080193339179,1.5558682184733934,1.3284809269952589,1.1830541073672929,1.2288768379067896,1.3268115820023316
gene_666,1.230885904263625,1.47657729831384,1.5488214848046589,1.8157455125094988,1.5373118903170888,1.5777624091909734,1.5366106214014423,2.013058846270899
gene_667,1.1918452277815983,3.478623780395999,1.7496982786350461,2.781003578551303,1.838369033750954,1.1830896090457264,1.461599532917952,1.2351039522334473
gene_668,1.174678492037548,1.698155238233535,1.5872327536772404,1.8946405411747198,1.1557430659644639,1.9043660689374038,1.599637277042601,1.1890625681346405
gene_669,1.1200401227360308,1.7840003153365405,1.4721552346086373,1.251972516997447,1.2149894913385677,1.9484783383999356,1.7621761254744808,1.203894761312489
gene_670,1.2813767079407972,1.2331581052331992,1.2720348558694061,1.846549011815073,1.2519606631513152,1.898944619600926,1.363274525901497,1.3175178713716629
gene_671,1.0537386805844529,1.270199547856956,1.3119234713292085,1.1389581019007549,1.0972712500378623,1.1202045816328419,1.2513537779755164,1.6746295993846423
gene_672,1.1454735137672192,1.223055356556221,1.8705423446936658,1.4673984707814758,1.4800376678313631,1.603182437013109,1.3904945785799392,1.3476368635932716
gene_673,1.078729476795718,1.3688831307620517,1.245252159176905,1.1499509305006355,1.4098397691316975,1.5033962567168542,1.3443825735789516,1.2780175647941057
gene_674,1.117245245130685,1.1531613320403078,1.1165113188010065,1.3953164124602544,1.3759957736510542,1.801375464036374,1.591849395845865,1.6270476958915556
gene_675,1.1132048620757062,1.3028115937377394,1.4390598394774816,1.4913307649156882,3.7285901250388642,1.654486854255303,1.4389087038586572,1.3450247534822193
gene_676,1.1284415126844103,2.9797231896424545,1.4753977568333199,1.9195229531028704,1.4943460335800798,1.6441778413790478,1.4122276798923747,1.2619494359618424
gene_677,1.1241214502546308,1.2090755711833765,1.355223076493959,1.32839075090391,1.905152768994801,1.5489028216879104,1.3235026279104865,1.823140499249777
gene_678,1.1527252762340539,1.229191433881832,1.2689777548136665,1.4486747017724575,1.92091788383904,1.3404768138893242,1.1529751028554538,1.8643651192419974
gene_679,1.1804509950445614,1.2962003117912893,1.1611725597046814,1.8284380753836023,1.9489943554646199,1.6457338694669292,1.7515563530580616,1.2614999333732806
gene_680,1.174805878046354,2.0156028772623977,1.967421807920931,1.5481304132511882,1.5582751975416005,1.7500829941705969,1.6549579159701986,1.2901701957763827
gene_681,1.2417612355304068,1.3297826255487746,2.1753560535539807,1.2733712056876172,1.3878072725446289,1.4457849317022018,1.2560473209899634,1.472415143275208
gene_682,1.1799105088048936,1.5575374571247986,1.5651216531490302,2.893335577562159,1.2192628076374012,1.1282111533758288,1.6753583261753304,1.753251536910969
gene_683,1.1040269649526215,1.3063517134971507,1.1071078231472373,1.4399278069042645,1.4625687395482836,1.8076212562717708,1.2819095840470816,1.3979499685314543
gene_684,1.1040008710330678,1.3435108405093203,2.0194841897557967,1.8914322723870773,1.5333578235885228,1.4332611154102854,1.7058064139905769,1.2879745305157286
gene_685,1.0750285338406615,1.2890691108097108,1.2832561416687358,1.3218242709525474,1.133642004991867,2.097539955802913,1.2677031993033234,1.395121198560613
gene_686,1.109708249014992,3.1321117969444057,1.7245168318988744,1.4552871559337324,2.0315923031753194,1.7835074025743558,1.3352385263688138,1.2720349272944247
gene_687,1.206827556913921,1.5208103859967808,1.6293972132118335,1.4198169801918337,1.1678740403798449,1.9704590953121335,1.6243911380101406,2.0222746668079212
gene_688,1.1142186601773245,1.3321037808111025,1.138263076536527,1.229795739126934,3.57805605993987,1.2895462869429724,2.856172428282768,1.5042375250648516
gene_689,1.1203718930774742,1.16115200367783,1.3991118022726368,1.3647289643736902,1.1862630229394007,1.1859427651449694,1.5819272410852692,1.4041521666647105
gene_690,1.1200743991039808,1.3148266199037886,1.264934610579116,1.226058403551287,1.316964583191166,2.379570649825301,1.4858790928321999,2.1712307703801543
gene_691,1.2032177050367274,1.269448038962949,1.6277682057128913,1.4431472619170411,2.488697456492518,1.591747684811204,2.2760116604954526,1.351004768087607
gene_692,1.2053943853142173,1.6202880315281911,2.027102572474289,1.7651324566583402,2.045701852358773,1.6859961660486147,1.2628365694130048,1.5272398660964357
gene_693,1.1845271204038448,2.0705076964512474,1.6810411253696977,1.5796666993695754,2.184529061497885,1.7524408010951935,1.2709764303666347,1.3796910911085505
gene_694,1.0799248141483393,1.0746061655588108,1.2765603338336262,1.3018567124564169,1.8589775962808137,1.4541805307654407,1.9077196014602653,1.524871074706906
gene_695,1.3059337468389738,1.1421864310920995,1.504921799523398,1.8577524989669334,1.9633705974095268,1.6772245489766182,2.050679612703487,1.5532512536266971
gene_696,1.1271585284475139,1.3274069175424532,1.1598076193261406,1.2701122170963246,1.2956886934575258,1.738470784554566,1.5275081013980427,1.4202229336408556
gene_697,1.1876791864876572,1.371609966027208,1.1686433977140465,1.6616268731529966,2.0560594498468796,1.6935218154756075,1.3216488506376474,1.1987314998841267
gene_698,1.0828951807543088,2.478823063991482,1.7087595274633787,1.2671633997234564,1.8455027691319086,1.205853696055834,1.4011332319644052,1.405779776216607
gene_699,1.1219116337582937,1.931000736443525,1.4499011870560574,1.7250825984426221,2.2570456487076322,1.3984465970594064,1.2955435568687381,1.5798421251047357
gene_700,1.2278502743338142,1.4938741305989305,1.6707569971939489,1.186617254675866,1.6202194444047724,1.2521192723443637,1.3635419476023414,1.220232742579323
gene_701,1.188476985609816,1.4231899373275119,2.1907949276672802,1.3481977681917139,1.9381285384909732,1.3509527942600539,1.2214061191825325,1.5795142132074669
gene_702,1.0701414379806073,1.471848393056022,1.4026628798208152,1.5935348020847748,1.2761291034562634,2.296331092743028,1.4067093143032736,1.5282552831535543
gene_703,1.106438528016596,1.282415612067257,1.4087704797286886,1.190737529304465,1.5830955323847933,1.5185379945075876,1.2189483967504822,1.4655884051379164
gene_704,1.1273896999142217,1.3567419897242905,1.7537675501218444,1.4707466766377721,1.0996370749084265,1.667771217067417,2.30197095356756,1.3557972820692685
gene_705,1.1479718229434943,1.8622451757271716,1.580089961838826,1.3184990534908418,1.503736999434838,1.8946912297873586,1.614216223179724,1.9986315126932583
gene_706,1.1175047439637917,1.1983437660714007,1.4549453538044357,1.6828564407626154,1.486395114012718,1.3541150983024128,1.8924818601518634,1.2872436484165655
gene_707,1.2103842510405107,2.1970136278072068,1.3647634631345469,1.5374757437615276,1.7209847978308161,1.3905112900299537,1.8958126938402524,1.8806742094078632
gene_708,1.1976994003963664,2.1155416751445233,1.6047398562555388,1.1511731164779717,1.1271320826647306,1.6181932529063905,2.510059140871666,2.792540872408587
gene_709,1.2000956572824366,1.5868277289246235,1.9258173738871014,1.3405758649296926,1.5226421675341018,1.660080985248015,1.3443408139731614,1.5793202372411856
gene_710,1.13095632527765,1.283200430788212,1.541786440577518,1.197891664863265,2.1924850719492626,1.6378753546281948,1.3867535831532494,1.3971760441203194
gene_711,1.1035199080944966,1.3742609600080862,1.2583268791575264,1.4762088638370432,1.9910440943541994,1.6333477525021967,1.4690997821553233,1.2104653017825213
gene_712,1.1457685875656352,1.1411999707495069,1.3088564974903694,1.1703128593370984,1.6340217152007668,1.5840596060964391,1.3215227711828947,1.1425683983178272
gene_713,1.1514753929325348,1.3022123455807677,1.1081226560348068,1.3528583559862761,3.6056270660150367,1.4526128973160024,1.461444992022808,1.2169646591707035
gene_714,1.3039783419781499,1.5697628847362919,1.25874220156284,1.5684124282917842,1.1864492397106943,1.334092059707022,1.2647840452962686,1.4691054355170945
gene_715,1.1390480815915598,1.280082752806657,1.7391608993541368,1.1385513468230415,1.7209113349801954,2.111361961860429,1.2763438730498817,1.3566982458304886
gene_716,1.0909436311424074,1.2224854927936182,1.3876335561642077,1.33468562851536,1.8704572809576165,1.673338490118738,1.2193924772956712,1.2935060940186123
gene_717,1.1626024708306855,1.4880442394706597,3.0798876727567976,1.5590592048425098,1.3819374632258763,1.2598118430500045,1.3129507548146206,1.5203728518076784
gene_718,1.1255528243512816,1.3940636554848596,1.6303289467851663,1.8525522104847936,2.2961800628207336,1.390176601008421,1.5064057395081565,1.5920438432754411
gene_719,1.060580767971565,1.223421437266555,1.2035902330332513,1.6002834720219603,1.4571576885200128,1.4647849926706604,1.7746655946624519,1.727522675093542
gene_720,1.0872077810553311,2.0041475313280817,1.4684759063828667,1.4026674524869631,3.2456241257740657,1.4016453385626129,1.44036064356539,1.422492044747766
gene_721,1.1587407715341638,1.3487083564969542,1.5967427795092193,1.4809202574884337,1.5422854968606583,1.2704846327568076,1.4940799975667216,1.6062910823524668
gene_722,1.1004707361988986,1.483248724085428,1.4558043979342645,1.337848337242748,1.1354028426632876,1.4014835345292083,1.2607793563933887,1.1461102629841162
gene_723,1.1577904937915178,1.2176834997221468,2.678227899354855,1.2226572132495899,2.398127718834314,1.261852731932342,1.7810890311512946,2.3599430546173186
gene_724,1.1272654881364395,1.7178195610202294,2.2851493142033785,1.5783048839840517,2.310235907470045,1.2019299963436698,1.6262394245615943,1.886860086106256
gene_725,1.136862953116605,1.2915939695103322,1.3165526679966968,1.133521449427645,1.3825238196214873,1.6311798314007684,1.1602773729986582,1.8714896604449107
gene_726,1.1603213463710966,1.148557644882899,1.7987600578033298,2.0153483342427103,1.4373122971899719,2.3515561036624044,1.7916444235621993,1.2509858598672703
gene_727,1.1470767181218664,1.518917278493918,1.280148714319571,1.417785985658135,1.1995611543731537,1.6706723085303798,1.559326138000747,1.2460130011355357
gene_728,1.1874476959597053,2.563391398878691,1.5534058724062911,1.4101477219065757,3.0150786489640105,2.014946511590784,1.7709119580353234,1.3336427973199911
gene_729,1.261710165490278,1.346801868362591,1.5252210065596632,1.7606501232903318,2.433075015717421,1.603308255651884,2.0939231266659375,1.6778174064548017
gene_730,1.1377994640473086,1.0844433740447772,1.2489839367913136,1.8516766840640395,1.548516949389499,1.216362638593978,1.2734365760567166,1.1116058493216756
gene_731,1.3401427541175115,1.7932965673959564,1.2900501972386669,2.6107807631098106,1.2960127870314262,1.56754196592622,1.3385171338943227,1.3448816581428724
gene_732,1.0788546046119631,1.6240245546447534,1.448944173008233,1.9460407305509846,4.600625934398535,1.6992260873737188,1.3380299190316618,1.2791082499650448
gene_733,1.1889069533347936,1.4561749386125025,1.593213698587922,3.3445451888232998,2.028981392701438,1.2327982632141163,1.3053178548471003,2.695206942577692
gene_734,1.2451394121860553,1.546414042314961,1.7986126364566608,2.5812526442198815,1.213312489708088,2.1087132841217127,1.4356608795864991,1.3346319065554917
gene_735,1.0749764476542385,1.3872198004093284,1.2637295783177867,1.4136601042576205,1.7413674891954747,1.3847759668726576,1.601514851020379,1.171954796963131
gene_736,1.1887751838494438,1.4010483847437516,1.9604890946010696,2.1864509270789623,2.0477088995426365,1.6632088849728046,1.2739462657778609,1.636968973432147
gene_737,1.1353559295562237,1.2681774677467028,1.2306654117071012,2.205353852335419,1.593877796518934,1.9301880977799055,1.6420324560598187,1.7246657631724145
gene_738,1.184442481367042,1.0694444320125478,1.1289611628043803,2.5136255372587644,1.554975525315264,1.4578286706421781,1.3978530202261479,1.2460717999710644
gene_739,1.1463358206029322,1.1893793515136792,1.5018396256755453,1.1496155768779077,1.542622859434787,1.6253381620956222,1.145476007984956,2.587860204025113
gene_740,1.1730968695027628,1.2349885268961767,1.6679966858088995,1.6536786725585515,1.607533320529233,1.5564398568622246,1.3996872472290125,2.8610405336926297
gene_741,1.1208745661301003,2.749663366863233,1.3214028396128783,1.5708398561802634,1.7338623221420653,3.1101632254840337,1.106972761086614,10496.430646093542
gene_742,1.1810190115071626,1.9985963722606754,2.353709348893123,2.205036308633454,1.7455685440938704,1.7489969959898473,1.428071169283125,1.1959085659287763
gene_743,1.1863112919688645,1.3653662369899098,1.1675144105307542,1.868800820691847,1.5144005396537137,2.2297459093876992,1.1607517280669883,1.6063125154586544
gene_744,1.1498821116495523,1.557855994916375,1.733310835483925,3.116750626526062,1.8949244554525366,1.1920178910606962,1.3017084105003973,2.517726292102468
gene_745,1.2284271794223076,1.4031917434981722,1.3660221731903384,1.2913343500555803,1.3466680530259483,2.2888851440432147,1.2123110658447565,3.356974353254893
gene_746,1.1080653388098178,1.4315887544563826,1.3170982353333354,1.142001986488497,1.6880053082589426,2.7193113574484467,1.233759464362233,1.5135256872057572
gene_747,1.1478377364281387,1.363505918653742,1.3526049504702515,1.380689154817613,1.343765468351318,1.6739896186780994,1.5517181752383664,1.6686641730502942
gene_748,1.253762079841712,1.4640672217498474,2.1192139336216687,1.946494042857205,1.1565966832083383,3.194646629782366,2.7517589793164405,1.7950850710596584
gene_749,1.2513822414466733,6973.5080754007395,2.0472037361812063,12202.353938205031,1.8606923074234731,3.198697809773972,1.4744350619890942,2.4951363100414476
gene_750,1.1250939908609214,1.321342743057584,2.174067719044006,1.6241864431970914,1.1818944057823935,1.2306537686661436,1.2688280462951587,1.2206819331794139
gene_751,1.1441925981322465,2.1265543251874686,1.3307097124882203,1.621977759434151,2.1123846329384746,1.5512602168780505,1.5242020496616862,1.549154515931242
gene_752,1.2486440742012033,1.2196227697634465,3.5613710143387762,1.264984874263741,1.892134907257258,1.3961312419148106,2.3075021323095104,1.689458912441539
gene_753,1.1466450043290686,1.6349106004818668,1.8398720325868572,1.2955358954831195,1.3316208596878878,2.685321468497918,2.8584056551984904,1.2216564691402603
gene_754,1.146371609200415,1.2667064462532713,1.528856521961875,2.4815005597293016,1.5847369787607126,1.6239199371111703,1.631965776047456,1.9782389554358581
gene_755,1.1433633263069474,1.9943768945112252,1.256048488054121,2.1444307398900055,1.4801802074652335,1.6635473508442187,1.3428054521553623,2.81669802044491
gene_756,1.0973613013678167,1.4796075070448853,1.1754469471857671,1.2886757037555694,1.420706274528417,1.360788681604038,1.247742625249806,1.2828988220236022
gene_757,1.0841532860883043,1.312381039822028,1.754550036672373,1.566446222646261,1.3523576641356194,2.7909676551303932,1.4321555559384755,1.9537345504948795
gene_758,1.1871423948396296,2.0037519564926796,1.1061778579570476,1.2944662007914787,1.3172361942262845,2.2644302525840097,1.1844414434307806,1.2820060661280703
gene_759,1.2579441916635337,1.4913341148890171,1.5055586642052314,1.2370392314125547,1.8312411185549442,2.4953602399086634,1.4185123784449962,1.224088855861262
gene_760,1.2269818268582382,1.3125035478142957,1.5863858084842608,1.2762133158311513,1.9161124888418088,1.439118832199933,1.250005908344497,3.189126145995099
gene_761,1.1733565257295693,1.142582532728971,2.338293856594927,1.8647473804032422,1.1759612488207405,1.3390840228122511,1.2278003912279165,1.5768502711434165
gene_762,1.1139878890119919,3.4382708215045827,1.247695932091766,1.2354064140145913,1.4950982982443506,1.5075629737793834,1.6373179090417318,1.4663901971843771
gene_763,1.205914613441024,1.6656238444569516,2.091688194718867,1.6002290441256704,2.23326772631611,1.4704300562359347,1.495505828720052,1.420856013563578
gene_764,1.2184279720773539,1.1766113945568557,1.4184196009519023,1.2820058942166903,1.789848004384398,2.167676914603491,1.4567429449460152,1.5285383905886376
gene_765,1.1363952707999225,1.2731148753183013,1.3639948017138674,1.411993980285937,1.2668871296107664,1.2884262653543554,1.7926471709698952,1.653938270942012
gene_766,1.1138944965244375,1.738700690652241,1.1780154998866543,1.3337055220553227,1.762157595659867,1.2361157728104908,2.0146254824224745,1.3591431910646832
gene_767,1.1462163049568672,1.7626765946658824,1.4993669373596594,1.2920433660940702,1.507023129100366,1.3442091048805405,2.3987399013599786,1.2469132766707098
gene_768,1.1388608288281954,2.0721892653730736,1.5263833781234457,1.6835528929377799,2.0613134287966846,1.3401992929653535,1.6856286090372286,1.4158365283411793
gene_769,1.1606533254012967,1.4015230322772465,2.1642215882653537,1.6177853331017489,2.007702317916686,1.5486604611153036,2.0522910307872246,1.4074825270977145
gene_770,1.108946117759045,1.2738623119267458,1.4888935777133938,1.3829822534828111,1.1417830916672604,1.3683677884950611,1.1312701712838222,1.199664619305762
gene_771,1.1703087515138915,1.1921294954967425,1.6723438085080786,2.0856387659611926,1.5883332297842732,1.0944881510499085,1.6743321920159944,1.594818883298023
gene_772,1.086076247494354,1.3492062372532154,1.2783619760861122,1.2622264882250578,1.8500599415537298,1.249381691281352,1.449274115754289,1.3437292332330666
gene_773,1.191447793250716,1.3014396459607667,1.6237187158180757,1.4760310694307899,1.5136320785954869,1.2078174093551737,1.3372280764885558,1.167827723307687
gene_774,1.2057496781190946,1.8536783967706543,1.3929371389266625,1.38055565582896,2.899190307969908,1.5457664075198498,2.8326376761876286,1.3329410034858262
gene_775,1.0947542250758433,3.715496809908757,1.1599674209514073,1.237794266335406,1.8489191578137327,1.2813128759960706,1.5539634279523784,1.5730133064865621
gene_776,1.1721334525812592,1.5708783624294982,1.3683787934613774,1.5536991220547476,3.98559734387553,1.2661068592021798,1.3242854477949857,2.2368917636160255
gene_777,1.1619877711236142,1.4980487571515142,1.2171641433652722,1.5777026539506804,7866.6594325351625,3.2976816795964887,1.897628306620136,1.3751670092310293
gene_778,1.1233035896589452,1.372371416598064,1.3948078443981682,1.3974433982747756,1.2575380152748932,1.3311399243171917,1.3392847342043448,1.1749191991163686
gene_779,1.3303790514390839,1.3465286803954055,2.103749076592344,1.4347108542160487,1.7208022695893712,1.888155673073674,1.5193982317248467,1.339858526114413
gene_780,1.223980947510644,1.9997526329369593,1.6234001574143209,1.3835675716525604,1.5811721214584755,3.996924299080706,1.3926681925508753,3.306239166558354
gene_781,1.1882990992072904,1.3561353155138602,1.3750064817124772,1.2091969069108066,1.440252599986643,1.619890469829178,1.2572944430711377,1.4310861018548697
gene_782,1.1492116511386719,2.073609663586777,1.407860813091768,1.522937624608561,1.4251053014455064,1.1334674213395541,1.1994348765948102,1.9510743892841242
gene_783,1.0976809689623375,1.670317613357012,1.3258990871316914,2.30247356299659,2.035575044753679,1.506170328010223,1.76710986668667,1.2265501678460753
gene_784,1.1473832233004138,1.494159601358291,1.3566142170957631,1.3193203704223997,1.618991741391585,1.7181804530307863,1.1035992240818744,1.3583965951115031
gene_785,1.11883540787211,2.766327834412766,1.3123943485872513,1.421195699307953,1.457681239565737,1.4031602730943604,1.5225787930633266,3.0572152972818087
gene_786,1.2674998152535908,1.6482749941603134,1.4971796650479314,1.3934224171715635,1.3531907252787847,1.240956421326492,1.2167373222426892,3.3337437312020985
gene_787,1.128227881516239,2.502490380061862,1.7237818783756238,1.1764692658446563,1.8858048366543614,1.411578660677529,1.597996994862576,1.9218150005457266
gene_788,1.2011662486833925,1.224339976851172,1.3238970800625027,2.105958377284736,1.279292074241895,1.1945269983875886,1.908560635845343,1.3514754175578965
gene_789,1.1935986138303325,1.479179573573065,1.4477965720316885,1.2779583095375957,1.6263035283108767,1.4200716349432523,1.341386356891283,1.7117569457560207
gene_790,1.2254254227205101,1.4186152537809718,1.8397497782948438,1.4281835918740684,1.47516714140151,1.9968646890162083,1.3448016936082396,1.2705481132501881
gene_791,1.1424562006463765,1.6376251971334166,1.1300604229270248,1.306204655488488,2.1359123068488985,1.5225140106501394,1.3305520907596307,1.199531197625367
gene_792,1.2911877616801424,1.9951121864454855,1.634889494210034,11741.741645423243,2.544043587516816,2.011441298436909,1.4746619519012159,1.4598410999004074
gene_793,1.1221911361941845,1.4591610908116088,1.3327470978351783,1.3946410242085687,2.2278875970393788,1.496915756064849,1.293907493021695,1.203679592323266
gene_794,1.171847006882803,1.6800799473921793,1.1404594906635728,1.3236489578495458,1.9334759206807948,1.8825307055561677,1.4565500905865865,1.3922923655190163
gene_795,1.1598274625302583,1.2293521158830243,3.0028426047597243,1.4473717067659828,1.5968060827314565,1.8180555514332994,1.4773800701651598,1.587176485139746
gene_796,1.2215408994833898,1.2694446614952444,1.4152131100872418,1.8413862136213561,1.338504068331508,1.8090915904837694,1.8245420179254808,2.235705115918104
gene_797,1.2029619871909973,2.270749477066954,1.631851772833331,1.2607334319793426,1.42952847599606,2.194846079690461,1.2581861386922333,1.6672409346814148
gene_798,1.1225936113076096,3.346549763355098,1.496284762636017,1.2616811481802914,1.4052381668282263,1.2342726040524261,1.9558483980225572,1.2494023409010122
gene_799,1.1368666169757529,2.331661674921616,2.5098388535920213,1.5228517499403718,2.0195251319035306,2.0163813074526407,1.2181537641423514,13192.126651624436
gene_800,1.149468338840491,2.126810505972353,1.4072320371186307,1.2552642546075432,2.822853242361113,1.1017119231772916,1.503845320228133,1.5469618473749656
gene_801,1.1823038903314314,2.2570618240582734,1.244301815750582,1.6805592022202551,1.6811455505086825,1.1824045160061931,9203.466762716806,1.323226711144667
gene_802,1.130284847833143,1.9062140467486763,1.7194077728952555,1.125262514518146,1.5679453197986304,1.0786151328729436,1.1958436889056026,1.2038133214146636
gene_803,1.0762626888404236,1.3730383959545431,1.250155473983842,1.4321799960470578,1.1480588609750482,1.107107345574381,1.457994080241687,1.3685664587421844
gene_804,1.092006088074436,1.4769409886791163,1.3516019893079936,1.7767659624392331,1.2513200076507207,1.163124500227301,1.191714327428866,1.456597175977623
gene_805,1.0782062132359749,1.3947355126025163,1.6232770086907764,1.2391749029562917,1.692799352096686,1.1213279335583797,1.478957894994929,1.5303228541345393
gene_806,1.218276431999166,1.3430888055937054,1.5303209303272036,1.9949763508332954,1.4165800245590507,1.1888802712774615,2.2680284140842093,1.8094180573036598
gene_807,1.1189710564485114,1.5348645458233494,1.5781683358933976,1.242911575181365,1.3484508804017228,1.0858051008288294,1.4877440142524403,1.464650585691755
gene_808,1.2081958740258727,2.283581570927329,1.18321891044713,1.992789052930064,1.291132363650702,1.2106636555422954,1.7938965988197566,2.59295877108749
gene_809,1.1014851277859568,1.3802103403520252,1.238572269047932,1.1401663228080456,1.3096073974938258,1.1170464263985063,1.5052220171023099,1.2879283520800724
gene_810,1.042702950221841,2.1532924958185853,1.136210284806523,1.3094725458748433,1.4313121337786436,1.0901327152882931,1.4309172911594703,1.1240269958623428
gene_811,1.2625828854183407,1.3374240721013098,2.242219176440502,1.3922435601011385,1.3522432931515056,1.1841037884371033,8942.82761786777,1.680789525140277
gene_812,1.2733733679725083,1.4498986931769757,1.552250848842828,1.3201286899124622,6252.688926215477,1.2125769609901376,1.3542016480397674,1.7872903227329986
gene_813,1.0823502949643713,1.643190315989131,8845.828998800178,1.222226454875263,1.5227994998602505,1.1600290159136288,11131.209884592976,1.1133309772740254
gene_814,1.1004184227737146,1.8951976401280533,1.4077662510959006,11193.696147878523,2.534899772286943,1.1015341079823697,1.6799523920042276,1.3524404480498058
gene_815,1.0794928439029727,1.5682278195688497,1.9664075328832273,1.6870343772202443,1.5831495216262979,1.1090702414864928,1.3599751015758739,1.4113677772823818
gene_816,1.1127785787866105,1.3806938022730704,1.3429693326919185,1.2748288531445513,1.7000771533174404,1.093912257051954,1.3441061031073698,1.4485856575207947
gene_817,1.1508876210399615,1.6806557665814423,1.528509623703184,1.5492152295070638,1.7628040760573462,1.1193896321497592,1.9558970732875833,1.2819116460346187
gene_818,1.2105206401695037,2.2276345682411622,1.3812226622478985,1.7167759395587254,2.0636560321657917,1.1142988191202408,1.4524022034397197,1.5723557455265564
gene_819,1.1159916612811518,3.7299192442280242,1.286899632813296,1.3711055992687786,1.1203988755819185,1.0666085090790518,1.5191168352719095,1.2561463954081105
gene_820,1.0525689775823424,3.7058342555739032,1.7443935233911978,1.271601291507445,5.047207479560482,1.0922360419800434,1.2176240481199867,1.3935211597512753
gene_821,1.2226606494691208,1.6392373856327764,1.4076721784139503,1.9897914824909646,1.4204764173845237,1.1495399087367792,1.6761871224919747,1.754929325614777
gene_822,1.1489858505537751,1.3059929012903042,1.3451825937669972,1.4323230235201367,1.3839368200264413,1.1823158734247423,1.8795668277319026,2.1949432958169783
gene_823,1.0475116216177047,1.3542365017684463,1.5550472749425575,1.2335685676984471,1.7468368475918497,1.0671634364643916,1.6529997841817048,1.6779467028969226
gene_824,1.1249459349786648,1.5540132541405458,1.7203753867687956,2.992250757182979,3.084976280037034,1.0658217157328918,1.684238159501875,1.2972796300871716
gene_825,1.1356885019240168,1.331341755010522,1.5202977021901765,1.47520609332204,1.486030483301684,1.1221560407522921,1.2969413971239854,1.4977558986588257
gene_826,1.1736324204795197,1.199103725462604,1.6234226869162602,1.2457590885823961,1.4899377865464407,1.1216179349314273,1.3892104012004107,1.350047917152388
gene_827,1.073864581571911,1.283404717303014,1.6690793675426825,1.3791648435132384,2.4724926656243915,1.117033463168787,1.182662970575125,1.290684058210807
gene_828,1.0851219128407934,1.4773904173480665,1.5234483595317463,2.7613725641210563,2.5157169243078386,1.1484173586279696,1.2504172554808681,1.9349415980717812
gene_829,1.1043302355380793,1.2049796326433597,1.2311219775676412,1.4007909940073542,1.3425076074495312,1.1051888270115835,1.5707603957042884,1.2851807344525237
gene_830,1.1897193532127237,2.3181303638620947,2.42889800909747,1.3822965780042644,2.040520594602853,1.1399993441271947,1.416687678731296,1.281277429208073
gene_831,1.0898087589010619,1.23313926899578,1.186184684257957,1.6939144043589363,1.3768870184770257,1.074506043697735,1.1315061099452086,1.2701052617891657
gene_832,1.0720676304506631,1.8654726191725903,1.3209785561387433,1.1740782378797707,1.6891696160795713,1.0742477030806052,1.1129464653440146,1.3943915378551555
gene_833,1.0972030069267091,1.3888951153108156,1.3265392198843897,1.1888154774104431,1.4432889000291484,1.0402397823814178,1.8566943980057296,2.152520058226161
gene_834,1.0724849747863319,2.943639474803072,1.2271316628900453,1.2220855325133622,1.238670374593719,1.1219993636556047,2.0314806201202247,1.3653958117230403
gene_835,1.1048712147665047,3.0696885468417987,2.0616074269833287,1.422238698647713,1.6005648463568791,1.0872405156465,2.1717527400962893,1.8077080569114885
gene_836,1.1675491239432478,2.200573580012637,1.8812359097315339,9848.773817370353,3.542144020693419,1.306636775069766,1.8096370368670684,2.6403292385026838
gene_837,1.1176405027078677,1.7341451097292548,1.2946484459588634,1.2215577927294774,1.6200265912666763,1.1390786516078464,1.2229440418655186,1.7145365294340542
gene_838,1.1672772216799852,1.3829070501478324,1.4386182940868482,1.1687488600605827,1.1126355927444833,1.1486839429768236,2.677181770558451,1.4395566860320121
gene_839,1.1818252835468137,2.10400342012407,1.3604454298596884,1.3575474095125573,2.6053432109249446,1.1239080168719193,1.501727469231192,1.8991237314858997
gene_840,1.1689762389738405,1.6832060270074887,1.3956755922843858,1.6025468997129013,1.0676920243816506,1.169402268545567,1.221502481829544,2.463969632066457
gene_841,1.1138603016758095,1.7631018488232617,1.4047536894133414,1.578726926580527,1.5499357723492186,1.1647622345180335,1.4626523315867146,1.564179703080774
gene_842,1.145143113057227,2.121927149695456,2.6354675583074703,1.860324452451995,1.4240284309627491,1.2535622172953194,3.7237696313599415,1.350587972487395
gene_843,1.1434435839427475,1.2119740546396562,1.4970582158818044,1.522258669782991,2.3473388152365784,1.2202437471761705,1.444744272502889,1.7079592120220775
gene_844,1.191369245191203,1.6703898219684006,1.326870945388042,1.2480770945997712,1.41627006328228,1.1086295267280029,1.3007975478075275,1.9354797747508776
gene_845,1.1081335161624943,2.7105564495670413,1.7686405855098186,2.151467238273538,1.5956477493277161,1.1152900414963856,1.6168645504268513,1.6053559790047685
gene_846,1.1607738360280981,1.8198459812891639,1.1790261194903655,1.5004873792955595,1.6881010662301241,1.1206903621454216,1.3238211966770477,1.7305223413206074
gene_847,1.1300239206475615,1.7348994063331815,1.990204480113537,1.2342602588461205,1.403404892119361,1.0608959785865437,1.1846024348785904,1.1666832279685158
gene_848,1.246711942170682,1.2100066879229951,2.8842174542429873,2.748371405322088,1.4286358741102267,1.16656829002101,1.534765976141574,1.163225090723587
gene_849,1.1471719047636142,1.554504280171392,1.3548606187489525,1.384432236528084,1.3671705164082621,1.0917109485395102,1.6550045713300539,1.5766621321162668
gene_850,1.0838443236339712,1.5674263716719354,1.8808236914690815,1.1987592000656666,1.3504956100485346,1.1515602692568163,2.0021747568853407,1.4950746614395283
gene_851,1.1787547074569702,1.5529247519030283,1.1703470668077316,1.6037368065963988,3.0127377742200987,1.1685451674925806,1.7236233573801105,2.921080402033574
gene_852,1.087665065799827,1.224405785673365,1.5759986818201908,1.3115248515483422,1.6181318724289264,1.1746898488710698,1.7481594930258981,1.791529476034
gene_853,1.105994455480702,1.3552708266911466,1.614498790571628,1.4715543747315898,1.4898991215891844,1.0516050246452229,1.2543212565899045,1.0961152327145975
gene_854,1.1385373130081335,1.4579307540766246,1.697171321458091,1.2066135414601074,2.639844035954623,1.1112696228531296,1.7681780091570545,1.4287199499379748
gene_855,1.1346755186295703,1.4136182910534745,1.1678942037269122,1.1682227913346421,1.395859713786849,1.0748919643642216,1.6119274892134217,1.3521613858142227
gene_856,1.1205399764796589,1.6146061682374464,1.0799362212401904,1.5357538837594187,1.3472714188917454,1.122518699965982,1.607866240329641,1.3038583048272787
gene_857,1.105480016073915,1.4014312612840514,1.4156877274698012,2.640873045328912,1.846322657541239,1.0893712903640713,1.7305340972852763,1.5973649005937722
gene_858,1.1131753322017204,1.273058649376324,1.7626881362112985,1.3158989301814334,1.5233390590383364,1.1084115972048887,1.425111641661791,1.391887309457928
gene_859,1.1514662584737625,1.444341422506155,1.3399329739593695,1.1635691452374632,1.1930906184478254,1.0844864096409699,1.2974060642619636,1.6668437197843542
gene_860,1.0648506992452695,1.3052503166161296,1.6940923409082074,1.318705989365153,1.2878504094025927,1.1709993826028386,1.5774271653477832,1.467774324782049
gene_861,1.119589260215915,1.7160747059976957,1.5035769483349977,1.3675105214243994,1.380502398547247,1.1233212360104619,1.6160133363612343,1.2225526780953346
gene_862,1.1179459914034264,3.1995792846966262,2.1039479919464137,1.293662004627478,1.834019324485779,1.1898089429378502,1.222952992070058,2.0483546081102673
gene_863,1.1109854499922298,1.6428141185183294,1.2938431979672613,1.317933502674872,1.7074865016504779,1.13463493855676,1.2948912543212898,1.5688849807710148
gene_864,1.1149251793778758,1.1193908804262356,1.0905197055687859,1.6328075741803065,1.5457383376867844,1.2121267414499775,1.3954665824316141,1.6966150889239788
gene_865,1.1233495114277885,1.420963223239311,1.3236643355507185,1.7875785554410721,1.7002850969992642,1.1247391526536648,1.4983352336093227,1.454168448814346
gene_866,1.1515658637334947,2.1477072136300577,1.7788986050954823,1.3336484469519372,1.1501666690401113,1.0973085586997977,1.4692390533679256,2.494383372912672
gene_867,1.1163899338607775,1.9949449768738254,1.5740309817070945,1.5786873944435964,2.2138398172604905,1.102625752344129,1.436314026212072,1.5215990223992732
gene_868,1.1545009943581077,1.3981962207214131,1.4189673664303293,1.622557673099131,1.5683819450016496,1.1193835305217368,1.5236175272704415,1.2988899732812074
gene_869,1.0943088622604742,1.6169006465613358,1.4459574156129453,1.4967639099742096,1.4310046049534402,1.108404727864418,1.525891422760175,1.0448070983981064
gene_870,1.1467747808201252,1.248385626246452,3.1725911983723387,1.901376752560336,3.080990032316939,1.1079894069430425,1.2163219870401347,1.5185543670547657
gene_871,1.125291207101824,1.5137890024267349,1.2582065502976592,1.218230322391034,1.7656848077867748,1.160191486150302,1.7610687708601438,1.3129363522838997
gene_872,1.2336850628428722,1.465098638546748,1.8359037069365445,1.3902827472847157,1.825916378044308,1.254173302849302,1.5442558259252803,2.3026330625229274
gene_873,1.277726789810471,2.7445309909506626,1.5524858327366962,2.6518875935852044,2.1104902437820354,1.1192408168555243,1.242730400089579,1.3964188277380016
gene_874,1.138359406069153,7122.4466041192745,1.583782207706805,1.6828016654861897,1.515514796196916,1.1204935674869736,1.9381546533854677,1.2457939863342833
gene_875,1.2439224435149978,1.651098631564683,2.027605164755706,1.4695014330340825,1.5671491539397215,1.0486747799959921,1.2350834828627824,1.4155346530630735
gene_876,1.2860988597715879,1.8150165649628982,2.384139585401451,2.2751346898985387,1.838201588556638,1.2163930141919632,3.3720233466922998,2.4278255092281777
gene_877,1.1969778380849547,1.7923914412801834,1.5636930032699274,2.5970093299697092,1.4708542707279462,1.181569649407237,1.4910937598465177,1.8148094275842157
gene_878,1.1482756543543353,1.1695823179309228,1.4117878113996287,1.79144063142293,1.6487384679081745,1.1855108781177157,1.4179899391753505,1.554991053769627
gene_879,1.0817629902766805,1.3147676769887637,1.0921176640334758,1.1451303486066664,1.2827249620658148,1.0912471912666875,1.6630613616776229,2.6830127919653566
gene_880,1.150087031006373,1.4836022135434568,2.817057572412472,1.6350015560353903,1.5574792942374736,1.1472960047161125,1.940881714849711,1.40973510230915
gene_881,1.1800781851123123,1.610898092629127,1.9241569405674428,1.355562443309038,1.2870552248471248,1.1246646827584195,1.5216185002834413,2.219266745390676
gene_882,1.1728322546319643,1.7033351981026146,1.4414093164795876,1.4933750149965688,1.3063841287393663,1.1549447096550796,1.705218136418261,1.369847289846055
gene_883,1.1779430625307488,2.007660756413141,1.5382043438796527,1.3946679465884382,1.8226825184720703,1.1401316430889044,1.9254635108646425,1.6696705697021068
gene_884,1.0736696473711607,1.3121412876430065,1.253977480295473,1.511473767562281,1.2983853583916434,1.070627959665303,1.3642656706656706,1.0598352174357704
gene_885,1.0541458542355806,1.2464765282591537,1.8166150530518859,1.2166901414843632,1.1224469354164672,1.0930457221617298,1.367761131081739,1.214386894431029
gene_886,1.0710637857795084,1.5016870703154295,1.2662636836805288,3.3378976311890014,1.5168127515287693,1.2593335868075797,1.5658752043306607,1.1986843984474551
gene_887,1.0950096537512695,1.6418209564933304,1.2999518765438838,1.3379353871788577,1.5816293919009399,1.0715970362860074,1.5442075537964093,1.2928841404835008
gene_888,1.1335007810058737,1.4863927527372987,1.3511578847442656,1.5114402393151831,1.3313126879129233,1.1302618616602922,1.2843426357494763,1.576585382232007
gene_889,1.0698823366881747,1.4224265826461122,1.9550243941143886,1.7134400911360603,1.4866390418506095,1.0633573580683258,1.3045275689860891,1.2170317212678927
gene_890,1.1492554783245836,1.6547626268226736,1.18619944474122,1.4298976076286158,1.7129379039164219,1.1000439275566338,1.3525577656232182,2.0254340723103166
gene_891,1.0938220078767045,3.4266800935825437,1.5312184677324652,1.4620968381840036,1.5942189084476408,1.1387961495074181,1.5191298434277258,1.6548700080082899
gene_892,1.082753440239427,1.4359627399061243,1.4620367772238752,1.73453148563772,1.5545367490473976,1.0779632561356496,1.2864869380954076,1.6853970496065735
gene_893,1.1092981379699132,1.793359062187407,1.6930991894529737,1.3065934315031091,1.2419449566946825,1.1303929579759238,1.322092056604278,1.1985692782807864
gene_894,1.147408659669923,8390.66744497756,8311.336887619738,1.429599292375663,1.7620296112239444,1.1696134669080585,1.6306370112419304,2.97904162981929
gene_895,1.1396374305464834,1.5891610791396173,2.048793911652758,1.3660632186806339,1.4092780726157128,1.1532173920965003,1.5317463100881126,1.7389937539716742
gene_896,1.1882625562779345,2.778067549903599,1.2876372294173097,12910.347442825856,2.198836817784446,1.096541462857367,1.2512800288390509,2.120695140909234
gene_897,1.1172083634606604,1.1904843319931995,2.5040793091649833,1.3669205286380093,1.2751297304369138,1.1523594535590995,1.2229582768240161,2.2422621610412685
gene_898,1.1547496101494534,1.1223195818124048,1.3890606404047692,1.131014524836993,1.2982205365127508,1.1383085587399102,1.2059838057904524,1.4275228166619922
gene_899,1.149918021151734,1.4799520881417139,1.218073137794766,1.3229326509306234,1.2885179217531402,1.0649498308312682,1.3417254482421697,1.5966203580943588
gene_900,1.1235948799680922,1.6671000332366568,1.4049392590367744,1.281939122190138,1.6361108542844491,1.109219878007087,1.3676073816723222,1.3574233879421396
gene_901,1.1385602593908795,4.033256355743575,1.7629806129825394,1.4153887208759384,4.190451520296537,1.133226556459875,1.589095684582248,1.3275515156792603
gene_902,1.1503913161283517,1.2599583925009028,1.479578600949561,1.6438908683560625,2.2566714256834173,1.1246233714870633,2.6434089757862647,1.6689917324422037
gene_903,1.1084967501949352,1.3027574080014166,1.772839564222749,1.5510577611120762,1.9561870132229566,1.0722692197907568,1.2031408610960916,1.393066032254003
gene_904,1.2100660629740099,1.366444676372515,1.8119861743545511,1.4527503805358546,1.5717134625407487,1.1671143588309871,1.3732835870853024,1.3123307448095924
gene_905,1.1260095111586421,1.4198091966764181,1.2313006699452151,1.1626072570994865,2.0158778447482733,1.0658514728583148,1.1529477158420744,1.90927147772195
gene_906,1.1932976656690883,1.7526070876120607,1.3597226583955784,1.1966705173633558,1.7287938252646586,1.09205287309429,2.850936847414224,1.3037202383993511
gene_907,1.1146019945822434,1.1851553164483055,1.2758298452776466,1.2804079855264807,1.0338095886324874,1.0796697383485971,1.2904476406082226,1.7803950332209115
gene_908,1.1027802723441587,1.3629946448264982,1.3455932255149068,1.1554998359794981,1.406985975372053,1.1185269314727646,1.0666333793383276,1.251434701315634
gene_909,1.096190770302983,1.3115321652785583,1.3361751020755503,1.133740939623858,1.2431661536203655,1.1674890978955246,1.1550583036645812,1.8883113259160647
gene_910,1.0989699552762493,1.6720806617544064,1.4912111678656568,1.2085451413005541,1.752866161412765,1.1379086682179145,1.1762878256549627,1.1548554262176258
gene_911,1.1473026341702457,2.9942505082436037,1.3761215136520224,1.4006175948113486,1.1278413996434629,1.230571383299175,1.6462712297191202,2.308479330034725
gene_912,1.0746983644427943,2.1704553380506377,2.0416682292713793,1.5335050173727292,2.0669731967838145,1.117750449968424,1.2300695160268018,1.3087245984297373
gene_913,1.1190018837099052,1.3611838964291278,3.3245539771394026,1.3835022675033117,1.4512305111878,1.0744861132849224,1.6620908094696252,2.9519047158780176
gene_914,1.1272379107459765,1.2549781435024132,1.409476566635499,1.2469294224936585,1.7232530787303617,1.0844115391848972,1.3076832440058936,1.6037806004890285
gene_915,1.1252112810937869,1.1646624377493942,1.244535504112737,1.228042410019447,2.113818708325361,1.0916946509718273,2.0795104828164526,2.714603136324336
gene_916,1.1248830226787947,1.4488331444324758,1.4340066004564984,1.8230350603674774,3.255188517349847,1.144890302234552,1.6824052649118524,1.1750057523360835
gene_917,1.1519446215442504,1.6958427407535273,1.2665216134803297,1.8317560321296147,1.397231737994993,1.099182891982571,1.5434149701728435,1.3197260427470934
gene_918,1.0752716797891997,1.5418269669049063,1.4681229314879911,1.771982856228816,1.3744921391886369,1.0699081618986084,7551.173485125323,1.0792377485387943
gene_919,1.1283731918622286,1.6451211433888027,1.4241350329878077,1.1379881024737846,1.890332380727932,1.160476629485726,1.4232002646420792,1.5447385414092651
gene_920,1.2233132366843202,1.140137168731209,2.181575758217449,1.397024921933851,1.3302381111304085,1.2197678899374909,1.2569297699190365,1.3764229208130871
gene_921,1.1592642893331615,1.9022582968753463,1.6695584314508494,1.3360468826661716,1.6765985965824337,1.1301424072094952,1.3996831124805225,1.1261942026843874
gene_922,1.196492345392838,1.2883288563923772,1.6125075750102482,1.325529713949201,1.1936295290474799,1.0382854103823922,10259.00927389639,2.1368284320164257
gene_923,1.1924917607442633,1.7522149780869354,3.064720468819779,1.5578905384933015,1.6604697483716053,1.1181325039555787,2.3318562543475005,1.6650663565258719
gene_924,1.1378764343943413,1.382578972729432,1.5561638845064756,1.542129871061767,1.282688922676054,1.1342296546966133,1.3521898457826764,1.1653176004448773
gene_925,1.0805298353825825,1.6358127357811032,1.6666657593425522,1.8572088186296623,1.3523215530285804,1.189339258409752,1.3870398916615594,1.2028925021242145
gene_926,1.1843200814526569,2.2405372074801804,1.3815128103726573,1.2434419552866522,1.54180630412937,1.1536900461873663,1.5478606788929195,1.7685470657121647
gene_927,1.218834405748706,1.251798474902209,1.97764402203574,2.2684683359224223,1.4311604021336957,1.2592805233335425,1.6922041062552833,1.8692913854955036
gene_928,1.118541841788446,2.4297230929308924,1.2425709499072977,1.31344283861383,1.2916635889087265,1.1299329196818366,1.7250692203278037,1.4857571853074156
gene_929,1.125943261484735,1.2508759731275372,1.3951658200319994,1.3975126223469918,1.212175348434507,1.087802157937698,1.365031369605352,1.1746081603794245
gene_930,1.1419888249304968,1.7187111821581171,1.4271811319438859,1.882015188376959,1.2699302184558952,1.1339295148131223,1.1749680458451726,1.514410978542618
gene_931,1.1076053719832784,4873.022640063833,2.2307978716312418,1.316989568602361,1.39848408787052,1.0870208720137886,1.4806002285753714,1.3804976866777294
gene_932,1.1703928927869873,1.4946696052048434,2.953921791527587,1.5140312474861413,1.1680252500031967,1.1435868448938165,1.523461377319135,1.6093416273613521
gene_933,1.1372331589119258,1.6388581492532526,1.574797991552689,1.431440693281719,1.607812253424394,1.134184941197203,1.964784204335435,1.4624592034347508
gene_934,1.0930073140211107,1.2963652112087307,1.996257204468154,1.2105909656945957,1.7827595369552725,1.123711757380208,1.655120528351781,1.4192415942147343
gene_935,1.0922804044452252,1.6475400398131117,1.6034946212969252,1.4260073713759829,1.6840127422450888,1.1739342711675576,1.6124611990845596,1.5868742197355046
gene_936,1.0956650636306033,2.022971656600346,1.2389718609477856,1.566474555062723,1.784714890924512,1.0583424501536158,1.331660106363867,1.5898936090011266
gene_937,1.083064163524022,1.1641391581036507,1.2703150341603502,1.3645100754400834,1.3550281770703878,1.084503923307739,1.2820167793284314,1.2687738680575915
gene_938,1.2219731874965223,1.420214943497842,1.434211651253904,1.9279646642146635,1.472779607929239,1.0541273410005332,1.6767799692998042,1.7689837534253923
gene_939,1.0783169271153332,1.3498770716619737,1.2614276499438613,10708.539798647522,2.0806143788910916,1.1828542853560613,1.5215635484674492,1.2268912677441977
gene_940,1.0821167360086636,1.6543921658554146,1.267949153490034,1.276083946672567,1.4662221889649472,1.0719359526845311,1.053370686934917,1.7995051373452142
gene_941,1.168640688842497,1.179114422467067,1.3652649584027015,1.2748757969325832,1.6919690222493962,1.1805752540178964,1.2973120300664558,1.4290455662160126
gene_942,1.1556090486946093,1.3565426534407439,1.3642595292109017,1.3659102599452504,1.8287692727148597,1.0634764681678273,1.2668593744200969,1.226323967518517
gene_943,1.2694011502250735,1.6256210682174972,1.6368286779961194,1.5568171066951888,2.710750305213493,1.1212668729529307,1.2665327861989515,1.4068182461834409
gene_944,1.1924074143623473,1.4920254538054476,1.6024495896830255,1.2999425105679085,1.3530205545436826,1.1039003928462088,1.187068192875276,1.508558658401801
gene_945,1.0727438972778844,1.2065791056189057,1.4192385633404268,1.3333152181557653,1.4017735164544993,1.1277127943667398,1.2986580103198502,1.4525485500329167
gene_946,1.1578128999813786,1.3050016936467008,1.3500066660149013,2.9715452208810387,1.5495747374803084,1.1376875988832658,1.763106503673328,1.2940888734753206
gene_947,1.13677405738588,1.4668678632981798,1.1970752666436433,1.246026007218646,1.6829683583966772,1.1151537646700023,2.131745513474502,1.800080185700126
gene_948,1.0848124459377966,1.562679089949553,1.4069552874064473,1.0584959323886454,1.5591131665992608,1.1329107679561399,1.1062894000293644,1.4798845729433894
gene_949,1.1099769574040057,1.2519868314611027,1.2850536942067405,1.4257023693985402,2.152683508011636,1.1157503158721644,2.5332640460277744,1.5008042505318704
gene_950,1.1691379313063786,1.4591945473150227,1.6921664614887402,1.378839067447478,2.259729198504291,1.1248112122869178,1.8905108712924836,1.212429665989835
gene_951,1.2405669587552421,1.4361646043778349,2.0989923394634356,2.0116812334338534,2.595086319170952,1.1355615786325397,2.076336059026845,1.3602431809768767
gene_952,1.1473707721867548,1.300595547702473,1.756596880721828,1.4660962534904796,1.4815359333030467,1.153175832179859,1.3591654974658558,1.24139474120661
gene_953,1.0660662465770763,1.772262052611483,1.617611551085008,1.2828027429530593,1.9002061659553522,1.123544682332395,1.3472964266701484,1.4466167235038512
gene_954,1.106061732934271,1.3167403193686027,1.9005016679766393,1.417899439672158,1.2947296142137117,1.1826858336562907,1.5938651011965372,1.2894612954444507
gene_955,1.1326642664520037,1.6054060764162252,1.5590173641188332,1.5320186491312846,1.3822755327871912,1.0695390774962452,1.3141072264099916,1.415903947599853
gene_956,1.1294330042998342,2.0673803610485004,1.4626676878479494,1.5396572303226017,1.6791394463589813,1.1046065008396402,1.4863869151386586,1.3261890350980334
gene_957,1.1213707172798129,1.2226403315183194,1.5484228696012468,11629.51029996525,3.3863527356866663,1.17794151549411,1.3789395108280942,2.279701137323042
gene_958,1.174302916912405,1.5045972640481435,2.177764183534719,1.7188355236682644,1.4378040183209542,1.1294627773342227,1.62546400331381,1.6664248392994687
gene_959,1.0840286145543137,1.8132353013067848,1.2675118827751026,2.0195084342458927,1.3913691189040016,1.1117496422835877,2.9250408308622404,1.3071158472436577
gene_960,1.118513458134153,1.215134608391973,1.5177839967060591,1.4319549382335797,2.416728055445156,1.1001966393848897,2.1755766014922875,1.2583604539841393
gene_961,1.0556542019555812,1.4779616959312152,1.6583272837763636,1.5807218916784158,1.42370600559724,1.1342028330174785,1.216784144807851,1.3083064570340044
gene_962,1.2679619750705182,1.095150033553065,1.592484561996098,2.6124682602125024,2.5896651322172466,1.2684858624352768,1.5726129054890707,1.5256485847365537
gene_963,1.1711844759591412,1.4191317036347102,1.3564830818273492,1.2196520327619855,1.6347189390526387,1.163566770441383,1.6560750602545333,1.2301575524691057
gene_964,1.0696471466550486,1.5360094846461287,1.5577567700553412,1.7975002315529245,1.4211983378124047,1.1261558176351822,1.343016549090443,1.4751894279915554
gene_965,1.1594851981256118,1.2110641778806157,1.3045478281134193,1.8100948941088661,2.4155995357791586,1.0926472727763612,1.2085990079939142,1.5522240411054653
gene_966,1.1493530123697775,1.224521304380752,1.5366030326202147,1.2913314334187125,1.0916821156213228,1.1098848142172408,1.4722161622337933,1.8474030882034023
gene_967,1.0730454065671315,1.809479833396853,1.463119197751317,1.1069189153039636,1.365134690196952,1.1098175720614627,1.191997155298465,2.1489919721559025
gene_968,1.1531817698434104,2.046836135221011,1.4783679143231572,1.646572186453872,2.2616891010912306,1.2372481908701618,1.5912284322587664,3.121518422771744
gene_969,1.1417362812141443,1.416018128429383,1.1164390814780647,1.1715093774198562,1.0818493660638933,1.05877695778596,3.200218071308355,1.501506844080379
gene_970,1.1233372501826595,1.6271104607904048,1.0555081633450376,1.769886930493615,1.643169478726687,1.1549617732056243,9752.410606348252,1.1101485058451654
gene_971,1.099753640686491,1.5739094221227274,1.3934533050764724,1.3048880811848982,2.241637059740927,1.1126704883249547,1.26082257044155,1.8145238906819647
gene_972,1.09898600146104,1.3158592527250967,1.4721329156638734,1.2004492186100992,2.122410644547608,1.0804147430104507,1.5088578058062359,1.5316622439449137
gene_973,1.1305910748733226,1.5143671209110297,1.2826912895226512,1.249283492179431,1.282096210612091,1.1408152138109244,1.7021484863290957,1.11182808867975
gene_974,1.0844279640513126,1.516408505740624,1.5990358595846001,1.4225575873473613,1.8251131376689806,1.1065457965274808,1.9250375822557817,1.704357514523978
gene_975,1.103628296814445,1.2726985039533452,1.8228096329072816,1.3828053189742122,1.5774489345277407,1.1084189251741585,1.3418512281573158,1.1347120097270038
gene_976,1.1419834520533694,1.820950861920503,1.278923330678277,1.4869512175313442,5600.728269885154,1.1105089657046006,1.2136791803023164,1.7254751928077279
gene_977,1.0731713980181825,1.4129858915155704,1.2054813500895736,1.2772659130560096,1.8984101837672758,1.0967694407192028,1.204098997292819,1.6169523796680072
gene_978,1.1349303357985812,1.346913982812417,2.002038745406706,1.6507062259807401,1.2110571448107428,1.1676479176972032,3.4005204712131594,1.2061062148343598
gene_979,1.079452729016538,1.355866493685403,1.1920579887200085,1.2457687553290027,2.022495094322121,1.0930443092424313,1.483703406815611,1.127706962836078
gene_980,1.065100414226951,1.161396515205885,1.496256614359804,1.6193602090241475,1.4011871292346456,1.1340702531988132,1.1597403475627546,1.3078487462139046
gene_981,1.1071024371317406,1.464771850415441,1.439950688960093,1.5366356377419403,1.4134147010508282,1.1935230477021628,1.8588733177926273,1.408707604092889
gene_982,1.0625432316935808,1.4095437964493711,2.428755793852711,1.4179794007026414,1.3540437994179735,1.1547899101630652,1.31630203522969,1.2915038440016893
gene_983,1.2672111532423807,1.552438963589631,2.0235512137669387,1.1621383903955984,1.3906275912994883,1.2045106805959127,1.9833495671599994,1.6661656825076572
gene_984,1.2066060667290035,1.6190872554684084,1.4236602364435096,3.106474124757959,2.8743727433933395,1.1437714759045752,1.2899206512299866,1.4144806714670881
gene_985,1.0899185783002414,1.353087163213237,1.460944519315907,1.2794081294885113,1.2809740840132633,1.1561243201947284,1.3524671579627976,1.4806208758191128
gene_986,1.0896104162102735,1.5061435219088268,2.068002933017975,1.3290232468588148,1.6169806605880128,1.0578764233780311,1.2128292668937846,1.2904059192767368
gene_987,1.300767919408305,1.4749798224876616,2.732658375479255,11944.86669502162,1.4042419945691793,1.1341046992854364,1.7583457983953998,2.060995613398112
gene_988,1.1462782857082987,1.682036518220878,1.408859561054191,1.4987751432578809,1.1838701573288606,1.1313181131715524,1.5141495676251013,1.6919969525565006
gene_989,1.2059752512418103,1.486010727373326,1.4585174635909275,1.4579449014701367,1.5177737571191312,1.1277461288091102,1.1014964377682925,1.407218908996686
gene_990,1.14087676197061,2.916417936997629,1.553401455304067,1.4189496723457002,1.8247677932855244,1.0808658303566137,2.98894367861528,1.644365474749267
gene_991,1.1567078592629725,1.361894205208703,1.4492574513738348,1.3117802827254366,1.6474823337706586,1.1142032768105605,1.5635070989063073,1.405364425619147
gene_992,1.0762038657097632,1.927940336127614,1.253799961159269,1.1853486755942213,1.2807438080185103,1.1896702016444252,1.6007261345069201,1.4840840324365154
gene_993,1.074692668442623,1.6701427267579956,1.6489324661572682,1.2272699183838554,1.4795301266067138,1.108255065858219,1.1297873114560186,1.4555721594756297
gene_994,1.135188683571912,1.5921444930244328,1.2747913361678727,1.9034750396556743,1.5852836584187688,1.1709095897935915,1.367653040231015,1.2613945395797772
gene_995,1.1678801223795399,1.219518468804509,1.3290922857841787,1.8288559150612287,1.4026486142890535,1.1002164984224727,1.9180620089889262,1.6248429755945353
gene_996,1.1039020246579865,2.0390290700426488,1.702981843618292,1.527831237079597,1.5608060401940052,1.1337015898294782,1.4236604398188912,1.3512642809179098
gene_997,1.1944032108732607,1.1482889169075743,3.0206326588737697,3.8005660813953175,1.3928562618576774,1.1290620418778012,1.5842240735830841,2.304655386021818
gene_998,1.0925829727970136,1.2258110058307363,1.8435972250119927,1.1926096145441976,1.7969956888431426,1.1231658150680928,1.1809321900966858,1.9446584916284702
gene_999,1.2119759765166183,2.0121472123518616,1.4006287354250129,1.4568099129835501,1.151545444339964,1.1206681507920335,1.2439303461277684,1.5164559728942477
gene_1000,1.3107489639469607,1.5714315951190334,1.2254304448839222,1.1726369398432468,1.3020364849140929,1.4511820643588744,2.067415921313851,1.2373019365883269
gene_1001,2.1875149515715626,2.4182683561544485,2.0313239201875866,1.6211678210118279,1.4290177474538837,1.2863394967817037,13188.840461697993,2.309872221380654
gene_1002,1.3480948326486875,1.2460625776082308,1.4668871464152418,1.429875349435802,1.410948572133693,1.7436295969174636,1.4668116975557792,1.179023631251
gene_1003,1.4262105374640905,1.8957378762884676,1.4767772694512031,1.2194801997988878,1.4101513289369545,2.6508799526204965,2.01911671297415,1.5594493804780225
gene_1004,1.795715487367171,3.0445439456509633,2.5510721267043825,2.200023392783031,1.7941626524523937,7608.028344592683,1.6883328818382621,1.4919779815828627
gene_1005,1.1751139073855181,1.473562229288113,1.2732140488025099,1.3412987923558435,1.4958957406056754,2.056129651393488,1.3666832905498547,1.1187697269694417
gene_1006,1.4353320544186954,1.4118751402199679,1.3713919825739578,1.7609712611485704,1.7290685254341938,1.5595057223009774,1.6451949945339541,1.6806741398882428
gene_1007,2.0230406608755143,1.5204195384933554,1.4583774672065701,1.2447518574092726,1.7120694885431194,1.2409115048161017,3.0141758501518794,1.2574434053404253
gene_1008,1.8945356955393287,1.5377120592009759,1.9040816724941079,1.3595456224975293,3.5221489594965525,6117.928808904018,1.3557332163848193,2.3854350139768012
gene_1009,1.4738711778494469,1.4445814852888486,1.5437444391031179,2.139780507237463,1.553426587335355,1.935483152135277,1.7710130333923615,10335.560167433237
gene_1010,1.710481221738594,1.3941898934086334,1.625889098277358,2.529688130454286,1.3280819657353586,2.941992144916055,1.3899549726086682,1.5109575352082023
gene_1011,1.8181611491534182,1.5347903936321396,1.4440305945788492,1.53859061254769,1.5359102371945392,1.469832032549756,1.58006892272455,1.1828739200528975
gene_1012,2.787176824397048,2.0682660470710474,1.2775864732598574,1.5614683315545017,2.070771605882384,1.3535604012907427,3.1192422773170723,1.4226683557818918
gene_1013,1.3577488602937973,1.2296395237240183,2.0714630642410214,1.647530084908041,3.5972403040346763,1.9661395749044501,1.2194703190893204,1.1334179369077555
gene_1014,1.3866110082129077,1.3228323450204102,1.9415897351720648,1.4257968961811154,1.4474703214726654,3.542983727262814,2.3693651802490643,1.5607101054669568
gene_1015,1.5385734606044694,2.596817607519538,10230.706316125019,1.3887873584070525,1.5769571703082572,54595.22682848411,15625.706928625454,1.3107276734089806
gene_1016,1.6460821758175486,2.55464848262184,1.5165555720233361,2.2112319160706897,2.966175003721586,10400.725663213954,1.1446384418644506,2.1994172347404968
gene_1017,1.5243621377958898,1.329139053258788,1.5338727778999477,1.882070868462459,1.2191181574646746,1.8638665171340427,1.3503334040971258,1.6705175366057017
gene_1018,2.2496219439595606,3.9797428887173973,1.3426174037418392,2.035441063464335,1.5582818914054664,1.7988099354758844,1.330814555454946,1.781285311597553
gene_1019,1.216905127017684,1.2861835130405193,1.3589724212908496,1.4845870155839742,1.3761739720856314,1.632844645156407,1.5913155317527206,2.778943949432571
gene_1020,2.2237247665271536,1.7711020941813702,1.2946656199891922,1.5343431083135497,1.4132388413762647,1.8107596454446193,1.8566778864408662,1.833173289175603
gene_1021,7465.617011128708,1.3938564961827322,1.600661417054538,1.2544729160723063,1.4071818429450822,1.4465023413579783,1.3562429299673793,1.9464030724888988
gene_1022,1.938339285660573,3.0052523288807875,1.1079916709956155,1.5630333307384554,1.2458326405209013,1.3734964109966956,1.2558974393011941,1.1189958520840912
gene_1023,1.6388552032942145,1.366625924227019,1.789895009544338,1.403567492735247,1.539740371731573,1.5676178563713785,1.5741927531145266,1.3883568081001971
gene_1024,2.9631415118393942,1.806670003823372,1.4325697998121718,1.3861297116217686,2.5058131185346695,2.106612784861136,2.8033999977896356,1.2788892604528268
gene_1025,1.1702778672653218,1.908395898816728,1.6631178873804198,1.4377908928212477,1.216382370000479,1.1495085685327378,1.1746373197184812,1.133650514899179
gene_1026,1.4490588196438654,1.7968785646323386,1.2918200948467902,1.4567191791607557,1.4278321149601718,1.986238247445195,1.2014926393072043,1.3951162681168103
gene_1027,1.5275472520563074,1.4526489578481783,1.1452485525483282,1.342304213704519,1.3660598956634535,1.2491166617778604,1.451065837330445,1.1493190528048276
gene_1028,1.3954228706208875,2.4088552619666297,1.3472023926859396,1.1941369562864217,1.1446412070167928,1.1624645535823193,1.6259951440231764,1.4720252158043834
gene_1029,1.5181821916214535,1.4206639957818983,1.5480853304061368,1.4776387291305995,1.303424706374129,1.5549090530491263,1.1844315609796814,1.1408220236146789
gene_1030,1.4181155886746086,1.4621984426557932,1.3795445901242218,1.72994035963627,1.3461902724097565,1.9032653550938332,2.7311661079617813,1.309061581486921
gene_1031,1.8396639999079223,1.4863358450213497,1.5291753130396146,1.3985383724025984,1.3604525516044113,2.958141856863416,2.6103025480606337,1.9260946787354813
gene_1032,1.363925524462507,4.137103374075065,1.204593193195627,1.3832981413592738,8167.008527916268,1.4467677985931293,1.6563568088779412,1.6914193728430718
gene_1033,1.3422841231924507,1.5731555691523973,1.3135841655078386,1.8113342089864453,1.4099531813636272,2.225045077893042,1.1598474044386664,1.7758734471946753
gene_1034,2.760252698576927,2.2075530343094147,1.6469515642818504,1.6001563104498875,1.5008832211936294,1.2747166943471402,2.403557214978792,1.3629985607093322
gene_1035,2.1694962084172063,1.4128486686339574,1.216384324425944,1.3682988263351656,1.395160304244127,1.7955051423536443,1.4835169463804905,2.0389598715677906
gene_1036,1.5949856275750043,1.2178840188596414,1.2744894355581056,1.1619604665549137,1.1969910624732738,1.6225441765629054,1.1413243572740615,1.3974506439650485
gene_1037,1.6264560256352936,1.5190273712863847,1.4494639962805194,3.34663517804125,2.1592886402193954,1.251647939373515,1.5169632265439892,1.7470987838701444
gene_1038,2.354657259686343,1.592323218499606,1.328011173470941,1.557086714970609,1.8324372819368206,1.6226342892652041,2.125258639028325,1.9643835502967275
gene_1039,1.5230689360318033,1.508100857543965,1.6644457373580168,1.1932779642390465,1.7180545760953023,1.3332820098681886,1.6115827356467265,1.1877872493705715
gene_1040,1.4173410813271752,1.5133170659531288,1.3084811015700129,1.566629365275228,1.2739914774704915,1.2416797411354048,1.1690299202817847,1.1351953784197908
gene_1041,1.707366110294844,3.1882886369232972,1.2177616357616228,1.262080407127293,1.4629860563674295,1.31742906462086,1.2325624414144656,1.3908792849596567
gene_1042,1.9795854896281164,2.674263440716362,1.513102626913469,1.5694644144896444,1.3854502695439421,1.3535539831333927,1.1301537591462543,15271.000955177817
gene_1043,1.2598573451903252,1.5767185181174976,1.2731808441565624,1.9707823464227192,1.391122297725639,1.952301908417082,1.4034667288287228,1.42064625120106
gene_1044,1.1995402890132238,1.2798018959891337,1.4337706690351144,1.3152933319706235,1.1994210612009981,1.429595944448886,1.603850051991898,1.5822079967712162
gene_1045,2.147717349131041,1.1251206902545867,1.6062278799779577,1.1307482621417224,1.6427213663071538,1.468788883655247,1.2009563041782965,1.1801703745464331
gene_1046,1.5710216710445062,1.7139055306586892,1.3140012380257038,1.4084675947257006,3.9981053093369723,3.0388355108913876,1.3922774413143222,1.6359827500712976
gene_1047,1.364674281513687,3.162632002958341,1.7248292817127242,1.462498539331073,3.0413444686909012,2.167312138218417,2.1973251902508615,1.4780760606508143
gene_1048,1.548270642078821,1.3970944759506303,1.2567218513560159,1.5586415723616496,1.5934535493645587,2.975571948211516,1.3231793162090772,1.5124472153038038
gene_1049,1.177382301255112,1.297827020279012,1.3345888564359323,1.3397300824799132,1.2624078478517677,1.193893171074098,1.289510636449669,1.2919921148416598
gene_1050,1.172239562475812,1.2183939705251599,1.2447090587814849,1.3143415830408305,1.156889710906403,1.8719151121167539,1.425538530078251,1.2442599095234521
gene_1051,2.715816960044479,2.288427494920596,11893.415298613194,1.8722243059114665,1.9463361456596844,1.642808234128353,2.004600106945855,1.7922635848188497
gene_1052,1.7687426605618453,1.75310280031079,1.4098442537670386,1.2904698271904678,9900.587954980212,2.7582162467034435,2.538793731437616,1.4632357272988812
gene_1053,1.9509608261269817,12192.814917154232,1.3183927280670669,2.228353945588828,2.6400344970807224,9246.93005765122,1.5986972684362888,2.13827385871665
gene_1054,1.397739431801196,1.6783500177365016,1.5540263016749194,1.7546042048657258,1.7657660807954856,1.800667633627281,1.2583458706649226,1.2399520631761858
gene_1055,1.8239669645868053,1.21159627286705,1.299745684864713,1.164528250583239,1.4960887631692503,3.4329850744349786,1.5370339946225442,1.095882560445345
gene_1056,1.5965404517832844,1.5899436242810356,1.1801767294867385,1.3593190667817054,1.5111528362206388,1.408722755526163,1.187687610558187,1.0973822196834018
gene_1057,1.1328268324413564,1.6554250886791577,1.7574370287458363,1.2182017188696415,1.2833299117680899,1.3169416732816452,1.2804865807650248,1.3255374529917185
gene_1058,1.3219727726495658,1.2542015943277005,1.176216631732799,1.454054981603376,1.4231936797549403,1.7046607029090899,1.2399531786229374,1.6487483574768038
gene_1059,1.2088038013957008,1.4342869792990804,3.0549210301327676,1.2775133768723668,1.1924032635122293,1.6638226263596458,1.6621564201083041,1.6131280076321384
gene_1060,2.5578872242977715,1.3739030989944745,1.5955113636383407,1.234811320694492,1.3111257206136588,2.2543169696778214,1.5595226251126157,1.5550187067497805
gene_1061,1.144207955193083,1.2681177864135895,1.374011802379397,1.358138254801732,1.2828577823691005,1.3319880798929555,2.2420855844937018,1.2432185275359497
gene_1062,1.5404171104773217,1.4139517709564218,1.2288335219007684,1.6495605057122495,1.3004431649134578,1.1377144162723136,1.3562131251594272,1.3629912595974907
gene_1063,1.784137182448561,1.5489590026745086,12522.120577834788,13860.34587785217,1.9034294068788458,2.3583230463654616,1.4328152546091173,1.5123458117755635
gene_1064,33475.29046025901,1.5657643307178537,2.181927941599041,2.1421485587382896,2.5747591541406747,2.9951553404891915,1.5442948591002241,1.8030663133633311
gene_1065,1.4913933537073636,1.2392136622795638,1.6653324208977907,1.3170082520480497,1.325379065751279,1.6719028689784288,1.4203363925107773,1.2559114112112892
gene_1066,8382.644548318303,1.698731591793354,1.8765000368285951,1.8580994839137088,1.5324859017146706,1.8713121514945528,2.595932843013377,2.4670591676285434
gene_1067,1.9450971504167875,1.4594413814827945,1.1990382136187723,1.3764598847533394,1.2131573581408774,1.3173301910579143,1.2934309934948158,1.2785623317718593
gene_1068,1.9602160505415869,1.7749394961166343,9071.517211816417,2.286878848836483,2.4888451570714865,3.0183685219220995,1.70148329773833,1.4942788846208737
gene_1069,1.6826388430264227,1.220681021327771,1.4126479249176749,1.1653165433980497,1.2566590603113168,1.5565467493551424,1.6179773899694718,1.1966232498516065
gene_1070,1.7051887098051297,1.34043297432987,2.3322502241237073,2.3312302488452192,1.3959014647799155,1.5061089709125268,1.578488809578754,1.6599708768218873
gene_1071,2.969554366320967,2.122327410632105,2.0739480562950847,1.4010422248607781,7740.856123951682,2.1921007789079994,15908.534993702426,15450.50531981278
gene_1072,1.4258575599603203,1.308489064856477,1.38344898417912,1.5424513383005196,1.5755483910187422,1.2062689709751473,2.5473799061502964,14350.33951284178
gene_1073,1.5679291841055514,2.2013823681289124,1.775019041825296,1.8522622454390512,1.2422386251483644,1.743980869167284,14557.855337725025,1.9815726907735656
gene_1074,1.6439684812586108,3.5875650989153014,8675.550812871805,2.8994982753421388,1.753819450889082,2.3175332393611074,1.4605038834095152,1.549947211966346
gene_1075,2.0389268651758723,1.7780336445156417,1.3838739567403102,1.5154179483365733,1.4226789780198392,1.3489319156511017,1.8330562264201216,1.5108989640622077
gene_1076,2.828916539551805,1.7076451167787066,1.4989600322045382,1.2713499272254176,2.1345820521161243,1.8963891564403936,1.4737028403353285,1.326058892591645
gene_1077,2.055169317657124,1.7943443773527343,12500.028400569829,1.5842124455931743,1.2705110299988849,1.3311169803570675,1.2776550385766359,1.4551606911215629
gene_1078,1.3645864331028317,1.1644940061014388,1.3196966041616442,1.305307601781145,1.4928302057167333,1.3108542456960086,1.3083757778174923,1.4135641926182194
gene_1079,7695.049957764935,1.7563742847792165,1.6048564343672949,1.2700210496023934,2.757033294183472,1.846461151844298,2.0263212809173874,1.1918522598897658
gene_1080,1.2164005119236985,1.4027503804956203,1.4234801877819363,1.4402721585441636,1.3820769469015899,1.6205551778354845,1.2863315212327386,1.2652300649745196
gene_1081,1.6399581215438028,1.6090305658020108,1.2998115456184973,1.2519588510180217,1.1041368165076242,1.5695336538602396,1.18766548221807,1.3337129720247352
gene_1082,1.237335987737077,1.1663809823457723,1.3767585668796452,1.4801317804692264,1.6348891676820425,1.4240323414831622,1.90559438567048,1.4011416148094618
gene_1083,1.6160725048830102,2.3362768961846156,1.4888519364221102,1.7513736414948797,33368.12765305904,2.6227488380570665,14335.155916313188,1.693085662995795
gene_1084,1.2334097220870262,1.5364289780681288,1.5185077914837046,1.3157193141788934,1.726697260522037,1.7175113329435,1.1334720275553087,1.9178672205038358
gene_1085,1.4348500503768633,1.420452906592272,2.9569571913581143,1.3589809992424409,1.676570012670058,1.8914742397351028,2.077545535611451,1.6769351167985758
gene_1086,1.342381708460472,1.195226921814302,1.2733355603512841,1.1907578568772834,1.5146111982875483,1.4038265044299565,1.2338320540309302,1.2954954993536656
gene_1087,1.6462210939195998,2.0438198098107585,1.6592187638569578,1.684767256364723,3.135004539431238,3.5945078000652604,2.1402523224042507,1.5568670169747
gene_1088,1.7356389212385588,1.7731540256482532,17624.319437097813,1.5720789254558931,7108.193009522936,53341.23877018236,52854.693102822166,1.817944747819324
gene_1089,2.9709419119854714,1.575418591861416,1.4504572912419558,1.8491220040044707,6034.005548168915,1.9374665558369963,1.8852132394552146,1.7405705194575747
gene_1090,1.3988593303997063,1.849940317486022,2.4278756224099576,2.5244903811697905,1.4082273015334983,1.8175259239224224,1.4298226912952703,1.4593106576529935
gene_1091,1.4809867375205168,1.6705379075342166,1.2528989264319745,1.271992536485352,1.5561563679676864,1.3125370406449062,1.373284632058091,1.328115077316052
gene_1092,1.7460921469123847,1.2941680830000684,1.4825950778440316,1.5452729184777165,1.9226594164156106,1.3286804650588915,3.0385064371562724,1.4466332177144412
gene_1093,1.6350711136873413,1.2735621206774776,2.060592921479796,2.165027840481164,1.4156975370372469,1.2517879645287995,1.3619398154163032,1.2411883157563663
gene_1094,1.2421235486331006,1.3378004285494698,1.8971735561591212,1.2544546164156904,1.6317895861915932,3.2990748905906915,1.4936272107018933,2.2463237969353584
gene_1095,1.562583945322331,1.6717118780497178,2.454220625582341,1.3998662013549952,1.7704408741800544,2.566279929595599,1.375033242567438,1.6831263022185103
gene_1096,1.3308711833083975,1.2035497378004785,1.2346560832395792,1.2032361084533634,1.5427269789241163,1.371641372161866,1.4425971898964471,1.3309107226026564
gene_1097,1.702269964595818,1.7657971050493555,1.9233548195217458,1.3769099539061418,2.0982087524188695,9864.891747282692,1.4818303343306871,1.4771999774464915
gene_1098,2.093329873504737,2.603176883248291,2.467041259858176,2.766979107096419,8114.213501946784,2.08864349602071,1.5843032684254754,1.413922149620662
gene_1099,2.8539185181598907,1.8128824625556808,15487.912344448698,1.9509217421401193,1.5193080191361612,2.3340482031741865,1.8821547831691359,2.070544097954791
gene_1100,1.5128952325003155,1.1253152588075441,1.2546467753667625,1.1214106248020097,1.4552457281256364,1.3508400301536934,1.3378013575212588,1.7921574524711985
gene_1101,1.3331272809508619,1.424621648664184,1.2153753553437887,1.1712419227710094,1.2433875200682127,2.931391370738846,1.45739121627137,1.1956559225145542
gene_1102,1.2702239384643919,1.2841140090870182,1.3706376526169208,1.321358702515613,1.0816751019134185,1.4627509827004381,1.3316618578236332,1.2193220597478809
gene_1103,2.4552566822167745,1.495824011685887,1.1828859941914451,2.0066612054266675,1.5728145641728164,2.010894087681705,1.7167320023266264,2.0731426310628813
gene_1104,2.179195161228751,1.8665850700448787,1.8204759055156337,1.2509719514959785,1.7681709639811396,2.4060548652270066,1.236791239694155,1.4109358901596463
gene_1105,1.536357622195232,2.1682201313834,1.8463901191417507,1.3985969816231112,1.658316725547529,10363.78205173971,1.385965045443993,2.6989339365219083
gene_1106,1.664762423227037,1.205693865472755,1.215713153984806,1.226599381770367,1.124617253175339,1.2756874780344132,1.1743495302816507,1.4074442789364485
gene_1107,1.5931857825467324,1.424961024595645,3.1847323510511076,2.1024569697976734,1.8352217364021983,1.9809156116114484,1.6007575475674263,1.3971285937980666
gene_1108,1.2473154820630254,1.7139224249838736,1.5085156453358908,2.847222343160147,2.061974511700435,1.2918295420271833,1.3598843903419777,1.5184809518563214
gene_1109,1.524670050892893,11131.508635477445,2.07302181807191,1.2263409717657179,1.2910621427256475,10083.121723278033,2.021976834993157,1.5906638998568001
gene_1110,40176.71667509529,1.263623880540213,2.1125068711799497,12362.069795884841,2.9224736615412525,11037.456109559464,1.9415354416387776,1.8713904779252397
gene_1111,1.9445346056337078,1.403865833917308,1.4430367894599392,1.4787517444309723,1.4202363140203462,1.1893443159476729,1.3693565149692182,1.3037527475272899
gene_1112,1.2874630282932198,1.9400797909782217,1.3543687774499997,1.294563702081473,1.5908473601803632,1.3374532244728845,1.2953877888464103,1.3382332340220162
gene_1113,1.8772911068129858,1.51821806750035,1.1909833971690005,1.5495183775239232,2.360432393960937,1.3976134519172685,1.7941169053685133,1.225566644124365
gene_1114,1.7747679017740219,1.3600542182660271,14015.475613179051,1.9581587764017796,1.2299689394221949,1.7383124810778596,1.194348739122188,1.9359868212663762
gene_1115,3.7643844454775133,2.2239490699881173,2.1367489055035978,1.6287291153048213,2.9219466629320907,1.5299944817306492,2.70216546221405,1.5606183343451274
gene_1116,1.88644231435528,1.248357033220355,1.3305121338334331,1.9464414582542795,1.7649557692553297,1.324511849717177,1.3312950852318761,1.2600440808065503
gene_1117,2.687896241717088,1.4229744734233558,1.2681162295554005,1.1619233698696982,1.2544629562269458,2.186523728304217,1.4872722099552615,1.2687124695929999
gene_1118,2.295782502424424,1.542647163513146,2.3213782764317252,1.614446340726889,1.7130616508624472,1.508818038457887,1.774684594158225,14609.496343123896
gene_1119,1.586001084692328,1.7331174512870682,10187.703925543448,2.056082387060191,2.6006452123110346,9570.008923363843,1.820266972453389,1.3483901817042883
gene_1120,1.1436584025263257,1.431932330236843,1.403096410112417,1.6849777251450582,1.845576793513034,2.6264040463996654,1.2854455014933788,1.777984574866355
gene_1121,1.1667168156552838,1.2583857800717742,1.3546950765048973,1.247461706503141,1.3680826770356258,1.1621875870507488,1.5097727570143276,1.3870628425751559
gene_1122,2.3945865668925834,1.5656105935143476,1.4341780812243483,10142.764273009621,2.3060585453872373,14162.453288212235,12354.790187122286,2.0490920621228637
gene_1123,1.877470495013228,2.2124949218612384,2.008901419056008,1.5672750844079961,1.8189264120530104,1.6353588807834187,1.6172429629186198,1.639437517644719
gene_1124,1.4712729778565057,1.6047939086465293,1.8568755960906653,1.6915043848172673,1.868538790259922,1.309197420617918,1.6648099234835512,1.5886276961677697
gene_1125,5309.287962433106,2.0994613403209748,1.7137627998850784,1.2831651625641745,2.502326580467637,9460.006500036214,1.3245596018686023,1.277524658744952
gene_1126,1.2814840297328742,1.404627553542314,1.305911888410425,1.455710725313185,1.7799015413266208,1.3055082541790053,1.8338231031027719,1.4195201241735327
gene_1127,1.6041443640467126,1.8269621555482383,2.1045429360130545,1.5100711162355926,2.7918821509708773,1.7196793761391818,1.433619231271159,10862.4902771061
gene_1128,1.6626971966489021,1.6955007009125769,2.4846320421208334,1.2690355321354638,1.4980204452825703,1.4575950042651133,1.7401833620570726,1.7328214497085643
gene_1129,1.2868490951711025,2.3596239521265137,1.711627061249928,2.6496825569285067,3.354155319713923,2.09429813154505,2.0999094234198052,1.6984365613127488
gene_1130,2.586661793057221,1.5963088595226174,2.1529143105676654,1.2792221343206571,7725.741150597681,1.2085765065402716,1.3852325548945867,1.6089109190652113
gene_1131,1.745036902219863,1.4100985771920354,1.1970700778778214,1.3359612328440464,1.8383225894063464,1.2656413114760359,2.526093908029855,1.3816459443882727
gene_1132,1.4508015168900978,1.4083704156426387,2.9098368289142824,1.4458518198032098,1.1771329144061136,1.1857932776055988,1.4794399251170482,2.4181061216423627
gene_1133,1.3274520408690733,2.8962812791612302,2.4857497990896893,2.2899697192448567,2.0949440267285735,2.927316294357026,1.850450739146308,1.8725528041185542
gene_1134,3.105304652179655,1.2917944062097801,2.741329253122129,1.5348522160908895,1.5575110950742566,2.6593697275886017,1.285148107191766,2.1689689799718166
gene_1135,1.8948862221398226,1.46971445276173,1.5398282878574758,1.5642558937514635,1.9528504068760668,1.6071808041023945,1.6870933587539263,1.5914320196547909
gene_1136,1.744383318811301,2.30220522084286,15345.294993132002,1.5591432072180889,1.3117891203313512,1.6960412611466893,1.208526178529775,11858.435216168455
gene_1137,1.434911050525618,1.9286230300852745,1.1362751384887146,1.4649085129720816,1.5030145781381026,1.8982216320922323,1.2456267662623732,1.229768389492374
gene_1138,1.2374685684212203,1.410317701327713,1.1619355676408307,1.4883418969696787,1.5857758675267666,1.5099605624546717,1.675025686537537,2.861115360721442
gene_1139,1.3455945674643142,2.1094894583778467,1.614144792248648,2.6923958707574234,2.170207747073186,1.3703818470712545,2.5809242200482507,1.3396109916531045
gene_1140,1.99748412963372,1.631083827197748,11947.282733489548,1.4941927566063362,1.6565422175805686,1.1562332962528759,1.335168470060017,1.2169673469651583
gene_1141,1.8252656366670008,2.4665911847600763,2.2317789325547603,13752.940533278252,2.0109769450860733,2.023535464775004,1.4213557018237601,2.3641237114938063
gene_1142,2.2287763207951006,1.4244539242635605,11009.503851233505,1.3740157776489612,1.6338068823113392,1.540114929121467,1.8781592834377256,2.3785133290558136
gene_1143,3.4645035365216104,1.2212972149906582,1.9386743038430392,1.7091464141095878,1.9938563892938241,10967.25710903316,2.6238055682436983,1.8649127976827597
gene_1144,3.4426851394596323,2.2761642165052294,1.3048738940400617,1.2115652857239259,1.6972493625872682,1.5352036953502135,1.581107478812516,1.4996188215358737
gene_1145,6990.166430971862,2.233212887809282,1.5516305846613825,1.5129746376288942,2.423998944715521,2.421400117640005,1.5083947908369832,1.6659980859912185
gene_1146,9607.977079530925,50744.59306676671,10639.254006153144,1.25755804690106,2.1555086748165815,1.9556453263377758,85616.61526740798,2.491146584922123
gene_1147,2.9709299090348007,10455.854224341645,1.4120799529667358,1.4241424926485093,1.4560714445219327,2.90914058343488,1.737013607566746,1.6895685195597496
gene_1148,1.7101447161419994,2.2007793714719734,1.1655791528528654,1.5888653440875988,1.2588713369481277,1.4128911321703008,1.48294798608978,1.9767811636621553
gene_1149,1.3369855718597925,2.140416345132137,1.874123545216923,1.613163329200373,2.13432749466657,2.312218121681755,1.5704833655247086,1.4278073308089643
gene_1150,8057.138595748775,10878.194127530825,2.3539774882261906,1.695535229565461,2.4054522805382677,10250.673777109989,79948.22911133594,51173.43884731484
gene_1151,1.5743440864789582,1.7127074382359757,1.2941569078415496,1.1923662267137995,2.985540329969785,2.9999649259587957,1.0957887015636885,1.6756615029831399
gene_1152,1.892048099550285,1.2123544867414475,1.8158921712698026,1.5623005459644836,3.82560616677751,1.6078313418089987,1.2687589084078652,1.4475644416351972
gene_1153,2.1805798418225844,1.3036070326697413,1.614433581271343,1.638085271748943,2.2188726452876653,1.5482975754893769,2.0894430144283693,1.1532624219986793
gene_1154,5968.883121770331,2.468306519426772,2.076375922820459,14974.646130723824,2.3161504558199795,3.375718896038732,14016.725948059406,1.9913709190787827
gene_1155,1.0739609582836318,1.4878542104678067,1.4690812735634142,1.3015188302978984,1.5882893707158028,1.3599686071265782,1.3591718034333011,1.318126675475645
gene_1156,1.7973446600256635,1.585751275900233,1.3346130986323366,1.7467931430742698,2.610048115610815,1.556673244478959,1.6346383774177824,1.3769108202102587
gene_1157,1.2008362177438923,1.154633609539822,1.5102605665354143,1.579842265644713,1.364737570077403,1.5394330212855396,1.5828178456173143,1.3032564280166452
gene_1158,1.9306932260631824,1.499456317085783,1.7749745440024745,1.3397264027756741,1.5813690274579753,1.3492273403029729,1.310098041718216,1.6447529272320174
gene_1159,1.4615517115524217,1.408199504284708,1.2390457645195185,1.350473044721296,1.413752024492614,1.3873899904688798,1.6968801313461725,1.5421666844960502
gene_1160,9514.06705363797,1.5355607738615964,1.656989521817938,1.84078052270073,10784.717412534048,2.5198697261269807,1.4222576890466592,61319.39290998447
gene_1161,2.259882443083923,2.0837321779362594,2.378452128119347,1.3831829041391062,1.5808598984460471,2.3454444724594365,1.3156440542879924,1.408404215375271
gene_1162,2.5883799816786213,1.9803734304679197,1.9378977773888213,1.659934071285064,1.3197082156126365,1.3192549554956416,2.2084088583791264,1.190977349064116
gene_1163,1.3940480804270128,1.2322330422846193,1.2696142432872142,1.2753156583004208,1.3689020921803121,1.5840466706557212,1.5495218184878825,1.202115820909091
gene_1164,1.2485349863847686,1.9320070042112862,2.584532474553434,1.393602080691215,1.6730173266971649,1.675037954765475,1.3473203138418879,1.4492106507031728
gene_1165,2.6760765826728092,1.7536609154840035,1.6581854625461143,1.6547489255889025,1.6355431667804339,1.4351249864298399,2.3788341467194787,1.3975759252107318
gene_1166,1.6616710117222444,1.4493088984228366,1.659437427050447,1.3477109967374807,1.8444456911102856,2.1062600238317013,1.6410252879573681,11388.632642984861
gene_1167,2.871448993693264,2.138864927455957,1.4316449644154292,2.400644215101306,1.3945814018204203,1.401419488067112,2.7837044960768456,13532.677338463676
gene_1168,1.548770996901468,1.703112407445969,12560.8455777035,2.018677661222459,1.846662245197044,2.875218039190072,1.3222325817799692,1.3319524062953931
gene_1169,2.06803479722989,7332.796445345667,1.7808343092581778,16840.930023872763,8416.701980671774,2.9280627974464566,2.6836134128552787,1.832072612402116
gene_1170,2.4738494186355546,1.2541149518464698,1.6018774996473686,1.253590719039391,2.5210512298893297,3.031111846039126,1.6182587850893648,1.5025553131607599
gene_1171,1.609058460658701,1.5668376128325232,1.3883717175639063,1.314794249857545,1.1548788024604313,2.100980950241252,1.2990991610596028,1.4346711370594543
gene_1172,6493.544960208168,2.821541956307609,18745.063824289926,2.1728793555910824,1.824721661423328,12229.263759337378,11435.082557859001,1.4984018997485062
gene_1173,1.325208330053029,1.488568169512755,1.1718688036213543,1.3516279999996474,1.8854496417917397,1.473113542308628,1.752524349909661,1.7713024497937537
gene_1174,1.6438590107908218,1.1103438855618446,1.1178189212787406,1.3024911637278858,1.3146574534336808,1.5697942756188377,1.1747681670777372,1.3795275107342435
gene_1175,1.9841348725745807,1.4618954108590803,1.475638019343562,1.1678939327678417,1.784277914891696,2.166808663457733,1.3164737229645571,1.123195989477903
gene_1176,7312.6411915616345,2.8698106842714295,12056.78311210829,2.134075311379651,1.8544804074954826,2.261714275951218,1.547193505638731,17267.36184750376
gene_1177,7455.189790466149,13519.637893151026,2.3682717784754606,1.6735250685700678,1.9740330349937683,1.9471994893180287,1.2691618764019983,11900.392481961484
gene_1178,1.7415071327420648,1.889230073951175,1.2221929920986954,1.5779996788019646,2.2573131647472144,2.0285536507966633,1.4244620567120794,1.4774772166292587
gene_1179,1.4460452091151466,1.3470823730357002,1.854422531762056,1.3669162836915203,1.5481724810941837,1.4861736152844658,1.5470056483177623,1.5323104024981995
gene_1180,1.2849374903457897,2.2332260078338346,1.291697782493072,1.9713568304639708,1.9321920879145837,2.1764511245222335,12413.752319041623,1.801476922464519
gene_1181,1.2418601985074018,1.625071435892857,1.2457219579102736,1.2790041661917304,1.4323323436140418,1.5020537772708462,1.5801588335082049,1.2364042652600462
gene_1182,1.4840984145044749,1.6514080396844981,1.2085401859664078,1.1408359344659924,1.266291568004585,1.6341729584209592,1.393468842920254,1.2632490709550208
gene_1183,1.4194839785513977,1.608498539005908,1.6063740214415987,1.757721442285031,6117.751325373502,11314.729445492385,9464.815670641547,1.291898272226125
gene_1184,1.5930964640271301,2.1634054791636315,2.834719479324899,1.9630508817528496,1.327694492053083,2.1156053909703303,1.520034088730397,1.6038771355150063
gene_1185,1.5002596319462467,1.6108673553994202,1.3514286135447382,1.313418309916934,2.023063267982739,1.231750071005653,1.4107739563114887,1.1836075606262788
gene_1186,1.601205728018748,1.4224357642542422,1.1116913173929814,1.2356778564026067,1.4134276286815255,1.3230519668420169,1.4580338638212575,1.5717745367115323
gene_1187,1.4158368353757955,1.3521814231967861,1.5108366024061193,1.4825851729836717,1.6919737594013418,1.5665715506931,1.7648012356839078,1.5410564352045373
gene_1188,1.5446206690241857,1.9415078017511964,1.464285011885121,1.191250979113503,1.3138797888054423,1.2718445183330296,1.5784601504641473,1.1691654073091315
gene_1189,1.5231715095146414,2.518153523138915,13762.257736123303,2.3322215856583868,2.4373776069694277,11778.038771349797,9875.047915470337,2.160889247696399
gene_1190,5512.111016751814,1.8532084085644065,2.2808195041965758,1.4578501708176492,2.0525560088738968,2.1679822503552275,2.271301879982558,16079.538460713962
gene_1191,1.2815872318310295,1.3313096170371224,1.3612113425244639,1.2413321203481569,1.434925593011989,1.5401359524045164,1.349737270763345,1.7670601362170635
gene_1192,2.627573076972114,9666.712217911356,13590.244986312608,2.025094842877961,2.1747147745580313,1.778394219453992,1.4171827556669419,1.456737683512213
gene_1193,1.2001045151034448,1.4625880232826283,1.3592826912687994,1.2558178524075856,1.2423143727604369,1.4946556812288145,1.3778814548262095,1.2581630840379154
gene_1194,1.3976041669459305,1.8570338984701773,1.7173133655875796,1.475395716662365,1.1891636405304653,1.231304836698145,1.29431943896016,1.153824187031892
gene_1195,2.012577338210017,1.9860312901985688,1.4226189154806232,1.905207005191441,1.7830760685695757,2.4328112385475196,12234.822788400928,1.9602513868971856
gene_1196,1.390428775520351,1.493394420227028,1.4671190866996784,2.0542111138190937,1.4976417019881414,1.4368968337252552,1.5001629004428827,1.7009977628130295
gene_1197,1.3614372171839373,1.719050053187122,2.995021895774073,1.925845763106961,2.127344205538278,2.1414402392294227,1.1109295273834998,1.6923644238053188
gene_1198,1.262415442083942,1.3890925876113005,1.1399547484473913,1.1087958111990186,1.1553334194046658,1.133881139228645,1.262045479885577,1.1402947224248707
gene_1199,1.931508420982043,1.4524504826940317,1.2073281076217375,1.4106186909940897,1.4605266091152471,1.3980798675845725,1.3421577791429933,1.2768072229893028
gene_1200,1.285550229104524,1.54097839530244,1.6839410544954236,1.2255119730776336,2.4601003304656177,1.1161381426840806,2.1481183623753264,1.5734849508449082
gene_1201,1.403978047445087,2.334340539465139,1.8834531768323852,2.2035693159540837,1.647486081853947,10330.534814334398,1.6535607595408015,1.3423518638130578
gene_1202,1.31007274681525,1.301106918560412,1.519448066941876,1.2218729100492507,1.3417363344290067,1.2217433172227357,1.2143708020299642,1.8186891103337455
gene_1203,1.3855903082078262,2.0595361928032947,2.2215867373010902,1.4152313131095984,1.4168455269459899,2.0074816072784145,11319.66426251617,1.365054788188156
gene_1204,1.3455386735528585,1.5102649568920414,2.851036851250981,1.4438530932366447,2.4070579160841366,1.7962758498674682,1.1984495266533082,2.144064826200405
gene_1205,1.2539315609074413,1.3344007210846218,1.5890517020549635,1.2919095364292348,1.6292099271925926,1.4065751150984802,1.3722263147750338,1.2849674737019028
gene_1206,1.4373466686683922,1.670133452373319,1.3105599857919605,1.2750185852902882,1.8996424832772583,1.4285179755467214,1.236249644421299,1.2533758399817911
gene_1207,1.548995822264953,1.5226526970509746,1.2350756453852938,1.4383505171363729,3.5964499111423813,1.4313928742046396,1.737317470467229,1.1082733964909492
gene_1208,3.5837841993478925,2.4081260935818314,1.2824293263591924,1.2568785968496865,1.3351161264006532,2.3628390356764855,1.8363849925768658,1.3011133099848604
gene_1209,2.0110154685965917,1.776731723761641,1.932484852269505,1.2734558224041455,1.6490242184281694,1.2321094627792009,1.265228935705958,1.3963701104626356
gene_1210,1.299783711685765,1.349890738071155,1.4426788506911326,1.3341127668036727,1.1722897078365644,1.4618240394291,1.131073594953715,2.569881057791863
gene_1211,1.4719209820016188,1.3022083983055748,1.5187163100903918,1.6548948263595895,1.3870703892174734,1.8709275982245752,1.43034297652421,2.063155139634799
gene_1212,1.320476476198977,1.1776855657091514,1.1279584555102133,1.1417179825952217,1.2198633128679113,1.3218265343686113,1.2457072401822726,1.446687208637073
gene_1213,1.454327342462564,9611.075524239639,1.6440307408156296,1.991018140962681,1.5905110833707912,13104.957497024447,1.9769075220263792,1.8115804919208525
gene_1214,1.3041529404492964,1.9942176343958857,1.3909205254772368,1.4701791253647658,1.2255226572339954,1.369576372359137,1.6305565782630111,1.373452288791746
gene_1215,1.2696998717991062,1.2180906952454222,1.2756920305083579,1.3307595090069064,1.973064972687254,10725.236904497087,1.4505424677714347,1.8068291902579454
gene_1216,3.034237330648292,1.911338254326224,11964.358649765622,1.4452533391661377,2.3693036351830163,1.6863535613777043,1.5604026726189402,15526.21793297522
gene_1217,1.1817012163352905,1.7334996989082916,1.6143987407994003,1.529544925803582,1.3161251362860034,1.2053634789578271,1.2666497549957234,1.1786894573286932
gene_1218,3.775592213264622,1.4263600055985666,2.7839479566678262,2.803402980211727,1.2261584404514803,3.180447531294128,3.1560373745893604,2.1163678797343577
gene_1219,2.213056105776698,1.8273610750596365,1.2715007297702914,1.2570685316096541,1.8383501693956772,1.4064973844185376,1.597814494002432,1.677303155690193
gene_1220,1.4290485767503975,1.5821107033915902,1.850331118098051,1.5696614308426895,1.1997213421324515,1.1614371978282048,1.41013939443401,14073.994084212076
gene_1221,7874.402578392545,2.1772294793172815,2.0315067504377025,1.429699468955742,3.132488719034974,1.8488774333150366,1.246323557103486,1.406447868363489
gene_1222,2.6454191490761136,2.7353666980479314,1.4352578286627875,1.4553642727087892,2.669361997317814,1.3804041931454176,2.699793401760273,2.181578243636595
gene_1223,1.4804776535186837,1.6918807093263106,2.3436720849444512,1.4932731196765114,2.4821729499507317,1.266306159106267,1.2262097312179856,1.1920999832925754
gene_1224,2.4829081371588604,7362.825882583373,1.6444264216232978,1.4959397808809385,2.9270217109614207,1.9460452469681109,2.2302891132237863,2.1221233525882113
gene_1225,1.8345365451621536,1.6072495019134783,1.7272397413087426,1.9224870406310663,1.3824897461226142,1.756542549932468,1.301788692157298,1.5765242192821227
gene_1226,3.609770420208662,1.4424505334363829,1.409250551240788,1.4194468099957809,1.1860707077772785,1.6474480825904445,1.1488517686309447,2.205364107362985
gene_1227,1.4132086879126144,1.8955269957890941,1.4837546893741602,1.264143930655025,1.5304340323390204,1.5633893863090103,1.1085333711863095,1.356692623009412
gene_1228,2.1296748930706104,1.4395708407214,1.3576098592871408,1.388957666714482,1.2068813182016223,1.7200716964483167,1.7131444514902625,1.330804845123856
gene_1229,1.61248543668153,1.4489310595006863,1.3186264940305064,1.3812345681589853,1.314391796039967,1.6741426313615686,1.6143508320006574,1.764105751714915
gene_1230,1.4163181509365441,1.369444689725106,1.5358601492774848,1.3675786031530255,1.1659646728362387,1.7093915932033388,1.6174184176064494,1.715615260074673
gene_1231,1.3344897819000288,1.574832010559759,1.811429108630807,1.3940767477980556,1.299772580006703,1.9310099189061305,1.6587175817972224,1.2626593806513406
gene_1232,1.320982718958351,1.4117292804519979,1.5482547094540227,2.4382791261316306,1.5193270165631674,1.4841500663327527,1.522826535048792,1.3666646656277541
gene_1233,1.68776201855136,1.3418471263889737,1.5696610395934203,11103.460138380486,1.6012092838481005,9055.09119619894,1.8767685798039444,1.887768874603015
gene_1234,2.019934315878396,1.5031290879358463,2.246173682729582,1.9247663133312187,6208.150721329147,1.8955308640737174,2.444556691947848,1.8585905483305445
gene_1235,1.5651852344600448,1.4371187012088518,1.786534053373285,1.2036013147882458,1.4679310262055876,1.6591139683393024,1.4749674993827502,1.439350904610371
gene_1236,2.376307290779557,11031.382621626744,1.605443025937539,1.9516318514403668,2.3839444558470952,13753.323490125455,1.975129187943552,1.2747112725880025
gene_1237,1.2575581345781408,1.4544078268690936,1.347516204124175,1.2981466960544779,1.3478912391232563,1.2134682478038712,1.413860901749047,1.6154228783596754
gene_1238,2.830268749600921,2.127396378940055,1.7687521760154685,1.3867495235269192,1.4961659282517519,1.3420591756822744,12178.31815491601,2.1386310483851934
gene_1239,1.7847753240970037,1.575959493697016,1.4636218561329772,1.6419698279955375,8425.326302231628,1.4238076300375626,1.3347049022645678,1.3141874982174442
gene_1240,3.2483140768873313,1.7994221163813677,2.4711251746054854,1.4551993250049267,1.5336881594587508,7251.797511175498,2.097297482888092,2.4359111890803478
gene_1241,2.9809997158645367,30141.82613225777,2.586812973403266,15448.857358558995,2.111327713266401,9073.707020467637,2.1233697015663746,1.5994148931929737
gene_1242,28561.862447428946,12008.742698156064,2.608723221043232,8473.449752075307,1.8529312627390606,1.8575078614607778,1.4675512111129516,1.9459938459238695
gene_1243,1.5703834966045926,1.7672561152081807,3.3523949316450827,1.562429289607604,2.300825724712074,2.7969306688500044,1.3090151949191118,1.7798600822177546
gene_1244,2.6549911839836833,9700.442210761728,1.4938606827408463,1.6868510073624507,1.6758929611733662,3.2387412300143272,2.278613320272777,1.2839756772062079
gene_1245,1.4192425804767748,2.474681532005902,1.7380420875407188,2.2427512426868232,1.6511134659485451,1.5001567372484013,1.5088217134266453,1.322812373197812
gene_1246,1.2218516731705185,1.2224025704300674,1.2630581043044589,1.2530405831692122,1.2567807088543759,2.8074487781641024,1.762128089275393,1.1911852836316439
gene_1247,1.8007790075702597,1.1863684762844116,1.2866860011436263,1.16432733848779,1.4549806944859764,1.2480805661348948,1.2057290056824355,1.4983902279037766
gene_1248,1.7527875771717227,1.2860157758245196,1.5365474404576098,1.4895706312176784,1.7419979942947939,1.4210850601109462,2.306890350822132,1.554619384761028
gene_1249,1.3699544088171995,1.1985750741686536,1.4187747861038658,1.2283331427044544,1.1576883694087987,1.2986995526636855,1.7167270541320707,1.358894842551047
gene_1250,2.5340828484747075,1.57774730132233,1.4753883056460697,12129.95275282731,2.717106706646135,1.439040927909048,15041.979631420068,14376.701259927322
gene_1251,2.2625511859283893,1.4468167162864374,1.5293445390532237,1.77560660536585,1.6095620945765976,3.116790589312942,1.1811464164540315,1.3529896726437207
gene_1252,1.8349629502847546,1.4356138194573536,1.2072779369867617,1.1623253826164803,1.7488925115265486,1.2349139546471948,1.6923684108512211,1.7956272333477643
gene_1253,1.9546392523597915,2.2814598395928227,1.7027747478074517,1.3843556130725063,1.2642072389621613,1.5992064651433187,2.1104693760530706,1.492853503669358
gene_1254,2.0437031854604246,1.171873807723258,1.8267513928383294,1.40345082993918,1.9044344281738468,2.0563599030901125,1.4371570358425068,1.1416430497042114
gene_1255,6706.007304617033,3.021333828265121,2.4401869440535324,1.440519045675846,1.6595729592918527,1.9855258702983871,11353.526309198709,11342.44684365925
gene_1256,1.281397782452747,1.477685320877449,1.4325309695250188,1.7480222049038558,1.3354866996969488,1.081953056962035,1.202343045877979,1.34013116170815
gene_1257,1.5823539142421008,1.4768037320297074,1.3790687984762728,1.4429070482931452,1.3704213031952976,1.7056080785399845,1.303915508314555,1.3880740718304985
gene_1258,1.1888589436576886,1.737999449900425,1.6115606918434633,1.5577161046723251,2.078741471983484,1.7781530198160693,1.6023277274798808,1.4012468313854163
gene_1259,1.2768930020886107,1.4457403416803922,1.3651651818315025,1.4862774922311397,1.1401134274663194,1.3187301127513746,1.2942432007114963,1.3296646959715672
gene_1260,3.0774170198479482,8412.220164993802,2.688885130051801,1.4962807092127277,1.8397216120675322,7695.555676613426,2.3726699799815103,12591.159221582619
gene_1261,1.4086476400012278,1.3215782887563297,1.4807475712328666,1.4503187256681478,1.1832822066293063,1.6508814295855552,2.3772784693481666,1.6251667306090816
gene_1262,1.484915602594855,1.1240694332794976,1.4333174005704685,1.6120005583671058,1.2752827607938777,1.261437436406157,1.389497845354488,1.2225539042901703
gene_1263,1.6199312565323005,1.7899163949261128,1.3485032268944777,1.7779654630817374,1.7613892890566758,1.605993564474769,1.5373338585619225,1.510278324109512
gene_1264,1.521506840426435,1.460064213534716,1.665703115178892,1.7775990131887833,1.603421756725183,2.309436098103352,2.8046754780957994,2.4041430728176305
gene_1265,1.7030230658883867,1.5558476379231279,1.3482000874077242,1.1781029412589812,2.1225834932909167,1.8062638120008994,1.67092368667948,1.0700590164717714
gene_1266,1.3379558682400137,1.6279229109466293,1.264732450642673,1.440170176035521,1.70265097275495,1.2289996675491022,1.249956337919169,1.336243157509318
gene_1267,1.525301238752633,1.5399950637591886,1.3319710092817088,1.4433296241155762,2.047329781311269,2.1226827816145204,1.5510721724728098,2.2400026613376927
gene_1268,3.6058831507593285,1.6714848126107291,1.8663986459339155,1.4411611276208258,1.40753624194829,1.3863030996196397,2.7431123739126786,2.1433010825461563
gene_1269,2.689085957759073,8897.232913834141,2.4141719878479804,1.6358850447571194,2.6477264697431657,3.216289140979091,2.120404367813068,1.9972893960480758
gene_1270,1.4720482985417627,1.5369791868524723,1.7971423734193923,1.8651752856558124,2.1564377541832194,3.0653597967022805,1.557696471311621,1.3212393618668352
gene_1271,1.3742860602001026,1.1028752312624133,1.109770404563608,1.14354032582116,1.3497300762548796,1.2364651651493437,1.5908906794147806,1.1189621553249347
gene_1272,3.2768649279369124,2.487186728360401,1.7903799246575047,2.00820890900911,1.6500900499527404,10730.994005185754,12305.64178203517,11319.509294653382
gene_1273,2.0359777716440965,1.437381602893806,1.7189913411416184,1.457320100034312,1.9677035461858494,1.5471197025102996,1.4937035196100767,2.4198129034882188
gene_1274,2.160227181906308,2.4062695860375176,1.3715940420076393,1.8600677494790059,2.657683128999977,3.1123922609911987,1.7796912428534357,14741.688430427084
gene_1275,8676.328016352563,2.47821107954111,1.4952017098405714,1.488750047340874,1.5991989686690882,1.4290661506901021,2.0620101454882858,2.10889687202524
gene_1276,2.4071268570167192,1.8265141791482138,1.348304317844705,1.3188245963831517,1.929855030915536,1.957085522368202,1.575189279938367,1.7590680590979437
gene_1277,1.3892241938250571,1.3420195659738174,10897.348148813022,1.387628446924212,1.8413983648924006,1.6588822518307358,1.2684482022456034,2.9038101458580607
gene_1278,1.2379689745934106,2.0799399622688943,1.6279381837832985,1.497467677439837,3.343726181593611,1.647007029276945,2.4273102313951487,1.573739040571604
gene_1279,1.1327150860237707,1.5052405074474742,1.9654020794946823,1.3451639679060967,1.942821939567747,1.5886977010346994,1.6526104662573144,1.2188750275009625
gene_1280,1.3422295602612675,1.9460433614629318,1.6242625724039996,1.3445674298138404,1.6189587945014923,1.39985256839827,1.4266807065068123,1.2363916506912134
gene_1281,1.9404387113567845,2.2819611491044323,1.4669342897290263,2.7432420850395935,20223.77459772677,1.3900633862283038,2.205183077348947,1.8514514502203445
gene_1282,1.8598966272704378,1.6862998320510232,1.2371545262944543,1.4434209654950625,1.1802097550426491,1.627973813438446,1.3799463870581816,1.4750746988652146
gene_1283,9628.164015347622,2.6368258207469975,2.4475942438524183,1.5683160022943807,2.148147038689042,2.5875250714648588,2.6857320406352607,13350.027468966742
gene_1284,2.5783464941907805,1.5190780703033837,1.7557141539327257,1.5922897034700376,3.1044966863864016,2.6956823919334347,1.339858996303581,1.3609379756315798
gene_1285,1.9491032501293886,2.5643092840996524,1.184353466949869,1.7504588271655113,1.499904706138772,2.752172696040424,1.8438828706098533,1.9033078429790304
gene_1286,6413.29351878632,2.779584162994283,1.4003102563914596,2.8835599266596987,1.8467864982784923,1.4013180491359338,8789.431211242665,1.9681146162108223
gene_1287,2.385016117875675,1.9770942815276247,1.629311531116913,1.677724149981571,1.9270253534981834,2.553508897105268,15825.998289445655,1.6339146062877157
gene_1288,3.91540067914206,1.4020576050508748,2.470060549666662,1.3771285204755297,1.6591702494453224,1.6402014715651185,1.152097635047205,1.5325620641145747
gene_1289,1.4505499925668048,1.2540994585482945,1.7294010078885527,1.5305367498207352,1.7505675506844347,2.209462171871662,2.2277987713222025,2.4279137695170974
gene_1290,1.8772456409971547,2.8713380758133806,2.229579488696356,1.3637616310197453,1.9706527988736453,1.614447900028626,1.6546179225697537,1.434123205141882
gene_1291,2.0331301103558745,2.055301156502343,1.36035996167082,2.9111831141396682,1.4201073995156215,1.7813349419880042,10005.267326372374,2.1674965274641034
gene_1292,2.295370981859478,1.3022583365582157,1.1718362453210847,1.3068819752907053,1.441615002037822,1.657380400574965,1.9187147768725885,1.4448459489841057
gene_1293,1.6708048863197265,1.7929205978063907,1.3731897446853674,1.2502152672982874,1.5486894831731146,1.2732316192952424,1.2313041875718707,1.5112302919900893
gene_1294,3.5225499970151493,1.1820647464451952,1.1335845215399305,1.6050586812447434,1.573663719184298,1.6086328514168515,1.9706830944814187,1.267684329825823
gene_1295,1.5130035506807447,1.3166265733184574,1.4482970834039692,1.5035674021944956,1.292574657943203,1.1609030931525524,1.1272957098430996,1.3749320325358647
gene_1296,1.8052314042682205,2.008056666629337,1.2035414290194166,1.6335621615044293,2.3690423184561857,2.0646526456890686,2.915262660916645,1.2058676442261256
gene_1297,2.158419478367771,3.7522617335972113,1.1971545888965538,1.4301256479616202,1.6679861599433237,1.406052138299646,1.7081387364830802,1.5608998878124594
gene_1298,1.4046179510367005,1.8755998306556174,2.254012409343441,1.5941803237498238,1.3109986795014033,1.8302672092298538,1.600619980446042,1.3032695045928857
gene_1299,1.2893927960164782,1.2386038601575158,1.3246336728654085,1.1954159040161152,1.4349844304033073,1.6485447179466108,3.0600749333973556,1.5553027290218107
gene_1300,1.3077510839940363,1.4546676102664586,1.2597850388930945,1.5259731760181081,2.7890781716887734,1.722628592416762,1.234282097419381,1.4833476672416679
gene_1301,1.9046622596340395,1.5543053721074935,2.07021828214379,1.5406107446748543,1.8446313722283783,1.3157276925790664,1.5982054018263874,1.1276270488304283
gene_1302,1.081786355361438,2.5983713077169526,1.2532052114056735,1.1121816744820432,3.6322503956772723,1.7574113656339483,1.38409019520348,1.250327615883594
gene_1303,2.246671755200364,1.5909964096661355,1.3832882077095827,1.3303961492418774,1.4616331649081815,3.7280690686877422,1.2531977350126868,1.2440497836161628
gene_1304,1.5093701309579777,1.9281983212571872,2.0095144106299148,1.2579354288116833,1.3378257878506326,1.284234584017024,1.233122991954691,1.2694882092896165
gene_1305,2.068286697324316,1.5112216300256667,2.4501525801947377,2.4550607521163146,2.506373805574212,1.7790255021355306,1.8737368841980977,1.8015420876019361
gene_1306,2.3021527917145246,1.2044199395199044,3.0451387592953054,1.7581123145927482,1.3657967511899185,2.6695244254147523,2.3013436520285584,14369.185849630834
gene_1307,1.7282591999324664,7574.686820548865,2.2153450703437705,1.9381605956956793,1.8207027700104215,8496.523945456012,2.4030953387274114,16003.477844057084
gene_1308,1.5241608996247942,1.4440786927350768,1.4934832001117633,1.4184460781056896,1.6791222310046605,1.2543698825167027,1.1751645980649148,1.1675623702361257
gene_1309,1.948200797023233,1.2678277870517065,1.4915003230208541,1.5767670749160432,3.1866777317813724,1.2857264418138596,1.3703296485535457,2.1986956797089143
gene_1310,1.2568086712394626,1.3860280637072881,1.813465689478124,1.8613846216727845,1.2854311717441267,2.0461153547212363,1.670100758600067,1.398970998327609
gene_1311,1.5460019031065724,1.3193079159491592,1.2664573715978023,1.3310917187552818,2.266146993773788,1.6132140112252957,1.4390056582078836,1.5453999851742861
gene_1312,1.4890936503901755,1.204092519941504,1.1881374123752264,1.339142829672136,1.162345667275255,1.704992214386155,1.4030444502892685,1.308316700206299
gene_1313,1.3261748237631727,1.825816218019601,1.8034799961355568,15563.043807641889,1.9451560072822496,1.8743984780531144,1.4490835924917367,1.3688239535441022
gene_1314,1.7540505702803197,1.5155739516411386,1.4314166476635366,1.836433726040166,1.4370420515095281,1.591619268199217,1.6867342053900694,1.2072266889259466
gene_1315,1.507891636669543,1.2978035818707874,1.660958603796216,1.1759586094411743,1.429203251902418,1.4052181264856567,1.1512960925547724,1.5605478818632659
gene_1316,1.2753062406676599,1.7033244820654345,1.2483498340113666,1.4835285902664386,1.5031555619970347,3.36984090506147,1.6085382785950233,1.2216944016717828
gene_1317,1.2509638125176357,1.5618352505743824,1.6734731446854487,1.2376030601702857,1.2439909947405872,1.3771874237985717,1.2489970852383776,1.4045610294149107
gene_1318,2.946876559439696,1.3346356531743302,1.4109823349537363,1.2676993173803832,1.5509295735716624,3.010927532231569,1.7176706578347378,1.605837283168548
gene_1319,1.3450119848736113,1.943360045106559,2.122015576281554,1.326868559392381,1.6648810031636248,1.4628984073948967,1.325370340311106,1.262813083386241
gene_1320,1.7560130643344722,1.7580236123049957,2.1799875706205345,1.4602739419481536,2.4319766399015244,2.752902056409042,11148.990765692552,1.6866840328627668
gene_1321,3.0666608373095205,1.4561461011074808,2.1228802211353295,1.9697074280422162,1.1887002191277911,1.1679008248615332,2.7404975968660024,1.3314766789798684
gene_1322,1.674446359249152,1.6742406430680992,1.3692888303641766,1.5207424507426919,2.7344703962450057,1.7564922051221739,1.2564441441900305,1.623394366617266
gene_1323,3.0509300302039963,1.382859657091671,2.6650126734987567,2.384148926419164,1.2246634822897804,1.9103913041591438,1.727759828458592,1.537810805483885
gene_1324,1.2372319930053841,1.2110922615818998,1.6317555208605474,2.446105964227042,2.303702780455396,1.8966153026949633,2.2992959002178863,1.5375115670099433
gene_1325,1.8499630796995132,8921.927656696906,14944.592389571577,1.4889855165443082,2.518732136723167,2.7112276006520775,2.12003235145793,38942.117040337114
gene_1326,1.454227614654603,1.4725464511367625,1.2336883733025874,1.4478765157987892,1.7200270963317,1.8793306966153986,1.1144661041372104,1.5744624295721117
gene_1327,2.0828092571994326,1.3138631379491759,2.0901430239630336,3.007680891405984,1.4279814044322412,1.1754692329260923,1.4073308273333998,1.1832174385029812
gene_1328,1.3048527291104695,1.2425907072584783,1.423338882222083,1.4839710858866006,1.3170798328888074,2.067632339651651,1.120025770739955,1.3977891602743966
gene_1329,2.384631293834336,1.8871766822956146,1.7149241093340608,1.6873907316691088,2.1509793255635485,1.4512458952093605,1.5249386181723226,1.3852332652664097
gene_1330,1.7627275473286095,1.3080198584443026,1.2267781701558882,1.1762975840584358,1.7411817300304908,2.612426340130651,1.5526905606842314,1.7077248883054315
gene_1331,1.873486930907123,1.9189088874211582,2.726399311120306,12599.731154215899,2.0717999727937317,1.9114822027892497,17860.980646524982,1.323545350374824
gene_1332,1.6201174385802666,1.4184890304233848,1.280278390800412,1.2054468214648053,1.2771935259363438,1.4628728815852932,1.3153321888336313,1.3268964969698749
gene_1333,1.2402247997684916,1.7099033153327785,1.467836037894519,1.5143689888605507,1.5134405025881135,1.6600997856664608,1.4236678844088424,1.5238629213394628
gene_1334,1.4699962327503304,1.5641289360092117,1.219538779786043,1.3557057392983323,1.6550929690135983,3.580752485375609,1.4443574290873709,1.611687764568703
gene_1335,6782.816219940137,2.274649910137761,1.8017122390812763,16372.289805425253,2.5090179269992476,2.035704330122561,1.8159011590055805,18591.73076761729
gene_1336,2.7975589907208396,2.77174808448619,15096.064598657873,1.9622295448039602,20202.599618869728,1.2635820362489065,1.5788680638613581,1.8562382911817736
gene_1337,1.162534560751002,1.6241891822950427,1.288214734970483,1.7001226272725145,1.455085582279082,1.5626194251526138,1.4835084971721715,1.256221668453179
gene_1338,2.8338177923680057,8937.831774183833,1.5284919803334895,1.3903281471277278,2.034754320709103,1.4874621620988284,1.9671502992440824,55461.237813590735
gene_1339,2.230664178336873,1.353845765841753,1.5325761532800215,1.1412639499179398,1.4487232543579132,3.9844816464397943,1.4737472757313579,1.359240873416231
gene_1340,1.3562384699780352,1.5047757377906272,1.4196542340856293,1.1777677487235285,1.2866931932097418,1.2825013102472458,1.199595812516469,1.3995681618408542
gene_1341,1.6994890567837495,1.4738416953062987,1.3955675000115664,1.2748464384583182,1.9304039550546241,1.5374123128650095,2.0590387237349947,2.3361469611029317
gene_1342,1.441168681927713,1.9853887859879074,1.474817018134216,1.6212190596866856,1.770646861197327,1.6093667703328065,1.6295918105610194,1.3926330219858285
gene_1343,1.5974712189224034,1.2667317209465365,1.7562617433967929,1.4040512432554453,1.4617080464815002,1.1936678730853163,2.003376522964245,1.5974005088227445
gene_1344,1.4739238422445768,1.2867080530787067,1.38889575146152,1.3323684954520698,1.62059734951524,1.4951910494236802,1.1179651756779534,1.3870630094419536
gene_1345,1.7083094978293625,1.6463710287696078,1.3870292297906837,1.629692502190735,1.325029776763476,1.7263703779208712,1.232084892503013,1.2167636979944292
gene_1346,1.7877511388319818,1.7167548955079242,1.2048289005994572,1.3090546927315052,1.459730546403722,1.387092857072887,2.04603965884688,1.1925479823244445
gene_1347,1.8009250933646874,1.5937429932125697,1.4014921004181655,1.9931805284041748,1.6860459932352279,1.727250758054783,2.0705827364105733,1.5586834863877193
gene_1348,1.4532641057061773,1.231446557515899,1.8216730669089978,1.4899554177730352,1.6293012111668626,1.3204763155584187,1.516292387209716,1.240165194941984
gene_1349,3.1247369715164153,1.4455928693760978,1.845214435017761,2.068596268338117,3.2760314601792038,2.5556070722820388,11190.896751448716,16287.45417791084
gene_1350,1.3218470682277645,1.9270889119626764,1.4003907654499321,1.513717984041108,3.082653135991679,1.4436708810840426,1.4492914680708031,2.418920552122079
gene_1351,2.2056253827458567,1.2388962648447095,2.175773745541252,17152.74568438158,1.6110797029042212,9842.95678666991,11566.21037659254,1.7509539188829961
gene_1352,1.337521140877167,1.32806271217453,1.2859778876056323,1.2135479127997313,2.4760950322016404,1.1562072186004844,1.9849327678689983,1.3892932924298953
gene_1353,1.4605636497279728,2.9074232310544557,35796.51415436906,15257.860391820908,3.2698085939170842,3.3808891717993985,1.5977156079194264,13434.640895700673
gene_1354,1.725076780929768,1.7575406434878555,1.3947626479034188,1.14819731546525,1.1746132508711693,1.6063760560655282,1.4473193149548353,1.4216236351805565
gene_1355,2.6087328886379844,8043.770188898021,1.717720717998832,1.3026591532436391,1.5468678636519977,1.6643022356768893,1.259600762473268,13686.806675643553
gene_1356,6801.783075736272,1.667076002132901,11769.237460301243,1.3088228543062694,1.5485093799348237,2.8793025421344494,1.634291650456664,1.3879073080828974
gene_1357,1.6119829218157031,1.739278893547495,1.786119481466492,1.3807934433037519,1.7756799459970725,1.5038014768079173,1.613524337288122,1.3978292948882318
gene_1358,1.3191714210573735,1.348534791030695,1.1688178808484657,1.3566915356216742,2.052450177435922,1.5475735606724472,1.4477000233622574,1.3223065225891912
gene_1359,1.388565660218441,1.7805008759062246,2.3422553821430805,2.1097505238522563,2.4875878453649505,2.0464833426636324,2.177170565644179,1.596877640884572
gene_1360,1.3925945632474817,1.190450638747952,1.5914572354611336,1.340886578678003,1.4531192683251697,1.267897337938016,1.2024197943598214,1.4648240296408228
gene_1361,1.716615866403511,1.9571117382187886,1.6756470845879785,1.574043470915963,2.082265164870906,25225.32398828634,2.2948316521578014,1.3539853564785829
gene_1362,2.656080405689184,1.4517391809496984,1.1995198253377197,1.5941957799995434,1.3959688925773865,1.6313790131354475,1.3145791096010666,1.7054821607832815
gene_1363,1.2615543505930318,2.3428678585505227,1.7966103831515992,2.119799237478062,1.608877661020896,1.9710864476418055,2.121526510225199,1.6982301647594287
gene_1364,2.660713350033869,11107.621339718564,13255.794001981758,1.6526967373048342,38134.75255027415,1.78552526909846,1.8251839210907248,10905.865017521219
gene_1365,1.6868648580270458,1.5248529913518434,2.0038437670309115,1.4349593975301012,2.3186344332020994,1.632029019171714,1.2116186877950115,3.2973053883659036
gene_1366,1.51384048457273,2.1351061379597347,1.3138170716609054,1.2889843102888285,2.594147879597678,1.166169665021358,11665.629404606014,1.5038245506539252
gene_1367,1.4560963478471431,1.0936179304304485,1.5464995142084823,1.0760366669432722,1.2869861340301632,1.2905009265402756,1.5486283336986073,1.259863409303338
gene_1368,1.5002001695355653,2.5731101501373543,1.379990608882055,1.4207627858925633,2.895952707729848,9014.657085065515,12094.688560505669,1.8244564513659716
gene_1369,2.008758103091134,2.252344265062399,1.4106445242562615,1.3239447406183862,3.4707568149350014,9506.002744124942,1.3303070295299242,1.3001720338466098
gene_1370,8935.85379889363,2.6522950382302595,2.368486921462368,1.8779235223050414,1.3912854089586402,2.5346072980471495,1.828326037439854,2.0272043073185806
gene_1371,1.482926615682728,2.0507328545993038,1.534992238181089,1.9326818599545592,1.5721231190753318,1.2323724207961129,1.334491348774745,1.8205260624515092
gene_1372,1.3832858339955483,1.2789489017632953,1.5866229958568607,2.3530828629667875,1.2008626418064987,1.7126157592741327,1.2567289019763748,1.5570750093565846
gene_1373,1.7832935658598914,1.7980222335113025,2.4437461302100547,1.465011002458664,1.42019620749358,1.755558363390355,1.1996800840430573,1.2270055272150395
gene_1374,1.7215425693135544,1.4019859410976925,2.584805369437473,1.9538869241792691,1.6953529424201343,1.6053975975379944,2.4281958222195743,2.166200502275198
gene_1375,2.5644523960067214,1.8147142985618034,1.416281896163978,1.595242048726196,2.569182247810075,1.5698224195299224,1.920429460429795,1.691147336862102
gene_1376,1.0929169078218928,1.3873489766143994,1.1090545375789371,1.4766736672617382,1.2042393240036688,1.2324273910880343,1.2156723123692579,1.368054138121512
gene_1377,1.5214293614287928,2.008954536292651,1.5279917913336285,1.3463744744690913,1.1978813812726463,1.1772031200284263,1.8331170145050193,1.4234135012018887
gene_1378,2.7904708280993735,1.382496721977416,13420.97241901868,1.5740368366944686,1.468464753425965,2.932457776157855,2.5904904954611148,1.686838184322074
gene_1379,2.3212676060284907,8500.555641766241,1.6077774842792625,1.4309398770131978,1.7565719134583397,1.7362000852156338,2.359953957553024,14203.408812300822
gene_1380,1.2530965284873516,1.3152880109335354,1.8813821817707812,1.5056783148516857,2.104926843995485,2.014719530948653,2.73694905645443,1.4656159755717137
gene_1381,4.0877586860604245,1.8332158104532132,1.892052118505505,1.2795920789857238,1.4784696268189237,1.754271514265578,1.3297120615300084,1.5883834331191697
gene_1382,1.3210976866298456,1.2760543644846127,1.4113126789513164,1.2873417083930032,3.1180047967100286,1.5872297287749437,2.1121995601979604,1.368019671192788
gene_1383,2.6414419729427046,8249.806701079375,13753.62900235984,2.93637912167667,2.641730786802985,1.6588810357848742,1.2690729123618727,2.2308437496426907
gene_1384,1.4738780255430552,2.7243276168859274,1.4164800757718545,1.9300564448064155,4251.791307690797,2.0076643421257194,1.3925425790864692,14973.377942500803
gene_1385,1.2824631420955113,1.496341385718677,1.575901175535108,1.536603171738801,1.9094324087689871,1.761130758473182,1.5699599722689932,1.4930111495660507
gene_1386,2.550111320278825,2.668510533309286,1.280516161863031,2.837742514025609,8166.148125402978,1.572003344709314,2.3801569328337164,1.791295809798356
gene_1387,2.353452983988401,1.737898163421274,12435.766210684327,13814.24809268031,1.8533473130743643,8326.007184550768,1.843918286070455,17196.373353511248
gene_1388,2.232834984893836,1.2378488471782956,1.613804981970676,2.320713391004058,1.7277251097634327,1.6661454358933385,1.6807014377974272,2.135217011635359
gene_1389,1.841038942672034,1.4764043872639592,2.142168499220254,1.4280050756308955,1.3566945678039133,2.1073710036643387,1.2162440544526814,1.4067119682913303
gene_1390,1.5217558588633544,1.772449880383527,1.6529826323678338,2.8842066329642466,1.4432120725447435,1.6233142301419443,2.8429916568187434,1.3145178258423167
gene_1391,1.6795005338432445,1.7353992066872939,1.835203541897627,1.7758457100460667,1.8859172251218286,2.077735002414027,1.4678960726932677,1.373459901931444
gene_1392,2.3094863456998778,1.272591103221961,2.0262103814577133,1.4366223494660768,1.369765893977402,1.4868617885017528,1.710196280638716,1.207419392888579
gene_1393,2.009153369739034,1.4836465226957527,1.8658379035931292,1.8411785577918323,1.306995397706822,1.3122902679369506,2.620939026390101,2.2933421072703775
gene_1394,1.8923641148657406,1.6222030275911712,1.7096535722036974,1.4898891078435936,2.447054889422926,6949.09643844631,2.0107541126122253,2.302366740157
gene_1395,1.1712405343873307,1.3842434494465266,1.4522247318614079,1.2331578034756119,1.5832657433257353,1.4920456087387393,1.351369519968807,1.618715689545359
gene_1396,1.3560511503808108,1.469833764124083,1.5575766603845664,1.5100451178468692,1.2164032087720922,1.703029435157464,9259.624481344668,2.6097534731334244
gene_1397,1.57399769074062,2.3587059345844015,1.259240041265621,3.0442500197386906,2.9913712015104617,1.7479214694989256,1.4511150700169575,1.3514000144043825
gene_1398,1.183271044992249,1.5763938991229218,1.1061235817337407,1.2375555962172624,1.32820773454826,1.2776094447650768,1.2196312561505858,1.182318810447652
gene_1399,1.4287852834412427,1.3729146585432481,2.1798396218021447,1.2849520184779282,2.023309470917187,1.485984021336068,1.650146445962345,1.2442377838451946
gene_1400,2.026192237459014,1.2723946213960209,1.2375801463929872,1.8178231971299186,1.5893824813890303,1.4685778841468293,1.6495049299174123,1.2059979094528273
gene_1401,6449.255274228367,22142.362718233344,1.3837482973706385,1.614056867377253,2.0516169142549465,1.4962378981403626,1.3601529804904653,2.600020254638295
gene_1402,1.1811178786233136,1.1691988907053532,1.359198153062806,1.2582746277986503,1.2497519118812508,3.631454325979015,1.4319836712776925,1.6366761480667515
gene_1403,1.6299454712215022,2.9824355933735425,1.3876720297899574,1.3487705012269793,3.886425124830627,1.2796800261259385,2.5507615125970715,2.02037199299883
gene_1404,1.4737089714299223,9606.64577888347,1.6017089641545441,2.066682796819243,2.1043478487714116,3.0547032637332343,1.4627569646821255,1.6729767770784345
gene_1405,1.6580273460276354,30725.680118052755,2.006126877179177,1.856117425459306,9165.473851647934,7317.805907024158,3.0031992296975676,2.0679798176377826
gene_1406,1.7053843986296062,1.584218124338613,1.555130406615395,1.435625938754157,1.3451378890490966,1.5397930863074614,1.21046066809554,1.788393502179291
gene_1407,1.4884485801042175,3.3598945718739057,1.8502647934303074,2.588195320709221,1.9963075445648526,1.2520831967029216,1.349593431255197,14089.108246385296
gene_1408,1.1228564645214225,1.4195666393081585,1.2336858077129988,1.2837186989522855,1.380522208823801,2.5230591140401204,1.208371215768854,1.4359526130871918
gene_1409,1.778505392300116,3.140800135037718,1.8000487619515237,1.4134566462074682,1.1601088147231815,2.8961648481071354,1.7886957902706997,2.2561582023674553
gene_1410,7747.276222753652,1.9561923076768055,2.560384191821325,56370.967566208434,1.589261205808554,2.1523875485876767,1.6987240037866487,1.3872290123445705
gene_1411,1.325972885579642,1.602712220505829,1.6834741507702777,1.6655903199228805,1.2383686015292465,1.2689635724995143,1.3392291975455457,1.2004418897615914
gene_1412,1.3445393633182967,9633.338517489143,2.625406992771243,2.557814133132093,2.1916365894389465,3.030454706298211,1.5709232881561344,1.7378169206672018
gene_1413,2.9521680490202304,3.269063933847524,1.3709822731329864,1.2183855047249437,2.9131010433624724,1.2273321257824508,1.9550649054945555,1.2308807958700843
gene_1414,1.278234107907542,1.6663467954378486,1.3269450309747173,1.6362388753014767,1.3122951320101215,1.8364051916281328,2.2821979282293827,1.3493508420045723
gene_1415,3.633076603577401,1.398297502389404,1.528900738122139,2.122652936612275,1.3573652372062976,1.6239413699449399,1.8377748116860322,2.763927282749199
gene_1416,7096.409902293901,10440.082096268112,1.6857495956665831,2.6094950224851234,1.5583014133974686,1.155737309835676,1.312145272453343,1.7273464625640644
gene_1417,1.4334116734467726,1.6247959062817352,1.6380607948381671,1.8167488875527011,1.5189821887233184,9415.094191077078,1.4517022310296235,1.5770089869127077
gene_1418,2.114566962617596,1.5153685167565534,1.5226148726732982,2.3247669428637905,1.3809540726722682,1.710956705196589,1.856823046430749,1.2641593819597405
gene_1419,1.4964467017911014,1.384739677825518,1.3352525072712005,1.6924037861937198,3.3925787911281353,1.1230638008035905,1.8694935090011382,1.737872360801427
gene_1420,1.7986952359040111,1.4719310811715982,13233.520342156757,1.7455408540512838,1.5200159492829004,1.6577144072332437,1.7369894499487286,2.1116905334067826
gene_1421,1.626856832821719,1.9285122618331996,1.4237438993170695,1.304970883839278,1.1963997227149907,1.9872720505990762,1.3984057144277746,1.596270641317127
gene_1422,1.781811289407977,1.507285738346419,1.6490885538586468,1.4501513465129838,1.7133873044497783,2.282787780659879,11177.242318711742,1.77675360800516
gene_1423,1.2637516594047236,1.7145472417527732,1.4497108742986682,1.3018934364191201,1.3664021672757516,2.875729846867514,1.497869117553002,1.1701943667551964
gene_1424,1.539668259022272,4.334527452199342,1.7866612827591881,1.2226897327478794,1.4942873287489553,1.3501556250896274,1.4058941546313284,1.2184784345970232
gene_1425,2.202059441513633,2.445354502172662,1.415016910073163,1.3094784292224726,1.4540195993579612,2.2817427906148384,1.8294856064141294,1.3810178634582289
gene_1426,1.3109562780996202,1.5243718660358787,1.2235391371708748,1.2906509511568307,1.2884721647157193,1.3819099330505278,1.475389349047789,1.5932572324064047
gene_1427,1.7275461726339711,1.6815516803432111,2.7269466627532575,2.6425965532898363,1.8777053071956826,1.6500810416137215,1.3632005271481868,2.153773664464077
gene_1428,1.4343563679108822,1.6934225678775459,1.3064941862655863,1.7156356911116635,3.249811090667291,1.7202713758247754,1.7799720170746598,1.2476161313853997
gene_1429,2.3452741481505757,1.4405814330818103,12814.662698880207,1.1542951569922177,1.529833621072208,9796.580575392554,1.426653916432256,13714.624802000988
gene_1430,2.1401566500043536,2.146677631164228,1.2612215930534703,1.3223193011053793,1.6078455234091795,2.824844822343116,1.4343484774003756,1.7529767268068939
gene_1431,1.87334324817073,1.2021484076914843,1.2173236624843446,1.3669252382255457,4.425587584441994,1.9082097047805364,1.4797549340924796,2.2949204182200718
gene_1432,1.9968397722000304,1.4247479694192717,1.3226101707766362,2.8911122100430453,1.6260184534474862,1.6968019045771507,2.0067261350516774,10257.797917311582
gene_1433,1.3395254194498276,1.1801817740960407,1.212061726669086,1.3840830391927825,1.657920899637756,2.02811446145864,1.564816855858176,1.387101131614377
gene_1434,1.5682087788822672,1.3089790830031425,2.9978342883733267,1.6574124793811604,1.5630085213425131,1.5016814183956677,1.421725898103988,1.4345660941553735
gene_1435,1.4035104798799196,1.4777734288256967,1.2785430478203608,1.2236163722555897,1.5137478019302182,1.181173523246068,1.379168894855738,1.1723260387635883
gene_1436,6753.01157150986,1.7628085281948043,1.6612946306576981,1.621401576819702,2.5232354988018604,1.9101604837563557,1.1749390934621813,1.6153388991949982
gene_1437,1.2161169466371273,1.880371711139126,1.1439776828029316,1.269382155235405,2.1688922246153775,1.588767801007916,1.4042986592848727,1.3631096699782668
gene_1438,1.595330761275758,1.7787930222220762,2.682963356091762,1.5486284725514805,6773.259157672696,1.9208503461548265,1.494097345765894,1.3096004014219143
gene_1439,1.622936718411609,1.539965107184211,1.2956521008078028,1.6655318426021735,1.3418692017640257,1.3367707459091893,1.57374523646321,3.6766193297339353
gene_1440,2.0141440048122825,1.3744922072161747,2.4399551975085387,1.4090042704200443,2.5940438568366875,1.3107344379533443,1.8515159379370842,1.7790526248660832
gene_1441,1.3351454045149702,12009.27364092222,2.1463116205848896,1.367927674149034,2.740110820140638,2.2937593010735693,2.5670867276855276,13307.655900247191
gene_1442,1.1937142478504474,1.4353103186363207,1.1247243266735183,1.3797745008093896,2.3024376121607,1.8201357364244113,1.4898601024269436,1.369711292594316
gene_1443,8677.46910580955,1.8892998392228686,1.6265660502071835,1.3119008783165094,9620.38614824453,10110.637422907997,13802.271864941347,13343.463474841657
gene_1444,1.1779221186335878,1.8345805428947883,1.3297266152054195,1.5510567971941334,1.9327676573233756,1.5250568548896597,1.3917592026530123,1.5452531614724392
gene_1445,2.5013097177468744,1.1013061080514421,2.034960799570468,1.4245882404935069,1.341531626910053,1.6347379905298296,1.182799235715625,1.1914364997254143
gene_1446,3.714584396985849,1.55839131272282,1.9382512110570913,1.5489935572557196,2.095729372542029,1.4196183605641783,1.1546321431399669,1.3740690341243056
gene_1447,1.690652098851181,2.2081084490251603,1.2395713559812647,1.78379534910713,1.310822640042029,1.351352212108223,1.4979156469732613,1.2290976728500498
gene_1448,1.2224968018530973,2.1048167275414666,1.3593004585543051,1.5898365812792827,2.220084213445855,1.5892185662790874,1.9706279753697071,1.5990258675940454
gene_1449,1.3746807901383737,1.2605379177973701,1.5420379257770593,1.7376592820141366,1.413188804392286,1.1548327630281798,1.5787896417735396,1.5863353400679723
gene_1450,9456.336382138215,7976.677150066993,2.6876376991790174,2.2332234139830813,2.9064904542289636,10534.310105465953,2.472799815969956,1.3514189397875778
gene_1451,1.3658136324846493,1.1995542190600361,2.186186597961864,1.307188436772524,1.5370829130754053,1.6549136007129668,1.9405195914250921,1.1263235144544965
gene_1452,1.4888034018187426,1.3015133939217347,2.0725897942956464,2.611503649204242,1.4618143646285227,1.339246571569893,2.283020838493451,11869.003088011255
gene_1453,1.3692839965459067,3.330797079523582,2.9207363856176944,1.284844821126411,1.8968614053839274,2.5363378825480583,2.9130811269735184,1.3449113192028759
gene_1454,6650.92538145995,1.71625003391266,3.08486909131608,1.6522525004053104,1.755957395014149,2.671809651248239,1.3317808338372297,1.9462061131362518
gene_1455,1.6814984696879292,1.6826940341792371,1.339446047135396,2.4200731585291,1.6179392719692123,1.4332895324918649,1.4540716334746895,1.5737534494704948
gene_1456,1.2806739470328072,1.8027808391572042,1.895096718426076,1.3295401383239245,3.652750044259134,9318.160458644474,1.636446704767364,1.8048932253979824
gene_1457,1.6727019165553862,1.6179127275273835,1.3516592933199791,1.5839647119208629,1.2690625863353686,1.3266058732854027,2.8350214702675895,13942.6931514158
gene_1458,7570.674801168584,33209.608413662456,2.1218947875993144,1.5706197852004091,8645.527220967248,2.013384916337756,1.9781523592709602,1.7777326286355897
gene_1459,1.527819850601371,1.1834505838893852,1.4397088337148949,1.2399781009473558,1.2752860483414956,1.2345831859193028,1.1454028354725958,1.1779513376067061
gene_1460,1.7063030894891607,1.437462630431829,1.1380389276045886,2.3726038131525033,1.7440768216916682,1.405782730104619,1.6947260618140163,1.235511874735612
gene_1461,2.467696749468865,1.9409151738887715,13966.290222052154,1.9852536782181762,1.4929203214651465,2.7065360056238568,1.3154153799536195,1.4766796132480486
gene_1462,1.436833848558111,1.7036997708100372,1.1821892974690895,1.2778277897376038,1.304439724849005,1.190449561572761,1.7785059771246505,1.9017170683281228
gene_1463,1.6182292332197237,1.492735861829661,1.4233560911753038,1.787152219137462,1.8772361021898092,3.4965672544020934,1.4736210036313144,1.664148390643149
gene_1464,1.3758233082589197,1.626373064003301,1.3835252169005756,1.4593318421068389,1.4616244650892385,1.9511815844149956,2.886794373603965,1.3438782017685509
gene_1465,1.561284948404881,1.3911318374847812,1.288732238705013,1.098387745548427,1.355700230396646,1.4477310017353848,1.4953793647516507,1.31510700127136
gene_1466,2.0612529521039638,1.521538442566628,1.7983313590744634,1.5225750980149355,1.28005114885269,1.6693535571876676,1.1392498584949011,2.63695800507893
gene_1467,1.1456941595873238,1.1704316099724874,1.1490595007088253,1.1414079175803218,2.1046037231615276,1.3159018008916814,1.2398015297405542,1.2685295895409512
gene_1468,1.1890937207218766,1.191696451789395,1.2721418479215594,1.1712183772422031,1.4869909266197108,1.6753771753827045,1.2681629942747992,1.6343012648886015
gene_1469,1.7126255565158948,2.424364431789501,12705.431651761888,1.461497725753327,7447.253984814359,2.214969944651414,2.263035523297564,1.5927616731784626
gene_1470,7760.967538546288,3.754992442891954,2.7764104117104336,1.9878419768278717,1.4630279334263272,1.6607094214280775,1.5798747781782867,1.834943366334767
gene_1471,1.3639845524601208,1.2856540299160015,2.6934811341138123,2.4169735399372225,2.4534774414678666,9539.274264155318,1.6179751592387983,1.8247926561224614
gene_1472,1.4088123875406162,1.3825868350614383,1.1983457765604544,1.094055851041408,1.2005962351154924,1.4035073097458624,1.1661853238185111,1.2257255068637438
gene_1473,1.8440303521352515,1.5621855014593053,3.052631455343366,2.0643854420813197,1.65510464098888,2.4060305588808846,1.379351355714037,10158.81462114187
gene_1474,1.6705502599884776,1.5873775475971073,1.143308832847837,1.316107700408566,2.955977083395146,1.6678158445796607,1.2728803451750306,1.3263136920156688
gene_1475,1.7392138641697714,2.3656431161611424,1.9476184522255817,1.4164651140845952,1.8547960260997605,1.8463770410886113,9741.141054012167,1.5548919562661287
gene_1476,1.3314722385936109,1.3232190688059076,1.390551399999382,1.2287597304122988,1.4868709280025316,1.384747250077358,1.1857231945205662,1.4983041482651482
gene_1477,1.3910216346465005,1.3225181872273417,1.5960530212137916,1.5111324020735821,8589.7251155905,2.2019272581825096,1.7299781239303629,1.2608521156385584
gene_1478,1.754011329185791,10679.088875337286,1.814639681236696,18383.56461135009,9218.748354837604,3.1541933830084106,11977.894429946482,13824.055879811203
gene_1479,1.4015717316896745,1.5503414717046964,1.3380245634110066,1.550539013379767,1.2591468321663088,1.2278994640656564,1.4998401186391037,1.6254424264281115
gene_1480,1.2542146503091858,1.4724459262517504,1.3986045510834133,1.514269915176371,1.3910808944976558,1.4392850994533926,1.530477541260884,2.781513767274085
gene_1481,1.4493390343333012,1.3180139046373127,1.303202332835147,2.5495775885786376,1.839272150981797,1.5833028898854824,1.7305254280019626,1.367058645459071
gene_1482,1.205269381174751,1.7171598191844757,1.8880629002261446,1.8152129423856804,2.0885741183697286,6917.730268979877,2.5804400271024512,1.4330575380506927
gene_1483,2.7296261885159105,1.5907729567550148,2.3833997690381232,1.415364269534149,1.6010776368963155,1.3911923344647295,1.7959412195375752,1.2026840212709817
gene_1484,2.057631305594659,1.5912783226240996,1.4922084278022612,12202.460274377732,2.207545128278926,3.2166591278029184,2.4358516827261916,1.2190891112346232
gene_1485,1.1046363064458586,1.9878568271312915,1.2925118484095472,1.53340557609232,3.1340626745293294,1.3786117969410305,1.9103837494508604,2.185931841859349
gene_1486,1.502728494625197,1.2993169445068662,2.281955049897044,1.5152718921089392,1.2795698319874227,1.2774915324899103,1.3205863639889561,1.3250414721976398
gene_1487,1.2660968461243443,1.565991210155681,1.5709571898851626,1.501535794411849,1.4275155085774525,2.4441914644471883,1.496897154127527,1.4865758967655587
gene_1488,1.8103088825393503,2.4346371071172292,2.0782681655134962,1.6319050849150603,1.52138843747139,1.7488208240077545,14017.49369707406,1.2472462899729921
gene_1489,1.4261823250836545,11236.964361325323,11316.542564445825,1.9623953975843214,2.5073808478907664,2.0102959483906706,16164.095622639128,2.0564298593253416
gene_1490,1.3010615117038096,2.562879260256418,1.5951641719616836,1.584236291907617,1.890749372494937,3.9144691293999316,3.1284117178320674,1.4887516176199842
gene_1491,1.1716557434995305,1.2412794505751168,1.6531000227883743,2.395745406298815,1.5985097789395406,1.7463607308942144,1.3781526002182376,1.4343028108575657
gene_1492,1.2778798902136788,1.8172915311046196,1.2015332040754474,1.1721711638451795,2.348272611444459,2.017949351537977,2.108608666956806,1.69312405040417
gene_1493,6891.136692599538,1.231910854725892,1.4528923363430977,2.051427238481975,1.6627024703270616,2.011966111417857,2.1030576453941525,1.7690061030030109
gene_1494,1.760895152649584,2.8776862959359772,2.069029321000193,2.1300597463376874,1.9815891643635832,2.577367761391204,2.0530459227323337,15522.86257712584
gene_1495,1.3171925490131697,1.4875090536737858,1.280993433436129,1.4529023594042823,1.4116922875707574,2.2017174896373684,1.2968618505448166,1.2987261433337616
gene_1496,1.8037916334639719,1.2026778853625937,1.670101660038217,1.2833878159103984,1.6995159730938494,1.5270890779646036,1.3666092470316868,1.4670169819164016
gene_1497,1.7644795451085769,1.7132921594129717,2.6903686865243555,1.351545971173228,1.39528682485164,2.0314239644784866,1.3024897710343404,1.4204696930049925
gene_1498,1.5752687033899282,1.5681431191078854,1.3394643745397432,1.5817218411724818,3.6481582207513195,1.615399928346708,2.0208973431138673,3.217279542245066
gene_1499,2.417704640397965,1.7578958131666012,2.7454644795803205,14129.472214247033,1.8295303649536725,1.7408594567688305,2.137088597763377,1.195845314658779
gene_1500,1.3640008103779953,1.4404377308442877,1.2998021563823692,1.542234122226706,1.3153287621680538,1.7465523360945137,2.679551161515292,13411.046578665066
gene_1501,7239.955703636236,1.2801074743018832,1.9320788172808177,1.3343613560146506,1.9041613831206001,2.0493666581862606,1.4969969451941212,2.633297482651471
gene_1502,1.5053055628606928,1.6265678796321608,11873.72734246672,2.066336664801763,7718.404015902301,2.6481166016593627,14614.153160694746,1.3792382030374206
gene_1503,2.507965540322436,1.4616389804100147,83913.93244473683,12415.437371045156,1.7961872169893005,1.5233376209767087,1.5838081494916696,11898.299566479238
gene_1504,1.3348930960682392,3.1987789316507493,1.726556835336319,3.0617868981878313,1.8195508191476655,1.1029921384740815,13803.89782310033,1.4006629024728283
gene_1505,1.5180742127803892,3.522533112679976,2.694584699430684,1.9185305866240747,1.384249376682106,2.919162061153162,1.5656021270976261,1.365469120681917
gene_1506,1.7169711133180463,1.3190857460245922,1.739911136993365,1.2051676620662426,1.6379166955498785,1.2553362922313935,1.1830476808825763,1.1333817996636684
gene_1507,1.6168967643015477,1.9391488630131297,1.8446455108234785,2.3803600135818543,1.9828004271755577,1.3596575399528217,12931.793449577865,2.014292679037173
gene_1508,1.499855917954631,1.2773219740896444,1.3541668422635589,1.196298312938444,1.4129044119529257,2.0629772349260005,1.3065285046039625,1.4872717333054306
gene_1509,1.8907052497129293,1.6128267048691205,1.2454124187470812,1.5481750738727258,1.9360137436458398,1.6869657085780252,1.4055726276609413,1.2845993890765264
gene_1510,3.4289877537616436,1.3405268586748402,1.2305882688317245,2.2985306051071936,2.5940104242476303,2.036295246713813,1.4127644894478377,1.381964512825044
gene_1511,1.8153936251435097,1.6054644954815211,2.2170785008290887,1.949887518276872,1.6255652043465365,1.7377890422958757,1.3541467659417672,1.4337335855598488
gene_1512,1.4609773416290706,1.6586130646757238,1.3619624539730018,1.3333589856020864,1.9398208663249186,1.3280024305865687,1.5189403057680262,1.2900082854544968
gene_1513,1.3129280894359183,1.745848719339839,1.7822493747631836,1.8714325649754533,1.1777872656213277,1.5069412674326077,2.733815356274435,2.420839983405622
gene_1514,1.8699694352697385,1.5009848876198457,2.416567809516445,1.3740859925715971,1.6963644572576762,1.51894696694712,2.3434048563733185,1.864983695462002
gene_1515,1.1929207294477358,1.4473792651481934,1.4945714820702942,1.2283188363495325,4491.717201960295,1.7773334919216335,1.419749822883987,1.3262379306459224
gene_1516,1.8801154413657681,2.3892412884463163,1.819908256970847,1.2683992969931506,1.3003377051416678,1.3940187047953108,1.7587736934376248,2.091274576423979
gene_1517,1.5491766408289736,1.2645893283978007,1.109368452977807,1.316006373746855,1.7552867812384607,1.5247633701136878,1.1809934957076156,1.3152400648193012
gene_1518,1.3356348453431228,1.4115342089958876,1.4209252844122904,1.6379586697582393,3.0557658089185296,2.6855224945140863,1.7319004317793771,1.4949071178776985
gene_1519,1.311135029389769,2.2010600428715383,1.233934768478351,1.5370115557150257,1.6599643425585615,1.37115426864324,1.3825515808419016,1.4454429712731245
gene_1520,1.2754463964315979,1.256769868598562,3.583665210140233,1.5016520560953852,1.3613753297895055,1.7893428929923194,1.4435473913424945,1.4501513112146598
gene_1521,1.2418871202108457,1.2662521606989996,1.3701317962547996,1.4523968615941167,1.1663427258860897,1.3843496962714572,2.031486571628832,1.2064218979921382
gene_1522,1.3743506782508992,2.0731286818482744,1.5595521809783808,1.2532364900300115,2.6224756527135806,2.0186756208184233,1.4904937871367885,2.3658028482481757
gene_1523,1.6599479347461266,1.9370444600305685,49423.08272243816,2.0498111844473543,1.9654905200971466,2.5958803342060146,2.4034307944381723,2.042454013837986
gene_1524,1.8312668196179585,1.606941297452237,1.8277476201332368,1.4677512579947773,2.6407676697602462,1.2975215921015775,2.7049116167752785,1.509064489123146
gene_1525,1.3546300665693283,1.87475641679188,1.2328245797068567,1.670257319939709,1.1520860127749888,3.264598227625287,1.6886366549799519,1.3126360178151797
gene_1526,2.5900035068630034,1.5906049757363012,1.3488300866276306,1.6179255610525187,2.362346337620568,2.991938857854103,2.3433468002217324,2.1518737186384294
gene_1527,1.3686839320434834,1.3404330987425936,1.2127116492282184,1.2503557389612834,1.1031733622874336,1.2058723203212145,1.3514263292173527,1.2445025647036736
gene_1528,1.2652712896817617,1.5781909370507825,1.4201233082605071,1.2705928783808687,1.3936771277214663,1.4386077932863306,1.9351633224041311,2.2540737644712237
gene_1529,1.5743715327447232,1.3237782508725076,2.6163219884634734,1.209580700865621,1.1813352854663584,1.4374094078517898,1.901129018209315,1.4245626796565702
gene_1530,1.9125413385028693,2.129486158297041,1.6200097836386034,1.9497839818140195,1.349130772139764,2.7747912675534483,1.986565760373822,1.3261171912066623
gene_1531,1.1689846887907327,4.070279302942763,1.4153958749051072,1.2407390078231935,1.5976391294696388,1.3998577693038952,1.32941310191234,1.1849094524665655
gene_1532,1.282716117359346,1.169446484741261,1.2866991844957103,1.2489863139772395,1.2967582620443485,1.7677064362539197,1.1374032456356518,1.2541543504723702
gene_1533,3.2721763380493996,1.5693963429633224,1.3572413657934723,1.522335786937824,1.5921587278338498,1.4376608810456668,2.2565215519066566,2.2239398807666584
gene_1534,3.938744301458979,2.6771378695749144,1.774742871046072,2.397813283989974,18719.5673192371,1.7344384644567923,2.550417206919422,13765.07558554871
gene_1535,1.2315767234732733,1.5714900040713575,1.3141120126329398,1.1625825962157783,1.3412998728796703,1.6363067735568373,1.3000283889178967,1.2195118522717592
gene_1536,1.3734092642696567,1.357634351672797,1.2300393297655272,1.1629302777248516,1.857520386993769,2.0607457631762833,1.684550608418103,1.5357935208670817
gene_1537,7898.219599950149,1.9186356238658537,43079.07288299781,1.6460328930548216,2.9701096991958247,2.663033495542493,2.2510878362679163,1.5285719025273503
gene_1538,1.3583948531840566,1.1905012092318739,1.54815084564368,1.3519061426015424,1.4956967498490865,1.187494315839336,1.190350830424961,1.629371329246438
gene_1539,2.4342501669013936,34999.94140365073,1.7205332307447814,1.72116223418685,1.534993453764845,2.3034003902283233,12797.71704795114,1.2426659108565787
gene_1540,1.6953731890488002,43601.64198699831,1.5173736382789549,2.0693822520056098,2.1044060763725296,1.8227470050283001,13058.647550782254,1.4717724389295799
gene_1541,1.369126885019046,1.3270921671530158,1.3093637245783885,1.183602423080896,1.1774017085674864,1.1499829390187135,1.531213381833054,1.292826816390433
gene_1542,1.6511919819990866,1.388954432541402,1.5553854321546243,1.6363171766065618,2.767579973261793,1.512214091929385,1.5309781135615008,1.107595718294875
gene_1543,1.607846908174028,1.5381238805420192,1.3598945916501621,1.6450444989069253,1.7281689924081851,1.4006690774932098,1.5345437837803417,2.074973629038877
gene_1544,1.353141347828831,1.1684381422522123,1.851261833140729,1.724024188713187,1.6319045278984041,2.0734919810111765,1.3474854914715773,1.4511687146940768
gene_1545,1.2631637619450977,1.0810545884789362,1.2696868931645133,1.2800515029872215,1.2335865286945151,1.1865161396428308,1.0837793921735221,1.2157603320981347
gene_1546,1.3018662224079534,1.6151997951359558,1.2072455700431661,1.287954731645366,1.3577774857228768,1.9477337128472978,1.8132549685730885,1.9226236924384206
gene_1547,1.4371814354964834,3.107972589532128,10766.57558976098,1.4703888917460746,1.284892529855601,1.7950190348764585,1.227039973054259,1.4191876907505219
gene_1548,1.4633916405630811,2.4800524701158095,1.3879326013866071,2.1778270943096394,32940.95622526329,1.3360179167699564,1.2558731236707328,1.5558951830799848
gene_1549,2.745043198392219,1.7830215995569674,1.3212206394904737,1.5911703542424158,1.3579735262968766,8066.076947013726,1.7142730079367596,2.34276793437179
gene_1550,1.707232772542611,1.395057783559715,1.5909947729063267,1.4251730283315365,1.4426568833993871,1.3017638399282083,1.5707723725081606,1.4866041584978036
gene_1551,1.4255602495845936,1.6006489718168913,1.98195473351896,1.3741765711875211,1.5257332869623599,1.702562823337922,1.337382413693597,1.9962694007943478
gene_1552,1.8636060022507344,2.3502413932014568,2.5518414746819422,1.6376177004967274,3.128526159058063,2.117205350066612,1.257161289277173,2.9047238909680972
gene_1553,1.3045313979567634,1.3727744826449304,1.2252576205884773,1.532347217003911,1.3397891340854937,1.9574901408040994,1.4803639538092845,1.1756019045611708
gene_1554,1.5462217965427316,2.114966695499288,1.273852156360858,1.5901839086972203,1.4072981329813166,1.5349568787765315,1.2123894538925637,1.70181320927689
gene_1555,1.4502758589723763,1.6111046647073206,2.154126561496361,1.244055965578259,1.3380585917627315,2.5700221176453724,1.468694758452826,2.33182454643112
gene_1556,1.4352245099721321,2.15372512976984,2.7323146038379904,1.6239346269550625,1.5058572394993477,1.7803942995162545,1.3194567454871347,1.3911610315915244
gene_1557,2.2891258315543155,1.3378694344089697,1.5055507089530447,1.1975101342169465,1.315927192102414,1.4489563855992011,1.444202515466911,1.6271593505292328
gene_1558,1.2913241751351636,1.471097288862268,2.1262438543447146,1.4132237534461334,1.6303965167865617,1.560660334184801,1.571352316971363,1.3347693916619428
gene_1559,1.3691726333658927,3.595901154645135,2.69041401255115,1.4374816297673079,2.3505677202785518,2.867995059842577,1.6293465541675312,1.3846614739863576
gene_1560,1.315382205621146,1.3490686474808435,11678.254135092635,1.3311511235314024,1.2290676838081398,10528.773894855947,1.6830107136354104,1.6568935583307454
gene_1561,1.4514807983974558,1.4630471252095825,1.662943292474524,1.444465215976708,2.2989944314098545,1.3685814999929906,1.5450718445348262,2.4145307404548007
gene_1562,4.038653617592786,1.103681698514964,1.279283793769562,1.1320243535977657,1.4552669716244921,1.4695140586724618,1.2138205981696595,1.286677239412584
gene_1563,1.3326244012701947,2.4052522939471768,1.4228164030486388,1.2983092015800906,1.253881149189757,1.5779509401726028,1.5144534552457638,1.0607171485163966
gene_1564,1.5067899241699958,1.3870413616699864,1.2218993095568693,1.4677427042697035,1.4261572753974423,1.3996978391893324,1.511273549270108,1.5692134755952125
gene_1565,1.4461019519786642,1.6978641404797565,1.3378640694686386,1.4061682032962846,1.5219702321892887,1.523261563314018,1.57797945535619,1.2450289307807787
gene_1566,2.2492934558642594,1.493687286767474,1.7115955303949433,2.5658093579377454,1.7910985903233152,2.0609262337806205,1.296260492954977,1.4408730823164146
gene_1567,2.2580280465247653,1.7676450529877565,1.5285146396518878,1.3028842865665637,1.3437498349248365,2.136614851761561,2.2104793321296774,1.3498232540092354
gene_1568,3.1661226907864988,2.331041096461658,11063.44969002735,14650.67463290284,5567.645973891689,1.2579875227348092,1.9896715197567003,1.5981446446526932
gene_1569,1.4696565973459397,1.2617944455057284,1.8123089340422533,1.3599835804009475,1.5183995197341338,1.4683767672331562,1.3528446091107182,1.2365577924407714
gene_1570,2.480477616303867,8197.940644087274,10908.921678782981,2.3164952608758353,8077.63999321098,9146.72044346485,1.8070992541464381,1.7297429452166375
gene_1571,1.3412070763977895,1.9635049559364128,1.5006292181691123,1.468276392120104,1.4199544340440624,1.465158103625463,1.7715974044730263,1.578594258046863
gene_1572,1.5526542911968648,1.4789154567487948,1.6737159419781091,1.3105589959747372,1.65319583592833,1.357555129394789,1.591852862032029,1.3467284881728991
gene_1573,1.249418223949449,1.6136887183693298,1.3541883950418092,1.0951224037554508,1.4573164795169484,1.3808577028489322,1.4694179529826428,1.1960566379595583
gene_1574,1.4945904912124222,2.7246339491004967,1.7784710310486944,1.268095089479466,1.5767956730020078,2.3108813064005984,1.7948006236292935,2.07787479703932
gene_1575,1.7886187640678708,1.2225224847963212,1.291678085790811,1.510395660229857,1.71623475364898,3.0432925731034666,1.4359080909345274,1.2869000213376394
gene_1576,1.4373823424778973,1.695164454229103,1.9429193101452389,1.3931913866719767,1.3398343288900045,1.5510890337926295,1.1803924867691034,1.1428449352154109
gene_1577,1.7811517076586132,1.7529746713197987,1.5323782831939796,2.572033259322631,1.356755943367073,2.1938234631589766,1.4859017320317913,2.092500093874298
gene_1578,1.5570296443842198,9336.139513344457,3.1791619167629848,1.8782341496654873,1.3189743388421045,2.2203340378364014,1.8343775241854665,2.453671214945265
gene_1579,1.313494573022759,1.6874297508880884,1.4573998173847331,1.2823392108592817,1.2929360031552528,2.534715336637541,1.3140393870912752,1.144881591700117
gene_1580,1.5000769212183604,1.3512629859807126,1.4756773866364015,1.427214307298374,1.454071014568935,1.42081852357714,1.353086607901403,1.6418456570877058
gene_1581,1.1128808671363155,1.226761280816271,1.323446993417267,1.4055956132461056,1.2994250320780423,1.335639128351538,1.1052750546365053,1.411995793010881
gene_1582,1.311949076711439,1.971209034285825,1.6590596279252805,1.6042625427913744,1.4564256855558528,1.3117717465656824,1.491937619658651,1.3015805946910155
gene_1583,1.6953822589996623,1.50650066865729,1.6011262212631079,1.5028383641049567,1.3850758452359557,1.379627142330627,2.045120024701637,1.1713023934169928
gene_1584,7355.823542855338,2.552332113525857,1.8882127271518983,2.2892794377473002,1.3393116286071685,11947.00551079356,1.466801971330298,1.3813730712210668
gene_1585,2.190692554535882,1.5763766220987965,1.8536304992783361,1.6232524824953327,2.2019242335736853,1.599413514591288,1.3503929653745335,1.3925485368567672
gene_1586,1.4489237363393903,1.4617497008602394,1.5961956992548954,1.690046780309439,1.7050162728079385,1.5679036554400507,2.24194609767735,1.515877458477735
gene_1587,6861.745447270263,8819.811472082105,1.7177131652029671,1.746981900544943,11026.74704279746,9629.314659112797,79583.9970335965,13266.350373363439
gene_1588,2.1656281472960597,1.631381540296333,2.145425079550266,14694.253027563895,3.3350510829986537,1.8209964915187187,2.168168354280486,2.3909775096497916
gene_1589,2.1204044027873263,1.3850461647867207,1.3117674335686451,1.3486920506815379,1.5022225713177837,1.473343818162538,1.4490901955586593,1.279489485305675
gene_1590,2.0463946767252743,2.461148689428153,2.3475999631338085,1.5816963450573567,1.7359258357870753,9828.254804850993,2.1984220411368987,1.4641553578744861
gene_1591,1.5817425753018957,2.171936818938127,1.5873086760907822,1.4080851428957004,2.9442253165561456,1.667126498557546,1.706173586847197,1.1589495412005553
gene_1592,1.8933654084212692,1.2574591673834818,3.168524475540687,1.2146677299568716,1.3566384927550628,1.7800490082697529,1.3774949784254027,1.488854002286149
gene_1593,1.2789201070650802,2.635872624020158,1.375415541159631,1.5984896855461026,1.6774276881068175,2.523405228892636,1.5213713319319744,1.5888967727834011
gene_1594,1.4863278140776255,1.2544085909433231,1.5391006574268655,1.3426926744291547,1.2448502958813439,1.1811546162966784,1.1651316316554294,1.2831126774319177
gene_1595,1.9871272378668634,1.3766311109648988,1.58821834397418,2.1133448498327088,2.202164282081855,1.5972560560620104,15351.828581054097,1.786011798192288
gene_1596,1.8251447169466395,1.4341107801619073,1.958698097399972,11396.403819610785,2.1191111347699856,1.4773964758774012,1.5771986844704151,1.2995761422501668
gene_1597,2.6560363954682953,9559.851090429895,1.2235657889890845,1.4557345396673316,3.362338701264736,1.4902073468150787,1.5163028497973934,1.4196884352809223
gene_1598,1.4453577688331154,1.5507740410552573,1.661349801210149,3.520188506919792,1.3192680240367778,1.1384162224342773,1.5513339713946421,1.4749730474924652
gene_1599,1.9447303235016973,2.1706133586319236,1.773634706988198,2.7097920349436366,2.095034035287411,1.8261437708648935,2.256595722642442,1.2374001104194026
gene_1600,1.446707686010645,1.3835160618230926,1.1805405552116068,1.3768066554095058,1.228885953973096,1.4976376856777434,1.2371931987992744,1.2053142353950834
gene_1601,1.2895623770074032,1.2783304730929954,2.5344072287357737,1.0792439429752292,2.2070813878123183,1.6783197041040523,1.203496065834854,1.4696473600387177
gene_1602,1.5880560166068414,1.806226454675355,1.5289287961489957,1.2571154635824717,1.9503764608264742,2.547375922332226,1.2140968909855394,1.3329127147194006
gene_1603,1.1781623817654456,1.3931750636924582,1.3521563728846788,1.5307205121140146,1.889791178437959,2.059593746954943,1.3671461482554086,1.5268714375654762
gene_1604,1.5073329639616886,1.6379566969382602,2.0243915065597635,1.271652565197838,1.5455472624738944,1.8315426821186087,1.2996860288673346,1.814162651091363
gene_1605,2.1741459787686237,2.2235366546380635,1.4421417491035142,2.045862031857281,3.56328473859706,9863.453258536545,2.6059616144083786,1.4665586809504003
gene_1606,2.688470519911995,1.6555505272533493,1.854408413367406,1.5835304612199457,2.380844462100845,1.7776432049994348,1.1967950909952128,2.040066859296782
gene_1607,1.6514968025366807,1.3462185358384302,2.148516279099983,1.6111246844623022,1.9323634008032176,1.8183929772973102,1.3949472132554883,1.749787609337695
gene_1608,2.1302972356529795,1.5081492182140646,1.7230192931952475,1.977317869527542,1.969750131271068,2.5027117587183616,2.68028959488853,1.519914442668889
gene_1609,1.500900021377329,1.3237422446168812,1.2675704185450536,1.3152088401877944,1.4816398073706645,1.6128460900035178,1.3082537910783814,1.395950094670977
gene_1610,2.1747750424419237,2.999326878448347,1.5551995751874748,1.3636578604223448,2.9747497906058986,2.1930979307359024,1.598695123247521,1.2779193625823957
gene_1611,1.6043210464155433,1.2239464609940183,1.5634809514180343,1.2072632347021586,1.2623939197236254,1.186362276827737,1.237365707003025,1.3700991438391479
gene_1612,1.1860213472652583,1.3147795205487651,1.2926827562367678,1.118481249774296,1.458840639756605,1.3207274117000145,1.2880418654586463,1.2207458938348599
gene_1613,2.6863544250766904,1.655216171914562,1.3023424096290948,1.6200528252697102,1.3560171942557948,1.9528132799837505,2.5338289874535342,1.5121128170265272
gene_1614,1.9593617795168694,2.178506614591659,1.6320471440367064,1.6168705092991686,1.9852243358323756,12014.111853221417,1.9903949429638494,1.2935808388404855
gene_1615,3.7159899559550973,1.3617579386501186,1.8209076672578348,1.6105066109871837,2.9225670752050577,1.4498007152087629,1.176770828350459,1.5546292837810953
gene_1616,1.90766377514407,1.1067039769680223,1.5370720551833252,2.172311383661816,1.450522664950956,1.2920484157435526,1.4860518007008425,1.2846890997534377
gene_1617,1.388364518365208,1.974128973400674,1.5015649282180654,1.1825003014442395,8683.921221516646,1.5896394117597548,1.42611880847535,1.7297287607403051
gene_1618,2.4870019166121136,2.0769241515480985,1.9843607615918675,2.404876784373353,2.3549913287361224,2.436247902654029,1.7721657591686346,2.2044568666329387
gene_1619,1.2047427110779465,1.2955590057525295,1.4255773359278654,1.3922688089646118,3.5502232742171773,1.2379376863942715,1.2720016321016678,1.2242114181153325
gene_1620,1.3008198461502782,1.6436300855703951,1.5400851557595616,1.1208263294554555,1.864144367161196,3.7948619508543806,1.4631337598149912,1.3692052545222044
gene_1621,1.518254512736381,1.2599646271201754,1.406397497749022,1.3252141400530681,1.5415102965569676,1.4208311607153752,54878.05274679,2.049038035564447
gene_1622,1.412555242151915,1.5660188233830696,1.2128393735637901,1.3025362539937115,1.3970873526643255,1.2292028137199738,1.2982251489657124,1.210795918428828
gene_1623,1.9528806186071181,1.3863706353467664,13218.487285610925,1.2913584213109777,3.2781732385723017,11436.483955129692,2.3939140750346835,11678.277480443052
gene_1624,2.0917830986215775,1.2268220233141072,1.5901858509219065,1.3259769890281956,1.3848929018049079,1.6073147583571412,1.288680333273041,1.603152109695575
gene_1625,1.2763272083976125,1.2701813969778524,11892.972111856656,1.3223088478592997,3.4021910015732635,1.3449533495788284,1.4626583244577396,1.3084804834315593
gene_1626,2.6119603341336415,2.424084315501763,1.3369424974073447,12670.161920820103,2.572089443224964,2.2532336288572523,1.8752294278335608,1.4602501691785583
gene_1627,2.017322164419194,1.6569812176048189,2.3009990697638023,1.6912829382055903,1.9203435739223278,2.702873301533327,1.9934382076931176,2.0754197991705734
gene_1628,1.6509477599663185,2.6090184384226904,1.5806475847803556,1.554818409578033,1.6418280664062415,1.172858216204114,1.2751901641276626,1.2979708494631124
gene_1629,1.3081652592845945,1.3387199173904645,1.2141074294839813,1.3866330712830428,1.1392445762248826,1.262511605823492,1.2045207320170477,1.1319194583719332
gene_1630,1.3522543594512777,1.2114870972705165,1.538503053145513,1.6733341137777145,1.3791654353356435,1.529347358909919,1.6549629548293152,1.2155669338303627
gene_1631,1.254860508714335,1.1361094385807995,1.1809534919096474,1.493811800760014,1.2710688327577582,1.2720610503891772,1.3004151309178706,1.3373804836862304
gene_1632,1.2203946877980283,1.4090865138910356,1.3358754515613527,1.3948671269475337,1.4318219906041567,2.021146930610513,1.6800786014889724,1.299217334904066
gene_1633,2.1185091206733104,1.8735515608619857,1.8351288623001314,1.2990796902583424,1.8618840696485937,1.4351652475519012,1.5414782491602472,1.538320969404263
gene_1634,2.0273160964851717,2.9423989651791644,13742.852926774014,1.635654380738628,1.702210328979494,2.402363241121196,2.3429595970609904,1.654471794760289
gene_1635,1.5126788190304328,1.3299639616222563,1.262159386398946,1.2590521212022328,1.1771569589877457,1.4165971261382289,1.7304766859048044,1.140675444614343
gene_1636,1.9725906704876588,1.526856404330465,1.9255778559865502,1.3307560651339858,1.6245090471064678,1.485748867239433,1.4704880068264237,1.4062326461507417
gene_1637,8299.82556104536,3.8172661640870396,1.2616902257368308,1.4840113450636734,8158.351495648672,1.5134056971379826,1.775341772479229,1.5974894221339453
gene_1638,1.7134548808461534,2.019441928693613,1.4161714780895684,1.5426937163194896,1.394501715257313,1.4116217818018015,1.3574091405141147,1.5659618734163845
gene_1639,1.2275711805909022,1.111253989261211,1.9962962363095846,1.1913408087614983,1.538822849369662,2.0475705572089518,1.4918701598842026,1.2284516045026808
gene_1640,1.3991942965753714,1.195022446795823,1.2732808981996895,1.2278121872251468,1.589338853525181,1.124933211044804,1.1468788994686494,1.2497143882945836
gene_1641,1.9448465538259088,1.4109162872494705,1.448323051330367,1.2720392680793708,1.3239331164365746,2.081421614002461,1.5492284975889716,1.516433539700094
gene_1642,9479.312237308133,1.4869199935822397,1.4219425531993746,1.8564082247518994,5301.329801794399,1.5764873618334114,1.3134959375827349,15710.151687202411
gene_1643,1.6199906686116083,1.101265555920969,1.8954485759122384,1.3946973311671804,1.4762779356414524,1.8481839587655775,1.5672799546031995,1.1690447039162544
gene_1644,1.4728199830358997,8378.299645138932,1.7740660458878859,1.7267414185080676,1.778457528743582,1.404063670526089,1.4332820403992772,1.9221014383227428
gene_1645,1.2629835649661816,1.2868012955116814,1.2894460924297897,2.492546634614961,2.115834182172348,1.3195609092817484,1.7847296146483411,1.2846260953530337
gene_1646,2.057043402061775,1.4541887213655333,2.1381750337753913,1.5069151171029693,1.7906960238384109,2.7019439118355337,1.5369256785616172,1.6930550090999994
gene_1647,2.1006278602084882,1.5276439120331369,1.499245571069461,1.4368472321851031,1.4611806599268915,1.2674207694359707,1.9658299423673666,1.6655614657807911
gene_1648,2.1615819774473923,1.3275319040895668,1.2834604168477126,1.47399565972818,1.461228411207584,1.291964293224537,1.6377995415998612,1.4137667939406695
gene_1649,1.6952443365756205,1.453056960515071,1.8860968124589625,2.417908808329573,1.5488345230887886,1.970024778677664,1.3707366817345534,1.24379231504675
gene_1650,1.424653861017784,1.1618104604410044,1.1863829186336823,1.1176169764471575,1.993476730056135,1.3882262308151714,1.3082118985679543,1.28287380010412
gene_1651,1.8638615216101566,1.4503391526912188,1.1755218752021002,1.3458180788343288,1.2489698720898725,1.305882501815181,1.2364473551493431,1.1449706588464381
gene_1652,1.9350382245590558,1.5178954988035072,2.3743412401708324,2.5910533157836677,8648.947922104391,2.9660905867998517,1.7966708535773435,1.432901800198262
gene_1653,1.6963763345482854,2.063340423141334,1.7898264653962095,2.0992145096299475,4736.812719558338,7360.825936666847,1.7175066231905691,1.2585653767887506
gene_1654,2.709996625540872,2.3938059620988583,1.7596359897890588,1.4777590713197009,1.6005033092419192,1.6138195782305331,1.3554763457208694,1.7948719333512362
gene_1655,2.1052956728324084,1.68791437720044,15487.880788592394,2.4803019195380016,2.0306897574789646,3.089397599249543,2.1606594597059448,13004.367779864706
gene_1656,1.3161428073036243,1.44418313781738,1.2976451252458814,2.641946272035129,2.46729485855918,2.964275028335344,1.4584126385817626,1.7293753395479974
gene_1657,1.4830075023874674,1.4636615004790774,1.0899161376266562,1.375811888550318,3.5408397557576934,1.4000477281522086,1.4884289865894482,1.512954036440276
gene_1658,1.3721929262614363,1.5341828872247634,1.4242398475276146,1.3925310054580669,1.3784092479811256,2.014473210847713,1.5166535210386007,2.45231988802642
gene_1659,1.3098327725629864,1.3832427066571593,1.5819014064728825,1.1801220156393823,1.4275257320364332,1.3605421668515958,1.3393602729734873,1.8355957464427297
gene_1660,1.4400821344813726,1.2061874823964724,1.1831385731275101,1.4385734386697993,2.195537987162366,1.1125960832829944,1.1586173163372193,1.9281470857408594
gene_1661,1.4759572349069479,1.2457598526211304,1.3049927166979085,1.3519443795874946,1.5669726795558323,1.3344738296454342,1.2099155047171672,2.4971278726743344
gene_1662,1.9146737570702745,1.3384828840566685,1.784353136048321,2.1249206292233467,1.8168475963548467,1.5574593469042473,2.2875293744835776,1.4841527090802566
gene_1663,1.4652818699304886,3.062522623920904,1.4396206743543896,1.5132728757111247,1.3916551493101073,1.655285720848488,3.214249962606633,2.0285652430210286
gene_1664,1.2853483549196099,1.477843428353906,1.3540227076265174,1.33441684496839,2.1930590676758173,1.4308955356417024,1.4454890029918974,1.278330966206667
gene_1665,1.5385327886885312,2.4929850618127176,1.271094370065624,1.7657234673510989,1.4592191536668269,3.0347058261046174,1.4125834670114614,1.3343102419615591
gene_1666,17076.21880619005,9055.505923381792,1.5179038289224578,19004.199580431974,34865.185230367235,1.7218058815354667,2.4048217057511128,10014.384427104804
gene_1667,2.2545100520001298,1.6740622270422556,1.2231053412115396,2.659530175938154,1.6933895576090634,1.3926331305456219,1.294136457968913,1.6128549621965298
gene_1668,6489.647939623423,41001.45451658615,1.2227197326791248,12048.303568250405,2.0923553811491646,10980.917215263727,2.2865675290000294,1.5873281856767707
gene_1669,4.212730470219314,9223.854266774326,1.3327009622586987,1.4081961511655363,3.0448536052107733,2.8213946116840356,1.396452892385483,1.975200420090373
gene_1670,1.8530370734557258,1.1997354335164907,12499.958727770178,1.4184823384232932,37760.47134352674,9857.248817093709,1.7910422292531496,1.632728133347684
gene_1671,1.4521532682688676,1.548090043131911,1.6351005626370052,1.5709879296361673,1.659242962862349,2.0025013759117565,1.2754429545657202,1.3352632333516063
gene_1672,1.528633015687796,1.4765727601571303,1.4043376324208323,1.200079563653575,1.3837692461349074,1.601770283273683,1.2189111251081926,1.2572744687819553
gene_1673,1.7342316693460176,1.4240403724285697,2.1701319778619546,2.716762248590327,1.7697028167214404,1.5949399240022188,1.397016035890549,1.548021662037597
gene_1674,2.8514669336149945,1.3970565184631707,1.2809270918940405,1.3344268219052697,2.1240699152297937,1.5116240521439135,2.7464834606216346,2.548030305160144
gene_1675,1.3927037768140806,1.2195856941966199,1.2048592467942032,1.4610123691921946,1.556250420826573,1.3857569509588514,1.5542652342509666,2.5236406057732546
gene_1676,2.6502937942745164,2.056752189188958,1.481273652345479,1.8501883904430931,1.5682886451647051,1.4765583269487688,76349.30854610758,1.604390211730797
gene_1677,7827.410649091908,1.7413059686957855,2.255945257196146,1.4187071416778307,3.27550741377623,2.168045574452137,2.271996404936735,1.7285499971454257
gene_1678,1.7130731813209688,1.3907484878415992,1.6321208843196187,1.258044321597974,1.667311472353246,6603.016542205718,1.2643359743772264,2.162334339681315
gene_1679,1.967455650279635,1.8686362094417337,1.2725832062382676,2.4308690052536948,1.9301793846492377,1.2868221629240475,1.4305872795751513,1.3064541298177423
gene_1680,1.8124608889528182,1.3511171560398128,2.9385517429330354,1.752534116903328,1.3119146382437596,1.5230349212478196,1.5327023360069418,1.3417804313868904
gene_1681,1.5569692111870208,2.4492827981746217,1.2822147881762116,2.043133447809636,2.1375628353086613,7424.414083952409,2.637835564649743,1.9860022204629069
gene_1682,1.677941387682184,1.8614575108353175,2.8216116933827937,1.8376934918701193,1.9982842013831668,1.630261951690205,13593.141639294408,1.6500695912507162
gene_1683,1.6570692263416236,1.4552687563118305,1.378216549041018,1.4370432266376607,1.5325988477489976,1.607128757427164,1.58135472288011,1.3500833145960727
gene_1684,1.5130217226353664,1.6187182796220974,1.2659543176313843,1.831371452957512,1.5417612500584794,3.379955197429308,1.37052993356037,1.3819622893110755
gene_1685,1.5631596520965414,1.7597268197004101,1.2513740794713235,1.4986880976958517,1.3246846724485843,1.4145911388152337,1.5137377422349212,3.282053901164039
gene_1686,1.6098557015765405,10010.579506596334,1.6878216254268532,2.372285487184486,1.5666053291594333,1.454382495841673,2.3352733373287387,1.5393097029049523
gene_1687,4.1180668711133155,1.7840597322344796,1.5278587151098226,1.3097227029513203,1.6424336453285253,1.8148643106338873,1.2777853043719172,3.003394059070292
gene_1688,1.85394130206674,1.306592586326106,2.796915224104674,1.5561215762129343,1.992961205391675,3.0998397638416297,1.8291350619412936,1.282421563720442
gene_1689,3.7288372710660833,34164.44159441381,2.2014393665339864,1.5352894165064666,10562.222362850667,2.5080695052687507,13190.581871727138,13320.028912044561
gene_1690,1.4945802347360109,1.5744492190816095,2.321465567217881,1.482404004721859,1.6071715446223473,1.5639962257725657,9932.545317113016,2.0047889619773818
gene_1691,2.236457252029757,1.4606822312801997,1.2176600972415905,2.5218896137754387,2.09137030146491,2.5098038212996645,1.96849977255064,1.8662836714008821
gene_1692,1.3073632808466555,1.483082312251434,1.346738869364039,1.5475478797228839,2.2459520032562232,1.720750275414199,1.3175418000654036,1.3824853143027325
gene_1693,1.7018450171795536,1.346883652145585,1.7658802704349907,2.4884861910339526,1.279050939186388,1.3152698570971466,1.9880396057569214,1.2691050569793043
gene_1694,1.404515612047987,1.497078739028606,1.5069414053719201,15156.565253448942,2.7971515453304976,1.4291552044457736,2.348337752399507,2.7320307203898575
gene_1695,2.1398120225541963,1.605155803771438,1.7363626326424382,1.3620077664451236,1.3869157099391347,2.4612866211120275,1.2931473392278805,1.5545303411971607
gene_1696,1.5723476754167152,1.386097027741801,1.6789221859277006,3.069753802029931,2.0999156459530637,1.4553351166690283,1.341019798800435,1.2224187927566073
gene_1697,1.3278360614251576,1.8564008993306418,1.3330046228544308,1.309469080007293,1.4993585637402087,1.3726417409725271,1.4463948086291143,1.3790352163694304
gene_1698,1.4691040455064484,1.402233096998872,1.5366028679692385,1.460796980069743,2.1187940963017486,1.3463067875353187,1.242766906123494,1.5848231150408842
gene_1699,2.8793644626708463,2.4820363811215804,12474.180373605668,1.3204470444349272,1.3841426103090204,1.4593703536773364,1.7815024673177702,13524.516788379375
gene_1700,1.4709340776691875,2.750367363870206,1.5377165823005214,1.937531075144505,2.8199073606476417,1.2347094932784504,1.358961348534639,1.4745275019891906
gene_1701,1.872354123804311,2.1272441113421885,1.8672733024185355,1.7437461019777536,1.818710684929044,1.4018425417076246,1.5345043147652284,1.6120687348500193
gene_1702,1.299165945245889,7789.0145596062675,1.403416324415625,1.530918257248804,2.067098069226152,1.7004955274603464,1.7754720192834788,1.4136987257426428
gene_1703,2.3522394279478522,1.985503360511928,1.7929743673939866,10644.739130852995,1.5294899603148555,1.7679978534451601,1.5781049167897225,1.65889480140891
gene_1704,1.3971567767811843,1.4978532195464322,1.6038389443474612,3.2132608007063874,1.5675320017668475,1.6272020417092963,1.2160264835031174,1.280139367641429
gene_1705,1.6701457703065565,1.688549114239052,1.8149271621345553,1.809707236186031,1.4696870716566757,1.4346819100526313,1.7693517073377307,1.3088987258387592
gene_1706,5994.7873947746775,2.3961130167826563,1.5086917347564914,1.416471426524036,1.9238132306207438,3.171114833909646,2.383039800201471,1.7127952034332974
gene_1707,2.146479991088493,1.7494441227051756,13738.23300064182,1.959801947158312,1.1654948377476966,1.4447170357685262,1.7499146924217628,1.2888493268979058
gene_1708,6813.246794278798,2.0221417733911338,2.0957853855553283,1.4495285763180676,2.1856490117352605,3.492520627561449,1.6852038682148525,2.145518387595318
gene_1709,2.304508968777268,2.1939829879059003,2.089718739003255,1.4723413703854862,2.8786383463210954,1.8631243299844766,1.6575754069525792,12032.143793167834
gene_1710,1.253650854981395,1.5557527350130302,1.957201534620967,1.5469022865584594,2.214610684322445,2.588305469904043,1.669745380472793,13967.731667101281
gene_1711,1.643679640770958,1.6012669821944454,1.3562826412593245,2.191148411470522,1.699086730278044,1.8040404716770797,1.561407924769708,1.2705031673205638
gene_1712,1.4643872775839974,1.5873576868867911,1.2443159873591392,1.51041715090955,1.5316899673696893,1.3824173319149111,1.429131823728239,1.3486042399111347
gene_1713,9768.792005237527,1.2481886383168186,1.4184128301156937,1.2096333482447166,1.8370549099248763,1.4545848349219122,1.7162399436982303,2.240853947563929
gene_1714,1.602307874947245,1.275545935182933,1.4054411675510927,1.307444171674062,1.612527727937918,1.4712377086290314,1.2838243992520868,1.681461705575301
gene_1715,1.664389623165861,1.3023126491615877,1.1418476453521489,1.445018714556349,2.0597643091606206,1.9973483152019984,1.2328834249360079,2.039254656908503
gene_1716,1.5264087203161454,1.3908215983538663,1.46227579824886,1.4327081522941976,1.822022486690694,1.305100008555427,1.4347414629679647,1.8768052643522606
gene_1717,1.335261101275972,1.4620427955780722,1.1473011081356006,1.3849611948388607,1.1360842619372273,1.4190895874537803,1.2344097500496378,1.1893727891634907
gene_1718,1.9943810147951668,1.5596978653387124,1.399025879359946,1.5843217148151463,1.3848344228417722,1.2020699194929967,1.2537549222996593,1.4184890716210983
gene_1719,1.9317717683019935,1.7359419411157413,1.693499327300148,2.5990424403439487,1.7125197235401945,3.012915555269712,1.8916980671622976,1.379479323385352
gene_1720,1.7029509170326083,1.2866442921802108,2.558091066968582,16111.538158515721,4.130330786609396,4.041267630428948,1.8171731319344129,2.214236672298488
gene_1721,1.2598680505371809,2.214858663123412,1.1643658714468377,1.2872442316085677,1.2609182011325353,2.000468095554717,1.3928315474185258,1.2634572978601684
gene_1722,2.0624152913344633,3.5888315252764618,1.301077314846172,15339.816316267821,3.045142562971619,1.8869342005864034,2.028006369497407,13808.447246815134
gene_1723,1.7074836100239557,1.7387261452650982,1.8165167524866919,1.4893385718784822,2.7541934476693046,3.028395993323871,2.0686731979351722,1.3413266454821358
gene_1724,2.6116445289496135,1.5844344145963745,2.165720493793488,1.1811558328645202,7592.66266989837,1.8148223703884108,1.7500619144927703,1.3365135620745447
gene_1725,2.801089430085065,2.5866212145962817,2.2564169707255153,1.3609711980147936,1.5855258379440882,1.3861073276610543,9993.570643565805,2.104627118873099
gene_1726,1.6754932568253798,1.6482771396395288,1.3991524035107197,1.8790196091551188,1.3022990361840026,1.5934329302625838,1.6458506790670153,1.1791007908615354
gene_1727,2.371556061631429,1.4619595677858077,1.6155329043178113,1.6973640865648902,1.3685396054642982,2.795239028696318,72080.28261886783,1.293848307240166
gene_1728,1.7255221075332807,1.447984126530876,1.143767226458032,1.5386578973899658,1.6156940359775795,1.308788040769264,1.2289578052138466,1.319583621201889
gene_1729,1.2040193212252333,1.4858007578549424,1.3247709313145992,1.2881923962170736,2.1338057863000675,1.8735676498332878,1.600433935597035,1.5307834111501843
gene_1730,2.953473225831141,2.797519571539805,1.2561781354552535,1.079308127896089,2.634885981525221,2.8272852499054157,1.84461795111832,1.4858396424402143
gene_1731,6870.701970872312,1.9197523460142705,1.327771153684248,1.2700713212728727,8076.5480109408845,2.2533179951579285,1.4933146280306955,2.2427478800073177
gene_1732,1.3499668305038128,4.180228708900879,1.750639915894855,1.420397350165724,1.3668788088716342,1.9771311412064776,1.4529360262391082,1.2798127784808735
gene_1733,1.361774761645498,1.5586181547654958,1.8876581699861847,1.637747393155214,2.4313456099795525,7769.881958908979,2.111006666204026,2.296508610397213
gene_1734,1.535321689783457,2.0506171953025745,2.5096985703922767,1.6864933455142657,2.547995244967898,3.1338965992570262,1.401941239376023,1.3535575824280386
gene_1735,1.7467991755269887,13323.796481894175,1.824254915088598,2.5198136426685296,7187.488424890724,1.5358264696591037,1.6617205178377343,2.524472853878476
gene_1736,2.4426193084812113,1.7745694165726202,1.7333613987917582,1.962027135921161,11235.623296261836,2.944621023994089,12442.43829840729,2.2587073978785233
gene_1737,1.2686748087005384,1.3550402359941238,1.4429910755808668,1.4059757390240075,1.6429619430758682,1.3272617368072939,1.9681071595924549,1.2372385346407846
gene_1738,1.6146730064513966,1.431347007520867,1.241092131571656,1.31470618568312,1.3108564241578151,1.4762017133120267,1.3051470991722802,13947.647554441604
gene_1739,1.7848513519234985,11127.021322406199,1.8667392403661764,1.8876826486526337,1.7869283269304115,2.4518141379168212,2.4263773212508215,14237.637096187056
gene_1740,1.3218861927317695,1.6881076829972517,1.3128246180311132,1.311835227985748,1.608927505300639,1.2456081866246174,1.9191968059635003,1.5117278532011982
gene_1741,1.3619203950148233,1.4417882420526964,1.2238892039337226,1.4693743714298753,1.4594597787048553,1.4806092899455945,1.2329805017915383,1.2519422320491536
gene_1742,1.934718570000311,2.192584172388993,1.9517547385769658,1.9543994963245641,1.7375010915108304,2.4662612404722375,18775.181879423304,2.4912890821162224
gene_1743,1.2890293545721452,1.2466573827850866,1.2941219243127842,1.3071012334676553,1.2609463392163174,1.3008726527912415,1.0645374430945076,1.254290119866696
gene_1744,1.6393081337527282,1.3495885555082092,3.5572121515882413,1.1693715424849342,3.201609858716441,3.1188899272411477,1.5750365528530441,1.2620009251715705
gene_1745,4.126863104577118,1.4915459824411064,1.2271462978960201,1.8041118441976014,1.5073569745046473,1.645289531729084,1.5013416321538289,1.4096980944795763
gene_1746,6897.802942885649,2.1528219416049637,1.4877995610682673,1.7835927427482956,2.7317141945127306,1.9847447830371556,1.5692495694530322,1.258094541216611
gene_1747,1.5572249209112972,11992.827515001689,1.8437371908360733,15044.688066264116,2.0686007679455742,9698.464260144649,2.0942272312465153,1.740372244598652
gene_1748,1.7965118546289929,1.5614318844166757,1.1024961921871779,1.3860789472472685,1.8514760888121473,1.3084342846819275,1.2228839469043207,1.1411659688321387
gene_1749,2.4388903813091045,2.0264849954085653,1.909377477949195,1.2711748664271183,1.3701735306383063,1.5216947900087818,1.2162152991231565,2.6584400340877217
gene_1750,1.2617239989573572,1.6697227212983057,1.205299528098822,1.1944504441653747,1.357398964508106,1.605901750760962,1.3123028368158989,1.220127347352313
gene_1751,1.9293261924270289,2.1592081969920875,1.4509252437804534,1.2999263463367592,1.2581274668858218,1.2336750489562398,1.3248647700103322,1.4156285856959174
gene_1752,2.2212100714137675,1.4536434809577174,1.7197320104097822,2.0731898643001925,9041.314624686505,12017.33023021293,2.16093703170446,9638.393857503457
gene_1753,2.076156118013929,1.7243536708254332,2.0935510609635397,2.183161660969106,1.8458783588299572,2.2554471807635568,1.7663382178526983,1.5175103290993204
gene_1754,2.0140100338428346,1.6028867233117672,1.2841189898793433,1.155537392474593,2.252110509799523,11537.202279125446,1.2740740676765427,1.6962980678325295
gene_1755,1.4026309420246503,1.542189520423001,1.9432223940071562,1.157120713738601,1.3527562190847453,1.348979281898983,1.6276176658679873,1.378868873224255
gene_1756,1.6525504229816235,1.2034722522407064,1.5414173013351595,1.7998462599510265,3.0652643127022885,2.7804716047017557,1.2450476292499792,1.3111918292452482
gene_1757,1.7052663724855504,1.5777421060845904,1.314775737220619,1.2639090325522107,1.5818492017248083,1.38900462584585,1.4667717307536763,1.4205417195659893
gene_1758,2.6820443664242406,1.3015994639320683,1.5093459823006616,2.299920277053375,6893.532753455003,2.6596231016417113,2.0423575466552846,1.8805102958598356
gene_1759,8179.067759446346,1.7532025843400085,2.3885485831495075,1.629790463751677,1.8854391640355759,1.3540283579621533,2.3484077798981104,1.3884170879488917
gene_1760,1.6442940915467539,1.4462223491222108,1.8294164596526714,1.213798057787661,2.887917060212264,1.4285336186749336,1.3776299851525753,1.286070773819698
gene_1761,1.6045483021916696,1.6734543532093236,2.2674765784250557,2.028827841367242,1.4913950689676991,2.3360992690657993,1.1587523761451837,1.4135364454495305
gene_1762,1.4350307606764192,2.781070873964176,1.464771849866347,1.4772131147843033,1.577757287125836,1.6777167496587166,1.2990043457074223,2.428019255894059
gene_1763,2.4087663728461624,1.6201653171647779,1.1900988667722028,1.4796592029472762,1.9818086841659637,2.6083390335316854,2.169286396090435,1.6583159086119166
gene_1764,1.7275499325712185,1.6436848285276788,1.5726459419523695,1.4544010606481996,1.67569047022013,1.9320528778164308,1.8567053704451795,1.4188301579493636
gene_1765,1.54708066577432,1.301089117048467,1.3654574060696423,1.2219616393075683,1.4376923862561626,1.306679922572983,1.8605167420699373,1.9048764482116118
gene_1766,1.6091650763497996,2.1220815995516342,2.5762186551974837,2.1476567851759634,1.3864467419234983,2.8277009388952106,1.3594184600800148,2.0831557372637155
gene_1767,3.4069508129257327,1.4107263784223996,14589.335604851785,1.3926455017137767,2.0526122168927463,1.9571220875745137,2.154535790172306,11629.994991611418
gene_1768,1.5176327302760433,2.230763869818006,1.3614814518550087,1.2610142900662336,8445.837293085147,7630.459203017904,1.6101691163924179,1.7030157427045993
gene_1769,2.7191216016523376,3.1047528338841506,1.6432842972310577,1.4714665160983962,1.5643974344467677,1.503402980131928,1.2448194990738086,1.341037473206149
gene_1770,1.4375987655961522,1.424626901254959,1.8014331606888256,1.7471650273836494,1.2776971967236308,1.617201046758865,1.5098115648347392,1.2222545773256888
gene_1771,2.6016221261532086,1.5426031999035386,2.0678148970536747,1.378101136792282,1.2770862032282821,1.5902794003759,1.2671661546812718,2.1610665939320186
gene_1772,1.6535381576717798,1.4805496863442917,1.8868897232488213,1.5533098074656437,1.4676887109072474,1.5193300254624964,1.7594217870429254,2.837446649307738
gene_1773,2.445468697752773,1.823705024190314,1.7538836570483622,2.2425791753902504,9112.039719646036,1.4439891188399554,1.6634870228585399,1.7983098922166025
gene_1774,3.824643964422557,1.5840022220223637,2.0130959084932933,1.1864378430808773,1.4305341416428654,1.3922154799383444,1.4788120852900923,2.114287107403774
gene_1775,1.7970098051090357,2.3283236293736524,17446.314754125386,1.9559089696140766,2.4817628026802545,2.646960726108469,10269.358778945014,1.2435806325277015
gene_1776,2.0982781128136185,1.323504335191196,1.2241063153365108,1.1773218637411025,1.5741425914255287,1.289327824250262,1.3298802998635022,1.4725042854896389
gene_1777,3.4468677140890733,9568.916019056198,1.9112605881735187,1.5009626730621932,1.5110643489678646,1.1960690045372533,1.4359117005130504,1.4243483993978263
gene_1778,1.4341666873183476,1.692103294082145,1.1450718455270676,1.4121760100711251,1.6026849258757525,10167.41783029731,1.5284314006854045,1.416400859368035
gene_1779,1.582092033786921,7694.190610052468,10309.675639593443,1.4818958187810265,1.9822738178259116,1.4472386326033537,1.4889219222158891,1.4831450973483211
gene_1780,3.9437316781001917,1.592984811980309,1.1459853521511092,1.6030105289850547,1.2861171311894752,2.804659051990725,1.2533866686972652,1.3070606284199418
gene_1781,5602.878443502052,12831.74206099042,1.685489449110054,2.2082145379213447,2.3458098714518725,1.9695066031921955,1.7498709480622634,1.4392280139303872
gene_1782,1.8490798276749825,2.4763815499431536,1.9528133090044832,1.4050148214687903,2.0470851762711617,3.0452878101365872,10945.214621027291,1.5964339081739807
gene_1783,2.039796222773591,2.2321243865363916,2.050500862968202,13974.355181148896,1.4921252537430012,1.5450901230817997,1.9839090484132456,1.5020999771147248
gene_1784,1.4774755051733888,1.9382127932085893,1.5789347556758315,2.1054814055883146,1.4153331331329133,2.1441619490218793,1.4297882361865875,1.6659409338906281
gene_1785,2.997711089449866,1.689936278616316,1.3155421923253479,1.6637429752135589,2.809524641866128,2.0940570235187006,12115.72164684895,2.2656165878940207
gene_1786,1.369044965263759,1.8725027518006738,1.434631138137392,1.2678113088301028,1.7202402013302542,1.513747657902712,1.3311177310844422,1.4268949610988668
gene_1787,3.338933993118539,2.4141974014480096,17030.378685236235,1.5291108460465361,2.9496239630601804,3.2365753501451335,1.5212006611772209,2.4894348382859506
gene_1788,1.7528089272604745,1.715197449239624,1.4815626423820571,1.4392529098104965,1.6938119585838904,1.9088061932473934,1.449141807927015,1.491622132395379
gene_1789,1.4468334004427315,1.4706522394692658,1.3174558718349982,1.4606936111087894,2.6084568924940013,1.5893656650912542,2.107517649453763,1.5750664496310567
gene_1790,1.4667634091177368,8392.188255739313,1.9356092448588607,1.424391336877521,1.8239185685466046,2.8859254699390604,2.5370859814670603,2.0849289393924955
gene_1791,1.7961509188373899,1.4158469895489665,1.3650427712765076,1.709159349741441,1.7517884024727928,1.322166387813255,1.580229768758436,1.2653975680971228
gene_1792,1.5093975806789695,1.216437492919214,1.4099784926744785,1.1158495418600631,2.0358129802687643,1.2243220273144997,1.3924522139699564,1.37834438739811
gene_1793,1.5561938112398899,2.4532866580968613,1.7056920700584874,1.6402152909547019,3.636403295353191,1.5457547519056072,1.3543373446011562,1.3839660277349262
gene_1794,2.6378806598593187,9239.267115567342,14167.472351777951,1.4430489268340692,2.979587285070806,1.5827815901236069,1.5900582799333953,2.1857389718061895
gene_1795,1.887527334544509,1.4920542834725175,1.679032274288579,1.5840982326786304,7677.005084454861,1.6571949762083984,1.7281910211157447,1.3318987598290397
gene_1796,1.1681119382320289,1.7246749770631535,1.537147550708504,1.205728542943918,1.5907430990352478,1.263260747973495,1.950386298272411,2.55390937254657
gene_1797,1.2005826715582448,1.3871246914601645,1.4815961996071114,1.2862989101248035,1.9006504781002644,1.46857555314255,1.6014721138452364,1.4100199665953868
gene_1798,1.834218892744647,2.414441118673707,1.321313835339122,1.2980209188050158,1.5197803715352376,2.5337066840451103,1.9154367801986807,1.2561123496917013
gene_1799,1.738805330236453,1.6250012043936084,1.8311334475461922,2.4532627600949177,2.296872712961486,2.742107288578057,1.2525676435294317,1.6624254546566575
gene_1800,1.9043029735587953,1.5950440672416197,1.5358167356189287,1.9822545384102621,1.416674846143684,1.7629450039852625,1.6381490167228954,1.4567788410365832
gene_1801,2.4713324952583733,1.9093371775803907,1.8462503806663608,1.5170922388843566,3.082497822710451,1.4718575118648674,2.1275034189927293,14811.947348988744
gene_1802,1.506187997856205,3.470611881253933,1.4109022183015452,1.527107477474297,1.5749618082595267,1.3401913322723535,1.5264115003955117,1.3375799295025246
gene_1803,2.3332592455939585,1.5774918760764522,1.4662563064099963,1.4161450299245217,2.16761180267873,1.2517046845704527,1.4809075526105395,1.5040190463233547
gene_1804,2.042807142018268,1.701296029921312,1.8804382977071339,1.1856748320404724,2.0745406267213475,1.4621947404811828,1.6160529259302965,1.7285321905481383
gene_1805,1.458861178091775,1.9951897772562897,2.0693785563424614,1.2146374924753967,1.8121572314915515,1.4329685184784362,1.2647182258512757,1.232315952875335
gene_1806,1.8088419629046188,1.3680622250177488,1.2142496386258275,1.3650662128312023,1.2260332915528451,1.1983321297894396,1.599545248432862,1.2252932507818985
gene_1807,1.641855882303146,1.3887739610426992,1.2170683709625787,1.2500972879427354,1.6355702627483881,1.2003743859401241,1.1843800293071827,1.364426489633245
gene_1808,2.2803263101892646,1.6910663938665424,12594.44579839537,1.7160216306380878,1.794396979129626,1.7612717838376808,1.3528727967660568,1.6803797626401702
gene_1809,2.903848748780299,1.5094269918923438,1.2624477371636789,2.1399092627532,1.2737998673156212,1.4411963695646655,1.7848436948095632,1.7070991459696474
gene_1810,1.4638224679862875,1.9129834485912014,1.3749010197647722,1.3483003609816007,1.6885408581483439,1.3184672386092227,1.2030577334200332,2.16716428739587
gene_1811,2.066522766880802,2.338624336299333,14174.195107803107,1.8087156452310216,2.4842127033783954,1.495915591456739,1.5366768509940574,13054.779025007465
gene_1812,1.4900904706588811,1.3455385694251676,1.396156615115182,1.1562532337699276,1.5880164974351616,1.9661683668562402,3.7064965808375256,1.3663107888234562
gene_1813,1.8778615038846092,1.308245522724388,3.1278933743971984,1.4740526167620256,1.751622628846576,1.5872138638852833,2.1135805664489116,1.459303744199459
gene_1814,1.2481925591966672,1.6133110230944183,2.923452435381734,1.328171282636918,1.5155652791537033,1.5810285498095766,2.9529374819890397,2.199882930274268
gene_1815,1.4662990626004972,1.5366167109182185,1.3132582569562181,12275.12780661096,2.9509489645665545,1.4399225893907017,1.2660729644748547,1.5034987111980842
gene_1816,3.0703185496917538,1.7591392544675974,2.259971792430812,1.369330176000379,1.3890969215989444,1.3380779421793467,1.6524525264806504,1.605882598186407
gene_1817,1.4533518154239995,1.413578199693449,1.2822897050572668,1.5571393449370976,1.3316939504636567,1.5534238355077545,1.325540539046345,1.2904900451370145
gene_1818,2.185177068549219,2.434052034236532,11699.84574116887,1.240889493049753,2.10958476761036,9464.124664971336,1.4835948740860259,1.5006326726657064
gene_1819,1.8106034418012495,8169.107122356259,1.3238322057038003,1.6118205614464378,8090.043960663682,1.386736573701866,1.4339409522931243,1.3407346112294414
gene_1820,1.7024025833677026,1.270392564969715,2.7433033857105573,1.9320746782630658,1.6690918440832352,1.566917638308979,1.7853084404711435,3.47866411894625
gene_1821,5855.249158119798,2.1358353764759834,2.1151494220760934,1.6972778943988616,1.71997786611594,9045.46046002895,2.3438609942094475,14662.682272170798
gene_1822,1.509876218762925,1.2790062135347053,1.4216429598901195,1.4293372186129838,1.4486024280218803,1.4895202664210074,1.2327599159891027,1.4280641579352282
gene_1823,1.5391860350009319,1.7785883027399507,1.4098400265645095,1.6203324708481348,2.2292434323233636,2.558953957276874,2.799246274365115,1.8184513051257833
gene_1824,1.8525756681266956,4.164661716267492,1.5123458056370074,1.2767798968046828,2.1549133102621254,1.3019156920196222,1.391762124071285,2.76752413641837
gene_1825,2.529148326885728,2.0525326513690993,1.454644501091206,3.044906896327307,3.5033126965809935,2.9004748610011686,1.4597214103967406,1.6891774725536253
gene_1826,4.0620182413964905,1.4678736556909595,1.4810975885451856,1.690301291153082,2.6495487787404475,1.6854569412242486,2.3683706128525195,2.4640093444539097
gene_1827,1.2910615136021446,2.491975631693965,1.7522800685358961,2.489948567303451,1.9651159773449074,1.547548835248541,2.4643802954322576,1.7358803796380118
gene_1828,1.1395555724474176,1.317026169475978,1.1620432120039608,1.2196591422458019,1.197063989596262,1.3869844941296756,1.1829145748940455,1.16635501691618
gene_1829,1.177294879038844,1.6266735301336586,1.2074968306590117,1.229597639243031,1.2365409938152103,2.320824973164786,1.743693332959884,1.320825346213045
gene_1830,2.610024389046974,1.4725274072362975,1.554799900748962,2.2505873972855888,3.078737427718159,1.8604879097356775,1.6719070940117085,1.3956882539707207
gene_1831,2.5605143819228595,2.075546699811388,2.5486078408840878,2.0317622842683027,1.213346821786051,10448.048883678166,1.7961737610167927,1.8952898175081279
gene_1832,1.8593935578991785,1.2378964397726036,1.3521684718686826,1.4025664729458154,1.6578814121283425,1.3277938430499592,2.5877913704060673,2.7284539174943636
gene_1833,2.557507520123273,11217.470195728569,1.430424238114195,1.5973434374166449,1.4097831493445743,2.0676172080941977,1.242540187650717,2.8383258781550356
gene_1834,1.6743892541892063,1.951849171323979,1.8056961605338593,1.3654211815217636,2.010107084585487,1.7243032396729188,10095.551619148768,1.4810774158701898
gene_1835,2.887487905960959,2.600540012978269,1.4106718246116687,1.7242992545734646,1.3176254898350224,1.536718164320182,2.8235138376236995,1.2893561201474986
gene_1836,1.3002307746670905,1.5658924810595087,1.4010384639148197,1.8422914680955647,1.3962129789725533,2.1122338832900005,1.3952988312348897,1.3339264075116746
gene_1837,1.3919379501541183,1.4107343019174519,1.3514772522524168,1.3808212637748027,1.4492286071383955,1.4333361800271902,1.4953758304777112,1.2282886955708314
gene_1838,2.6347250581458637,1.3298242720514808,1.3633733290687235,1.210582747311095,2.7617481512931965,1.28985004219452,1.6588264750645172,1.4021126326226798
gene_1839,1.3831795054700606,1.4450452577989292,2.0939788356801783,1.250384261539445,1.5503538727654178,1.3773342389651524,1.2042579270632008,1.497815786564474
gene_1840,1.4032837498990556,1.2853004901271625,1.6370012589628926,1.7729348098584645,1.6926351877239934,1.842550110257127,1.2022495998908391,1.256639051986993
gene_1841,3.2869162781343486,3.6168068577860604,1.3459920820214628,1.9901647714811268,1.386262719698604,1.7033959613650314,2.7916468771569205,1.5327057159694863
gene_1842,1.2535267794549194,1.5722462485280202,1.3249900251198647,1.3125020425575697,1.4227817871986734,1.50819011542989,1.2142252043388693,1.0867707700406262
gene_1843,32485.620503788265,1.46895184292315,1.6854304098035398,1.821869453749811,2.9079537552324055,2.2642463763896368,11036.628113786977,2.096832684611825
gene_1844,1.2827430346319058,1.3613063540478916,1.1804471520444173,1.2146830480203463,1.3889242799428498,1.1648853234469354,1.6566673556721032,1.8220752235001736
gene_1845,8608.055227221856,10247.394995499977,10729.249462332202,2.106681129646076,2.399872907916264,1.2101871702797256,2.0006668088901916,1.5962564051946277
gene_1846,1.232218136852862,2.073046101051796,2.0371109752846066,1.3556118482165183,1.556303828004888,1.1811697331597868,1.3397615482963727,1.683892646015661
gene_1847,1.3888726115442331,1.3427371707137137,1.2394146120899405,1.2477393443017377,1.3296203316439645,2.2870928983800503,1.2874768202464075,1.2067769450562937
gene_1848,1.3036469424723065,1.2468104890093408,1.5068983150001685,1.5123881978590081,2.157902599170085,2.7678360825822512,1.1742606730256118,1.1986548622216298
gene_1849,1.2786949734297068,1.9298944448253283,10411.008664644294,2.290191752557608,1.6573021842763764,2.049123076922573,1.5880223988802384,1.2584786214315038
gene_1850,1.3678483221308517,1.3904629482734654,1.7709306068834831,1.2352034323160892,1.2629601560834132,1.5279877342099022,1.2393599217946336,1.2117087129464523
gene_1851,2.316115983212365,1.6408072578284822,2.0874499108509297,1.618625938045684,1.2630069049089663,3.2190220598746837,1.1441089896254555,1.4190822940235588
gene_1852,2.5916069802866404,3.0695424777578566,1.9288598430039605,1.4624849329242098,7039.257107292879,2.328575645027803,1.321802133589052,12113.293986965855
gene_1853,2.743632801982598,1.5988034798561035,11823.727003258526,12936.476218380281,1.3841676430373109,1.8938698499988214,2.966532780546489,13563.03943029463
gene_1854,2.622505891039805,1.5925525108691834,1.929708117701451,1.8608385839044186,2.674137466091148,1.9120029912789416,1.9051163134616915,1.4568057644917847
gene_1855,1.8634385546856038,1.486856776708167,2.6216178386071736,1.3278784635638698,1.2791938593366066,1.5409428324740977,1.3968208723124547,1.3393843802340564
gene_1856,1.5022310292522543,2.1697048788047284,1.4252013431264492,1.4784539348845303,1.6552925967916323,2.079591894018436,1.3096017472048407,2.03770365575875
gene_1857,1.3159335200069089,1.5552456398123353,1.407466251694511,1.7815937712811076,2.004969628014015,1.4462548654399745,1.369259212231622,1.2171491626561761
gene_1858,3.5662238355801277,2.3409750252165673,2.2211041652130836,2.70594143020107,1.6712791862534795,1.6242059490426162,1.7692790543128258,1.4431860194966013
gene_1859,1.3204976078512751,1.471141147912156,2.173240623018455,1.1574279029336634,1.4374640175187656,1.5040752839313778,1.2205147373001095,1.509447117682218
gene_1860,2.7844171167914,2.051877552440133,1.4898636297483288,1.845262499352961,1.9201208597696522,1.670986297433272,1.8955216660910048,1.7498836786567549
gene_1861,2.0003162112367305,2.6718524178608773,1.7768208343801117,2.0223865273445236,2.4070894768085584,11578.067020561148,1.8057637313761226,1.1427341499935988
gene_1862,1.9214547138259648,2.243571002057855,8974.987765871447,1.471556262779517,2.6258575116897536,1.7762133710729864,1.3591161299526238,2.9925012494032357
gene_1863,1.6437177850452616,1.306237439710115,1.2330873065952792,2.12999909039929,1.8808834160140147,2.714699592606217,2.212179587649365,2.1709295071734394
gene_1864,1.3764466301700655,1.6075183821816812,1.2014466422289891,1.1674212553594863,1.2932969057499573,1.6706632658851217,1.7870163291146197,1.381254280844103
gene_1865,2.1396908471197067,1.5833712771158988,1.4413722469002879,3.0954950328974995,2.5159447593319544,2.632325851858195,2.1436075438032853,1.7367638459976644
gene_1866,38634.56359576556,2.572132175478666,1.905170406310537,14274.019026159967,1.8508175953480197,1.3013737543863746,1.9219944058918317,13382.061247021476
gene_1867,1.479660653155906,3.0316705773380916,2.7487654192424125,11990.169603615002,5040.931426122394,8486.302987877023,1.3289280955234397,1.4486850827815534
gene_1868,8202.62511591249,1.3092297071647858,1.779269989168434,1.4314222448439007,8768.014912609748,2.2935569255232022,2.804154029743628,15135.82848167553
gene_1869,1.3115929266616373,1.3812976814744113,1.321482979459283,2.829461939160073,1.5074976549440497,1.5280271289790186,1.8087522334938373,1.3882700679398379
gene_1870,1.9179599965290215,1.263118263817779,1.6390127150942537,3.0970564888384713,1.7096000198059425,2.0979154448735837,1.379741832060538,1.6447392868309698
gene_1871,2.6353772346113273,2.1467930080762465,9917.427847869807,15069.905446978488,1.5331358623889582,1.9607314021694098,1.332104074014562,1.9523171597046773
gene_1872,3.5633475451386682,1.7878848529088172,1.3675576789515855,1.4912540491440336,3.7834770019055455,2.488544403998962,1.6401359051593907,1.4263103433771012
gene_1873,1.2844221407698635,1.6767406314490687,1.396733361832596,1.6831735481696113,1.361995073930017,1.6299379454549185,1.596317094149872,1.7846323007921134
gene_1874,1.7666028626632007,2.4506168326556805,2.231182866799993,1.7632223374527063,1.2662810658004942,35003.90341643323,1.5144738527602903,1.7478734289635711
gene_1875,1.502757037004788,1.76797074206589,1.4284124760723464,1.18169517475934,1.5213464793915294,1.7305893797957734,1.2710698225161412,14042.994407828064
gene_1876,1.8703439651104012,1.1925342826065024,1.7093510254704898,2.1749589864812884,1.4699425823102164,1.1503521407740864,1.2704285798880055,1.2207291933424427
gene_1877,2.355607779316513,10817.911170129746,1.8121078596269888,1.8795037228804408,2.6318826506878037,2.273655246218796,1.7144745644243935,1.9106199030665694
gene_1878,3.442240751363726,2.625525606790197,2.914843875700545,1.4160167404489479,1.375049713796207,1.4584569366734508,1.6243854881031523,1.5765613241792735
gene_1879,3.5157614098219874,5918.281408521446,9343.978524380902,1.5208306950955666,8265.327130769385,2.268553936902775,2.1820753926988545,17061.544162490478
gene_1880,1.3174436527114348,1.2907810430360784,1.4398995696445294,1.214594044598349,1.8190016281131565,1.5971833474352948,1.4510253010498424,1.194150318447375
gene_1881,2.1080597090765485,2.0138271072339315,13804.693003543074,2.393312989159367,1.4939584111507493,1.9805567201339236,1.3911739109392987,1.5862122142229254
gene_1882,36362.50342645275,11185.068835529417,83247.16855963647,12655.518261674719,6575.680104714165,2.8352020236032103,2.300957772322855,2.004739467192272
gene_1883,1.3923279646030071,1.8536978199752592,2.0720608614917735,1.5774747504866455,1.5152492698706483,2.3717404605113845,2.546205553134574,2.0325817582971566
gene_1884,1.2887382029490968,2.848492872416322,1.4912938220650898,1.1652059341386252,1.291575896898129,2.204143631191338,1.303558946643362,1.3647188589623847
gene_1885,1.8014407754776756,1.3122202447528748,1.1940826339122719,1.2359850319067829,1.8497653781916366,1.387459067319966,1.8572689238534865,1.9702271803635214
gene_1886,1.665525049532195,16786.78383967209,11505.8102717574,1.7051711051650564,8438.299803852828,1.1961086757021238,1.9870794438223869,16535.778697381193
gene_1887,1.5122621470176303,1.627907981701458,1.3958905116733082,1.226392808734891,1.5574580182464357,1.5401538359908118,1.2575484511125603,1.2254044319643858
gene_1888,1.2205843689045028,1.6568892992675084,1.2443925313502686,1.7795879624487048,1.7034639435416714,1.4851056824730289,1.6114196329751667,1.5765709912485977
gene_1889,1.288912086423913,10394.930647215137,16811.066534399368,1.7677570285436244,2.1871653405975184,2.0660770309386542,1.8741649886425094,1.2971960897921468
gene_1890,1.443186145184911,1.7012572092466367,1.2598005877221436,1.3967690275787397,1.7953926917128453,1.1354247367760533,1.540294903252174,1.4957160368763598
gene_1891,2.5147647822360546,1.839209441362818,1.181616427670563,1.5944244289712017,1.6476543561763317,1.1546557447439196,1.3672171029634135,1.4880406516098834
gene_1892,1.8691938276446824,2.8811673359396486,1.4705475180171916,1.6274487669309161,1.3874734958462647,2.3350336472268323,1.3787886143261654,1.2119150183392853
gene_1893,1.9247363744631798,1.4559429207905283,1.1865251465765128,1.506590901961434,1.2587392092698588,1.5747281026351585,1.5660623707147852,1.4600869264722411
gene_1894,1.2476894540144845,2.258477558093037,1.3005805200537546,1.2111923804513973,1.8107349312473007,2.208974011777093,1.851373657580264,1.473480391785839
gene_1895,7526.758520944243,2.03828191937688,2.9821208873099323,3.4015007925354923,1.2046005616431368,1.661665988540959,1.1316518005017708,1.616675570900811
gene_1896,1.8584719362441326,1.7209442500173335,1.3827672650650409,1.9513077413278261,2.332777914952207,1.338589713128915,1.2921250639651072,1.313925111324335
gene_1897,1.5342846527077243,1.2033019108568992,3.551702063877585,2.0942695227668127,1.6079197961267673,1.3848969793176842,1.6340832036182333,1.2014581970902194
gene_1898,1.400223920748093,1.6304393063776919,1.6286837041335858,1.536078992490934,1.7616288883545963,1.5944393004263033,1.5778961826109283,1.9841132675426012
gene_1899,2.712026768729593,2.9504247560251935,1.7952664980239932,1.5270932390760896,1.3382952774456172,2.243864916257385,1.3238475414844355,1.6655682766929876
gene_1900,1.3628156054916003,1.552628912882006,1.3886381557004261,1.2275880140735043,1.5055684495989654,2.5047913402786177,1.5777192661895074,1.428769671647471
gene_1901,1.418478091308821,1.377685380856491,2.4927183948853444,1.284450917604879,1.645444302303731,1.7415132816436525,1.4860907349544226,1.9974160832902164
gene_1902,1.4824201674123019,1.5038453119895405,1.656186779764564,1.193046930375882,1.8299613560427672,1.5636961676886005,2.2258255122150485,1.5306838390705073
gene_1903,1.4891400578786866,1.4080645474053264,1.399878785168909,1.295897385064,1.6432608345429156,2.1181345114238748,1.326056747904559,1.5348758926689459
gene_1904,2.0772741950740707,2.0188690283073423,13208.21547784648,1.7647710608921183,1.5635294708176302,10992.000257084923,2.157091887572907,11994.448596427574
gene_1905,1.6601862477520692,7732.563782615703,1.2961849129469272,17461.974159675592,33183.538464543155,1.7541846309316265,14185.988647205526,1.5259527173682192
gene_1906,1.5447513627141558,1.60224079696657,2.5801019492530375,14118.30627345253,1.3092257973039265,8914.596668425827,1.4160783940844401,1.8347712287614413
gene_1907,1.5226555362576213,2.483123625763585,1.5862230243699034,2.021781454347289,3.4016823797764526,1.5121723985068831,1.3225712739730096,1.5626992277415743
gene_1908,1.5345487724796008,1.3794717214630818,1.230495850212588,1.2887042257275263,1.1863925991736557,1.5129444888616743,1.5465489920745306,1.3788869383424225
gene_1909,1.6210815825059282,6101.312021391456,2.655340523301872,14393.09023506002,2.8998224780636837,7527.545358789319,1.96177140614179,1.9634063228422007
gene_1910,7847.246041567407,2.232467661172786,2.1540852003214597,1.9018180922197887,1.641757889369612,39449.39560319212,1.9395978207507825,1.5863080666716127
gene_1911,3.4094208410803617,2.357525212250177,2.1140559374188044,2.1437005964790448,1.4043548193789037,8467.20175900631,2.9858578759671213,2.1798454509897587
gene_1912,1.4029554705410554,2.316609824305899,1.565598794587371,1.540232954985567,3.517580927878828,2.025850826845688,1.4173276837495659,1.4104651470935905
gene_1913,1.8164528545560246,2.992601539119328,1.9351419504988006,1.458494510708274,1.7928055744301086,2.603158172244032,1.4811507530491124,1.6793321235606153
gene_1914,1.9660388254870522,1.1928745453657383,1.603942486527328,1.4219748143912663,1.6644520304934816,1.5147484868577532,1.3443966192845096,1.180713811765529
gene_1915,7563.299257299667,2.2438523406539037,11557.112615075077,2.2193640353483146,8383.827999882895,2.4388437373583827,2.0896462923304067,1.7297929607607925
gene_1916,1.3530286971293044,1.3716729580005158,1.1761101207120639,1.1631342832660434,1.5586557385904771,1.41608618397164,1.2712619879135612,1.1475443128887826
gene_1917,2.5658804579593264,2.700691244144448,1.2778024438371398,1.4588181005745657,3.4421774485611323,2.45713189013209,1.5523860323993257,2.2397697990560905
gene_1918,3.4145257424474726,3.5129588120338426,1.3321006703605751,1.2577236036481203,2.3491800216755303,1.5850271754972003,1.43625175987079,2.019235790427987
gene_1919,1.5783957727853406,1.8518275190663172,1.2170246399283082,1.7784925885802925,1.3205906150996782,1.3185293682924744,2.860769356086355,1.3761629645734124
gene_1920,1.848125920707316,1.8534858297193713,1.541811089957731,2.1138745342601215,1.9844822862975766,1.5211073496324927,1.8167752079137052,1.7540721867322124
gene_1921,8966.61430202188,2.938432329894756,2.054430192625614,2.2852568687066257,2.891135402803204,2.778517092565362,13911.148453176489,2.1292866461333415
gene_1922,1.5609716296977236,3.5224634412444544,1.595539890829057,1.8109000817068468,1.407492153757765,1.4017091838713636,1.1450151762186576,1.3932779959714048
gene_1923,1.362075787557581,2.6295080741056363,2.6159751417614334,1.9921531997549773,1.6869769338824794,1.3302693676441113,1.1073502115899283,1.4828949063086814
gene_1924,1.6387449788777662,2.5212504218772653,12246.402588813575,2.3014819781904,2.9465963696979762,1.6722900997511752,1.3308514053136316,1.3290793710125925
gene_1925,6037.17159528723,8019.098473806613,11721.694825838305,2.499407524390834,1.445526423004068,7871.128900787737,1.9824395044599394,1.1681751952754245
gene_1926,1.274531311362684,1.5744193361995835,1.821672380929478,1.4226057285536313,7158.949071539496,1.241486098071927,1.1462095067371092,1.3114743557324406
gene_1927,1.3567084153392601,1.4714472612357496,1.2807711884077297,1.4738400310773148,1.1206764996389915,2.268199203387548,1.5891522481934133,1.2600664056642576
gene_1928,1.9305179681634717,2.132764051351078,1.955403508738664,2.3996035719864652,1.9744154079406238,9297.154698048269,11663.558734665978,1.882318321573294
gene_1929,2.3776369765511247,1.74941738525515,1.2854801837301622,2.8600170878832176,2.3334155873469165,2.490627920125941,1.9815123418007115,2.0044169759991655
gene_1930,1.9703170312653593,2.0271516138852426,1.3933722965990192,1.6541119682859131,1.602609936997406,1.5865736810495674,1.3879707397540113,1.5672401700779002
gene_1931,1.5277191980431508,1.3078941534747595,1.3249221177517188,1.75830322947584,1.477867315101002,3.091097141476786,1.3653278626484568,1.5446381908415732
gene_1932,1.219655908017717,1.5962049011243316,1.8021579711532685,2.0390109696830825,2.925009065309135,1.7390428793099066,1.5470680182247158,1.352606454749063
gene_1933,1.5314919468719208,1.4160119210801163,1.5269246979820745,2.126528190235978,1.6524173677629008,2.367560924883011,1.3658046960782793,1.557916621013861
gene_1934,1.3909431322640518,1.6209869389633622,11847.865836068137,2.279257350825965,8622.331887857676,26601.453485992264,1.6840142037780792,1.4318636956712536
gene_1935,1.764642349908141,1.7142352073474414,3.330584104786952,1.4454069761117936,2.130196442449358,1.627537267960889,2.7860996563695126,1.7426697189589502
gene_1936,1.4374889991110065,1.5057550711673877,1.5748783415717351,1.3224864594269825,1.4391259785085777,1.5408044035058313,1.9868160240839574,1.2121795456587119
gene_1937,1.4582714337158382,1.9032479341225275,1.2545654913300173,1.2697801258921597,1.9128938273451424,2.1419789059029424,2.5508186196861735,1.1436782436639585
gene_1938,1.889565329843344,1.9089028309207867,1.3785209489756323,1.3503618427073962,1.7157795724260374,1.594422844491146,1.5254068556731084,1.2025012600111897
gene_1939,1.5623642880754753,1.3683126255558011,1.3620700213140575,1.2896100752161919,1.4311538047454246,1.5704706161128847,1.284127482868343,1.2801394635292935
gene_1940,1.1965827628080248,1.7414411832183698,2.1652629003109936,1.3913904511430069,1.5081269528090036,1.6670990396682213,1.773045105513371,2.5919913363585025
gene_1941,1.6566179963379108,2.6284388085821635,1.755903727097174,1.2145951458998814,1.464882585042335,1.419330532113247,1.7476744839082519,1.430411001354264
gene_1942,1.834817441274476,1.5710063983654157,1.3669021784733237,1.3677701967999774,1.2746240904905566,1.262413144129929,1.2410323311537208,1.3443833178636295
gene_1943,2.4214391889438835,1.9746069352437468,1.5501255776743952,17455.864159977857,2.6049394352397996,2.2566730846710676,1.8472496473339737,1.7574676467054402
gene_1944,1.318381251191683,1.8293677272739843,1.325013002540207,1.1798975525909026,1.346457243867573,1.9385959534422783,1.6058924841491036,1.2815715606466247
gene_1945,7877.020655543015,2.177318373017592,1.3544768130012244,1.9390048581853105,1.249964733085389,1.4507733811374004,1.259731574375084,1.4131185802748298
gene_1946,2.924678493036204,2.7274328104359804,1.9339659831028297,1.8826653696599889,2.783992709106242,2.3971795835261807,1.4265254222176367,15175.094796600237
gene_1947,1.4080086697383802,1.498431885867934,1.579238889334199,1.2843091372564661,1.154234174795329,1.2963850339227936,1.3254885988536977,1.598586992901311
gene_1948,1.7716002471864642,1.7353564161908708,1.5685560127916351,1.3438653973298194,1.5979357363281126,1.3742718876404179,1.7658715845374,1.279582816967104
gene_1949,2.038393238679071,1.4757470373605799,1.9789663541362934,1.5538673131155325,1.5936211447356954,1.6525583243098885,1.682813618076437,1.31327128196459
gene_1950,4894.90026310828,2.6121474789861594,1.4085746553254608,1.44566219256356,2.9919741201444308,3.0122728451036154,2.151096169907535,1.7476027381758505
gene_1951,1.6586619241336484,3.0750727349517804,1.645096776108904,1.357067753197021,1.3749309790165656,1.8428061234951083,2.4163237168184657,1.5909898611652273
gene_1952,1.449617738312191,1.4778959596439873,1.4234902785782688,1.189596816698603,1.1780298606782718,1.8151065690014911,1.2324699093406504,1.6083540898752504
gene_1953,1.2257887324550487,1.6310341920499443,1.1675874646115088,1.4459309823164384,1.4049791096640067,1.5246511568270058,1.2537304079346165,1.5615254660365907
gene_1954,8084.062197401105,1.4732976413629444,1.5223621969249983,1.5332495788178218,3.513232884193533,1.748524914005306,1.4844451329345205,1.4639240442398604
gene_1955,1.2156632628031492,1.197679528495438,1.3763539225413808,1.2295807085678037,1.834219324462531,2.1061079260882947,1.364007045195609,1.2925925120789308
gene_1956,1.3655216005911337,1.618274925589607,1.5532746327957614,1.2924692183923299,1.8858089272955525,1.8611618217339705,1.4466523351319547,1.3805969395315123
gene_1957,2.712428886108388,8473.076289275581,1.5978865314416582,2.194805262833443,1.5704904399814614,1.544660108196723,2.0904615153915507,1.5941155790373085
gene_1958,1.6941860430623221,1.9474045716922974,1.5577954528010698,1.5333575815275358,1.6318271717352928,1.6639909326755784,1.7860525469268231,2.3468194209277984
gene_1959,1.5489960595403107,1.3544759634553634,1.4459726587525041,1.2463872384461483,1.841557120397737,2.605671101915286,1.265545294509842,1.6745497086694414
gene_1960,1.873721738732121,2.4043120449890387,1.567371721300054,1.1762602453777307,1.7944552968573693,1.1721892067663529,2.388614086233406,1.751201134978048
gene_1961,1.597475108230233,3.325173612144061,1.5525451969875743,1.365266983816331,1.3900640468196739,1.5293108111427636,1.7293869527603098,1.7238460604622607
gene_1962,2.0353543538961336,1.4192774495066216,1.891319192378361,1.219959327478731,1.3908129706679926,1.326120605298054,2.7702099181167084,1.255579066202821
gene_1963,1.6346858816326262,2.1773300757885456,1.6508160049702532,1.9313704657257456,1.3779656315124265,1.3997230335805781,1.4974332349808657,1.2135003782189866
gene_1964,1.2969866382309927,1.2904849704539476,1.9834390850751817,2.206438344197161,2.3811755815335034,10092.301364399822,12171.617742373879,2.5950332127233127
gene_1965,2.264570878354346,2.4612454414622444,2.1175819545836196,2.997862010560882,1.8754708013660726,1.5803223164458946,1.3894281011603262,2.4014067164781223
gene_1966,1.7167056871708322,1.6171354500377235,1.4823274761212342,1.7112083496609278,1.4642695145420122,1.1754918704471848,1.3469095480739064,1.5196137809553776
gene_1967,1.7897985076019158,1.8420740503274566,1.6026334939067226,1.8420551601281099,2.6060907176819366,2.1512650817809993,1.6588384654971546,53509.23669550584
gene_1968,2.1400086033868204,2.454197218196242,1.3835129242932143,1.5294401315477717,1.6396294451962474,1.4666385868398915,1.1865364148541375,1.188121028462731
gene_1969,1.4489275002986821,1.4010827967842119,1.4787558931427083,1.1326477098800491,1.538021635737927,1.4782115996568503,1.2268215734526946,1.1271865557715781
gene_1970,3.5861550063873016,2.646799921929912,10502.542311979518,1.6315400382383187,1.4789131886952214,1.4771897016998567,1.5059528818729524,34063.96496979843
gene_1971,1.6405157822293321,1.350654912040434,1.7405020298997853,1.511251855192047,1.1231618911152594,1.7321698069712799,1.4301727084098348,10769.710670608309
gene_1972,1.3535653025748562,1.6648049774809677,1.3852455014618748,1.8891383003674305,2.5627763354798443,1.7784021029401804,1.3817136070259657,1.3454244361314116
gene_1973,1.4060493596352166,1.1571842430593935,1.3531878102533037,1.1377302196603283,1.1243632754830983,1.5206638815806839,1.2579095495982884,1.34828907674474
gene_1974,1.2130902083654007,1.2869055770575684,1.9701945616543455,2.301999781914217,1.5643448200925574,12366.850996608742,2.3830700673970173,1.7018971898028115
gene_1975,1.2371051830021675,1.4329868437319173,1.2730527804168488,1.578426628632028,1.9375802364248695,1.4609697014378142,1.5638879818862323,1.1537710121194327
gene_1976,1.521150221226178,1.435100267193128,1.438304482392634,14996.88217554448,1.297370872892004,1.8807486396846378,1.3435773808084361,1.7075846379895168
gene_1977,1.708708542450779,2.162254397232852,1.2415097361588254,2.093059396485439,2.627692189881138,1.6760079959872831,1.4848578552242921,1.9989575890809963
gene_1978,2.872781559822081,1.389082996023951,2.4968785971274303,1.4016951385301029,1.2962269206925001,1.4238424923130666,1.3845157368193801,1.5699729585896234
gene_1979,1.1742665502869418,1.640823396704348,1.8773900157518908,1.2821309838408956,2.2923783294583027,1.8893927048348953,1.4064034418910651,1.351839261439188
gene_1980,1.2763301636106146,3.235389830816944,1.6278349042585576,2.7120071219839335,1.432025526291491,9196.071716671186,1.6313636074305744,1.6725035487535924
gene_1981,6135.74102169811,2.514543925788503,2.6315240066954355,2.103309871688018,2.5708152535216433,2.642768927760152,1.7878416152936074,1.2815837982594465
gene_1982,8170.257104712442,3.179067015298903,1.9410919469117989,1.325245653859087,2.5771328216888,1.8203841127685203,2.134182187882105,2.379166428347131
gene_1983,2.912491901380459,4635.664094593908,1.7052954228550752,2.0238337540700004,2.62551264014504,2.6505842616705437,2.0927058746103033,1.531199864262951
gene_1984,1.5046880487806424,1.3983373384969284,1.3660437708200786,1.4977831340062426,2.045098950514156,1.5740676927371857,1.361909923241917,2.8206963363903825
gene_1985,1.3841125455612184,1.664778584422182,1.599245352321877,1.629596873288523,1.3541481857052642,1.4928244889772047,1.5729936073562698,1.4347906622092064
gene_1986,1.7010708055643455,1.4929983293622575,1.3653411279085912,1.607414841252152,2.139217147094637,1.3985372575960031,1.8404922260824177,1.6088385190982635
gene_1987,1.882619823510832,1.5862848029394514,1.4910053621635782,1.3086159797940435,1.7890954912924695,1.309557929573918,1.6754727579655984,1.5395988643072156
gene_1988,6430.754435282827,1.7174018270441214,2.357821219310639,1.331209834238495,1.6936822655772408,2.5768472824014372,1.9052839416383078,1.7412051432571602
gene_1989,2.272147866295371,1.3563864373296735,1.6509724213320855,2.238396480319885,2.890276937702552,1.9862167832036084,1.3834802819319334,1.6074202809158555
gene_1990,2.218894157349507,2.3762618615987727,1.7830198398661214,1.451451645541983,3.186210806126542,1.5283991375792403,1.583337598890861,1.6762184174887111
gene_1991,2.304629334399863,1.8582327109243815,2.634158294402031,2.151304285018353,2.4319120331075226,1.711720405182036,2.1897827178728417,1.5531221211051853
gene_1992,3.0790355115864476,2.4420905076626758,1.4280518432921312,1.4030291833710726,3.5007750285150805,2.373556003299822,2.244966638253459,1.6840781631285382
gene_1993,2.092847351175091,2.176214911911323,10767.650521743992,2.0349615120749567,8309.069442105694,2.288117446210068,1.6573912253901004,1.6300529101805599
gene_1994,2.551956770687911,2.054888740860978,2.2614072167480814,2.141667510296248,2.5778506408613335,9993.183293944796,11759.84832801337,13030.130884369748
gene_1995,1.7066814309183018,3.5506098471674603,1.8854272834409214,1.683847467485891,1.2144859984364955,1.464608320372513,1.7324660517841917,1.6107064296652631
gene_1996,2.233931414004172,1.4221821526714882,1.6698490151724648,1.6265231502347697,1.5872307960473038,1.6547314145605392,2.3154285067040052,1.1222484414924312
gene_1997,1.2235520184137996,1.674460330823523,1.6984762074944861,2.1862085417512103,2.1284765973069706,1.843501064948682,2.2093841425502903,1.7652203189402944
gene_1998,1.4939213820340356,2.7705154562192464,2.769368140645789,2.6813345671749875,1.832297349606638,2.288994995582166,1.4110174961193989,2.2140660950715203
gene_1999,1.9863593854787274,1.2230603734891763,2.2062247994308963,1.945297164935193,1.9059922369382074,1.6633768250713634,1.680399086460364,1.225150512838693
gene_2000,1.2971857206347883,1.1872644418118712,2.1661697407765668,1.212282376241036,1.3962575226053835,1.3273955856141573,1.3037580878673627,2.4177077532456934
gene_2001,1.4659260434758552,1.7234515468044322,1.708173425852284,1.3596316242856854,1.6592588521193161,3.1996662450388063,1.4489836696174658,1.648241007573282
gene_2002,1.3512022927575542,1.6359970330998947,2.6410972935818275,3.0156639015638804,1.5542081724974777,1.4829008443510072,1.6765781842819782,1.6737231383951328
gene_2003,1.9471349307280714,1.4595310479981483,1.7862420248113378,1.3685610417066973,6051.459960490471,1.4933987951478944,1.6455307020522192,2.2406438085441835
gene_2004,2.4444701547982257,1.9595999006655203,1.33057279444897,2.1621975185122326,2.0807313675596415,8190.187017951514,1.727703989314682,1.2655440932593223
gene_2005,1.333900667373458,2.435671215121787,1.2566845797820194,1.5481101435547677,1.6363596436239043,1.1775825709778414,1.337495868322024,1.5230358532499444
gene_2006,1.6896732485651764,2.002466178370266,1.584047429012501,1.6847351768319536,1.3246508620888346,1.4825972968916747,1.7576492469241034,1.6081709650843934
gene_2007,3.018380997148477,2.0224652771049985,1.4140137826422932,2.3252574318665835,2.3516582114928206,1.3550624887577507,1.2036244546707116,2.043158427310815
gene_2008,1.6827344360780994,2.242040747269709,1.6394958491448486,1.2899250289222886,1.6836669360184837,2.2130927785469487,1.8811788232472706,1.314229962127632
gene_2009,1.6265405427072912,1.5647616207687813,2.5515970190692503,1.340581961051651,1.3677350123604235,1.8189806030704867,1.7065705138646954,2.435505490898433
gene_2010,3.657431706615952,1.9560922352262287,1.5664229296556413,1.451661065282935,1.7763527283620266,1.3187906051890284,1.7020902128748288,2.156362214730734
gene_2011,3.7987778331910533,1.8616796333199837,1.6013040042459996,1.9462092353820581,1.2933160652654239,2.7117106446685018,1.5060827351600217,1.2356233852761909
gene_2012,1.3549417190154154,1.3733561736391064,1.3547492673377914,1.1988353058303913,1.2918243945916386,1.2388567862307007,1.2596728692140757,1.242163296694452
gene_2013,1.354429827506459,1.730717890442639,1.7097741687478585,2.389602511603716,1.7744273817566203,2.474704559848966,1.4870756401941536,2.0269998221001715
gene_2014,1.2577834241075543,1.512917927977741,1.8446004170826171,1.8286526487434314,1.8879445023803567,2.6717827071209745,2.646798631238437,2.263932231827057
gene_2015,1.3566810820077133,1.3444634436653948,1.1403694551059396,1.6890544660211577,2.0679013820607532,1.5451064762432833,1.2539945685391403,1.9651233265127004
gene_2016,1.6128679717419152,2.9897392304159296,1.612135485286254,1.3250661994458812,1.7050468694630594,1.6368910982669804,1.9253143064435767,1.289644022682376
gene_2017,2.2489221089546643,1.3200208444281107,1.1749487973825858,1.2955306143232832,1.9820478938894577,1.166952331695576,2.01344607266504,1.4826005082602551
gene_2018,1.6238020310102659,1.5599397402755901,1.4522253777449416,14474.663487848713,1.828319099675892,1.83848009459073,1.8077003515110064,13126.291325093078
gene_2019,1.3180077148362825,2.368272579526821,1.6758976888694375,1.5143568113204693,1.9681777257595792,2.178333181891827,1.4048348925845513,1.415738048410558
gene_2020,1.8297280472018151,1.4050781389535603,1.4072127451685787,1.747244049223574,1.3704805913063194,1.754232449221117,2.4816247961588975,1.3413176233138129
gene_2021,1.537445647521688,1.1740629938810234,1.8052694219978684,1.1489168189268768,2.0272340479210658,3.4515076472974426,1.2087032235116448,2.214932815018649
gene_2022,2.0169067287645204,1.4618685190676437,1.288238033741143,1.2249146239540583,1.3057412195481202,1.485687749049227,1.3989734922431412,3.669240116745455
gene_2023,2.1440401536540636,2.009207847760982,1.2414319565527356,1.1876584003909636,1.8044064897193621,1.2727767621306645,1.291748544957393,1.4887647726422728
gene_2024,1.4528531791102346,1.5012296443643192,1.448887870368786,2.2635411218250545,1.6985019709121536,1.629399577492871,1.6877651590336695,1.391451365612709
gene_2025,2.463255151716506,2.4631947177077014,7535.459687719032,2.4086672084434113,3.229819850058177,1.644198123785608,13042.340601980295,1.5324902853521916
gene_2026,1.2183772860604658,1.4363890028951554,1.4138303492980024,1.207609462798823,1.4660584300286184,1.3150238371392826,1.1501882936438754,1.1697753107338635
gene_2027,1.9642524122655676,1.7659003364079495,10940.134022179021,1.2124850631192405,1.52631239946395,2.811635417089996,2.607053130078943,1.666333182721633
gene_2028,1.9240249863303531,1.1944727625771416,1.3529410203245622,1.3054276087114502,1.2692366126100163,2.5288160763752137,1.2482362366729074,2.0012913361396856
gene_2029,2.0476436296678346,3.0369345321748207,2.3379343344227883,1.335857411240924,1.7755353352254897,1.4569445261249898,1.235011475417702,1.6220254140262957
gene_2030,1.3630848783103904,1.3523515295131803,1.7639775969859586,1.6524710690148372,2.057825618584194,1.2517016263284033,1.9417857290220981,1.7346673436417728
gene_2031,1.7265143861978522,2.543000623758121,1.1688958358037254,1.7407046700141486,1.6686771751584952,1.2630287124821469,1.3954431326844452,1.3062040332341842
gene_2032,1.7141012372439692,1.465068851080775,2.910890293795735,2.6964554545562684,2.290738597734158,1.3126638756921276,1.224341922521705,1.8271707164780169
gene_2033,1.3619673080781218,1.3288802151776617,1.4461294141401804,1.2934177888861358,1.3183690015932308,1.3552115020107192,1.3093822283648608,1.2059507518371422
gene_2034,1.4066084552628684,1.296754266519258,1.3757338789216154,2.641645676715294,2.038024990861392,1.411309323274391,2.05902215339324,1.7092041213699973
gene_2035,3.511541547294409,1.4573074121573928,1.2866166727712134,1.6712089374091028,1.5064561846174318,1.5631405356963028,2.756225373089826,1.9798885157692525
gene_2036,2.1353516327443613,1.3891315830108697,2.657400176330123,1.5264384322626143,7232.89157455072,2.255782759588319,3.246947394766264,1.5928385667585083
gene_2037,1.3956086534774477,1.2221771922098978,1.1909293151134523,1.129824798507527,1.3822633173639638,1.5105406602098226,1.350638991994834,1.5414890281837064
gene_2038,1.6764629626294114,1.7184527474856666,1.779744122960569,1.1794462121054856,2.1046592875986074,2.2024415398181594,1.3318577804672358,1.4733680756789096
gene_2039,2.313811410711394,1.431675343206397,1.5252201952506148,2.3278689728153497,1.2740776758417096,1.3594827923443067,2.4982177276528,1.4471993200855486
gene_2040,8363.359424599601,10426.16315747346,13301.147225550636,1.8531208111262998,2.9111739847070615,1.8111325716823814,1.9908375618466199,2.13996853167711
gene_2041,9633.819025710642,2.177329522616007,1.5392322626863144,1.2478743359011744,1.600841796120335,2.2950526897086143,1.2529441730786588,2.0286069778597606
gene_2042,2.8613948688689685,1.7395112645549136,16310.268938242425,1.8835881336447884,2.5198302769054224,2.148591416048492,1.7047383924400588,2.074342169889221
gene_2043,3.469692900798647,1.813196711564369,2.364155933515358,17261.76456336809,1.870706996406772,2.0882304539793335,2.431820285210757,2.211442413097807
gene_2044,3.2290588129068514,1.9767892559590639,2.1849353028427387,1.4045145149709708,1.4928247931385525,1.2867248401463878,2.0915756563603534,2.1159119513270475
gene_2045,1.3992675840630435,1.7232389389433433,1.569872114152271,1.2933190554950136,1.5272271593756008,1.3263341387681,1.1245495302545099,1.3167055586992247
gene_2046,1.367696560509315,1.1887459812605252,1.4708244732273563,15252.554186264231,1.7097586163183367,1.8846552212320058,1.4670218954251228,1.4888920968828387
gene_2047,1.849820409936772,1.3634709644035612,1.253398161452813,1.309151033285112,1.731407687818432,1.553444591871682,1.2820767901631611,1.2248417864006844
gene_2048,3.3037939419414246,2.485670444206921,1.4747939440254272,1.648126315687079,1.8010983198587296,1.5086496350859,1.755833972318285,2.6154918798923457
gene_2049,1.6576469016735016,8456.041457535475,1.3721495166795636,1.655353346944686,1.840390657505824,1.7040918415470767,2.109079860112204,17870.244895573396
gene_2050,1.7071036345743482,1.500679977041924,2.126584945713124,14699.358621985473,32596.75368039709,1.6542012202187613,1.7563012531032482,1.3649481970366113
gene_2051,1.444765942011019,1.5195180302751052,1.4088118225963466,1.412413894019147,1.8895514826916187,1.3261838342964642,2.6931710153864583,1.3286998018746004
gene_2052,1.3539737564259373,1.8637406136744044,1.4516032184998138,11240.202352887836,3.8688480481158294,1.6683062890710254,11999.976041052825,1.3434521360430036
gene_2053,3.2534358728924175,2.9080805598208572,1.464131088134996,1.4620496434836838,1.4172609087247525,1.9175527697047103,1.4837446602318753,1.5305631316259207
gene_2054,2.3016809653709354,1.1862223904295397,1.6295601758395282,1.421272202087746,1.3901911152859763,1.388649892238164,1.2093723073702156,1.8238457122243779
gene_2055,2.786717524320799,1.8744203301958315,2.139375109629743,1.4581551504906778,2.8569994129145795,2.3223710255201535,1.5052910144086555,1.6728656277168927
gene_2056,1.292211116909144,1.4461313758377454,1.4029574137122585,1.2356160496186173,1.683692734150341,1.6159802104018668,1.3876585736536877,1.988519297005725
gene_2057,1.2399350608416382,2.798719460256723,14636.000702919657,2.0512513233285765,1.8550804919623896,2.5371434229786893,2.8412960995140986,1.729893819657385
gene_2058,2.5325668248209596,11950.657255915545,2.2536705473453558,11392.824052252054,2.5481087583998248,1.5844639629132864,14093.782246023957,2.376411735883627
gene_2059,1.7688897390662703,1.2575754900401581,1.433933747327277,1.8274378431437077,1.5993469060308318,1.4841887465632284,1.591449098263337,2.1704406927007227
gene_2060,1.9225158882043607,2.1069317192442987,1.5837285441686173,1.2851094982334035,1.3994887408476238,1.3378883809989737,1.3209607754887955,1.2942475320395967
gene_2061,1.3347029281013232,1.9506992237619845,1.6234733030391777,1.293525299853775,1.5532145160821484,7455.741889093895,1.58587382932854,1.2182290404770402
gene_2062,5897.120625697847,1.7879339208312357,2.0378056642496287,2.6563287816238375,1.5894369792473444,9254.531845978601,2.3296228893488515,13274.609302377074
gene_2063,2.6416620625816325,1.3583043316968082,1.233583635340816,1.3379920485765797,1.4216688497819148,1.339387050657053,1.2358860450002376,1.8230110864221314
gene_2064,1.1809909337485949,1.447924572415845,1.3157308869074278,1.3584901154563578,1.586728748272385,1.5084255436549343,1.2972524606586093,1.4452647098766989
gene_2065,1.8236903344881024,1.4085684511852548,1.4546091295077024,1.5894908160959373,2.1396425036394877,2.133015934222731,1.312554075269981,2.028514110281971
gene_2066,1.7742868517789057,9624.112176147433,1.3742297027114028,1.2989312255685934,1.753533583651654,1.2889496705747314,2.321980603438673,1.6926770971470844
gene_2067,1.2270072906345646,1.329653441749564,1.233854969473931,1.2343995731050759,1.3246964209768695,1.3457813998250534,1.1170115082663863,1.113772868918616
gene_2068,1.904341829454101,1.7377495181136922,17461.134206485392,2.473787602750068,1.5942455538214577,1.8816028123064883,1.7862118855413156,1.9443395055271901
gene_2069,3.285192346044458,2.041969517347051,1.8374396905827888,1.640586028035935,4872.614960448451,2.4549186066803186,1.6525646077535125,1.7275423315213803
gene_2070,1.368580597904817,1.4767860050231847,1.5859188726940545,1.8301669288494276,1.3670023349971858,1.3788031321475447,1.4305557985475412,1.1990856315450826
gene_2071,1.4992918036100973,1.7633443424814776,1.7910869874441067,11683.161848725582,3.0924034854506157,1.748535416525283,1.6262563125085292,1.455170552979229
gene_2072,1.229532198150152,2.018791016809873,2.792436325373947,1.3503582901771092,3.684887081746446,1.6175349206402234,1.3910368330946938,1.2588735205568995
gene_2073,1.7533613168860203,1.6017519908157225,2.936376846522528,13572.21647251755,2.0864328633176763,1.27375214530253,2.5647624634856876,1.9406395436131363
gene_2074,1.839570734417788,1.8460854016767982,1.5403277525325034,12245.897448413603,1.3978834374416365,1.3931134839328783,1.9130817146838177,1.3832937493101285
gene_2075,3.428172910041605,1.8803008076932886,1.9321531534712826,1.6140272466339918,1.6818191913832334,3.2483349167757223,2.2529909050967545,1.4906276480798755
gene_2076,3.113795538466704,1.6014031733778271,1.541808469787619,1.4998307786686067,3.0445875831686138,1.8410321781630898,2.8121773870685005,2.11910280131539
gene_2077,1.6338506207014523,1.3692381546053738,2.528781035490352,1.3004922957508884,1.1371026314117174,3.671441152971524,1.3035302102370667,1.7162505269401251
gene_2078,1.2477691246455909,1.1619459178724363,1.9039184676663348,1.3385013394210103,1.3922835659910366,1.2606606156421183,1.1719445322268145,1.1631572909289432
gene_2079,2.065500990515548,1.854187642100348,1.1541102208187444,1.6825966836997845,1.3031926803048026,2.5201247022672564,1.7989173410896906,19176.25789122508
gene_2080,1.6038236241354762,1.8333600405383552,1.6868994945009084,2.905400399717626,1.8767988501182864,1.4313493863193838,1.5010697374855118,1.5153282687268836
gene_2081,1.78914201982793,1.2040936025571742,1.323755539862908,1.459703533176307,1.8475189713806268,1.2278458983543532,15448.212909306556,15522.097311489353
gene_2082,1.4573817560738107,1.7044129718873982,1.312882921707063,2.541890209674814,2.889144562665073,1.251238648830086,2.0532887584279895,2.2643841500377304
gene_2083,1.700504319398995,1.5597118281091649,1.5909334092903509,1.2790583212489721,1.4473986154151746,1.7168335804070431,1.3726208473589956,1.3839615634909885
gene_2084,1.8635440790891094,1.2217383921814662,1.7919970324665049,2.3528167037344003,2.284856336835774,3.0492617910841933,1.8744352634285493,1.4488637956604757
gene_2085,1.269112057088399,1.3222081835091133,1.2057508982700658,1.2535994120892837,1.2371070946556721,1.2118107520426546,1.2151142451222037,1.4017579811730843
gene_2086,7634.82439619627,1.6555051939031566,13473.157288644466,1.9340501895915807,6111.603878413816,50908.91336773274,1.7612276630182893,1.4066469026258825
gene_2087,2.709897353784064,1.6118697489562754,14618.440796109922,1.7430068147898985,5518.108552321953,8873.616253835877,1.9335672702152638,1.532366990804787
gene_2088,1.5964863632876474,2.285874394784133,2.2105533661062844,1.6959685249085932,1.9352040120187313,1.855903048013243,2.69821185687254,2.6400356864077765
gene_2089,1.4042490047426617,1.5317526772433694,1.3026387342240844,1.4973622257689112,1.4665319341991632,1.3229198797253086,1.474864752005081,1.4637785862511057
gene_2090,1.8550112486012669,1.4644525583761414,1.3308144845341836,1.4060661244929613,1.1297839052765684,1.4701153401087825,1.4775311731720546,1.1017288001480752
gene_2091,8158.993366258615,3.3470326542197855,1.8305101926112899,2.8096761689256646,1.3856059152957751,2.773992143228211,1.906123829414333,2.096196490118791
gene_2092,1.7272472640822714,1.791009189660301,1.5694575161207729,1.6801032851835116,1.5413858942337015,1.3278301713095688,1.5216413658951213,2.2988613191874285
gene_2093,2.307341210305077,2.529502166915601,2.4107536377381837,1.4865985746421675,2.2804392456002605,2.1048024118922917,2.044220935808045,1.1953955272952608
gene_2094,1.5245469168604726,1.5378738315913958,1.5285393205821929,1.261767457556476,1.3612774720391343,1.277903365244444,1.3229406635099952,1.6260592603928394
gene_2095,1.6642309748117647,1.7844345211896953,1.6220348155143502,1.2058031144006254,2.002699698876076,1.6183534571330473,1.3313052026849868,1.282358487724285
gene_2096,1.384921290050342,1.4037363978006483,12929.640828530917,1.2176296602151029,1.4907229304668135,1.4666885744641411,1.4842670761722299,1.3981559700775241
gene_2097,1.316865203671751,2.1470267327313826,12767.38215104072,1.349636967800845,2.162680415657059,1.3102502330629748,1.4173290176312425,1.5475202165309954
gene_2098,1.701010828145989,1.4485272542725334,1.3229775989738826,1.6409295478308439,2.0137148700648515,1.3371944328990688,1.5634968593373724,1.2292705965139445
gene_2099,2.8741801764352424,1.8316830248394478,1.4411449186919207,1.4023882695657477,2.7834444022389335,1.242497970297738,1.2035980101791766,1.3617006938257883
gene_2100,1.8063257882384276,1.3621704572640256,1.3385433142428178,12630.639730663524,2.9421716893247276,1.484121859518418,1.506389609946971,69606.42911226266
gene_2101,1.1528602413330136,1.1382383020457303,1.4693873722342972,1.186136905291935,1.4601151025208545,1.444191835097951,1.8887595330268558,1.239508593512556
gene_2102,1.3277169763053958,3.670283264274593,1.3997042932199548,1.1852501044430588,2.3149647946080645,1.5532031514877718,1.691744375688658,1.177539246021213
gene_2103,1.5569329782233883,1.552892555533556,1.5036583052840693,1.2695952729535804,1.9472016478251966,1.6743096200719934,1.8967125042464232,1.4241513140293067
gene_2104,2.943821248679554,1.5683692778024938,1.7836197019732778,2.4815004680359554,2.345104473318582,1.9442570811437645,1.3753714717854901,1.5150282326221487
gene_2105,5959.236459154563,1.72048505063108,2.122089785765612,3.107402484293466,6910.597465662298,2.122542703647791,1.6090998044754785,43798.10526033734
gene_2106,1.413211984725241,1.7767232242560793,1.1220139142296042,1.7153455800873139,1.115393879990589,1.3201821732808605,2.2285593801346475,1.2537490943476148
gene_2107,1.7893954730237065,1.2697269079245617,1.9650433994151728,1.3353889336748008,1.5837060379425254,6693.275785943308,1.323215387826093,1.6621440700102046
gene_2108,9210.19399729846,1.8853862613438388,1.8638751133979636,12134.336571280655,1.6637519658555802,1.539168734301482,1.868993874507186,1.1601570714526672
gene_2109,1.4155208038685247,1.4052834284797153,1.5100307270737436,1.2529738750282318,2.652696272088724,1.2770903824810522,1.5492495673469686,1.3396546872621156
gene_2110,1.5089374315975643,1.7254975465303175,1.5551965999044173,1.1948351977832328,1.3081067054342685,1.1432702961888601,1.5697121883248137,1.6651428192389865
gene_2111,1.5631095215293955,1.354939925164164,1.0768044626124271,1.184711866683908,1.1957417132896548,1.4487702879755424,1.3353046228110887,1.3498369729671766
gene_2112,1.391311300122568,1.7082936334145822,1.315950990731498,2.397799563414233,1.655552824676588,2.17929068398634,1.9125374183738768,1.5643253207188506
gene_2113,1.385115176794825,1.2786580068930051,1.499226418038346,1.930733857605232,1.644044269144003,2.7403301862601177,1.7033432256011636,1.4818245356747402
gene_2114,1.3716573223880977,1.3189859280699345,1.6004579312058367,1.5065983807714467,1.2784809985012993,1.4378323854752868,1.3163399276122931,1.1172708416129151
gene_2115,1.2036057208456141,2.980935610263223,1.8881440436421129,1.428892236413094,2.7604567070164525,1.8229417903165253,14215.580463091419,1.7589614253137573
gene_2116,1.2622042429255356,1.349325771164735,1.2158668642740735,1.198006625575077,1.2560353732224294,1.3328152229442254,1.2916287319097912,1.0583021026104986
gene_2117,1.42597400921707,1.597122989933331,1.1894638933389463,1.7735955894077966,1.513388020213237,1.244585107074915,1.2566895170273675,2.148706236623237
gene_2118,1.7000950055090964,1.2107301971058289,1.3117889912574887,1.2393860124840357,1.2310115540732993,1.258908425364531,1.7481714035064218,1.5279315616129494
gene_2119,1.3769569303204212,1.5290810534952666,1.6021226508133821,1.2512992990078082,1.282526793126975,1.570873349097586,1.6767390162245537,1.258626689916172
gene_2120,1.2816451175615395,1.7495622378262692,1.4969421032740293,1.2617518780401686,2.925671741561454,1.5670913524130528,1.8833878208609218,1.3231701641104388
gene_2121,1.7581557960935714,1.4256799923105856,1.2848171564378443,1.300630528191739,8179.998499500735,1.8518299515025058,2.1330070662870466,1.8753018053918042
gene_2122,2.9200238774037244,2.0033552692075034,1.695079516183953,1.9030826014712827,1.487348809254016,8662.169599263203,2.2208246567221153,1.7366649913339982
gene_2123,1.2920025193734932,1.57902566903954,2.4003911259457626,1.7685818401727835,1.2807877077459975,1.7557156087512082,1.4034298418317264,1.6390112234637773
gene_2124,1.254737919887834,1.3353493567647512,2.588370124892073,1.232588200531921,2.1939641112302612,1.4440256388749515,1.194132767253309,1.3433740744470621
gene_2125,1.5568180616146587,1.4725902227921934,2.2042666538288946,1.505223547658845,1.3691235155397967,1.5887648120166595,1.684466803059057,1.847320463901452
gene_2126,1.6476588138370667,1.3450351542419114,1.253607432140731,1.091334600067757,1.4335325800881928,1.3100000075317058,1.3853379370764223,1.3719094433444068
gene_2127,1.9125362109944304,13008.168635396947,1.4649979180087722,1.6957141650975958,2.3388488141944044,14624.085533294525,11052.48973902966,10109.062378676232
gene_2128,1.6020525671155106,1.2959797866507698,1.4653341210321864,1.5151772388134332,2.2187910515255735,1.457914967395413,1.4079493354808161,1.2496910086873585
gene_2129,1.6391310363358793,1.2649175501611776,1.2632346966876575,1.3918259567776214,1.4131847909904531,1.189347611869268,1.2034610391973901,1.4597624266473441
gene_2130,1.5306110551467207,1.8881156295587833,1.1401369112129207,1.6288125415275037,3.906529024152501,2.0794177580828466,1.5896344462239012,2.069056714546346
gene_2131,5630.494513241314,1.764182578699989,1.8269940018725201,13638.733241806276,2.244493747645785,10889.67790719639,1.9683366883248592,2.2730577077742193
gene_2132,3.093943301152743,2.1484818366622753,1.3034679023159768,2.3225799544128884,2.0895634192259056,1.9482983591807204,1.5741400536118546,1.3895953976165911
gene_2133,1.5290679235146736,1.7322479765578138,1.6131546589329113,1.609757112843288,2.822949505892517,1.2797559969748218,1.9123241572255019,1.4446903163288738
gene_2134,5303.548052078608,2.568264790382726,1.256566718975802,10805.741176984959,1.8986759635015922,1.9255569105611283,2.029773663768832,1.6827462770731334
gene_2135,5634.934796585271,2.102458361036056,1.5651370554965702,18561.3062333467,6304.098824288789,2.632973304951026,1.472652785140092,1.9383220633489537
gene_2136,1.1884449455841808,1.2205036805372202,1.6580033394261644,1.110479564807915,1.3115976069246753,1.5582964201255216,1.100214254840315,1.1351208459752173
gene_2137,1.1577622200595212,1.239622359664631,2.4577705424778378,1.455101610934694,9512.386012121924,2.4879235499245715,1.6965569837248962,1.5024315128369528
gene_2138,2.5897737363334032,1.5457347292026204,1.739671915420747,1.688057519666001,2.379540089838409,1.7489952603165786,2.3690878684933994,1.6959555435034632
gene_2139,1.1235870503080192,1.548494053075322,1.2948827663260591,2.101613888802592,2.6276209006623343,1.7125115185925417,1.494745277492751,1.7302240105653657
gene_2140,1.4975405353854896,1.1733457849390188,1.227254829304843,1.2141356694602268,1.4073639687191493,1.9177911176880862,1.3506071480578317,1.6963345371110463
gene_2141,1.285017930786529,3.162321963724825,1.5888376574985072,1.370092755478447,1.385323734068454,1.3278256515695934,2.329691425127892,1.295166904365224
gene_2142,2.268588344860249,3.1366470739179566,8573.446041699723,1.455158111719546,10203.521771288522,2.1177433284428164,1.325300939904928,2.2262643884978957
gene_2143,2.4893275820304175,2.0109115700071953,1.3759281622723756,1.1594079680028782,1.3910303520782348,2.4254830112346117,2.3430532734704776,1.2000845453880251
gene_2144,1.518226127403565,1.4408305445915524,1.3915147071286658,1.7836345899681318,1.1788184986271018,1.4114411212462978,1.5317427760753282,1.1624400848069605
gene_2145,3.5560710473527273,1.4115166911430665,1.4071728740380824,1.6383332803615172,1.2979827579770173,1.7262281068882541,2.1295468608270567,1.7243544183364108
gene_2146,1.2268254079946095,1.8297954456677776,1.420087531331621,1.2362859739850653,1.4667596537101215,1.2463513857845212,1.6303044309528427,1.846954891472572
gene_2147,1.3993889767286063,1.206854532809069,2.536995455116635,1.553120502902191,1.2436614418037788,1.6889054091705555,1.7057925457436183,1.191071343450781
gene_2148,1.6384755443417125,1.9307529146075142,1.352855463307147,1.7640152645851757,1.2139165751887837,1.1315985638715693,1.2507268108994498,1.202565969910281
gene_2149,1.43799537435143,1.7381917491925551,1.8432449765516494,1.542712572171351,1.709415935465833,1.708022439108805,1.5159858256258956,1.2114994351816755
gene_2150,2.034615130894573,1.380093910275909,1.2644186605949694,1.9873752262518531,1.547151415692516,2.0118147544728937,2.0257282352622,1.3293393936093654
gene_2151,1.190862179236967,1.1845572016737522,1.3911702586187968,1.277026040924506,1.8411167157224066,1.3050041814413997,1.5158157267922112,1.7095304694620272
gene_2152,1.4226686911471866,1.5533949879067923,12347.480122635528,11867.45394009329,1.5446209264385438,2.2361558891333897,2.0882741848660324,2.3784058639207513
gene_2153,1.6031212387911649,9467.107872714203,2.1927270665009115,1.6784776633101361,8659.92628819006,5377.609520140617,77109.04717794563,1.9391441281625843
gene_2154,2.907103235139052,1.8972862926310599,2.0942362099572436,1.3695720592192788,6837.756322015036,2.6108382104551158,1.2833117317423037,1.6799550261727538
gene_2155,1.649287103665571,2.0200346567253087,1.1554854999499329,1.664421413522787,1.7335125235515225,2.532972597006146,1.6991129414514152,1.4144400490258904
gene_2156,1.901870614191197,1.8612593817303915,2.2535601416368705,1.5020150709569975,2.329729700952854,2.7544416315737905,2.3095541706273046,1.4952633032344673
gene_2157,2.114894704982399,1.6070828470285492,2.186862742707078,14943.85458545329,1.976663421813834,2.6929398600443832,13309.418060856011,1.8490470380885613
gene_2158,1.5442601495016206,1.6134249148777133,1.5684129989674132,1.3039585982662787,1.5860524629657873,1.6486689733821576,1.234229673724642,1.330438828603593
gene_2159,1.8435699723677867,1.5484534883442356,1.4012963919805044,14738.404074256674,2.6559574675206186,1.3166077186642624,1.197685555570026,1.4275909493797887
gene_2160,1.972022601889537,1.450370358676747,1.5993141335633372,1.1531509994300717,2.4166577738775628,2.88980395886634,1.5096323314763187,1.5395326378094667
gene_2161,1.7903306293220038,3.2357203460676316,11606.960202754597,1.5729063975390665,3801.438141536448,1.8114621637152903,1.8627668254709928,14218.42499707429
gene_2162,1.385740486427135,2.435453198836086,2.17772216998764,1.4286140799605065,2.8078973591307173,2.4261916655868982,2.076440687608743,1.340553571879898
gene_2163,3.0720652674941147,1.8953202353680272,1.5327240236403685,2.359746883258223,1.734046374032688,2.417049644926104,1.8784409074863853,78197.69178931158
gene_2164,1.8776817510799855,1.29665495645545,1.8974770744632046,1.651627457556754,2.7039887900836646,1.630860666955506,1.3303628730809294,2.8040485461903275
gene_2165,1.466812191170376,1.3821053928137332,1.353267505723823,1.444511226251819,1.7665883981659092,1.31722473217299,1.2253902520852085,1.5857742476728154
gene_2166,1.9240852888451956,1.436378455191582,1.3985765007157887,1.2355458347360957,1.5546817890342615,1.3145045164131903,1.3231155384258038,1.510954323104422
gene_2167,1.4978336558817447,1.4539730728646862,1.6870466165864055,1.6205771415034567,2.3305635003978318,3.085171458158275,10800.916684372125,1.3211551461683537
gene_2168,1.5814041487765451,1.2343277521704132,1.2416648067944542,1.885651605355957,1.569223155843587,1.183679626342494,1.5247646545790456,1.2510065328734017
gene_2169,1.4088644706961901,3.2622886787090115,1.8155576869276608,1.4224805274410355,4.062278970242448,1.3910065134407492,3.2749399464009255,1.6550938021090793
gene_2170,5929.770916637198,1.2444381681968268,1.3434709143574126,1.9942212432634732,1.8895258890133273,1.7827738687784003,1.9555539335232313,1.7587161012245554
gene_2171,1.6255051589302376,3.1194167152680623,1.764257347596839,1.824745586533626,1.2032391272003025,1.7092663955506509,1.4421484260798496,1.4137467497115532
gene_2172,2.1542039588963084,2.2648255740506316,2.314226148192999,1.6488786776211872,2.0333715803392884,2.6075971388017893,14952.958446108196,2.4833576151222174
gene_2173,1.5818934861021814,1.5333368414662407,1.3788641605281513,1.4313628295825493,3.3448914862083114,2.941493331805619,1.7210815813016733,1.6918482989658004
gene_2174,2.041795611448493,7840.282767592097,2.5558460589828633,1.9979896184224168,2.618768335446894,9023.870106306755,1.7259812047201926,2.01218946844312
gene_2175,1.4935958658410582,1.334763197895905,1.3674146051963512,1.502012511470864,1.4344017904718775,2.6755236284573325,1.2807927032433306,1.602377204955101
gene_2176,1.3788950239769588,1.821315530127857,1.5483451709654124,1.3149634993167705,1.6312387103162078,1.9017551242029513,1.4298280938682104,1.7856256971207003
gene_2177,1.8689485537366777,2.452390249077517,1.7309893595628716,12334.976824531599,1.8207207346308862,2.3982335910845776,1.502502170115528,2.100571093969002
gene_2178,1.8859649826830753,1.777575348160601,2.501384738243275,14290.249503724834,1.7869928924193816,2.68375414627401,1.4001767774685716,1.3523961715385893
gene_2179,2.010398940612377,1.7398332703682688,1.4418950215635125,1.3471567707574312,1.444489741499146,11730.357456773962,1.7952665105963344,1.8756910245225726
gene_2180,1.4673699012384147,1.3446913155938645,1.3124588310380698,1.2525699780686945,1.2724935448071597,1.7047560547758647,1.6737576838050343,1.5134753391217834
gene_2181,1.831235739078228,2.7140366940085956,2.1133665147730722,1.9574950141269765,6925.835823928513,10339.382426967139,1.5615510670280244,1.836257280274099
gene_2182,1.6676775690152505,11469.76437230022,2.36081726248281,1.8873133356930547,1.6422942374411251,1.6080246304578418,1.3049740568634367,1.4401241286388353
gene_2183,2.5106348453007623,1.560011510784673,1.3383299965138509,2.1789713402912017,2.780719509002869,10417.790255527143,13954.734511534349,2.3703301645409254
gene_2184,1.421285186761735,1.180436482707178,1.493554379834076,1.3755304100287746,1.6092034776745634,1.4225221938791608,2.559237478000527,1.6209931768096244
gene_2185,1.5444660140258955,1.3154306560798323,1.3187490843414604,1.8579395414558058,3.9386063948676884,1.3456115945963332,1.237013846811517,1.3259342946053725
gene_2186,2.707337515097375,2.9714597630575983,2.077425821883525,9516.771317119536,2.012685342480366,2.07414981461187,2.1170783724917963,13773.070109693635
gene_2187,1.9013065877244493,2.4352291346458688,1.3601763790729775,1.738603200070437,2.2486533269061,2.4978019083707905,1.4636526484379828,12937.126450217758
gene_2188,1.593650134542685,2.5253739694671973,2.189879651539426,1.2638116391403758,2.8729920671365776,2.3430795734781262,1.2859927368383361,16647.616087821014
gene_2189,1.2948396194142116,1.2878966719768212,1.356403554888583,1.3711941245186838,1.3348499309691166,1.3547531628704053,1.9488666233546574,1.3112855181973215
gene_2190,1.6809498153454647,1.6564241590710247,1.5311209271774886,1.2703010387261449,1.7435789757799565,3.0381453283961704,1.434905828647362,1.451205069127401
gene_2191,1.113752633443031,1.9144578490195172,1.4406713562130509,1.515590047554546,1.3378667789734202,2.381920561252097,1.3178501450004372,1.4474567321591083
gene_2192,1.418983770794042,1.4329121283558262,13435.210754626238,2.173182763787981,1.4546272676814,2.1935824607079946,1.4592654107910077,2.514552270744494
gene_2193,1.739361525236208,1.4330186450295868,1.5210422891104722,1.4017568374381677,1.7472617863284376,10155.655344455761,1.35373275385758,1.8834893362045633
gene_2194,4952.583302230641,11471.46929539546,2.950943713499588,1.9408645762477519,2.6040231587759846,1.6361473423264437,1.192680962047036,1.558995500027614
gene_2195,7623.886316474241,2.4104993083762736,3.0508824670022667,1.5643610090002993,1.3454479699754356,1.5240481941120412,1.4534056069852272,1.4609183964372459
gene_2196,1.9488859311480131,1.5612037503268708,2.0934748519923176,2.3173423393917023,3.5638877547766548,2.333261067301289,1.8307265674885242,2.3290398356207413
gene_2197,1.5605769326954497,1.2887764991054074,2.5702452701157426,1.594383537325817,1.5627710034947786,2.4826817847267573,1.8808982110139723,2.2349597540500303
gene_2198,1.7580775656011118,1.232639596524321,1.5349001676038867,1.4159555225625686,2.598830182913123,7678.133830933823,2.3631549320948295,1.4288290646591089
gene_2199,1.6514351096989341,1.4564079749591814,1.2460481116378737,1.1456539441218716,2.095041718687752,2.755978884163236,1.5165012546482466,1.3763243909105165
gene_2200,2.165152577259794,8497.290175090231,13471.132323242144,13112.12045899009,8545.000739344609,9234.510923003183,1.6336192684255435,1.3114755036431596
gene_2201,3.610108085259229,1.4622360482604928,1.4456455247762006,57525.20709365964,1.802489830816447,1.919057388676888,1.8928196901457415,2.267959413150831
gene_2202,1.7490947449622196,1.4807916160421737,2.9378889321970347,1.413487447048401,1.3780584560969795,10601.400010397576,1.6454325551704942,1.3618062310933507
gene_2203,7090.999756024194,1.4081594423442267,1.8990956020619927,2.5163542880218217,1.3540030014652158,1.838729708692699,1.4867892624732424,2.377749239945751
gene_2204,2.9056082868103537,2.5479657880480735,3.116824833911805,15531.753636010992,2.2406668714317255,7808.537716432816,2.174248310708065,13016.927660909867
gene_2205,1.2543744518983342,2.4943363161303513,1.3865999946417682,1.332266272255261,1.7880732178901042,1.599469748859787,1.5157885184132136,1.4378996551868908
gene_2206,8798.50605272562,12220.488169276146,1.8526137144713513,17136.63692004298,1.6736825132418127,2.783744487556314,1.771761003346614,2.0240732466975677
gene_2207,1.1700697729053469,1.6041619309411455,1.8000612070358017,1.202422456826421,1.6479543306132243,2.5694663063047627,1.2347357367513634,1.3303643528025682
gene_2208,1.5123356419859748,1.4179268105029135,1.195369769199059,1.3912776991836477,2.08016544103045,2.1369557455278603,2.502778895293685,1.3405162299499191
gene_2209,1.6305119030936241,1.3531113647760782,1.2271832789661643,1.2931455397763092,1.3851238807440704,1.6249906303218582,1.2010480460520228,1.2664259053527958
gene_2210,1.484240147992965,1.477208283523152,1.7609399609820475,2.41341434224572,1.712641070344266,10640.742138338901,1.4009315295351212,1.2484541267988987
gene_2211,2.8964915847579755,1.2554253804417275,1.7087944393268208,15803.627818172743,1.726111227725562,2.2599157706829054,1.4884859103107293,15012.191941599021
gene_2212,1.357489816378886,1.2448581857626713,1.4955871850066793,1.3703302019266028,1.5783772469126485,1.490914867913948,1.2668850177749276,1.605386358352218
gene_2213,1.2852344092872918,1.5356556278373164,1.5172357470555393,1.411267516517747,1.6263725465191956,2.087013702287544,1.7832366780169615,1.4468831065961247
gene_2214,1.2945306640526075,1.2820247884446794,1.7973770575885426,1.3279356552948762,1.190150108408047,1.7066415709063676,1.3524706856851891,1.2298679871524434
gene_2215,1.319939051799052,1.3905212330709127,1.3081932727028438,1.775293948869595,1.3472958416091467,1.3882184857832611,1.2685585921427405,1.140948569920552
gene_2216,2.629332209621695,1.709286398252664,1.7388321667545277,1.2870880223272887,1.3901102157920135,1.8015518121206768,1.8736909324910636,1.4027466966152653
gene_2217,1.2702489136893127,2.251638615824633,1.4699154303907456,1.7346442547589092,2.689577286796249,10646.101045850985,2.0933152190485176,1.4515423542169368
gene_2218,3.306974067304985,1.4906245870113977,1.560640852178019,1.938778311838269,1.7087036202203725,2.8562453935542442,1.4889187815474796,2.0880259924512257
gene_2219,1.2055391450207826,1.8136324851621164,1.317259907942034,1.629499297677062,2.173099769735632,2.069068731797948,1.5661285501427982,1.4514039107286925
gene_2220,1.3178413070479387,1.4220199763948482,2.1001253409198153,1.8813684939144721,1.500498730906607,2.2840073157628233,1.6544632031521842,2.3669789919150706
gene_2221,1.6422019003688313,2.0986632294521668,1.76653833864028,1.6049787725038944,2.163332214695008,1.8717374508637301,1.3961257653719827,1.7601322217844184
gene_2222,2.364719434862803,1.2629752666734426,1.2612962299067199,1.8167797434624398,2.2731163206912948,1.428301911340524,1.3661284653216816,1.2639901272545204
gene_2223,1.2716901065110924,1.4184786521331343,1.4458403853710553,1.435832299604494,1.237299472304609,1.6682934438803063,1.694067289633467,1.1897421670557256
gene_2224,1.2746577181732106,1.8568109747756207,1.2025705248758247,1.2238146113984558,1.195409692791771,1.2080795210172977,1.4996218931561542,1.4576207033974546
gene_2225,2.0910685814724386,1.4504260868731236,2.0517586181382064,1.2125922202307908,2.0889173188708763,8519.021316108188,8830.191646982623,1.3123399457033014
gene_2226,1.534651886871812,3.4955935253052863,1.2856807986518644,1.343866064048885,3.119276765751692,1.801385036372367,1.5667588332348727,1.2567986559524151
gene_2227,1.348481517841504,1.432867839162005,1.619882013224827,1.45651165681582,1.4470247610248725,1.428351726390616,1.4923558687687966,1.2557063084395899
gene_2228,1.531189342843199,1.6728879904632958,1.2866994459808099,1.4862493087423552,1.4195113702502395,1.4722458144601205,1.1385842190755802,1.896786516453382
gene_2229,1.4077921353359775,1.3993704690216893,1.3330600399103691,1.2398693456531793,1.7604622061183473,3.0569789902651077,1.6533565619297192,1.4118140825010526
gene_2230,1.4999773438111321,2.733114393613524,1.3721202277413564,1.3212922085469436,2.343086035845327,8997.417244916754,2.028151276264177,2.26122795070397
gene_2231,1.3522159939483527,1.6240343249370779,1.5320421164973195,1.7205879596840137,1.3352643168322735,2.2396961484778024,2.1264418976768527,1.429130571584345
gene_2232,3.362609615687223,3.469346818242228,1.3407902486007437,13608.755590677361,1.8536457831705782,3.791948473092153,1.2815054826529424,1.4631924365518034
gene_2233,3.730642983883443,1.3892355775713336,1.3112533907939412,2.389160884304091,2.302826176329259,2.6855905182161934,1.9108418191244818,2.4783033040365274
gene_2234,29822.653330414472,1.6881878367679297,1.3884580842111465,1.6006181985287253,6163.432362148776,1.6946945236127795,1.849183729336654,1.482807861606137
gene_2235,1.3569401547071622,1.659432528114651,1.2817961675468255,1.6419346027782558,8266.636132148862,1.7182935601332823,1.711972418239152,1.6086519775459558
gene_2236,1.9733714519715857,9809.198221261353,2.3848693862024475,1.3349648810961279,1.7127591105077247,2.3000053370145297,1.3837242484037946,1.4687879445334888
gene_2237,3.05064625675937,1.796787049794986,13640.515735594154,1.3487566025593085,1.7159801777911898,1.6046674734476405,1.787972245571217,2.113116858523564
gene_2238,1.3724784652311646,3.1406805764423633,1.8741062354324503,1.3357080393095637,1.882255347399997,1.9331993273979422,72256.03279347291,15288.306935479308
gene_2239,1.7264044281044382,1.6150910310510427,1.4754500977629994,3.2288390704032524,2.0920405665363266,1.3763253709967493,2.3554158349327,2.52190542473239
gene_2240,6212.076052825968,1.3011328723073174,1.5452483366078869,1.396505184980871,1.5804731743407308,2.1621047731736445,3.1752313415425544,2.622022644187637
gene_2241,2.0218530672828194,7047.255643717624,11424.529247914632,2.241470009135281,1.4754104765443343,8558.517123836962,1.6809309084710566,2.306837656813642
gene_2242,1.7735089431806532,1.36087922151891,1.763368038977991,1.4087021911921682,1.9742770788114135,2.145552472238582,1.4265947154118999,1.123809199644399
gene_2243,2.3572747721291973,1.6407118425731422,1.7345580337991287,1.7800888455427901,1.961146256936238,1.4837382800925676,1.3022904542661728,1.4508865807978957
gene_2244,1.3444585036313028,1.878207589584133,68407.8429930046,15575.096159738801,1.5968171142173027,2.4873204212491897,1.6598759749670375,1.4405002833330192
gene_2245,1.4923555949954717,1.84031065255438,1.9309014042631698,1.3831350123187383,1.9078831216429057,1.5628257015191964,1.6111841204172381,1.5658221821733829
gene_2246,2.451328970999147,1.6592270332088261,1.4680077209118536,3.3709864744579483,1.6240175423882814,1.3588140610350967,1.8280798567160592,1.4936719408770556
gene_2247,1.7496390027704025,2.1026143278084484,1.1170830761943422,1.3053878197261097,1.4059126010245042,1.422524358218869,1.4873262462882904,1.5992866888079564
gene_2248,1.8329733970212716,2.2688604308475995,1.456537522831895,1.2885603658210856,1.1300719404951514,1.667029943949437,2.107861488915501,1.6337251615498365
gene_2249,1.6637877443731444,1.1907434268440875,1.343746824414614,1.8930341809216056,1.5760084638589618,1.3334482408910815,1.1610305558521667,1.297490311906841
gene_2250,1.897818285836116,1.5781489813352871,1.2603678999340877,1.437784175901571,2.8848857988280754,1.4381329238833231,1.8591540158911979,1.7438445341379085
gene_2251,2.0569707020940897,1.764106489389159,11486.181074330423,1.4161737364524383,1.7720855122476995,1.5784789460841355,2.8006342394870964,2.3000649997475513
gene_2252,1.5648503651840113,1.1283547547098218,1.3916710476874647,1.3899024016131587,1.5651121965517996,1.806472190170082,1.7835988870704635,1.3169585718917662
gene_2253,2.301055982003433,2.7746686025309235,1.9870176846978427,1.2883709680955782,2.5434496150948815,2.6992002094874725,1.69482468855826,1.1417822216928846
gene_2254,1.2969722530334893,1.955539142390508,1.1991699074012694,1.2034502168155254,1.3811354821507096,1.7787751019916553,1.4136793195920743,1.228335387823985
gene_2255,1.2759764759842946,1.0994790486922528,1.216701755942102,1.545389149168458,1.783612270208998,2.5560968513052447,1.7242998542497308,2.499656167122578
gene_2256,1.1483901410734387,1.2580248625156325,1.243117779619677,1.1495096011717907,1.7462740838830042,1.2078280895880253,1.498130541351154,1.5089266491970725
gene_2257,1.5871309781293645,1.1412737076171848,1.1934789838851538,1.339082095040925,1.2695883883170689,1.5404823691748946,1.943741542048036,1.0970596585236865
gene_2258,1.2253236442468327,3.6845863504873946,1.6788125373882201,1.8985545413564153,2.0823019248816785,1.495598140212876,1.634500555765462,1.4380412436427585
gene_2259,6852.768990775259,1.2825507350334684,1.640850597822054,16229.581702658606,2.2308271797536996,1.914076669263676,2.045043999749997,1.4090162385147125
gene_2260,1.4771228661580516,1.4274005221867363,1.2030929159307189,1.5627114638793729,1.2076492167976056,1.5339236588713157,1.2279159794329157,1.3514585502006802
gene_2261,1.9212755532280077,1.1156955583353925,1.1305517901527171,1.1318233370211048,1.6358839035861474,1.4636819286783074,2.500287182757817,1.2150353229102304
gene_2262,1.5855310247808652,1.9352186062719046,2.3536538097411213,1.2048781835109075,1.2650692458267434,1.4015459567863309,1.3202119579357474,1.22782005334928
gene_2263,1.6794375595247204,2.1881424156404004,1.3141337729476101,1.1281296858765977,2.1064799492120954,1.167137092352185,1.4044731089370266,1.3009386281649242
gene_2264,1.4184020171357348,1.240417901108027,1.494365243452972,2.163953442204192,1.2519215901099001,1.9700497843739604,1.6779712591458504,1.735516710421824
gene_2265,2.474150688227855,11787.648281823214,11069.754041217187,1.7693540587990624,2.760728049623122,1.6430894007284949,1.8052977386559972,1.6043962325245027
gene_2266,1.6857816392169174,1.2687808664148446,1.4598815190492647,1.4700359964745757,1.6652082748092842,1.2423263085704497,2.09399992182964,1.1226320313636458
gene_2267,2.085291341934562,1.3740227904956164,2.22496645383516,11955.703588499873,1.6833139311484442,1.4381244973148775,1.8165734123375654,1.388401378119423
gene_2268,1.2128181574409647,1.432835802127768,2.334530091019493,1.1388224683459909,1.7044317572812033,1.4765757037265679,1.2366305324260374,1.2200525623656326
gene_2269,1.7398303978069978,1.8057540814785231,1.7002769583175208,1.4931846940276634,1.5366121389654759,1.6954213549186987,1.5414325994660554,1.3408509545421705
gene_2270,1.452102188206638,1.8005787811458798,1.2432978373742123,1.6156492178499582,2.986362622603126,9163.189123475602,1.5996611047417983,1.6729025194435934
gene_2271,1.3112796710616754,2.5694027987558936,1.1072844462598108,1.2297377949854071,1.1853564755681085,1.5185417897492741,1.197982563941202,1.2047126619150152
gene_2272,2.7092838707601157,1.2806398326312896,3.053108464346013,1.192952627809798,1.8262515631683636,1.3952983833611654,1.2996463553307176,1.250932899265782
gene_2273,2.151419334345104,1.532894780906194,1.8852664207516934,2.2952129486689583,1.7206121110522272,1.7388940253963683,2.3866108635503167,15200.45157246905
gene_2274,1.4904056240315287,1.4746207767481185,1.4711698762795267,1.2899645060731946,1.2781798584456614,1.588203488644354,1.3604781946797826,1.243507508719624
gene_2275,1.6150614525705191,3.210379764557119,1.602119860878055,1.5244044661557383,1.2661086786626823,1.5267204522365694,1.3082213784460404,1.9508645657372932
gene_2276,3.2186022784235906,1.2915694457558067,1.4226924261361429,1.4926745440026303,1.5970235380029294,1.8269045681588192,1.5032806138261658,1.2949534833312417
gene_2277,1.7321455652565119,1.4005746391329044,13143.26794714194,1.2354261887462417,1.3804642417283153,1.5099211725267359,1.4913033711685102,1.3025420647033072
gene_2278,1.893387939035455,1.1562027150870071,1.2392276902552026,1.3405184394807785,1.5515066318360122,1.7546548359071124,1.385288793770271,1.3807722797331548
gene_2279,1.1109867233060113,1.2553040526919073,1.3969685810310595,1.2468894255000746,1.6564006932869118,1.4823278160656819,1.5034636194729785,1.158510607564735
gene_2280,2.414121274488804,3.2264865418749773,2.1643406931447764,1.342429630840626,3.180469772611993,1.4571325847439074,2.3954794687517387,1.5789951486059361
gene_2281,1.3690405079705033,1.2531299312002944,1.280428451994611,1.4018745333931812,1.1066638358519674,1.35253778002092,1.3563001464107458,1.3095938099662565
gene_2282,1.363066456211598,2.4591991903527095,2.196422564153156,1.3414382566611434,1.2120285175076577,1.2909258021046897,1.2461828862889404,1.692385470535083
gene_2283,2.53724139470655,2.0299825090424983,1.5531932008689069,1.419693148267576,1.2984539470958945,1.5782141747044354,1.2005955177516403,1.57161299188328
gene_2284,1.5078891373881833,1.60396205642732,1.6279155087639574,2.541082253224416,1.7030106284159805,2.959714160911693,1.9437128412321303,1.4177501579647636
gene_2285,1.8191103512512024,1.2550726831963077,1.8142444479871533,1.5658687260910429,2.514016697662369,12887.343672618046,2.08102499408411,2.366841774685837
gene_2286,1.6946476602354836,1.264641802753566,1.2193411710936917,1.4029120364483756,1.129431407773641,1.263788752579739,1.4921623970232218,1.2696488445319094
gene_2287,1.453821020563631,1.2734415405625488,1.2100356731912265,1.4222247650087434,1.4657223591903352,1.3261317862262476,1.9243597599530637,1.5850376006983946
gene_2288,1.7314855030926783,1.7805511446775677,1.3323773867337594,1.8564260555448227,1.1151528220816767,1.595219012898183,1.281396679225101,1.2861841312069773
gene_2289,1.1140771967213579,1.1318611342834555,1.2584692982279002,1.124715123870156,1.4437924138497922,1.2790584053190965,1.4756711465387793,1.168692056356683
gene_2290,1.625763362535713,2.3319486390847968,1.5284691317144923,1.622925937692103,1.8570620008050103,1.7453962104033625,1.303390660732448,1.9625713683453356
gene_2291,1.6176127229144468,1.5135185034938083,1.867995251943302,1.8904966897249358,1.5017862979532504,1.4354188057970563,2.866061934075639,1.3696947034578333
gene_2292,2.728211096526336,3.1040144133434246,11136.26770503374,2.1083097425452704,2.81205918462329,1.6151723780956209,2.2802681885619194,2.0066625403701606
gene_2293,1.382018655706237,1.267993136562258,1.1418270372884156,1.5379610882499504,2.5619046072022678,1.1369747346402796,1.3152404314806956,1.725947891038492
gene_2294,1.5815215206776991,2.5648637693860206,12162.598910516605,2.453312370819692,1.5759434921688957,1.1543555291356888,2.5950124989245067,2.632776247054185
gene_2295,1.188996897224945,1.1682983344377966,1.192502702295251,1.549783313225483,1.4524945209085482,1.5522206077925789,2.6617738531656965,1.59393111011796
gene_2296,1.5164068649983715,1.9135326556290795,2.5317730748924787,1.1826278490024913,1.725726193897102,1.2545957585679361,1.7217943790462036,1.7691694354725358
gene_2297,2.2865981400945308,1.5595311297523213,1.6111084652378838,1.2729412809679965,1.317820851947964,9118.581000047676,1.5234384084193204,1.169440347472893
gene_2298,1.532089893519491,1.2658991818488596,1.790411959012979,1.2924780441547257,1.335660847038297,1.701215708934249,1.631186032829624,1.470520876147966
gene_2299,1.8923278772027563,1.2084628247146176,1.7188771263210398,1.4257599851553027,1.5784299339625951,1.5477091368999771,1.7703624573914507,1.7567627032771749
gene_2300,1.2664820407912452,1.4630996519487376,1.2382172682093215,1.3328908311832854,1.0814593224954234,1.2273807625607878,1.093079483259724,1.274865026193811
gene_2301,1.4902219366964438,1.275404840242877,1.1692078777300394,1.0807162560462074,1.1604993607080056,1.4857397319416912,1.1446096164655248,1.2013004792204647
gene_2302,2.0268687279192226,1.7174850866593394,1.2451627899098083,1.256024181863573,1.5679709134013715,1.8644010635567256,1.4661413867481212,1.5943260073346321
gene_2303,39480.546772287445,1.936699003189554,2.7194255243021246,17797.332580693164,1.4630517529902551,6770.938420942011,2.334085163978905,1.7821147859501396
gene_2304,1.4801036380181207,1.4013851317158519,1.6920116784819228,10479.290562115957,2.8999057771296406,1.5869963743664006,2.5219082551634586,1.3722958224446007
gene_2305,1.5172867259061253,1.5965756423505608,1.339763595611825,1.3821328116791332,1.4883023427434245,1.3197537378817106,1.4500903684864208,1.8071105880603748
gene_2306,6214.698123692008,3.1100397645696507,10835.70505011204,2.1219159270804946,2.1241946429959078,2.685720842350448,1.605596076298014,2.1990526594264677
gene_2307,2.0108606350585005,1.4116102957216943,12531.90005015904,1.466896891758783,1.8946374127831154,1.2623015959558574,1.2932901996604707,1.3051674412948189
gene_2308,3.1510815398124077,2.0210151045138383,10429.280863790731,1.7542296482494795,3.4869405840730834,1.5137636219309543,1.4483481111101557,1.4568703220131425
gene_2309,1.2596129590749898,1.3006662846783228,1.3354847408938477,1.1775864681797517,1.2178776784024707,1.2925239865087135,1.319216623778587,1.5811444042546456
gene_2310,1.3131582029163973,1.1467092650114779,1.6068986403235408,1.5019066966155323,6609.277883856845,1.7250940292508397,8373.334608679095,1.5141908938971247
gene_2311,1.6063885792821484,1.9424801216860637,1.4947811917069742,1.7178654849138288,3.0237562659938253,1.301705666415286,1.5265573166434077,1.8523959458532775
gene_2312,1.9577734005826286,1.9325079729791883,1.6546736848596824,2.0738159618713734,1.2077122317948552,3.2743628914754654,2.2154128539436146,2.1923341583284364
gene_2313,2.0815009199002987,2.5155136559374087,2.006998599963255,12143.791346208654,1.2850991602526771,1.8191545006292755,1.8409870232319576,12776.79248153267
gene_2314,1.3754361379079503,1.3895390981126445,1.556866571522722,1.4194526052368543,1.3580020842268548,1.3256233722159556,1.3849144573930443,2.0619407077761296
gene_2315,1.453924609971864,1.7295401039897647,2.219952451434166,1.6893850170297855,1.5732892327156345,2.061065401762023,1.440240838292194,1.894886886381878
gene_2316,1.6874849746300011,1.8006909533117756,1.9905391719442673,1.8667998717261922,5145.42885629219,7854.338162894345,1.2751060138525296,1.9853349426330889
gene_2317,1.4152204043585592,1.2747745524055785,2.4937404528370135,2.2381943284360397,2.226276470732486,1.5023003345815167,1.7182514722063718,2.6273488950120054
gene_2318,1.9020922945327718,2.150091156906633,1.5312105412257513,1.1858571493807792,2.9279533353096014,1.735932428350711,1.40267091828724,1.3918008910141677
gene_2319,1.7801557968051622,2.0434997012947242,1.4106003313350028,1.5648040306351099,3.959853700256779,1.9503923535957024,1.8099898528072835,1.4942062120410904
gene_2320,1.4504136409846577,2.1368645944449702,1.2024627633689602,1.3272339764258692,5607.13544843588,2.29085844311011,2.4024620629856788,1.458941949135001
gene_2321,3.5431047261274835,9772.824599370764,12043.602451323764,1.4066234654719545,3.704158896373671,1.4815830944682733,1.4383245680629515,1.3022314512696942
gene_2322,1.537993373056911,1.1707274880856111,1.395044666538986,1.875731160826691,2.4246854416341965,3.5690852282851377,1.3600202681453961,1.7089787173812991
gene_2323,1.8800367243574205,1.5236816548884329,1.3501925396747168,2.3086230113277515,1.4915166484920943,1.615911013319057,1.4536096733385295,1.5418306597130191
gene_2324,2.0038186597810843,1.3229088352228442,1.41714102951569,1.8578866573262023,1.5633722086770208,1.8140461531385161,2.2090121563210277,1.6732640980537745
gene_2325,2.0665698940564194,1.9035065956398294,14065.272270248337,1.4374095485685174,2.5866407033874688,1.3546855349891926,1.3654745454461161,1.7593059532205542
gene_2326,1.4128884541096212,1.818032410605867,1.621517667663186,1.2505968596080754,1.1917666181894762,1.4442986324401128,1.2288237608670176,2.083671817752411
gene_2327,1.406343631133376,1.606264144782105,1.818613838256417,1.5348619445395746,1.981662047353252,1.6650101043834418,1.724938351190352,1.6615559603576697
gene_2328,1.5078311986119033,1.7521592700682673,9616.073425114335,1.3674742197560101,1.799478079632436,3.338459478821637,1.4870252849740377,2.431263492173987
gene_2329,1.415913210102014,1.2734389539597297,1.232075241373511,1.6138817163605588,1.2461326840540745,1.268202072814369,1.5478067297154383,1.2203576574982358
gene_2330,1.7015122563579048,1.8942170483929146,1.3613824734786446,1.5801793916740472,3.2680485829243375,3.034508929733855,1.4094407617001783,1.2546914236901243
gene_2331,1.2190883706683842,1.2641742339692967,1.3589870422684722,1.2737935484530847,1.576524929554387,1.1341819071290498,1.337580721792312,1.6668628036179907
gene_2332,1.3652033709171694,1.2642421502404602,1.4931016974030142,1.3994760960665436,1.1800902464037681,1.17215597032548,1.1515833341173938,1.2564496924764312
gene_2333,1.7393771446813884,1.855092970200931,1.3737895704724894,2.442098835806701,1.4878550219213311,1.8788020416339832,3.483514890967025,17570.91513969736
gene_2334,1.194382566795412,1.3915317201071482,1.2302540435989742,1.3432307522015983,1.5170081932733253,1.9221627204654361,1.7217915534548967,1.6641124790108863
gene_2335,1.3972401745534397,2.813757594041028,3.357760026759624,12727.755968981319,2.546704053846748,2.1209164242142364,1.269633411819321,1.573552555129042
gene_2336,1.7966026174440999,2.697626779633384,2.7525343470474923,2.511855062586239,2.6036036938137697,1.3102149118963087,2.690936525049119,9761.789575034712
gene_2337,2.4597509224623955,1.570902682359147,1.6551932857072136,1.7037493190352317,2.1443230275743725,1.6248507783970794,9912.125469600012,2.607907022664308
gene_2338,1.288837670123964,1.3755586320864601,1.7455722958864428,1.3215983083434333,1.26340758473937,1.3332684843322384,1.4412229852426923,1.352818068586705
gene_2339,1.4742271320265885,1.299764658037503,1.1432068155162947,1.457230351683458,1.243330251072156,1.2773391458418102,1.2085923739012394,1.3292280299162027
gene_2340,1.4293606716410585,1.3375422463198638,1.5447730626408258,1.1860899173798014,1.590515769582959,1.2456075684074528,1.2751671064217271,1.2629829287290213
gene_2341,7086.637171278488,2.566146219301615,1.5002965528201646,1.951067080120283,9586.41036918712,2.3009889239257224,1.8768407484424645,2.005455151157982
gene_2342,1.7970963476616026,1.6149178110873228,1.5135232354888886,1.2909422986960088,1.1728013196031628,1.3546595911482382,1.1920464941644107,1.2230655958890617
gene_2343,1.308205460563151,3.291122213321358,1.8393105923327588,1.5209431188315263,1.3999243776986108,1.460290919937325,1.4652765527790539,2.3824054272103177
gene_2344,1.9804241361890296,2.370230470027906,1.8847458508591082,3.4947759054384075,1.4871682353820401,2.622025228142533,1.8414839935778042,1.201763135969408
gene_2345,1.677365298674312,1.5525724312829896,1.6365177465248006,1.5824546244925075,1.2009523032904517,1.6042244007683528,1.5914424480873801,2.5752862995320767
gene_2346,1.8872810241736844,2.862574294373175,2.4289989744606024,1.7498999449951078,1.7413116338517278,1.3731613192020984,1.2765596460781123,1.325783317052824
gene_2347,4.325615739568625,1.508646186487418,1.6125599759739366,2.771388746740539,7483.974167158493,2.9026091521395005,1.7149027213979953,16047.98723164521
gene_2348,2.418610907679334,1.6659321472284843,2.109403734839772,1.6739669095477099,5386.058654338903,1.7257376011106667,14278.741275451404,1.5424758445138613
gene_2349,1.2155983398977532,1.5775622551537847,1.6560363913643592,1.5462191359434958,1.4535206452818124,1.5973764040172498,1.6649181499399424,1.5614536519694773
gene_2350,1.629945379947643,1.8204366405350778,3.3320038903757085,1.1170841382723224,1.7590547922733686,1.4425372135874985,1.5006903165604004,2.8781138774083144
gene_2351,1.3995275125613658,1.2457215090788023,1.4566484362408414,1.2136714407234883,1.4097322768902198,1.618596292942764,1.4337295834188544,1.358001162313031
gene_2352,1.4964381779281621,1.4874244980785725,1.2539254574019627,2.0880064943075545,1.3790731308877462,1.3347683800893124,1.4553585643227167,1.3379551088300043
gene_2353,7971.731664632054,1.3876930637992642,1.5676897833417602,1.4199248498002388,1.6318729158466108,1.600280131147973,1.3119629352280597,2.148709997681864
gene_2354,1.5199861043101208,2.1937894049045514,1.2537226367462302,1.4477562704013027,1.5801856053784427,1.1735234447877343,1.378767829258943,1.358773900414036
gene_2355,1.2067307733052772,1.7295968659424459,1.428501203360721,1.384098449002362,1.2550724022761564,1.9521994458397058,1.5175435966082744,2.2432798759654458
gene_2356,1.8615450229096069,2.1160498200290285,1.7931836804937058,1.7572159653129584,1.818135535331479,1.5877330737270434,1.791082004375125,17498.12827483838
gene_2357,2.7172787944448977,1.692699446563087,1.55811905873638,1.8378332442514362,2.529316131844467,2.6228283597929614,14675.566168576403,2.2622614337536566
gene_2358,2.549166553635331,3.1268768807232683,41108.76396515421,1.9250027150341114,1.7827640201159174,1.4189502400658502,2.7570980784125156,16108.670044806766
gene_2359,1.231837748253653,1.4023239461425205,1.195738614934066,1.2329823360677725,1.1654840830428714,1.585207161470642,1.8737059157180096,1.1398276926040813
gene_2360,1.559770749789155,1.180129289729266,1.658469638565927,3.5888906593323666,1.7906903902856715,1.9675807279876258,1.2678699197305001,1.3650330076629071
gene_2361,1.9573770765526122,11279.498920125514,1.200236396971785,1.4616998734072681,2.095298165018105,1.454819515892406,1.7541581322596351,2.468961310674855
gene_2362,2.225493314458387,1.9917821439016987,1.3228724168780202,1.5169445449284868,1.4222705392917094,1.3625728073685017,1.1562360630497508,1.4033384074773352
gene_2363,1.6708631128550675,1.9500983227577746,1.293660155012203,1.7555608689431486,2.73014688054428,1.561795556137466,1.2565168029570901,2.2559723613184115
gene_2364,1.1310698848045766,1.46261438866367,1.1861229981287829,1.291722358007227,1.7686057849190417,1.4537518800757174,1.5115979226282195,1.5005124250824995
gene_2365,2.148003689400821,2.013813076288397,1.532262826019653,1.2911636015324102,1.4459409913226382,1.4591444733483567,1.7087470238438258,14727.4610287318
gene_2366,6848.841691781696,1.9195590111202434,1.989880578078681,3.0590328062288847,1.7662108650222053,1.728036683807888,1.6320668682979511,1.7769437659962768
gene_2367,1.4171602569931454,1.3729826555325038,1.8654515541284533,1.6430145921168637,1.2706476402401734,1.461558779713848,1.6628708329079807,1.3837218751156168
gene_2368,1.5142626355399949,4613.4599365140275,1.7653513471729076,1.6640324311165682,1.8548978836327343,2.7135189981919576,1.5113721302178136,1.337832753907369
gene_2369,1.5589677643558622,1.3707549914741148,1.5260733675328753,1.395099872963614,1.6260334484225822,1.42067564288955,1.3976786912749455,1.5831110138719076
gene_2370,1.2826674552562205,1.9313234761539555,1.9933327657429105,1.411755110297831,1.3761124096047526,1.273840726446826,1.3066438803521907,1.4156311941620165
gene_2371,1.3624222934547996,1.4285582781294919,2.4919349857762128,1.5771580298817895,1.308970132766103,3.564694029218783,1.5111690790068992,1.359422084184664
gene_2372,1.1664342761609139,1.5146942689644307,1.1467771495181192,1.3926761382014294,1.3916307538043775,1.4566927547720905,1.4530722112892724,1.2882881398153692
gene_2373,1.5570607704251416,1.575498657607514,1.7261051993893708,11244.643550796654,1.5609678452563256,1.5444848691773125,2.9393660620822164,2.5468184369621953
gene_2374,1.9749132754037835,1.6237450420335653,1.134268456168285,1.4553449006747747,1.6758728944086192,1.3096856664334249,1.7864940869355204,2.1812253376229536
gene_2375,1.7111433797671254,1.5541171887133247,1.2729051321746065,1.166972285556172,1.2992740115631716,1.19074259270611,1.3163119981139886,1.247169892350162
gene_2376,1.5089026845360947,1.3157473963773714,1.338326665255005,1.590821384936915,1.9471405312169063,1.9491825262619804,1.2413186016983706,1.471936969970937
gene_2377,1.7364432735958473,1.3466507090697146,1.163656007907174,1.9148081337707001,1.7517828398903033,1.3825795761421902,13846.86294164661,1.2401731410266723
gene_2378,1.5195886339810427,10746.658776978604,2.3318566426223293,1.6342282666556978,1.2574838097065641,1.6708868272957886,1.1594636839781238,1.1605231525738633
gene_2379,1.8816278652714153,2.3753249006511084,1.4798538535467893,1.6887648422717698,1.6919127224262762,2.50311033184266,2.132483296615152,1.2832179346114692
gene_2380,2.3061803674750085,1.9863678197828014,1.8477986550220682,2.199859860207499,3.103958502753935,1.7306649002306105,1.9256413401779935,2.018376715926967
gene_2381,1.3531859180074586,1.706677518507199,1.2578021072772336,1.2275346925884167,1.9593741006210021,1.778521045967529,1.2704272749224053,1.2013898624525905
gene_2382,1.2243426735152667,10281.305302359293,1.2003736310882909,2.1177017571808032,1.632884862071141,2.621992861942108,2.333887441226055,2.11326735843895
gene_2383,1.3924794905325042,1.7725329842170523,1.674892068420646,1.6838245036680413,2.259733215590518,1.82010433255997,1.4695161456879755,2.1358924099995096
gene_2384,1.6739540919363611,1.713183301814648,11483.597667401724,2.048830826137103,1.347270222000869,1.4829671434300793,1.3446116531368133,1.2564737424818706
gene_2385,3.0383277266635313,1.6228148403297327,1.4175571244767613,1.392669496632059,2.9370315124753734,1.4835292519570986,1.4205264387733048,2.348000304546817
gene_2386,1.584929307016408,1.4145437480673448,1.382494484975219,1.4830623984819753,1.0673817314266556,1.4909381571795068,1.2371876822274668,1.1651059466792981
gene_2387,6948.440048169539,1.8338025321831561,1.4344905379249555,1.5380777489963553,2.586550294419151,1.259573293580183,1.4959366115539892,15107.435119876327
gene_2388,1.3938948985386141,1.4589057977761344,1.484478052539925,1.1100418344171632,1.6641388442670297,2.092276152501908,1.6519350543011804,1.5426071836534658
gene_2389,1.399248910281399,1.4690172823227707,1.4760145499712072,1.4001687493537442,1.2907124022843708,1.4467197679349009,1.0767276412434648,1.7177549371019296
gene_2390,1.5727261259136547,6459.081700796424,2.974245853128919,1.4171279189834205,3.1732390339716696,2.5073031080662895,1.4752553328587124,2.0383623371198376
gene_2391,1.3773178648492217,1.4169308781147838,1.9121730210756602,1.8734502397153379,1.6739760523717064,1.430500739428489,13941.453691395067,10191.282077445916
gene_2392,6562.051605326319,10461.036668960793,1.6339004051873105,11389.300938586865,1.198697187784141,1.8889830369643816,1.3211179676200888,1.990935479695592
gene_2393,1.5005114991907857,1.5279013042581895,1.2742480450318754,1.7190449426770744,1.2151622435903955,2.367960697460626,1.6569825593302314,1.945676916226585
gene_2394,1.1908416002872981,1.4077617315779134,1.1305880522812106,1.326117511201073,1.398221372296452,1.3856588293993926,1.3340630340919957,1.2132353230316821
gene_2395,1.4005325021753534,1.80195622641495,2.4884112598252157,1.3875101029894976,3.3539755086936194,1.7140659891283587,1.375259515786999,1.3239360289115056
gene_2396,1.606329725991155,1.2245245267891072,1.1877895165940044,1.3017154361805179,1.342949233669653,1.766224062618428,1.4603969570449402,1.3172068330842033
gene_2397,6715.113730062435,2.1329748764689103,1.3452365141432219,2.3962453195225755,2.348869320215389,2.542354391128428,2.2909686594985716,1.8840451007437156
gene_2398,2.2227899182478623,2.252677102593769,1.5318193869419363,2.3100586475507847,1.470509291115841,8062.52599843774,1.4772818230841103,14834.934704827518
gene_2399,1.4546759231897457,2.018060920254777,1.39122057632673,1.5526360384571727,1.3169751538813723,1.3416535714579818,1.329591865428253,2.0415321556632793
gene_2400,1.4522290343402138,1.2892447049521891,1.3826530185573136,1.702445266734277,1.1993583341599023,1.4731322221012821,1.4046626455701532,1.6975452273074279
gene_2401,1.6239806854673153,1.9545922591485836,1.4231563679188377,1.1948135118711674,1.453598747122727,1.3180622117424698,1.435192797890622,1.275575737917372
gene_2402,1.3227513935060522,1.4871372060680659,1.5278159352668992,1.3290482038605802,1.8339248506236896,1.7934242571418766,1.3620690410848586,1.5437110968580516
gene_2403,1.3578910267086175,1.8011448206560152,15492.738091047173,1.5941451806941438,1.8234132930412483,1.6477456959727725,1.4391310681868432,1.7160137288053754
gene_2404,1.220461162052886,1.5128322014833786,1.4354693614966851,2.168035713327984,1.77772197851128,1.189761947452897,1.3344824421718793,1.251486825587656
gene_2405,1.3509600253347736,1.3699965711160722,1.1691153972707742,1.2594750567950304,2.4167600579003303,1.5282146928530034,1.1940269317241103,1.583703269657453
gene_2406,1.8427447217600976,2.6128279813735196,1.2705234279440722,2.2196071286302717,3.0062525043836166,3.086356687248973,1.3422070357246594,1.5644372692847874
gene_2407,1.7550019286013971,1.2581258332152139,2.225630034888468,1.43059999031044,2.2147234615505487,2.2784512583064287,1.3045775288605541,1.5616901716616596
gene_2408,2.0142667881774505,1.3983119746031945,1.3636041134195314,1.545144989338112,1.3109061868485992,2.9827291399383697,2.263764871784952,1.6506934273667755
gene_2409,1.5110954245442456,3.26970499572993,1.952616238631211,1.6313853544320376,1.3482965650166332,1.6063226668649075,1.7033347475987601,2.2709640407185674
gene_2410,3.072939214311163,1.2210101703015768,1.5928320767249955,1.5660302313824026,11318.54247338748,2.12653045863775,1.6752151884485917,1.8883156048044747
gene_2411,1.9771213450964713,1.2738733192851537,2.08464627570333,1.31797594290373,1.4949816320057165,1.4351092826442888,1.6416395740378409,1.237566338480947
gene_2412,1.7179025403111332,1.5479101157856412,1.3408093557027865,1.2490548755233477,1.368012161542631,2.2313282616140997,1.3389790956434116,1.5046670899958277
gene_2413,1.341925714027421,1.7271804606148242,1.4073643910848925,1.3021899075343588,3.126440301093776,1.9040542059400243,2.1693931711124175,1.475402942516751
gene_2414,1.4264510365720595,1.5268275155648012,1.308705072818761,1.375619551057916,1.1919757395884538,1.4123332108736515,1.2536627381010983,1.3739894310652618
gene_2415,2.329423329215336,1.4954810168812491,1.429142510973739,1.228946510799204,1.7673536407365231,1.3347433715745454,1.794823476040429,1.4637255074716842
gene_2416,2.7283028959072086,1.6254578134366566,2.230834042640729,15599.650111019066,3.1190110887132665,1.2900970681556017,1.8786765268139236,1.8531345224378648
gene_2417,1.3307983521103108,1.52029721547482,1.5485762561493899,1.261095894980469,2.1611943426681295,1.9448070112604923,2.5850570078225825,1.5533844833211572
gene_2418,2.002617479647107,1.713458330059996,1.3901323519931779,8975.053052841251,2.2795016278866376,2.5838194441154365,1.9733971738575378,1.9086135424530217
gene_2419,2.9039193626358597,1.3737743141805072,1.5006303074997485,1.2554421866794476,1.4413034159565268,2.4177984289816097,1.447811552823243,2.133642175667413
gene_2420,1.2478195045324108,1.85981599104571,1.7443957060525404,1.2708483671644155,2.4108254642565194,1.3828677283828377,1.6527103596829542,1.4553887412064999
gene_2421,1.448565068935957,1.812038966822846,1.6374359768913234,1.8143528648064609,1.8996187576238905,1.8093141288617833,1.6798725426740346,1.6362369138600752
gene_2422,1.61666554851218,1.4457123291706515,1.3735571573753407,1.6125279981697966,1.3955500063716337,1.1796228634139263,12619.520803562202,1.1281162701090528
gene_2423,2.2085351216209297,2.002868681160328,1.3559439752707667,1.2193967086793105,3.28921742631433,1.2170433509903624,3.280818770118634,1.5577217375212398
gene_2424,3.2172606325581676,1.619478210873634,1.7593964265958817,68225.36505165258,2.9527070044912627,1.5044959065036265,1.3922200616810385,1.555415446788009
gene_2425,2.0742406804138724,12139.571234086325,1.3177593253131523,1.2946582312525885,1.3658270654579907,1.256702052553229,1.9589123341366699,1.3482772829567402
gene_2426,3.3927246717867408,2.43815318764359,2.1193746577229473,1.4021856036782026,6015.8657039585605,1.3413097415715367,1.3393667714864304,2.0303602590891483
gene_2427,1.8869684609508095,1.7021694763736985,1.810477418792036,1.9341565845975395,1.473592837579443,1.5406739555219195,1.2705956098159379,1.4245541874133894
gene_2428,1.2979945264634658,1.152790707202009,1.0417759670695856,1.541868112041527,1.5915083781165382,1.4274545616890382,1.1572845167292276,1.186795902103143
gene_2429,1.4289960609324568,1.5071652491640315,2.3350987998237827,1.359828172108402,5722.296643661644,2.3469809457587596,1.6395748548081681,1.60302183658759
gene_2430,1.3635576070483515,1.5865874100271309,1.5281818850981526,1.3142536743138484,1.5298548786029833,1.9607810179476093,1.656878764051826,1.4814557805491158
gene_2431,1.5825193120352483,1.5972187357739174,1.5503764365902986,1.276071991822685,1.5454411568565702,1.3653224823056012,1.7117520351966407,1.3402658734540267
gene_2432,1.2474745800026308,1.6580644890625047,1.5411978893694243,2.0140814513826535,1.53711315471879,2.061173494632916,1.905108669956472,1.247279713137235
gene_2433,2.7328524270939445,1.5408061218615328,1.602343862166344,17548.331979453444,2.127125113446161,2.476119949699594,1.5248780230618617,1.554827563503965
gene_2434,1.9905754355788754,1.5809399511208102,2.7253386306060405,1.584037329807243,3.354035853210026,1.3277004046304062,1.4549351371474866,1.7116471060004719
gene_2435,9537.956816053593,11360.07485806927,13717.884215112763,1.5179248128368699,1.7894556411725886,11445.244424197643,1.9553241216134205,2.225551353212901
gene_2436,1.82904988152812,1.940488488899241,2.0791761312752928,1.5034426106315746,1.5909033396798193,1.6497599641453062,2.3123182880770723,1.1957679303626
gene_2437,1.166419053842286,1.3674996487623388,1.3867684242700806,1.5209956892275156,1.3405862965061053,1.3511502786657783,1.2382085405109253,1.2223675757009456
gene_2438,2.8579769627144325,1.7099857415397408,1.7859371045698713,1.8915487298000193,1.2447109473535225,9295.088826282925,1.6483075189251106,1.622209535160996
gene_2439,2.009664635900782,1.3770310178398186,1.4725185186088359,1.4099162174138622,2.1108388343742615,1.3759090305184505,1.182949458953413,1.8217873699269533
gene_2440,1.3728138542184163,1.273217628229713,1.9374130466160857,2.0180485496242198,1.4557612719731445,1.4250608331294357,1.2678205170259358,1.3730316669952238
gene_2441,2.3411484408071717,1.5224331085892402,2.8690360465902947,1.7922462207952787,2.2485171779957436,1.7682531954508487,2.5507508645226924,1.6372648333148923
gene_2442,1.8381880939254318,1.4359491186721114,1.2139753997487428,1.6220110577937703,6651.600732156678,1.7565702222431363,1.6271609536418126,1.3647626198905427
gene_2443,1.490472356638622,1.5124437991435846,1.6606443327889873,1.3391647890619374,1.7997322939953062,1.2570849108495115,1.7349902615716368,1.902917781588712
gene_2444,1.8969912600391172,2.770222639607117,1.207054069369085,1.305787174519506,1.871063822112886,1.2577713696218047,1.6130780607096256,1.2957297470423539
gene_2445,1.4508895690112475,1.960167733359054,1.3445788864997217,1.6308541330734612,1.2231315154467124,1.4813672999885452,1.3759377531161665,1.669471657273085
gene_2446,2.753191040593858,1.3092034487485404,1.3021699486544613,1.3190008413394505,1.550491104865695,1.288922812943692,2.309684796639401,1.4201542831177822
gene_2447,2.3440134112946964,1.5457965507276656,2.7231309362280096,12114.825501856258,2.163830797315746,2.4645448776258645,15216.54340123398,12582.126916867903
gene_2448,1.120098496860573,1.4687484549006116,1.1587569601217043,1.1618201034758482,1.1381431347619226,1.3036333426498872,1.1543423836756328,1.352473191029649
gene_2449,3.201044261164759,3.038972848304338,1.6081185960137865,1.7768887549591101,2.010800194690658,1.5626954827804136,2.0677699462855017,1.3582591286800731
gene_2450,1.709651564123999,1.938879563784256,1.1121014380191467,1.1265756647146024,1.477340109177673,1.3166512206174954,1.8441889241063687,1.4410390898789656
gene_2451,1.297920137602573,1.7554936397461978,1.5628880231627644,2.5688411277945704,2.1288488703675412,2.087473877621902,1.436484440363735,2.0079274976879864
gene_2452,2.13166882349504,2.8869923588169457,10887.969603906948,19577.203555386703,10460.04222456657,2.0094737417510222,12560.318050796988,14566.369566519312
gene_2453,2.89622969771539,2.3002960952798595,3.035242847108389,1.561966380430227,2.4400150683281874,2.1212815069263846,1.522208365370202,1.5028931188895298
gene_2454,1.80643179701305,1.398136686830968,1.3889092587723229,2.1591611821838717,1.4816556456506729,1.767225403516771,1.6239899241037035,2.9759221037387684
gene_2455,2.0323528094331875,2.291091159872108,1.7715638570310932,1.3067288560122883,1.8660800959325687,1.9490974821547569,2.1872690860480777,1.3617395999866209
gene_2456,1.1562312865300772,1.1903188541515735,1.601209744171739,1.2710683960731581,1.200748088636454,1.176087893341714,1.452976659959494,1.5447751505358802
gene_2457,3.26878112490708,1.5631024360362789,1.468565111199784,1.2606403666645092,1.769225059954306,2.4402735225868897,1.3705688979611457,1.6197506581017618
gene_2458,2.065788457602301,9364.406093089861,3.1153556847821067,2.888704013352419,1.8902137938816974,1.1836973452301616,1.17936131174508,1.4651637610537014
gene_2459,4596.8559835714,1.4332029500650216,1.4772032808506408,1.4104733329419465,3.988110022914966,1.4716554873271186,1.83829880603289,1.5754546335045154
gene_2460,1.769208824209936,1.8202829180745168,2.154830073688208,1.6725703833082113,2.1034059634483464,2.4554499350568872,1.9742256787579053,2.0007148584878442
gene_2461,1.271117191452086,1.3681588311588966,1.5305529938796842,1.5070555999715396,1.428815025396973,1.3917065283565644,1.6299642390570088,1.7612111379373852
gene_2462,1.6821365517885112,1.8660028459662057,1.9901167452556858,1.391017664294402,1.776423850051402,1.611595114814198,1.8256857990011879,1.0810038971030544
gene_2463,1.8467073719266762,1.5760067879880542,2.1850458878308814,1.8287457519711945,1.3224529825253812,1.3157410495967126,1.6979589136051167,1.2446209694452144
gene_2464,1.2229412725574542,1.900755590503886,2.2615921990986187,2.5699448865869905,3.2467165430102036,2.005840387093588,1.56267413485619,1.697095313361938
gene_2465,1.3556309204390076,1.2933229324198239,1.3567024006160426,1.459621199453933,1.3348209137096618,1.5531411087147267,1.2723162875259943,1.839088624541499
gene_2466,7321.010867304481,3.341432488944519,1.7429981507789893,2.5667149931384268,1.429928809580054,1.501786986792696,1.6004742302617545,2.102479227068986
gene_2467,2.034904273704375,1.7835457105659338,2.024863055178302,1.5292321720905995,2.6396798182298484,1.205824361334316,2.6875135512466386,1.6301704360958582
gene_2468,1.1512417987052572,1.8095690774863509,1.3381593563525427,1.1915263989128104,1.4131767347297484,1.653269565935646,1.8817908669313443,1.7740716720314602
gene_2469,2.04362493274459,1.47038548455261,1.3456400539638478,1.1612928554812725,1.414230626679457,1.6765126449434808,1.2344926308306567,1.5186120768512898
gene_2470,1.6528032198993792,1.2647293492186003,1.2389971321134157,1.423062201916534,1.7262386056404098,1.8006228898985004,11457.4220953346,1.4701314524320457
gene_2471,1.7897896469012606,2.1930359761268616,2.173649292581045,1.3639434135736186,1.375020245524055,1.4543139956779623,1.2305545391744646,1.845515173743199
gene_2472,2.3097463598067405,1.4243268066418675,1.6277779017831957,1.254198759540826,1.6013319980043281,1.8966044455164852,1.3024669399476574,1.2174183682226496
gene_2473,1.3660737703644188,1.4166483335504794,1.8258524832582261,1.7341230896752662,2.879401516837606,2.5270235258068583,1.6904234125043216,1.3039613278985844
gene_2474,6050.079360821211,11709.15285907147,1.7715593988962848,2.3368397928731452,1.3746427681609934,6701.493617442286,1.6940274542596367,1.5861383548480632
gene_2475,1.2633846094110217,1.2103317480134745,1.3573764123749243,1.6161049639631744,1.4697000664438553,1.920869903616338,1.3923110325976327,2.3772880189275756
gene_2476,1.4773637266081272,3.461681914334017,2.904706434616897,1.6629834948452449,1.7580818135993448,1.5322911286484475,1.9888039772025081,1.7628119266697793
gene_2477,1.9564761621912623,1.767986613209482,1.7330897131226672,1.7218674554323292,8145.289836947145,3.147721188116645,1.6977041691204153,2.263415774192165
gene_2478,3.8814863998337388,1.3921656424219988,1.3443219463276814,1.2206579012419012,1.9096799462241745,2.9095290896352184,1.3542359943268614,2.3057498212184786
gene_2479,1.8588774875770215,1.4363062888365121,2.7281819125418534,1.361308394117485,7696.776542891092,1.4845231575692166,2.490485441174998,1.5734260990525564
gene_2480,9144.275422485738,1.5352876301083445,3.1568623664287947,1.5785863411712058,2.5376653463690544,1.3297131596638465,1.618197145587889,1.548805010960851
gene_2481,6876.913245874387,1.6443462758228078,1.3287255766022679,1.4049048147404963,1.311552893066004,1.6177869705788908,1.6952692842113797,2.1444645078772857
gene_2482,1.833502039091436,1.774233001964127,1.4758971175249582,1.684340514402512,1.3926292383817085,2.5079999974675795,1.4722045884532249,1.6876027473186437
gene_2483,2.430047676090194,2.248571197592619,1.5709464460923845,1.3908592687980366,1.650335131868395,1.3199777537388386,2.4565872390602905,2.1935750256431343
gene_2484,1.529194130742372,1.219091070964487,1.1849495398439944,1.17300421484456,1.5917965115447654,1.772436620535583,1.1268755097313674,1.329666261139792
gene_2485,1.3287343965999507,1.772318171782049,1.2066339651375286,1.4996648297744715,1.376026803682235,1.8188592098831522,1.3651473021535276,1.185327431596572
gene_2486,2.641626188691036,1.2017075081192747,1.3614625072618431,1.2214081653549809,1.6405732818779195,1.5100017987973662,1.488138686150966,1.548451740633083
gene_2487,1.604167692518,1.744693985728025,2.000367104952301,1.243592565746725,2.6914174277705145,1.9396504685187683,1.5771852394248573,2.2129465194332925
gene_2488,1.729416208020393,1.855451991518857,1.8854921847225914,1.7295970012686732,8693.599161991226,3.092823121636943,1.4349241576654774,1.4829535660384763
gene_2489,1.3313228333989844,1.420813357099505,1.2645108536242684,1.3490936702660565,1.4013238551824658,1.725056304570026,1.26764582643419,1.452031347331134
gene_2490,1.3587582849741042,1.1391403307614634,1.2385903667768143,1.1556890173621084,1.625756933007251,2.3832863269083915,1.483505264173818,1.3007623792199996
gene_2491,1.2993565043331126,1.1215831148928201,1.3090509627075784,1.1973222401241304,2.9921343591457075,1.9587292667122185,1.8472540043102676,1.931780155710279
gene_2492,1.249461035610093,1.4290346756146772,1.5001053687978148,1.3249424451640752,1.3627814440639674,1.5051752399608078,1.220032853719965,1.276952966369689
gene_2493,1.4612391540013905,1.591875996962931,1.5959401484831057,1.6742428993738283,1.4646906397185908,1.6089688768330075,1.5726214058178374,1.5057416135282011
gene_2494,2.430002353191448,1.743422341417272,1.3632701165713987,1.334881666671229,1.1499089015713404,1.905701497769227,1.5615156693635097,1.6639577516299509
gene_2495,2.253424136264667,1.6483137587898575,1.5160795194727015,2.1447370055352835,2.061649697984669,1.989831293947743,1.4552644723555737,1.4041263276524631
gene_2496,1.4418108980757671,1.1580710457930614,2.247483523812325,1.4730819785042504,1.601698282591249,3.7685497487096713,1.56156830997101,1.3031841504847759
gene_2497,2.0906617348686414,2.4740702486065302,1.6169067469847935,1.6524034453737675,1.611990683823351,2.2760953085603,1.1668743447884398,1.8708447458019108
gene_2498,1.247449716916947,1.3308202816396835,1.203441197240967,1.142554599708274,1.2001537193794172,1.5968517547770542,1.3944527791534869,1.1464114234670113
gene_2499,1.2516742902005338,1.5331074524009325,1.6755788588318992,1.5521896201486405,1.6490214101381733,1.4328638763396129,1.2887690803927092,1.189308290615971
gene_2500,2.397497993720419,1.2214514581984743,15798.47776052577,1.2653985346414447,2.455534304765158,1.7271293130259466,2.6932514374364778,2.1402654749342287
gene_2501,1.863023958840556,2.10657364401744,1.8398761076159718,2.0750797571963724,1.7783857037130968,1.8124424030498734,1.3806549689540217,36678.37143371561
gene_2502,1.2427014554428952,1.9429526379061044,1.3775074586402152,1.2479082379137454,1.4163981573860873,2.0029712918649984,1.2293540718148035,1.5847337875983132
gene_2503,2.6045369632845423,1.3704683343100028,1.7425691394585123,1.8006739161031118,2.16540840932411,9858.273827627527,1.324289614035423,1.4504020977078522
gene_2504,2.0068731832713373,1.5010255666734456,1.1656420515394963,1.660687894368465,1.3611430351756437,1.3888606060199766,1.755725757390049,1.370526142119045
gene_2505,1.61457170799341,1.8934762538112384,2.9252878909955435,1.5207435381193672,1.6279650956192202,1.0993067139152384,1.2995965929664797,1.5576154869721137
gene_2506,1.2683706359129856,1.9921431505025102,1.7543941338218225,3.1430179220319996,1.211225887792042,1.8602567547154694,1.4091234256359935,1.8251527421506968
gene_2507,2.6459823153594844,1.4214620585212203,1.3547818951146269,1.7103820105448166,1.5967384954168011,1.6870998491083637,1.8790426255039183,1.4244815800266604
gene_2508,3.1827159495228394,2.0135985509056447,2.3788609282902695,1.5099577396969435,1.1906485082554703,1.8277093435874938,2.540851588510431,80992.16290944806
gene_2509,1.502663618824539,2.015343998372061,1.437328694451857,1.6746858595433307,1.553739188039227,2.2937388004576995,1.7253961974540648,2.901967162860903
gene_2510,2.0190869173881785,1.930660138246811,1.5233110475731149,1.3627704214792467,3.3331100000570633,1.2099743000497163,1.5795499195141602,1.1722470039797699
gene_2511,1.3933697663726712,1.3228222980836262,1.4792090745505402,1.1157122226843126,2.15713092822623,1.3621573500023403,1.2212557013154886,1.364997249721411
gene_2512,9393.050257333014,3.2007443099228197,1.5869221649117111,14580.92387954745,1.5839688307597422,2.5939097742252075,2.5031967336949146,1.709504187008608
gene_2513,3921.688021120588,14136.291226591364,2.4000383289843534,12480.91303310344,2.098540540995409,2.4801854953164,1.3907143066660785,1.6604338390272912
gene_2514,2.603355836018416,1.550397559444677,2.369669404383993,1.3512470361714606,2.8655080811125697,27385.93432339298,12959.698327609383,1.3910279386794078
gene_2515,3.531558066584281,1.9804864211099882,1.2108108513857079,1.3530651280474832,1.5601654970331713,1.26498419924258,1.2977473285792225,1.3756280655832027
gene_2516,1.8616972648051406,1.1054210788516732,1.1520466755300969,1.9069599721127426,1.3996534578067048,1.2547997326832232,1.2710281406475081,1.2752812452191904
gene_2517,2.4785063883264664,1.32674361506946,1.371597721932298,1.2683734327574974,1.2296750378073222,2.2860509131881375,1.2071228891682981,2.459455934068556
gene_2518,1.772526819759968,2.9202315026698855,1.3360750764884273,1.6803321258623827,1.5343420495500053,3.013688709858682,1.4509773067056069,1.2901257243196782
gene_2519,1.4492518810892043,1.310329799819774,1.5301696026160971,1.7174865505218302,2.0609889781673747,1.421248295262698,2.6361150192295932,1.1498731453222855
gene_2520,1.4179157508817652,1.506271021464178,1.443185905767696,1.70609331300518,1.767319076942183,1.4953588698514544,1.681839173384409,1.4188635077916987
gene_2521,1.3231602786502792,2.2573385600417946,1.1813334661088846,1.50255368969482,1.2997603332449958,1.6333977130766089,1.4781636488521492,1.7147832981652458
gene_2522,3.1365524864926324,1.4002708250599587,1.868968300475268,1.4462439635253894,4729.861350326942,1.4585278729493454,1.9727277911708558,1.438444983606867
gene_2523,1.3787614253603206,1.0998026498414013,1.2519799522458424,1.219722219872618,1.8353364834645698,2.875517448057183,1.4850087068502886,1.6847836811601211
gene_2524,3.1849950478665625,1.300378095482442,1.4325056004643442,1.2520774425884305,2.2650497043167674,1.4651995946008542,1.5123402710427767,1.2265474002494008
gene_2525,1.4507881385645989,1.5730465371583067,1.5450559040708507,1.4908708208384323,1.5260269722676068,1.1652603277340543,1.486033845956559,1.6324249980429715
gene_2526,1.6235033645848547,2.009074383743405,2.9293601928806536,2.613155526110269,1.9573123370727683,2.497661614779696,1.5250427613558692,1.4939898963779705
gene_2527,1.761374523088851,1.9617926763054911,1.5334972228146477,1.440270345558282,1.503508150958956,1.8298032365612653,1.9511502626863715,1.6998300992490623
gene_2528,1.848031718592379,3.1218556494443392,12533.51827208037,1.1783256737868384,2.9556610627265414,1.9982043772055593,1.3509552812330403,2.358242818435876
gene_2529,2.5421306193503415,1.509860841586357,1.650196497741486,1.8489565522862315,2.3101781534864507,1.740386901245754,10675.706391950856,12171.358623832184
gene_2530,1.2696127105608337,1.479849863198301,1.7251035911660195,1.7170549876090198,1.3889151550646968,1.6411429207986272,1.6999519265951581,1.320360494028977
gene_2531,1.4153652059826543,2.5089413767792528,1.8242938293285762,1.3698487225694684,2.9802952034404293,1.5514598579809786,2.411518815485365,1.7328328326077436
gene_2532,1.6042768001895218,2.685027565355038,2.1363245879021595,2.1254676334314344,1.9595174341878736,1.739864436043606,1.4377355134937662,1.820189362014878
gene_2533,1.779388454691937,1.540515150291113,2.1951573930155477,1.9943132891607638,9652.440624212848,1.9734145081237235,2.02418108852395,1.306528705445889
gene_2534,1.345579061909817,1.454166433791759,1.402996040452142,1.2634283010918899,1.4205247636175302,2.723171569052431,2.1378445535243076,2.4468331598133215
gene_2535,1.777209491981027,1.3333781839765695,1.2959239167477195,1.7341026037985459,1.7811693053991993,1.266764596890754,1.8197132653934491,1.9144518451417805
gene_2536,2.4005233980530014,1.9487436800647544,1.1852510590164798,2.765570948699641,1.7454193378357417,1.2522808961924905,1.5822790679176135,1.4399081349284457
gene_2537,1.440427154351368,1.4558484740158815,1.8630601556440733,2.676504772594732,1.9247328746998136,1.8106772043385124,1.3875256297630423,1.306705414310513
gene_2538,1.5552294682366317,1.6327153392847822,1.3625319656246464,1.4108186298077585,1.436533401194237,1.336174436003383,1.2798958702424104,1.309102528027512
gene_2539,1.3800889746444633,1.2515739064409188,1.306772341464608,1.3200035602501448,1.406964532146957,1.4542161035069558,1.3377372022297969,2.4833320194355433
gene_2540,1.8867341150787422,1.931746421867654,2.600810861360087,1.8461742033398783,5998.351176406928,1.2513656203977586,1.3524555991697105,1.4096972218281203
gene_2541,1.5663650711404602,1.5626720274675396,1.4147575036249738,1.7052029077761566,1.5766050787621497,1.3200127005162985,1.3808582000755365,1.066610734286184
gene_2542,1.7095524498116474,2.625372253169539,2.2787412913257263,2.273247112567731,2.0674580911640006,2.1933540749769356,1.4229750826503664,11379.80855838276
gene_2543,1.4878777313950649,1.8373583922463437,3.2566915919450614,1.4177420884541188,2.760921292398933,1.6343174571209957,1.8676299955786113,1.709663998602334
gene_2544,2.5629145094513643,7823.526822780154,10053.468352765954,2.3643883802570342,31342.3890091725,3.03911266480552,89542.09208806102,2.3262325540732554
gene_2545,1.5340077100278653,1.452665142654195,1.4238637571948531,1.808139882092124,1.6028330346296213,1.3591578156714095,1.5117274030090877,1.1473156180836137
gene_2546,1.2820618903974372,1.1604540964057086,1.1782000255987544,1.1177897740606049,1.2811144967149855,1.3546914848553548,1.2956015966177277,1.271764213193487
gene_2547,1.5856876558987674,1.471806398967052,2.577759806760888,1.2034741398599107,1.6056820890823253,9340.095343553841,1.7339229159449532,1.5146880637594924
gene_2548,1.236674331570564,1.733408900222712,1.3788981381332472,1.2135188668130628,1.2551698581533048,1.4777074242705877,1.2872144578933518,1.4564289315548475
gene_2549,1.2265194100435943,1.1137746854909105,1.3138111943466713,1.0958570497297655,1.649430635120691,1.703048354389264,1.660415893920636,1.5791473386242616
gene_2550,1.9812179581138882,1.9205447683099683,2.7910229996897478,1.6081215076795998,1.4407365050471785,2.184727801006611,10997.46642963139,1.3239781382361473
gene_2551,1.919629466715678,1.5720875465825355,1.842150181516068,1.8679439906981832,2.3287639849293136,2.1648498415621997,2.116701747668836,1.9695279573354882
gene_2552,1.7005425186774732,1.4716699925873984,1.3056918991420525,1.3848215011566498,1.2411389451274353,1.8156020536479645,1.6877956077252394,1.3208284850307406
gene_2553,1.8889904807253726,2.392172422296277,1.3565924331585741,1.6045735054545465,1.3668605726393668,10078.104417214345,1.5223300992720477,3.908018476839881
gene_2554,1.8135334870190538,3.0694546375092164,1.259860420853747,1.6161938114942536,1.4905510059536498,1.6397708659477928,1.2591381979200926,1.3357676234774574
gene_2555,1.7193542166054638,1.436102841431846,1.5752195486381435,1.7542516942055875,1.594335107245723,1.5488988693261259,1.5042325333899758,2.981115278117595
gene_2556,1.8973026693927264,2.1034795932071004,1.3721468732000062,2.589821034163063,1.4836123082853132,1.5806204653090485,1.912935472721301,2.577215110444975
gene_2557,1.6872609019419171,1.8798620493347644,15011.999942728047,1.377889620173941,3.315813952909347,2.6259022006677313,2.3983635901442253,11673.937457908774
gene_2558,1.8463207146480933,1.4201417267253735,10909.426911522818,1.9077745973281057,2.6398814909213275,1.3023063189332806,2.042821697168694,16150.396712155562
gene_2559,1.6320549367880162,1.1274816299780892,2.2826844841598284,1.3843751087869303,1.924813818685661,1.3990845716371303,1.1020810653161908,1.407103966959477
gene_2560,1.4926894163329205,2.00176259037505,1.3652189376645076,1.416812637364887,1.314232125913079,1.20219579449644,1.8144394024641675,1.230344853536742
gene_2561,2.072692542069762,8411.486962242168,2.5213234298785983,2.3851103531916413,6579.6654810315395,1.7868555085513937,1.6433030914534077,11779.04428949793
gene_2562,1.4531830820407658,10201.209339038141,1.2047253978237993,13182.114357945564,1.3915940655820018,2.0405461515220074,1.403961730356177,2.179054810835359
gene_2563,6498.517988740049,1.3714360393020626,1.6835097523247937,1.9035399146293879,1.5355202769936784,1.6828620774514167,1.9216699177048888,48397.15917411376
gene_2564,1.3656643635570358,1.622075376670677,1.3421947896635071,1.4625332712036925,1.6424018405908352,1.2741427579206626,1.6403585843022122,2.4846910947755965
gene_2565,1.11832992126331,1.4186512163372467,1.225038882457193,1.2430295244421201,1.4148506645320675,2.070747753783818,1.2420995430483845,1.1546336456874835
gene_2566,2.985863800561283,2.12077249752725,1.240283212385229,14708.220230513625,3.512186589670764,1.8756567702061075,2.112807806935857,1.5446356691348282
gene_2567,1.4524290594899685,1.1983106403119352,1.3450090908670616,1.2442713300022363,1.292788429008154,1.5518867212704597,1.3024611372937276,1.3832959583243303
gene_2568,2.107649448193071,1.4665823565071134,1.8151400380819944,1.2287180919537957,1.3659568840257943,1.340692688915875,1.2310144460489358,1.5620035393201053
gene_2569,1.7120765416233452,1.7593914872753038,1.632392175267961,1.4176384599654404,1.2384468188519409,1.5587787788647711,1.362312554550758,1.323235033342947
gene_2570,3.455448538413296,1.4165004484538388,1.5063264635322375,1.4267405631147099,1.5100404046869533,1.762694496224622,2.346409844199994,1.708812359818025
gene_2571,1.3223445949099624,1.4508101758330747,1.1561127257863464,1.3154253895401418,1.2721646866452616,1.4665633771790432,1.7847961790503273,1.4913151485891425
gene_2572,2.0937188348965736,1.3609555539469764,1.3114326882291252,1.286015126715537,1.46803875823235,1.4333474362154053,1.2716702095513677,1.6249902483069254
gene_2573,1.8093305999389138,1.478381890781587,12821.301404767235,1.4699996906161261,1.4432615309149714,2.1026143617033823,1.329785041615021,2.015093442767615
gene_2574,1.231899152149286,1.10913833942196,1.2226667581874213,1.4430022060271663,1.4873285003487282,1.1887566381501518,1.2543211564550878,1.2110286009988844
gene_2575,1.4350519226687517,1.3516134717955692,1.272290797035749,13191.006284463068,3.9306137642888532,2.065265455562708,1.4703615894776862,1.3783235930544084
gene_2576,1.9194227402773383,1.6910640219667568,2.3853575862249334,1.612494903440589,1.387374307567559,2.156550521860468,1.7470551973385449,1.509721915866222
gene_2577,3.6049062403526344,1.8507350399089337,2.4117257271429113,1.651636688215457,2.824072984882281,2.435566614960976,1.227221020888107,14747.218719910721
gene_2578,2.0101198747391376,1.1991746270435044,1.3394760488488984,1.2172872311355614,1.7199438847806887,1.348559332306165,1.723327745186308,1.5898642221451944
gene_2579,1.6015860572472447,1.557629052958926,1.3981361733675406,1.6492486864060094,1.594324556816961,1.3898157251298773,1.9318943811807063,1.224844709702667
gene_2580,1.4454723626500194,1.447938561292933,1.360467713004299,1.4337689432928815,1.5282748223453073,2.1548948349799026,1.3103442097990587,2.7207852641570645
gene_2581,1.452655876244234,1.5108846733576602,1.5290722271790125,1.2426562605516365,1.3930137711516455,1.4264571312121548,1.2671308477163623,1.9423193289370198
gene_2582,9727.266857904071,1.7950854372216254,2.2981260621764124,1.2543517337383496,1.507659179543864,1.9821256867194952,1.3421239589692,1.4012811915802172
gene_2583,2.3924288742928366,2.325139693010378,1.6994766726694155,1.3083293622888743,1.9275999110000155,1.4608113760455608,1.4728196521161518,1.2481524163244113
gene_2584,2.0252744320473024,46053.80571395746,1.791331462288561,93223.96827280702,1.6798648980853181,1.8654538816573574,1.988356131542773,11792.62146800501
gene_2585,5590.001771717847,1.7267654678355726,1.8539877183519644,1.507375470000241,1.9963405632557472,1.7704859035385834,1.208013024959187,1.206975064665372
gene_2586,1.7442676079784938,1.5349375650144916,1.975753476181441,1.4634870215970794,1.8757030779692183,2.527671377034646,1.51579725010317,1.40917770227423
gene_2587,3.9296051620782655,1.4656557879550158,1.571338989700123,11169.492835038138,2.467162318679245,1.9954709794106202,1.3229384297941527,2.0499607078100843
gene_2588,1.5564442574049098,2.107129823225247,2.5813556122209795,2.532831182438621,1.269572007832534,10865.908873697104,1.5149226733914711,8490.590189000437
gene_2589,1.4653045024691145,2.75855273279497,1.3980214469752896,1.443844947498015,2.0320172626115984,2.0050187193402462,11378.283241318244,13154.436391632196
gene_2590,1.2259021495610773,1.2376062911950572,1.2679877079448292,1.4165769971178757,1.7411723451697885,2.343984587580099,1.8414122219802418,1.5651646254405718
gene_2591,1.225389581626693,1.3744674101785157,1.4199175120448424,1.4780506804426001,1.5796516092524775,1.9147141860663186,1.8703520405500391,1.6561264691048494
gene_2592,6973.986930301933,1.7312435880797081,1.7085379411816466,1.5196036651823375,1.6637017273946326,1.9618086141165216,1.6248540566321434,2.943712817669867
gene_2593,1.2782318764394598,7867.868626008144,1.8149940398230584,1.18151523011615,2.2370213122095004,2.2687784349166846,1.9688922628039853,1.40588645694118
gene_2594,1.5197502726392882,1.569272745158053,1.5235994786036733,1.9612168991335275,1.604641999035533,1.5907886064069223,2.0514219692244686,1.227099784876883
gene_2595,1.7147922182691437,1.5283477099212286,1.7607307301683208,1.4993469669420703,1.469953871318412,1.5468401453894158,1.2951911103215084,2.58794990982082
gene_2596,1.5479612143690227,2.4643031014550623,1.6091795518970122,15239.210106818864,1.754961093282409,1.797257469340786,1.3142950206898922,1.4988295331433092
gene_2597,2.253149832050849,1.8395469325901534,15723.052424352774,1.4686813622342372,6018.003396333797,1.8682477924851821,2.0521199511745167,1.8620387636258438
gene_2598,5066.689967170393,10973.44909781048,1.2888012713355705,1.6582105097658566,10029.199350358278,1.538851568875503,2.9603454878926954,1.695509183672956
gene_2599,2.7688875343908474,1.41385756649437,1.4155712714181696,1.3441051108595206,2.473907023745267,2.498463409898613,1.7182164497778079,2.3245940810562726
gene_2600,1.8250344548436765,1.3414886559232666,1.3395744789443162,1.863625767263842,1.3297143724327287,1.3551581921703129,1.4808942743170532,2.362564731190637
gene_2601,2.338259492289802,8269.930802456522,1.6880979083391696,1.5832947541252251,3.4763243050147503,2.5765953460268753,1.7760884165713966,2.112621123144034
gene_2602,3.2950489288678186,1.8685601493095845,2.1004007290276876,1.3493440003196486,1.5683535021318216,1.995119671921147,15453.344185445218,2.1827454834765345
gene_2603,1.2904714010018459,1.564686776836624,1.4114431348239924,2.2410654166677153,1.5681640893027136,2.200223252854676,1.726056172559061,1.3940325963012419
gene_2604,1.8592427194547885,1.6170270947023435,1.5406205171076741,2.217766191774931,1.84128587882292,6770.479089593293,1.5446638347272452,1.2281506766302457
gene_2605,1.8214731124057157,2.019492795625345,1.9741869295907826,11642.911603671413,1.5707478019330978,2.0722237351761397,1.5809533018496083,1.637075497690657
gene_2606,1.4997211836655293,9724.061568871844,1.3210254918696656,1.651674778923675,1.9228339735627735,6364.269123702402,1.9835113848880266,13129.6402594103
gene_2607,1.5513852876381364,2.9294691521198084,15933.942566660662,2.2130980280660246,1.8392806031447233,2.0623604700746987,2.242607013660917,1.30307607610185
gene_2608,1.7437779837478935,2.1713810502728172,1.7921363908963563,1.4243938819136437,2.874614080701814,1.2627353886120842,1.6311504794419673,1.6788312718308953
gene_2609,1.1123054327482091,1.5283726332381324,1.438810866422523,1.7693285131248067,2.769504398788308,1.3726120582690744,1.6052098572052695,1.4735503735120008
gene_2610,1.2149096461903246,1.58671101853155,1.3738849575157637,1.164689993865706,1.448603537031507,1.2179874417583825,1.3921652075295265,1.4882652087341455
gene_2611,1.8940153823672141,10335.160420366354,1.3949523081118849,1.5751121557079244,2.5350985071560057,5495.765413034899,2.080681329366786,1.3257784828091164
gene_2612,1.40753384326197,8613.101207715099,1.1572550825243078,1.1116315120091005,2.1030751978095985,3.111730807547096,1.3021494244351743,2.4002084184186248
gene_2613,1.5858429504593248,1.2172787305456143,1.3250012478661413,1.655059335878102,1.1814474226323974,1.4173549641368492,1.344680378836493,1.175537254703493
gene_2614,3.7581821139479503,2.384605216589039,2.0999171167478883,12142.654881459308,1.6944011265078736,1.7219091907763566,13469.523082592006,1.5323982776308704
gene_2615,1.9116652429851166,1.4250778523617555,1.6009704671444316,1.2155533717636084,1.7431195736232932,1.8961051372012676,1.293900485772154,1.2242884712339093
gene_2616,1.5581637809906457,1.1244828437171588,1.5129768868414395,1.348752758894524,1.6069789607019562,1.7503216642816735,1.7458559000419955,2.0816265783780965
gene_2617,1.1637356153324794,2.85862596041763,1.6387601262206881,1.32770064973845,2.164919544773979,2.6319164155979027,1.2261079633105847,2.67958824690374
gene_2618,1.8036266839657153,1.5534618955316488,1.6230999497765564,1.6705351899809138,2.5753777683008474,1.2429036589011042,1.4320484662958919,1.5301188154894603
gene_2619,1.3824874515190426,1.1188593282001291,1.1177927829363419,1.6642329182029063,1.574577523684856,2.095085072342474,1.1739886060960762,1.1988582734188125
gene_2620,2.456609126076166,1.7641374241063252,1.3074452053898376,1.2195045964021094,1.266919614473576,1.2538353927645742,2.817026932420361,1.772068195528425
gene_2621,2.0194715391638725,1.595397210632921,1.9544884772436357,1.4225629668072284,3.673318794233134,1.7926023983394193,1.449660363361359,15485.516714174842
gene_2622,1.420672136678696,1.6182319613951632,1.4836603216058768,1.4864394512015746,2.083968596073266,1.321512907801076,1.3488464213705043,1.317034135964043
gene_2623,1.5721026436162067,1.46891796357354,1.214005252291689,1.2586748339536695,1.6880989863444062,1.7967136827915575,1.1613458203883777,1.4673146780505155
gene_2624,1.9938302118022928,1.3393378371608788,1.2086432772939644,1.302768700463313,1.5071483750668382,1.3561634479836195,1.2437331361836501,1.325833316810386
gene_2625,1.8310365597229739,1.4507387080180605,1.583783394283105,1.377268508838084,2.7584974790380756,1.2290349956003233,2.682357262741492,1.4565059922795673
gene_2626,1.5628611796420615,2.694626464040848,1.1778357338259546,2.6493865625441435,1.4944462176129403,1.4056657336967524,1.4014088979962736,2.0978174415535604
gene_2627,9032.861543056153,1.5869976144492535,1.5660541102802858,1.7368600373134235,2.2096020761645994,1.8603066458038553,12062.791754536345,2.311544920304042
gene_2628,1.9085400506987296,1.436840743930719,1.7373609785634145,15491.11397157518,1.8569219783042181,1.6168197131232718,1.3502212469267574,1.4778464837109826
gene_2629,1.704892046897757,41091.1151345408,2.5675599724860474,1.8781125162058883,3.689973939229236,1.3517419678853597,37643.38372692285,1.7520316008636772
gene_2630,1.602641903866635,10692.974707896494,1.5775450955914911,17882.405397197213,2.795796939386806,36943.25044273301,1.658422621198082,12097.090514161597
gene_2631,1.6734538791425235,1.48013524862598,11446.525390300194,1.2874483530218748,2.0535377674989452,2.043783858337012,1.7374352174762606,1.3222715837363943
gene_2632,6264.461235016775,7116.014267530864,18145.483084278643,1.7273593478959872,2.05625506322711,2.2273972739544106,10824.485950176197,1.9089101023541173
gene_2633,2.2543478188099324,1.5173993286216623,2.471439282072139,15952.748999419426,1.9971402049048037,2.6543029206295192,1.492594697937405,2.349343687536538
gene_2634,2.0310254921899102,2.4371157075368353,2.8104234928925513,1.4247577595049896,2.5799844098463307,1.9417088863388343,1.5485686616036725,1.6643732831658695
gene_2635,1.636938128106623,1.3979259571606688,1.2577229199003352,1.364832067291266,1.5823896078205495,2.0414003255877353,1.3452337906605523,1.440037435557703
gene_2636,1.243592674058274,1.5683196192526714,1.4151497874659276,1.5067802004149033,1.575053659809766,1.457674969761491,2.4410864901021974,1.3213219914023504
gene_2637,2.22338708042164,1.250944140364189,1.3477389740435384,1.1917271101300682,1.5546321583073808,1.881487429716671,1.247716684874639,1.217543823547794
gene_2638,1.53720374024068,1.8017913815350068,1.7744513245509894,1.4292346239801124,1.1604253987878728,1.2710816562522438,2.9711739074792005,1.2548993996718203
gene_2639,1.2852134246601417,1.794625811988332,1.3237889743543412,1.42510805841955,1.8420996157579896,1.086144640872224,1.494283263481516,1.2111264633628473
gene_2640,1.5654956136384903,1.3522910172671363,1.3216594349134085,1.7495189293154114,2.2858520169409484,1.5874228974426996,1.295013227519858,1.3505490331713097
gene_2641,1.9617476068692126,1.3240884601617042,3.049947962474793,1.6285219362605514,2.1260025891583063,1.4742639970497506,1.8033109470374205,1.6639613513066294
gene_2642,7934.534770068383,1.1294743261586329,9529.572068148118,2.3871263950280714,3.6088312245048475,1.9996109422280595,2.409642013376779,1.6618855016382648
gene_2643,2.1088309660739744,1.923327609815002,1.879854131508239,15035.692630565161,1.7656053627164228,2.153893723249889,12335.635448116915,1.9371928959615055
gene_2644,2.9538717088380557,1.3719546211998432,1.517475241037533,1.2580372474822312,1.6281527048064977,2.2930026563611636,1.602715860186705,2.4700137367423336
gene_2645,1.823947326078189,1.9533256792952614,1.4869066069434842,1.5441770917661535,1.3099254557696194,1.5765325137704589,1.7927881980811244,1.747912107566064
gene_2646,1.555461474294119,1.3703408579810799,1.3068740407494484,1.1891012351033856,1.4922942077598806,1.6381328178112562,2.1844706977976642,1.664757176476072
gene_2647,2.1295700225253844,1.5303890769611015,1.169385248541199,1.8614350546855074,1.4616265825082673,1.5411876788234238,1.2437939467436407,1.347865639144031
gene_2648,1.3391626479251793,2.1934903940653245,2.407367018563212,2.2417583176859672,1.3628996492224879,11638.34285824044,1.4984702237305334,2.416692942207701
gene_2649,6791.771195724849,2.137537067716911,1.3149046745654531,2.300250777587805,3.0332693072243035,11339.59791161736,1.345092767288355,12972.00162739049
gene_2650,1.3455967415276906,1.2968809993965853,1.2507143982719515,1.2246509540115569,1.2477273373004851,1.626627781828449,2.1054449854765256,1.299291664508495
gene_2651,3.2901924156309414,1.8697939115656363,1.6285340340532062,1.7047213246389226,3.764522652310917,3.2475471178493907,14023.364142180362,1.5476960236285036
gene_2652,1.7257281879220294,1.7850867837870297,12413.30378458294,1.6129885435040239,1.3820402676098806,2.9703632859964197,12127.329381073649,1.2458500633824037
gene_2653,1.710010885934238,1.3500033726431995,14621.389929804936,1.2111690561048576,3.0291736701717777,11055.551950909981,1.3715317613064097,1.7486899205065205
gene_2654,1.2801400161717793,1.2850732898930617,1.786792651882035,1.4853728105766144,1.4969001914235018,1.6493186144715528,1.1744166161274334,1.272758475998741
gene_2655,2.0577527816379164,1.7806867522537815,2.049212386079251,14275.645647720241,7659.612425010698,1.6623085512476898,2.4726038412108657,1.9622773293344138
gene_2656,1.3716529032246672,3.5575780808239643,1.5377237803953587,1.9337769822754913,2.464659529411081,1.4461804587199518,1.3119137378824524,1.2363328079521472
gene_2657,2.335855930998681,11024.434814651993,2.358701048318097,2.750877662668551,1.4832085815243359,1.5654375074511804,1.7751590347835189,1.843522020088151
gene_2658,2.742058330414912,1.1616343679202141,1.3405841471239197,1.1108755469767433,1.834214712530927,1.596234259576599,1.2269044434812857,9957.973524221106
gene_2659,1.2104385680848146,1.4329505309003765,2.0369981744645,1.363621993947614,1.5890772172764267,1.6040185185415852,1.652677331502242,2.3659361872782068
gene_2660,1.4485604744419702,1.3286145481956773,2.6434748530692804,1.4354432690805545,1.3293560278280758,1.6924160357193065,1.4850024753354192,2.2479424412161375
gene_2661,2.0891042423524397,2.3846064687155,1.158218702656862,1.2332165906259047,1.3915779668986232,1.393131730203101,1.2549499508878854,1.2849335443550698
gene_2662,1.5342286111168006,1.3267032445285545,1.6281092923158842,1.3306688613070126,2.1349606453492367,1.5975504558789986,1.6392248018108344,1.3394804000957752
gene_2663,1.3242786147821728,1.197755155509521,1.1629932153237124,1.2104734829227648,1.6169559354260143,1.4154707604870829,1.6783302940816485,1.13656796597085
gene_2664,1.4929664202580635,1.37288548917936,1.8320218327492859,1.9689864891783824,1.3834320743325008,1.6719924877176657,1.2534680977797001,1.5125875689946215
gene_2665,1.5079433273325822,1.3617582937287698,1.3115433714962073,1.6534277596952711,2.21979344901812,2.585995313063511,1.5687482106781576,2.6905138276350984
gene_2666,2.404294537169387,1.4351307245987024,1.4861710274375302,1.7177231207957446,1.3255455781264653,2.8313477665013944,1.7236146630423745,1.4182020922191887
gene_2667,1.2714994644862774,1.3245032229437754,1.2645815997844854,1.1081683634012665,1.312082921504485,1.262219421967189,1.235241872262295,1.0863359832673025
gene_2668,1.5480673568358136,1.3863878332416282,1.6805305649232816,1.2653899932058426,1.365284375814762,2.3694186662403998,1.225203346939728,1.9264720565127595
gene_2669,1.5054284904841881,2.9688693951127187,1.393949526040876,1.173137531115325,1.3640708401648272,1.5841410115180388,2.0286755220538004,1.4303257649350378
gene_2670,7891.731683337927,1.3776683360291395,1.6528193001314002,10575.313481955436,5533.10769376028,1.831867514491651,2.0299539308333716,11306.649124715192
gene_2671,7631.69081544516,11099.74465859066,1.5262268667135244,13698.976840719777,1.908927140750121,9409.521998139893,1.4837769803108967,1.6372440257560803
gene_2672,1.2875837649803612,1.5682354492259134,1.477075386522449,1.7957259520079736,1.7026617406935423,2.052129363858636,1.8700835579638522,1.305555894054537
gene_2673,1.3693025664583474,2.2226599663676443,2.0638680085566365,1.5049573971863013,2.093086645467953,1.9964509347414698,2.1752131231092378,1.5443219988187327
gene_2674,2.0991472683564556,2.0764747146989566,1.6896936522024353,1.6711575636231097,1.4813115861045998,10647.833116900798,1.9510994662194712,1.3286811586924492
gene_2675,1.770003102529921,1.9908835669672251,1.5600389976917455,1.1796565654204527,1.5910331069793002,1.8816667323560274,1.271424428925422,1.2368703844583755
gene_2676,1.1672745357888845,1.2880068143160162,1.1953550744753547,1.1610113012516623,1.50942629719621,1.240592188200047,1.3617342706069921,2.126756849843676
gene_2677,1.2293140171264696,1.2125322617587928,1.2372879823973908,1.0753224643995565,1.277027362158824,1.2521592504227055,1.4421566581204452,1.4709034694386636
gene_2678,1.7142705598789223,1.3052483893585005,1.627938907131955,1.3349994874914966,2.798011153103317,3.2120422688850616,1.4702510668002189,1.7086317349882685
gene_2679,1.293340970541529,1.950401115426712,1.8648403638418707,1.4222737228017672,1.23296148370419,1.4182691906793627,1.188977594494405,1.4429617766298237
gene_2680,2.863887294562176,1.2971027857202824,15990.184177378078,1.2525743789588104,1.6647993835389878,2.873845282940678,2.6361399635262965,1.759649611733791
gene_2681,1.2854572499719865,1.627300550896827,1.4172467560575408,1.3534969584407714,2.0169384571173814,1.8648985899329251,1.7948171690780552,1.4360904809601782
gene_2682,2.126245271459647,1.13617732592907,1.4397064039253935,1.4058950075854555,1.460489378628596,1.1780015959441785,1.3002085770495742,1.3095012221451052
gene_2683,1.6131893617563917,1.1410309699271983,1.2812316108105257,1.4131258166125094,1.2181625717792361,1.4596288126534418,1.4433587164958992,1.459699044295445
gene_2684,1.6998344845534232,1.1885433241239456,1.391463924731665,1.2850213377764648,2.0333634315552604,1.5141818643746952,1.6121032963296908,1.5232716964851722
gene_2685,5488.85454864516,1.6458721227720317,1.5400312459250924,2.878546043039219,1.2684187515527376,1.2794346759408632,2.129806421835246,1.517171191673635
gene_2686,2.716504178051208,2.3048417723325945,2.667360193489323,1.8359833021066054,2.1920222765145145,1.9500573105159453,2.193293726505819,1.4234125777409163
gene_2687,1.3755729824527863,1.9844303433905224,1.2683562407964264,1.5620677867113495,1.2766040670385588,1.6349414522020445,1.2278802621750797,1.3841447745009126
gene_2688,1.5987910106434557,1.562723122001729,2.644365058720808,3.0062938709770344,3.0036932134977423,1.6581369258805188,1.5665928638091613,2.213351074663243
gene_2689,2.145138194819827,1.382207555576152,1.4070342885723386,1.3098069182874224,2.7969375516473565,2.2637570413264294,1.568146305963594,1.845684467759175
gene_2690,8832.480076804652,1.7255788583378275,1.2640556759230233,1.2602668090112448,1.8455232173875926,2.014962076583899,1.4311050935679457,1.3772488513672072
gene_2691,9133.507139070965,1.349281516375762,16756.932813765616,1.5773204585148808,1.5908621438458095,1.6665193095493076,2.027986496125074,1.832889842195222
gene_2692,1.5828977504857953,2.078549177779831,1.5900237788203362,1.2455545918420488,2.2580107311353386,2.430346651331349,60334.79903391631,1.8389928682159262
gene_2693,1.5304775880106898,1.4568158655089163,1.308913177859339,1.184002588578868,1.6757582118635757,1.4687577384998858,1.5029871052747295,1.393397668533902
gene_2694,1.5227402543590762,1.4441242441570377,1.3140255207221219,1.4916661170430499,1.959527262643438,1.3812349129600727,1.3007458952171256,1.3091683457033578
gene_2695,1.5557266971602381,1.4951407407886546,2.1157311984479596,1.5266903536077991,1.169545353408202,1.6710967410058586,1.2932606676615883,1.3628685273643049
gene_2696,1.0783211748524932,1.2599185040554033,1.3819780094671184,1.1979017858722212,1.2790362323319733,1.351159759673516,1.1251295843670972,1.1658804831010918
gene_2697,1.7953690056117848,1.652948650014099,1.6858719526745307,1.219091601854572,1.504798217318387,1.8238034822626297,1.539407883061343,2.1163221493608666
gene_2698,1.5734449962678243,1.5766787105837248,1.9872979526215613,1.1561732430324703,2.3778459513275827,1.3435832602174722,1.5323747445103733,3.1986133342257803
gene_2699,2.4216207884121284,1.2933322227549202,1.5741325271528814,1.7635219917641645,2.707232789091915,8489.47605258073,1.9060813512546801,2.27526317689823
gene_2700,1.2470866422033926,1.2325254076223522,1.3665810166387964,2.491453010693919,1.745550287837557,1.1770996637822861,1.8483491247581347,1.6082257213041697
gene_2701,2.8850082619953286,1.8622991183914581,1.2933211825165811,1.3095243140354145,1.4324231729634496,1.5874335774453134,2.5788639966925224,2.109724869162875
gene_2702,1.8066169677015393,1.442661717534628,1.6518706071190918,1.700981285585338,1.3561976289252087,6847.089251607713,1.6850322131238358,1.4074555860780877
gene_2703,1.382179851489613,1.574626825881504,1.632202006725725,1.3140750658200162,1.7889051079906226,1.5973259347027409,1.7333898702498993,1.6917507962250657
gene_2704,1.6436895650210623,1.7246088293496649,11361.946248587246,1.2882965545131513,2.964608413965358,1.8437170607923326,1.4026068191879861,1.8645397566632615
gene_2705,1.3969097794151428,7578.736079753552,1.8738390355784416,1.493179667058128,2.1381590311710363,1.698500463100563,1.273959453733404,2.0377407616876324
gene_2706,1.5176559877877485,1.222643915398887,1.5726610849576257,2.4683871748731456,1.54205917031081,1.7059694612122331,1.1772538878942143,1.2663546253585167
gene_2707,2.0870135955109843,1.4226038252866633,1.1115112075195173,1.7354200124011845,1.4456148667647544,2.81669011416334,1.4929512356706545,1.2997707556271094
gene_2708,1.836604035873271,1.257114007931415,2.125638522421053,1.0841210276832836,1.4284973954868319,1.4383351394238042,1.5362643657513184,1.2086261601584443
gene_2709,2.548733221663269,1.2682782858626982,2.9246931867364454,1.325833317788367,2.0175773283725364,1.704379272626819,1.316553663519523,1.2423431645545742
gene_2710,1.3040452041020616,1.6138962316164716,1.3553083623591857,2.364952342342783,1.4625641191153997,1.5763220476342736,2.1965667253377505,1.6410988239171118
gene_2711,2.5544691229397714,2.18320228726759,12073.041285493118,1.8078167418374245,2.522219766241478,1.544881903467054,1.1941584021718763,1.8438368495510107
gene_2712,7741.116611320389,1.934977689985071,2.0017400712905347,14891.207663019359,2.559744327393452,2.624908137870247,2.2991874577242397,1.3670168050659246
gene_2713,1.3235922666039914,1.3764283319335906,2.661162576039622,2.658580664112743,1.4966119317537456,1.862416954707646,1.38092075352886,1.2728160458357667
gene_2714,1.3595042857537687,1.678226310977818,13952.154232442805,1.3935562660230294,1.6613053135576241,1.968549000492482,1.6023048290924489,3.0283994929254687
gene_2715,2.114879246296955,1.9134206622245735,1.3228083117771765,1.2196372524216401,1.59762070221205,1.717586925670691,2.5907254911423183,1.9264017018573596
gene_2716,1.5209044914960954,2.184999979013565,2.804267668408602,1.4499296182187407,1.4950904087429417,1.3737169627274661,2.130073178068108,1.3047101543428556
gene_2717,2.2654667519025042,2.389964876168039,1.4197105763506765,2.2250280285593425,6274.373497877651,2.104690583506136,2.5578255555655587,1.8578578375457344
gene_2718,1.4144660098695803,1.309618502415533,1.9779222299288863,1.6818002800473077,1.6608473724157082,9574.50264540697,2.5332077032098415,2.199012262342452
gene_2719,1.6248553824742802,1.8479151940075398,1.3199348407294784,1.52341203341624,3.114238010122202,1.5234673709270212,1.6344685382034443,1.8186478280060598
gene_2720,1.3086967029691339,1.7625639199503407,1.5355680708088106,2.515229122796888,2.5359353929944874,1.5506883916419778,1.2673343954530372,1.3156038868711737
gene_2721,1.2356324529372402,1.366010577765612,1.32686296769232,1.2307827703010827,1.7107373457883785,1.2137741515606846,1.1363484362560328,1.3891093368998115
gene_2722,8722.468219830354,1.5507899702693893,1.4641165120776505,1.4067901671370713,1.526847740512666,2.7714096951406466,1.6647948493439666,1.5482819814872004
gene_2723,1.8985153237187835,1.6954915465603608,1.8363019930992774,1.9701040606852005,1.1607952045647827,10544.542072360191,1.5761416264597834,1.5327110336893295
gene_2724,1.904258145691199,1.2320576702454946,1.3216611791588655,1.308075350849428,1.7477852474269833,1.2175775186260251,2.809001113574015,1.2234493936750934
gene_2725,1.3711994384768798,1.4594371543687172,1.702738182881259,1.3464833868306665,1.746408225810334,1.2798658094574005,1.1953849005765358,1.8636775307772286
gene_2726,1.1910049034221555,1.7330225075513144,1.4775893907785902,1.5470141946803033,2.5584439693912504,1.2230259556689091,1.5412020108111744,1.3106892573070963
gene_2727,1.1498453900160284,1.5512730873149732,1.2741276902306624,1.1090035421611564,1.8941355494111625,1.6143141154876244,1.2489270077375436,1.2660611490582812
gene_2728,1.45376409510768,1.4418231487887365,12271.054180409486,1.5301248442042643,1.4445569436064134,1.2489218942744615,1.671360050877219,1.7075815805475179
gene_2729,2.0028031995998044,1.6147926144667417,1.3965328350356063,1.4112546649319888,1.4169612042324757,2.157295030480386,1.5555046001610338,1.6111089371481655
gene_2730,1.990374042439488,1.383476253495807,2.5119508580010548,1.3690498062088914,1.8584326219063445,1.6678591550844362,2.9566152129055685,1.9351751066348042
gene_2731,1.725667267848148,1.5872156850810817,1.570115146486445,1.3272351839294714,3.460144624655738,1.2684707635897396,1.9022946766816202,1.8422837693732739
gene_2732,1.2643481011316813,4.458851035406625,1.5413841648431557,1.5157873399182245,1.569675683820352,2.6494360447283087,1.8447774906439829,1.6838944562992997
gene_2733,2.4023320930103456,2.843708044953772,2.410780359088521,1.7878831920544886,1.7126355813379415,7102.634288394894,1.4281769944154532,1.8730627158802347
gene_2734,1.4069654536474523,1.2978165342617314,1.2970793243021363,1.3168633301048198,1.1989970725219503,1.4517584927036982,1.4806342535502055,1.3597545167167948
gene_2735,1.6082922041065544,1.3624339658294515,1.2631021187690528,2.0128139212061735,1.50202712682111,1.2251388974988318,1.3393312669140924,1.164618530857383
gene_2736,2.0384333203596716,1.2184580032224495,1.4855535873156405,15633.975163825295,3.34907750413303,3.338156663560372,1.4245737350574434,1.2885647274892746
gene_2737,1.9689971770434833,1.7230241194702542,1.1392918335431612,1.4646476084835112,1.1408519250386113,1.1856306217134471,1.8201382533722592,1.2506931545212152
gene_2738,1.872964294781487,1.4188475685550836,1.6077396313988532,1.5022253284873333,32463.93757392487,2.6773310795591354,1.4877988473076957,14098.469373789632
gene_2739,1.5280101926337095,1.5604139469452314,1.22851368783774,1.0837371810620313,1.1593337066343585,1.1718696136475153,1.1788865736530558,1.227704179811805
gene_2740,2.1197566491555846,1.4707624085464817,2.298041191895633,2.4049845298639316,2.9035278155243733,1.5758292606041313,2.006852061588297,1.5188804701859449
gene_2741,1.443321100541397,1.5755575444929517,1.440548665714477,1.3211349062779625,1.2238209373657278,1.2888227568231114,1.4541203648761443,1.1963576511337217
gene_2742,1.3213013121540333,1.2184472066185141,1.1999142100557016,1.3257054671529134,1.3800599991970763,1.9207815691510328,1.5889412130741616,1.758623744737477
gene_2743,1.951529835548971,1.817255877262816,2.1146869112981537,1.6537365706837865,2.1387051681173728,11544.783945180625,2.6504081438588756,1.3313647685759253
gene_2744,1.5862050046224383,2.2008080075331162,1.213387269410744,2.2996095088441115,2.183700321212834,1.645239984126202,1.2339113182156574,1.3179081862922108
gene_2745,1.3524952840635762,2.8064117559588517,1.3836205495296394,1.3146127412387678,1.1544889579579765,1.1952896916547862,1.2634888949597618,1.247966539055181
gene_2746,3.29508063354209,1.535239457656555,2.010597716040693,1.2186209503124175,1.527213997968956,1.8407631442074388,2.8710324115793124,1.259461996398378
gene_2747,1.4954159978127435,1.5286861468930364,1.390309679313581,1.6419965118166215,1.5400278623532773,1.6561843168866222,1.3642449871858349,1.384681785104617
gene_2748,8396.166637512408,1.2566745759104652,2.0663835339150567,1.4873936152774914,1.3844914994437434,1.3903391478441682,2.679785536265896,1.575073352576993
gene_2749,1.6008789994739037,1.8453181551842135,2.5592486911228796,1.3895453118662688,1.853392660056908,1.3153679212339258,1.9247713914871238,1.2314749354650276
gene_2750,1.4448070245643163,1.6362331220678643,1.095408506918482,1.180479600265975,6864.465484951195,1.1318605537453552,1.9909988031520733,1.3428041395063803
gene_2751,1.5172437186276042,2.1445081457152466,1.3113116014663355,1.8067724021032343,1.5626182136176918,1.3645475218581735,1.8843888430260076,1.4137456055468893
gene_2752,2.2609476390929357,2.4116789763252546,1.4544700090850502,2.575232835857958,2.2146158433721856,2.2738154980448217,1.1703066532220594,1.5841955490482948
gene_2753,1.4154339684309352,1.2124518171799865,1.3390735047338658,2.5996525952827993,1.9441417048747351,1.754821187464532,2.382962645964546,2.200947706080294
gene_2754,1.1723885083723098,1.194239307446575,1.3593025875631553,1.3075427848643153,1.8906515722210484,1.3613829666258002,1.650369564799983,1.3652796852584923
gene_2755,1.2831717315075568,1.5132880701909026,1.2934247646993287,1.1322883029295587,1.2290604407751373,1.4672041391707125,1.345888641325939,1.4700497031163542
gene_2756,2.007780600319729,1.5460906064548983,14096.073134300035,1.31504489885041,7264.760451909617,9843.88834356404,2.3058782001225016,2.2094231712064247
gene_2757,1.6537895972328804,1.9910369007076938,2.8046235363884753,16509.235261762915,1.3418212573443151,2.6085449231083637,2.2681720465173845,1.721354554789746
gene_2758,1.196335628479605,1.7919087067363253,1.2528322121802924,2.4992632578018434,1.4327341087359142,1.30193560499368,1.4616070592443247,1.6375905463341958
gene_2759,1.1333211195025594,1.5352133158383825,1.332010626506713,1.4784652679898338,1.2813876925764383,1.2375330048833644,1.2146975167279142,1.5921152671527454
gene_2760,1.4812339030906223,2.139440350371089,1.725000966920633,1.5363286373987637,6975.6602616120745,1.4522476014301229,1.3911518814487398,1.8244694522053926
gene_2761,1.6852109289753763,2.885998092177716,1.5108433042872011,1.5857739060246077,1.6608724831857868,2.8757461161878237,1.5196353724379426,1.4226053916390025
gene_2762,1.5112100892312172,1.810460801849584,1.2997929068921188,1.4991279529370571,3.296971061268553,1.2412028574362874,1.3120201032708767,1.4119888632765216
gene_2763,1.7294737159328597,1.5976239965305203,1.6134086476253977,1.2898495467394138,1.358515495992203,3.5269406206484706,1.9077817175404068,1.643485678782477
gene_2764,1.6418196961925717,1.2136138746088905,1.3779218398431237,1.3236132106363427,1.137603629033056,1.7405131076676514,1.197133501123657,1.310395852756106
gene_2765,3.27749052543555,1.871712726422467,1.526176899796111,2.097399958929597,1.872100896303521,1.5733004800686095,1.6607886464174164,2.050263183712111
gene_2766,8026.997331747768,1.709477304182171,1.52929750562746,1.6562562676130528,1.3969479965458038,2.0500212791370664,1.4892679302654597,1.6803959696939679
gene_2767,2.377446469720275,1.661343755239167,12144.333421966914,1.5856776249496143,1.8337206321279405,1.9686498026752413,1.3887378956458494,1.2947058265602758
gene_2768,1.4722196960636416,1.6806474517662613,1.8688469089115174,1.2925365962702893,3.0198179698706205,2.120355404818027,1.333852668838593,2.1673373239560867
gene_2769,1.493790559832295,1.5162845077128904,1.7795460907649943,2.130434968468047,1.444551061089336,1.3309556917973138,1.3377414321427625,1.618656655455224
gene_2770,1.3922411663638967,1.5962964819464383,1.7203928187191622,2.430193759234859,6410.6501539932915,1.554698735151187,1.670667611138085,1.4802091715935126
gene_2771,1.6444165891566422,1.3339840974553259,2.201633534657498,1.1645059052936289,1.2433890870410043,1.1920584822319222,1.5598266568962607,1.3326188879601413
gene_2772,1.9319033054219867,2.7977560726057797,1.254664796094808,1.4762922824360796,2.115562316084096,1.5636436099903086,1.3300700091988116,1.9927281662608176
gene_2773,1.37411712321733,1.4236471911744746,2.426540419024041,1.790829089721545,1.3927014137845355,1.6928134926056695,2.8472577756330417,1.8026599828638725
gene_2774,1.86799148074036,2.877894929230897,1.5587920283610435,13186.033754516786,1.5181182545491017,10199.470157385305,1.7842558160096083,1.4027330254410868
gene_2775,1.9398489989016132,2.5532701201973347,1.3495273689545042,1.2297054326347105,2.6683154166323693,2.4669162741546953,2.424469652347029,1.3844161263366879
gene_2776,1.545118925432434,5428.529122751953,2.655342778625702,2.230106113062778,1.6110526533454805,2.019650084693181,2.5381251663702593,1.349291989403921
gene_2777,27238.42388254692,1.5350869387392925,1.5641443689385102,1.5066324655710137,6776.74033520964,3.594392050957393,2.396651602033493,47788.952217540274
gene_2778,1.7203303927045361,2.687107009528108,1.5475588850740085,1.225467682663707,1.878884617412976,3.3199504683309895,1.4490137117046231,1.2261883927679562
gene_2779,1.463774272552083,1.3442010523931969,1.4583196285674132,1.2857794088083534,1.5537665168153783,1.2315927750122548,1.2267885261670302,1.5412465518763583
gene_2780,1.457054546263756,1.4856203931668357,1.2754363341436046,1.3556515641900402,1.7894150286670043,1.567920468316698,1.653208849367248,1.266948976766998
gene_2781,1.503490555450119,1.2438734411477497,1.2226128672543466,1.4999243377590947,1.442747821685006,1.3088517522613523,1.378804845359311,1.279974463739334
gene_2782,1.4853205834348508,1.759583190804651,1.9369096162571129,1.6603495186375028,1.2781881351458344,2.6473211042431446,2.420265834179975,1.652830748216789
gene_2783,3.070213899901873,1.3842101103858033,1.2822552027291703,1.251106306491416,3.0233105640481526,2.86306956507828,1.4397886281143009,1.409003764083692
gene_2784,1.2816208305953953,1.9507242907208435,1.191678750176251,1.239264248535922,2.064219156959149,1.9011684038342798,1.5550578070481176,1.4398014547609683
gene_2785,1.632737341227078,1.4359728668149172,1.4872558566244414,1.5737407470591998,1.4624186656234062,2.095980130183663,2.810116650342247,1.6584392077096473
gene_2786,1.2818536987174096,1.155536370531578,2.210639193939298,1.2354533752439525,1.8503923939291027,1.8501268496449708,1.378648903030208,1.497965855626136
gene_2787,3.2361621122617183,3.0241858683790475,1.771533321277726,16186.875917144356,1.9209218130133014,1.3475304444058938,12063.63586076372,1.520834886396701
gene_2788,1.5996641172825528,1.292019519692419,1.2091592096101196,2.6248827776200194,1.5126190125081551,2.798869707642529,1.5451378496184356,1.496105005281082
gene_2789,1.3606468815642954,1.4137661615567179,1.353197393108734,1.298850148983388,1.703303445107427,1.5235089173704983,1.4097279131916727,1.1120951329045214
gene_2790,1.1587643989085288,2.774675099061007,1.378561114802229,1.4294518386360902,2.202948262173632,1.7952643058162785,1.1640382947980672,2.439342524975181
gene_2791,3.1244948514777295,2.197383883872752,1.7673154376142413,2.1777953090232796,1.3334384261660517,1.2105800545927858,1.5846426349851537,1.4923064592168673
gene_2792,1.2930732308974933,1.7513088076623151,1.7223895796686626,1.4570531822828,1.5306216697460446,1.5487409966121288,1.3752040652783821,1.2252836357416983
gene_2793,1.1950116388316039,1.8735501152766847,1.779626041215045,1.580897576187832,1.2479041948902987,11988.615780756232,1.3773369638480704,1.5710214361266075
gene_2794,1.9874549033220301,1.9979429807491476,18767.54833631367,45683.58567659139,1.906125568311416,2.6878217172572723,2.1185703523670814,1.8842063303125787
gene_2795,2.0974434791875143,2.308768371808967,1.3569084831144678,1.9229149608880727,7143.8757327208505,8495.040799495246,2.0917831450685016,1.4881506609298654
gene_2796,1.4404580679487982,1.119333591814896,1.4238201877117806,1.1384871801916094,1.8552342713296905,1.2766519256015356,1.289214644937082,1.20733204556095
gene_2797,1.4825967492295722,1.3992087528228516,1.2336775509553854,1.3824213176520557,1.3812682940755545,1.5161299937710861,1.4619143044590046,1.6837314106986159
gene_2798,1.6209949904695602,1.65500712430711,2.2213325565756104,1.6144621228192464,3.5564715494976626,2.85911850681577,1.9821506156145086,2.5228288182879224
gene_2799,1.8480135618558595,1.3496577482858603,1.6606123651755293,1.1950576744922237,1.408590569885528,2.0768927578461063,1.2895235410449657,1.381404420448076
gene_2800,1.9331517875022177,1.4261473950692252,1.7478621907083451,1.3823410525282103,1.2542259942194198,1.4616432106695736,1.242720653849257,1.338873906005229
gene_2801,1.7821595257224279,1.589601125409419,2.5403033283131236,1.490459486803995,1.29168923711164,1.3980260299897367,1.3692024314113764,1.6787982408861846
gene_2802,3.0018819838261956,2.0347543877758416,1.3452463146744453,1.2420381260731754,1.5924865401969643,2.315945240456481,2.5714716042601204,1.4239497735186082
gene_2803,1.6968867378282715,1.8538676118899446,1.314543905995929,1.6676437529396044,1.3814292938195887,1.643529586039506,1.460118998842563,1.30534244959117
gene_2804,1.3432825491641787,1.6784534369359807,1.4228261033676657,2.2677382978503204,1.27974492187893,1.363563014604144,1.2849925933715929,1.4728099559745813
gene_2805,1.3666793995667241,2.0601600778309814,2.2136417603269094,2.310748429624772,1.8380874033249046,2.0182540959609123,1.5702440835439653,2.401959551193171
gene_2806,1.9375054483796024,1.408690412377039,1.9868834574796324,2.779669992571301,1.519171871538233,1.5474077303257203,1.7251202477026075,1.9560249248495798
gene_2807,1.3780154777299214,1.3934976829805998,1.1015198474790848,1.1197739356400065,1.5500994228567997,1.6432147035774127,1.2430832281145998,1.2123580414378416
gene_2808,1.3005578515014626,1.357646481475192,1.501899061235256,1.0826105018386443,1.8226179418296369,1.5697644666809996,1.1702845344397115,1.3893166258625536
gene_2809,1.2635966909368843,2.4981736146776887,2.5846695199069933,1.6466008487162536,2.4490736292147184,1.7264425973256947,1.6282312982590676,1.229365008804369
gene_2810,1.5798284475755868,1.6886591671265296,1.2370780210802974,1.8705646864217316,1.7380961413828693,9538.003818676689,1.3660524969805716,2.492635832706224
gene_2811,1.6511760754387452,1.3170193470406049,13952.697738638946,1.3435907155384472,2.1085498853300066,2.664088219687093,1.3364613559028484,1.5314268571491758
gene_2812,1.8251159856997217,1.3163956300345825,1.716141645809191,11936.254641484511,1.5697707860953554,1.7833080331677034,1.543666085830635,2.5372606698579014
gene_2813,1.9646677702706745,1.241122874231222,2.5110545944779203,1.5622712466415452,1.8221921211244507,1.451010677571954,1.2664846050408234,1.5248587560909137
gene_2814,2.7129133488247046,10797.916696183138,1.2489614873072807,1.6140411167028066,2.7967686821037145,3.0096614492481875,1.7041732380598782,2.142252067920457
gene_2815,1.689027635911208,1.515931019882563,1.2601373955157082,1.2804424519453894,3.3219244540341952,1.4107729202021697,1.1170881358659779,1.3868458921138147
gene_2816,2.3832034936981557,2.2622555930451607,12486.864830218792,2.0840210861011137,2.756499092087556,1.5941149272747597,10743.152997650712,1.4459347679990207
gene_2817,6042.0554753043725,2.4298761540173777,1.516152783698849,1.9775610442923546,2.2909443891467083,2.186622755485897,2.211983431206693,14368.101186135314
gene_2818,1.515721199597297,1.649250132552764,1.5792221922072238,1.7010616259916944,1.5060959974041024,1.4818367957284717,1.5100357687917294,2.216849822585742
gene_2819,1.3346813159745115,1.849571614407779,1.6551813843855936,1.3289908967100446,1.592482639036189,1.7014049869948058,1.6405624973828867,1.3166194392895876
gene_2820,2.4313195367481026,11216.684445894673,2.2731754708882455,1.9437779682812333,2.051470150739536,1.4648640000435844,2.0175193912937606,1.6014724248679901
gene_2821,1.2143756381909605,1.2778452709185075,2.1997354433132585,1.3444453617183167,1.1916791587126927,1.84431318708328,1.3306262116344827,1.3742490100561982
gene_2822,1.592749628446207,1.4495582597442587,1.157356862105308,2.234512479980086,1.899867325601417,1.6753817076237119,1.17406007251092,1.4781906896467438
gene_2823,2.336142736223591,2.4568976428850315,44338.72876923573,1.8757414497717806,1.5452893217493213,1.6586614166583973,1.4386416092814447,13988.13950633444
gene_2824,1.345629752151228,1.2503422186641748,1.9974009840582825,1.5038595758754751,1.256725051918543,1.3528191043579378,1.2721716537264856,1.3543753074660065
gene_2825,1.6779447519777555,1.874738110373089,1.450575684417029,1.8385043236221115,2.0095821967066976,2.5974503572793233,1.7587846074652635,1.664585167011039
gene_2826,1.4790549541673852,1.77481096083041,1.877224481419309,1.969295415587698,1.4510237626302827,1.426358778536814,2.68518236045781,1.4080078454549874
gene_2827,2.385254243055268,2.2163300397072527,1.4564914000269389,1.2368484525681118,1.3023308861354563,1.6078411338995071,1.796664847311361,1.5559332629542924
gene_2828,1.607581133820652,1.3162767267877877,1.3482609411167181,1.1774184818344273,2.06589091593297,1.487748421416939,1.374180214024936,1.5851555190016762
gene_2829,1.5380406968047946,1.4234421263824033,1.5612456488694217,1.8533289208825177,1.500837180550035,1.691476456756274,1.849790020931867,3.232938212703963
gene_2830,1.3251919426520624,1.6459415863465554,1.3208870683675444,1.4210541643444576,1.2926354747622626,1.1820274083687978,2.1550588084597986,1.3610296456067923
gene_2831,2.108494496115984,5590.166805578755,2.76240420679543,2.0604878925178864,1.787821767597453,1.9628552391573841,1.4176024952931627,1.5728964959672198
gene_2832,1.2316490772903865,1.7915066072657375,1.8045366245012933,1.6759577403135886,1.6575159139721471,2.501958030433953,1.4169200960334822,2.855576629133195
gene_2833,1.3849431029869623,1.3738799901176826,1.3303137842064616,1.2740389852210625,5997.777514192975,1.8617102071928242,1.5749696865856908,1.7439066790045148
gene_2834,1.3071840965602801,1.547967305546142,1.4990193013623216,1.322966375140583,1.5654381660608303,1.7418605139103602,1.3581836611999827,1.35497251007868
gene_2835,1.4121121101781022,1.168755831744655,1.3847089720632246,1.4285151806373415,1.4697041242749225,1.2282261628950633,1.1890776059271329,1.5744845532306655
gene_2836,1.4680664506796735,1.3968200924215404,1.0983190800516884,1.3645562443807686,1.545066780394368,1.3848789267983685,1.5373177249320076,1.21068745096331
gene_2837,1.284546432749591,1.9523139261520683,1.644434659014682,1.5246064431500004,3.138483699356849,2.8753700533998106,1.285566965827862,2.422908346432916
gene_2838,1.2489439679122996,1.3165186192459797,1.2217652996265864,1.189993711601608,1.4429906937358725,1.0917988199593445,1.4347889444994273,1.5767582166249623
gene_2839,1.174629393857765,2.1324803712165776,1.9638106503473016,1.8643596986643625,2.242107771294618,2.2616808144902123,2.4189959460266577,2.2462325379903096
gene_2840,2.394187321110284,1.6017318506818927,1.6285284714944492,1.1743421409433832,1.3368960019905791,1.4274767963245525,1.6849140626586336,1.8485403573109291
gene_2841,1.698323792841367,1.749943701545955,1.175433617678465,1.6222162332936374,1.4209127772616086,1.8602424226627086,2.122904832108292,1.3867622198950724
gene_2842,2.3903848162161654,2.561860106191427,2.107410258530509,9733.19465207355,2.584987656958225,2.292029442582631,16654.662073328534,1.2047049762857645
gene_2843,1.9686178280842443,7988.0601676599435,6734.635009996766,1.330090792273082,1.851398227410087,2.1930085089247826,2.321316500979615,1.9940063896191482
gene_2844,1.228139107478711,2.0561215136215107,1.3256904921223103,1.4240155075322598,2.0484393154112808,2.245238965826175,1.2664138273515293,1.2856408417847092
gene_2845,1.5606961069409915,1.444081206913124,1.7543405215933427,1.318136816634687,1.505636280378811,1.4027221424436234,1.964659062821321,1.6922612636764616
gene_2846,1.4149236790549946,1.7817249376599906,1.6705196821184223,1.3087066699190535,1.279077748096949,1.6280991576802002,1.869866209187452,2.723960991687195
gene_2847,2.7779740226400267,1.6937602213262295,1.547900722064359,1.5260072673425356,1.3496151100533607,1.9235170295711654,1.5404081165103316,1.6845441211031131
gene_2848,2.251362776547944,1.381867214733679,2.4458279514388863,1.252478080989277,1.7668125856040062,3.097609405105645,1.8538868038406024,1.9207469101260237
gene_2849,1.3309318693509788,1.6113912384374014,1.221344807420989,1.2223763462532657,2.084889346089383,2.0139341384214187,1.4075986053455716,1.151292484354626
gene_2850,1.3802398237822049,1.6000445552027631,1.3242391478599838,1.3685618954715122,1.4307010063974448,1.6319110194228308,1.3963915738602106,1.1036886498507976
gene_2851,1.640584843519261,1.7027303891230479,2.1754937088419704,1.4891066711541487,1.5733480973965903,1.9971973698090923,1.5674105241851748,1.5072576543421052
gene_2852,1.851657394303104,2.9341501631314073,2.128888514599088,1.3310307633208274,1.3723496158338107,1.3055524823540117,1.304971855758548,1.360514926442741
gene_2853,1.5208970504548753,1.4488511038502654,1.357426606614465,1.0991961941392885,1.5110501344326497,2.435631800386014,1.4807453606715104,1.2676842516542064
gene_2854,2.9930599298614426,2.4762982217531087,2.791835267731966,1.8085258559964608,1.7708264464865244,1.8210729675746442,1.5914139160948542,2.085045349868239
gene_2855,2.793085980371784,12282.741981845153,1.6764592075302154,14693.34887243243,2.244422291197351,1.7479929731387176,37984.18262198481,1.5822094921800516
gene_2856,2.070382248391586,2.234574935609149,1.9162744024238147,2.0481590814551676,3.1518505937489465,2.7154056627237355,1.7914512997517136,2.138845110332322
gene_2857,1.548162340044531,1.4499343016113801,1.9612755199501344,1.2242976735145226,1.6808834169455507,1.5789940283300836,1.5782235997181915,3.3369125426636312
gene_2858,1.6795312077446547,1.8785306527739247,2.9237396255248678,1.6852079121970993,1.4659771941701956,1.7843730967133278,2.956946720180485,2.1015226656413533
gene_2859,1.4865005040576156,1.4748326638258775,1.354274651791014,1.4327964721043998,1.469528125562378,1.3347940828056384,1.4693411328514154,1.294838265967194
gene_2860,4659.217321855104,2.263758747642751,16966.14319048836,12270.52230715858,1.678129415545099,2.643816028498971,2.232018468713275,1.3697707084989343
gene_2861,1.90280489725468,1.4658973322960074,2.1092417648977673,2.1638859317278056,1.3888207631950256,5204.898867077501,2.2000877924111326,1.5203727452291305
gene_2862,1.4797486716658899,1.8305140164267413,1.7006998162722833,1.3837033519883675,1.5562265551835508,1.2663595610902914,3.516524459762713,1.3367349654727105
gene_2863,1.5922488845568021,1.530542912802134,1.9023642405260563,1.3808977251476395,1.185148403951573,1.3606087382022836,1.290239055817311,1.2174662766495608
gene_2864,2.327271569377043,1.5343879088571306,1.3426235078620425,14136.62532970472,1.6969026412929338,3.718622416128103,2.0213924504456116,1.4408750884945403
gene_2865,2.084354414743312,1.5857979854377742,11480.714932024008,1.2991155672007673,2.184338564089815,1.5083231101832344,1.6605623235495046,2.6765233542959663
gene_2866,1.9968831717657862,1.436824211615948,2.0789185596778768,1.167170884954399,2.4879819276563353,1.656307667472675,1.2103824719872331,1.2845792209151856
gene_2867,2.2195761035730297,1.6119555764984315,1.3365721843135485,1.6759119463209664,1.6013425382684716,1.5384750478641185,1.664365508340222,1.6723701529655868
gene_2868,1.1929432513930989,1.5091144929010345,1.1966945727623277,1.2680473229628149,1.6875134670056051,1.1267380136552836,1.303281151832343,1.1957763748922914
gene_2869,1.709869261499739,1.6374217534472557,1.8307087136925968,1.2453297039855071,1.8258910481535147,1.8495363311567266,1.235037639408552,1.2817331888760581
gene_2870,2.4446777970678086,2.3956577882014916,1.4297084240044784,1.7272724626896263,1.6452877297049413,2.404757935422225,1.6112443649256074,1.556600839250593
gene_2871,3.4629479954666937,2.0077353522380665,1.9931881749968423,16546.1472662068,1.2200566924122165,10813.832532386683,2.531541026806894,1.3000482820659194
gene_2872,1.238781794862875,1.1661560140920408,1.4900694538382917,1.447757507687916,1.354905975668726,1.4893122554388187,1.2664442021146263,1.1364877986479307
gene_2873,1.6668767814479133,11397.381831296996,1.4874453829040857,15011.732285573054,7467.973891853857,1.4670446552213363,1.289365488848593,1.2894377424708512
gene_2874,1.2132363980153045,1.4985733422746184,1.2491621100556736,1.472401968071109,1.8936963742213802,1.8317498389300608,1.1203627263640876,1.0880382871185887
gene_2875,2.6345334945851655,1.4485657032074124,1.6177270642058246,2.6922120331145925,1.5551123800935516,1.4391967098213132,1.3453553773163867,1.581883538448142
gene_2876,2.1336060465076176,3.2899944119635682,2.1919030768347016,14535.738198726254,6688.599568630796,1.6276267716774906,2.153208069140942,1.817769477673675
gene_2877,1.652430798732483,1.9318876729513557,1.5254364165212269,1.6621034368379184,1.7856303791734707,2.36836208759425,2.171791544329442,2.9677861060395134
gene_2878,1.6331199189247962,1.5136846704720635,1.3657142934580608,2.4711438007485262,8278.917304149574,2.356013038386183,14693.07333212543,14179.72705159815
gene_2879,1.2861644005236486,1.380732858512193,2.2379474334994405,1.5186966450629147,1.643845287578616,1.2243382704551602,1.2593458230899506,1.6305911309308523
gene_2880,3.5807858947754134,1.9644299573738435,13094.682783053606,2.123756931257566,2.2588664699840226,2.1507765951449263,1.5662778873744432,1.4834657653696846
gene_2881,1.55739247874679,1.421343657147834,1.7823966740554316,66446.95485876952,1.2603654674836824,8870.084613398336,1.8497215039333361,1.3620968321527454
gene_2882,2.4961237884108947,2.690463173119142,15985.902421412335,2.095575852991698,3.298360264559852,1.7469195169376557,1.384040649865675,1.898992377466347
gene_2883,1.534195601606547,1.507423952162642,1.2556343147813107,1.6706024670085577,1.3086204511867172,1.3277879365069534,1.4798877629320784,1.1856093247316646
gene_2884,1.3176036285387713,1.7230018826896245,1.3161393274250035,1.505056687626824,1.429363448819399,1.3403903945778268,1.8913365684016155,1.3855118849877612
gene_2885,2.7844264750854473,1.558989196364258,1.6966946703670995,1.614571412901509,1.2599720968145973,1.7420213340435646,1.3598644078646827,2.2706686851621516
gene_2886,1.1606629699999504,1.3164054891575718,1.4955287057279,1.262741796347528,1.4042110223646684,3.8851452804668076,1.1471376219364768,1.3149889005999582
gene_2887,1.725144611250104,1.4555125632780586,2.744421721722877,1.3526555100807656,1.2024026011533764,1.6896147370383858,1.4271131822386651,1.4185252183537722
gene_2888,1.6026330974626093,1.3545551370674236,2.142218903763674,1.4344655842261895,2.4886182886740738,1.415751417418935,2.9764496837301877,1.9333904905592825
gene_2889,1.594275781751432,1.6593408911095395,1.6811217544016959,1.4557126715568796,1.2913212572759827,1.2307725480844858,1.2538331494056973,1.9622159325672959
gene_2890,2.3284352770242034,1.395905758441188,1.3749712145461004,1.311943194155547,1.6538384854030972,1.2018131274309054,1.7800861256539928,1.2935085351385922
gene_2891,3.9512574576908426,2.492428180382703,12510.575855022393,1.538417618395782,2.892146080197447,1.6371582328986436,1.6736197991754764,13591.5438822786
gene_2892,1.8272295985037548,1.894091537250423,1.2210822708418694,1.3741028871415124,1.9645968363559299,1.2537513950624708,1.2531255824940088,1.4132663851204073
gene_2893,1.3190774808452774,1.1760458335076107,1.3208696362724992,1.1062006490256393,1.4080353163998893,1.9013941256219566,1.1355396515142646,1.252758871763612
gene_2894,2.0494336051294817,1.30656972838268,1.6544892809193075,1.2008209540408845,2.0934374747032996,1.4424361505633523,1.386194959543968,1.5784605551460074
gene_2895,1.5537092639271648,2.0296647366271343,1.6428932705155725,2.129319693363456,1.55323798344382,9007.587770455822,1.8237875209001695,1.3003436058114755
gene_2896,1.5606672605719452,1.9551635906962532,1.2548647915056794,2.0282317054238854,2.455182195838254,10523.882542892967,2.352327686294524,1.7830210146313619
gene_2897,1.6654772537467746,1.4992812959307777,1.2659176472036573,1.3103992521421526,1.1747484016336822,1.3507777774117369,1.5484079669948934,1.576798653776246
gene_2898,1.7149760813961823,2.247705855110128,1.2045161240681153,1.9401755621761914,2.386631114551097,1.4070863944549095,1.2315569039199363,1.8378015720501848
gene_2899,1.6966929460902387,1.3985246032368452,1.2920965702491791,1.8305769711056332,3.699852264812535,1.5756010477286742,1.5111559418579201,1.8947101431442628
gene_2900,1.576412614642267,1.2386652216092404,1.2802934997737825,1.5023573693475967,1.2886324985802629,1.6218505031188317,1.4103769066461287,1.4679507532202127
gene_2901,2.63228430163326,1.3400781650916345,1.2590849782887465,1.4447244886183879,1.861007170883137,1.6528914451787553,2.1664070990333344,1.3505063291493593
gene_2902,5610.158467570511,2.799895070160371,1.3786178676238539,2.276897593551468,1.9694514004097945,2.00431214264996,1.4458093560324334,13585.960536725916
gene_2903,1.4506055714464683,1.9081975310186943,1.9206356790690595,1.2873715426969783,3.5573658555939947,1.3673731179501696,1.3950919135661803,1.2957671331113783
gene_2904,1.6105957382293714,1.593441173129033,1.7276684696989169,1.1785985010089446,1.6208195782809651,1.5236269013102746,1.596864745483194,1.3819345829273721
gene_2905,1.3674187408021745,1.4205853148475094,1.7008546108719256,1.1904886171705351,2.0141043299693226,7397.852266225097,13563.2307684298,1.8723291133246438
gene_2906,2.188355649455078,1.4076587036447936,1.9363207957000068,1.3958733031882467,1.9438313964596285,1.9688991695011784,1.7640325168086315,1.2663172617843517
gene_2907,1.922981764723256,1.1350054616533916,1.5550353630588698,1.4690469767528733,1.4908027883619466,1.6220114256650744,1.2499901999671468,1.453708676367111
gene_2908,2.067731290782771,1.384535071723058,2.4704131186534712,1.592969212466911,2.2567028559382107,2.3726068731627445,1.1728784651093065,2.050852468931984
gene_2909,1.3080190505887503,1.241497841132427,1.4269261537589768,1.16155149130256,1.0919825164280574,1.360531451161931,1.4537377245161356,1.4398240012975716
gene_2910,1.831074224849721,3.477356024166778,1.5648428246980903,1.2645199452996323,1.954679503629883,2.118974708352095,1.4856236844229782,8997.18476711784
gene_2911,7496.410432389621,1.1585977026642733,15240.664995454768,2.0921505011637316,9224.292116679135,8351.109368763759,1.6975551382099805,10653.288096741318
gene_2912,1.614652368052942,1.1970769634067482,1.8209330890567104,1.3953423591707266,1.4379980040868081,1.2665900591677783,1.338195912943823,1.796718271328902
gene_2913,1.742827060185147,1.5930568123446813,1.2664786868275788,1.3832120410977646,2.5165435312026436,36180.213420093925,1.923841698223055,44487.00415987753
gene_2914,1.488070979089982,1.330802211496833,1.3354701829979512,1.0982559817495605,1.856927692428512,1.9584825779399027,1.4414383594624436,1.3958541044279427
gene_2915,1.4604086472222404,1.281955152311193,1.4767286359487062,2.321986354029913,2.2247175979262095,2.5240718705765026,1.70896552843383,1.5693008947453935
gene_2916,1.5470846943327592,1.2811945673183227,1.7521891104902148,1.503102692727718,3.7628375006961767,1.9547608114254946,1.706285763401696,1.7489869580015378
gene_2917,1.2403701898181725,1.2587115076494442,1.3380227252743355,1.1878071447660623,1.2953739337985974,1.1462382296896039,1.8658959412439835,1.2346883374155202
gene_2918,1.8863883313235974,1.6954250615817898,1.530036735395855,1.507418096981771,5256.534056870969,1.3744871738657338,1.4395442200163793,16809.053258058608
gene_2919,1.9052600117614367,1.6035029700406263,1.5807136496198526,1.4475973109080051,1.4255120237574934,1.4133370677365553,1.2301085048835778,1.3694150497926523
gene_2920,1.291790959336119,1.2296894989950997,1.303198958433334,1.1624651525117105,1.2415984840458898,1.1816053182547561,1.2042769335613963,1.2120567159662534
gene_2921,2.0064016244972565,1.1243753558464196,1.120503902491427,1.2769712944687917,1.6043692929667417,2.118822499113353,1.2640895374829924,1.14480455331837
gene_2922,1.6324324005070132,1.6863602587171633,1.6881741584003092,1.1951164838792003,1.545480350605471,1.49145318158213,1.9551333478984154,1.1931579420470324
gene_2923,1.9278377019300938,2.1302463024176075,1.2372658129283929,1.585522405918999,1.1744792604828775,1.9231812195490747,1.5031827095197206,1.4909151370976181
gene_2924,1.6385179075360807,1.7216829502879838,2.2045738302559847,1.156033262944966,1.4417115064130208,2.6964014269438774,1.858669466436111,1.4465644172187995
gene_2925,1.7175808222211455,1.5630779429691866,1.2410747835947544,2.0377323420135007,1.4614529835221077,1.517970219700053,1.4023416679228846,1.3027687343040664
gene_2926,7636.795272673758,2.7859199326314017,2.326554090908247,16095.266815190258,2.8857566422958105,2.4727490264165586,2.10734050569482,1.4976604569212009
gene_2927,1.2496779635695245,1.379738242381048,1.498194676072412,2.7159034235588564,3.89604438055448,1.7068109820621131,1.3609928519677437,1.4852286161598
gene_2928,1.7107320149310121,10904.708403291654,1.4629710188476077,1.821214874179106,2.5963266054249647,1.1718552374120292,1.945008806538519,1.4225055254325731
gene_2929,1.2884762906102187,1.5106913079432567,1.58453300834406,1.8591610804914471,1.564628885311996,1.5809642114950604,1.9225962049679837,1.4086657764003891
gene_2930,1.2844858031948796,1.346699347506093,1.4146966699753964,1.2571218983480121,1.507145386641165,2.4417660793890965,1.2863255915385534,1.4998740812962725
gene_2931,1.9440720595145846,1.5560389282645868,9332.757293924697,1.5909028750904772,2.8209402106053756,1.8584275937038126,1.659110948637291,2.31106618925885
gene_2932,2.1618459463594903,2.498734713203557,1.2891111722384139,1.8148789613464107,1.6009003353023878,1.2320466090821796,3.063252634255654,2.09506109582062
gene_2933,1.478762229570771,1.445157584342679,1.2955991357588426,1.416508427086966,1.373680350203939,1.5789316104231437,1.1446634928239463,1.1167360467340457
gene_2934,2.9812307014205035,1.8307418664880653,2.486993010378316,1.487463565536808,2.1586443840343708,8385.853388034117,2.068973896792314,1.5425240866217325
gene_2935,1.3718954076894243,1.2306236850930403,2.036459791833991,1.356317447978068,3.4794491808360575,1.769211324390301,1.1866005555316732,1.728279834662494
gene_2936,1.4834285230730322,1.6157038400427808,1.2927343019464066,1.2839570403287088,1.3649704018002433,1.5556555800220238,1.5535079255645021,1.775944690953597
gene_2937,1.646826716850506,1.5713043622402927,1.3657404786249352,1.576408496986489,1.5252937342318036,1.5476265907208737,1.6730310584872363,1.45226183868508
gene_2938,1.8576764335339935,1.5517051941779543,1.3241464983961055,1.3587722103120943,1.524484677240497,1.1987460836071697,1.269068242820275,1.2938996196439814
gene_2939,1.6577175330386869,1.3345270735190358,1.318722818768049,1.5366526825075397,1.2515590661761027,1.4163647349482114,1.289660788418581,1.4920458919491482
gene_2940,1.5591147654393243,1.3637598967870181,1.18193054268298,1.4362013214420988,1.195825610747989,1.292815665832957,1.6587369727518346,1.28708381483552
gene_2941,1.6118700255711575,1.5086490230971443,2.4393917491888213,2.92611848249105,1.9391462304614702,2.121745782584823,1.510553273497175,2.5640469305053304
gene_2942,2.010786764582368,1.520935899923435,1.8882089465533778,1.3476138066646752,1.222506856500006,1.4626465176280583,1.28759589328134,1.39680681170707
gene_2943,1.5013523890747242,2.581029152056239,1.8071132286306943,2.5667118365813306,3.0941704759970197,1.3864752046060713,1.255713198832909,1.4768138438215352
gene_2944,1.2666046230212384,8137.352966369359,2.13466164286715,2.055290746109287,1.6974550277289238,2.7329970288140375,1.633223081281662,1.4230124505669208
gene_2945,1.230859806502432,2.27017621720828,1.6059675208166564,1.355191828565896,1.290420292631273,1.5142883677495014,1.439970609535894,1.5115141237146155
gene_2946,1.5980161162436988,1.3710406283407548,1.573044240777082,1.3248253020505611,1.35412548584502,3.5111589448062395,1.6417649693347307,1.5197464458455774
gene_2947,1.455593484549513,1.441843469309201,1.2018517090244332,1.3439949162875113,1.444337072912509,1.3243212342604782,1.3850491954041684,1.7961580508393873
gene_2948,2.2364876045956468,1.4698103226245203,1.4067048893874636,1.5730241298991223,1.3378224787362374,1.9265779226855495,1.497878912528554,1.6361206325551922
gene_2949,1.452969235929096,1.3074631848709874,1.2281430186302276,1.3348385065305584,1.4011901998012792,1.1350759840009588,1.5536730152424962,1.1302068269676724
gene_2950,1.3502027075336147,1.108886435280059,1.2400121362283654,1.4001958277810072,1.2665988404400248,2.5021607399449173,1.983397887687154,1.3711461884679674
gene_2951,1.6598500012150577,3.9587790124193107,1.5009645361077961,1.4042528341285847,1.3984041634625994,1.8239938080475877,1.502852521648306,1.2371448472174922
gene_2952,1.9395529013726436,1.4876504715431118,1.2236637829449313,13573.286062981875,1.775240581431002,8824.245952179266,2.3200912503251296,2.4874596114533434
gene_2953,1.713706629383369,1.3018752846497286,1.9298181036623723,2.2331277593060634,2.7447274908030175,1.9664019526891796,2.192131462445062,3.697548481877121
gene_2954,2.229804396259331,1.9571899554970658,11492.128556764237,1.4965866999893374,8476.1477323645,1.729986306103373,1.7833094568809604,2.9921054207077975
gene_2955,7611.99093731186,1.3728869665862151,10682.808909875257,14157.160923297006,2.033251483949124,1.6266936899591236,1.7298445770996833,2.7077099365098656
gene_2956,2.0081665498474184,1.346022440754483,1.2026002595628291,1.1047593699347535,1.5373772814614284,1.1213471859205704,1.1146585395352857,1.2038517040791694
gene_2957,1.1844298314050454,1.6849822844146216,2.178816721496361,1.8581012763071691,1.4186314248512397,1.9180103287472774,1.454725386721602,1.459213379277554
gene_2958,2.660797430285616,2.386408803205181,1.947349140627489,75480.99695912236,1.9297247441282537,2.141903715092107,1.688155075739641,1.343591687703919
gene_2959,2.6778243300616587,1.9259075813208535,1.3938112191352634,1.3132208768529796,1.1950456693107883,1.5154818526945708,1.379207288641738,1.4751562037926844
gene_2960,1.3840374496304706,1.9170693993589676,1.294281900353178,1.4147535675591465,1.7720352802500807,2.3977702759623587,1.46230528207828,1.2804784503845823
gene_2961,1.3336830423347346,1.7268172058878395,1.1906702433354626,1.2555563646902754,1.412073765083935,1.3061043885240304,2.102286094737763,2.406573493737206
gene_2962,1.0631290421347843,1.3697761446624985,1.23368162631413,1.2382090546845737,1.2688208685845395,1.108509747253276,1.2895118142606095,1.1863648424305304
gene_2963,1.9859315057045939,1.527122589032059,1.1808197976908943,1.2321162171022797,1.3176697674157372,1.8768978046177511,2.3770785111804367,1.3183158406663624
gene_2964,1.321173843809256,1.5673683871111144,1.5160261880427066,1.1626368198867287,1.5482349564697753,1.215721398405172,1.3692431273458343,1.7914896978680441
gene_2965,2.1629276635123627,1.9168483220921062,1.470403266555551,1.2401986014615867,3.0587019642300897,1.4810404910917352,1.3441251688355085,1.848629950435412
gene_2966,1.1356916550960763,1.2133340350659447,1.3708734802332885,1.1977790287838554,1.5059755159411907,1.2502677955774382,1.2695036177963925,1.6465087550672692
gene_2967,1.4298585000756339,12909.697860056815,1.5081190095615704,1.2648493779551535,6511.453138075587,1.911739536633676,11963.451932771753,15675.84600716814
gene_2968,1.5571876011761512,1.951730576820035,1.411737021150459,1.228774131282071,1.7033433655928012,1.7781277035231926,1.578667612795595,1.4889861762050676
gene_2969,1.3901586544908058,1.3399366827358743,1.1932334623624479,1.0977928729045485,1.2445080551735026,1.1983335984588088,1.250186442551299,1.5346767555058325
gene_2970,3.789689891387705,1.9714348226777878,1.384068870348408,1.2843244941167695,1.2249100192339366,1.75824910378231,1.641864769240978,3.3272179238221984
gene_2971,1.9271814943316208,3.219679432485442,2.6980122561004007,16061.893320044317,25786.298393602123,1.9587624414907345,1.200526254051288,15004.134918924541
gene_2972,2.021343690160305,1.4011487323393392,1.5215726769709736,1.5057211590395843,2.737175538619658,9353.013297423246,17585.690748001864,14608.405029241148
gene_2973,1.9920150672479815,8581.330555408833,2.358070284688543,1.3680878814301962,1.8787484096255913,1.3707044150241052,1.4494381320539471,1.6535631385887541
gene_2974,2.5465400343730478,1.3473099236930264,1.7740172068980944,1.8312053130126285,1.3574705526215831,1.5480508813200546,15882.8629847237,2.0071897030536148
gene_2975,1.7526402116591522,10289.942225246781,1.9682158942594483,1.3703252092872849,10454.899467643489,1.3828798635552482,1.5141585198727558,11460.136266907883
gene_2976,1.2212970356152333,2.179336981744405,1.1642361199637463,1.1882274386122345,1.5888940161929574,1.2401215700305375,1.477924268791948,1.5804503780171673
gene_2977,1.393613480587455,2.363197020983042,1.7123460551618612,1.461673703333039,1.1761412660966808,1.3767873123762502,2.8052881089205517,1.182810177168894
gene_2978,1.5486273469823786,1.247910228803196,2.0597578194622024,1.4471434686044515,2.4528425707023676,2.372127753649316,1.6705896464613084,13211.852586181063
gene_2979,2.3802331326980255,2.077934471994019,10378.33219998666,1.324337348252163,1.9375008419930415,1.2514637030655016,1.4861691880984318,1.434675021181496
gene_2980,1.884459281095746,2.4264277279251254,13670.637214966244,2.2120125973738296,7239.176174974978,1.3377835944535443,13972.699615999592,1.1067561344098704
gene_2981,2.125559480228981,1.612900449221778,1.4984177640416636,1.9554193508201736,1.8610764619199995,1.739100918077609,3.5805038612215307,1.482870116560759
gene_2982,1.2355519377272004,1.286719601296341,1.7509484659403007,1.8266823846140514,2.3461127989610517,1.4700696545171592,2.0221847783757343,1.1581325828914562
gene_2983,1.7676557879410346,1.912532891942804,1.140590601453129,1.9265845179023735,2.333331245975032,2.590261210544767,1.6250859471726822,1.5100063317107577
gene_2984,1.4352928290003777,1.407655797184073,1.4258203500643152,1.5709223555687672,1.3389370846098734,1.247422482300019,3.547118195326197,1.1396123802074023
gene_2985,2.1736722310960936,1.5771640643152955,2.0288687726113697,1.8269096718172098,2.031628020563149,2.8478563323905073,1.6778382227133743,12928.603488742492
gene_2986,1.8233139397494211,1.8821382227504895,1.954589254362026,1.7696543838392955,2.3720154589646,1.704250082763395,1.8260957787104484,14657.719245848446
gene_2987,3.082929345984506,2.431367107650001,1.3570049236223554,1.351684368448535,1.5304783808835258,1.5450685805572797,1.2514333880208481,1.258833320954264
gene_2988,8088.499160788222,2.7360258347775415,3.360121317765733,1.6027015363157164,1.3552137131435409,6713.395369946279,1.4347782954662671,2.118223918082321
gene_2989,2.4852347987980186,9279.491391074218,2.003579158429147,2.035470680157109,1.7045137096078276,1.5147950125577356,1.246989079874747,1.4422772046614776
gene_2990,4757.374479640466,1.2845140308836265,1.8425901879094058,1.3378443654779526,3.29149633712127,2.492458581721976,1.7101897115543456,1.9872598564755484
gene_2991,1.5406051222300234,2.3987391855694993,1.5551504251260622,14670.036929198419,2.336884593158218,2.766033898359363,2.58621667570874,1.5159861328193311
gene_2992,1.2819557844618286,1.5099160700062904,1.216705309276837,1.3477117950303867,1.5146833361848295,1.5252775412423412,2.0647433184114843,1.3568465118234565
gene_2993,1.260315375197973,1.4176648091550685,2.0478938646472007,1.3591474238577643,1.816114667677083,2.120030635526335,1.3083504920555644,1.6947976469227974
gene_2994,2.5616080189081343,1.2733801681648373,1.5688547784184317,14521.202025237846,2.565477566999642,3.1360121645475436,1.3227341562096409,1.428049426699335
gene_2995,2.1097214581622765,1.534681272772849,2.0580668573972867,2.4701751956996105,1.356751647463429,1.5729197937408852,1.3906465530779097,1.2926414295030906
gene_2996,3.0868189679320137,1.6667007167832335,1.3130604989701817,1.704480948271307,1.7554928562002974,1.5990973433764808,1.326960182338927,2.0015049224983246
gene_2997,1.5625205436183218,1.2172839182228297,3.1815433974919567,1.2682269103678367,2.077590255229277,1.3444930553988372,1.4396890409300989,2.5028782330512978
gene_2998,2.002036474452354,1.7203135943355503,2.4589145644657346,2.2732959636210697,1.7511000116048017,2.9198479916384628,2.3205631290784376,2.0586867467707077
gene_2999,1.6816524427499695,1.6442683351063694,1.224889341213676,1.4575867479883775,1.2913055359615717,1.1320329240980902,1.1527482407775256,1.2080474730802235
