,Psi_mean_strain_celltype,Psi_std_strain_celltype,Psi_valid_counts_strain_celltype,Zeta_mean_strain_celltype,Zeta_std_strain_celltype,Zeta_valid_counts_strain_celltype
gene_0,0.7045588379283682,0.009648100136617422,16,0.23480169273298246,0.035991664540938814,16
gene_1,0.7036805222460796,0.004643736925962686,16,0.20818423399061714,0.016205720655276527,16
gene_2,0.7089505072679064,0.013095933247472803,16,0.25463864316467333,0.052933631019755685,16
gene_3,0.6959433381542409,0.009451592379754783,16,0.23919819963875677,0.040277184099645,16
gene_4,0.7111385872765495,0.008552907705678237,16,0.2430913120460161,0.03859068346787731,16
gene_5,0.7020229769634927,0.00604247007162982,16,0.22488523250285106,0.020380402443886246,16
gene_6,0.7095114633670306,0.009866851950108174,16,0.25457044117334926,0.03010311230474997,16
gene_7,0.6991736113867218,0.014983589369677626,16,0.20303443038115204,0.05703645739489304,16
gene_8,0.7139837524936571,0.01143610545116635,16,0.29052973945518384,0.04499976979046959,16
gene_9,0.7132062648278172,0.01010422964149056,16,0.22911770156806768,0.04080893996447201,16
gene_10,0.7050723019462778,0.011265118025061006,16,0.23349965984283913,0.04047972455347544,16
gene_11,0.7096589018213967,0.007785109908587555,16,0.25150801180889276,0.03742833027367516,16
gene_12,0.6988607648496367,0.007944892117794559,16,0.25306280025889316,0.0398876482263812,16
gene_13,0.6907972948289913,0.008919615133061408,16,0.2455980846323446,0.031520056598553066,16
gene_14,0.7102913823587405,0.008391372191043975,16,0.28659656096658215,0.0352267990167038,16
gene_15,0.6939331573484134,0.008003950955244815,16,0.24038706616571828,0.0370810287800311,16
gene_16,0.7031847174027078,0.008391301227873155,16,0.2418907823509788,0.03057192052227209,16
gene_17,0.7106664246976558,0.011279852716658777,16,0.24616945963642525,0.04948832715885522,16
gene_18,0.7087219479606531,0.005278938670603233,16,0.24088687871950037,0.019979859335358854,16
gene_19,0.7025141688074097,0.010254079732772233,16,0.2063551124388103,0.03846779918892098,16
gene_20,0.7100855410637015,0.009794677147278925,16,0.21024746810052844,0.03603761828029877,16
gene_21,0.7056590417524844,0.01769238724241568,16,0.2772658111175625,0.06688733502240747,16
gene_22,0.7055125446514782,0.014453772163219669,16,0.2736904800400297,0.048725969168426427,16
gene_23,0.7078212915378107,0.007403642449923059,16,0.22451925766226222,0.025045718894152802,16
gene_24,0.7046985087760096,0.011007342246324023,16,0.24338785086886278,0.05428970466709418,16
gene_25,0.698174942332234,0.011291055277018843,16,0.24119771569580095,0.05840429420342697,16
gene_26,0.6996160175070989,0.009362579008496399,16,0.23855959088626325,0.048974804792010475,16
gene_27,0.7180323108171662,0.012897870245482319,16,0.28890267502179,0.03794881062402528,16
gene_28,0.7041736135963707,0.009842886986964077,16,0.2338042136844701,0.03599402240598799,16
gene_29,0.7046268423551039,0.008057401396655926,16,0.24146048785335467,0.0380072420416085,16
gene_30,0.707896767783487,0.007696167847439874,16,0.2624827010283519,0.025054263099680674,16
gene_31,0.7016377177065387,0.008139629625323865,16,0.2121580676047884,0.033167053403882776,16
gene_32,0.695256439370407,0.010690902876053386,16,0.23884975678836673,0.04850892828754846,16
gene_33,0.7059036572380843,0.01069670007794156,16,0.26660963637270996,0.02894161007342785,16
gene_34,0.706298766240569,0.0027079203419489487,16,0.22264498061270926,0.015825952474172997,16
gene_35,0.7019065376905199,0.00837252521540857,16,0.21683952803724113,0.023552201598079057,16
gene_36,0.6940814848049819,0.00996029837020146,16,0.252676956311163,0.04113037523052548,16
gene_37,0.7124450599622438,0.009375544255932363,16,0.27301772362312837,0.04387413102493213,16
gene_38,0.7047854162668644,0.015391465088165211,16,0.24958149579950456,0.04912136805325935,16
gene_39,0.6983552844214473,0.007196978204213249,16,0.25563458971924946,0.036491663129576336,16
gene_40,0.7084349577207665,0.01145852405895346,16,0.3343755733665558,0.03986019798495108,16
gene_41,0.6960923614369672,0.009677858249555275,16,0.22670020327367654,0.05008926011789578,16
gene_42,0.7030072428224369,0.00908400815618492,16,0.20686219476460807,0.0387727365187343,16
gene_43,0.7078532071976027,0.015332962793513805,16,0.27866010118186885,0.06298453905314198,16
gene_44,0.7118102223760535,0.010661482469891884,16,0.2613125467903058,0.040886078266450424,16
gene_45,0.7002402801807117,0.008462194697791567,16,0.2544834689928448,0.044739252519161284,16
gene_46,0.7046165891145356,0.012598245560777984,16,0.27018177603667465,0.03713406128698169,16
gene_47,0.7100168117999082,0.006209353504630377,16,0.22625691752311725,0.028900053512900144,16
gene_48,0.7127405441707709,0.010227916224524704,16,0.2597208673807278,0.04013421835059534,16
gene_49,0.709052588680435,0.005812403514986315,16,0.22251316121799822,0.022904519191290842,16
gene_50,0.695378486329284,0.0210249283602541,16,0.2711571185452903,0.06329926111926923,16
gene_51,0.7019393069801745,0.007911455715018606,16,0.22445454391744832,0.04272333665952111,16
gene_52,0.7112326301874986,0.014302060212069343,16,0.24977927587404292,0.048487687328229896,16
gene_53,0.7022120655858468,0.011194594637786322,16,0.2197646064928859,0.034075104403462966,16
gene_54,0.7054970366350474,0.00695276733524336,16,0.24114501032849958,0.03227098045924209,16
gene_55,0.7052519524729202,0.01776986528810479,16,0.27815486851973187,0.06425721161597382,16
gene_56,0.7049980744515076,0.011487468419762684,16,0.20340766146880312,0.04776063661916941,16
gene_57,0.6983357623010659,0.007206547035485632,16,0.23745853171711725,0.02286458677099605,16
gene_58,0.7209944626822489,0.006137308974669605,16,0.27052761132808967,0.01824809131503404,16
gene_59,0.7077050510279114,0.011709508868971912,16,0.24694767110121107,0.04388774345542528,16
gene_60,0.7150425120919554,0.008766128869232045,16,0.24506251131787982,0.03573709991603759,16
gene_61,0.7110140236167684,0.014819096979934242,16,0.3024735909674791,0.05710610686143051,16
gene_62,0.7050844371864344,0.012616806917076166,16,0.24998133200898157,0.058307173241492045,16
gene_63,0.7040758095975203,0.011685281309213211,16,0.21160876933809514,0.046067905833205844,16
gene_64,0.6938931239847904,0.007552028982150282,16,0.2329217886397985,0.04572077362012092,16
gene_65,0.702106188157353,0.009273885236723053,16,0.2628598280362951,0.03728474248299361,16
gene_66,0.7036907693957515,0.007063549653522996,16,0.2458163432306007,0.027945247043657608,16
gene_67,0.706992266692974,0.007707609202730125,16,0.24522601899318894,0.03508558253607891,16
gene_68,0.7044170450413451,0.008594670024761096,16,0.19945465568992238,0.047463265524973486,16
gene_69,0.7027139271627705,0.01741134565125922,16,0.2924243805577631,0.06721207989412338,16
gene_70,0.6929051715898297,0.010830028904949301,16,0.206369350991454,0.045605613583029836,16
gene_71,0.7155532158536245,0.006271887633984975,16,0.23628357469572653,0.029029275006282433,16
gene_72,0.7000737651647941,0.0166111770017536,16,0.2236941159148526,0.06069445778798871,16
gene_73,0.7104761419729196,0.0072644235890506744,16,0.23766439284980606,0.043960993812297386,16
gene_74,0.7025059586268423,0.009516942057186232,16,0.23413112226204902,0.03153965685092888,16
gene_75,0.7083195207061007,0.011487413847345269,16,0.25387692796261824,0.047224468634225004,16
gene_76,0.7100949853091003,0.006037936728010251,16,0.2240611412768155,0.021390749369368644,16
gene_77,0.7015728919730654,0.008117884056805481,16,0.21212124442679378,0.03098089844715404,16
gene_78,0.7113023123532113,0.012038243382617358,16,0.2643951084890701,0.04336742419657101,16
gene_79,0.696482148806322,0.010628591916515636,16,0.22417881516544483,0.03276017740170251,16
gene_80,0.7060609126386228,0.015199217983481842,16,0.2522960664478152,0.06048176753929511,16
gene_81,0.7011429238164746,0.008944284062519408,16,0.23753188179190293,0.04541230667011965,16
gene_82,0.7055115372408249,0.013534697444633799,16,0.274656553376445,0.04732241247332862,16
gene_83,0.7230454969603496,0.012004285592848414,16,0.2783549285198577,0.046484498349162316,16
gene_84,0.6988839954692876,0.0026196745689238497,16,0.23751100859877994,0.017059917385886712,16
gene_85,0.7114306760826395,0.00991854972957694,16,0.27814469698740346,0.03642127960889034,16
gene_86,0.7046242837679775,0.01007167041494877,16,0.224287467770113,0.03974262314146679,16
gene_87,0.7123247569206435,0.012424997632519811,16,0.2640923770868823,0.04327061166452909,16
gene_88,0.7141852624965177,0.01449344774528358,16,0.32730563909975796,0.04774005239635876,16
gene_89,0.7089130640624808,0.013772830330477773,16,0.2406077569766808,0.054276278821592264,16
gene_90,0.7078016395176265,0.009684093020379089,16,0.2624283302527709,0.04608400707480861,16
gene_91,0.7102473644646695,0.008212596421709713,16,0.2715883451266653,0.04041663748681018,16
gene_92,0.7078599723357106,0.01178961725238762,16,0.2543977986687316,0.03874497459448901,16
gene_93,0.7133989736701155,0.006999416186696795,16,0.2273684789835438,0.03273403056974535,16
gene_94,0.7062228019677226,0.004646555412837164,16,0.23722103930731658,0.019666889303988293,16
gene_95,0.7146246282557589,0.011805834571251542,16,0.3149306228441326,0.04453408673777054,16
gene_96,0.708932012194299,0.004863002600038905,16,0.21613209856482074,0.0220926942253925,16
gene_97,0.6995386458105689,0.010515318241928128,16,0.23994327375798624,0.0370183783979348,16
gene_98,0.6902721667321491,0.006947067754414488,16,0.2032554965320236,0.030386595213241132,16
gene_99,0.7100887210116371,0.004277462340445579,16,0.24340664866854367,0.020422324119345785,16
gene_100,0.7030134410580796,0.00736554920858753,16,0.2330344638205969,0.02689138953413823,16
gene_101,0.6926551837037545,0.007899447489525488,16,0.23442574317204695,0.03627687880539934,16
gene_102,0.7129675602358173,0.0091272492010542,16,0.24615564316731073,0.02820741870414833,16
gene_103,0.707934205910291,0.015318739798017886,16,0.25935407646524417,0.048171990903501945,16
gene_104,0.7072255583392277,0.004716347688127811,16,0.20974193559663898,0.012685560792281517,16
gene_105,0.697162687943478,0.017205567686135848,16,0.2442100372507939,0.06039727265515374,16
gene_106,0.6933424021661415,0.008500829168481635,16,0.213125031809489,0.03366815562302287,16
gene_107,0.7131421768230298,0.00941793687924398,16,0.2370670243321673,0.04231362657978207,16
gene_108,0.7047356891841794,0.010555176485279219,16,0.24002385251100394,0.03994041523444457,16
gene_109,0.7123734670264164,0.012628090071213667,16,0.28856625726004503,0.045076243066299974,16
gene_110,0.7090398876661735,0.006934602344133882,16,0.24971506909406213,0.027373432397615194,16
gene_111,0.7122400221073699,0.02556998149249288,16,0.3560942566656953,0.08190834374399941,16
gene_112,0.7048765708487591,0.006889899335875981,16,0.24723658149248853,0.030374631561447374,16
gene_113,0.7022628295982254,0.013253354769240926,16,0.23651136338565606,0.052440429255779526,16
gene_114,0.7030498237342002,0.019586824179655824,16,0.2875939560850452,0.06759438191369538,16
gene_115,0.7066929962873295,0.008127226317772417,16,0.24037660425160265,0.02883758803860102,16
gene_116,0.6997310726762626,0.017504323430805845,16,0.22954537986255671,0.06263910446355993,16
gene_117,0.7149823166416008,0.0068944138308992525,16,0.2493132095150027,0.03559108751719227,16
gene_118,0.7088851014617635,0.012068869465124091,16,0.2469766583514772,0.04004486470445974,16
gene_119,0.7089269699711129,0.006221375986507949,16,0.25591445763781223,0.033594714936820286,16
gene_120,0.6987481011771892,0.005716290251930831,16,0.22815430003482975,0.021185772974748576,16
gene_121,0.7089865191709841,0.011510549829330283,16,0.23689681642159086,0.04539837055081538,16
gene_122,0.7045196857083167,0.017853416295250724,16,0.2628250850244927,0.06133933044113817,16
gene_123,0.7044013858096995,0.00667738899788686,16,0.21651950943968995,0.023034737780962454,16
gene_124,0.7037343560809068,0.010032370211378636,16,0.21818001908052947,0.04105717445424654,16
gene_125,0.7137735542249254,0.0054961200189995,16,0.23949854336953144,0.02809170555783811,16
gene_126,0.7191291041649522,0.013160083793102496,16,0.3110343960553297,0.056063545038090266,16
gene_127,0.6983484682545766,0.008126723377087527,16,0.22724008286680825,0.021440848319143273,16
gene_128,0.6975406734403605,0.007940011228886028,16,0.2426011455408432,0.03621839528956671,16
gene_129,0.7040732873256524,0.01196055923933923,16,0.2245269824589727,0.04650820839500899,16
gene_130,0.6983073051183168,0.008718383857534866,16,0.247148696871909,0.030939544474669234,16
gene_131,0.7038059791838248,0.007950105803598185,16,0.22277446752833527,0.030658161536349926,16
gene_132,0.7052068168474601,0.011868512886889162,16,0.22766277894265186,0.04207633368512366,16
gene_133,0.6975987633850158,0.012150232673683403,16,0.22456046537666294,0.05127192643616355,16
gene_134,0.706551086043024,0.01095101623891116,16,0.24586453333087827,0.03925451923900952,16
gene_135,0.7066764682117397,0.004869065219845498,16,0.23782814927587048,0.025096899983083704,16
gene_136,0.7074004018714353,0.003725209959753063,16,0.26036434745534737,0.02414621044894807,16
gene_137,0.7100299085385119,0.009064719363650367,16,0.23697487592828365,0.038523189565887225,16
gene_138,0.6934894818118017,0.014707894319946384,16,0.2570069602723707,0.05889252447211389,16
gene_139,0.7211102486825345,0.015218215130669267,16,0.3415954008403318,0.0563151628820194,16
gene_140,0.6975765126130877,0.010381267410582247,16,0.2288727718743193,0.038086481223489566,16
gene_141,0.7064635419276308,0.008715703768421498,16,0.23852750645803264,0.041300388552987066,16
gene_142,0.6986379206941892,0.007611553011288999,16,0.23258972590342628,0.036525962449244616,16
gene_143,0.6982085079099432,0.005542753293035644,16,0.20416118525955437,0.022399485384927535,16
gene_144,0.6952671690611509,0.014910772404893425,16,0.2130739463230502,0.0625349574140903,16
gene_145,0.7005311884572486,0.009382384900413395,16,0.24762389790590308,0.0439286081572579,16
gene_146,0.6992850094447636,0.016508317130655144,16,0.21792347328870784,0.0604438391071557,16
gene_147,0.7087670686158343,0.011295548976238263,16,0.25564150795647844,0.045474003845013364,16
gene_148,0.7152268895953332,0.00746935775435592,16,0.26120588198788935,0.02599863240198338,16
gene_149,0.6975231868699264,0.00724726020871568,16,0.1918143983637074,0.031606104670374904,16
gene_150,0.7051507371641116,0.006765740444173674,16,0.22678181482738521,0.021701644694744216,16
gene_151,0.7077314631618427,0.0037488851049853286,16,0.221361813995238,0.023273726358890384,16
gene_152,0.7064567799082694,0.013603264431713516,16,0.2457469094374699,0.05414761024632016,16
gene_153,0.7096141856597808,0.02388697562301473,16,0.3011766219505413,0.08329409183638661,16
gene_154,0.7103758407079215,0.01396519169780684,16,0.2988591233391404,0.04850783067368241,16
gene_155,0.7141079834063436,0.007929129064779522,16,0.2829085606997391,0.0346896282496156,16
gene_156,0.7133431193394019,0.0049269828050254654,16,0.24299693593410412,0.018469329027227956,16
gene_157,0.6976442443854926,0.010866672756330489,16,0.24296172201568356,0.040236939802111564,16
gene_158,0.7041408634805397,0.007254648877881387,16,0.2555507115190989,0.03177558256226971,16
gene_159,0.6990159939261819,0.009066168642972506,16,0.21461364353329712,0.045556376556266986,16
gene_160,0.7136597081517086,0.015606409727673208,16,0.28530724277484043,0.05465990723529535,16
gene_161,0.7132505435664342,0.008163383167455657,16,0.2536413386352956,0.019426441472384558,16
gene_162,0.7019673318104058,0.0032703194634875967,16,0.25140389956465736,0.02785233274146519,16
gene_163,0.7033512757687118,0.00702646661491688,16,0.25121489543300585,0.022877223539007785,16
gene_164,0.6989925244320563,0.007618191775743961,16,0.21756775194270625,0.017178184753957014,16
gene_165,0.7094482050533766,0.013427265259323664,16,0.2595562507357815,0.058560436073297126,16
gene_166,0.7029959121403251,0.011085866610030817,16,0.2414406313172868,0.036379722039549735,16
gene_167,0.7012607044289103,0.011774548715834285,16,0.24163154128481298,0.04666944735434454,16
gene_168,0.7055319595006754,0.008996892723421735,16,0.24425972908661028,0.033959468711647504,16
gene_169,0.7042691169495938,0.004951098904590251,16,0.25181596561490005,0.025977548700795394,16
gene_170,0.707342962800328,0.010042576543359329,16,0.24540146505736524,0.04185899118846341,16
gene_171,0.690118702165139,0.007989361653040285,16,0.2168866686955259,0.04140117681021206,16
gene_172,0.7095961834116322,0.015923303585919892,16,0.26405815019300244,0.06218422420760981,16
gene_173,0.7013854180455628,0.011302260635917284,16,0.21527991026000845,0.038130603090056184,16
gene_174,0.7052494541251924,0.010140584248118376,16,0.23048445917327318,0.04063933195737541,16
gene_175,0.7115613685590618,0.012561985588859082,16,0.2168184688556577,0.051622236361639276,16
gene_176,0.7002513950175783,0.009402431371879483,16,0.22599578419030894,0.03468253598195623,16
gene_177,0.7067162988749379,0.010100630483149955,16,0.25138385283058895,0.02853536034359185,16
gene_178,0.6939911463672338,0.012460450991407562,16,0.21198031092914635,0.03793507920958035,16
gene_179,0.7011585375392325,0.008777456617875656,16,0.26600930144597235,0.026833575764837414,16
gene_180,0.705116622225573,0.005508205915824001,16,0.2261841612599508,0.028194367167061765,16
gene_181,0.7004650529879922,0.009371655572970818,16,0.278697407614242,0.03269021118896315,16
gene_182,0.7021432418352699,0.005707454595533175,16,0.2181423813617978,0.02832744402094299,16
gene_183,0.7181035622801506,0.008431772816008713,16,0.26233392521093823,0.03644871230673362,16
gene_184,0.7104343937502151,0.00675724680558236,16,0.22328477517081338,0.03208226738621381,16
gene_185,0.7096047874828515,0.011528133126242361,16,0.24404648000103468,0.042722910298185535,16
gene_186,0.7046620225629506,0.011112311516918086,16,0.22389397982755463,0.0362576445528447,16
gene_187,0.7089236478047236,0.007797844229149042,16,0.22876093381961163,0.030633642586699452,16
gene_188,0.7160123141211996,0.010386168165539328,16,0.2666942634157607,0.04612972610214011,16
gene_189,0.6956239079248662,0.011030610629136848,16,0.2296748150074123,0.04452251325177386,16
gene_190,0.7134018337432161,0.005260800097304925,16,0.22683378740784346,0.018242460867041826,16
gene_191,0.7111686688414898,0.011118130102952626,16,0.276058954360179,0.03404041808076911,16
gene_192,0.7000910917219442,0.009477668236306774,16,0.23616274178743413,0.027036275711966054,16
gene_193,0.7145531189228134,0.009494024026507324,16,0.2547109265862319,0.022545870412286208,16
gene_194,0.7070446966088721,0.0060196721417455175,16,0.1899374986509,0.02416925706553715,16
gene_195,0.7034384079753004,0.007429673376964116,16,0.22204156474706016,0.028361755119824104,16
gene_196,0.7082686040487521,0.004419836903192915,16,0.22170357769317922,0.02383496944681959,16
gene_197,0.7055703017749883,0.010644137702762388,16,0.2661472592911029,0.033737059476134784,16
gene_198,0.710676734271491,0.0068887429015530065,16,0.27151643379361357,0.02176038970770295,16
gene_199,0.7008139208494708,0.009426273971495865,16,0.2519162200647731,0.04482983027914514,16
gene_200,0.7124149259007913,0.010620232960009433,16,0.20070798866074438,0.031027745422893282,16
gene_201,0.7134241016856072,0.004341954162975533,16,0.1702376461475966,0.01836421545467733,16
gene_202,0.7035587145412493,0.006569684662316942,16,0.18726256312622708,0.024936996418495207,16
gene_203,0.7072964803957827,0.0055831313945763055,16,0.16210866815819588,0.018407575975697026,16
gene_204,0.7143784374310261,0.00373569978434785,16,0.18465877219856364,0.011222428795290425,16
gene_205,0.7035080855984299,0.00800471573576304,16,0.15402446462169342,0.031408214877399566,16
gene_206,0.7078995977368284,0.003104382590063048,16,0.17885150142567688,0.01934283876036757,16
gene_207,0.6907759816631273,0.011460199836145315,16,0.2015951366272455,0.021860910441819058,16
gene_208,0.7111053148165882,0.003231161207590957,16,0.1825520596771036,0.017819852897335016,16
gene_209,0.7001752389596432,0.008441559479722464,16,0.16389263205656407,0.027202369319466756,16
gene_210,0.7023665784339763,0.010851648943963555,16,0.19178423015436638,0.034017181161350496,16
gene_211,0.7132068895674337,0.006052982210154354,16,0.18440693640201822,0.02307395859788829,16
gene_212,0.7059507545062645,0.006026688230852864,16,0.17656303746427007,0.02954384415411412,16
gene_213,0.7059306344275952,0.004142295891891123,16,0.17375731964876812,0.024096679957950798,16
gene_214,0.7045027260333245,0.005232195595015777,16,0.16372586176880474,0.020914870394878736,16
gene_215,0.7082709407210952,0.0044562841949159805,16,0.1753036972603463,0.014291114048670334,16
gene_216,0.7019391941164514,0.00600599525032863,16,0.16308560569919273,0.02075371170419108,16
gene_217,0.7007627215390376,0.005150354132594519,16,0.1567502402791917,0.020400375952064082,16
gene_218,0.710629199167532,0.005796329117806091,16,0.18881755768242986,0.024281914656844514,16
gene_219,0.7032781765380227,0.006778402870884202,16,0.16841263319613214,0.021645159527889746,16
gene_220,0.7103928731304178,0.0053322560829651075,16,0.17311163535328336,0.026979100219166705,16
gene_221,0.7074710747661372,0.0040672027987059475,16,0.1582004686233632,0.012409961512303806,16
gene_222,0.708536317746312,0.007470415046596249,16,0.19355608160763382,0.029942978293284832,16
gene_223,0.7100600630619509,0.004969850289267458,16,0.185218908166648,0.021466609299030024,16
gene_224,0.7038621104041374,0.003574580169888015,16,0.16304907079888908,0.014926620061410222,16
gene_225,0.7090618648828891,0.004839949643252593,16,0.21045255718007372,0.015617870935337135,16
gene_226,0.7153811068907943,0.0067293584376681755,16,0.1782770976810927,0.024235014363359623,16
gene_227,0.707734226746483,0.0048662977675382225,16,0.19334604532114547,0.018613061770276603,16
gene_228,0.7067820342802633,0.0038001138764527063,16,0.16768322670649913,0.014788842727409358,16
gene_229,0.7094847243466054,0.00564106015157033,16,0.18102332608534435,0.016114931429769722,16
gene_230,0.7126812331951261,0.005088560240176655,16,0.17663510300719176,0.022018549395796713,16
gene_231,0.6957559750066756,0.010646260864067262,16,0.1810610824599779,0.032385350448806145,16
gene_232,0.7069426971882384,0.004967943023391619,16,0.17235942492921985,0.022127642222504046,16
gene_233,0.7052668506970667,0.0055588418844393,16,0.16033507988135456,0.023024355620019896,16
gene_234,0.6999517153612409,0.006536852284488442,16,0.19470632755542927,0.024465818530237073,16
gene_235,0.714384262076183,0.0025277353859433143,16,0.19809173355549975,0.012749423235468944,16
gene_236,0.6977734282834818,0.007419614104361065,16,0.14375251261844785,0.03046337628387405,16
gene_237,0.7026050106595267,0.007121583823990692,16,0.18944523910850783,0.01955086693602604,16
gene_238,0.7057156195942011,0.00980873616713213,16,0.19040239031085862,0.028767758669425117,16
gene_239,0.7049273906246337,0.0063468084358950325,16,0.16354356805502598,0.030971565404029584,16
gene_240,0.7032767016530138,0.008814233749486674,16,0.175393352430733,0.028216671401233146,16
gene_241,0.698016837225002,0.004366832848106666,16,0.14559842497621794,0.023383006798746397,16
gene_242,0.7134143843871938,0.0036425183124501183,16,0.17247256675336725,0.016222023953301388,16
gene_243,0.712142290014864,0.006314644425974522,16,0.17777574278789152,0.02827524864569694,16
gene_244,0.7063164992439006,0.011207179415039679,16,0.16908650791793295,0.029538903490433175,16
gene_245,0.7169152554399796,0.005901224391734777,16,0.20064442643838934,0.019197902191128328,16
gene_246,0.6974810090975121,0.007220206551012154,16,0.1574201330548491,0.02858202028442937,16
gene_247,0.7088881030270346,0.008795150271671865,16,0.22036776087335155,0.026357821731628924,16
gene_248,0.7048810447569294,0.004874218374185598,16,0.16116367509337176,0.021899773306879974,16
gene_249,0.7058126705153268,0.005934579531025235,16,0.17864341192476274,0.01733759723196815,16
gene_250,0.7022898912122005,0.006670826564511212,16,0.14544444374848864,0.026434635488778353,16
gene_251,0.7047063676853096,0.004259348738700625,16,0.170137457061019,0.013303566695907897,16
gene_252,0.6964923896970747,0.005277593475952775,16,0.1720958982203817,0.018199145681129045,16
gene_253,0.7055321155929054,0.005931259035782031,16,0.16573489481214965,0.018246320032036117,16
gene_254,0.7092167671820262,0.012038342711745482,16,0.19547868130813817,0.04240119454859298,16
gene_255,0.7043796750157516,0.010918003646093868,16,0.17609205338869008,0.025998721221787372,16
gene_256,0.7078351345196282,0.004749180844257178,16,0.17096831786588793,0.017645938065328274,16
gene_257,0.7104579203920732,0.006777691277252606,16,0.18266808650484198,0.02391411586370175,16
gene_258,0.7141034790711543,0.007792152786324457,16,0.17316581936539818,0.025504541510486197,16
gene_259,0.7058224857290196,0.01077898800923528,16,0.17759043104344022,0.04186864637564053,16
gene_260,0.6975062677188437,0.004512412334750773,16,0.1449867133880173,0.014385423853120033,16
gene_261,0.7038462903079218,0.00518177471558803,16,0.16856705288399662,0.01447031439961271,16
gene_262,0.70553079107786,0.004527426120575116,16,0.18073353427379107,0.025565866741134397,16
gene_263,0.7085698851622784,0.006635934085899874,16,0.1811809369845783,0.03286700719069686,16
gene_264,0.7049435673983998,0.008157485144320903,16,0.174809839869186,0.021479574743801404,16
gene_265,0.7063015369907081,0.007483204137459193,16,0.169097514667666,0.03136932285317821,16
gene_266,0.7038478708877145,0.007408876323248837,16,0.15493570360299014,0.030774547334757388,16
gene_267,0.7098186304927063,0.007839755734150576,16,0.1791501099519223,0.02465952672820647,16
gene_268,0.7026896293290837,0.006576493365572175,16,0.16822611549756653,0.027568058438371873,16
gene_269,0.7058143263911719,0.007519801131589348,16,0.17692441045075033,0.027894045720955715,16
gene_270,0.7069677844239904,0.004608291000632061,16,0.15990663416269382,0.017957888902386455,16
gene_271,0.7120428612693495,0.006498342051609568,16,0.15985169404192973,0.0254871985721961,16
gene_272,0.7073344737156586,0.009939162661344765,16,0.18904433612523638,0.03248391206448729,16
gene_273,0.7083189491026967,0.00521206443437177,16,0.1791636270453254,0.02459058550129453,16
gene_274,0.7016113944057525,0.008849673904404973,16,0.1590191693516098,0.03239261514069215,16
gene_275,0.7134313647093167,0.004240537703006689,16,0.16141196041955938,0.017222226557682543,16
gene_276,0.6991919702232852,0.003683447638948184,16,0.16280316101857376,0.017826417045216907,16
gene_277,0.7119088482990694,0.003719375042391003,16,0.15623524446839557,0.020157437426867608,16
gene_278,0.7114099046789296,0.005556348294652791,16,0.17988680644519076,0.018386968152427664,16
gene_279,0.7145760425590787,0.007670455373688309,16,0.2040284398436344,0.025024425614961432,16
gene_280,0.7001462046388847,0.010214812582137842,16,0.1833028809363292,0.029674161815090087,16
gene_281,0.7028372813043698,0.009293152281913093,16,0.17297557709406988,0.03855790986824171,16
gene_282,0.6992488757193563,0.009226305539302487,16,0.15364999787763198,0.0298591520654193,16
gene_283,0.7048979194691113,0.0042577647124289715,16,0.14998596001846723,0.017828872555167366,16
gene_284,0.7084851546911508,0.007018023602261876,16,0.18489941064193133,0.029156492170041275,16
gene_285,0.7108421163552191,0.007998313747356245,16,0.17637510919188856,0.029334112056100568,16
gene_286,0.7023902721511706,0.007350144354405296,16,0.1519501568912358,0.026653023406949625,16
gene_287,0.7070344768482721,0.010364861847718433,16,0.18548760055834906,0.035449930139557245,16
gene_288,0.7218650655561907,0.005107783186929804,16,0.22406239130765324,0.02119437467104766,16
gene_289,0.7072697008924349,0.005624770993617911,16,0.1590288854918267,0.022465074232543885,16
gene_290,0.7105070481848638,0.005904263785206574,16,0.2011041358391866,0.02572742036141008,16
gene_291,0.7145288162547335,0.007055477998690544,16,0.19156330946575828,0.019942637352702526,16
gene_292,0.7107928000488879,0.0025526671682810495,16,0.1565203154781686,0.014147763037533373,16
gene_293,0.713963222427765,0.004117936634443166,16,0.1847461443343873,0.019871028004478705,16
gene_294,0.7102946096968621,0.007496781407952993,16,0.15879305855216772,0.029723802645634477,16
gene_295,0.7088454036611962,0.002864630908766181,16,0.1846632672079017,0.011307294362948635,16
gene_296,0.7030475840769553,0.006704931220044091,16,0.16035514197074474,0.025891811831561553,16
gene_297,0.7050075626272465,0.005513952359128804,16,0.20454096720999063,0.013664749792130665,16
gene_298,0.709812214050418,0.004858864011001477,16,0.18840133274250412,0.01181510838381113,16
gene_299,0.7165136943178433,0.00458043750534319,16,0.17590508039366046,0.01836008125667914,16
gene_300,0.6977758511423515,0.008459312846897587,16,0.1728940996441681,0.019154242926762016,16
gene_301,0.6986107921123647,0.006923562636993813,16,0.1593330097625778,0.031275090180577766,16
gene_302,0.7138822726244418,0.012800046781287534,16,0.22508025152078556,0.040564524542436795,16
gene_303,0.7029829461027604,0.0071049335771833505,16,0.16463774206173418,0.023116614350460297,16
gene_304,0.713725235439607,0.007122788745845086,16,0.20012654355111953,0.027708236371651863,16
gene_305,0.7052278679800034,0.004626153937754154,16,0.18039024052000047,0.00721235909783689,16
gene_306,0.7085786021490241,0.004596761382175052,16,0.17769571231999454,0.02069487023268879,16
gene_307,0.7071951072592821,0.006270369097492938,16,0.16936155988692697,0.022030367214260296,16
gene_308,0.6996566540692575,0.009093728695087407,16,0.15811791625357696,0.03175856214609354,16
gene_309,0.7055831602577229,0.009498455177245763,16,0.17492147479898446,0.034164563399654006,16
gene_310,0.7091266631752069,0.005240161964126211,16,0.16301865663090642,0.016400944121144886,16
gene_311,0.7072380870271067,0.0057890487352920865,16,0.18233537430105776,0.023172940313350824,16
gene_312,0.7037959580957649,0.003422121809396595,16,0.15420826829881762,0.013122317853282167,16
gene_313,0.7056750475826974,0.007634272495684941,16,0.16660977143070166,0.026224022609145917,16
gene_314,0.7130040115551269,0.007874999129334008,16,0.18395564815632243,0.027748732127202167,16
gene_315,0.7027719973595796,0.004496743849118359,16,0.15513781518736852,0.029928752079230906,16
gene_316,0.7035397888102024,0.00825253988036199,16,0.18915214590407792,0.02112594546006159,16
gene_317,0.7066923118630415,0.006015829250347248,16,0.18124748383188535,0.024753048316066565,16
gene_318,0.7118481180905949,0.0028084782537105726,16,0.1848468964913148,0.012022732992544565,16
gene_319,0.7132634362285557,0.006437497989754191,16,0.19377152766724773,0.016603564096399796,16
gene_320,0.7106840383456273,0.006862458990904558,16,0.17195289542805026,0.0289560263917412,16
gene_321,0.7007745102983579,0.007976149743376376,16,0.18543547456262136,0.02711545443609674,16
gene_322,0.7147503490239414,0.008161021545075961,16,0.2065059480737166,0.03132959147228526,16
gene_323,0.7041647131884357,0.004531749187008228,16,0.16465212567782161,0.01733215158450477,16
gene_324,0.7021603757025401,0.006880504931536209,16,0.15770882568019182,0.02333443906616557,16
gene_325,0.7004489109228899,0.006605194075922302,16,0.16388217341001726,0.021616178489284304,16
gene_326,0.6985015095221991,0.004359662778097419,16,0.1575628618577157,0.021549142646241914,16
gene_327,0.7067717027191445,0.0063077959773489,16,0.16099385205524866,0.025883568663020873,16
gene_328,0.7061391161924659,0.006283603177362222,16,0.16327670670394834,0.023091228650076564,16
gene_329,0.7168323316318215,0.007393107816941392,16,0.18768714114459759,0.031142561764408237,16
gene_330,0.7092478092665923,0.011457312965744568,16,0.22855363947675864,0.03619468853408292,16
gene_331,0.7084317566917878,0.004821052881914154,16,0.1636822790172239,0.0208516373334382,16
gene_332,0.7073885127745814,0.006038099437604716,16,0.16911551825205826,0.02218111568453577,16
gene_333,0.711992178046132,0.008765396233929962,16,0.1871951410473981,0.03192191252552943,16
gene_334,0.7153297345134052,0.007636558043492909,16,0.18418499294848822,0.029489078645252107,16
gene_335,0.7068683034699796,0.004563159064394121,16,0.14968849457249556,0.020302256814861072,16
gene_336,0.7043913524756197,0.0034264334055461943,16,0.1599026410339529,0.016262037877646622,16
gene_337,0.7043989427950371,0.005602073934992523,16,0.17478313189918218,0.027002821171208873,16
gene_338,0.7074283663678979,0.005374301893344142,16,0.17770074412572154,0.028628271675262447,16
gene_339,0.7047874405578274,0.005085617291531017,16,0.15750337293243116,0.01937184451428821,16
gene_340,0.7125949567545836,0.005261824197550246,16,0.18261816351720864,0.013983226226607417,16
gene_341,0.6993228792107855,0.009941107335421605,16,0.18378316736024847,0.03235799140920711,16
gene_342,0.702953284635143,0.0050640028339268735,16,0.15694873876939497,0.01894735794236532,16
gene_343,0.7127200236697151,0.003338753268144787,16,0.16721340922421127,0.01327057883825987,16
gene_344,0.7095361520016445,0.004450477569725739,16,0.16556892512145455,0.020670176898654177,16
gene_345,0.7015464496288931,0.006900409325508778,16,0.1544574183328766,0.027650332697744917,16
gene_346,0.7098634515595423,0.006450830026101788,16,0.16446066136281656,0.025753947271160895,16
gene_347,0.7020352101089051,0.0046857177531032775,16,0.1760553800738238,0.010704482577087799,16
gene_348,0.7054304422746884,0.004586328860609732,16,0.16114490838210324,0.010406766214075793,16
gene_349,0.7166918302541637,0.006864437708439373,16,0.2009615887925279,0.02435293542141014,16
gene_350,0.7107301006309977,0.005814929250148495,16,0.17450246838112307,0.023042565318460797,16
gene_351,0.7058279368055966,0.007620920248037753,16,0.17292765071336763,0.023411751313195797,16
gene_352,0.7086054717102825,0.0071760474805728615,16,0.18079847498884113,0.02573850176944613,16
gene_353,0.7044611233656639,0.007115408085857525,16,0.1709773095743502,0.02280706575986109,16
gene_354,0.7017543183265886,0.004049424349931125,16,0.17293458752627916,0.016603312376044985,16
gene_355,0.7062272011882207,0.011633433392329577,16,0.19175722753369995,0.030989186124731824,16
gene_356,0.7086713895100243,0.004825834050863271,16,0.1738053838808321,0.029193607174782126,16
gene_357,0.7021385909953164,0.007238989464774997,16,0.13614735518200746,0.025723635646475118,16
gene_358,0.706463525356815,0.004207725517766078,16,0.15108329431225082,0.013867954433776048,16
gene_359,0.7051602980312147,0.0027536969806175376,16,0.14314159379056393,0.011037529853565464,16
gene_360,0.7054113684960374,0.003402247200178669,16,0.18105533391427622,0.01996275122567711,16
gene_361,0.705064613088774,0.004323166763816932,16,0.1580926874547978,0.01850332617663812,16
gene_362,0.7049066812510068,0.006599095449187902,16,0.1817897844993634,0.02514029309952717,16
gene_363,0.7062255757123241,0.007053677147326208,16,0.19647388140919142,0.023614219214785608,16
gene_364,0.7125563281505213,0.00874647595601318,16,0.18146103902938795,0.03048537564237757,16
gene_365,0.7084391204351246,0.006034781110388571,16,0.1836570166885303,0.015646581975922422,16
gene_366,0.7078862848822844,0.0064545065403357775,16,0.1581387604745388,0.020452127614786597,16
gene_367,0.7004875905691669,0.005464082198197766,16,0.1514545261875134,0.023202517538986934,16
gene_368,0.7103845182716153,0.006194553032999635,16,0.17552291759996458,0.021881066939832435,16
gene_369,0.7075438591303927,0.007939267162001678,16,0.16809446066415112,0.03549663771146418,16
gene_370,0.7074304623930499,0.0033413203768055707,16,0.1498312409993256,0.02219447382066372,16
gene_371,0.7101804324972505,0.006528410353072858,16,0.1739828470668928,0.021233881101422988,16
gene_372,0.7082928901990005,0.010443022990816017,16,0.18137092496154988,0.03545598375498909,16
gene_373,0.709040083330813,0.0022470884558481266,16,0.19753549868909973,0.010917806513572206,16
gene_374,0.7028861590912902,0.0076263049765636,16,0.17290967998243675,0.021936579034232326,16
gene_375,0.7080520222624098,0.006168711554131785,16,0.18991769345264062,0.021366858912406198,16
gene_376,0.7049537910472936,0.0038015642780240147,16,0.19435338646792977,0.0218451261984042,16
gene_377,0.7080139285259617,0.007430746707364234,16,0.18410571386196792,0.01873672600861897,16
gene_378,0.7074702899429677,0.005923672660595378,16,0.18260068938538612,0.018985679166093766,16
gene_379,0.7089091818683825,0.003760182249757989,16,0.17973933896441424,0.014161711669295638,16
gene_380,0.7071905041493951,0.007407928785690022,16,0.19431186506955622,0.0279440199834776,16
gene_381,0.7079695852000091,0.00450619325532649,16,0.14608782177433435,0.017220841756681867,16
gene_382,0.7081564972029697,0.007781102522604452,16,0.1910925786112109,0.020259288911002687,16
gene_383,0.6987368980908778,0.007467611939201146,16,0.16199705144754514,0.022732346598705103,16
gene_384,0.706821772626542,0.01209611745435807,16,0.19586247071426885,0.038551030846914004,16
gene_385,0.710588501060696,0.006503362179611276,16,0.18836851155775128,0.02497056380522756,16
gene_386,0.7119649286602013,0.006192266778907716,16,0.19062111550479996,0.020948453210995213,16
gene_387,0.7089477713161658,0.00960444287809791,16,0.17578840960251735,0.035704107687036045,16
gene_388,0.7029191937694901,0.008863420590800733,16,0.15270518661426744,0.02914662383163534,16
gene_389,0.7135018911596239,0.006316553918596163,16,0.15992270245054754,0.024363864913457788,16
gene_390,0.7132227421586114,0.006110105471335993,16,0.17326379155543264,0.025116236285465263,16
gene_391,0.7090322948195786,0.00513287274673619,16,0.15394366217212857,0.019691290079451917,16
gene_392,0.7095388890447961,0.007244201939852319,16,0.1782867338929196,0.028444613030212146,16
gene_393,0.718927394787174,0.010281644502911951,16,0.20965709717613007,0.03858337154218776,16
gene_394,0.709158476042918,0.0047360207689018516,16,0.16672542634389922,0.023167558998913866,16
gene_395,0.7066095554588658,0.008704522593013934,16,0.18459983615507963,0.03072458001363218,16
gene_396,0.7058695203727506,0.005006446770952841,16,0.16297168574695176,0.021027735337178274,16
gene_397,0.7062790198015384,0.009384823747657253,16,0.2080444063728911,0.02465690497261884,16
gene_398,0.696648276912841,0.006194359121388749,16,0.1734448961220898,0.020737787593493973,16
gene_399,0.7077116188318321,0.005801105444065914,16,0.18871593530835723,0.012843327961231568,16
gene_400,0.6935490929806212,0.0008215924004991174,16,0.012884106420840927,0.0027302654136953535,16
gene_401,0.6938781099241512,0.0010360378639492987,16,0.01055180552690142,0.0016352985158083534,16
gene_402,0.6952565688923378,0.0011279586285219067,16,0.01257285215747878,0.0037334568712706416,16
gene_403,0.6942510170527846,0.00046763471177818725,16,0.012183332933868508,0.00438027456536444,16
gene_404,0.6960090724496379,0.0005894306281161362,16,0.013677618310952678,0.0033911955719663515,16
gene_405,0.694592994057993,0.0008613435853283272,16,0.012249790164700783,0.0020041767215505752,16
gene_406,0.6941569565505793,0.0010984091108603182,16,0.015498291275008326,0.0030891388452306484,16
gene_407,0.6939710075603148,0.0012261454585550586,16,0.012488146741575567,0.0027018694650111355,16
gene_408,0.6941370946183386,0.0008360315779934378,16,0.010009537697470539,0.0020513989269813843,16
gene_409,0.6938456686761967,0.0007073009580355168,16,0.01119664905812121,0.001949265097077131,16
gene_410,0.6947508801984893,0.0010731630923115818,16,0.016324671527423878,0.001640839211345367,16
gene_411,0.6945442615695888,0.0009915994485617677,16,0.01327378873194588,0.0036952717648613114,16
gene_412,0.692888810960322,0.0015043932398148732,16,0.009794744880800305,0.0029110930949641845,16
gene_413,0.6935158601246684,0.001151504342735793,16,0.013758354428980787,0.002690576675276607,16
gene_414,0.6933057229523637,0.0009318882267413598,16,0.013811617763281681,0.002395811212567977,16
gene_415,0.695310244123889,0.0015389539699090203,16,0.01564926689856945,0.004290671150512586,16
gene_416,0.694827900944921,0.0011270675392669805,16,0.01746736172386082,0.0058247742642658674,16
gene_417,0.6943997919382049,0.0009038273732513942,16,0.013952692458831432,0.003170372304858009,16
gene_418,0.6949980706884262,0.0007624664257740388,16,0.013985904193844798,0.0024775967666373013,16
gene_419,0.6940879388808554,0.00110636993617842,16,0.010888972397576762,0.0032196665893583828,16
gene_420,0.6954951444946853,0.001078710217282016,16,0.014457811929121113,0.0045524452989144796,16
gene_421,0.6957624305783123,0.0008894426551450158,16,0.01375246229896123,0.00418934338710271,16
gene_422,0.6940412251748609,0.001029989104494599,16,0.012410603117302063,0.0023439443938161873,16
gene_423,0.6932793983253037,0.0009766295747032992,16,0.014334631083343735,0.004206310972296414,16
gene_424,0.6923558505874207,0.001542507151841778,16,0.014520143108562608,0.002792623454116334,16
gene_425,0.6945746855623621,0.0010142450665843394,16,0.010441993180574715,0.0029687622353037763,16
gene_426,0.6931022821652769,0.0010724600227399864,16,0.012535042801192,0.003085185011076672,16
gene_427,0.6933782527288401,0.0014819921308507728,16,0.012976634459557317,0.005260910328357887,16
gene_428,0.692382518686423,0.0010480456268532924,16,0.0109495722516781,0.002276131004171357,16
gene_429,0.6947046180081977,0.0011749542222411929,16,0.011839481260961057,0.0037779859678225827,16
gene_430,0.6937592916288244,0.0007146176792952243,16,0.01083909501132752,0.003802149159300017,16
gene_431,0.6942768961592438,0.0012339216330701298,16,0.011876233755314793,0.0030642797034777483,16
gene_432,0.694936412016988,0.0011961729765911045,16,0.013900029052093645,0.004498521891002565,16
gene_433,0.6938864172746843,0.0011371666377560316,16,0.01430769421564879,0.0028445940249918686,16
gene_434,0.6945031769979519,0.0010654357717695398,16,0.013816789953485552,0.004205433533453112,16
gene_435,0.6943610687750178,0.0005424901223849863,16,0.011140943509265486,0.0024101986695442053,16
gene_436,0.6944552841565367,0.0013112097412136222,16,0.01651163637802447,0.003769022010097562,16
gene_437,0.693074793774637,0.0006767896497874895,16,0.010754850223398083,0.00253324392575716,16
gene_438,0.6931748239320191,0.0009678150595400834,16,0.01466125650368996,0.0033555924254444797,16
gene_439,0.6926805115947188,0.0013354939649210178,16,0.008516036065758644,0.002171621133407541,16
gene_440,0.6937079693228988,0.0012598555513657808,16,0.011226129553438689,0.0022719399022266,16
gene_441,0.6948840075256196,0.0014443853856048895,16,0.01443500507691855,0.004898490207034353,16
gene_442,0.6934990362191437,0.0008576622013490397,16,0.010381979479376987,0.0016525791639098956,16
gene_443,0.6936182252308968,0.0006700835334227052,16,0.01292024067709115,0.0029019937204728457,16
gene_444,0.6939303250494854,0.0006595545467144361,16,0.013353876751634882,0.0050206279966783915,16
gene_445,0.6931473044347585,0.001537079727145625,16,0.011525740078625338,0.003118415151400627,16
gene_446,0.6948169575333799,0.000749665357174966,16,0.016411374080643568,0.0052760776318454185,16
gene_447,0.6947644125222533,0.0010099488424569194,16,0.014001511770122894,0.004169824850994931,16
gene_448,0.6960607886596264,0.000774216909213511,16,0.015828143050160396,0.0029853701289028465,16
gene_449,0.6953304881948469,0.0011661443527239378,16,0.014025917545123247,0.0038205887994581045,16
gene_450,0.6924553823786322,0.0011042604711176223,16,0.011657602244106667,0.0023178811298825088,16
gene_451,0.6948752983655628,0.0011339280280210267,16,0.013317359980759693,0.0025597295958087983,16
gene_452,0.6943487195563789,0.00029566315195954623,16,0.013407141007513881,0.002393758528662448,16
gene_453,0.6938574515654107,0.0012384282384312216,16,0.012285015429358543,0.004894845046184001,16
gene_454,0.6932425594126619,0.0005385905232262137,16,0.012009155284511536,0.0011626014689235882,16
gene_455,0.6949622902542736,0.0009770106180463842,16,0.015189116517193431,0.004388514827689098,16
gene_456,0.6937057202681155,0.0006207676518349016,16,0.011702249800822557,0.0021597472470414906,16
gene_457,0.693889372505534,0.001679806279017871,16,0.016819702450700476,0.0034891892522993253,16
gene_458,0.6934701218508587,0.0009426881422734729,16,0.013190478625321432,0.003510019700313727,16
gene_459,0.6942225224762757,0.0008070964827885264,16,0.010411097002953562,0.003417136956510416,16
gene_460,0.694709644685416,0.0014777044703081282,16,0.013847554830060725,0.006220420655661757,16
gene_461,0.6941649899082265,0.0008181155007028667,16,0.01378666076318982,0.0018047599756837707,16
gene_462,0.694829608808657,0.0009129820591032611,16,0.014367031905330266,0.0018280736087526795,16
gene_463,0.6952731551321328,0.0004340829119600301,16,0.015266190853768407,0.00463016439723708,16
gene_464,0.694244690889575,0.0011083339948008213,16,0.012430010621214082,0.003901471033308451,16
gene_465,0.696490009112387,0.0008868013025874391,16,0.014755934191385631,0.0032800958439991672,16
gene_466,0.6929225479783444,0.0005374258078963039,16,0.010325795983711354,0.002125015130853137,16
gene_467,0.6928616595095268,0.0008348114685246301,16,0.01381494181882298,0.0022603665911536614,16
gene_468,0.6939590312306341,0.0006703967437165719,16,0.011078750785656061,0.0023406884800889266,16
gene_469,0.6953055853266522,0.0006592725706312842,16,0.011536406060820554,0.0028207790085799417,16
gene_470,0.6937806558240379,0.0020051866870397727,16,0.0138612623015042,0.005532078077888857,16
gene_471,0.6962002589677956,0.0008350784684732514,16,0.012872081156616132,0.0037382672159642135,16
gene_472,0.6940220398033176,0.0011991831204907254,16,0.013445994281343517,0.004220726783605617,16
gene_473,0.6937776031056442,0.0006457950560455912,16,0.012771177829100169,0.002353189411602984,16
gene_474,0.6936411924046146,0.0009368281687928731,16,0.012674454791057364,0.0021252815435742803,16
gene_475,0.6941564643005317,0.0006866589294473652,16,0.013735034635471358,0.0026976639657009405,16
gene_476,0.6933941942694998,0.0007202534017055365,16,0.0118601942424811,0.0036003536293256672,16
gene_477,0.693459862910457,0.0013074691531921644,16,0.014254835124664985,0.002752497489326145,16
gene_478,0.6951559958320005,0.0003498598329092353,16,0.015713585984096716,0.0016752780162339748,16
gene_479,0.6958621499170493,0.0007216015245843266,16,0.01526410924426566,0.002970698400853054,16
gene_480,0.6935539805682666,0.001120031834566458,16,0.013126546568018932,0.003087340722375424,16
gene_481,0.6950138273159142,0.0008433566087005283,16,0.012370395117247555,0.002738558591082428,16
gene_482,0.6948506640692163,0.00044506662816158935,16,0.012608318069012145,0.0019425299010704358,16
gene_483,0.6957550589921986,0.0015225885556478733,16,0.014653795694146812,0.002375126262646467,16
gene_484,0.6950888302184021,0.0006823046407369948,16,0.016492803565587816,0.002745118185891537,16
gene_485,0.6954812366187441,0.0009622670490095334,16,0.01743121560264938,0.0032860741281668993,16
gene_486,0.6917666224694787,0.001921272029831614,16,0.010577570395492612,0.004661363659814559,16
gene_487,0.6947763529323764,0.0009241731737477946,16,0.013501310662629454,0.003572877433698956,16
gene_488,0.6943383369240836,0.0014605181156583324,16,0.013660337084406081,0.003301411709754028,16
gene_489,0.6943512805169829,0.0009237293782382187,16,0.014910650671468222,0.002817899764682751,16
gene_490,0.6937004661618462,0.0015541556745526698,16,0.014733845632304177,0.004545726667166518,16
gene_491,0.6951130880696127,0.0008142264948930875,16,0.01362634989134447,0.0031956791476274874,16
gene_492,0.6928926124729161,0.0012998906815757012,16,0.015199568615040127,0.0032042573939311645,16
gene_493,0.6943966717875172,0.0011704375395906992,16,0.014929279560103963,0.003971324933564089,16
gene_494,0.6926756077556133,0.0012242752456665055,16,0.012002871872848419,0.004274665632261626,16
gene_495,0.6921029863275784,0.0013740017343364939,16,0.010115821077029224,0.0024055561536316964,16
gene_496,0.693972284154236,0.0012845835692907438,16,0.015336527142493171,0.0037833966588153153,16
gene_497,0.6944475513285047,0.0006351583559317949,16,0.016661408468129232,0.0018934583530962076,16
gene_498,0.6937841281391414,0.0007959921744656328,16,0.010203836588234668,0.0011681053233254218,16
gene_499,0.6951439088248044,0.0008452880761959062,16,0.011096273256371757,0.0018344672951243848,16
gene_500,0.6959257086229237,0.0005217401328520855,16,0.011615022035498555,0.002008089114327667,16
gene_501,0.695901113523167,0.0018284651978541675,16,0.015733195236698066,0.004464670913145817,16
gene_502,0.6941197983342899,0.001242161265140158,16,0.013546129359636372,0.003308904488335092,16
gene_503,0.6940461961861581,0.001494463371748515,16,0.014252574522264362,0.004545882757220128,16
gene_504,0.6944293931214103,0.0012251486796790566,16,0.013716744516937919,0.0041842074301221815,16
gene_505,0.6940766360181438,0.0014896917624278108,16,0.012307283899266707,0.004474296768101551,16
gene_506,0.6939351857158301,0.0009825327607455513,16,0.010715904300066127,0.0031378482569770078,16
gene_507,0.693917465192358,0.0010087418241418594,16,0.010476062233565179,0.003631938556120209,16
gene_508,0.6935093215990474,0.0016336897709447568,16,0.011199255261815986,0.00519536971024411,16
gene_509,0.6922709755065457,0.0011504956492226282,16,0.011550649808090013,0.0035219324736983785,16
gene_510,0.6947024545941927,0.0009783974876607965,16,0.013949024413003334,0.003145479723251692,16
gene_511,0.6942642561529586,0.0006775029603938007,16,0.01629240055620637,0.004174785542830957,16
gene_512,0.6937581513312139,0.0009531854217899574,16,0.013918408477576557,0.002808076388872035,16
gene_513,0.6951075508271671,0.000941654187469546,16,0.017236047197424793,0.003303775196375868,16
gene_514,0.6944439132760316,0.0007774603043342344,16,0.014328724839330627,0.0027007618296714035,16
gene_515,0.6940880605893265,0.001565592404817161,16,0.010413493106909076,0.003693541356024031,16
gene_516,0.6954379016116158,0.0016446019601479066,16,0.0177790776966507,0.006855120235038615,16
gene_517,0.6954012479375201,0.0004295808889368932,16,0.015010457916411745,0.003088890389990165,16
gene_518,0.6940348311554639,0.0006233736934609941,16,0.009100940338006475,0.001529108246633799,16
gene_519,0.6939492913070763,0.00099492407580469,16,0.014291412833090862,0.004715172935773776,16
gene_520,0.6946800865053246,0.0010440889115613985,16,0.01004633816593343,0.0029808301062534894,16
gene_521,0.6925094581324999,0.0005796320303310989,16,0.009380490641158213,0.002712432938488075,16
gene_522,0.6952355406822414,0.0013782652188377667,16,0.012450215498061632,0.004186480688887963,16
gene_523,0.6949947970357377,0.0012775804386354847,16,0.01587359513820051,0.004352603454184729,16
gene_524,0.6936140345482309,0.0015803951208752008,16,0.0114801169033784,0.004019061896183214,16
gene_525,0.6945499564354958,0.0007663000032561918,16,0.013674206814309767,0.003040179562539029,16
gene_526,0.6947661076933928,0.0007881274338000598,16,0.01076605280514744,0.002770311181410941,16
gene_527,0.693931571060684,0.001166764475674024,16,0.01468619455122629,0.0035791149293485053,16
gene_528,0.6947768145142215,0.0012347792150934338,16,0.015619422360093426,0.0034985011304078098,16
gene_529,0.6957376222064363,0.0008220047462109027,16,0.0167852015058909,0.0034638431667314683,16
gene_530,0.6953178871631344,0.001248306746867253,16,0.01300608498403164,0.005102667866464281,16
gene_531,0.6931225303948048,0.001333782277569183,16,0.01168454863996126,0.0023333338815157965,16
gene_532,0.6957194124855047,0.0010481132737992852,16,0.015648925336581288,0.0025054282897237685,16
gene_533,0.6950217735274132,0.0014965930873747483,16,0.016984386663521162,0.0030738805696220394,16
gene_534,0.695082960319643,0.000843398326301488,16,0.013351350844298924,0.0017754139643695605,16
gene_535,0.6955746321559335,0.0009042376639579616,16,0.012677227461240498,0.0028630178010563686,16
gene_536,0.6948559593283556,0.0011511045043128968,16,0.014643824106187569,0.003664577057638051,16
gene_537,0.6929117792410037,0.0010013793409687744,16,0.008904652031754444,0.002694507200089183,16
gene_538,0.6924410041164251,0.0011542117372466984,16,0.0108812938052363,0.003610041975791393,16
gene_539,0.6947399353446139,0.0014771068036120959,16,0.018034120893446005,0.007100840503984623,16
gene_540,0.6939326371996447,0.0009055807402092525,16,0.011559212764508336,0.0019303080256243687,16
gene_541,0.6932286166532287,0.0008553790314821891,16,0.011416652685703452,0.0028808087222195996,16
gene_542,0.693052079723391,0.0011521162078972813,16,0.014125485469492997,0.00426144658609028,16
gene_543,0.6945755845394546,0.0008777016293601227,16,0.014973228436063017,0.0038156688928031117,16
gene_544,0.6930594303736723,0.0014159987097166135,16,0.011989805680753144,0.002723637892706488,16
gene_545,0.6937748347156211,0.0006440591704914402,16,0.00916682266667263,0.003168138285781754,16
gene_546,0.6948566467696385,0.0011096393864828051,16,0.01204417212036603,0.002736058429081009,16
gene_547,0.694844510646969,0.0011319531806389207,16,0.014655365427142757,0.004375522663480159,16
gene_548,0.6946029245137095,0.0007050393710480285,16,0.012875947003718607,0.0025985660570397653,16
gene_549,0.6948426269481472,0.001032315676912124,16,0.015342261783187759,0.004091150014875912,16
gene_550,0.695664435709909,0.0006944809796551683,16,0.01858919690467955,0.002526847522714355,16
gene_551,0.6938887030930034,0.00080922778360012,16,0.012805784465357725,0.0032838359553111814,16
gene_552,0.6956490270898552,0.0005134666343527374,16,0.01377027518928533,0.002226598142764369,16
gene_553,0.6932834150378298,0.0006245657799629933,16,0.011463452402810213,0.0021144591196204025,16
gene_554,0.6928163926358264,0.0006740493779936605,16,0.011045166703524588,0.002285329917819861,16
gene_555,0.6953158805698123,0.0008677269542351194,16,0.011914046278114519,0.0031040751531629125,16
gene_556,0.6953283516239659,0.0007440079738637182,16,0.015496405315324301,0.0038939408374968707,16
gene_557,0.6956520661772727,0.0010058513938468302,16,0.017669189192626954,0.002903062594287417,16
gene_558,0.6953099235202979,0.001214520678440421,16,0.010488263971389633,0.003236599781344507,16
gene_559,0.6958327912251924,0.0010360441526617039,16,0.012520393261252536,0.0037798178356434576,16
gene_560,0.6936332941497148,0.001520530753750077,16,0.013505912269451515,0.005188875173422269,16
gene_561,0.6953384624501239,0.0007841387720861669,16,0.014040898185608825,0.002469046674695766,16
gene_562,0.6944138221705483,0.0007347329288638844,16,0.01268295144471162,0.003468118732012564,16
gene_563,0.6937248246058189,0.001905606306062395,16,0.016590726209303738,0.006451785177632159,16
gene_564,0.6937550375834577,0.0010230474783598867,16,0.012074489563777806,0.0038523924465619784,16
gene_565,0.6946550688655355,0.0014088548194947598,16,0.013342958376915664,0.0030230766039840303,16
gene_566,0.6922741869032438,0.0009429527103199982,16,0.0098637682751748,0.0026299511714022055,16
gene_567,0.6950673998107767,0.0008629810634226837,16,0.012764994775382373,0.004706003308143328,16
gene_568,0.695020732452233,0.0009006364778065771,16,0.014427011906392373,0.0036404109081639483,16
gene_569,0.6958504063472102,0.0009923494697350278,16,0.015948081914883505,0.004599391541123424,16
gene_570,0.6942753356141831,0.0009471868493029235,16,0.014931929425293545,0.004001607606533757,16
gene_571,0.6945675093987114,0.001532371415567678,16,0.0115952260383792,0.0033162460181092117,16
gene_572,0.6939110330346607,0.0010386779395136422,16,0.010231959577456456,0.0029752687318133253,16
gene_573,0.693399988657046,0.0008763891235112388,16,0.013550132256864272,0.002743743236075635,16
gene_574,0.6943894017066917,0.0012049157500044884,16,0.016856324872010497,0.003529986940686786,16
gene_575,0.6941924328432261,0.0010182455336786636,16,0.011966417682517874,0.003230901951423354,16
gene_576,0.6951157639171817,0.0009429015915978441,16,0.01293133467312131,0.0026146176105206584,16
gene_577,0.6945367219002002,0.0008779355868033476,16,0.014473944604957387,0.0032844406029176386,16
gene_578,0.6942786313185457,0.001507597218518276,16,0.01198439876640615,0.004176810211209028,16
gene_579,0.6950844428053233,0.0006667637483036359,16,0.0109092440889742,0.0012761966170903045,16
gene_580,0.6931043252350626,0.0015185386531241442,16,0.015153882611282938,0.006463043208369316,16
gene_581,0.6946806040565573,0.0012615343280596711,16,0.015622472596002138,0.005835887364360729,16
gene_582,0.6940115701505541,0.001438615899606494,16,0.015389711020348355,0.0026881594087538414,16
gene_583,0.6947944063822293,0.0013427462994001404,16,0.017170071911731873,0.004744017306574834,16
gene_584,0.69522932996628,0.0007688045738897368,16,0.011638098708247939,0.0028287043689997115,16
gene_585,0.6934433490757137,0.0013263888872798797,16,0.011801286985880814,0.0030574846967071313,16
gene_586,0.6939354070534252,0.0007133453880036836,16,0.01005685408158449,0.0022429843097260082,16
gene_587,0.6929101897603834,0.0010253311559938819,16,0.011068506852590797,0.003168881196619863,16
gene_588,0.6927975596318531,0.000805052270790671,16,0.015245147985620365,0.0021268290466550446,16
gene_589,0.6915842288038299,0.0010097611330029525,16,0.011115083164025038,0.001931439030884297,16
gene_590,0.6945383546780659,0.0009467815769637993,16,0.012394611477887257,0.00292958200092856,16
gene_591,0.695619953529726,0.0008512282728726246,16,0.014106231846535939,0.0039231893572145154,16
gene_592,0.6960848930594964,0.0005186720344432622,16,0.014188575543201408,0.0028285091427457175,16
gene_593,0.694578156811167,0.0010543226435233701,16,0.014776490073315314,0.00409042752750736,16
gene_594,0.6933489097807763,0.0011130634734832605,16,0.011867274753978599,0.00371586560676912,16
gene_595,0.6945391835567243,0.0012030183193426484,16,0.014635662401645532,0.0039333398792078585,16
gene_596,0.6946328793913242,0.0014745259431594958,16,0.01277584436242169,0.0044397067509879045,16
gene_597,0.6919389656786477,0.0012722401961846547,16,0.012439973842720994,0.0033812407458456155,16
gene_598,0.6950150685480195,0.0008599325074694592,16,0.011767135077802925,0.0025971738392486787,16
gene_599,0.6944043929129283,0.0013592298799643572,16,0.014679245639086236,0.002970725712131697,16
gene_600,0.6827565671238133,0.012319427766810742,16,0.21911227168518957,0.06106681842820071,16
gene_601,0.6801850727176127,0.014777624930955894,16,0.17699935339195177,0.04777213991838692,16
gene_602,0.6728245527231406,0.006106031178139213,16,0.21032034484797296,0.04479771454882679,16
gene_603,0.6947984699871609,0.006000358043393324,16,0.22423460551457547,0.02918465713827961,16
gene_604,0.6932816515521892,0.014010181495009854,16,0.26444933317979546,0.04723491600949527,16
gene_605,0.6779977469675345,0.004881865237903129,16,0.18251291152940977,0.02057339628070517,16
gene_606,0.6703855752162609,0.019724092768261387,16,0.22136947534956666,0.06606440716266661,16
gene_607,0.6755943634135227,0.016100340581282135,16,0.23256345364380362,0.0827090199972407,16
gene_608,0.6854627716813315,0.011123941103185334,16,0.21281210648147283,0.04350659689096571,16
gene_609,0.6724858796968894,0.008676343464763496,16,0.1810621114644039,0.03797529975268422,16
gene_610,0.67838841390286,0.011250274588239765,16,0.2667888359068399,0.03321555107778947,16
gene_611,0.6865216580258736,0.0067791611684576885,16,0.21236928061848495,0.018635227492239573,16
gene_612,0.6813391727846336,0.016872263198898247,16,0.21700893242434324,0.06455725467679843,16
gene_613,0.6848902261131292,0.010174597882870692,16,0.21719051701074477,0.04581448628667238,16
gene_614,0.6746094788222259,0.00579199586805593,16,0.20378337681292702,0.029377792662694906,16
gene_615,0.6582392398224807,0.020990305333696987,16,0.21866193360140096,0.06335137466973059,16
gene_616,0.6908535791135514,0.011505552544478551,16,0.2456037330360401,0.041434782488635045,16
gene_617,0.6882005362675835,0.00984427788771565,16,0.2071758170896527,0.03317121075110319,16
gene_618,0.6865857407065672,0.007427446694510273,16,0.24937986290493744,0.04010663713619685,16
gene_619,0.6850154088899646,0.01029936966073764,16,0.19059614479636142,0.059163352515085005,16
gene_620,0.6836141775340896,0.02251356609616055,16,0.2409937315078749,0.07178333565591126,16
gene_621,0.6935438754023963,0.0070928485196860595,16,0.24618682641616182,0.04916325298367809,16
gene_622,0.6858794055961235,0.010030761155004429,16,0.21635018178019644,0.04861840427946095,16
gene_623,0.6816136071866989,0.010796149981319943,16,0.22644489355058742,0.03832526824317649,16
gene_624,0.6922036670906692,0.00426168981246555,16,0.17508342762789722,0.02301699626652748,16
gene_625,0.6766162657246425,0.011364446701109627,16,0.1732757532549227,0.03776062198739592,16
gene_626,0.664320250772818,0.007921130563149715,16,0.1744584695015755,0.04528828761225735,16
gene_627,0.6786621633792018,0.009675640294180225,16,0.17440380853915782,0.04606074160788667,16
gene_628,0.6847728113301235,0.010448684846286714,16,0.21623911608527055,0.05118789579766534,16
gene_629,0.6755886547044276,0.010627340275361505,16,0.1813627262348456,0.04844125519980863,16
gene_630,0.681049369019688,0.02517402714515184,16,0.22736998181662646,0.08397016328282479,16
gene_631,0.6876963636164779,0.010366891668795633,16,0.23433239935602257,0.06003629965770473,16
gene_632,0.6853173010643486,0.02763995430516646,16,0.29764889023807617,0.10079920691060149,16
gene_633,0.6806594673783666,0.006923178697822929,16,0.2186583838847857,0.016632251303121293,16
gene_634,0.6710802402828684,0.008570073140747517,16,0.23692767481709454,0.054847069861842776,16
gene_635,0.6685588141270556,0.009614848649537738,16,0.24401484476068427,0.06108718075418297,16
gene_636,0.6754083503498659,0.02475312339731595,16,0.27138946919674756,0.06709543552656543,16
gene_637,0.6908868361232797,0.012709460837056916,16,0.24870944106344015,0.04416740455030793,16
gene_638,0.6833926409308473,0.013003942242179633,16,0.24032660599725758,0.05217790518094664,16
gene_639,0.6848840035853725,0.01533656983952562,16,0.25087465911931717,0.06616119357522887,16
gene_640,0.6821152955754051,0.008885817763245185,16,0.2261331363842326,0.04277286794866806,16
gene_641,0.692750385189175,0.008093896102216116,16,0.19727276248868045,0.04053913065163783,16
gene_642,0.6760764231744745,0.008191557933201664,16,0.15922789036901744,0.03828787332903701,16
gene_643,0.6691263747903274,0.024353643504721384,16,0.23071105943509138,0.10633523720684973,16
gene_644,0.6773381218173076,0.007605986155320915,16,0.22582081454261943,0.0485662196101556,16
gene_645,0.6902943291370177,0.007954361644316602,16,0.20240453385068982,0.02585699637178412,16
gene_646,0.6753597255619331,0.010143708012772444,16,0.21929396027344986,0.07667259532170623,16
gene_647,0.6783576665100005,0.00918479897896297,16,0.1944777797348241,0.04803383911417045,16
gene_648,0.6881568717493536,0.01103408353305882,16,0.24340275339523407,0.042865630608242083,16
gene_649,0.6913850173376255,0.02156194903571938,16,0.27572585489334156,0.07134225395915493,16
gene_650,0.6872589771999956,0.015176413178230786,16,0.2104768597973857,0.05166557799137448,16
gene_651,0.6864007300011575,0.009310088151120003,16,0.20215843154051574,0.030065308959292103,16
gene_652,0.6843133158496488,0.011918737748881393,16,0.24208688941247572,0.050249582233278155,16
gene_653,0.6771194172315607,0.00522661063573517,16,0.1742928742220561,0.029909545792693625,16
gene_654,0.6826511856669537,0.006913293736379641,16,0.2511441278033861,0.025449387709846758,16
gene_655,0.6875932656804191,0.011476700090413348,16,0.2271393114012496,0.05087484910227554,16
gene_656,0.6939522027681476,0.00562736090757241,16,0.21140526406264457,0.029143494987757073,16
gene_657,0.677767671104092,0.011404709654472175,16,0.1588680467634345,0.04921567151077435,16
gene_658,0.683920214942014,0.01739069508818451,16,0.29053760341234,0.07296191785175564,16
gene_659,0.6742587874075372,0.011625325057916466,16,0.1993419560024264,0.03176975200212596,16
gene_660,0.6726893431573481,0.011565970420055032,16,0.20752432920272187,0.0527376285049309,16
gene_661,0.6905894834763961,0.006968374760732214,16,0.2282069276512914,0.03058265821846003,16
gene_662,0.6788720337088107,0.01778880774929809,16,0.20020124418310825,0.07236378170930786,16
gene_663,0.6726821875553988,0.009781267099962033,16,0.19177328767753768,0.05554662404065438,16
gene_664,0.691422942952956,0.01646841011124371,16,0.30338171536234537,0.06561391610658712,16
gene_665,0.6876675706960267,0.009072646799866293,16,0.20212927204090353,0.03266783953522601,16
gene_666,0.6911016126690783,0.010569962796582132,16,0.23791149629049196,0.05448436964344354,16
gene_667,0.6656743494980673,0.008567505869947777,16,0.20224773867089005,0.05159309133252148,16
gene_668,0.6925318202929376,0.014892191064158265,16,0.2106448476243574,0.05282377405140457,16
gene_669,0.6738309240856765,0.0103596521555414,16,0.2155094970831208,0.04009986202610693,16
gene_670,0.6829697905150762,0.021977094920749472,16,0.19940057188641816,0.10241258359103528,16
gene_671,0.6745264120709551,0.01139224374537232,16,0.2301452010072133,0.041359436551681845,16
gene_672,0.6819176085812825,0.011179895072450916,16,0.22185364474093183,0.04804688303726861,16
gene_673,0.6960202879451178,0.008106021860805732,16,0.2277584266203219,0.036438548515700074,16
gene_674,0.6702530346665391,0.01215233172474908,16,0.16430238591544621,0.03540567363613733,16
gene_675,0.6730089881339744,0.007900812632875905,16,0.17774739434694922,0.04882997900598034,16
gene_676,0.6840480429826596,0.007783703130680872,16,0.21919021491602664,0.04227370082494595,16
gene_677,0.6755818221896054,0.007524130194440043,16,0.168864073907181,0.028456770372692782,16
gene_678,0.6860744890500127,0.004569976578854285,16,0.18091388355576207,0.03386433865036682,16
gene_679,0.6844865607045731,0.009317712148018353,16,0.18075732340146017,0.038707768933314186,16
gene_680,0.6857894526687153,0.012413989105778617,16,0.2244631937242443,0.051602032258186624,16
gene_681,0.6899963114311548,0.013231217008127827,16,0.20182694000611312,0.07932248769205925,16
gene_682,0.6859785902075555,0.014932638445454272,16,0.2221936794584806,0.0642572553222501,16
gene_683,0.6932653682980351,0.008341549337140184,16,0.23069889102291888,0.03818757357395705,16
gene_684,0.6826097088182279,0.009350040973571927,16,0.19571372780186524,0.03563726661052149,16
gene_685,0.6746535284745945,0.009888285423144504,16,0.1650510030393313,0.028321785864265536,16
gene_686,0.6894004439683568,0.007212379043208242,16,0.21258613251304134,0.025857643952562716,16
gene_687,0.691561017128109,0.01052508979783427,16,0.25316963974576007,0.06095440818295317,16
gene_688,0.6777887293838099,0.020135405105334098,16,0.209045729830735,0.060700403701442744,16
gene_689,0.684411556902037,0.007720443530042137,16,0.16562599298150915,0.02748809101603089,16
gene_690,0.6822429929605296,0.0062221780824870815,16,0.19296680425429194,0.04056652493433202,16
gene_691,0.6928861074252551,0.016735271670607083,16,0.2178986255215503,0.07508644182645197,16
gene_692,0.6722366661455248,0.014374770599109953,16,0.24114667112291543,0.06987839686615833,16
gene_693,0.6925111415669923,0.004814439289305646,16,0.22616558039645285,0.03564810542127628,16
gene_694,0.6724484797599689,0.007935700516946503,16,0.1566709129413766,0.019789049227029426,16
gene_695,0.684850667833104,0.024771333709454918,16,0.2039208306149105,0.09166017003509705,16
gene_696,0.6976067067275594,0.010961800989711267,16,0.21540220008611785,0.04680420553896477,16
gene_697,0.6864033177924432,0.00847387732801324,16,0.21827323889974362,0.050422264843161875,16
gene_698,0.6901058051161347,0.005180763476817393,16,0.22295799260337193,0.009053314850583097,16
gene_699,0.6857987417212837,0.006327412724080838,16,0.2078454184203573,0.02560229887862908,16
gene_700,0.6825966035115715,0.017509996151922103,16,0.18001278453260652,0.0676979781351394,16
gene_701,0.6742450998015983,0.016049824751796987,16,0.21196268835744106,0.054992954072161315,16
gene_702,0.6720155130025278,0.015906504788431,16,0.25883155326903406,0.04493011071368713,16
gene_703,0.6804253488012608,0.005345312651179369,16,0.19528079515468033,0.028994054422005613,16
gene_704,0.6924955914515009,0.00863744364668429,16,0.23201295157925209,0.04685345853469778,16
gene_705,0.6814353011820721,0.00812603897017444,16,0.23759120657822513,0.053540670543333474,16
gene_706,0.6804292966459077,0.006292537518138695,16,0.19957850962051163,0.03800981759809832,16
gene_707,0.6849073954693444,0.014859488128682421,16,0.23913044262487773,0.0657248627126436,16
gene_708,0.6619715436390683,0.015104878853554531,16,0.19960123079039707,0.06908463829431567,16
gene_709,0.6814953051034849,0.016612100477700394,16,0.20027949426464162,0.05512199639203378,16
gene_710,0.6842916261327844,0.008425437276965698,16,0.2441808662504592,0.055450729458012445,16
gene_711,0.6645952561087841,0.014460827495838406,16,0.22740863478598913,0.04503763883490518,16
gene_712,0.680323585651301,0.010246542802868313,16,0.1362824802648758,0.03616492288534616,16
gene_713,0.6806362588048996,0.01227665746644635,16,0.21592878181994268,0.056775212895807,16
gene_714,0.6857879491188554,0.010790559672412008,16,0.19359397887206836,0.055609993344049244,16
gene_715,0.6723360313751543,0.01292342679239848,16,0.18284256347199002,0.0465558645209463,16
gene_716,0.6866327141129401,0.012159695752309484,16,0.19078044539620467,0.04278524887495914,16
gene_717,0.6863058954190749,0.01202788437712003,16,0.23396691513419657,0.05303144702668715,16
gene_718,0.6836796028684801,0.007630186961689681,16,0.22534440631821617,0.039782347927446546,16
gene_719,0.6853719829050244,0.010943229244318614,16,0.2206250587527038,0.026430213065564295,16
gene_720,0.6927014945317491,0.010916291245498155,16,0.26341719689948817,0.03957361112698011,16
gene_721,0.6625570396655293,0.009161978982205414,16,0.16952488868325571,0.044930045976217685,16
gene_722,0.6871645945743752,0.009383141527847723,16,0.22742240568450306,0.04096514828897225,16
gene_723,0.6863630080909868,0.015373160048063227,16,0.28097931380689833,0.07073673325422494,16
gene_724,0.6839268058627376,0.011833478661362208,16,0.24174912492235243,0.038906675262740296,16
gene_725,0.6830504882861624,0.01046321585683307,16,0.18755553116747534,0.05674051147887785,16
gene_726,0.6924414123102238,0.012326699950200738,16,0.24036069624163675,0.06096582060427149,16
gene_727,0.6853211596321088,0.0059144372968286535,16,0.2623238996269712,0.036021699692484505,16
gene_728,0.6785729194056046,0.00901344669700165,16,0.2293438988026492,0.05297146346928626,16
gene_729,0.6870326720500661,0.013277607669912511,16,0.21447088361677072,0.06463901095570225,16
gene_730,0.6993542890213064,0.010170417987774622,16,0.19495650511446685,0.04579924533376953,16
gene_731,0.6807493874708564,0.016969960610416314,16,0.250089969092718,0.0838130376353792,16
gene_732,0.6685586601306966,0.007082936179725202,16,0.16597468190050976,0.024735138159637165,16
gene_733,0.686947317100116,0.01575985409162299,16,0.23497755388063873,0.0728147703233224,16
gene_734,0.6826020004095783,0.0168886418630866,16,0.19540754032588312,0.07996366093617523,16
gene_735,0.6715378867646764,0.011056023049387652,16,0.1650280441761306,0.034781115665087674,16
gene_736,0.6853369934293241,0.01740750458230312,16,0.23190594884435653,0.06490367683122966,16
gene_737,0.6811792647159743,0.005233423690338325,16,0.21783506395288368,0.038454467697345326,16
gene_738,0.6888739745529255,0.011275288595925284,16,0.18199447956146214,0.05303237486197817,16
gene_739,0.673271137135597,0.004372569150650169,16,0.20060349074242775,0.03743626201069031,16
gene_740,0.683043056760029,0.016815613718899333,16,0.22672228843124703,0.05718458281802861,16
gene_741,0.6743981345692993,0.01246024105935194,16,0.27054603734779925,0.0395134049957897,16
gene_742,0.6847693656819771,0.0176809044288047,16,0.2662147893278022,0.0756071821951657,16
gene_743,0.6929131890024431,0.017421383621755344,16,0.24835490302474833,0.07556191679080211,16
gene_744,0.6854936528169597,0.018406680556789002,16,0.2524448386874266,0.07239306239506087,16
gene_745,0.6906593898691886,0.017142619528443318,16,0.2380285311748686,0.07408674135153623,16
gene_746,0.6877406384191437,0.00887898887726112,16,0.2198703003844993,0.04312708844564842,16
gene_747,0.6877051229055796,0.00862997630287453,16,0.20119477082188958,0.052538153154560834,16
gene_748,0.6838809584203638,0.014311314399242023,16,0.22651237170497557,0.07436281489747847,16
gene_749,0.6924942926201443,0.02422462522080652,16,0.3216026333168038,0.08973129271940566,16
gene_750,0.6833770268623205,0.01330513535899374,16,0.19116868656209154,0.04967402617703101,16
gene_751,0.6875301207793248,0.00843336008061444,16,0.2222235830490863,0.03704612050768445,16
gene_752,0.6903393206817195,0.015298045036994149,16,0.23875637348110376,0.06529255228548232,16
gene_753,0.6881722976604877,0.016081699792379032,16,0.2239685203029191,0.06576797931465818,16
gene_754,0.6869980857958059,0.0038015468779541064,16,0.2444408579892455,0.028426579975734542,16
gene_755,0.6647570346427957,0.007561598824443117,16,0.22369853099650092,0.03314005446602815,16
gene_756,0.683679891623678,0.004602701128976019,16,0.18750479995745084,0.028838171313700676,16
gene_757,0.6782402113131357,0.007567788627782687,16,0.2180478606447405,0.024477193812749334,16
gene_758,0.6697473781656159,0.011847978952399526,16,0.2235115468878885,0.05069721925042362,16
gene_759,0.6848994220124425,0.007660543369306624,16,0.20738926129102067,0.05165163199864494,16
gene_760,0.6867350937821859,0.012026115851166308,16,0.2042823522900369,0.0603033925306296,16
gene_761,0.7024816642835315,0.013854451781719837,16,0.2883300434396546,0.0589994184573307,16
gene_762,0.6886253576207985,0.016402290272903332,16,0.27200215038818476,0.06467043966833873,16
gene_763,0.688907528828438,0.006967374200912302,16,0.23343527800687322,0.04963240559552714,16
gene_764,0.6893545600963097,0.014557255493899784,16,0.2374392655468851,0.05987338740175306,16
gene_765,0.6868919297330457,0.012141130896779928,16,0.186462446874321,0.037579384981020196,16
gene_766,0.6814366919154428,0.01368221722685672,16,0.2195910541234322,0.05161265296730665,16
gene_767,0.6643866750352961,0.011356295627370614,16,0.21623555176307302,0.049016525749138194,16
gene_768,0.6770827008380464,0.012435791343489735,16,0.2332312585844966,0.05058012855510294,16
gene_769,0.6803289412681939,0.008210139302752205,16,0.22011985209143417,0.04179617049610557,16
gene_770,0.6952233551459266,0.005039213732817825,16,0.21031913125435428,0.02320124191421796,16
gene_771,0.6755151170017156,0.005529024636277127,16,0.19629800957523946,0.03610429976303057,16
gene_772,0.6889134776974162,0.005426534970782921,16,0.21117172198032716,0.021617989615397536,16
gene_773,0.6846083737238217,0.004626686275084796,16,0.20504142787310045,0.030646161898293906,16
gene_774,0.6753758863509793,0.011230900293359394,16,0.23995843319889681,0.05983964248410685,16
gene_775,0.6857236951955418,0.01177734369051213,16,0.1852474397954199,0.04842234082993107,16
gene_776,0.6867641443881877,0.007296271360123343,16,0.25581045089791016,0.03301858781601026,16
gene_777,0.6805162498394727,0.011178260300087468,16,0.240506261220832,0.049223797577442364,16
gene_778,0.6903202001276147,0.008577094544432621,16,0.19081957979788167,0.041656748989534184,16
gene_779,0.670617112801791,0.012651108065827987,16,0.22447893971462682,0.08586294422360788,16
gene_780,0.6973933190536988,0.013988399614685638,16,0.2723045823125429,0.06670264853248,16
gene_781,0.6831970404969521,0.00965614001401481,16,0.17754524509281128,0.0559246155702299,16
gene_782,0.6767791277359377,0.010457314008601382,16,0.19878500605824406,0.036932671275336136,16
gene_783,0.6957882076100776,0.01705920013199247,16,0.24547723035181976,0.049174693298942834,16
gene_784,0.685335254358908,0.015729881674293546,16,0.22191046525566172,0.06614362206867572,16
gene_785,0.6789876658092404,0.008110750090448907,16,0.23146791735048794,0.03773984170707731,16
gene_786,0.6902381418615393,0.009871839078878186,16,0.1943853082864368,0.06220165429250059,16
gene_787,0.6861239169955105,0.011397555143907119,16,0.2142460546680445,0.04800343287340638,16
gene_788,0.693089313801794,0.011697848923186711,16,0.20000058824069677,0.06136753343165069,16
gene_789,0.681140534440223,0.009762956416320858,16,0.17720494778332901,0.04989235777625895,16
gene_790,0.6828940079298506,0.010731749526362395,16,0.20289976024000173,0.05862268462084487,16
gene_791,0.6811709877678408,0.008687807034617455,16,0.23938804941337863,0.04650859928701768,16
gene_792,0.6660226613350728,0.0193359241376533,16,0.23428897700652487,0.06538320678885463,16
gene_793,0.6882287874891836,0.013358876038614666,16,0.23050201858552335,0.05304279169351712,16
gene_794,0.6829203551233362,0.011836839488009095,16,0.1970680359225951,0.051882446924070576,16
gene_795,0.682740758472949,0.018923982674799028,16,0.21185037766192866,0.08002680051815038,16
gene_796,0.6767490529287147,0.010613204366658191,16,0.198438930508985,0.057518928181278184,16
gene_797,0.6907717820866138,0.014223955662950602,16,0.23579246025848766,0.07193172595485248,16
gene_798,0.6806475469385151,0.003955566810561829,16,0.1979018177608261,0.03218190426971395,16
gene_799,0.6906963101909012,0.014687466055625934,16,0.27613592811028487,0.058656180043929494,16
gene_800,0.7050530937778713,0.012243247596607535,16,0.256347442783874,0.041620901321358074,16
gene_801,0.708634092868943,0.018818175147076056,16,0.28127238845230046,0.07877280773743092,16
gene_802,0.7031846309978176,0.008882277084686158,16,0.26588244296340063,0.04099087178133579,16
gene_803,0.7121510321275408,0.006391717302251935,16,0.24686967024119627,0.02623186389603663,16
gene_804,0.7070380659122469,0.010218878555400867,16,0.23541656327585422,0.04223549849280428,16
gene_805,0.7025318078308577,0.008866410118938014,16,0.21047094041622944,0.034014260821886924,16
gene_806,0.7065447747038102,0.017913258090568627,16,0.27475186613780855,0.06344684521274713,16
gene_807,0.6903000394592643,0.0030902363678760422,16,0.19567727820496617,0.02562073967308715,16
gene_808,0.7016066490923442,0.021574447824820712,16,0.2815795378224812,0.07428498587258742,16
gene_809,0.712888692186555,0.0048843087004067755,16,0.22970566204299597,0.028742140345099646,16
gene_810,0.6967733182215057,0.007007223637949844,16,0.20975198707338846,0.021306926502341405,16
gene_811,0.6990379859925421,0.016638524881807726,16,0.23314982307444554,0.06898143863218494,16
gene_812,0.6884893973741467,0.01474238194533183,16,0.20627234237170572,0.04114652337650497,16
gene_813,0.7144650381782528,0.020575737997159237,16,0.28960698496176007,0.07150453107304336,16
gene_814,0.7093657211275767,0.016200733203066846,16,0.27898579696262427,0.055420860523864794,16
gene_815,0.7128283431548579,0.008083170838875362,16,0.2656436150172765,0.031129835204749438,16
gene_816,0.7081242052943392,0.006028386739797452,16,0.21786956836891538,0.030816910818688897,16
gene_817,0.7062169741647469,0.009505441159905753,16,0.23362562829761646,0.04479779630607691,16
gene_818,0.7102576197860295,0.013928442869715727,16,0.25368987818547095,0.05978234116627934,16
gene_819,0.6998593599451508,0.010149985416203818,16,0.22526809086150804,0.03583043064610005,16
gene_820,0.7107109062204275,0.008940554505132137,16,0.2301144498071477,0.029173821273432425,16
gene_821,0.7054260866836347,0.010674158869363747,16,0.24303730430794435,0.04414418299568434,16
gene_822,0.698751699783752,0.013393422712131906,16,0.2281700168902304,0.04722911172274577,16
gene_823,0.7132190692459154,0.00258937294740896,16,0.21761956717010564,0.010343830458461224,16
gene_824,0.7008770638747013,0.009254719758312695,16,0.2580287210548253,0.03810934754863162,16
gene_825,0.7087511181778913,0.007854181377026401,16,0.2415181051400027,0.039786178095819746,16
gene_826,0.7011271954443525,0.012203265079498583,16,0.22870463795594556,0.04831501898135472,16
gene_827,0.7085031385955666,0.005543427566424486,16,0.23836875604404417,0.02324090823964665,16
gene_828,0.7063747145266441,0.006959511403908724,16,0.2589846687672896,0.03735707142517482,16
gene_829,0.708343178736664,0.008649842853463787,16,0.2324716892274501,0.02561158628143182,16
gene_830,0.7050745150834311,0.012921589228903841,16,0.2345488734729404,0.05068467905322401,16
gene_831,0.7041459362966829,0.007550350498142876,16,0.229354512997953,0.03180456076688383,16
gene_832,0.7175783104961169,0.007651126013113786,16,0.26922485874347946,0.03371291204338105,16
gene_833,0.7144987522014934,0.007610521270651384,16,0.24297754277262293,0.025189401848407855,16
gene_834,0.7141195263369702,0.01297037181929352,16,0.2685262599325842,0.05095450980966882,16
gene_835,0.7115956798104759,0.010936835953020845,16,0.2887732214615575,0.036857475455099986,16
gene_836,0.7137214253001152,0.0287801765241697,16,0.3123816892061182,0.1005250396362451,16
gene_837,0.6964132727921338,0.007805062886290276,16,0.2148364265445231,0.039805177098636985,16
gene_838,0.6965786845787718,0.013874705251135768,16,0.23578462192967747,0.04712239809835683,16
gene_839,0.6996137701009542,0.011616487259940201,16,0.20608674926760603,0.04549249501559894,16
gene_840,0.6948039523755206,0.015646264765411713,16,0.24092338758535473,0.05431178712327681,16
gene_841,0.7021797132742269,0.01081925776531553,16,0.22253034566794613,0.03687494229812282,16
gene_842,0.7011134623340971,0.023309176731896718,16,0.27913373742738185,0.08258016132181134,16
gene_843,0.7024583758206102,0.014192134704442623,16,0.22592789404767286,0.0489173699003311,16
gene_844,0.7118059755656765,0.009675944548900514,16,0.2464920792858355,0.045598462228013906,16
gene_845,0.708517847520082,0.010699296965657178,16,0.2574984701142036,0.05056838751325295,16
gene_846,0.7096715100090318,0.0065596189803584564,16,0.2576464096347148,0.026420674920656556,16
gene_847,0.7172075289608393,0.010762845997957795,16,0.25392368766101775,0.040309510205180005,16
gene_848,0.6922694314767621,0.014021146164964797,16,0.25299868079604043,0.03961564930524311,16
gene_849,0.6997471869555357,0.010859369895549136,16,0.21589216613300302,0.048448905282299795,16
gene_850,0.7159096430489857,0.010310415900776292,16,0.25670199241761404,0.046702920826755805,16
gene_851,0.6992038708894075,0.008728707222897926,16,0.22750516299804657,0.05432234789856869,16
gene_852,0.7034411307877072,0.008954152114786739,16,0.20881161924212063,0.044195545327549386,16
gene_853,0.709994591592505,0.007948173162124745,16,0.24732417703754064,0.03177501579066676,16
gene_854,0.710003721120064,0.01015811298847861,16,0.24355886456973802,0.03785396329106499,16
gene_855,0.702476675198059,0.004320563640632359,16,0.21915405391583692,0.023532783307790385,16
gene_856,0.7220612889517874,0.011250205548285694,16,0.2714716861683719,0.03528369992735057,16
gene_857,0.6881749923732732,0.0077677835171207485,16,0.22179307185434444,0.023974868742743585,16
gene_858,0.7132178705058126,0.005275791586365313,16,0.2545850639169051,0.035083094833315634,16
gene_859,0.7164254091886642,0.010281839831612486,16,0.24358469167865487,0.03519346692663615,16
gene_860,0.7149161965624979,0.013483514368459485,16,0.2518054564965198,0.04557382159999032,16
gene_861,0.7025409500178176,0.009399763983059306,16,0.23274770211604964,0.04084166130019564,16
gene_862,0.7056101039956164,0.016967825917127997,16,0.25057576224913736,0.05758614059699575,16
gene_863,0.70449171868857,0.011481330297568426,16,0.2612053036815885,0.04622970076880312,16
gene_864,0.6989564744083608,0.014291049358932169,16,0.20295879061752828,0.04511277716733722,16
gene_865,0.7005920498233078,0.005839744322790499,16,0.22005240595324863,0.027761734188849727,16
gene_866,0.703578636363365,0.006959831786177379,16,0.24174389864668006,0.02633684307870613,16
gene_867,0.6958824185217701,0.008367228678945175,16,0.2368912374584191,0.03126168967637339,16
gene_868,0.7127905665959479,0.00947633536061602,16,0.2777608302030312,0.03584860786722986,16
gene_869,0.7088379611602901,0.008541032321257934,16,0.19986397447743176,0.03715197174181612,16
gene_870,0.7107443012233351,0.019115156862075627,16,0.2919872875521198,0.06324776142551287,16
gene_871,0.6967075628032792,0.012155717026247138,16,0.24198944885437643,0.040296362759238494,16
gene_872,0.7105393089740896,0.01177493313919667,16,0.2484467142510501,0.061055215829811375,16
gene_873,0.7064836166896968,0.012967870287576014,16,0.2773082041344123,0.057255293605595114,16
gene_874,0.6922375353315123,0.016753618342160017,16,0.24792664958459218,0.053400965250292295,16
gene_875,0.7138429228446084,0.012186620967108463,16,0.2801387087704483,0.043656794516934806,16
gene_876,0.7206454141718099,0.023600666754256514,16,0.3280336602037095,0.08351687325226789,16
gene_877,0.7036352849312294,0.009423726515614529,16,0.23376625741515833,0.04027037510048738,16
gene_878,0.7052179569029354,0.008687561889707408,16,0.2591877566291813,0.04531689398227839,16
gene_879,0.7048057180967653,0.006814506031113575,16,0.23092764351025213,0.035531758492647024,16
gene_880,0.6977241728334768,0.011492549721433766,16,0.27271846374165165,0.04426927080346355,16
gene_881,0.7055006129895769,0.010124203446601561,16,0.2490050257977986,0.03732095148000909,16
gene_882,0.692377202449055,0.009385304487383703,16,0.21241721348796638,0.0418573266743374,16
gene_883,0.6996590307061726,0.014383624642321964,16,0.2300583988094321,0.066788221970246,16
gene_884,0.718719832567282,0.006720742015692239,16,0.2630565098032184,0.030226944889586015,16
gene_885,0.7068170237803174,0.004149714535722685,16,0.2113001486295275,0.02406294530672634,16
gene_886,0.7019303340233278,0.01068417096960424,16,0.23505454949735108,0.04532506431125224,16
gene_887,0.7078472513256618,0.009714350691623384,16,0.24624050611748657,0.035426718511237104,16
gene_888,0.7061423104601763,0.00859122845388462,16,0.22544706799605166,0.040320898027207265,16
gene_889,0.7081290410983885,0.007074681812610891,16,0.24135457068839114,0.027060555328135626,16
gene_890,0.7078270058008407,0.011068626771647185,16,0.23061034036164405,0.04617723049189862,16
gene_891,0.7121455000940821,0.0124948435575668,16,0.2978200892887334,0.035537458324850286,16
gene_892,0.7059112138778328,0.004466589944288752,16,0.2315686801458595,0.017445500862060606,16
gene_893,0.6997447751033643,0.00902775403113443,16,0.19990769516597975,0.03810581169371633,16
gene_894,0.6970873722066606,0.0191171298035997,16,0.23947117835287735,0.056176434453241116,16
gene_895,0.7005841141704257,0.006825414624305477,16,0.23063142002707518,0.025610595556213017,16
gene_896,0.7017462110486503,0.01329050040214252,16,0.2845500484327907,0.042973088043666965,16
gene_897,0.6977198544445167,0.013542959614893985,16,0.28472172373396404,0.05388289686345284,16
gene_898,0.6883654026543747,0.009199681424000364,16,0.17294890579819233,0.031188396062087828,16
gene_899,0.7100268477174508,0.011023324154563101,16,0.2520263837983047,0.040113659922314374,16
gene_900,0.7077828319636841,0.006090892234805929,16,0.23681302313913682,0.03768205064960739,16
gene_901,0.712048155851724,0.012588439582047188,16,0.26087142027545207,0.05402611594668616,16
gene_902,0.7189268663440156,0.015553609410202068,16,0.3160024179247107,0.05510091554688594,16
gene_903,0.7085607770819117,0.0031428822991823456,16,0.23412546431538475,0.025411148527524366,16
gene_904,0.6992774665856292,0.013846888047674576,16,0.2244472478258812,0.04522265539509752,16
gene_905,0.7177582868901181,0.009229400434034116,16,0.28215236453025805,0.03156010171136594,16
gene_906,0.7143701328016342,0.018305880617625198,16,0.27302798310994736,0.05934330573006414,16
gene_907,0.714637516946836,0.0075428521536862045,16,0.2469465963487407,0.030261916057281468,16
gene_908,0.701569517078137,0.010265194032367041,16,0.19621412330076876,0.03934266841023221,16
gene_909,0.7018108202249784,0.009576850658835456,16,0.21880704183319974,0.038897288575085426,16
gene_910,0.7092575248070254,0.008877006793781556,16,0.23378136801427551,0.03547885236507291,16
gene_911,0.7000308080701685,0.010575484210726013,16,0.2210957051606609,0.05244670646494988,16
gene_912,0.6979181265773774,0.011017471711548495,16,0.23881574196964797,0.04088203665778032,16
gene_913,0.7126501965805124,0.007966921384039642,16,0.27073628622419976,0.035541517829311246,16
gene_914,0.7194055553061078,0.0073827890031565105,16,0.27000231420134085,0.030070982007815016,16
gene_915,0.7048769059737605,0.00897034612708737,16,0.2367686755303191,0.03744511981673517,16
gene_916,0.701937188309243,0.006853687713101203,16,0.25052931822397617,0.03504961045902991,16
gene_917,0.7092288609249587,0.007473175860052029,16,0.2756921941444172,0.03386245481595833,16
gene_918,0.7141674841144933,0.008072603411057888,16,0.30300918270068833,0.023057017305508364,16
gene_919,0.706177697911577,0.009350064575543337,16,0.2371002419141104,0.03544220549527575,16
gene_920,0.7153042440318584,0.014529162324199884,16,0.25027921576523454,0.06446766046796167,16
gene_921,0.695614145881387,0.010384782635803027,16,0.2318629283300381,0.026656897702627323,16
gene_922,0.7224872950415543,0.005768675782191243,16,0.28362459460825284,0.02209682093101122,16
gene_923,0.7001954673457849,0.010121486988312863,16,0.28001679188972073,0.03866305718732308,16
gene_924,0.7017193179452925,0.008536591814896683,16,0.21632312759621858,0.040817054723954596,16
gene_925,0.6932204072606407,0.007590807388100748,16,0.19927399538378093,0.030533484383313474,16
gene_926,0.7055091598999326,0.01031119312830184,16,0.2607087652906998,0.04149507133884734,16
gene_927,0.6980721771493869,0.011947517230156775,16,0.23997929211465893,0.050421117516113036,16
gene_928,0.7025809650221668,0.010409768420604572,16,0.24946812094700563,0.03465608705164267,16
gene_929,0.6988233461902049,0.0071520506604413475,16,0.21579041032495358,0.02671588643913899,16
gene_930,0.7119624518214545,0.010797326912447447,16,0.3050684546257997,0.02589007656582171,16
gene_931,0.7049480640748363,0.009439890843419596,16,0.2490564009592264,0.03600452460737527,16
gene_932,0.6871433161588603,0.011513253004316597,16,0.2121920073251027,0.03730978552457096,16
gene_933,0.7137326237254936,0.011238811626462888,16,0.2580658757563435,0.05102351393878466,16
gene_934,0.7016707422392431,0.007752865703852568,16,0.22625546768904461,0.04154344423205408,16
gene_935,0.6955599858410455,0.006524450876322373,16,0.2010052797780346,0.03252540760332475,16
gene_936,0.7090054530426996,0.00797322452641389,16,0.27128920976949294,0.018698427673336928,16
gene_937,0.7058516899062246,0.00471169652400932,16,0.19118519810562506,0.02720499026311506,16
gene_938,0.7068095225960488,0.01169573244882832,16,0.26892370864225573,0.04144355019781535,16
gene_939,0.7011170837382059,0.01611035090392383,16,0.2527587297893634,0.050028473634291616,16
gene_940,0.7177809537819365,0.010210136473640611,16,0.27080116738291476,0.03221859577271548,16
gene_941,0.69550954552398,0.016030205050873686,16,0.23624953130525886,0.05887609852706977,16
gene_942,0.707831456766424,0.005128056665573375,16,0.23581560510960706,0.026987996458523417,16
gene_943,0.705988454464806,0.008993596552428198,16,0.2402921758809044,0.051420788941756106,16
gene_944,0.7009911373000941,0.012262473581197772,16,0.21297874899308933,0.04824086728334927,16
gene_945,0.7029942645767254,0.00886165670297677,16,0.20702614137579162,0.02520717614264848,16
gene_946,0.7104523608035243,0.01503477677031563,16,0.2272340320844023,0.05922293204415135,16
gene_947,0.7153613841229831,0.010428205799405265,16,0.26885196569403436,0.041465146644953446,16
gene_948,0.7072342676947772,0.007947643850230782,16,0.23805748079343594,0.03863882589725556,16
gene_949,0.7069441193928325,0.013101943967105184,16,0.25777876250464005,0.04276543525243108,16
gene_950,0.6857111158653189,0.005494730041016904,16,0.2192239938601995,0.020862030626305483,16
gene_951,0.7082204947290779,0.00915938712960275,16,0.2599937657601805,0.04228758613145329,16
gene_952,0.6883829327061075,0.01237016350868586,16,0.2177664158416444,0.036508466904116486,16
gene_953,0.6989282359806926,0.004269442506539509,16,0.24199213970384809,0.024056290416068372,16
gene_954,0.6997995171028397,0.007080747309081196,16,0.1930035064032815,0.03245864156703004,16
gene_955,0.7071161523541996,0.005676816076640709,16,0.24658192088679026,0.025871065835918347,16
gene_956,0.7092292546844072,0.009129274544535389,16,0.24974063517302864,0.030352380855189518,16
gene_957,0.7027757419964713,0.011449791018279422,16,0.24004585164195577,0.04760152200753208,16
gene_958,0.7167737417627705,0.00676900079166765,16,0.29034087946546266,0.044622916631072936,16
gene_959,0.7070218529838045,0.014780834151692509,16,0.2568123172868371,0.05692800604690886,16
gene_960,0.7170389278945403,0.0076566059473200014,16,0.26096309130296247,0.03759259271241194,16
gene_961,0.6960425440978594,0.009685412918656388,16,0.2062025357059952,0.036545911910396744,16
gene_962,0.7067324032175794,0.02095834197260868,16,0.2824734627798269,0.08208293337802354,16
gene_963,0.6859130981889475,0.0165714547838547,16,0.20232261662753126,0.044412088072921095,16
gene_964,0.7161571153801507,0.008907368141446968,16,0.2857903443804038,0.029804524712376896,16
gene_965,0.7012771659150079,0.007695653891818231,16,0.24360805168474417,0.03609871148797474,16
gene_966,0.7062967465640346,0.010228710832153131,16,0.24076095032788036,0.032634423003096324,16
gene_967,0.7116560184546498,0.0070994151248641455,16,0.2815054820006428,0.039165164603150775,16
gene_968,0.7043993827111336,0.013319822026806864,16,0.27136921402002157,0.05925669955225966,16
gene_969,0.7057225204263682,0.006511110246223272,16,0.24012892244166298,0.02503608748089606,16
gene_970,0.7008298233838287,0.013180250991050168,16,0.24108321263004698,0.04391964042085461,16
gene_971,0.6969648399996226,0.00998699275443048,16,0.2334045426439808,0.039503382402634936,16
gene_972,0.7032461390249028,0.006648983412216582,16,0.24410808991767322,0.02376837078263834,16
gene_973,0.6981438813078987,0.007682232155287969,16,0.23252002702270466,0.037238331147253924,16
gene_974,0.702658111434751,0.012706977803402209,16,0.25951650568273354,0.036718806628393934,16
gene_975,0.7044670830498745,0.008553004847142656,16,0.2506529711140314,0.037670129517814815,16
gene_976,0.6937931085957476,0.012908551436496407,16,0.2262051387455851,0.04611062696339648,16
gene_977,0.7108865841622903,0.00960215239480553,16,0.21896243507852747,0.03197911465913608,16
gene_978,0.7060417107178357,0.012169008515731692,16,0.2359399888916023,0.05271870212724358,16
gene_979,0.7084790110826654,0.007375177956052932,16,0.24132368238273297,0.02151351627431901,16
gene_980,0.7110828850415714,0.008499021535226048,16,0.23139936090623978,0.03558874156285229,16
gene_981,0.7094157349836256,0.011861044147803765,16,0.23468467625170095,0.05216990413255379,16
gene_982,0.6949598526566784,0.006089207032206478,16,0.20219471221093924,0.030415370096227908,16
gene_983,0.7106338957404664,0.02139698654821977,16,0.23759164935032023,0.09030620906542983,16
gene_984,0.6882562694650213,0.014111764402419678,16,0.24020691006396444,0.05944199787466428,16
gene_985,0.7118989441978752,0.009993194988529526,16,0.23998181853006129,0.03758222145226382,16
gene_986,0.7177419286933542,0.005686644159936195,16,0.24527211332058557,0.019895747281613155,16
gene_987,0.7172606625610283,0.012190031996949556,16,0.2834103643168251,0.05659426762336384,16
gene_988,0.7018739733067021,0.008831180285705406,16,0.21638476993003755,0.04817689670321989,16
gene_989,0.7031619714359859,0.010571671988552066,16,0.22537674215425998,0.042472815671260884,16
gene_990,0.7219396857652605,0.01165512387636042,16,0.3253152931498798,0.04168559380277379,16
gene_991,0.7001576832789976,0.008202400513386133,16,0.23029951974414992,0.028125292491080534,16
gene_992,0.709239589738893,0.015685410275390662,16,0.24748616360080244,0.053824425565617236,16
gene_993,0.7138038972145772,0.006464011201700105,16,0.25055470903712257,0.028645732027482416,16
gene_994,0.7091612061908471,0.011933208381655562,16,0.23673032963232615,0.050105878289283125,16
gene_995,0.7092285621410945,0.009250209821148679,16,0.23923310618168983,0.049291840133299916,16
gene_996,0.7040520954381434,0.010949419016463808,16,0.22500465376091855,0.04570940396057861,16
gene_997,0.711786282157161,0.011614312359294488,16,0.2462780422014263,0.05219756505842284,16
gene_998,0.7084562494162454,0.01077940737587655,16,0.2687029248227166,0.038930267810621824,16
gene_999,0.7030413030911337,0.012269391898095365,16,0.24118668910486657,0.046253100487451904,16
gene_1000,0.631801374698483,0.007526577459384331,16,0.05025987193318812,0.023555051675628002,16
gene_1001,0.5797747093846546,0.01471536213088199,16,0.1292145654798802,0.045290389038419775,16
gene_1002,0.6499939667755907,0.007661378443127603,16,0.03812045528815598,0.015103137381996987,16
gene_1003,0.5879161576382469,0.015500535039285617,16,0.06498752886706169,0.02627247296755017,16
gene_1004,0.6041709938136314,0.021430628510210468,16,0.12253004818577802,0.04471723032278473,16
gene_1005,0.637183963833469,0.0067074953429544365,16,0.06708026829322564,0.02790949658801239,16
gene_1006,0.6163571661592446,0.00824268471299072,16,0.05444728321831713,0.018193488840820886,16
gene_1007,0.6292652469354751,0.013898044539274576,16,0.06870957267320371,0.040784994448017774,16
gene_1008,0.6110213239091957,0.019311048677718073,16,0.10574860092559205,0.03908842361859163,16
gene_1009,0.5767034365543632,0.017127589650872285,16,0.11512899415944403,0.050336019646638606,16
gene_1010,0.6136824801322652,0.006841660824309505,16,0.08367587321560145,0.02293144365879697,16
gene_1011,0.6281916033032993,0.00915338930418866,16,0.06016469053641621,0.01479828721168287,16
gene_1012,0.6260101475045688,0.005608138731450776,16,0.08312504453185982,0.023886351731426923,16
gene_1013,0.6351599787071339,0.00799843257908946,16,0.06511982153529994,0.04026960615231401,16
gene_1014,0.6081163376043206,0.014141861159003184,16,0.09163134719218421,0.02909108214328006,16
gene_1015,0.6160242873350061,0.017619091590750223,16,0.14879395354604202,0.06478904849652907,16
gene_1016,0.5901977490090209,0.026087588991527258,16,0.11345802606071029,0.05679646112868335,16
gene_1017,0.6323727999133527,0.007610780735396853,16,0.05882692025747357,0.017778158140426888,16
gene_1018,0.6230777170223804,0.016733450970571724,16,0.07738203880516935,0.04164204606485688,16
gene_1019,0.6137420229107925,0.005538571221540265,16,0.05424686688647701,0.023017150930754536,16
gene_1020,0.6113423334689397,0.008401303352883312,16,0.06284743281343556,0.034172151061312744,16
gene_1021,0.6070769014755315,0.011755280855202183,16,0.08673833069311,0.026161501500686538,16
gene_1022,0.5986667211568226,0.007163864409858715,16,0.053828985485088,0.021548866869434448,16
gene_1023,0.6344518584251371,0.008268132678100457,16,0.06897040746581388,0.026735881539368386,16
gene_1024,0.6015209286111822,0.03190020481604908,16,0.1490267724408681,0.06138066557920854,16
gene_1025,0.6471305391393399,0.005225349002666366,16,0.039440825264994345,0.036416379187309326,16
gene_1026,0.6487933460932943,0.009037782440801929,16,0.05524716972511604,0.017400315958194183,16
gene_1027,0.6509751627248451,0.006714756508040251,16,0.03455712376318903,0.011363695687472966,16
gene_1028,0.6504271255912585,0.002722639884502694,16,0.05396046265718799,0.028390535889489178,16
gene_1029,0.5866770391324821,0.008828612157851063,16,0.029081104034863837,0.010935095816140774,16
gene_1030,0.63393701680522,0.013182065737444973,16,0.05821237573656263,0.021572014067418533,16
gene_1031,0.611119623883221,0.008584436526873759,16,0.0766777040505281,0.023800000183305484,16
gene_1032,0.6252873015060891,0.019217486861285705,16,0.08953978232642662,0.03230020322576791,16
gene_1033,0.6191734945866689,0.006840993550961922,16,0.05860948912942953,0.025226766693404852,16
gene_1034,0.6192855906692843,0.021205875671874118,16,0.09860735895394893,0.07157918280604615,16
gene_1035,0.6300787298839038,0.014982959769287813,16,0.10031400414135179,0.026302889905142703,16
gene_1036,0.6372089682976011,0.009779318066129613,16,0.056065399834746954,0.016421446977314968,16
gene_1037,0.637340714193026,0.010415129106449697,16,0.06087178928497532,0.023164082809007686,16
gene_1038,0.626170843152793,0.014246582615195178,16,0.07270347572949032,0.02874694836344009,16
gene_1039,0.6589838802925418,0.0015201614169361604,16,0.03835096708068059,0.009623600375120053,16
gene_1040,0.6557923469474156,0.00407331970111605,16,0.04249655540846249,0.0146224496290324,16
gene_1041,0.6145491071099788,0.00864063125469309,16,0.05107371132806631,0.021288770018938648,16
gene_1042,0.6301393992490377,0.005357267023000447,16,0.09387028463299488,0.052349178117990246,16
gene_1043,0.6177841281318269,0.00899081150792835,16,0.05694255410625117,0.024208327781924385,16
gene_1044,0.6263606733958123,0.006802140355152433,16,0.03717974656642663,0.014630485569102252,16
gene_1045,0.6445171967682659,0.007501669398287165,16,0.05104342135617658,0.016785538794619165,16
gene_1046,0.6073393363637284,0.013094786483407653,16,0.10330755021470445,0.03540469450776285,16
gene_1047,0.6260161113837587,0.020431502725203235,16,0.1546144596817106,0.06492687634255301,16
gene_1048,0.6178809036923381,0.01204867786616471,16,0.08438367557507001,0.023511592419994547,16
gene_1049,0.66711147540373,0.004918092015276116,16,0.03724333468721937,0.017454789027776408,16
gene_1050,0.6407693666111476,0.004811563919005385,16,0.02708514261784157,0.01482835734779923,16
gene_1051,0.5648275951629265,0.02506437396951343,16,0.1344600925943214,0.046113404402200756,16
gene_1052,0.6199784816211877,0.0121544350675244,16,0.1278457675031272,0.057646723702968264,16
gene_1053,0.567752573004197,0.033878073411726335,16,0.1651180371482222,0.04959396970134344,16
gene_1054,0.6227853031339583,0.007011296232311616,16,0.07338424473045252,0.018475152164635956,16
gene_1055,0.6096616149204529,0.008521625853940328,16,0.04994654166763753,0.028154763085648103,16
gene_1056,0.6446725189369311,0.007967945774293807,16,0.0441823110062007,0.010586760793051434,16
gene_1057,0.6350442540390376,0.005650653235653688,16,0.03757779801918931,0.011366013326531468,16
gene_1058,0.648631801534096,0.004901618708418747,16,0.0428389388055773,0.01429485975462381,16
gene_1059,0.6230505262050761,0.007448665736427671,16,0.08107821721068002,0.02791143381319388,16
gene_1060,0.6368028794388703,0.007334688527781795,16,0.07088416253384416,0.027542185564336286,16
gene_1061,0.6359336667486108,0.008286619192172969,16,0.04113057567476476,0.014937425805736697,16
gene_1062,0.6256868271973364,0.010274961152461695,16,0.03967063698999693,0.018505660124853125,16
gene_1063,0.5952446499922082,0.014604131374469222,16,0.12659354919772656,0.0561176048443154,16
gene_1064,0.5900555006636728,0.020054825864484937,16,0.14857873589898143,0.05770220652434689,16
gene_1065,0.6184647264654066,0.013453978710372136,16,0.042429137520177,0.014279210114795535,16
gene_1066,0.5782068762334552,0.017229530367148128,16,0.1434562154050064,0.07137114775829666,16
gene_1067,0.6480934354274921,0.006614545246140378,16,0.04729906732642817,0.020454270886511434,16
gene_1068,0.6007164874785068,0.020358608035659215,16,0.12185540527771853,0.049094505198601104,16
gene_1069,0.6465129481054179,0.01360123126922684,16,0.08145336759301282,0.04475538778214823,16
gene_1070,0.6139017356789603,0.01213878048669758,16,0.08010033441311731,0.028960163503922273,16
gene_1071,0.597261976996748,0.027756844661334927,16,0.14863268811411037,0.09325284759632292,16
gene_1072,0.6161000077823953,0.014302896342440783,16,0.07680616010338655,0.05077356254385722,16
gene_1073,0.6218350737637406,0.00813313325692936,16,0.09209406880235416,0.039141783160216895,16
gene_1074,0.5946838248526448,0.0290697923926377,16,0.1255127864279833,0.061414874247475014,16
gene_1075,0.6408032697726731,0.006365302698430367,16,0.06817889669918772,0.02307388510432451,16
gene_1076,0.6156972978358691,0.00637318166309782,16,0.0870333312607351,0.038881604563366146,16
gene_1077,0.6078510422075935,0.0057038244650065295,16,0.058457982744568183,0.034194470356396445,16
gene_1078,0.6531785045783582,0.0033144768234726696,16,0.03222141370612348,0.012653841882489043,16
gene_1079,0.5747370552832985,0.012816325996860167,16,0.12147234196278611,0.03827131471530518,16
gene_1080,0.6459207018446103,0.00877735203702911,16,0.049717619430528985,0.011744796746935817,16
gene_1081,0.6267799574112713,0.004592624887602596,16,0.040631136582043995,0.022960338946642136,16
gene_1082,0.6272265310991803,0.006771712512146379,16,0.06638601046138849,0.025393176513239912,16
gene_1083,0.5841842047204505,0.02361620866463397,16,0.16056255845127596,0.06593543028798832,16
gene_1084,0.6291230813672846,0.007683820634546571,16,0.046453528528420496,0.012855583832043419,16
gene_1085,0.613602116699439,0.017376866598193246,16,0.09914138951760348,0.0452279878099449,16
gene_1086,0.6390064886801206,0.007465467691327178,16,0.02899338205903288,0.014464617046224055,16
gene_1087,0.6290796638233431,0.022584239603879393,16,0.10629336855300583,0.0790440983617602,16
gene_1088,0.6067097978672142,0.03257205948935891,16,0.18580012303959562,0.11235644043358951,16
gene_1089,0.60972465763499,0.015605209234322688,16,0.13659697128118345,0.051913726150851616,16
gene_1090,0.6009988331541091,0.012965389080302725,16,0.08745139612542009,0.024935805428181967,16
gene_1091,0.6122998649941361,0.01173371585743828,16,0.05299383079073743,0.028024084733983445,16
gene_1092,0.6087355448401987,0.01099738206688414,16,0.06139464169404779,0.03446065215297858,16
gene_1093,0.6341756402432988,0.0073935915428966405,16,0.05227726127055958,0.03420203742668871,16
gene_1094,0.6310640346593531,0.010111070528810795,16,0.06378863617969922,0.022127493315031974,16
gene_1095,0.604129079443584,0.016542413628966173,16,0.12233307433815645,0.03249265073787184,16
gene_1096,0.6495363394549576,0.0050262750073465055,16,0.02681593367819593,0.01316712170492703,16
gene_1097,0.6300771539418009,0.011895887497824833,16,0.0939448707185205,0.04214079499380129,16
gene_1098,0.6042176177652232,0.020205118901912997,16,0.1775793499947489,0.0429132466884866,16
gene_1099,0.6227813479398779,0.02223242173131404,16,0.15470436713717262,0.053173849615702984,16
gene_1100,0.6393585116509232,0.008452927047327443,16,0.04808798780387062,0.013505272068015694,16
gene_1101,0.6353291068354942,0.008868314298090992,16,0.03582441120049038,0.0243262050800051,16
gene_1102,0.6269112443654805,0.0031161459709924274,16,0.0344178911427449,0.010338756185101626,16
gene_1103,0.6012744788769685,0.014975831965996337,16,0.1119809807364445,0.03053157498046089,16
gene_1104,0.604948294197586,0.010667353353071842,16,0.07754017818191238,0.031052535414619522,16
gene_1105,0.6156404345582225,0.01941729367623231,16,0.12863117768204485,0.04891532919778605,16
gene_1106,0.6395732701722342,0.007144685947041148,16,0.020985529930719962,0.009502778800313853,16
gene_1107,0.6086616025087258,0.013977419710790919,16,0.0906031298806312,0.045285625989707576,16
gene_1108,0.6285448124093043,0.007396244353261604,16,0.06352523621899372,0.025522755483344144,16
gene_1109,0.5716936837881011,0.018813618649026292,16,0.1005862586581136,0.03858193042754116,16
gene_1110,0.5972404314392591,0.014779070650065222,16,0.16976435512013627,0.04111643052285874,16
gene_1111,0.613122196016536,0.010045942391450397,16,0.04105513218766198,0.016055655835826858,16
gene_1112,0.6221974090700897,0.01109267467790576,16,0.0648894312304467,0.028546555516387153,16
gene_1113,0.6196117096219117,0.012752934657437104,16,0.07335099913325918,0.039415998826796396,16
gene_1114,0.622050799760376,0.012200906728810303,16,0.062268447863772454,0.026835746100518514,16
gene_1115,0.6058817494335854,0.013778879997398956,16,0.10145959786283981,0.03917656739936551,16
gene_1116,0.6178940031084881,0.007070427065977419,16,0.041405262818233785,0.02037444033080391,16
gene_1117,0.6366752485457121,0.010397490183821568,16,0.0876281620456737,0.03318781224982059,16
gene_1118,0.6140436394727825,0.01640925924815422,16,0.10624176236710121,0.04213569395591821,16
gene_1119,0.5912017438118843,0.01818775903436024,16,0.12734690714315475,0.04473336485293017,16
gene_1120,0.604052260093054,0.014896653182667214,16,0.0662560548576841,0.03137957473631196,16
gene_1121,0.6401142212123114,0.007018007991686095,16,0.02955916690808445,0.007572990950163476,16
gene_1122,0.5842246369312623,0.016612571507082386,16,0.17311183659617477,0.06191670552331665,16
gene_1123,0.5863927631323417,0.015883853163041205,16,0.0807313635975544,0.027074854915324565,16
gene_1124,0.6121969640314832,0.010581560451893218,16,0.05934337607840129,0.012503027345412148,16
gene_1125,0.5677851912180731,0.020406077897887998,16,0.11150103436656464,0.059997888916323655,16
gene_1126,0.6516820952650509,0.008764888222403944,16,0.07178335144125451,0.04563033701302109,16
gene_1127,0.6088409810453251,0.018116798115519916,16,0.10903123694195743,0.04610563607550901,16
gene_1128,0.6281795485890183,0.013350067962415127,16,0.09459298310781002,0.03933004107166579,16
gene_1129,0.5935613263276418,0.010366299422697645,16,0.13321662248478972,0.05710828313827818,16
gene_1130,0.6004729721605098,0.014040363983955133,16,0.07797971325179207,0.03357274425000457,16
gene_1131,0.6010053549005345,0.007144916171424352,16,0.05028081037976749,0.020646941045938824,16
gene_1132,0.6064344614929372,0.007167624572605314,16,0.09454687843176658,0.021104333675010245,16
gene_1133,0.6064252075241208,0.01769085214077804,16,0.10573782092052571,0.04725467180740487,16
gene_1134,0.6055519542455327,0.013146647168425962,16,0.11580206345645883,0.046527802254570254,16
gene_1135,0.6294254693469363,0.009627660195154259,16,0.05879937728986836,0.024874598817840748,16
gene_1136,0.5913084099376192,0.016612895209674478,16,0.09206389091007874,0.044080546830081106,16
gene_1137,0.6418507505637969,0.005687515244585025,16,0.043881005725558496,0.020943549710754673,16
gene_1138,0.6272887690713277,0.014302137598272644,16,0.0747475846276921,0.04170461228741222,16
gene_1139,0.6145889394322626,0.012811510511753641,16,0.09098410152156203,0.03918651487529921,16
gene_1140,0.6387156678229904,0.010649278374790714,16,0.088743992703393,0.022447451663303995,16
gene_1141,0.5787611654646738,0.032401514110392465,16,0.15605059708187172,0.07606255928124622,16
gene_1142,0.6139279107991265,0.01450385987731409,16,0.08743337078970045,0.03268173109492888,16
gene_1143,0.6056354994155563,0.020346713546734698,16,0.14295476499106705,0.04661613566832072,16
gene_1144,0.6159691827669265,0.014220532504561642,16,0.07764234867453255,0.026527205792888697,16
gene_1145,0.5884164438187368,0.02627598622283264,16,0.11022885063594257,0.06149221397163144,16
gene_1146,0.6323089225056866,0.04526548337392679,16,0.24870569917167618,0.17084072354043547,16
gene_1147,0.5725440938290226,0.026931781067520654,16,0.10788423939987042,0.038481404606600635,16
gene_1148,0.6220184177677045,0.010308238574224178,16,0.06696910862248702,0.027944909590350654,16
gene_1149,0.5817926584405866,0.02446889167812071,16,0.07962353462227628,0.035096104538853895,16
gene_1150,0.6169281085371607,0.02958421299661552,16,0.2322603797381114,0.07379275607753821,16
gene_1151,0.6007943400197608,0.006487777937369027,16,0.05919899348041059,0.04038339411117835,16
gene_1152,0.6303239090325787,0.010977998871071402,16,0.10643724627451123,0.028557045133352728,16
gene_1153,0.6208152823790867,0.013325479637569493,16,0.09319563458609326,0.041715075316748076,16
gene_1154,0.5912360320670582,0.03513021103975534,16,0.20918019354497633,0.07197898490746835,16
gene_1155,0.6325126304816794,0.003243086774410373,16,0.044429983157277676,0.014513192065824515,16
gene_1156,0.5984728273686702,0.018516493846416626,16,0.07115051214852285,0.024564572190551793,16
gene_1157,0.6474520726770497,0.0076562019236769505,16,0.059720421187643265,0.01604065423445088,16
gene_1158,0.6041416756017397,0.014442905924080676,16,0.058185411501661684,0.019914434356525915,16
gene_1159,0.6377298721419237,0.008146450534129738,16,0.044751562678372,0.027237077310878887,16
gene_1160,0.5810850307008649,0.014225803445831131,16,0.14636239163984657,0.0647238996073121,16
gene_1161,0.6062319292942592,0.007704109610177874,16,0.10240411043154864,0.026589003534673177,16
gene_1162,0.6158081867529364,0.016233950810973573,16,0.09978519334857068,0.01862309916233766,16
gene_1163,0.6516299588728353,0.00791980454534077,16,0.04513003953609457,0.018560896380449526,16
gene_1164,0.6007443118007341,0.01855186897062073,16,0.07856929437843928,0.030409937814990504,16
gene_1165,0.5890827812463966,0.013805997476280998,16,0.08218935573257434,0.0387102746792323,16
gene_1166,0.5905472278760713,0.012814283101040292,16,0.09351301946038944,0.037503221418342586,16
gene_1167,0.6005847106419762,0.020256190120418772,16,0.13442931360183102,0.02992763326705236,16
gene_1168,0.6192941783617452,0.012230264582648118,16,0.08900653424207,0.03821869808011164,16
gene_1169,0.6060381823698529,0.019849440706703757,16,0.15813618850442854,0.06754864233789486,16
gene_1170,0.6071242188470761,0.014264505167897594,16,0.0936473633851926,0.0332663588918119,16
gene_1171,0.6234665213500835,0.009377667315272039,16,0.04645153639682901,0.027489855937985055,16
gene_1172,0.6004200237756875,0.014251959380845223,16,0.20289560138611257,0.06720352475912227,16
gene_1173,0.633211689927392,0.0073691169363013795,16,0.06447319129784077,0.021382538903654175,16
gene_1174,0.6268805694800333,0.003696047434580891,16,0.02800412266726053,0.010957833828240768,16
gene_1175,0.6392413194197608,0.0066241496025722804,16,0.05297386140010053,0.03149914135531182,16
gene_1176,0.5773487845714278,0.029747475483069195,16,0.1762125830469954,0.04718736331809916,16
gene_1177,0.593875875448426,0.0242030211208486,16,0.1380580366715126,0.07371517860883303,16
gene_1178,0.6161540275696337,0.010185306028101348,16,0.07229706135666539,0.028612298791355035,16
gene_1179,0.6157630519131576,0.012355696627038204,16,0.06213601330066972,0.02148094814586856,16
gene_1180,0.5829793673036473,0.02129287947155013,16,0.1559204109888184,0.06815746384935982,16
gene_1181,0.633209746827713,0.007526596506703676,16,0.04631658136394648,0.013912768208962884,16
gene_1182,0.6525392988493464,0.006124655904419685,16,0.04012071970312531,0.013478932947254187,16
gene_1183,0.6211493563661417,0.01487082457554025,16,0.12180287932533448,0.057156929424950924,16
gene_1184,0.6169455827562769,0.020396389637406157,16,0.11090092187958055,0.060508846056531736,16
gene_1185,0.6480286650367884,0.009262657320275505,16,0.045005410108075704,0.027692349515365623,16
gene_1186,0.6108507102456755,0.00839995877407606,16,0.04237601808411305,0.021120003035303647,16
gene_1187,0.6144115498073307,0.010907865181317014,16,0.06213690090259062,0.02089974194220026,16
gene_1188,0.6058716249678546,0.014569143582083707,16,0.03942227854347892,0.03594242929245199,16
gene_1189,0.6201705255917276,0.025305261795090506,16,0.23836343093795875,0.04920711907664616,16
gene_1190,0.6030974917164578,0.02507642938866404,16,0.15644827509312803,0.048560667323333404,16
gene_1191,0.642717309018489,0.008871857216750378,16,0.043170099074277796,0.02210226812637792,16
gene_1192,0.5859444656008086,0.01045258343603502,16,0.12067338125685141,0.042148771724993116,16
gene_1193,0.6430489673090795,0.011087825958239886,16,0.05023005735173687,0.0281732216318089,16
gene_1194,0.6254117770343279,0.007586787764473589,16,0.05111120949269846,0.018247076975268554,16
gene_1195,0.5757075285733146,0.017568095937204094,16,0.12308680259610924,0.039493355986546894,16
gene_1196,0.6311658684584153,0.013332842547868004,16,0.058373706292561035,0.029989084917767396,16
gene_1197,0.6256718460576939,0.009266927653942316,16,0.08222625130753392,0.021442539375929378,16
gene_1198,0.6533294836566075,0.0035262445528459045,16,0.022128979363811144,0.007074855522909299,16
gene_1199,0.6151841609311833,0.01240643990479884,16,0.04789011663346481,0.017854508265227404,16
gene_1200,0.6248278892794783,0.005305253524304813,16,0.08665266388004546,0.02282767199666211,16
gene_1201,0.5933990634962601,0.021899904758781955,16,0.12161877553831199,0.059000573162777584,16
gene_1202,0.6543625722606907,0.008780485879894025,16,0.04656019174425383,0.02454728825307084,16
gene_1203,0.5763599808415216,0.014494231463283495,16,0.1048505511814417,0.031026411424271125,16
gene_1204,0.6247729809716996,0.008125113868598351,16,0.10424812606327044,0.042410206470304204,16
gene_1205,0.6166889184499923,0.008525110620544188,16,0.04747990822959461,0.0159390002916551,16
gene_1206,0.6200983739062172,0.004454303905623083,16,0.04979645554592998,0.024886718067302707,16
gene_1207,0.6162186964820301,0.003753692409887416,16,0.06054761323589172,0.020346393781034297,16
gene_1208,0.6174928442816934,0.0065915982928819745,16,0.08186830690774716,0.0436854890480856,16
gene_1209,0.6510853274603262,0.009367435969522612,16,0.051929000458457206,0.02107628380694562,16
gene_1210,0.626413982070291,0.007224630294401544,16,0.03335341457428964,0.010432885574109816,16
gene_1211,0.6295116926837498,0.011351868184984184,16,0.06545194504440056,0.02528177345547322,16
gene_1212,0.6579577008545606,0.0029762274540224326,16,0.02221331638760275,0.010165344555005796,16
gene_1213,0.6015634842739094,0.029091795120948782,16,0.10677347058001042,0.06525975243213025,16
gene_1214,0.606138524868149,0.003574488646205648,16,0.044819859993417435,0.02146925645392515,16
gene_1215,0.6239957575585763,0.012922985059463257,16,0.07108162116014628,0.02491079930971176,16
gene_1216,0.5951588087811142,0.017916713151619905,16,0.0943879796823412,0.04015164292697209,16
gene_1217,0.6361602609273319,0.00915285808699136,16,0.04099948316139316,0.013899819885587136,16
gene_1218,0.6153406838024676,0.017382016010871162,16,0.15315556734968191,0.039566579834664245,16
gene_1219,0.6145718480932034,0.007755225688621606,16,0.07766830534202339,0.03222428246962647,16
gene_1220,0.6266513432326308,0.0113921023323548,16,0.06008923667879004,0.03343974912863133,16
gene_1221,0.6195888147355202,0.012255190067611844,16,0.09737168456539232,0.04665944855869939,16
gene_1222,0.5948133719240902,0.013183142612157464,16,0.094840801961999,0.039174834246743055,16
gene_1223,0.616642855719735,0.012767366071007277,16,0.06629364792400931,0.03182595582958158,16
gene_1224,0.5898591770429585,0.02081287297040055,16,0.14237189796751964,0.05927776286044122,16
gene_1225,0.6120994494768245,0.015640464893393206,16,0.0712396532452179,0.03924814960527771,16
gene_1226,0.5999912963497593,0.011705450757404196,16,0.08493611802139099,0.019670397772173907,16
gene_1227,0.6127886354790912,0.011895967621395906,16,0.042900642239227654,0.008540500761201402,16
gene_1228,0.6357943332182066,0.009624563911940137,16,0.06747837448201678,0.023890194869820875,16
gene_1229,0.6010586404097392,0.012001516084017115,16,0.052333670114651086,0.017623007241855247,16
gene_1230,0.63421384733015,0.006713281989120352,16,0.06323253826940478,0.01918211673344709,16
gene_1231,0.6321810831664486,0.01349442199205601,16,0.06613333902977818,0.033028650017472405,16
gene_1232,0.6262777697346837,0.006316213825891571,16,0.06008697904164373,0.017608644056933694,16
gene_1233,0.5771057071462101,0.020409126631855384,16,0.12360776020159688,0.053928492082093424,16
gene_1234,0.5719822226908233,0.014559550685384842,16,0.10859063102217772,0.04815632667311122,16
gene_1235,0.6090233087710769,0.007228866474903775,16,0.06578849904922598,0.019401138596542404,16
gene_1236,0.5753329175268824,0.012700540376358042,16,0.14210301143431261,0.06930841590954667,16
gene_1237,0.6128284630225342,0.0038735261567309906,16,0.03759246551913188,0.014670712258309352,16
gene_1238,0.5716248243680868,0.01878985863086467,16,0.09645812889289024,0.04282888267619634,16
gene_1239,0.6337917633039889,0.018357964143833595,16,0.0812289635532192,0.03726300404471069,16
gene_1240,0.5964132285548233,0.0169751998888712,16,0.12072293478976591,0.051497844790330226,16
gene_1241,0.5998120367122931,0.029839450560289596,16,0.2048749205775688,0.07116376053470551,16
gene_1242,0.5837119747476972,0.039497581265617115,16,0.17093143006500017,0.04710275901933665,16
gene_1243,0.6302890531409996,0.011334986360566986,16,0.08515262853512674,0.024187540027551028,16
gene_1244,0.5790082337569199,0.013769417437859168,16,0.12137746264826454,0.03569995141887473,16
gene_1245,0.6290033137274652,0.010393012351033376,16,0.07753501568968099,0.04144971627361131,16
gene_1246,0.6207872443700859,0.005958692669453358,16,0.04854584733569242,0.023688829718385585,16
gene_1247,0.6399369098289895,0.008728632268669895,16,0.03952531315519131,0.015162955431235898,16
gene_1248,0.6379916043566959,0.00897329511293748,16,0.05405457988291184,0.024112757605333147,16
gene_1249,0.6436183554007271,0.007228954349166883,16,0.02931377536966329,0.008068315964864986,16
gene_1250,0.6106953930534358,0.017459672747739425,16,0.14820298765709802,0.04773223153493796,16
gene_1251,0.6023332256500376,0.011375783945817902,16,0.07905143209516989,0.03591475361497319,16
gene_1252,0.6380257295497997,0.005629809631882534,16,0.06638324113529967,0.03672223592582197,16
gene_1253,0.5935326732540747,0.010431423908346553,16,0.0634516198733086,0.03238091550370384,16
gene_1254,0.6124480216103981,0.009390731081117328,16,0.06174461042827084,0.021950606767493015,16
gene_1255,0.6051673088072511,0.03238338846133869,16,0.18358981040748576,0.08191018805487642,16
gene_1256,0.6240373615455908,0.005396015840452304,16,0.03639643571338806,0.014613201970370688,16
gene_1257,0.6150059274322142,0.009468967554362018,16,0.05550567140085532,0.026077191468757956,16
gene_1258,0.5965338303893367,0.017658662637302015,16,0.07869103276333134,0.024151789511719302,16
gene_1259,0.6385386875430041,0.010169989191229183,16,0.03662057255974904,0.02099334286722869,16
gene_1260,0.6001562794090375,0.019056610647010273,16,0.1853787667202317,0.05983111656797559,16
gene_1261,0.6171438890449674,0.010086677029545757,16,0.04889330656558652,0.01706530191798057,16
gene_1262,0.6419177839043041,0.004106449664975402,16,0.04435993014862121,0.016365420973267753,16
gene_1263,0.6180849845624835,0.013924467184140775,16,0.09625193336051571,0.03203615436951665,16
gene_1264,0.6230902711263545,0.007136208398208512,16,0.10474778535336002,0.041922365324353436,16
gene_1265,0.6500262869919152,0.005488704050390812,16,0.07451059696193708,0.0226810315842613,16
gene_1266,0.644032966394882,0.005848281224343227,16,0.047397508517974876,0.017757007929794864,16
gene_1267,0.6150224686173507,0.016029122033610673,16,0.08697535972740522,0.022793122383016742,16
gene_1268,0.6056333502774113,0.013113832429718197,16,0.09537698571136496,0.03204918620123846,16
gene_1269,0.6004734115878175,0.026948256588611885,16,0.16486428497464214,0.06117762531411413,16
gene_1270,0.6020842403812965,0.015161982647324828,16,0.10475246148800932,0.0386594168833346,16
gene_1271,0.6455879037599176,0.004498826500434058,16,0.029042470272309176,0.010799126670712615,16
gene_1272,0.5929065005802259,0.021012522946342045,16,0.213334462666008,0.0451395040660517,16
gene_1273,0.591995741921045,0.016400022461832482,16,0.08057659625120601,0.03626305000915086,16
gene_1274,0.5947009818886595,0.011292533364014075,16,0.1782712156412398,0.0411432185079263,16
gene_1275,0.5807077552618962,0.03262766743563198,16,0.10044650188519039,0.03383526100236671,16
gene_1276,0.6039002287939906,0.020827480883916578,16,0.06962766994741532,0.037854966242919556,16
gene_1277,0.6155285460628767,0.011274549680952933,16,0.09173923548349862,0.0350862920356464,16
gene_1278,0.6089431220829289,0.010647487456138721,16,0.07901046808748265,0.023351751150610275,16
gene_1279,0.6176099103466163,0.007857919905017654,16,0.05204189147161682,0.01716220275227072,16
gene_1280,0.6285046502906988,0.006615033638245466,16,0.08950405749447622,0.03451793488457615,16
gene_1281,0.5887555653408333,0.031072503934569687,16,0.14959168945064247,0.053208617415001117,16
gene_1282,0.6178465603248836,0.012734171115054031,16,0.06132941436336132,0.018510363875299106,16
gene_1283,0.6076784306313264,0.027176921954285477,16,0.12159365744488049,0.06324699860782855,16
gene_1284,0.603376824781975,0.02045127143552533,16,0.11452493194973747,0.050995538692286395,16
gene_1285,0.607319877994791,0.015581002925927718,16,0.10081642424891674,0.040167102549141326,16
gene_1286,0.6030153178714136,0.020995273405060345,16,0.16688839473893768,0.05921823145915903,16
gene_1287,0.5659129758895787,0.015928133033956744,16,0.11526938067207232,0.041768743346361506,16
gene_1288,0.6125244473347794,0.00827067977577963,16,0.08541467162605906,0.033947195470064,16
gene_1289,0.6290484064811125,0.008487986291055183,16,0.077352764349249,0.03343829349516137,16
gene_1290,0.5998799646851286,0.011975512402567733,16,0.07928915805618084,0.025778905881818727,16
gene_1291,0.6047865925353618,0.014013730880664344,16,0.1721262462535034,0.06401771046489921,16
gene_1292,0.6077096608598135,0.013040492228606985,16,0.05136137137809672,0.02381248913213969,16
gene_1293,0.6446326509341688,0.0037741338237117727,16,0.058182203533065836,0.029952057324427236,16
gene_1294,0.618848649583613,0.009411383152893549,16,0.06968905350036145,0.02709691571142999,16
gene_1295,0.6434548848115539,0.002935366748597782,16,0.033326925485733426,0.016892344288525714,16
gene_1296,0.6157874206704771,0.014120446541760354,16,0.11417848341712553,0.038338316311969725,16
gene_1297,0.6300243681844956,0.007907066892587418,16,0.0920974938098516,0.046660137000102554,16
gene_1298,0.6101674368813839,0.004877372067308986,16,0.06027211702251065,0.02024730753228429,16
gene_1299,0.6375203651489213,0.013562277868197215,16,0.08626313134237049,0.03954189393388004,16
gene_1300,0.6189810125148958,0.008018707447495057,16,0.06781483765495282,0.029249969342582845,16
gene_1301,0.6373074786386183,0.010326514131262671,16,0.07022099410289867,0.023723601781809087,16
gene_1302,0.6179238364513554,0.011643160550038712,16,0.05698517194512952,0.030997944142482848,16
gene_1303,0.6432879022685773,0.01323460241970836,16,0.0847628860492813,0.04707567278958066,16
gene_1304,0.6390142419374841,0.0063187702598025055,16,0.06891174265621909,0.024794095034967885,16
gene_1305,0.6240308430961202,0.009235417075118987,16,0.11324579021627647,0.05056571542324359,16
gene_1306,0.6154287485919837,0.02501492574144942,16,0.10253392606673999,0.07303307477084482,16
gene_1307,0.5919451801495097,0.01966955957740856,16,0.18389338904420732,0.049675463041654426,16
gene_1308,0.6310302222904763,0.010964607236437158,16,0.04489511987593317,0.020734558884445246,16
gene_1309,0.6134447670453832,0.012496137409561894,16,0.059501023642171455,0.018466525727741812,16
gene_1310,0.5691172420056544,0.012906605470962083,16,0.055194903934835754,0.022405140922668695,16
gene_1311,0.6178896033864361,0.0060883743681342025,16,0.05454097041086564,0.024861698634803458,16
gene_1312,0.6461681009861278,0.0045240512334042944,16,0.031494671045315094,0.013142927434267595,16
gene_1313,0.6344237466908627,0.011889526652853989,16,0.08798441532388024,0.0435790776180513,16
gene_1314,0.6219509466502761,0.009917214384501874,16,0.0603166846048364,0.02968287163071329,16
gene_1315,0.6315977500389074,0.008368830372118866,16,0.032259823623208235,0.011968744903126265,16
gene_1316,0.6252771054181643,0.011452311108210418,16,0.06783970913738088,0.03427757432448435,16
gene_1317,0.6368176855887603,0.010380961443694322,16,0.05092713769712397,0.022904182890126627,16
gene_1318,0.6042958159155863,0.009054002860166055,16,0.07529609323246189,0.021509848476424932,16
gene_1319,0.6087366290898317,0.017542965249451484,16,0.07752763564559931,0.027178805800790688,16
gene_1320,0.5753760095276175,0.02216823882937339,16,0.11883588103704786,0.04183830777105591,16
gene_1321,0.6095951323327418,0.012261813030696598,16,0.07480313924606878,0.024860923452368882,16
gene_1322,0.6140261748132477,0.009257855397167683,16,0.0878871334730263,0.030837059872297387,16
gene_1323,0.6196989589197374,0.011997955828390677,16,0.10749637423572435,0.04241056690292508,16
gene_1324,0.6107249868424706,0.009572559763301906,16,0.10010408992609507,0.021419536906971532,16
gene_1325,0.5867560380432797,0.018504844974828415,16,0.2027964334016306,0.05953379240735471,16
gene_1326,0.6090348424929171,0.013829934109163625,16,0.056164576388526455,0.023859271464052163,16
gene_1327,0.6294077497891822,0.007366364148021805,16,0.0581765774697328,0.016017051427468555,16
gene_1328,0.6379863946881641,0.010610377426476898,16,0.052613209286424725,0.019112959245761205,16
gene_1329,0.6128348735517994,0.018200132726453915,16,0.07188258332778263,0.031687071670780054,16
gene_1330,0.6316679466869163,0.011946290294636275,16,0.06405526224593115,0.03541060582949247,16
gene_1331,0.6292652392924118,0.032245091990358354,16,0.13038375451696196,0.0867308284255073,16
gene_1332,0.6263447771224723,0.011972811373970145,16,0.047940754944262795,0.024582169688271815,16
gene_1333,0.6219216385577137,0.01007960070482385,16,0.04556777722478408,0.02270851993654011,16
gene_1334,0.6164534382245958,0.01260536001201658,16,0.07298748777555225,0.037972391487702574,16
gene_1335,0.6085704617381051,0.014783891902825485,16,0.16368772935262085,0.0432859672559084,16
gene_1336,0.5865588793548007,0.0288041487052369,16,0.16419003583321448,0.07906140019779632,16
gene_1337,0.6210790129959829,0.008603064739807535,16,0.03671499458537102,0.02880154532218361,16
gene_1338,0.6102226868260318,0.013160963925629609,16,0.16121369318616888,0.06445433350995532,16
gene_1339,0.6327306095040071,0.01343549310966011,16,0.06733502566785239,0.0426453729668896,16
gene_1340,0.651674057800832,0.004659196466798899,16,0.0310987433833809,0.010233333378243524,16
gene_1341,0.6401953173821858,0.010945511797879833,16,0.07181240438776818,0.014954777768801962,16
gene_1342,0.6101783643960307,0.019000673562113646,16,0.07612930607680035,0.042494146102495384,16
gene_1343,0.6348729947359805,0.01704583140635595,16,0.056913017420046404,0.026425022768854917,16
gene_1344,0.6461619600343729,0.005355018139584161,16,0.04081324456761164,0.02373873812947601,16
gene_1345,0.617502669411036,0.011805348294133175,16,0.056776430405773966,0.022294958385121393,16
gene_1346,0.6428967854227976,0.010399690423909456,16,0.06069891848246432,0.02158362246293294,16
gene_1347,0.6251892560781539,0.010768322241418715,16,0.06451056964642668,0.026741980472700332,16
gene_1348,0.6199484277047901,0.010182322506354645,16,0.04671732953696706,0.014999699624390421,16
gene_1349,0.5797046205050059,0.017669205893991756,16,0.1355117005870578,0.04514094281156469,16
gene_1350,0.6091052288391131,0.012565125867490446,16,0.07767377019816324,0.026568891456396758,16
gene_1351,0.6200112371448201,0.033817252472483364,16,0.18120111623445886,0.11070152640836695,16
gene_1352,0.5987742331899287,0.006832627760476618,16,0.06079765043492481,0.02340994290745442,16
gene_1353,0.6152737075975545,0.013814795534057192,16,0.15944791142327028,0.044506144421605456,16
gene_1354,0.6276808949077671,0.008468382408477597,16,0.05257801969176441,0.018014566528314183,16
gene_1355,0.6098742263558246,0.014793442013676255,16,0.1283943128553984,0.0585544412281653,16
gene_1356,0.6046378972340346,0.023197546942546297,16,0.09639918521912896,0.048327736133699596,16
gene_1357,0.6231178747682324,0.004864232608449499,16,0.06088680617039532,0.01730276259994112,16
gene_1358,0.6067891288340672,0.007249864599793557,16,0.06028391790817461,0.008470404169178691,16
gene_1359,0.5975929245199673,0.022451159347062252,16,0.1290084165518728,0.09603703879988888,16
gene_1360,0.6341244317372458,0.011921760995166607,16,0.03726435199292886,0.013363435561567634,16
gene_1361,0.6187432795341782,0.010785134483524887,16,0.12937357281417888,0.04168191837792275,16
gene_1362,0.6486346805336978,0.005584228246186188,16,0.04795517305329746,0.018865551392602015,16
gene_1363,0.5854018657509016,0.013450900684707851,16,0.10578914734216102,0.04530108834890235,16
gene_1364,0.5837749676294917,0.01947867200843633,16,0.16309730949961906,0.08738545724863546,16
gene_1365,0.6236629914177658,0.012669514128936186,16,0.08224100664589222,0.04040199834755087,16
gene_1366,0.6281653567410606,0.010023081354519786,16,0.09803481607874737,0.04342284347190519,16
gene_1367,0.6441417371946535,0.004458292707112491,16,0.03687033326204703,0.009769379126044963,16
gene_1368,0.5901932176347612,0.016665285063521402,16,0.1019049366707191,0.05978091639475423,16
gene_1369,0.6333283271288976,0.015231366116066732,16,0.08415378082377664,0.05746465046604738,16
gene_1370,0.5880500573336424,0.01831735186321449,16,0.11672441250980523,0.038712611213922936,16
gene_1371,0.6244829442589528,0.00897383314912681,16,0.06163819393444786,0.022142386962430247,16
gene_1372,0.6381012433872802,0.008822424216379748,16,0.05252569099685713,0.03193712939877231,16
gene_1373,0.620307457258477,0.008219893772314562,16,0.05991026829882695,0.022064473798154786,16
gene_1374,0.6100298106002209,0.017389305868804723,16,0.13423268691080717,0.043209985428898846,16
gene_1375,0.6343230503391987,0.013146725650942033,16,0.07146857286329922,0.04480250966346379,16
gene_1376,0.6466537821054923,0.0070314242816650364,16,0.03122538784793536,0.009354335968315402,16
gene_1377,0.6332422722230723,0.014396313950027087,16,0.06212225991838066,0.034421675823026,16
gene_1378,0.5960214069394058,0.01697329495603293,16,0.11845338875410372,0.04938509966232692,16
gene_1379,0.5954023123058814,0.017549383133277915,16,0.1459325658964307,0.06884962637997745,16
gene_1380,0.6148716665550824,0.008172995973964429,16,0.07007886601984842,0.015011428046952088,16
gene_1381,0.6293862147120658,0.010472267021207259,16,0.07093388607002706,0.028690308568997378,16
gene_1382,0.6267775831191469,0.00779929690412478,16,0.07040205328637439,0.024127597280087686,16
gene_1383,0.5970615958427313,0.02270969232290829,16,0.14279054698258167,0.06712029660179697,16
gene_1384,0.6124113361328637,0.014363632905803812,16,0.14301036258278296,0.06964541528828992,16
gene_1385,0.6246106523284791,0.009177215583486954,16,0.06752899433369897,0.03470724716792036,16
gene_1386,0.6233029202602268,0.016506729527204684,16,0.12121164047833151,0.06414250329466491,16
gene_1387,0.5961944621799395,0.026881454878580877,16,0.15674775565242285,0.07145061208829571,16
gene_1388,0.5977040758850101,0.009048416866096445,16,0.10000535481841094,0.04869755812722386,16
gene_1389,0.6301693622780592,0.014578996111272098,16,0.07018872913626269,0.03595390677841223,16
gene_1390,0.6274270919988173,0.008333050508384409,16,0.0829123260183573,0.03942538827356007,16
gene_1391,0.6097417907767135,0.005153520605084962,16,0.08640828268885284,0.016053419643469912,16
gene_1392,0.6263305708286284,0.004497124028033164,16,0.06115855294290651,0.020716639791678433,16
gene_1393,0.6059838847826553,0.00887868838508369,16,0.09691389776271016,0.028654779221087952,16
gene_1394,0.6056915909972533,0.024529817681324496,16,0.16326590449703215,0.07149704887348601,16
gene_1395,0.6316905410975002,0.007793966592635,16,0.03865406644441694,0.009612954112878706,16
gene_1396,0.6167597888793787,0.015260653446797152,16,0.08411806508097085,0.057282758933659285,16
gene_1397,0.5992403143693255,0.014115582307857899,16,0.09212092700078671,0.03291842511835546,16
gene_1398,0.6498701460321712,0.006284618390692614,16,0.03544927060589221,0.015775941423815897,16
gene_1399,0.640716766115219,0.006471695410230161,16,0.04954327575587983,0.015298483050961468,16
gene_1400,0.6138879664597866,0.010798107305891029,16,0.0683536376124294,0.025958507672945556,16
gene_1401,0.5973980482305377,0.025157948929234394,16,0.15792183597205034,0.04729194500169982,16
gene_1402,0.6341235620609642,0.006846202208277456,16,0.04087688678584311,0.020883842609885392,16
gene_1403,0.6096010050007612,0.008597249405533544,16,0.08619083269480811,0.034792382221143864,16
gene_1404,0.6014502110583785,0.015010321385627174,16,0.10099018779680428,0.03413892543294616,16
gene_1405,0.6018379020004448,0.033646856977952035,16,0.18302076374787427,0.05695782026344721,16
gene_1406,0.6495026539213404,0.007146972290646529,16,0.047426805013140366,0.021486237490178986,16
gene_1407,0.5872566029214855,0.024202774430161132,16,0.13673656794159186,0.0655686590286233,16
gene_1408,0.6442701889373792,0.0061475724027478815,16,0.041052455398195964,0.01702062422686467,16
gene_1409,0.624717957923753,0.011449725982940074,16,0.11469287052609632,0.04316546485229723,16
gene_1410,0.6016486232475383,0.03245346327050947,16,0.14874799239644376,0.05396860474852396,16
gene_1411,0.6226390988245124,0.008628860986639777,16,0.049664005958757286,0.011758936755484796,16
gene_1412,0.6045019054715552,0.010859479220264827,16,0.11834950300213978,0.05434643293784987,16
gene_1413,0.5818184161249292,0.00736572667191736,16,0.07441311152068358,0.02962203527002206,16
gene_1414,0.6095739905991938,0.012903420294975505,16,0.06962726445556446,0.014700974129596032,16
gene_1415,0.6090456791836096,0.014881561864502655,16,0.09889575576183846,0.03479545505803312,16
gene_1416,0.5990089349643823,0.02601185274388472,16,0.13722961028349537,0.060950347839406796,16
gene_1417,0.62495426995654,0.012107999985177323,16,0.09669519756308274,0.0528728888555263,16
gene_1418,0.6292083062245499,0.011806638158388028,16,0.06672833628953721,0.03183776360982926,16
gene_1419,0.6390381730868576,0.009604306744408165,16,0.07783335680526265,0.03667835969626343,16
gene_1420,0.5846229986675486,0.02034495212289213,16,0.09415793564479814,0.04034186622542496,16
gene_1421,0.5997190995300559,0.01999920368011631,16,0.059568384611139384,0.03076385502750832,16
gene_1422,0.5769317557091704,0.025371108539374902,16,0.08536514609790628,0.036880207595292334,16
gene_1423,0.6473427954516591,0.008484118457523228,16,0.06248065992834473,0.03183666966316311,16
gene_1424,0.6382581331277764,0.004732918794059454,16,0.07445044383902608,0.020552877429064285,16
gene_1425,0.5976164759892747,0.008524667812859335,16,0.0950093118371917,0.020091509449061885,16
gene_1426,0.6416089203923947,0.010596193230094128,16,0.04129522493038397,0.012980702003715056,16
gene_1427,0.6113764530442579,0.007152616835797371,16,0.11736313086421647,0.034891265188177735,16
gene_1428,0.6053188891990587,0.010036673460352542,16,0.0833200810795086,0.04359558247584403,16
gene_1429,0.5961038974244427,0.01248053169290194,16,0.09619965160891374,0.03952128408143209,16
gene_1430,0.617498132526365,0.016437897174882653,16,0.09586263537089756,0.03506747796477332,16
gene_1431,0.6192074705664176,0.007316352816135793,16,0.05840542511837595,0.031754578489084744,16
gene_1432,0.6057463885451633,0.0139552796049616,16,0.09788523098108656,0.042642182140377204,16
gene_1433,0.634039472179045,0.01114665576204665,16,0.04700448229022255,0.015358136162922299,16
gene_1434,0.6257228213414798,0.006076511108262505,16,0.06795535806208153,0.022867466953170504,16
gene_1435,0.64507179905356,0.005145807059546001,16,0.03044497529509717,0.014716847741184737,16
gene_1436,0.5893282216702186,0.016373190660385162,16,0.09292739865569825,0.04670581096637719,16
gene_1437,0.6377374854694379,0.00938013023976234,16,0.059163931715530686,0.027398780889432397,16
gene_1438,0.6165883161532852,0.013054448438231944,16,0.08602614428571044,0.055421804566752705,16
gene_1439,0.6375877435846464,0.007629479823542729,16,0.06987109890236966,0.03296744585263212,16
gene_1440,0.6263264157089545,0.011199756349397029,16,0.07818258858375407,0.028737879909968844,16
gene_1441,0.5920117172893388,0.016383022970200403,16,0.1264481712193063,0.0525567367974481,16
gene_1442,0.6291549738549496,0.004631256622146263,16,0.08009168072441644,0.011562116715073375,16
gene_1443,0.5907100916323287,0.026002523699883935,16,0.16200126488983094,0.040921561974949595,16
gene_1444,0.6241922810335743,0.00945790172098919,16,0.04717279073005755,0.020438017893161315,16
gene_1445,0.6303512168021516,0.008205909286247535,16,0.07620092979493275,0.03547402496559311,16
gene_1446,0.621519331196573,0.011572835335534168,16,0.08749182481222545,0.02837568341765482,16
gene_1447,0.6325826866442937,0.006293733734889703,16,0.07648096374957221,0.032590638691657466,16
gene_1448,0.6331401282512328,0.014641929449846366,16,0.05924655310152748,0.033870668553463705,16
gene_1449,0.6344733387279017,0.009684923873361987,16,0.040426853896736094,0.016566115070626698,16
gene_1450,0.5990993477067154,0.021749017893989406,16,0.1568629658807469,0.03798042582424453,16
gene_1451,0.6274169363696418,0.007492111778802218,16,0.04139287057931642,0.023092653518559065,16
gene_1452,0.5975458803792559,0.012167609204610665,16,0.09720882201047473,0.0449202709607071,16
gene_1453,0.625112210939836,0.012997155517546412,16,0.096255717168947,0.041912114494461424,16
gene_1454,0.6216275039629279,0.017053495213044327,16,0.11158077013890272,0.037653694519609364,16
gene_1455,0.6212092780958589,0.0163055191773057,16,0.08872087249023797,0.02596327482644559,16
gene_1456,0.6318150513260486,0.018962934239976924,16,0.10740314217705627,0.05546512994157748,16
gene_1457,0.6150825859642036,0.021379370491482596,16,0.08457409340378938,0.03763706391561262,16
gene_1458,0.5695700180220493,0.01727421747985407,16,0.15110913100253934,0.05245974386490268,16
gene_1459,0.6499087769591577,0.005898914474272718,16,0.027895091928891752,0.012079563903965761,16
gene_1460,0.615871440193029,0.01046526908968372,16,0.04784219110671246,0.029270033830904544,16
gene_1461,0.6107897467150413,0.021880206779688657,16,0.10373186793730137,0.057652570142403055,16
gene_1462,0.63903833846053,0.005941146810220113,16,0.052135000157273896,0.013929812342143187,16
gene_1463,0.5996404261926717,0.020848183858412396,16,0.08214022072337852,0.0528679792750587,16
gene_1464,0.6061432212556741,0.01702182775254769,16,0.07542023174838404,0.01850831067228662,16
gene_1465,0.649232737147405,0.0031744948647337975,16,0.03813278011851819,0.012207827052400278,16
gene_1466,0.6164115014118488,0.009783519630829006,16,0.07943246116204539,0.025407888408808046,16
gene_1467,0.649073362330645,0.005833271873590822,16,0.03188177628084042,0.010605324341608562,16
gene_1468,0.6582909084224604,0.010260775660654328,16,0.0468010819758805,0.03029269820850983,16
gene_1469,0.5946327897367618,0.025071095116744525,16,0.11274882824836867,0.038821326865653975,16
gene_1470,0.5939654890721249,0.01778108281060952,16,0.1452758665789247,0.047075237614500394,16
gene_1471,0.6243242446351699,0.019279120477578703,16,0.11310140659236237,0.03814953216621598,16
gene_1472,0.6413970680443418,0.005160741624061725,16,0.028670690264402974,0.00846194048275597,16
gene_1473,0.6167390991130388,0.0177486706373686,16,0.16906338751507322,0.062255988653469735,16
gene_1474,0.5983283018678193,0.00705229199230858,16,0.060211656333290495,0.015539664671344953,16
gene_1475,0.5916621630163587,0.02958951888986805,16,0.12857890292373397,0.07418877353843159,16
gene_1476,0.6334170905060871,0.0064264479818553575,16,0.030833834380642952,0.008604186739871362,16
gene_1477,0.6065587064947089,0.014191182712708438,16,0.08758812764929952,0.02857996883723064,16
gene_1478,0.6284499869757428,0.02848950848834625,16,0.18410249944490045,0.1095147661229383,16
gene_1479,0.6314824197936544,0.008715266776033573,16,0.05579887583050814,0.01626638631895488,16
gene_1480,0.6260135235096562,0.013253390418965467,16,0.058201097088781684,0.022764920009268084,16
gene_1481,0.6144669943203184,0.014414533433071695,16,0.053769546882673075,0.023364443151822765,16
gene_1482,0.5918378957010516,0.02012785836290058,16,0.11870983121584815,0.03390393302786941,16
gene_1483,0.6141084890840136,0.012996326416160529,16,0.08827892557807772,0.02641455256870783,16
gene_1484,0.6089909983649948,0.018665775471754027,16,0.14068283674626345,0.06460346058617121,16
gene_1485,0.6038878524378891,0.012138255526695969,16,0.07795302751439712,0.05056203389188987,16
gene_1486,0.6390968616147532,0.008617826989326756,16,0.043952303784379095,0.019327354168824057,16
gene_1487,0.6256232870465841,0.008531492937657557,16,0.07458749289331554,0.04270044610715742,16
gene_1488,0.576824111770008,0.013656644049789309,16,0.08160438812928995,0.06149635698460586,16
gene_1489,0.5878626018136067,0.017836934273501987,16,0.14468000819068375,0.044646825912320935,16
gene_1490,0.6386261961893795,0.01168170173987462,16,0.08777456074985965,0.05050145807129284,16
gene_1491,0.6312725803834817,0.013604239800444165,16,0.07569498926366615,0.04615368863840669,16
gene_1492,0.5970700542007127,0.0077331451813532,16,0.0799979161069577,0.016413200647298894,16
gene_1493,0.586991355408142,0.018078101823799403,16,0.09352427891127375,0.04681997027844854,16
gene_1494,0.5878162336203251,0.021209696433673843,16,0.14131387488065197,0.05463605032206254,16
gene_1495,0.6336461321510403,0.007401872103730828,16,0.05995827184453282,0.02337928992673645,16
gene_1496,0.630264498712321,0.014611871550125718,16,0.06311521855553606,0.030519690135317322,16
gene_1497,0.6337791247323442,0.011152228618860853,16,0.0993791587253512,0.04420670360036644,16
gene_1498,0.6401290816935097,0.010221049710573676,16,0.08642092358422133,0.05437773024783144,16
gene_1499,0.6045055069601319,0.01728950835738978,16,0.10239820478888652,0.020453214032715047,16
gene_1500,0.6236525842841449,0.010795221045071607,16,0.08830888243841344,0.02143424273242638,16
gene_1501,0.6123068407246937,0.015831729151085838,16,0.10372330676254152,0.037949772220368015,16
gene_1502,0.617536545073088,0.01526470156951724,16,0.11352332603263228,0.05274354165216936,16
gene_1503,0.5997272119198437,0.01133748961586233,16,0.15173331310182575,0.0520769277242748,16
gene_1504,0.6238265065511739,0.01030499850081564,16,0.10402523029510999,0.04927265312131235,16
gene_1505,0.6279194147704219,0.014935503400006465,16,0.08177395208542951,0.0636619578457174,16
gene_1506,0.6324564245681249,0.008021227280886388,16,0.04558392190401784,0.01391012322783841,16
gene_1507,0.5975291522394917,0.02104524860987799,16,0.13517398040449155,0.055024185885127135,16
gene_1508,0.6519160233469168,0.004885604861625386,16,0.056369762454079805,0.01911012300135539,16
gene_1509,0.644054123275784,0.00959841090075809,16,0.0653693630563162,0.018992252644456628,16
gene_1510,0.5866057993950585,0.018735764490750668,16,0.09279454195972063,0.04594984723640354,16
gene_1511,0.602696611294441,0.008359483897189634,16,0.08129031901340134,0.050573244003081747,16
gene_1512,0.6288294095104795,0.014818421282647211,16,0.050352125177284504,0.030197694540845376,16
gene_1513,0.6179802408154349,0.010257157269569632,16,0.09227727738036859,0.035933716750950764,16
gene_1514,0.6063294377576532,0.01267328229686372,16,0.08876888125705107,0.045210652885458696,16
gene_1515,0.6074178035974956,0.009689388120559278,16,0.11598578642523164,0.03573748812510914,16
gene_1516,0.6057522886018962,0.016973730136097126,16,0.10110135529399662,0.04283707022168579,16
gene_1517,0.6416779865554139,0.007900029838480177,16,0.037793454168328154,0.018536873836859917,16
gene_1518,0.59759782934675,0.020966393323655297,16,0.0948511646066857,0.03419758728822416,16
gene_1519,0.6078720597206825,0.014603114154193972,16,0.057692392409433864,0.029970415695451075,16
gene_1520,0.6414807964198979,0.005401030302277601,16,0.07046447246240975,0.03553948329302022,16
gene_1521,0.6349449188182932,0.007378784717635253,16,0.031911843368745064,0.01520195071835076,16
gene_1522,0.5863575696227269,0.010963747096381924,16,0.0711699104396756,0.027432949956797324,16
gene_1523,0.6025164377529221,0.030171905176433606,16,0.15053980230710567,0.0526695328258869,16
gene_1524,0.6301804908637376,0.007451187703660423,16,0.06801983127839924,0.03231547723123406,16
gene_1525,0.6343430899207144,0.010449818914131413,16,0.09403385971413616,0.029440880466023764,16
gene_1526,0.5975185850267776,0.010446172810102657,16,0.10454605933482962,0.05196233946036585,16
gene_1527,0.6589753910164684,0.007195182202697632,16,0.02584817452260942,0.009575943083638898,16
gene_1528,0.608476676885419,0.01428798938131621,16,0.088678714217851,0.04280993920245522,16
gene_1529,0.6280059627607357,0.007189926287762464,16,0.04221422991617242,0.03432172728183992,16
gene_1530,0.5896198707379056,0.008232657888469457,16,0.09665588519180526,0.04307138434185059,16
gene_1531,0.6329488345134833,0.006757758589731461,16,0.04105781754696794,0.02774043965385915,16
gene_1532,0.6552773209149675,0.006894623137255154,16,0.04225093926068722,0.01914473602779344,16
gene_1533,0.603432942416314,0.008016473708909488,16,0.08065924063300552,0.03412400420056289,16
gene_1534,0.6081277764419422,0.020755258880480753,16,0.2108666100396313,0.05193739641113368,16
gene_1535,0.6192987425828804,0.012115006554907258,16,0.041475445890105225,0.02283628276884178,16
gene_1536,0.6239125493709615,0.012101340784633182,16,0.05381687483187686,0.02096181514933931,16
gene_1537,0.593504802411168,0.01631207024059232,16,0.16260209608599904,0.055721854385558836,16
gene_1538,0.6552576305212484,0.006340028130387659,16,0.05199073360550312,0.015675307769995706,16
gene_1539,0.6190735346164704,0.028893456945381746,16,0.1472973540392612,0.09521180228608031,16
gene_1540,0.5733676878104531,0.030638674370471256,16,0.1406664396105398,0.0721025918375508,16
gene_1541,0.6538122271424924,0.00495541355922679,16,0.03693026825261187,0.007468035708100176,16
gene_1542,0.6228977919856069,0.004145013613170132,16,0.07003715785582476,0.019085849376026115,16
gene_1543,0.6276966447278741,0.013155922808744043,16,0.07045591115331613,0.02155285867579285,16
gene_1544,0.6246322323254667,0.012917750235167171,16,0.06739436118163442,0.03395635228390296,16
gene_1545,0.6547588234127241,0.005172835567512221,16,0.02013113101871817,0.012505273815195632,16
gene_1546,0.6137464217650951,0.014439694640689687,16,0.08056601100421529,0.038250221265218834,16
gene_1547,0.5978980201898845,0.0183805297579475,16,0.13023315597813936,0.04772188162105315,16
gene_1548,0.5838422902680651,0.013236427831042175,16,0.10301831540301158,0.045998057570110946,16
gene_1549,0.6023742838192253,0.015879844695061124,16,0.08394028917311372,0.03757040583214145,16
gene_1550,0.6516113462134004,0.005516110476596738,16,0.06742962498936818,0.02177620865050249,16
gene_1551,0.5878522381391689,0.013693073350654754,16,0.05165822522201762,0.022157668873717916,16
gene_1552,0.6076944191396071,0.01696660343965972,16,0.12677534693509962,0.036331637186081255,16
gene_1553,0.6433511579636482,0.0077980305651149506,16,0.040972116571494466,0.016324599422037137,16
gene_1554,0.6319205522449987,0.014197511220615432,16,0.07565682503992985,0.03325087850512203,16
gene_1555,0.5948403856784487,0.01080282593562383,16,0.0758666537165563,0.026715249689578998,16
gene_1556,0.6304106030212657,0.008344712358752697,16,0.07227013010146445,0.03619549044408211,16
gene_1557,0.61960178108482,0.007549967732933338,16,0.06337881550383424,0.02490965006795686,16
gene_1558,0.616227749538539,0.01198514450830446,16,0.056224591811448545,0.02381869829784237,16
gene_1559,0.6183404462375591,0.0138673493509922,16,0.11134060622948258,0.030617145547155528,16
gene_1560,0.6290058209738931,0.021228748695892946,16,0.08968342355136527,0.07410493708036246,16
gene_1561,0.5807547257987122,0.01588835575284536,16,0.07098831472428486,0.02766340919107744,16
gene_1562,0.6281996951154255,0.004534914372430944,16,0.05216815605587215,0.025241385080667974,16
gene_1563,0.6293128126115568,0.008920362169798605,16,0.04416706608577167,0.019431964867487418,16
gene_1564,0.6241874278243165,0.008206845878282246,16,0.03844928365199469,0.02376104209230705,16
gene_1565,0.6261503997239072,0.010000971780363318,16,0.05107253454403514,0.018324373484883073,16
gene_1566,0.6284903962838893,0.015444848259503704,16,0.07168938692679301,0.030427314463695662,16
gene_1567,0.5963650088048756,0.020483640302678865,16,0.08004130219824021,0.029433933085910687,16
gene_1568,0.5929801019310641,0.015075498397936203,16,0.1406195291146631,0.05528067213757262,16
gene_1569,0.6178856002399319,0.006367383019370762,16,0.03845268981320363,0.016187784335919005,16
gene_1570,0.5848008893599459,0.009916472304801104,16,0.22270309548619424,0.05020582322625084,16
gene_1571,0.6092407470240458,0.013154152554696619,16,0.05299313567405861,0.017173597832371205,16
gene_1572,0.6289013913941327,0.010465250607564872,16,0.04924122197505327,0.022660614437377866,16
gene_1573,0.6232099270840188,0.009065683147234696,16,0.03896781320212073,0.01621973736445629,16
gene_1574,0.6023371296463652,0.016285116570780318,16,0.08119745253337007,0.040841343274979416,16
gene_1575,0.633552131944817,0.010933196493474915,16,0.05855018117917858,0.023142362029727352,16
gene_1576,0.6489354665627588,0.005450557085077344,16,0.05240572846971531,0.02500882163403559,16
gene_1577,0.6121345745398012,0.013310631849784598,16,0.08578859536118033,0.046787708564434274,16
gene_1578,0.62710027380385,0.011407455717677813,16,0.13234470484372085,0.0253588248875203,16
gene_1579,0.6397555687648565,0.0056583340060214204,16,0.040448944113733176,0.020469495426180914,16
gene_1580,0.6090231150332764,0.022689210528880444,16,0.04774083160547682,0.035219550193899156,16
gene_1581,0.6547185730906868,0.005389627936187291,16,0.03671981559292514,0.014189045253415038,16
gene_1582,0.6121446689967678,0.010845244064709209,16,0.04439165887417273,0.015698029426282765,16
gene_1583,0.6241779676395699,0.008371765135278583,16,0.046485697423444945,0.021842581675975102,16
gene_1584,0.5853475960220317,0.013807471021510791,16,0.10088393647047154,0.0448368312504143,16
gene_1585,0.6198541298761532,0.01914773441838826,16,0.07874257490412093,0.03553027299795835,16
gene_1586,0.59260319073917,0.018404624295001854,16,0.06569617805757211,0.02375891263956831,16
gene_1587,0.5954091032540336,0.03538465049527238,16,0.20677222272513737,0.10648404100231473,16
gene_1588,0.5946345858393567,0.013276403606637727,16,0.16958333112583787,0.04006677273168707,16
gene_1589,0.6145615474624879,0.012811962688973853,16,0.03958526507725322,0.02279556203702271,16
gene_1590,0.6012345641252459,0.015230689399550664,16,0.10879170024808962,0.038235284327276325,16
gene_1591,0.6107396329164725,0.006006029524495564,16,0.07077400937190341,0.03791504926909011,16
gene_1592,0.6151293393471081,0.012080390480887434,16,0.07728617759144243,0.025297909834464623,16
gene_1593,0.6000059694342978,0.015873905284712272,16,0.07856405819955742,0.02887433681097541,16
gene_1594,0.6455577621686853,0.013004137734960893,16,0.03875925623374562,0.022177871115401017,16
gene_1595,0.6050431299438059,0.007749277645950144,16,0.09265172499469503,0.052382128189674894,16
gene_1596,0.5989884798553123,0.010450378319785607,16,0.08680396603923768,0.04129068518967968,16
gene_1597,0.5916133476692439,0.01627152577796331,16,0.10026880798533293,0.051927815217971116,16
gene_1598,0.6323873194806213,0.009262032036601121,16,0.07320159554344478,0.040119592277706076,16
gene_1599,0.6060242724744017,0.009451323563353502,16,0.09068648187154897,0.022267959255294838,16
gene_1600,0.6325722112583444,0.00938498223906305,16,0.025393761514529496,0.011070326350917621,16
gene_1601,0.6281694698603266,0.008518073687584199,16,0.06493150994569967,0.02418942475735021,16
gene_1602,0.595904034713032,0.010312307750802175,16,0.05031436699878421,0.02288906553156873,16
gene_1603,0.6339053372212832,0.0073237507054789925,16,0.08261769618750295,0.024408252251995992,16
gene_1604,0.6312304847192782,0.013269761652686368,16,0.07914359428059063,0.035612466791346525,16
gene_1605,0.5982580751617743,0.017994357821333608,16,0.11107171140262345,0.037671436405416585,16
gene_1606,0.6324613929356615,0.005959987456090776,16,0.09155862082295052,0.03854039598792162,16
gene_1607,0.6246590411253427,0.009643344901005027,16,0.05913503097214239,0.027489080123246832,16
gene_1608,0.6207283194644178,0.011850739218728082,16,0.08895609321922826,0.044143217901614906,16
gene_1609,0.6273346061519168,0.01031289361208975,16,0.056375653634319824,0.030748249069560606,16
gene_1610,0.6209272462619099,0.009466786624609431,16,0.07668803937360794,0.017917185052282344,16
gene_1611,0.6457784113515114,0.00812662507335508,16,0.04077008850891634,0.02070722861905422,16
gene_1612,0.6584708804592011,0.005966285662948248,16,0.026931710725372815,0.013486362878670562,16
gene_1613,0.6005100337795736,0.009249527222271417,16,0.06549633531683596,0.023888252763225377,16
gene_1614,0.5719660123055899,0.015842686694912726,16,0.10712145815307275,0.06199602022318954,16
gene_1615,0.6228510177093861,0.008803217082158567,16,0.061808640315981184,0.025242363911439778,16
gene_1616,0.627426770124079,0.004545967725143314,16,0.05593908226477283,0.01770945368932104,16
gene_1617,0.6236135811598564,0.008983610160047471,16,0.08834265464983901,0.036570906622529785,16
gene_1618,0.5923441684923645,0.012790667493926863,16,0.1436912909316677,0.05262905882071181,16
gene_1619,0.6250203376017268,0.007489652424509318,16,0.049714422706407684,0.027564560205464456,16
gene_1620,0.6420030012228829,0.00832876280693434,16,0.08843933094456227,0.037806362669660094,16
gene_1621,0.5979994666813149,0.019808447358103234,16,0.07469922647501305,0.030364052960201064,16
gene_1622,0.6447372202334832,0.007470948584066974,16,0.03561683289967961,0.012765520009253453,16
gene_1623,0.6020577266717504,0.018603293522145833,16,0.1514017237278717,0.07590188428145776,16
gene_1624,0.6344301266827791,0.008831759620892153,16,0.06645719953742911,0.02374538381795456,16
gene_1625,0.6211984644126499,0.01077862458721168,16,0.08009544233746987,0.03462084420163024,16
gene_1626,0.5979113317013436,0.021306728346565773,16,0.1657927396575469,0.06240524781084897,16
gene_1627,0.6297536040117947,0.014515444341245068,16,0.11368197623248526,0.058676410565858886,16
gene_1628,0.6155940905581786,0.020221131380377788,16,0.06597213233556246,0.04950974286132883,16
gene_1629,0.6630402929318956,0.0034733991076007385,16,0.024225839169685934,0.011581721925687757,16
gene_1630,0.6400332319034987,0.009529089807652462,16,0.05726513834274351,0.022096245180188788,16
gene_1631,0.6553575527207941,0.005872705909824166,16,0.03894243462543974,0.01640429541503584,16
gene_1632,0.6452182894499543,0.007302693513359914,16,0.04616614100083676,0.02010712886075962,16
gene_1633,0.6184483432174703,0.00942050664188893,16,0.06871152047971574,0.028925557896338206,16
gene_1634,0.6091198213276369,0.008036007338126877,16,0.1404168575127904,0.053501392955935485,16
gene_1635,0.6449427046885449,0.004994544391239806,16,0.03582953433765462,0.007700367453316649,16
gene_1636,0.5747542278511436,0.022429607106997016,16,0.06363081012902574,0.03516060615886067,16
gene_1637,0.6321406685499847,0.00962460915739124,16,0.09709540350979766,0.0509574243058178,16
gene_1638,0.593156368256197,0.0209989189465283,16,0.059305399646727805,0.02409732856816606,16
gene_1639,0.6302972401062638,0.008494261857843908,16,0.050851138572286785,0.02281841719534353,16
gene_1640,0.6550082320009106,0.009770011122036579,16,0.03611059436002758,0.025468872189306754,16
gene_1641,0.6148454506690172,0.01255577302747292,16,0.056864562188328666,0.019991035501914965,16
gene_1642,0.59622063693792,0.0199789460456938,16,0.10016909992379752,0.04635933533434227,16
gene_1643,0.6435830520463897,0.010123955415697205,16,0.05792672150832648,0.03717986007566929,16
gene_1644,0.5787822221863729,0.012862196565547986,16,0.10290153408950697,0.03451048453010986,16
gene_1645,0.6284869512657935,0.013819758449766819,16,0.08094852993954896,0.03048353887481202,16
gene_1646,0.5960090751724134,0.011514960851501438,16,0.0806406169802451,0.03344938595200681,16
gene_1647,0.618347676415001,0.017521335232136413,16,0.06360148518649028,0.04158532341221535,16
gene_1648,0.6187954977763865,0.011518414203660772,16,0.05078150352377631,0.03269816221662321,16
gene_1649,0.5789519456247345,0.017196557732819074,16,0.08100559744112995,0.03493698697818835,16
gene_1650,0.6572501403539103,0.003977111883664445,16,0.0464685777260375,0.017388042565757034,16
gene_1651,0.6388387871619279,0.007162291970814312,16,0.03566892976514693,0.015813036491576806,16
gene_1652,0.607233068046653,0.021044749482933,16,0.1277164441429788,0.04226884428389659,16
gene_1653,0.6029509751660738,0.027739672328094656,16,0.14670504312992205,0.042907813863032225,16
gene_1654,0.608495484057606,0.016387421071699566,16,0.09795203090026243,0.02959931577234961,16
gene_1655,0.6127317073109408,0.03282057908849902,16,0.16751371853579863,0.08896133202620739,16
gene_1656,0.6054344278708026,0.022009542189206394,16,0.11126112665178615,0.06499761068818305,16
gene_1657,0.6458755175948615,0.01008152788789262,16,0.06307129768512147,0.03490561730516281,16
gene_1658,0.6113366430948249,0.012767926418696535,16,0.049188591439969565,0.02883427663963753,16
gene_1659,0.6292958437177061,0.006061217340611034,16,0.05162432684503805,0.018370884231226355,16
gene_1660,0.6593119787249815,0.0036724774960609713,16,0.046709071704907526,0.013317179785086728,16
gene_1661,0.609864330071931,0.006584732512040941,16,0.06461990870183255,0.024449213256323446,16
gene_1662,0.5958020894251669,0.010182474504643135,16,0.08015523345159872,0.03952534461949997,16
gene_1663,0.6267250879436506,0.018148490722638026,16,0.10108802361073166,0.053792368937706884,16
gene_1664,0.637061689220355,0.005636732610718748,16,0.052475904694069916,0.018707267632093516,16
gene_1665,0.6216270312325839,0.006649669217660443,16,0.06295063034057126,0.028476183459517655,16
gene_1666,0.6201840186849447,0.035762732216923436,16,0.23708226430801402,0.10205955236181526,16
gene_1667,0.602808636806746,0.013377029314872786,16,0.07867219985606752,0.024529795684632868,16
gene_1668,0.6115274644856934,0.03090545039782535,16,0.17747474260669618,0.10163113150867133,16
gene_1669,0.5898048775011877,0.017046275644110577,16,0.12753043432214206,0.048238913335890525,16
gene_1670,0.5960228804044556,0.017499291322146684,16,0.1472097512341772,0.05546817624318431,16
gene_1671,0.6284699172187976,0.010617373409405863,16,0.05751307649531068,0.014495087145096789,16
gene_1672,0.6316127226286679,0.006581164902300517,16,0.044079213688239374,0.01122056428299231,16
gene_1673,0.6211158324522951,0.01396243409712571,16,0.07484108105182805,0.017761746221797065,16
gene_1674,0.59935825825969,0.01427003778612907,16,0.10235439536278854,0.04301471665147391,16
gene_1675,0.6217292446811999,0.025640971833401,16,0.09148931614223259,0.09612032442323253,16
gene_1676,0.6240159158528047,0.017247423489795233,16,0.13787282335828874,0.05981019454119544,16
gene_1677,0.5923941376528703,0.029149303454308072,16,0.13279769553010165,0.07481995043678488,16
gene_1678,0.5989484012708431,0.013659776610863556,16,0.10010120599600775,0.05015189172292365,16
gene_1679,0.6135597155084497,0.014941016412486234,16,0.09301196506529194,0.04455837921256919,16
gene_1680,0.6120559843277777,0.010007013656574188,16,0.07057268859136245,0.011995035813365256,16
gene_1681,0.6156386774462289,0.027479339087803267,16,0.16248787288185718,0.050490908412934854,16
gene_1682,0.618740128330503,0.01553522108943715,16,0.11659887516009287,0.046839370051036534,16
gene_1683,0.624666046018271,0.01086413676748276,16,0.06138564116527912,0.021447091185143482,16
gene_1684,0.628367905061234,0.009755733997576876,16,0.06332980811674065,0.028385519842776707,16
gene_1685,0.6447894952483881,0.010159304632550532,16,0.06111998080998571,0.01615689305632287,16
gene_1686,0.6129590659094499,0.026071567723603258,16,0.10131109631824861,0.05558678938528898,16
gene_1687,0.6277200441493778,0.011319140589386175,16,0.06699961129174649,0.034092539536850534,16
gene_1688,0.6306337939583692,0.012453067551428481,16,0.08952584863864227,0.026385717981602577,16
gene_1689,0.5820275058611901,0.02801262368531625,16,0.20433090855074693,0.08230068727773873,16
gene_1690,0.6243634687012739,0.01872754061160552,16,0.1034925138704516,0.03384714436301838,16
gene_1691,0.6217147176569541,0.009726373711850578,16,0.10355529830455745,0.03426810446829826,16
gene_1692,0.6186403054579048,0.013032704499118931,16,0.057600255805364084,0.029165613671082752,16
gene_1693,0.6580094807908663,0.008494159111106512,16,0.05491938737404513,0.0294965709404063,16
gene_1694,0.6217676754701069,0.013345458813624925,16,0.09042398670108494,0.046417906582418116,16
gene_1695,0.6301367876865277,0.006305169675519903,16,0.06988724308296913,0.01968817727278537,16
gene_1696,0.63411642698442,0.011731718070916245,16,0.05298137676546394,0.023732218850990694,16
gene_1697,0.6193671947371815,0.006408122842563707,16,0.04303711061762005,0.01898931052280503,16
gene_1698,0.6322213227201254,0.007331511397871624,16,0.06050686231044119,0.019298259821008426,16
gene_1699,0.5864410631488388,0.010242386224079603,16,0.10136918026331344,0.0525664985515529,16
gene_1700,0.6004023423051971,0.012713916679124346,16,0.07727602193581022,0.03197914990822548,16
gene_1701,0.6140102553751777,0.014179189656636134,16,0.07427374915587608,0.031304883931714364,16
gene_1702,0.6164570947118322,0.012142964395288438,16,0.09025397762556514,0.04403261565307954,16
gene_1703,0.6085396859151457,0.018083966603957162,16,0.10410047133682093,0.019662143870947613,16
gene_1704,0.6264580018758461,0.008296814695621957,16,0.061314444815595746,0.02433667522853377,16
gene_1705,0.6166308061858109,0.00956684701900053,16,0.06204233585517786,0.030891162862976617,16
gene_1706,0.5957141379149153,0.021743886011530583,16,0.13128992217778312,0.05088185762323329,16
gene_1707,0.608769574430866,0.012608432567213921,16,0.10577487793809212,0.0343832859943073,16
gene_1708,0.6023741331916108,0.0160384066805746,16,0.15603625030884513,0.05612399361613015,16
gene_1709,0.579110293384791,0.020226905562913518,16,0.13490705635434896,0.0760603016193533,16
gene_1710,0.6386587926011833,0.008821369904443066,16,0.10029170584382767,0.030560603224623277,16
gene_1711,0.6333256722832546,0.011712143197273095,16,0.08313775002336332,0.013767506393158838,16
gene_1712,0.6407223168425071,0.00899583638253457,16,0.04077434199244749,0.012839261683892496,16
gene_1713,0.5813984583822809,0.015121090958750673,16,0.07698744732254202,0.038137706216596984,16
gene_1714,0.6273139873454766,0.015883258480276035,16,0.050440473004720446,0.02841940409069291,16
gene_1715,0.6263241098266452,0.005143281309476023,16,0.06353197380034678,0.0251665666896553,16
gene_1716,0.6234112966205211,0.012414403321038646,16,0.055130903571120805,0.021191641286197424,16
gene_1717,0.6321385769378263,0.010664218991336365,16,0.06408293459439368,0.02323311155644771,16
gene_1718,0.6208642260707323,0.010360118795728773,16,0.06714460591991973,0.026580330560898858,16
gene_1719,0.6260534101662086,0.006950150157131229,16,0.09783922699650283,0.028691766442231623,16
gene_1720,0.6181710422008847,0.020092969749947762,16,0.15367476503815145,0.06117889103978715,16
gene_1721,0.6349847980570335,0.010540638093180604,16,0.051178233925887,0.03150437837669168,16
gene_1722,0.602978567513861,0.021984540873397417,16,0.14149191815239123,0.04888770709109644,16
gene_1723,0.5916309928656444,0.020794896543432258,16,0.10186058660953312,0.025172189225842807,16
gene_1724,0.6152884017950507,0.016123967084238303,16,0.0912701629321892,0.03533109267751692,16
gene_1725,0.6086526589532553,0.015239860357935602,16,0.14698168086253896,0.051359361369125424,16
gene_1726,0.6141402989861295,0.013111655415504265,16,0.05568019445428482,0.019357637194945515,16
gene_1727,0.6055789842960337,0.010976001594679628,16,0.10232937073014681,0.028834318577192042,16
gene_1728,0.640260028766868,0.005774272080681432,16,0.0508728100093891,0.0156196548698506,16
gene_1729,0.5931872488994565,0.008519400883581297,16,0.07577891425406409,0.018763857056375226,16
gene_1730,0.6022395685850843,0.017320312848231437,16,0.10239900141815,0.0633976397609515,16
gene_1731,0.6204274009326188,0.02543222642559982,16,0.1238117398508777,0.07974459791779825,16
gene_1732,0.6230445141309151,0.010042738578617535,16,0.06026621003813061,0.04234193446229,16
gene_1733,0.6048277981761419,0.030383420900539446,16,0.14813252759255746,0.058412316034166196,16
gene_1734,0.6043342066488663,0.008983931714830494,16,0.11740755425693876,0.03464315894130625,16
gene_1735,0.6064008344913548,0.03166797087327662,16,0.1393569862534704,0.05624254858880559,16
gene_1736,0.571041685667097,0.019449946141555593,16,0.13735926332250895,0.05418166799639055,16
gene_1737,0.6068356728925287,0.0033001789629382786,16,0.050075156528953016,0.019156865671093006,16
gene_1738,0.6222836523728054,0.0108845701134233,16,0.06784947985524847,0.04464694585775665,16
gene_1739,0.5920354097553955,0.01466342653650997,16,0.12400895579695033,0.060896750743616106,16
gene_1740,0.6167824818403316,0.010938998645620753,16,0.04746679106765875,0.019452735092086202,16
gene_1741,0.6337856175667388,0.006295132307003408,16,0.03837429630662144,0.01442827070054085,16
gene_1742,0.5986834543543397,0.021940771959545892,16,0.17290012127772927,0.05051741556308523,16
gene_1743,0.6503164803378616,0.0036791251821908883,16,0.02678349315965587,0.009266940853058453,16
gene_1744,0.6307964776148138,0.011926702367344597,16,0.10826220971263384,0.024590722670117082,16
gene_1745,0.6200895220786242,0.011269459090132241,16,0.06559551453521989,0.03457110169071621,16
gene_1746,0.5386642161957594,0.03203025634141152,16,0.1073860306853485,0.03398727508639854,16
gene_1747,0.5602382192177019,0.026808273606254828,16,0.12895338971809078,0.05915993589848506,16
gene_1748,0.650429253142131,0.005829950231564299,16,0.04233136873157339,0.018341226515207736,16
gene_1749,0.6185973637982314,0.010032385838946896,16,0.09127395593830903,0.028207525455111567,16
gene_1750,0.6379361397875545,0.0036644441401301824,16,0.039091097251722405,0.014657188680810665,16
gene_1751,0.6326331298299613,0.008707596528582945,16,0.04509985611609556,0.02189995146298406,16
gene_1752,0.5859292413842848,0.0301193407626865,16,0.1394120884119867,0.10059415499091255,16
gene_1753,0.6105711735726134,0.014816358468569954,16,0.09017515021331837,0.04168926978798136,16
gene_1754,0.6128227713727534,0.009848540970563674,16,0.07064501371650006,0.022447516341191704,16
gene_1755,0.6130867538252609,0.00803993119361736,16,0.045688195275794374,0.019116951464245874,16
gene_1756,0.6112614146219142,0.010990003010474253,16,0.06290477363928806,0.02238854944839871,16
gene_1757,0.6289224276474545,0.007815808548856294,16,0.0542665100107535,0.027602253997370905,16
gene_1758,0.5945345414470278,0.025008430161498618,16,0.11879236753643996,0.04567023660355057,16
gene_1759,0.5873129109947633,0.01802091143399728,16,0.09682203497272265,0.03269481802581708,16
gene_1760,0.6048257867959287,0.007395368270863829,16,0.08784900249323867,0.0373805936765307,16
gene_1761,0.6170043416982963,0.01251820617345911,16,0.07161776950034798,0.021640651297775433,16
gene_1762,0.5988807171274918,0.01690281115486311,16,0.09083249606932804,0.048197196426560424,16
gene_1763,0.6103120677937544,0.009552281362215741,16,0.10258543094756746,0.010903335800890862,16
gene_1764,0.6291528567532749,0.010225418612080785,16,0.061919453070117564,0.016158934282789417,16
gene_1765,0.6354519025770634,0.008639467396445659,16,0.08555120620289164,0.03637080805408564,16
gene_1766,0.6016383146700451,0.01586213555983258,16,0.11047997555669073,0.05232863120848717,16
gene_1767,0.5880835654524168,0.01613827015903632,16,0.1340190683073659,0.04796095497982754,16
gene_1768,0.5916450678516858,0.01403201188766663,16,0.12937642860158047,0.03394097778846046,16
gene_1769,0.604859234281609,0.009951320846149136,16,0.07248254184560533,0.019969490365860182,16
gene_1770,0.6243948817327545,0.007959564183575444,16,0.048219101355249414,0.02374071542405185,16
gene_1771,0.5889342772517605,0.017296967218506546,16,0.0876557766432946,0.030273602679769716,16
gene_1772,0.6224040460968171,0.017590811496091364,16,0.07388959588040417,0.038462236823192913,16
gene_1773,0.6057198483972004,0.011026921673492273,16,0.10351814374616192,0.05702452451192961,16
gene_1774,0.6242072788778279,0.0060580286466413846,16,0.06719220854843325,0.03688762076703878,16
gene_1775,0.5946239427032263,0.01617565718128896,16,0.12860468198179262,0.05560052718287101,16
gene_1776,0.6087555048428793,0.007945598490092283,16,0.05408991357368017,0.022686099655834176,16
gene_1777,0.6197150628459583,0.017962345780776042,16,0.07508437430180345,0.034051758328374156,16
gene_1778,0.6308504740031117,0.014546840501886652,16,0.07764376817058327,0.046257025917343986,16
gene_1779,0.5986254928681343,0.013591466142187186,16,0.10644509771041008,0.05045259485413083,16
gene_1780,0.6115677986143602,0.009864718338317743,16,0.059342692780066666,0.030910782020759704,16
gene_1781,0.5901194594617937,0.016048032247480894,16,0.1330060041437878,0.05278209203525551,16
gene_1782,0.6121793874982387,0.02620550965882439,16,0.11344686664610204,0.0466782341652898,16
gene_1783,0.5800714331911327,0.013102706011958927,16,0.11165836161488418,0.05015931283043129,16
gene_1784,0.5993745263321212,0.013959525440037349,16,0.0975180778623922,0.029856905177167097,16
gene_1785,0.607722208522622,0.034669435310520795,16,0.18331049069131874,0.07840702170419371,16
gene_1786,0.620455226004838,0.017071056951203183,16,0.07354556472067399,0.042667466178383406,16
gene_1787,0.610609607100734,0.012377374410725799,16,0.1495129453212937,0.0620871730466642,16
gene_1788,0.6163676390355485,0.016030766323458498,16,0.06667821463139761,0.02260405733120777,16
gene_1789,0.6353468094795321,0.008417987879994319,16,0.08763793238117203,0.053328081289440527,16
gene_1790,0.612475280692906,0.02103657406065639,16,0.14782454901755074,0.07429859979320942,16
gene_1791,0.6157479638793896,0.01714647553121945,16,0.06523111051844087,0.024767358463312975,16
gene_1792,0.6560804612214136,0.006661147780568963,16,0.04643227899613115,0.020047829872399416,16
gene_1793,0.5968504552652445,0.016917671607873982,16,0.07931456091196215,0.027045680201206426,16
gene_1794,0.5963242008546142,0.022960045272627388,16,0.1501688379874004,0.06021398837133372,16
gene_1795,0.6105396481274509,0.007999028645520686,16,0.08047118293484956,0.032998371811440934,16
gene_1796,0.6221335095886621,0.011362232965991413,16,0.07461860927571526,0.025786347153053626,16
gene_1797,0.6211396369993313,0.008532179351526099,16,0.04501321812672076,0.014946179227072899,16
gene_1798,0.6164990527579997,0.012114945940480727,16,0.06958095352350668,0.027120831425353584,16
gene_1799,0.6117126784098207,0.014864664759240176,16,0.09219741646392883,0.042131197104746915,16
gene_1800,0.6179612707009368,0.015196749285622667,16,0.09909790807613088,0.02894980465832976,16
gene_1801,0.5808577792779283,0.01682159073415578,16,0.12761822631787006,0.051650632759638174,16
gene_1802,0.6327848807729686,0.010708689330539038,16,0.07252680669852216,0.03295173952230937,16
gene_1803,0.6275376959438109,0.008827448176556268,16,0.07956676036842897,0.042907290897143895,16
gene_1804,0.6317611451606433,0.010472958414761877,16,0.08866689701670473,0.03732787542471938,16
gene_1805,0.641725642509426,0.010548594569797084,16,0.0719091068776893,0.013871249778248709,16
gene_1806,0.6181197727205768,0.006795914404627168,16,0.03852970071637009,0.016803798316274758,16
gene_1807,0.6340768752999361,0.002512432686539721,16,0.04432520844647756,0.009342962291308477,16
gene_1808,0.6176776951186083,0.02175088623103121,16,0.10341682566869409,0.05554214604183696,16
gene_1809,0.6002131773548763,0.00939114240152681,16,0.10296606860601726,0.042673276847515464,16
gene_1810,0.6273150160749167,0.005212048534669933,16,0.05641315067795685,0.018489766988746714,16
gene_1811,0.5840919876865435,0.018832535618762233,16,0.12005907772059632,0.04274288128442799,16
gene_1812,0.6423418218319991,0.0038522588879061595,16,0.06369926069988734,0.026201306460466648,16
gene_1813,0.605664029134949,0.011670312361939158,16,0.09714715012035012,0.03161677616237207,16
gene_1814,0.6281221929031459,0.009862439995550932,16,0.06847996626005064,0.027792171584306687,16
gene_1815,0.6130574668720713,0.016477838479422798,16,0.10818889093715403,0.04721815041304999,16
gene_1816,0.6094601838709385,0.01937535342882487,16,0.08380051567984934,0.04859988191538697,16
gene_1817,0.6329576450306772,0.00792246614879155,16,0.04873907353325321,0.01983419125262788,16
gene_1818,0.5968170251715696,0.02091561138702527,16,0.12450401068365052,0.05563400411311936,16
gene_1819,0.585007208532226,0.021078959845142835,16,0.083232041644071,0.042308692367157265,16
gene_1820,0.6248775569425394,0.01851054189518431,16,0.11441409189987203,0.044104784155762286,16
gene_1821,0.6011009440528408,0.03405558478657762,16,0.17814646857085362,0.07407465856103669,16
gene_1822,0.6485882930980527,0.005745235692820586,16,0.04732357026525687,0.019424752713870324,16
gene_1823,0.6156135354360422,0.011191300233336747,16,0.12056393153492048,0.04110197569261514,16
gene_1824,0.6208572664162304,0.014373389218307941,16,0.09247752723962827,0.037081146115893755,16
gene_1825,0.6204586691175578,0.01305588641932134,16,0.12485750692550111,0.03176145933849042,16
gene_1826,0.6001467548431589,0.01060876431495653,16,0.0965900081985161,0.03156924161825838,16
gene_1827,0.5917028377874599,0.017701506450892,16,0.10678990596984775,0.06056106071706551,16
gene_1828,0.6490752732465799,0.005590796001120289,16,0.011546859961907619,0.004659036135691198,16
gene_1829,0.6453556368952795,0.008117152595538295,16,0.036349818580512616,0.02326648682175514,16
gene_1830,0.6005027397195709,0.010696670346966041,16,0.09899973742700813,0.059666367955821975,16
gene_1831,0.6266540828030494,0.014935682376425683,16,0.11293408869691067,0.0367385685799963,16
gene_1832,0.6304997255949275,0.008374830366859173,16,0.07342752791787972,0.05048222413184263,16
gene_1833,0.6246611117739949,0.013837120085303406,16,0.11421692263352667,0.05523829823735141,16
gene_1834,0.600884026498267,0.016010734966772338,16,0.11710900322108758,0.04640830744749642,16
gene_1835,0.6166289416926434,0.013086963872251117,16,0.0786586673486135,0.027008298990892167,16
gene_1836,0.6327161971321547,0.008192098582979875,16,0.05991185047208519,0.019812414045515748,16
gene_1837,0.6411543147104102,0.0055873363939561195,16,0.04298739579609607,0.014656015305844814,16
gene_1838,0.6443894212195592,0.01027056809643422,16,0.059767459952965764,0.02845489991181164,16
gene_1839,0.6285662211946993,0.008280815889269304,16,0.05092363912640668,0.022963266530827788,16
gene_1840,0.6250801647800424,0.010756641568116213,16,0.04843385361649284,0.02094190561365165,16
gene_1841,0.6277941367269584,0.007919577813133852,16,0.09495231846683715,0.03417904335222362,16
gene_1842,0.6445216746015632,0.0022842486270686,16,0.025686515234416715,0.011498320644291134,16
gene_1843,0.5866649925482991,0.025761100738702882,16,0.1436620246529029,0.058780317261256994,16
gene_1844,0.640096566592464,0.005247166521981751,16,0.04451021832925405,0.016613924468516336,16
gene_1845,0.5855600503889757,0.02678920942718702,16,0.13937157080044504,0.09615047611175309,16
gene_1846,0.6205345418129443,0.007213741262050773,16,0.06949827747607693,0.021276294078672285,16
gene_1847,0.636076756457343,0.010950675441113908,16,0.048625789168982914,0.020600718691518572,16
gene_1848,0.6075604613775254,0.012063852970164358,16,0.05117511416522353,0.025939252990039546,16
gene_1849,0.6047118974418515,0.01707431259215003,16,0.1099472712450676,0.052488772043589794,16
gene_1850,0.6250625905698638,0.006140397366231855,16,0.04031426822686144,0.010878819975457291,16
gene_1851,0.6111038415067263,0.012786968885756237,16,0.07237570778374451,0.029157905819880408,16
gene_1852,0.59423322939554,0.02063177077548078,16,0.1276879405588111,0.05024641976438689,16
gene_1853,0.6108630551212627,0.03069541540583537,16,0.1861719631413802,0.07928018617865076,16
gene_1854,0.5998007375647143,0.012260854635974877,16,0.12981435965204294,0.04038094408964641,16
gene_1855,0.6153916027421937,0.008361088006600003,16,0.05107055393415476,0.01795764123315347,16
gene_1856,0.5907258930450958,0.015651484957284703,16,0.10344436355219878,0.056753134524416354,16
gene_1857,0.6158925548776998,0.011229329224165535,16,0.04607960121318764,0.02814805611379292,16
gene_1858,0.5995342455065422,0.016625135261779868,16,0.12045360950722243,0.0553820136899545,16
gene_1859,0.614449873289773,0.010873462855218735,16,0.04121758215328313,0.009679796530891597,16
gene_1860,0.613375081318931,0.013091026192028737,16,0.08697964438745502,0.02610011141676205,16
gene_1861,0.6073482869850026,0.02044252899722145,16,0.13855891161604098,0.04365530579138703,16
gene_1862,0.6306165427379451,0.012085895468099472,16,0.12989644164755965,0.05127995043252551,16
gene_1863,0.6087922192904252,0.01818920385718651,16,0.10130014892073089,0.025477459862160757,16
gene_1864,0.621901738852913,0.0082046404765156,16,0.0533557283706915,0.015340112760053235,16
gene_1865,0.5979014559814635,0.021789562805306452,16,0.1406127552019574,0.03933855130390147,16
gene_1866,0.5878788514356286,0.01734881597600512,16,0.13259472543485487,0.03906501878443834,16
gene_1867,0.6052016096742189,0.02428671322625202,16,0.19659453388988105,0.04056561970869199,16
gene_1868,0.5853742511386036,0.013650671377263132,16,0.14195008306848747,0.057910192879063266,16
gene_1869,0.6352537855961234,0.011064279698193649,16,0.056330317141726274,0.016148994020125162,16
gene_1870,0.6219515104830642,0.008813087292313872,16,0.0872979542498612,0.022034510137177856,16
gene_1871,0.5986356133084488,0.018079585500250142,16,0.10869954218622388,0.025208819649456465,16
gene_1872,0.5974564376847009,0.02160952819628349,16,0.08576174989842618,0.024909220314301553,16
gene_1873,0.6324934861778587,0.0068909088948482635,16,0.05700029980391842,0.021820928547768247,16
gene_1874,0.5999258918226305,0.020120656955448634,16,0.152602343122598,0.06072959419316678,16
gene_1875,0.6255666489000912,0.011501229492142979,16,0.08555253664160065,0.04675398574211166,16
gene_1876,0.6296221603012601,0.013264684174861943,16,0.0656252753793565,0.027567343478013564,16
gene_1877,0.5625793395419705,0.012279365580373333,16,0.13172281431166713,0.04023501227309544,16
gene_1878,0.6034168861301132,0.01940878551931988,16,0.09517876003068844,0.05754831634550894,16
gene_1879,0.6067153168884797,0.03146199974560904,16,0.21165447595219303,0.061270185148543634,16
gene_1880,0.6301684173544272,0.007444613433627523,16,0.043914751899796704,0.02428628343771069,16
gene_1881,0.6046734986146474,0.020014332863349905,16,0.10033172457414474,0.03242937463895138,16
gene_1882,0.6193013226736868,0.02591809300177177,16,0.23951261334852222,0.08295028921005278,16
gene_1883,0.6104708759248145,0.006309470218365039,16,0.07122130104539182,0.02597827383044716,16
gene_1884,0.6101743224393799,0.011939352781676483,16,0.09046611063817755,0.029421507079120234,16
gene_1885,0.6169055145063829,0.00793879759001491,16,0.046432609423391925,0.0199539703337525,16
gene_1886,0.6095704776470842,0.011628734648424744,16,0.18343839762675615,0.0417723663401942,16
gene_1887,0.6543549576427946,0.005875987434660816,16,0.05071426057833127,0.01692117068748646,16
gene_1888,0.6197625230457231,0.017332283515296212,16,0.058582408607233134,0.023470520395984806,16
gene_1889,0.5874156141582416,0.015535398713227054,16,0.14009189739346087,0.05112295457234323,16
gene_1890,0.6393493442344196,0.013069434807967668,16,0.049706339427017944,0.042957863465869155,16
gene_1891,0.6121095004127641,0.015337959547551079,16,0.057528218828247664,0.025133687560501973,16
gene_1892,0.5934087183607099,0.014114748293764015,16,0.08884561722594664,0.03047437510531102,16
gene_1893,0.6123125918344908,0.011192082618085719,16,0.0572854398992579,0.028671769692684056,16
gene_1894,0.6316703856853633,0.006988236348029854,16,0.06567550339901612,0.015963208954038577,16
gene_1895,0.6349768049187906,0.01087205940517587,16,0.0832108863653238,0.04729474848298957,16
gene_1896,0.624725470616925,0.011355420295494611,16,0.06708582389956108,0.02237226775975624,16
gene_1897,0.6188815508254554,0.011877431301502567,16,0.06331027834197726,0.037031166833469416,16
gene_1898,0.6328346386321768,0.0073037574729527335,16,0.05933587538303829,0.01768929155081643,16
gene_1899,0.6163758628608415,0.014619342552132387,16,0.10507016522409036,0.044990800121204495,16
gene_1900,0.6110157272487067,0.009390960528298084,16,0.07688567327897924,0.040119148804861594,16
gene_1901,0.6168569061371312,0.007458315931940692,16,0.08100893171700824,0.03450454599161732,16
gene_1902,0.6425773187759769,0.00688165374786898,16,0.0683719658277076,0.025691417518916567,16
gene_1903,0.6269492466289566,0.011863604974923687,16,0.0648948998505845,0.022392697969204456,16
gene_1904,0.5968652294696504,0.026069365318680614,16,0.15099347637458518,0.07001421468204518,16
gene_1905,0.6096468399979895,0.017196463780390414,16,0.16675297634394326,0.09016359518780888,16
gene_1906,0.5934231034697266,0.011884773251147845,16,0.10752667259625484,0.04294281621024747,16
gene_1907,0.6104451345618319,0.007978424632949377,16,0.0839967339602929,0.022215866801789764,16
gene_1908,0.6515103830397756,0.008371579880189887,16,0.05585994718392309,0.018915754171378755,16
gene_1909,0.599126167675164,0.0322224335638553,16,0.21391577250500657,0.1015763208452208,16
gene_1910,0.5856866008477497,0.02195467745839592,16,0.14125868272968553,0.06071705114925652,16
gene_1911,0.5849418227616074,0.03153527588486853,16,0.16214399391422685,0.08270346987640188,16
gene_1912,0.6224121146312268,0.01434828878589492,16,0.11533351043501139,0.041258085119872265,16
gene_1913,0.6017827245166297,0.022614979611985726,16,0.12157035459351963,0.0422819702718251,16
gene_1914,0.6286467374356661,0.010448482777689904,16,0.060853955579062466,0.027238639413210405,16
gene_1915,0.5806853979360672,0.02501801216924076,16,0.14904145600031676,0.06635076375333455,16
gene_1916,0.6261160597258335,0.00861678053102537,16,0.04475537477620721,0.022038696205818477,16
gene_1917,0.5891151807157071,0.017333562477041056,16,0.08897404814841556,0.03846441493560679,16
gene_1918,0.6436684455302942,0.006872933078925463,16,0.10296378459534114,0.036591411748997514,16
gene_1919,0.613472648751915,0.013757939857512343,16,0.04959273218772537,0.03757162340531574,16
gene_1920,0.5845935625757845,0.010467809791672581,16,0.08167637200683342,0.029291772635075135,16
gene_1921,0.5922327675681605,0.02609277037673467,16,0.1521500463172433,0.06995443411206372,16
gene_1922,0.645219943483519,0.006685022451872844,16,0.06359825871774247,0.017792389341953953,16
gene_1923,0.601898642199337,0.0065970731758607706,16,0.05948962250034672,0.029013757344980174,16
gene_1924,0.5819656121909496,0.011565371940694392,16,0.10157610996458277,0.03826755380186981,16
gene_1925,0.6083177589141013,0.023025100998842824,16,0.1671530027443767,0.07526657057909042,16
gene_1926,0.6173664517892277,0.009393505566098564,16,0.07225695052886716,0.02993970344102798,16
gene_1927,0.6159645220369986,0.011533873783391596,16,0.050706143232984835,0.026761679606513582,16
gene_1928,0.6025579206215446,0.019973692532916535,16,0.12963242338126232,0.051919637215371475,16
gene_1929,0.6279524780450759,0.011768698821784433,16,0.11324892554333177,0.04168163491507669,16
gene_1930,0.5994787564115508,0.011020423544936911,16,0.07245642736892174,0.038459771857507215,16
gene_1931,0.6414850660271788,0.0055518097565888415,16,0.068587586923526,0.04923989075838897,16
gene_1932,0.5873279924339111,0.017892800243637992,16,0.08922740072035033,0.04995007413122679,16
gene_1933,0.5914218768288424,0.014061013660675699,16,0.07899459170041681,0.03983457771487194,16
gene_1934,0.5971086573592782,0.02448503487324576,16,0.18830290095138516,0.07114891955938825,16
gene_1935,0.6083646630730225,0.01575335878977371,16,0.11572688345463603,0.024650110910067146,16
gene_1936,0.6231776758612655,0.006823972254529436,16,0.05336726346607371,0.024805449821088125,16
gene_1937,0.605608521226232,0.009945934111979545,16,0.06415673045987656,0.01585522995509116,16
gene_1938,0.6153038589494993,0.013493120708599073,16,0.06876549896034835,0.050484055152220986,16
gene_1939,0.6322936330786235,0.00921508594995072,16,0.04063401880016531,0.009299143022979638,16
gene_1940,0.640763357995861,0.012975474347360091,16,0.070993114490576,0.03272919112505517,16
gene_1941,0.615168474760353,0.007677037728179089,16,0.06430401348419038,0.027316024215666774,16
gene_1942,0.6458914740339458,0.009314030413858072,16,0.03836561637636413,0.018843362618866842,16
gene_1943,0.5852898946429432,0.021553380561770513,16,0.15552502033002652,0.07947414406777693,16
gene_1944,0.6449938221806231,0.007795608254689898,16,0.07513040818444597,0.032653321348797615,16
gene_1945,0.6369243175052351,0.013027006957284048,16,0.08118117808749703,0.03074018108524676,16
gene_1946,0.5767620946737212,0.013866002351542846,16,0.12923871934371248,0.04534209055251095,16
gene_1947,0.6347491131956466,0.009498939737002655,16,0.030314609329613256,0.008553759801813951,16
gene_1948,0.6413683605127793,0.007928927789757375,16,0.06037465420911403,0.020813813085956888,16
gene_1949,0.6104639895896301,0.01195035631234843,16,0.08457409859431095,0.02186608718802558,16
gene_1950,0.6146830309265136,0.015110311389668974,16,0.13462457983318823,0.039592004900705836,16
gene_1951,0.5974728233808467,0.018983600543828125,16,0.09166114476732909,0.03784961161408006,16
gene_1952,0.6473470351709167,0.0035290417566212076,16,0.05536360046906949,0.017138436098769565,16
gene_1953,0.616321744416873,0.006033536429763087,16,0.0520050981742593,0.026787592175032817,16
gene_1954,0.6027690503739368,0.025526372958840953,16,0.12276818798246908,0.05023910957253584,16
gene_1955,0.647758413046478,0.009348172657300929,16,0.052079075808603756,0.017381380624585725,16
gene_1956,0.6291146123606014,0.011314618696345653,16,0.055972450906118854,0.03530743836496204,16
gene_1957,0.5719088102172524,0.013977956963267528,16,0.11428256826034021,0.03934670463897237,16
gene_1958,0.6230563356669244,0.014747507504382609,16,0.10216118666640686,0.045825746086176046,16
gene_1959,0.6191659948580476,0.015865028586424707,16,0.09337466261902322,0.025602572900396615,16
gene_1960,0.6090038300568407,0.014003447520044988,16,0.07013128640796024,0.022786339810166797,16
gene_1961,0.6245307673699326,0.007935445836754422,16,0.07281734948938016,0.03737062533527244,16
gene_1962,0.6224223190504496,0.005944987147340773,16,0.05464082845851939,0.01872179430689713,16
gene_1963,0.6353671192843453,0.007820749300221266,16,0.051575600083667884,0.02302492795667583,16
gene_1964,0.6268518342629772,0.011574427872910712,16,0.15021044501886716,0.06919595631200513,16
gene_1965,0.6219175986448278,0.010843630668234999,16,0.12954720069975256,0.045283695276661914,16
gene_1966,0.6232567451029931,0.007697813455979566,16,0.06998714104827246,0.02416150598165999,16
gene_1967,0.5704700321786494,0.021248373722264804,16,0.12992660149446825,0.05692855783420057,16
gene_1968,0.602319020194896,0.009561724795964002,16,0.08789190486385401,0.05713032153047553,16
gene_1969,0.6374096119372517,0.005919043387446528,16,0.04693391576070006,0.016829365086990344,16
gene_1970,0.6168963428901847,0.008701013120899555,16,0.1601414135780776,0.04266876287830924,16
gene_1971,0.6050170537417834,0.006504257369141607,16,0.10305758083058456,0.03015328654097912,16
gene_1972,0.636628692046071,0.0111135333996835,16,0.06847508288644533,0.025241926781262088,16
gene_1973,0.6591469191797928,0.004361772742337515,16,0.02777836902067225,0.012035027525014223,16
gene_1974,0.6032378591991792,0.020229054546252238,16,0.10306173089288434,0.050427802487638264,16
gene_1975,0.6208750210436575,0.006173964810845782,16,0.03604847454502887,0.02012880970419481,16
gene_1976,0.6033883996790915,0.011550640812872022,16,0.06348042671217037,0.03366367365254559,16
gene_1977,0.5787610978106208,0.021575681143536755,16,0.09875798041786062,0.05683078913981303,16
gene_1978,0.607341759711765,0.007306455580750705,16,0.10219888352558455,0.02705694559095786,16
gene_1979,0.5974516167228306,0.021844341463575275,16,0.0783651979254269,0.03389153244845179,16
gene_1980,0.6147433117916907,0.020867331946928677,16,0.12572219777053245,0.04624625008761224,16
gene_1981,0.5973761623250019,0.023749921598345828,16,0.15509957595267013,0.07298309295272083,16
gene_1982,0.5914880021980317,0.018173438609269496,16,0.16404879504284747,0.05617310448931193,16
gene_1983,0.5942255238007752,0.028059286395662436,16,0.1723171102503758,0.057808950592433954,16
gene_1984,0.602906408850482,0.01920194507999407,16,0.06467810784106967,0.01972736759397455,16
gene_1985,0.617685811201924,0.01401927202745206,16,0.05523845334511905,0.009707806477942551,16
gene_1986,0.6332062969366561,0.013814471849374054,16,0.06318462424616555,0.028870771137399467,16
gene_1987,0.6332441591020644,0.008598700605680442,16,0.0586946183991643,0.011918037906080169,16
gene_1988,0.5954292946782873,0.010411587625815127,16,0.10968598905117506,0.03724882374591845,16
gene_1989,0.6041319747165489,0.01741626722887081,16,0.08494110884215664,0.03168782458345994,16
gene_1990,0.6020630360113606,0.013510821136550536,16,0.12081300158657879,0.059444776284528836,16
gene_1991,0.5900756762463796,0.014488027465663144,16,0.12542419770851904,0.039679592709586875,16
gene_1992,0.6015126680529073,0.011972346912447612,16,0.12826860568737758,0.03161607350316383,16
gene_1993,0.5947859371384082,0.03134454490990218,16,0.14093875957327273,0.07412227665845288,16
gene_1994,0.568155834736487,0.036812884698927635,16,0.16535991058770527,0.07793439414974371,16
gene_1995,0.6259476600341286,0.013778050228351525,16,0.08312370287876616,0.04366227747975577,16
gene_1996,0.6150194737015541,0.011192194998872687,16,0.06355801205929788,0.048020081418536156,16
gene_1997,0.5990469805349142,0.014136601052108948,16,0.1004415798630976,0.030524631717349104,16
gene_1998,0.628594086038502,0.008489956951425659,16,0.10390414655988434,0.05443940461732447,16
gene_1999,0.6336791973268859,0.009605939897265756,16,0.07463142996593086,0.03483798400846786,16
gene_2000,0.6412191564731127,0.007895574818460396,16,0.05365076099823664,0.02969658255690151,16
gene_2001,0.6113007461386091,0.015108977736349626,16,0.0887991385277514,0.0338235355213721,16
gene_2002,0.6222153926752985,0.01275229312654978,16,0.07757923011181521,0.03653892561711256,16
gene_2003,0.6118764661921255,0.007673889347813026,16,0.10129826357967463,0.0421041448470921,16
gene_2004,0.5967817343084079,0.025929600138543934,16,0.09960060079877385,0.061494539604936206,16
gene_2005,0.6389317392558427,0.008562447135090011,16,0.048174438104696654,0.011831384355519045,16
gene_2006,0.6248966005487632,0.008361284939591169,16,0.06306503744361255,0.03025078330854692,16
gene_2007,0.5807120458162367,0.011712828735774766,16,0.09239020108521394,0.040797451839231516,16
gene_2008,0.6111343913942483,0.011251338425145937,16,0.07900009052131267,0.031754150842539526,16
gene_2009,0.630906266050875,0.012132086076913635,16,0.08772111648917522,0.05567044851316638,16
gene_2010,0.6212170996361281,0.02224188798077767,16,0.10731873853232891,0.04719874622120954,16
gene_2011,0.6111763205577619,0.007238674386742237,16,0.08728590414654355,0.03492847122599816,16
gene_2012,0.6566222456585281,0.006510437333446626,16,0.026945821713738553,0.010114440825209767,16
gene_2013,0.6056666527258069,0.03677887145108711,16,0.1407580670227061,0.08213816379468088,16
gene_2014,0.6009169795596339,0.01005441059551149,16,0.11822288036437509,0.035196949007764024,16
gene_2015,0.6425967805054212,0.004722970852903448,16,0.04972643620821462,0.019657777963505273,16
gene_2016,0.6103340612275002,0.021334426781560036,16,0.06897101546774093,0.042608260938327466,16
gene_2017,0.6084880603567148,0.0066231122246507845,16,0.060523570375082984,0.01577917647140965,16
gene_2018,0.5795268129029768,0.009343217121189493,16,0.09324413471094661,0.05901731833330352,16
gene_2019,0.6163869458243894,0.0134714051139122,16,0.07946638878082395,0.03876034051187479,16
gene_2020,0.6226007307371625,0.012761746085994067,16,0.06147742749987841,0.019395451060573304,16
gene_2021,0.6445664352063726,0.011156441368175611,16,0.0750173405131552,0.034425367616304874,16
gene_2022,0.6551809378064116,0.010369575880337715,16,0.09685276868986349,0.030513060790516813,16
gene_2023,0.62225718176217,0.006432946011662411,16,0.05456150939598004,0.015318231360774849,16
gene_2024,0.6053254262111057,0.011516377886081782,16,0.07778407670066147,0.025680184844522138,16
gene_2025,0.6006641592893042,0.023332036892851255,16,0.14201764642467124,0.059144058300464104,16
gene_2026,0.6410307731974153,0.0054907122949138625,16,0.023463963327389308,0.009065524071677603,16
gene_2027,0.6074220266514239,0.017843363379208558,16,0.1365933817663994,0.059699545731642836,16
gene_2028,0.6380897212359179,0.010446627014860477,16,0.04633646741184332,0.023347282171710483,16
gene_2029,0.6353029252105448,0.01575070997996351,16,0.08892515864443007,0.07034071842886523,16
gene_2030,0.6077266013104464,0.01718299918122812,16,0.07933541500410277,0.050958890657612416,16
gene_2031,0.6454904024859506,0.007458342621823721,16,0.0540275649812387,0.022334630220455343,16
gene_2032,0.6125464382146836,0.014307280482891748,16,0.07645846098203501,0.04832974209300096,16
gene_2033,0.6395429346345594,0.013869563211595902,16,0.025411265825387015,0.010837565890481661,16
gene_2034,0.6129232405291603,0.00987084074908691,16,0.07249302819742194,0.026877251131810314,16
gene_2035,0.6219646329161946,0.007249060446108394,16,0.08737645871585918,0.02853016485259552,16
gene_2036,0.6316215281138158,0.022456389392187505,16,0.125918965033597,0.05898958073723606,16
gene_2037,0.6573108485584582,0.005741068190939508,16,0.037758634899771916,0.01534069113297887,16
gene_2038,0.6268608081340792,0.010126776100379974,16,0.08082636720045125,0.017928802753110717,16
gene_2039,0.6099241043184166,0.007221305528430397,16,0.06463113607535217,0.029050769133124543,16
gene_2040,0.5697595394424366,0.023215297628828874,16,0.15211256156292455,0.055007430862485704,16
gene_2041,0.5866919161851287,0.026155345248750145,16,0.0936506176307025,0.046932218839062886,16
gene_2042,0.591202526131293,0.018348158762093735,16,0.14799049965952443,0.044491147195763824,16
gene_2043,0.590589956901236,0.031660323190650035,16,0.16004944292624387,0.05043738485543393,16
gene_2044,0.6030203564569687,0.018189831083553005,16,0.09422996275523496,0.042419082438283864,16
gene_2045,0.6560070992651518,0.00581721006790393,16,0.04906246991195782,0.023580957049087314,16
gene_2046,0.646794394021381,0.009638617389134402,16,0.0625723393223639,0.034227909914135615,16
gene_2047,0.6332978536816295,0.006787751668263172,16,0.03841401935940215,0.015143495502642256,16
gene_2048,0.6264386474738932,0.016511954543186894,16,0.13206337207910876,0.05213329616426956,16
gene_2049,0.5947092353630151,0.018234102538611543,16,0.11269456976727284,0.0456045674659735,16
gene_2050,0.59022673851237,0.03130753100566515,16,0.14066190109630228,0.07024257509602908,16
gene_2051,0.6291242392720501,0.013263920394808577,16,0.05803257659550416,0.014210155106561876,16
gene_2052,0.6036258897507085,0.019043566905419484,16,0.10143275526046659,0.044323261434866236,16
gene_2053,0.6021077805866237,0.012729460464432121,16,0.07989758555179008,0.03703191048774989,16
gene_2054,0.6338892473886523,0.010616990833816033,16,0.07619079894376779,0.025452309525863283,16
gene_2055,0.5905647390759204,0.015523880369178136,16,0.10473635336277012,0.035742162149726815,16
gene_2056,0.6290794914716857,0.0033490916253568355,16,0.04699709866680361,0.022884016586518893,16
gene_2057,0.588119629950342,0.018861365278447322,16,0.14633248706511534,0.05706976849591729,16
gene_2058,0.583625226093142,0.025316636235129374,16,0.16462540034778508,0.04397990012431442,16
gene_2059,0.6330814246475938,0.00984277933479653,16,0.06888895290816018,0.024643838011424144,16
gene_2060,0.6268604716736315,0.0140488004838962,16,0.06852357272389767,0.029396399073335286,16
gene_2061,0.6327522561065362,0.009550242515932925,16,0.09460701770205672,0.0283008250080492,16
gene_2062,0.6091383406441906,0.011549450143114901,16,0.17154574076154872,0.058892345147135754,16
gene_2063,0.6348901293816039,0.00974065383994053,16,0.06752734758259463,0.04191199574596697,16
gene_2064,0.6379638569271542,0.005266820274770822,16,0.028402713104892698,0.01283559644941411,16
gene_2065,0.5935290898507141,0.015309328559988922,16,0.08710086595416985,0.04175782942412511,16
gene_2066,0.6142995382669092,0.011783702813311658,16,0.08024849336635198,0.050091018527133005,16
gene_2067,0.6458509556276214,0.005302521906765291,16,0.030177291694445888,0.01214621419243763,16
gene_2068,0.6049395380867713,0.016372841743038,16,0.1323276126482861,0.062196502039704726,16
gene_2069,0.5636445160113108,0.00996959005526086,16,0.13561461111264198,0.0390872039465385,16
gene_2070,0.6242791498136231,0.0061882836863348094,16,0.040351815158782146,0.019659315765978267,16
gene_2071,0.6031581525772428,0.02308796086520336,16,0.12988719916451053,0.07619896658462844,16
gene_2072,0.6354142240782421,0.006259698473534146,16,0.0839343570245429,0.03230964880454852,16
gene_2073,0.6008957902347943,0.02180461615275089,16,0.1125733423002032,0.06238632759018149,16
gene_2074,0.6290233597789447,0.017649260154472556,16,0.11405999543388573,0.0643639429244904,16
gene_2075,0.6011368207751351,0.01758807124552352,16,0.1122947503871056,0.04526785908812231,16
gene_2076,0.5863467818392577,0.014339770123605548,16,0.11471492847847448,0.035805779604680225,16
gene_2077,0.6258894900537529,0.011944688575358778,16,0.0852268854289474,0.029926382417018504,16
gene_2078,0.6433921127649953,0.004550348164476218,16,0.04195044885433567,0.015688965587348443,16
gene_2079,0.5866428635165529,0.012177263524683443,16,0.12494896207092283,0.01832647591325041,16
gene_2080,0.6295042749117898,0.013761001404190747,16,0.08004785105994797,0.02904038144261486,16
gene_2081,0.5966258770778152,0.008295532902142064,16,0.08342318135572992,0.03583903879838014,16
gene_2082,0.6070020610405811,0.008697151148479078,16,0.09098111190546437,0.04489246409115926,16
gene_2083,0.6332787893021096,0.01035744008051809,16,0.054198181227202505,0.020862832412187095,16
gene_2084,0.620593068007067,0.013989582556231147,16,0.1087294074664388,0.044380339240240194,16
gene_2085,0.6428408389255221,0.008107700701870169,16,0.03680885274795438,0.010416800048356762,16
gene_2086,0.5792040678085973,0.03013031844447315,16,0.1773177209894755,0.06684508995577765,16
gene_2087,0.5820467418028803,0.017206318557793497,16,0.12793037852482178,0.03472054647379998,16
gene_2088,0.608530217260895,0.01899113654001589,16,0.1036429532738081,0.0375696501081248,16
gene_2089,0.6201621567286605,0.014739629609361062,16,0.052810671028086946,0.020706435650347344,16
gene_2090,0.6377474319045968,0.007678572350144358,16,0.04995621730078719,0.014278901805942894,16
gene_2091,0.6061717724460197,0.01092612562103639,16,0.11740439725429726,0.044610801376218,16
gene_2092,0.6034642527182634,0.011445244697409969,16,0.05629519188302629,0.01773076242885332,16
gene_2093,0.5769901311969007,0.012776511267345672,16,0.10219321179245414,0.043790891520189584,16
gene_2094,0.6318695962314664,0.008048395990600633,16,0.045033235645869196,0.012947017467094113,16
gene_2095,0.6344862152480594,0.009874860811182771,16,0.0548893977712047,0.026615048720973637,16
gene_2096,0.6249360585267562,0.009058653665891508,16,0.0627345280083468,0.04062031586165209,16
gene_2097,0.6140874280344626,0.018655113867203487,16,0.07413091302556545,0.04469197244756109,16
gene_2098,0.6040681212394146,0.016072316718864613,16,0.06826960303971849,0.03542458602626745,16
gene_2099,0.5843363566369977,0.006307107467180752,16,0.08390782719517233,0.03233144948276555,16
gene_2100,0.582502015182636,0.01629599806522591,16,0.14287417789062673,0.0488678473002476,16
gene_2101,0.638950391675305,0.007523555254770908,16,0.05722103601875738,0.026788807613449525,16
gene_2102,0.6335398044547467,0.007549175920941179,16,0.07151348892959868,0.027710924584894013,16
gene_2103,0.6246640414020794,0.005874425447145144,16,0.06423492064357368,0.011756140210958978,16
gene_2104,0.604933581266401,0.01365193586355639,16,0.09507533895665216,0.036736784410167145,16
gene_2105,0.6091659517455063,0.024639015780288948,16,0.2118620592719777,0.10261867929373714,16
gene_2106,0.6365566314436328,0.006621400003831607,16,0.04911150288013838,0.03662413038361461,16
gene_2107,0.6323095729085348,0.015011960047367812,16,0.11054632913659962,0.041988486896728516,16
gene_2108,0.615297271939855,0.016815931715765932,16,0.10534746530808636,0.051180289740641496,16
gene_2109,0.6387446803446135,0.003853242793813889,16,0.050425352528055564,0.022979382001502905,16
gene_2110,0.6449161096771956,0.005261368180502897,16,0.043757104269772966,0.015943950301490133,16
gene_2111,0.6410020454924772,0.006798504989685527,16,0.03648220800931153,0.014273981524881157,16
gene_2112,0.607453969718248,0.0161739551894033,16,0.08641626644137954,0.023892646763975,16
gene_2113,0.6310975623738507,0.007110424830593341,16,0.07251874975882654,0.044203325390196925,16
gene_2114,0.6268248792417968,0.009607591778859984,16,0.03830942672201773,0.016583880072599033,16
gene_2115,0.5814477056721542,0.01709269174194455,16,0.10984087098416138,0.03867608264524884,16
gene_2116,0.6607607481223903,0.0033609729761121384,16,0.029420090325028955,0.011058881617305635,16
gene_2117,0.5949661709368541,0.014494046574235675,16,0.06294720569055719,0.019139681377835404,16
gene_2118,0.6349027821240523,0.007573210591686743,16,0.04504313219109593,0.02365484606563839,16
gene_2119,0.6281582615500224,0.006974496012598134,16,0.03791021503061079,0.013919754214328074,16
gene_2120,0.6394132004637489,0.008072071293327399,16,0.061253795421107066,0.03862954035787444,16
gene_2121,0.6230646258542989,0.015577231237686904,16,0.08148590020964905,0.034581373796104264,16
gene_2122,0.5859568108051375,0.027278608452199118,16,0.09884954752135333,0.049284374810816114,16
gene_2123,0.6185170042596466,0.007204991851337231,16,0.06710576694867655,0.03321932024285079,16
gene_2124,0.6243458077854676,0.007581249910442017,16,0.056918282413280605,0.031878993605320254,16
gene_2125,0.5749765531639365,0.009365535405332972,16,0.0895644896321826,0.032486283409135674,16
gene_2126,0.6431126914978179,0.007443146949905575,16,0.05487885814369381,0.02584603624207245,16
gene_2127,0.5954339186156761,0.015308864736086806,16,0.16928415531408825,0.0861935767140897,16
gene_2128,0.6349226161152426,0.00470915818226815,16,0.06059341642662361,0.021586501175192983,16
gene_2129,0.6336612485841691,0.012696990687172281,16,0.044125980334371664,0.015865508826980932,16
gene_2130,0.609383173618262,0.014764049104097187,16,0.11453518066560892,0.02950376525454094,16
gene_2131,0.5733658460338157,0.026072739988041858,16,0.1760816301172956,0.051018892460129674,16
gene_2132,0.6231830483735876,0.012991990131428849,16,0.10901904029725089,0.028938244558166935,16
gene_2133,0.6124330484829263,0.015890106183151058,16,0.0810183011802362,0.028848342799464344,16
gene_2134,0.6323731935617423,0.015639527020412717,16,0.14849103722211915,0.05145721624498963,16
gene_2135,0.6043375700779173,0.01499251861085536,16,0.16859723038136937,0.0630359097929033,16
gene_2136,0.6682018434610719,0.0038636215646036223,16,0.043459623524364346,0.016828792168898633,16
gene_2137,0.6079987215786736,0.014313467253374956,16,0.08266774336022568,0.046809304601950874,16
gene_2138,0.5964718652944717,0.010054411408374849,16,0.10652535366962293,0.041618803177926135,16
gene_2139,0.5975964455379087,0.013600832446967796,16,0.08473063891196161,0.028890188845168828,16
gene_2140,0.6213123359903198,0.005389653179727158,16,0.04869138569578536,0.02187004757546601,16
gene_2141,0.6148747992745072,0.014844679955969905,16,0.08254258562773839,0.05162422062527654,16
gene_2142,0.606804020447141,0.017187964518312546,16,0.17013251103283578,0.07067888427738232,16
gene_2143,0.6099872564590773,0.007767098838201008,16,0.09919206573528459,0.029656022958226558,16
gene_2144,0.6260324132771592,0.010865212146753244,16,0.06653785047793,0.020203601095363986,16
gene_2145,0.607169558858064,0.010070741613474295,16,0.06723927581680773,0.025736766558611193,16
gene_2146,0.6216451666671141,0.009532747947960463,16,0.0503453198194208,0.017832512567001694,16
gene_2147,0.6288112455739382,0.01190123259193143,16,0.07054640167981599,0.043034488858401714,16
gene_2148,0.6423088286474307,0.005244352395975333,16,0.05243709882496987,0.009846143005914226,16
gene_2149,0.6310988379214363,0.0073280643916904175,16,0.06338969805454912,0.011906030701326979,16
gene_2150,0.6339383003672563,0.011493273053726162,16,0.08370124900146023,0.03156139078804687,16
gene_2151,0.6400963423398717,0.006061235921500408,16,0.04034450604588353,0.011299238880819093,16
gene_2152,0.5774169684738978,0.022713011746339485,16,0.1344729725298295,0.04979874677968544,16
gene_2153,0.5916708159358307,0.023740965375600182,16,0.20438234556671359,0.05694359401814409,16
gene_2154,0.6048966812396904,0.02295167014549248,16,0.13706119691829957,0.06183946411322305,16
gene_2155,0.6025504625738429,0.008056250366575153,16,0.0825376765158026,0.03838441760200417,16
gene_2156,0.6010257913933209,0.013631204116487406,16,0.09040634606679153,0.02586050844608361,16
gene_2157,0.5810993934108055,0.017836208243696274,16,0.15739858695376224,0.04868766106350941,16
gene_2158,0.6414291157895975,0.0074533953223907545,16,0.03599011974724912,0.015051424838513617,16
gene_2159,0.6227112080221069,0.010177467221394019,16,0.06885243039381256,0.03450835425916318,16
gene_2160,0.624352342301005,0.01592421478834408,16,0.08342209468090646,0.04945262830832046,16
gene_2161,0.6153826509136182,0.01759598542650521,16,0.20267505981988074,0.0830603986293592,16
gene_2162,0.6040084741614906,0.021735955543769604,16,0.1206424550356602,0.03265077991289492,16
gene_2163,0.624218703152787,0.018286351546431667,16,0.1672487990112099,0.07180811931320845,16
gene_2164,0.6291167241710136,0.010896025003298318,16,0.10265960810276435,0.03489085948008162,16
gene_2165,0.6349971140578763,0.010470470765904221,16,0.04848525396287305,0.022587685257445925,16
gene_2166,0.6061924826759282,0.013384622191985971,16,0.04848984484462469,0.026223678599221083,16
gene_2167,0.6027531474119266,0.013812883263334253,16,0.10087097757946425,0.055974987997788904,16
gene_2168,0.6168244825108969,0.011250482991924327,16,0.045294115787875476,0.015246783326105743,16
gene_2169,0.6276312668532918,0.013746966157668107,16,0.10499850441370046,0.043160632460488554,16
gene_2170,0.5968620412460119,0.015035714385276662,16,0.12404940747115546,0.04844770317738401,16
gene_2171,0.6180356037300663,0.015425059527379489,16,0.10148077411422239,0.022615104264123286,16
gene_2172,0.6039023214884948,0.0238172643548817,16,0.17577822356840467,0.07240602226109466,16
gene_2173,0.6148968905143379,0.014759643453069366,16,0.09132872460356621,0.021287296171928847,16
gene_2174,0.60269959169328,0.025925709838640853,16,0.1983353904195576,0.06802856658765938,16
gene_2175,0.6020957511730246,0.017607163457750822,16,0.09107185546142912,0.030682848005161273,16
gene_2176,0.6251481538340611,0.01375539174483431,16,0.08444890192960756,0.04296668509902242,16
gene_2177,0.5924634767888166,0.016884214422359475,16,0.11961168056539538,0.06259656380260598,16
gene_2178,0.6159145111588405,0.009428750539980869,16,0.09601868958900606,0.03523656944544759,16
gene_2179,0.6254096843631657,0.00874657560541379,16,0.08675152646613254,0.037474708240074636,16
gene_2180,0.5977290366399146,0.009887915642443809,16,0.07290167634809462,0.026443834595522187,16
gene_2181,0.5762924454726168,0.02805269255407314,16,0.13914308903585595,0.02987531594478594,16
gene_2182,0.5854598781344994,0.013959814646017817,16,0.11291162198623099,0.04893499887475778,16
gene_2183,0.5961458164323042,0.01434366763263046,16,0.129933127594938,0.05076030411337693,16
gene_2184,0.6152140863228224,0.008461424451707583,16,0.05569495342708369,0.02542062623191477,16
gene_2185,0.6321514136377304,0.010071809278421008,16,0.06189040647868147,0.028420303611406402,16
gene_2186,0.6055197391259128,0.009856413756702249,16,0.15242507346495954,0.049252228525513954,16
gene_2187,0.6121273296929521,0.020992160547782118,16,0.11942382782146506,0.04991524869310451,16
gene_2188,0.6074031702334599,0.014681613930005095,16,0.10494034872095462,0.04948875802150943,16
gene_2189,0.6440727923849033,0.006702206295866294,16,0.055169541898985104,0.014393180527169602,16
gene_2190,0.6087057343426099,0.008770446149406568,16,0.07324476044149338,0.018458424070162675,16
gene_2191,0.6365801607760756,0.005869669080219251,16,0.049820610958252055,0.0208339521995774,16
gene_2192,0.6061297458109071,0.02057214342260467,16,0.079012973918407,0.053167743619332054,16
gene_2193,0.6051881441142056,0.017161672702748442,16,0.07943457116996887,0.055682679500736146,16
gene_2194,0.6255940053881874,0.013895226203201133,16,0.1267648441244543,0.046911033024637186,16
gene_2195,0.6245639403536036,0.007248310389684144,16,0.09540459171885891,0.01966162865533487,16
gene_2196,0.594189815842563,0.03145783371299545,16,0.14837167924964775,0.10627347155532817,16
gene_2197,0.6104408790673618,0.011733244273336661,16,0.08829969157030426,0.04542332413033924,16
gene_2198,0.591593288897649,0.011202215071990504,16,0.09456516833467035,0.06430980539906486,16
gene_2199,0.6045953765722936,0.006925600955415439,16,0.08875938133475589,0.021435263636598652,16
gene_2200,0.5962526260577422,0.03068723491600351,16,0.19205066198183285,0.08063322647121503,16
gene_2201,0.6089788107745847,0.007644367063290409,16,0.1369781863039941,0.05905642185239663,16
gene_2202,0.6160878042232412,0.012875088901105643,16,0.08571048127270733,0.030647403785006917,16
gene_2203,0.6155087123513722,0.011614791790405124,16,0.10605928888292451,0.03846020241831934,16
gene_2204,0.6000564601223912,0.030880813242726148,16,0.21132703832466793,0.09322437590227557,16
gene_2205,0.6178100035378856,0.012584969900714602,16,0.06338620401863879,0.014321797452697054,16
gene_2206,0.574456122627013,0.013557814035910947,16,0.15989592363787491,0.029385767687289142,16
gene_2207,0.65468345325759,0.00687644470692277,16,0.05099211755662564,0.014452463234966911,16
gene_2208,0.649270860430603,0.010240673946557659,16,0.07599110616324285,0.02987937672654142,16
gene_2209,0.6479223636740655,0.008751178103575763,16,0.03638519750177024,0.02219678696864924,16
gene_2210,0.6211649271374322,0.015245041195614798,16,0.08858959150182434,0.04648710003059837,16
gene_2211,0.5800381171024739,0.023063574184054414,16,0.16087594006049555,0.05980903439216288,16
gene_2212,0.6506514284004453,0.009925680683154438,16,0.05099837844192034,0.023856360015621168,16
gene_2213,0.6109460523451077,0.013272379945419147,16,0.06902656437768864,0.03568642791642268,16
gene_2214,0.6528953219284473,0.005483841259955264,16,0.04252848447561325,0.011299073912196603,16
gene_2215,0.6382488533115696,0.003429913343160857,16,0.03843559199486091,0.015411589547344255,16
gene_2216,0.6243355756997401,0.011199984429519314,16,0.06818920356482529,0.020572611325091316,16
gene_2217,0.5894303634285134,0.015714434915512318,16,0.08926115802776369,0.05070279016918336,16
gene_2218,0.5893306122014075,0.012151985304143931,16,0.08597199877786071,0.025107907601631674,16
gene_2219,0.6115923505851297,0.009603598003347697,16,0.09706157161686756,0.02851207985036419,16
gene_2220,0.6139195906553251,0.009863682847929961,16,0.06700610536646248,0.020932417537168534,16
gene_2221,0.613236428798196,0.009046692285295168,16,0.08756222882711831,0.029145057988532348,16
gene_2222,0.6215031082055432,0.012486608716228427,16,0.06014616467539105,0.02157578408608889,16
gene_2223,0.6467915692641547,0.00640021155094092,16,0.04096313959815123,0.013002495698342546,16
gene_2224,0.6528095857300512,0.004372694356203565,16,0.04046898013175019,0.017815532062173588,16
gene_2225,0.5873253390947086,0.009494540342645545,16,0.1148721579544635,0.04931936693166549,16
gene_2226,0.629950872275794,0.01204564276839938,16,0.08415623861145166,0.03506873372684447,16
gene_2227,0.6349951204273694,0.004743268965524125,16,0.048152089641840305,0.02437071710664572,16
gene_2228,0.619069999071044,0.010257351737664207,16,0.0734727690451664,0.018301050918981127,16
gene_2229,0.6291463299156369,0.008659585334500968,16,0.0627225778305512,0.018082831201285874,16
gene_2230,0.6095978901867072,0.012163933445495798,16,0.09445831634171795,0.027507469986968743,16
gene_2231,0.61086061579935,0.007104469121939839,16,0.06963728951652093,0.0351935824587235,16
gene_2232,0.6213652316691226,0.013418323036328004,16,0.09280071101797079,0.025984608104038107,16
gene_2233,0.5996625581625276,0.01521226425425989,16,0.1129201290965884,0.03532199604801365,16
gene_2234,0.6254693968830592,0.0070714233629817795,16,0.13189410886462394,0.040964493697830874,16
gene_2235,0.6286847389496912,0.012777035831180329,16,0.08125737595985927,0.055193443706912294,16
gene_2236,0.613298518858116,0.012216815642998199,16,0.08682892740544094,0.03533993569924427,16
gene_2237,0.6233454923480786,0.01702174014640318,16,0.09964984994668634,0.04071480899604485,16
gene_2238,0.6361491406765739,0.011599992032864149,16,0.14845351139739568,0.04004900102539863,16
gene_2239,0.6107247344389044,0.016794266518436185,16,0.12355417095192892,0.04407795583860802,16
gene_2240,0.5939306702929696,0.010487234036159483,16,0.11808450500155376,0.03633495076136413,16
gene_2241,0.6101400808758056,0.019955799766133993,16,0.1604231182202743,0.04952162172066716,16
gene_2242,0.620921741451717,0.007160365543226582,16,0.07216940125254923,0.026628355841697874,16
gene_2243,0.6059449620453549,0.009388308323655078,16,0.08077399951606132,0.029972554509271915,16
gene_2244,0.593693536366947,0.018383921522676126,16,0.12883559490219423,0.07584519743220719,16
gene_2245,0.6079044980163395,0.015795215322705593,16,0.07847787050582737,0.05259696798860314,16
gene_2246,0.6301541934694864,0.010990860010288938,16,0.07249994370351508,0.021601714154895073,16
gene_2247,0.6161287029472826,0.006329309026362978,16,0.04681677148497906,0.024119325657826842,16
gene_2248,0.5720183692896876,0.015612388997474648,16,0.06677939082076102,0.024132787544021057,16
gene_2249,0.6292066374457567,0.007375394348854742,16,0.047838389110589845,0.01834184012420036,16
gene_2250,0.5666738765534762,0.013138857361903197,16,0.11655072057041874,0.040058584748026156,16
gene_2251,0.6228094948148957,0.014028984436835683,16,0.11720331841755581,0.06803887255982208,16
gene_2252,0.6376922812397426,0.007813607373637368,16,0.06193528859339321,0.03226164797000121,16
gene_2253,0.5870599368016044,0.013163603498260453,16,0.11971228794671054,0.028954119315518688,16
gene_2254,0.6377761447055804,0.005087089289712831,16,0.06608688488292233,0.03509681052406745,16
gene_2255,0.6291421159213486,0.008053421489996607,16,0.06491108104478249,0.02271946717453982,16
gene_2256,0.6550757257530888,0.005874768786321544,16,0.054168691420131206,0.019341921584890433,16
gene_2257,0.6484900249054183,0.003281268351799751,16,0.04037577977860054,0.008686346550295062,16
gene_2258,0.6312857748184041,0.014994632708859085,16,0.07440987667111641,0.04823880178538432,16
gene_2259,0.6197781516772128,0.008442896503263806,16,0.10349647975996688,0.029680391457678947,16
gene_2260,0.6443770531372018,0.010247211261209681,16,0.04676868880777881,0.02479728855201129,16
gene_2261,0.6239886952840258,0.007077250989778208,16,0.05448062720059063,0.022372781836730506,16
gene_2262,0.6354624180766477,0.005107634589322821,16,0.07513573371723573,0.02247986941677365,16
gene_2263,0.6304959239132041,0.00897752006494815,16,0.056806288775195994,0.022739702420135417,16
gene_2264,0.6309799749530604,0.013143898740388942,16,0.07551298286660155,0.03703815984641569,16
gene_2265,0.6067170916112771,0.013047981643405192,16,0.162104627708107,0.047044505102438294,16
gene_2266,0.6367962578134186,0.009590150871167656,16,0.05856418103389703,0.03154201375755108,16
gene_2267,0.6160571856667437,0.013426860943303044,16,0.12332989965427096,0.047369202488730895,16
gene_2268,0.6456034850475942,0.004940598720551212,16,0.043731344061586325,0.012991039950389308,16
gene_2269,0.5934503136544641,0.007926206042675578,16,0.06958697609472249,0.02276456695458518,16
gene_2270,0.6371445742418194,0.01470497997818539,16,0.11126512124855757,0.07091043105171113,16
gene_2271,0.6472034200681717,0.006198882997122698,16,0.045107846351790645,0.020881771857278898,16
gene_2272,0.6344589650681087,0.0069108070475136256,16,0.08441922169390315,0.02504802387206677,16
gene_2273,0.5965675937157879,0.017170408698712076,16,0.1009500074364742,0.053138826620034926,16
gene_2274,0.630467305426465,0.009316426694853124,16,0.0672024023007441,0.031010314140618726,16
gene_2275,0.6175152402203421,0.013243131523769243,16,0.06890140303756022,0.0299656201900732,16
gene_2276,0.6363228098782612,0.007111183378954438,16,0.08204477315303768,0.03824042855736812,16
gene_2277,0.6110516602288224,0.010563613235974687,16,0.07012502172074489,0.029690596511337215,16
gene_2278,0.6186284942124234,0.009828962652358697,16,0.03878865664196511,0.019737218428937657,16
gene_2279,0.6398830223917072,0.004331007832412156,16,0.030816730131955378,0.010062265532855691,16
gene_2280,0.6176450257362801,0.012040668441348715,16,0.09085037092834063,0.03690555951301806,16
gene_2281,0.6562859532109501,0.00594659607995573,16,0.03564020151700329,0.014142302050952819,16
gene_2282,0.6390975646954473,0.005559902316906669,16,0.04832496722097306,0.02777160699690337,16
gene_2283,0.6333651740356202,0.01024455651385595,16,0.06406258055426263,0.0264018662769883,16
gene_2284,0.6195215796713042,0.010216169049676533,16,0.10140683776135287,0.035280759081642965,16
gene_2285,0.6075079237905758,0.012256990042482216,16,0.10307393633835515,0.02323425898453783,16
gene_2286,0.6228431453037628,0.008189768331434675,16,0.029885912547088934,0.014465366870548908,16
gene_2287,0.6124257227165087,0.005011765425148677,16,0.041867577712562824,0.026098429545243367,16
gene_2288,0.6276312526121833,0.006207143565023974,16,0.062018999668347605,0.031302372943225465,16
gene_2289,0.6405619981961057,0.0072527999534787915,16,0.04102663916057845,0.014947261766089102,16
gene_2290,0.6083380868746333,0.015298461377538422,16,0.08056693295633151,0.04165427017637839,16
gene_2291,0.6295638617885878,0.008814518236833787,16,0.07185223672359514,0.011130946541482268,16
gene_2292,0.5844358882084975,0.021221509539842604,16,0.1470149968409856,0.057393191310211276,16
gene_2293,0.6407961141025208,0.006953695671363084,16,0.04973192876078124,0.021331882891189913,16
gene_2294,0.5994568691779615,0.015502179571830619,16,0.11402820898963062,0.0455161655196825,16
gene_2295,0.6136469191723346,0.007786811910102886,16,0.05020150299909445,0.016481641942172432,16
gene_2296,0.6211723796204619,0.0068850134608878745,16,0.0689638275587386,0.022473787738111584,16
gene_2297,0.6361554797616845,0.010869909872862868,16,0.07971153817558103,0.044802228584403525,16
gene_2298,0.6178848643964956,0.009920456706413483,16,0.04517221592736546,0.0179771964266854,16
gene_2299,0.6197798588773875,0.009591584625232654,16,0.056565810369832804,0.017930249910558527,16
gene_2300,0.6543944302722967,0.0030661230984609256,16,0.02829734898016988,0.012747244299769056,16
gene_2301,0.6381236997564453,0.0034614467487659264,16,0.02504816432175477,0.005989236698822248,16
gene_2302,0.6394502142526467,0.007801139393299687,16,0.075987265626499,0.026968670503989413,16
gene_2303,0.5935281284536031,0.02298880048780977,16,0.17928117673317184,0.048313564988401995,16
gene_2304,0.6105395499569467,0.014066280852824027,16,0.10121112267412875,0.03639854554952544,16
gene_2305,0.6489220372156328,0.009211311706868534,16,0.043473391503815545,0.019014965639695028,16
gene_2306,0.6035087369480988,0.019695071353516926,16,0.19450889759046,0.06089418493790569,16
gene_2307,0.6146130814648854,0.018584469879925798,16,0.0754080735893534,0.04499473964861605,16
gene_2308,0.6187058590257669,0.016332509102338327,16,0.1328573744556412,0.05355294943340658,16
gene_2309,0.6560921022857994,0.005123532039715179,16,0.03166977095104106,0.008290754989329964,16
gene_2310,0.6072156377475645,0.006441597750383054,16,0.10631328044074599,0.0195071259093513,16
gene_2311,0.6141248719187106,0.011140528093372066,16,0.08480483271556384,0.030522722111197855,16
gene_2312,0.5904952441550424,0.016770886231481038,16,0.08762463271907993,0.039045226825743067,16
gene_2313,0.5998291415843896,0.03318985763027698,16,0.1434197315611177,0.07474739166793502,16
gene_2314,0.6102713599371419,0.02020641306108206,16,0.06934525935388058,0.03659799451184412,16
gene_2315,0.5903784690678027,0.012559565070394303,16,0.09121466322554755,0.031941067032295926,16
gene_2316,0.6047472469458148,0.016917988595929755,16,0.13501464699336466,0.07804943592586644,16
gene_2317,0.6036697756548672,0.011556979203505544,16,0.07668260766492027,0.029595504828845952,16
gene_2318,0.6052808197383706,0.011402798063187483,16,0.07379325642474958,0.03358682457117081,16
gene_2319,0.6108881381064235,0.017479826451789558,16,0.12079883811824889,0.08857883354199547,16
gene_2320,0.5943189779112632,0.012649130656735428,16,0.11308568045576733,0.04293382976415241,16
gene_2321,0.6191095120648757,0.01767840628708156,16,0.12105398974563061,0.04163146015595754,16
gene_2322,0.6200112801383574,0.005486994227678621,16,0.0794047331158528,0.027976850480719597,16
gene_2323,0.6013998835540804,0.006203330756121148,16,0.062136126623721206,0.026272089376500177,16
gene_2324,0.6439499395370799,0.011250127111056954,16,0.08758977136586506,0.06635079977211886,16
gene_2325,0.6085943059653907,0.011331969908047445,16,0.11039050931905374,0.024457975340500773,16
gene_2326,0.635104982830215,0.005022630642547977,16,0.0383312423012398,0.025351831943262973,16
gene_2327,0.6109609213978396,0.009329849521136515,16,0.06763980327945904,0.02094625340847045,16
gene_2328,0.6072438771712951,0.013306893955297263,16,0.10090165564978827,0.05049113983558538,16
gene_2329,0.645016598520228,0.005838570633494507,16,0.053515952531394,0.018692723213047956,16
gene_2330,0.6287084785090167,0.01170459302484069,16,0.09048200894214234,0.041317098490398003,16
gene_2331,0.6487427184558774,0.008240704259508987,16,0.038489871313134104,0.010903377066942844,16
gene_2332,0.641136036939504,0.005738409121891763,16,0.03879181568116663,0.020684567377442408,16
gene_2333,0.6188452473078893,0.009735358538088153,16,0.11076699475363087,0.035839555507642375,16
gene_2334,0.6347439817145362,0.00753443027528276,16,0.06773499606323323,0.02948820989217075,16
gene_2335,0.6258928545012484,0.020921551498705573,16,0.13140759073827232,0.06966831824523333,16
gene_2336,0.6171917340330645,0.024904210130185248,16,0.13664717361487558,0.03701045886035382,16
gene_2337,0.6054422187858152,0.013577111807079554,16,0.1206121422626946,0.037755859748853406,16
gene_2338,0.6502047367236731,0.00501822964042748,16,0.03859462150511431,0.015674511035301607,16
gene_2339,0.6419226115305481,0.008518474488240124,16,0.030759526565033255,0.009545245454116422,16
gene_2340,0.6495201807268735,0.006781922338297899,16,0.04473709290649893,0.01457493004829385,16
gene_2341,0.5904840943375697,0.025781143442259215,16,0.12540850316848032,0.07098948136806194,16
gene_2342,0.6233775027578788,0.008397070436886986,16,0.04627618631380309,0.018853869981424604,16
gene_2343,0.6109379191901836,0.012137218768024103,16,0.08387307219611363,0.017628835823269105,16
gene_2344,0.6152696104177731,0.017344803593727816,16,0.1132474464881096,0.057708338957495456,16
gene_2345,0.6030165481623111,0.015779977847175254,16,0.07091409434077416,0.024902906206602248,16
gene_2346,0.618511995472585,0.006090088200343308,16,0.07944913379790028,0.021870671814804326,16
gene_2347,0.6342992778626513,0.013431639238680888,16,0.13996389233271345,0.06754332120747975,16
gene_2348,0.5923923044159696,0.01872267237737876,16,0.14087793621040434,0.04644716679909407,16
gene_2349,0.6011612439415832,0.009019832535916246,16,0.05744359402056656,0.014411822873302931,16
gene_2350,0.6300772556441114,0.009563375430072386,16,0.07408329421675804,0.039156827295579635,16
gene_2351,0.6467882904427701,0.006587969627813774,16,0.034281557402314936,0.00963967798402178,16
gene_2352,0.6228720568910491,0.009591679132090497,16,0.04344643557777788,0.017468447126371578,16
gene_2353,0.6023427083085854,0.009264646987241573,16,0.06808812209624945,0.03743283926674306,16
gene_2354,0.6545553489601499,0.007073460528439889,16,0.05041278114542655,0.021740892860983976,16
gene_2355,0.6393656272988794,0.012637979700635819,16,0.0706551663392643,0.030434979212434984,16
gene_2356,0.6225877258955039,0.015997157945352503,16,0.12341955859312605,0.0591848313378249,16
gene_2357,0.6045388973064874,0.02041465499427825,16,0.1394694047381195,0.10151482400945742,16
gene_2358,0.610543110656146,0.025785976130236855,16,0.19625219439569808,0.052629581098355444,16
gene_2359,0.6480574034991577,0.0051060432307649065,16,0.035531981241535004,0.011877800950606346,16
gene_2360,0.6435884580346485,0.00899988988542898,16,0.08236984803267493,0.04798443516396018,16
gene_2361,0.6134170017909895,0.010331689550719912,16,0.09752071647914855,0.01822958010123342,16
gene_2362,0.6293232098885826,0.00891168442239138,16,0.06930620947653655,0.042444849245712214,16
gene_2363,0.5835659014043745,0.021284156872000994,16,0.08098216978814222,0.042356796935408225,16
gene_2364,0.6410945006187846,0.00854670748058144,16,0.04932062811186853,0.017434152619218768,16
gene_2365,0.593901781791705,0.013349263061192515,16,0.08102035451440161,0.024087483972218323,16
gene_2366,0.5962743471879993,0.021139497485194562,16,0.13946347248346272,0.06113162398581509,16
gene_2367,0.6443452263953726,0.009135734246157969,16,0.06332016399122198,0.024994039382132127,16
gene_2368,0.6006345240615202,0.01170484576412881,16,0.1070108607657177,0.027635017798884262,16
gene_2369,0.604463140241603,0.01763333417780706,16,0.05174096293945073,0.019464158377311084,16
gene_2370,0.6470171673488372,0.008638910152900673,16,0.06579041439674878,0.012069815331542449,16
gene_2371,0.6220225859975668,0.014742725746462675,16,0.06631887158346143,0.03697847898204009,16
gene_2372,0.6316025465623639,0.004508778663781121,16,0.03750036405742754,0.01307923064367758,16
gene_2373,0.5951727408701898,0.014866734370453211,16,0.12091645898326187,0.062123848466002246,16
gene_2374,0.605584389506233,0.01791543007498924,16,0.06518636161442397,0.024987355468244914,16
gene_2375,0.6318023653575522,0.004724164894245234,16,0.03033157234508968,0.017642758645912873,16
gene_2376,0.62046990729219,0.014286798057288963,16,0.07100616350594217,0.0386062812139339,16
gene_2377,0.6328367408313555,0.008522727147131964,16,0.06482905336186649,0.03299174038260343,16
gene_2378,0.5982093943007435,0.011309228934613282,16,0.055604163513192625,0.03879105090279552,16
gene_2379,0.6081216706253729,0.013778055627332204,16,0.10462923783719859,0.03945025405235267,16
gene_2380,0.6028165018115201,0.016205576462025466,16,0.14379974119373998,0.04168302238422444,16
gene_2381,0.6326503372116518,0.007237244458814596,16,0.06095189212028376,0.02889052533351026,16
gene_2382,0.595009835839934,0.023108108560676164,16,0.14007558737190998,0.05798031052499574,16
gene_2383,0.6245777865057383,0.009087370703199317,16,0.08366101842407628,0.03141909488644013,16
gene_2384,0.6210404974396082,0.01593134082332199,16,0.0697146414980136,0.033513669639322466,16
gene_2385,0.6063708740485356,0.010964165656716488,16,0.08387005801617001,0.0484925290535893,16
gene_2386,0.6221436968182373,0.005020700872080007,16,0.04310925368474251,0.01815128877992125,16
gene_2387,0.5969820876442804,0.018822343221355845,16,0.10206344829139566,0.053250531744736825,16
gene_2388,0.6367598861385843,0.003354815393088045,16,0.054599849508654215,0.011654798020853223,16
gene_2389,0.6417837302859171,0.01351341146416776,16,0.04571875489775562,0.017765878186849486,16
gene_2390,0.6071290033744067,0.015032832094808293,16,0.14038840534411634,0.04370662725156575,16
gene_2391,0.5968488791592014,0.022118600487609323,16,0.1327033553640365,0.06668746906614657,16
gene_2392,0.602006214466839,0.02442044208546456,16,0.16066287789409914,0.06563039260595521,16
gene_2393,0.6238900416377073,0.015262265653718484,16,0.07364173256425766,0.022959498434821476,16
gene_2394,0.6557743766552373,0.006127243092659102,16,0.034697120871728396,0.011237804581354855,16
gene_2395,0.6106542310350852,0.012395675837773503,16,0.06751237262608957,0.03919426856694254,16
gene_2396,0.616605578765654,0.014054670941825265,16,0.048798355928168655,0.025402166463891745,16
gene_2397,0.5998814036578405,0.016918438732559576,16,0.1611822867600937,0.04374232157541585,16
gene_2398,0.6006937729704541,0.011086067429272877,16,0.10421544028908171,0.038511367091001406,16
gene_2399,0.6373070191024169,0.006052044905563445,16,0.05604630384657248,0.026918508648423784,16
gene_2400,0.6323692429396908,0.0067284909770477935,16,0.03665380488511753,0.02116538492183796,16
gene_2401,0.631786994506339,0.009368058593537834,16,0.048680022094598444,0.021761839354895448,16
gene_2402,0.6402876035971478,0.010442398787513962,16,0.059655118716618646,0.029005131971923743,16
gene_2403,0.6173052452271445,0.01831685722975132,16,0.09474253485707466,0.05624113032124551,16
gene_2404,0.5840782746946322,0.01079831297527884,16,0.04273103795438082,0.013351630584574305,16
gene_2405,0.6540782308209641,0.0047216519860746155,16,0.043662602296108285,0.026789201307216983,16
gene_2406,0.6018857304314518,0.012528388131172945,16,0.10817956160244274,0.02035885911653367,16
gene_2407,0.6229159025034137,0.013875854718166634,16,0.09876627251375455,0.020282858451285926,16
gene_2408,0.602291370120388,0.014424656759656342,16,0.07576947611911435,0.019091454520564207,16
gene_2409,0.6029526319025196,0.024997867960334593,16,0.10693964658440157,0.05396628479251566,16
gene_2410,0.6198736763673536,0.015987516321814648,16,0.10441975647100561,0.053518808032114465,16
gene_2411,0.609845466876255,0.009433680665879839,16,0.06917709260351997,0.016438543727681228,16
gene_2412,0.6148701559397178,0.008310201128728269,16,0.056190724907221413,0.023539567095870437,16
gene_2413,0.6170950951420018,0.005818860889363114,16,0.09970027052831763,0.02338781141177875,16
gene_2414,0.6315464872550745,0.009146555564609367,16,0.04477371939700599,0.025136159076993247,16
gene_2415,0.605495012722879,0.021171995817276343,16,0.08273358450992942,0.040427249495994744,16
gene_2416,0.6028849140945679,0.009759038995090443,16,0.10622072039730354,0.05309592550698108,16
gene_2417,0.6200893126517018,0.021466414233551143,16,0.1103969783852853,0.03592724051150699,16
gene_2418,0.5843944541257876,0.03015524834070102,16,0.1524346924756044,0.053141125196643206,16
gene_2419,0.6066694464458287,0.01172031913467586,16,0.0880223567105995,0.040493970047375226,16
gene_2420,0.6219507627341048,0.01134501074810878,16,0.06239273237728603,0.029999674014490205,16
gene_2421,0.6311282201275829,0.010179917197098085,16,0.08584307436164272,0.03494374024436689,16
gene_2422,0.610807769255729,0.011215863473509731,16,0.05834197733519769,0.029386468192111888,16
gene_2423,0.631452497822987,0.007135102611303061,16,0.09098713543327093,0.0487872681662928,16
gene_2424,0.5902183005854682,0.021175799491441105,16,0.1208047056893788,0.043440234984699955,16
gene_2425,0.6269483433664307,0.011935874426765764,16,0.0746662798746603,0.04315202137549305,16
gene_2426,0.6066280481313798,0.021981659129149823,16,0.12595298166578117,0.09163991614878463,16
gene_2427,0.6179019063789756,0.012405890520178995,16,0.06854186398088045,0.017611806895645097,16
gene_2428,0.6442784893252919,0.00948719616010753,16,0.03237272065392961,0.023594157009969283,16
gene_2429,0.5862076765835328,0.02543540735644073,16,0.09276943028823632,0.0385944939571571,16
gene_2430,0.6533259410023406,0.004655461160163732,16,0.0628863483020287,0.010586364708298969,16
gene_2431,0.5944590106050988,0.01620033180598427,16,0.08678789435497485,0.04535533451777903,16
gene_2432,0.6277859343035251,0.00758717156402399,16,0.05570940570233683,0.0324419614226599,16
gene_2433,0.6109932735850476,0.013712182506008006,16,0.11490519079240882,0.06029656583451647,16
gene_2434,0.6110491217660624,0.012766885666746986,16,0.1007201434577557,0.03167319071500795,16
gene_2435,0.6194766647646891,0.033256729004120515,16,0.15589400109874754,0.09601262052264586,16
gene_2436,0.6477770249061691,0.009996766000909114,16,0.09307686863591304,0.046238744303488136,16
gene_2437,0.650501684368226,0.005698949270799956,16,0.031309451155786906,0.009014800049040725,16
gene_2438,0.6116770479915478,0.011274889975894762,16,0.10617824676062607,0.052140235376702704,16
gene_2439,0.6083094908757467,0.008521159786511372,16,0.06072660654437107,0.014249046691223063,16
gene_2440,0.6455494229326114,0.007912147097639854,16,0.05696083684823286,0.02481958433116004,16
gene_2441,0.6023815365126375,0.021822950126961334,16,0.13348612224576673,0.04847073784859778,16
gene_2442,0.5802810710003781,0.016537248264052864,16,0.09829520701540291,0.07294049746884342,16
gene_2443,0.6361272398930371,0.008158060723007832,16,0.06883964889690644,0.04021828380721861,16
gene_2444,0.6335783620731619,0.01487294829482985,16,0.10911278874178695,0.039392415503427834,16
gene_2445,0.6403394362436363,0.005845782622238213,16,0.053491958799897404,0.01852826045123802,16
gene_2446,0.6133213330617165,0.008001946820095623,16,0.07269612526523075,0.044827937038261614,16
gene_2447,0.5867706797164808,0.016760311139233944,16,0.18947600561939965,0.06594921612780223,16
gene_2448,0.6574822589217261,0.005648497408398214,16,0.02907306358212836,0.008291454073651392,16
gene_2449,0.616030487241543,0.019755242918154316,16,0.09949712191356981,0.04527438463073914,16
gene_2450,0.6312017853005217,0.004034790755698303,16,0.04124658186208727,0.027450903006865725,16
gene_2451,0.6144533638319444,0.012019943004056366,16,0.075412112763243,0.035128128603822265,16
gene_2452,0.605770152611375,0.04366658627483934,16,0.22158859179626741,0.13190004730238267,16
gene_2453,0.5910900176658048,0.0075351557082820805,16,0.1336790393519453,0.034565821271226066,16
gene_2454,0.6417448292823758,0.008265493534058647,16,0.09011412232079534,0.04594566039296769,16
gene_2455,0.6307523010131341,0.006368383460140734,16,0.08729398591560203,0.029166736837475414,16
gene_2456,0.6490519743922463,0.007792513687771419,16,0.025330686825742268,0.011515572030683924,16
gene_2457,0.6115819495662854,0.016371136169316,16,0.0687294188437169,0.04179939234727459,16
gene_2458,0.6282180906774198,0.01977698511912695,16,0.10211807071990585,0.05596658248523997,16
gene_2459,0.6162909859003955,0.017144543409658968,16,0.124603462792782,0.039218127683532805,16
gene_2460,0.5739781434930936,0.033147156072181765,16,0.12676422706799237,0.08057854706585109,16
gene_2461,0.6212000861765017,0.01207098134839463,16,0.05115780867759013,0.027583139912752977,16
gene_2462,0.6080298165272947,0.01340730974143456,16,0.08691466091785224,0.04460711880396385,16
gene_2463,0.6095009866177352,0.008091147045348435,16,0.07255078562699915,0.021778120774799497,16
gene_2464,0.6169230494820046,0.010386033254948503,16,0.08206533757196034,0.04019130422635923,16
gene_2465,0.6363939689119935,0.005832267058716618,16,0.0393646102551852,0.01350434824170071,16
gene_2466,0.6143759876138755,0.016019882421271572,16,0.10735452456220212,0.0232025217022774,16
gene_2467,0.5909737581404072,0.012875091613757697,16,0.1274488020724099,0.04532425350431197,16
gene_2468,0.6194161312959874,0.012393491152108022,16,0.06793800643143073,0.016458585974252017,16
gene_2469,0.6569021084303115,0.007676419027399569,16,0.05514776439318043,0.024137528710743532,16
gene_2470,0.6198581356605519,0.01656960839644891,16,0.06866933113912503,0.02985493583477557,16
gene_2471,0.6201233948649811,0.009611294334045391,16,0.06519691924305605,0.018760645981618237,16
gene_2472,0.5994003497484378,0.007993040324152888,16,0.05518585930572252,0.009524558396094151,16
gene_2473,0.6106869707410785,0.010370005106945081,16,0.06958797685319404,0.034866543537389716,16
gene_2474,0.6080607368821547,0.011627495457995277,16,0.1713183697512084,0.034322176833412994,16
gene_2475,0.5939500760570376,0.01402999592243753,16,0.06292109249856555,0.031897755655263524,16
gene_2476,0.6219002587506737,0.02422072148104448,16,0.10098406474239885,0.045375546450599616,16
gene_2477,0.5871478143122343,0.017371365087391427,16,0.1273882565205584,0.057780647706712034,16
gene_2478,0.613039115714448,0.010469495325952925,16,0.07411772299241012,0.03382047040730641,16
gene_2479,0.5981048615422268,0.014416771590673404,16,0.10031337092710887,0.029632041355995405,16
gene_2480,0.5947770185915207,0.01609604739844528,16,0.11047702473859276,0.05251545540213705,16
gene_2481,0.6068612827947212,0.00823120903049669,16,0.09722957123782411,0.0392733839798506,16
gene_2482,0.6128251238401756,0.019031508034218606,16,0.08381673260076594,0.043342765033933646,16
gene_2483,0.6064100823549702,0.014217567790362108,16,0.06252676701412473,0.022934001881468234,16
gene_2484,0.6422509995552159,0.006301160254501064,16,0.04071629695362101,0.02165317476543174,16
gene_2485,0.6451487053267165,0.007189560286307767,16,0.04908290838120771,0.010811128128720301,16
gene_2486,0.6003765569319288,0.010639056491732583,16,0.06184365818504679,0.028617646638838094,16
gene_2487,0.6148824579265343,0.012096913585509237,16,0.13947645743370218,0.038265656752913955,16
gene_2488,0.5949722286272202,0.017961835397283164,16,0.09076089470413666,0.041538402280493734,16
gene_2489,0.6504615345820376,0.005508889752403331,16,0.04813263195810534,0.016654323816528233,16
gene_2490,0.6444409287820401,0.003326214475285769,16,0.05476883708944852,0.021986251319768134,16
gene_2491,0.5986844041765274,0.005385169370384422,16,0.10234708244452077,0.021372801716294028,16
gene_2492,0.6027094814795495,0.006107504309065669,16,0.037659512813194955,0.010466023840527847,16
gene_2493,0.6441923573676565,0.013965580357094285,16,0.05766573441673976,0.026106077293755126,16
gene_2494,0.6110310466858011,0.010163973655131662,16,0.08502731467860106,0.03086030030714392,16
gene_2495,0.6023945683480245,0.012443879241830172,16,0.0948215301300536,0.022809130340828283,16
gene_2496,0.6450813919622845,0.005570335325622737,16,0.06771127845611949,0.02921692760255053,16
gene_2497,0.5959614891326538,0.015358275252249545,16,0.10619686194319483,0.046742261734809235,16
gene_2498,0.6585021942045803,0.006306197518821502,16,0.035632273067828554,0.013142623681381693,16
gene_2499,0.6246596804771233,0.010934809552616085,16,0.06338355287198283,0.028961240124035767,16
gene_2500,0.6149122540053278,0.0081607525891703,16,0.10358682986326807,0.025821139612299714,16
gene_2501,0.5870639991918912,0.020138950104593267,16,0.1462672226180549,0.07067731913403283,16
gene_2502,0.6321481235817897,0.00869369675271237,16,0.06369589949865742,0.03344319721810673,16
gene_2503,0.5848836644062739,0.022564146142484046,16,0.12285857743743578,0.05230246070034953,16
gene_2504,0.6199369610202345,0.009110459523114624,16,0.0605670637386574,0.01973898524999451,16
gene_2505,0.6233912435305929,0.011943415376137644,16,0.06538808067207062,0.027256009233456377,16
gene_2506,0.6350454191370039,0.006483983824050179,16,0.07150346933923145,0.026244509187443962,16
gene_2507,0.5816905824754292,0.020545610842526683,16,0.09629219797253268,0.04749259069654557,16
gene_2508,0.6021380305418822,0.011282901080899355,16,0.13920934807321755,0.03489402320704934,16
gene_2509,0.6314712905629137,0.013655401844219458,16,0.09222711098983405,0.025884743103728097,16
gene_2510,0.6281084557893134,0.005945417365506368,16,0.07584144587379123,0.025282847062628722,16
gene_2511,0.6500653916734047,0.006495563352691452,16,0.03858960989151773,0.010871932531624825,16
gene_2512,0.6054002250824082,0.020917054578429975,16,0.12944185673900427,0.07602208419959415,16
gene_2513,0.6129720362034868,0.037722773306924993,16,0.21810128489748618,0.1064360236424547,16
gene_2514,0.5793587293538544,0.019454866134595728,16,0.14528519269495985,0.04508430340263483,16
gene_2515,0.6162865555510146,0.007717121972457691,16,0.05955142997004674,0.027013569189556393,16
gene_2516,0.6364420210580513,0.008054177069252107,16,0.04207186025480546,0.011410007839361183,16
gene_2517,0.6059855657299364,0.010989850593230868,16,0.0701601591674763,0.017311827082505882,16
gene_2518,0.605279474126328,0.009705266240194828,16,0.07866454177975597,0.026291641245150658,16
gene_2519,0.6260938122580474,0.00833467980666999,16,0.06581789972360955,0.024060734627697793,16
gene_2520,0.621814081505257,0.010457597315358223,16,0.06786343220465152,0.016408511000090643,16
gene_2521,0.6093636365008418,0.01158494157078451,16,0.08199236372925676,0.029542510322963848,16
gene_2522,0.6129514619838998,0.01864339031584549,16,0.10848254452583772,0.03592381758338784,16
gene_2523,0.6165941176828654,0.008885618566559778,16,0.07634894029802353,0.028001818026292792,16
gene_2524,0.6058408942656736,0.006127876222914869,16,0.05829798769616578,0.027876625110765108,16
gene_2525,0.6288612775384927,0.004725202081703272,16,0.0794488444872591,0.02876629061214098,16
gene_2526,0.6102444481686551,0.017866813475804436,16,0.11915870123438521,0.039824583328607055,16
gene_2527,0.627530752297769,0.02087286823829632,16,0.08749913614742381,0.03744737310725566,16
gene_2528,0.6130520460760602,0.015292881039900999,16,0.12011865118664689,0.040292767245134156,16
gene_2529,0.5875939623245049,0.024067273251632135,16,0.13035697832820373,0.04271267616414156,16
gene_2530,0.6276772340312203,0.015696898475449698,16,0.05990823401018743,0.031250152698782015,16
gene_2531,0.6139181262969751,0.010218804230660438,16,0.1004374978061936,0.028273207469264754,16
gene_2532,0.5852942991524347,0.01320698890470352,16,0.09038142371576509,0.016071590736802706,16
gene_2533,0.5797043788450154,0.022726762048380318,16,0.10120852831412375,0.05908046575648101,16
gene_2534,0.6138479059953343,0.011554002096607523,16,0.08044503737856395,0.028191389747255834,16
gene_2535,0.6410508455359438,0.013004962043632117,16,0.07341211364698765,0.0313430409882412,16
gene_2536,0.6197137434244848,0.008001697331286955,16,0.07444401494721078,0.03139159320324569,16
gene_2537,0.6434899435655702,0.012474851925879452,16,0.07616500793861389,0.03024011309352505,16
gene_2538,0.6251102108472854,0.005460721015714596,16,0.057933302570294117,0.02288490188906194,16
gene_2539,0.6436147897930532,0.007940698361931686,16,0.06143266570076953,0.02467575396011838,16
gene_2540,0.6175384375022241,0.01576597436193448,16,0.09781133510677564,0.05377301973920114,16
gene_2541,0.6396826746491605,0.004783452840537508,16,0.06709617449501093,0.013516967028456213,16
gene_2542,0.58263368433496,0.01863213513477293,16,0.14375752081806306,0.0813880750243496,16
gene_2543,0.6149671026625826,0.0180396439021935,16,0.10008127049740816,0.03713640280346959,16
gene_2544,0.6142586344440792,0.02996634540517484,16,0.2637373073371379,0.06877621410227179,16
gene_2545,0.6402268966780497,0.007259049295611697,16,0.06672145123552137,0.02620305553876999,16
gene_2546,0.6653645399376074,0.004723651623878908,16,0.032126145255669966,0.014841639020354338,16
gene_2547,0.6114198933942636,0.013655746353510452,16,0.07625971197498013,0.03443292592101126,16
gene_2548,0.6422046572129694,0.00701928454667852,16,0.03744262813578856,0.013385400907540616,16
gene_2549,0.6322687693442276,0.011181596529518162,16,0.04528995669790777,0.03210920733733419,16
gene_2550,0.6216677396439904,0.01377971038204789,16,0.10765731212536693,0.03958108420872032,16
gene_2551,0.6217583136573669,0.011739082428120638,16,0.10621294095630453,0.04882940299836988,16
gene_2552,0.6167658752166911,0.010589340775328835,16,0.055495307931695124,0.03331842174196942,16
gene_2553,0.6369276250993761,0.01437226763202634,16,0.10641428799324526,0.021013078880526045,16
gene_2554,0.6266792459456807,0.006132891696678529,16,0.06383781821741356,0.028156937761244713,16
gene_2555,0.6039591145880545,0.0166218274686924,16,0.08675091352172429,0.03027120922565834,16
gene_2556,0.611961647141257,0.015833296043897604,16,0.11588578702562921,0.03771900541820384,16
gene_2557,0.6050598772242837,0.017745372720625405,16,0.13206980373500224,0.048070705933173793,16
gene_2558,0.5942379087083223,0.01759412829796286,16,0.12167258764044825,0.06482726721927591,16
gene_2559,0.6091000176585065,0.0037882361168167563,16,0.051819607327905526,0.015163081433571566,16
gene_2560,0.6135535644938324,0.012889771236160474,16,0.05196509438969083,0.013749934145339884,16
gene_2561,0.611661334065732,0.024026150802217053,16,0.15274396735785448,0.0683861442318396,16
gene_2562,0.5983583992785113,0.013939524695746353,16,0.10619231194312995,0.041012301743785715,16
gene_2563,0.5704062762945411,0.03177008843389812,16,0.1700241983524699,0.06345206001099002,16
gene_2564,0.6163795438370632,0.006938692004534298,16,0.062195540121030304,0.0420316157870662,16
gene_2565,0.6366027305775561,0.009395927175961424,16,0.04437119054347031,0.021199250685362738,16
gene_2566,0.6094088675513747,0.015134719065081332,16,0.1149213370014091,0.05316043163485669,16
gene_2567,0.6077045614419584,0.007976893171890606,16,0.0392936841199648,0.010309263915892,16
gene_2568,0.6102905657826332,0.011960913245721499,16,0.04158456403555879,0.012110013383737062,16
gene_2569,0.6101795087777057,0.010968000538023975,16,0.054260935682703265,0.02568154124051798,16
gene_2570,0.6210817669138282,0.013892448866962729,16,0.07969048277109773,0.040493673736389985,16
gene_2571,0.6530070140906208,0.009172829240321426,16,0.03747607169818224,0.022493836995680597,16
gene_2572,0.6348480894294004,0.010510740184898277,16,0.05752561127362516,0.017576953323319735,16
gene_2573,0.6312876176375798,0.009745509157239969,16,0.0777210881245778,0.03642504318666862,16
gene_2574,0.6466855533248973,0.0066856048336263,16,0.028426197522548217,0.009781198462439095,16
gene_2575,0.5849403689554291,0.012224064574601944,16,0.11699658223356485,0.05131717557254582,16
gene_2576,0.6283891824835025,0.01062294232540453,16,0.08409301984287515,0.029484339215688004,16
gene_2577,0.5849391288695777,0.03785739697175623,16,0.17355324515919823,0.10212640186095658,16
gene_2578,0.649349497026429,0.006485857340214273,16,0.04936920522103875,0.01775910995325574,16
gene_2579,0.6297998536317788,0.009584840371891803,16,0.054214405027155715,0.024137716635510613,16
gene_2580,0.6107141372122195,0.011977307896616048,16,0.0740462650724373,0.03434256503521446,16
gene_2581,0.6013068911838563,0.011045554215137277,16,0.06650570577003047,0.02995487666101577,16
gene_2582,0.5959267414147611,0.009943595469325604,16,0.08056585123996739,0.027644010117092877,16
gene_2583,0.6076305164914992,0.013006387761013928,16,0.08704292107054366,0.03301073784344387,16
gene_2584,0.5946202635939728,0.03155725210150998,16,0.2092143140448381,0.0750151026541149,16
gene_2585,0.6105548349748371,0.01243689166484282,16,0.08901704711412625,0.041764614685494035,16
gene_2586,0.6032920735053345,0.01517985768061785,16,0.09695010538942579,0.05220282652185449,16
gene_2587,0.6179347299771584,0.03008122973267441,16,0.16127666600883225,0.08283535556337776,16
gene_2588,0.6172127955169631,0.025166749203042064,16,0.14346595813143728,0.07234023602715577,16
gene_2589,0.6036706924826636,0.020906505207962518,16,0.09984661731761975,0.07120795225947561,16
gene_2590,0.6282617562468228,0.010749516807707362,16,0.07442126614004686,0.02590917697652375,16
gene_2591,0.6324022741753316,0.011469702192694631,16,0.05497889535123156,0.02222053821198111,16
gene_2592,0.6111389710295062,0.014168388342125098,16,0.08609379255312588,0.03431442788117281,16
gene_2593,0.5801758591133044,0.021547089706676067,16,0.1302183923246721,0.05976074181133857,16
gene_2594,0.6047847962264172,0.015756293632222515,16,0.06412372599186056,0.020698638662402815,16
gene_2595,0.601125315698254,0.008715381864133887,16,0.07543374352339344,0.02717373547845377,16
gene_2596,0.6113644146325572,0.011119215939921136,16,0.0804613954032706,0.04134802975474594,16
gene_2597,0.5787702515938457,0.019517031723360372,16,0.1507810670665631,0.0860192926573068,16
gene_2598,0.6174571908708141,0.01707096777876991,16,0.13451817427856655,0.03801888502740615,16
gene_2599,0.5862823386226678,0.018204976657837244,16,0.11255203272309541,0.052810454936934474,16
gene_2600,0.622051040839878,0.012411603317608298,16,0.06339784105111665,0.017304264223588623,16
gene_2601,0.611464298805257,0.020650898115487423,16,0.15156571718261488,0.047890677646342465,16
gene_2602,0.5878198576742024,0.013629777873646288,16,0.11858049358316693,0.0566550417258838,16
gene_2603,0.6064628716768365,0.014428568754021584,16,0.06329560175244815,0.025434142977962548,16
gene_2604,0.6323226902416299,0.013745350062288435,16,0.09337586363329056,0.038416987987679375,16
gene_2605,0.5891609274104117,0.022429038442356625,16,0.09532492662245028,0.042740502387065483,16
gene_2606,0.6045044348419213,0.023724763956789262,16,0.1736583729833358,0.08268761994650416,16
gene_2607,0.595520500139166,0.013984154960051185,16,0.11652756770302763,0.036515648636560226,16
gene_2608,0.6197156691157417,0.013629044687844313,16,0.08541050437473222,0.06258244878910545,16
gene_2609,0.6165706065688945,0.012340345297453946,16,0.0639096913246548,0.018930399233696726,16
gene_2610,0.642582370493602,0.011374385277269595,16,0.04382297269001559,0.01561491320643029,16
gene_2611,0.6089888602557482,0.02410084653647243,16,0.18263468555404158,0.061136452480838196,16
gene_2612,0.6024801479966759,0.012711159115810331,16,0.1259211823973408,0.02436449128820248,16
gene_2613,0.6287069014475636,0.00929136686928138,16,0.041106521273129,0.013594268279540613,16
gene_2614,0.6008235418328038,0.020656557674307113,16,0.13239740645206932,0.034146079759343466,16
gene_2615,0.6137201385923998,0.007546050814315946,16,0.05808109181010534,0.025823780455269823,16
gene_2616,0.6223902132485598,0.009031747940507203,16,0.060173354358479855,0.023072453929989332,16
gene_2617,0.605779231466185,0.011255734161564572,16,0.07854997182928293,0.04030693123890466,16
gene_2618,0.6294326975179801,0.01286659695692018,16,0.0685666084432852,0.026977708459827367,16
gene_2619,0.6426393693542947,0.0036667713040960327,16,0.039013887274927536,0.01725930693155388,16
gene_2620,0.6289180252211171,0.011097405716942683,16,0.0652340227431604,0.028300285430379463,16
gene_2621,0.6423099339015268,0.013355748538833551,16,0.10080489612812062,0.028658185116550217,16
gene_2622,0.6493301446457628,0.009760388747477053,16,0.05345320803755578,0.011555307084214877,16
gene_2623,0.634961176165421,0.008259727194358024,16,0.04498165584791535,0.025698126648068677,16
gene_2624,0.6428470419518577,0.006158179777040713,16,0.04757948726954565,0.015425028200443391,16
gene_2625,0.6070948028900047,0.011670270784379218,16,0.08452989107986428,0.034183926266018565,16
gene_2626,0.5952806478239452,0.016287166888464724,16,0.07977629100321353,0.043241650366697526,16
gene_2627,0.6259596805143832,0.0165026644077325,16,0.14565047319715402,0.04359494121145522,16
gene_2628,0.6077603275613419,0.014963018828805796,16,0.09307623531893809,0.04691898540155439,16
gene_2629,0.6109736599708919,0.02092080201649336,16,0.1629004973156454,0.04904972081509291,16
gene_2630,0.6070594142567275,0.018184795037619886,16,0.15605333253493492,0.053825760273049444,16
gene_2631,0.6381664563682755,0.030050594990836822,16,0.12607301919305322,0.09102662921993628,16
gene_2632,0.6136545858891208,0.017984761169776337,16,0.20634154963574772,0.10708632114604781,16
gene_2633,0.6175638375222295,0.01412355793539509,16,0.11026951980006779,0.053525777288536365,16
gene_2634,0.6057223575017556,0.01320185893412232,16,0.11566015995031349,0.029437506235618614,16
gene_2635,0.6306367147189711,0.01005497198811019,16,0.05440198763666937,0.017110485213558582,16
gene_2636,0.6414027966472718,0.009721434074970737,16,0.05223193271352337,0.021566504517980443,16
gene_2637,0.6255949123028339,0.011166108721118426,16,0.05057598490213214,0.031052412607887242,16
gene_2638,0.6317387690964344,0.004714229008904864,16,0.06655412429453987,0.03342811002618109,16
gene_2639,0.6423403051765912,0.007877469418010274,16,0.04624931452781321,0.011976301759973489,16
gene_2640,0.6285201473034271,0.0046957650385551575,16,0.04701299797929071,0.014488030739311725,16
gene_2641,0.6219935519595909,0.009011157793912422,16,0.08258740214130807,0.02168439051432159,16
gene_2642,0.6022642597008774,0.01832282673807884,16,0.1732748081829285,0.05616155108595126,16
gene_2643,0.592524422355312,0.018723050205259953,16,0.15522837958304572,0.06172520629839746,16
gene_2644,0.61040541474187,0.016762631862954364,16,0.08295279061484731,0.03392053557489186,16
gene_2645,0.6413300365097264,0.010368113090379629,16,0.0793947727636148,0.033583975572950835,16
gene_2646,0.6210083792855,0.009568310382588334,16,0.07100703578350995,0.025592524532337575,16
gene_2647,0.6163370449110096,0.008916612380138494,16,0.04584557721227748,0.019546387246643995,16
gene_2648,0.5996836332383593,0.024367291953196472,16,0.09963723390011621,0.05881388504422384,16
gene_2649,0.604057952449365,0.022455058112827133,16,0.13427472851045671,0.07179070892636732,16
gene_2650,0.6437079116991828,0.003732947462966397,16,0.043745519654904065,0.010277053850142147,16
gene_2651,0.6154239675780963,0.014562298159258604,16,0.10230627583966904,0.06498186284660862,16
gene_2652,0.621843990703758,0.009075372890046535,16,0.10752964350743115,0.037487932290452164,16
gene_2653,0.611692292466843,0.016080108877988403,16,0.09901486237949136,0.05495451790421587,16
gene_2654,0.6467645423296814,0.0076445331817235835,16,0.04260701086138145,0.015491147553844965,16
gene_2655,0.5950812858751914,0.016837622790496717,16,0.11515770152508593,0.06319911534249975,16
gene_2656,0.6430941588857826,0.008636096309538578,16,0.08008043031828,0.04329048478374908,16
gene_2657,0.5772636064629366,0.006763169771335907,16,0.10977371350842746,0.02350156005698214,16
gene_2658,0.5962068685917725,0.013833133572436564,16,0.13069995256077124,0.060507128180470604,16
gene_2659,0.6140934579018474,0.015150769865092542,16,0.06695492680923576,0.02992654343074479,16
gene_2660,0.6000682681246741,0.015288379542477677,16,0.06982451841974469,0.02641525405295728,16
gene_2661,0.6368611449238537,0.009904312062181364,16,0.06240972787004784,0.017781727845801325,16
gene_2662,0.6271409551620991,0.010390766751607182,16,0.05796713266087061,0.025492065523830803,16
gene_2663,0.6386418358073261,0.006002726910889995,16,0.05193451263611746,0.01865183377711594,16
gene_2664,0.6203348164137931,0.012857170939370773,16,0.07545804603332788,0.023088629332856155,16
gene_2665,0.6071346537100737,0.008472700872514373,16,0.07302419753541228,0.031493944960155534,16
gene_2666,0.6066857576340982,0.01340605452124871,16,0.0646265269826367,0.0342685934468733,16
gene_2667,0.6553022369776815,0.0035277135471230084,16,0.026790975183839456,0.012646416566023076,16
gene_2668,0.5956276475062378,0.0077528397487264845,16,0.05663010077050344,0.021776533042290425,16
gene_2669,0.6398934499369472,0.005543518862749412,16,0.06810971793368921,0.021633963713533308,16
gene_2670,0.6010329519028501,0.017967400249087554,16,0.20131928498314625,0.08382143765142736,16
gene_2671,0.5917398552202541,0.03422187764379088,16,0.13734619549150423,0.08775274257850055,16
gene_2672,0.6129877432801588,0.008315491515900554,16,0.058817821097402134,0.029094965436021095,16
gene_2673,0.5864899190169531,0.013917709735438379,16,0.09653039791917939,0.05463652318507116,16
gene_2674,0.5670422698167923,0.018646454511659603,16,0.12755121887753104,0.05003548505252869,16
gene_2675,0.6497745449440926,0.008327245737228381,16,0.05575424136637076,0.023126136353464055,16
gene_2676,0.6354892414787062,0.007861972181388269,16,0.03539402686812756,0.014598618251045853,16
gene_2677,0.6351084524229791,0.006510076412381177,16,0.027893235013991848,0.01185012992717399,16
gene_2678,0.6139150179744899,0.01848007466368881,16,0.07430248933956919,0.036983462400669534,16
gene_2679,0.6366806308069946,0.013945639752664031,16,0.054775441872760185,0.027276555319339403,16
gene_2680,0.6115189007078893,0.02154917848097638,16,0.14729006619446786,0.06799231672712745,16
gene_2681,0.6315320775976747,0.012573564132406404,16,0.0515378171404727,0.016746753441263643,16
gene_2682,0.6174522335768798,0.011049540748286665,16,0.04503962896444485,0.018993049168530035,16
gene_2683,0.6425742631912633,0.004079861283199689,16,0.037329045996682964,0.016800600142578365,16
gene_2684,0.6399961830106938,0.009642188493222115,16,0.05497633189081759,0.038406631797729344,16
gene_2685,0.6152676248474686,0.019771075854349895,16,0.14098273023681723,0.0652535951896435,16
gene_2686,0.603931668680151,0.025100194868218715,16,0.13995650310469368,0.05302123537960431,16
gene_2687,0.6529564670892298,0.0048908741238436575,16,0.0449145771211438,0.022386643271275975,16
gene_2688,0.6036546908257262,0.008226625393633242,16,0.10511220846010577,0.03921219172469544,16
gene_2689,0.5929093287646255,0.011330559197714076,16,0.08999372818282764,0.03701939732792678,16
gene_2690,0.624288392778729,0.011829894680432976,16,0.06515281104463817,0.036959804637409346,16
gene_2691,0.5809908434435365,0.021953845075321637,16,0.10642349437894236,0.04957039960725602,16
gene_2692,0.5915391107947383,0.011536371369027881,16,0.14910924983563534,0.05185656481273786,16
gene_2693,0.6263457439834942,0.008543841532451888,16,0.05643781398640769,0.012493301164480027,16
gene_2694,0.6329200603117999,0.015573124908742296,16,0.0577625743243342,0.036143995119512405,16
gene_2695,0.6311668462181332,0.01281875243991929,16,0.07755423815503056,0.03995784489773387,16
gene_2696,0.6594413933087602,0.0017542037921999894,16,0.02119487853501207,0.008616166431447095,16
gene_2697,0.6347927320735469,0.012744798508660277,16,0.09983758300913204,0.03232590345424736,16
gene_2698,0.6381478778667832,0.010679829826591932,16,0.06860074759439555,0.029428536453802497,16
gene_2699,0.5997926637683109,0.01702091527428469,16,0.10996607566403063,0.08505274357906989,16
gene_2700,0.6135910101303336,0.009669246675767655,16,0.07288159148916042,0.02884070230555416,16
gene_2701,0.5958918894069325,0.009601900079693616,16,0.07924943022168728,0.023453584719719804,16
gene_2702,0.6174554845821209,0.005138236087387564,16,0.0707948724042369,0.025488000422040188,16
gene_2703,0.6274486820305203,0.006248948349902428,16,0.06938945784559171,0.02213070531137115,16
gene_2704,0.6256523841195644,0.011456491843633008,16,0.11752550757288946,0.050152555305747304,16
gene_2705,0.6261032789292227,0.010670381470609969,16,0.09508269042449191,0.03191569303449599,16
gene_2706,0.6209393669807092,0.009447026596667013,16,0.056165857846591796,0.030323645685194207,16
gene_2707,0.6153863974042483,0.015469431711710082,16,0.06157647037946368,0.0273302754662944,16
gene_2708,0.6288754060796886,0.008006370811935285,16,0.055918320833123474,0.011131579301160056,16
gene_2709,0.6113366059650576,0.008353466496284245,16,0.08178000278907434,0.03310502791060623,16
gene_2710,0.6004839885520382,0.011796206829644617,16,0.08514276079890462,0.023929329887910956,16
gene_2711,0.6112158137987573,0.024758348421454683,16,0.13452660330886776,0.04783028995394098,16
gene_2712,0.5967506890008832,0.014364126644034187,16,0.14683350064337541,0.055832330124672404,16
gene_2713,0.639443701440675,0.006767301308059275,16,0.1121379813661599,0.050527090550632744,16
gene_2714,0.6324041686159374,0.012567351744274941,16,0.10159455936982255,0.030484609484044647,16
gene_2715,0.5978819994668905,0.013130245808334747,16,0.0882938086354634,0.02700165252295098,16
gene_2716,0.6298197105171367,0.009029663741313846,16,0.09926082390403307,0.03914443283434728,16
gene_2717,0.5945200289501594,0.018026635692271996,16,0.15071340002526215,0.05041278884739976,16
gene_2718,0.6227175051444312,0.02009165094511031,16,0.0894841879890121,0.05549892092304456,16
gene_2719,0.6125384467574864,0.01514396056942524,16,0.08804925986339485,0.0339387197274798,16
gene_2720,0.5783372826426432,0.017270870179179377,16,0.08975796904978822,0.03529525991308208,16
gene_2721,0.6206816693355018,0.008629235969541248,16,0.034743585875228716,0.009112470146091886,16
gene_2722,0.597505755875695,0.020757263888799758,16,0.12339121713641985,0.07978767632566822,16
gene_2723,0.6319758771873701,0.019503779792151454,16,0.08457779366333858,0.042372464896854214,16
gene_2724,0.6119917313555286,0.009379800338647866,16,0.07065309412515117,0.03370471710417813,16
gene_2725,0.6316994746450487,0.009207619326300346,16,0.060436338372438045,0.02673631762662291,16
gene_2726,0.6273184862034392,0.009250799759073095,16,0.04309666820165756,0.02494064151181394,16
gene_2727,0.6475588306231612,0.004039649588485008,16,0.04366864000195156,0.021368589607457678,16
gene_2728,0.6016125897425786,0.013643628743326577,16,0.05865923091126122,0.03593182523778413,16
gene_2729,0.6365090385358972,0.012422248614317143,16,0.08310560531530822,0.027462132856314422,16
gene_2730,0.6055958705100282,0.018365352560197508,16,0.08639302422293511,0.04566037113848532,16
gene_2731,0.6131020440902172,0.01871673474078567,16,0.08048095768231384,0.02107273593581157,16
gene_2732,0.6214736335401416,0.017264848524786394,16,0.1075123389101115,0.034446536850090054,16
gene_2733,0.5999221061011656,0.017085657533524354,16,0.15042200010839546,0.05742254981433868,16
gene_2734,0.6126350389807715,0.014979355162701569,16,0.043391098668719874,0.022358900978696868,16
gene_2735,0.6399568982746948,0.0056096307697231515,16,0.052007275724121525,0.00986791389420762,16
gene_2736,0.614449456765568,0.008618804107371578,16,0.09553398208805625,0.03834379002119764,16
gene_2737,0.6380214592686969,0.007763122733391451,16,0.050837613444040176,0.022183402856308716,16
gene_2738,0.5794987776422968,0.03531637958575501,16,0.13089603540267014,0.08020922753029675,16
gene_2739,0.6428340208427806,0.006590383200783278,16,0.027309456029656485,0.009007521038893355,16
gene_2740,0.5890172290805787,0.022331368434516524,16,0.11285028703422781,0.04261875630261812,16
gene_2741,0.6214547769097977,0.008560922577314601,16,0.036374576525520994,0.019233631206792147,16
gene_2742,0.6481607774809331,0.005010710659922609,16,0.057069463778811814,0.009913386816114216,16
gene_2743,0.5882805161624759,0.020321799623282847,16,0.1562766078201401,0.04406922716045548,16
gene_2744,0.6162830115536602,0.006649073335930114,16,0.07636286269420525,0.013696264884250445,16
gene_2745,0.6407169868044403,0.009479806334765225,16,0.03892125310560688,0.03968199352911582,16
gene_2746,0.6217000990219737,0.007876173438314043,16,0.08273796651053161,0.0316804847761011,16
gene_2747,0.6235579541206758,0.009720605924475986,16,0.07853214804694635,0.025685652317787144,16
gene_2748,0.6130366252050916,0.009973544408011575,16,0.07004271015152072,0.0481561344854061,16
gene_2749,0.6155424407859923,0.01164947496980546,16,0.06412045898655003,0.028653164564597676,16
gene_2750,0.6271583403277096,0.010823249233394639,16,0.05572059872736111,0.036027430778557336,16
gene_2751,0.6298218316546809,0.007212664965367181,16,0.0654724425671429,0.031010693479619125,16
gene_2752,0.610291805441833,0.007065449526211567,16,0.0885463008732433,0.033418569308113086,16
gene_2753,0.5980507769284831,0.013280923134781731,16,0.07207715109869613,0.019141519794212025,16
gene_2754,0.6313892673812543,0.014292739193816446,16,0.056011373345597304,0.02756858422669364,16
gene_2755,0.6430808177610992,0.005900805861571547,16,0.03347327853215636,0.014830076578620935,16
gene_2756,0.633025249669401,0.02335704970524083,16,0.1371281825790419,0.061312555732640654,16
gene_2757,0.6214283720941947,0.025841467265081283,16,0.1219072277247957,0.0911662407490627,16
gene_2758,0.6267201081819203,0.006596249615120524,16,0.06414947736969269,0.02259731172080299,16
gene_2759,0.639164697893901,0.006593977285281607,16,0.04741106867791293,0.015380307689824377,16
gene_2760,0.629206472043721,0.009574727724474588,16,0.0916566528880188,0.035089449933739573,16
gene_2761,0.616898817165767,0.01847413323063696,16,0.08307904160389636,0.03504755506795086,16
gene_2762,0.6354770004266574,0.017115940421633898,16,0.08685393152804716,0.036980444011753565,16
gene_2763,0.6364960176517102,0.009822989005859392,16,0.07520221952643821,0.02597373894568732,16
gene_2764,0.6343993372591681,0.012052489583213198,16,0.04811889785024573,0.024296071681426026,16
gene_2765,0.6264978737189342,0.019385965991068888,16,0.13125684683177063,0.047211137624045864,16
gene_2766,0.6208109622436581,0.01374862687220225,16,0.09924585675655558,0.026100674220257594,16
gene_2767,0.618004344064165,0.019888730597170542,16,0.11926094575863352,0.06035496745564455,16
gene_2768,0.5841361267361743,0.013655816910311511,16,0.07853881769426836,0.0315768491054648,16
gene_2769,0.6270139560193899,0.013227003657671738,16,0.06418120311030699,0.0226719064126493,16
gene_2770,0.610934150957556,0.01409830050987514,16,0.09917600831819057,0.0343385694318788,16
gene_2771,0.6458281089327789,0.006276365637788327,16,0.034833291470710834,0.020552784821257334,16
gene_2772,0.5926542024102909,0.01249682448980411,16,0.10116063859858253,0.023959153696654575,16
gene_2773,0.6146689109637219,0.008234765195581976,16,0.07447395753112249,0.022160367155852782,16
gene_2774,0.5966043075608489,0.0084003855202495,16,0.09406210676979845,0.03492212367427147,16
gene_2775,0.6025229011260197,0.01271727172793719,16,0.08528272436437115,0.06105958545749774,16
gene_2776,0.6013362569527745,0.021201767757623825,16,0.15422826885004937,0.020777767656952533,16
gene_2777,0.6192830685811334,0.023000896473436762,16,0.18633333661321824,0.03913018600479372,16
gene_2778,0.6285517518899069,0.009784925179700648,16,0.10696451307424161,0.04129254339387899,16
gene_2779,0.6255448080550913,0.010360438444924186,16,0.05532827202051331,0.02214555846612943,16
gene_2780,0.6528122518913758,0.006193673231172608,16,0.05394580374747657,0.014092029936422414,16
gene_2781,0.6499590482231933,0.003519696008652041,16,0.046903513575646455,0.012822408709530159,16
gene_2782,0.5613185503275796,0.022325076506430522,16,0.10374155761316983,0.04498254305484906,16
gene_2783,0.5948911893802942,0.012875978682497045,16,0.07442719319949326,0.03053991317582362,16
gene_2784,0.6586553787552252,0.006096594547061193,16,0.06741805471512922,0.02897455559643654,16
gene_2785,0.6059687231311387,0.01717645679983389,16,0.09339595270921319,0.025578487068580406,16
gene_2786,0.6003677196419946,0.005352944367973416,16,0.048303492894246736,0.023004932754098067,16
gene_2787,0.606989717945104,0.01532478667285994,16,0.13214556869339214,0.05527116115602753,16
gene_2788,0.6202975227566687,0.014160559659821019,16,0.0510145958078295,0.03137519942761694,16
gene_2789,0.6337753055377539,0.004995532060174235,16,0.042791483472497456,0.02061779791877544,16
gene_2790,0.624206180831831,0.012787242070141666,16,0.10911109282936755,0.056375545587852065,16
gene_2791,0.594242161675091,0.010633990047852704,16,0.08422784648344568,0.026395656769261575,16
gene_2792,0.6299107891379037,0.007345707756883524,16,0.057022889047913514,0.020179195783008735,16
gene_2793,0.6255130543624748,0.012430391153918068,16,0.06678552385001685,0.03615555768017722,16
gene_2794,0.6076801651594592,0.022601132155524534,16,0.19088114262925007,0.06349285482621375,16
gene_2795,0.6067243823454831,0.012467583182817444,16,0.15423083853222122,0.0890430384527482,16
gene_2796,0.6424029390315805,0.005053415312765284,16,0.04235259488804198,0.014293852242220796,16
gene_2797,0.6475920880067106,0.005451146281652413,16,0.05496041809673414,0.02851670565968245,16
gene_2798,0.620193931397508,0.017815460689000754,16,0.12471761148872132,0.033429461721906036,16
gene_2799,0.62873198957685,0.013244899714089766,16,0.052908889578312364,0.031702714707338556,16
gene_2800,0.6335861681021737,0.006180091917751917,16,0.045707913449359074,0.01569907669466795,16
gene_2801,0.6027359360235995,0.006652278942084846,16,0.08450142978283019,0.027323156014652638,16
gene_2802,0.6182344344473565,0.017067674732086688,16,0.10916248882397532,0.05189731067713268,16
gene_2803,0.6219846430003811,0.011927461025936658,16,0.06334044093666018,0.022932788558593428,16
gene_2804,0.6333800159590791,0.008781446926204946,16,0.06249441985867226,0.02128921831518486,16
gene_2805,0.5868939649247977,0.025060497543433112,16,0.12567050136596705,0.05939445759986538,16
gene_2806,0.6141091436196962,0.006101476299730912,16,0.06598103771425588,0.02751252499928401,16
gene_2807,0.6246481500855412,0.005849790768343134,16,0.025582216090619787,0.009788994040775857,16
gene_2808,0.6504197080214016,0.005834788173644131,16,0.05265132071096629,0.01319177774584433,16
gene_2809,0.6035308343764137,0.01085103148505865,16,0.08651125642531979,0.03821252177914877,16
gene_2810,0.5890358991570712,0.018338612194208997,16,0.0971402638044485,0.04277429420070856,16
gene_2811,0.6066416494404728,0.010196647571615463,16,0.08551495779190807,0.03964194064235331,16
gene_2812,0.6009153316635335,0.0155107325864459,16,0.10489471107392749,0.046203603980040094,16
gene_2813,0.6169513587216254,0.008444641229445816,16,0.07673384357444851,0.018218938988437194,16
gene_2814,0.5890647730798979,0.03051500014703439,16,0.12624804311621948,0.09351588107557295,16
gene_2815,0.6317723806614702,0.004536260814163073,16,0.05867002546053496,0.025725408930932045,16
gene_2816,0.5846249251171114,0.01597916551896785,16,0.11788838273175589,0.03819377355671707,16
gene_2817,0.5804450518932492,0.03557774044912468,16,0.14854451956440343,0.0477950801951051,16
gene_2818,0.5910242713025937,0.02070028692532087,16,0.06043810957042116,0.02622445882433577,16
gene_2819,0.6244526349453005,0.020891602003843674,16,0.06116849583707804,0.021531473659695884,16
gene_2820,0.6016964283586277,0.022251613870464405,16,0.1301954810600217,0.062296638368576226,16
gene_2821,0.6140511549260834,0.01246790961957177,16,0.055084685540744305,0.01916331751480448,16
gene_2822,0.609722503592209,0.009001278455378098,16,0.07644963573040882,0.03823830191772867,16
gene_2823,0.6078695786736946,0.03885779871375283,16,0.19777326939961792,0.08321726745055029,16
gene_2824,0.6380059399964254,0.007707242522648978,16,0.038213630765387314,0.02421526455806813,16
gene_2825,0.6168747436593821,0.011097044460940184,16,0.09198573736669222,0.039157465192542436,16
gene_2826,0.618206808506341,0.011917483801840757,16,0.07918485550375748,0.02957295626326977,16
gene_2827,0.5497755118537742,0.01778946773786744,16,0.07383543120981395,0.013753705450582956,16
gene_2828,0.605218958026975,0.014209024879167994,16,0.06090500916891847,0.03269961535727809,16
gene_2829,0.6315925960435863,0.01699671642897575,16,0.10696464493296373,0.04830465626861703,16
gene_2830,0.6019715095170048,0.01520985303952608,16,0.050978129674617505,0.015995617066381702,16
gene_2831,0.6034564868182931,0.02914095258023763,16,0.1627143043002425,0.06648127962234462,16
gene_2832,0.6237011468604335,0.011531904200671001,16,0.0914034609231496,0.048289655287540506,16
gene_2833,0.6148199748797335,0.006404938917170179,16,0.07688150942702399,0.04544153050004036,16
gene_2834,0.6351939532989672,0.009744819480640144,16,0.06646562653558828,0.026705253963713455,16
gene_2835,0.6306235318981097,0.0065875896254494045,16,0.034733112330715646,0.016182987071315814,16
gene_2836,0.6361694360669986,0.00691517501903628,16,0.0410420093654053,0.01614362322266111,16
gene_2837,0.6211671654627187,0.016213853901661267,16,0.07818448696512098,0.0380679042684848,16
gene_2838,0.6507070896542313,0.007572954899698868,16,0.037623525141354315,0.012642279211140839,16
gene_2839,0.570180509805481,0.021545176302597138,16,0.11978233671619895,0.037458331825009454,16
gene_2840,0.6302681728063028,0.006866322545985724,16,0.06825374636926446,0.029505980309780286,16
gene_2841,0.6094341438650147,0.012500796682923419,16,0.12030471499011866,0.030271705967269358,16
gene_2842,0.5927423003882207,0.028528973751730923,16,0.15826914658164445,0.04958467800416256,16
gene_2843,0.6068607279725358,0.018495301629668913,16,0.18427449388162664,0.04675159374931178,16
gene_2844,0.6166065178360227,0.008441312952787957,16,0.05914576492566662,0.027969066837943708,16
gene_2845,0.6164654510099351,0.009330711750701368,16,0.05347773783961411,0.013263761415581735,16
gene_2846,0.6117304624556659,0.010038681627253385,16,0.09648079679371323,0.023905973214956643,16
gene_2847,0.620874290973481,0.01640620014975422,16,0.10869248601683798,0.0514394668145057,16
gene_2848,0.6191825335726107,0.017562795778731766,16,0.11444453641754306,0.052006090210735524,16
gene_2849,0.6257301023632024,0.008796368851606012,16,0.06086192390201259,0.024497043430205215,16
gene_2850,0.608601699022937,0.0032077304122531563,16,0.03939118501576761,0.015525243448686811,16
gene_2851,0.5752274484290043,0.02502184822388829,16,0.07867170074766365,0.028071427159934437,16
gene_2852,0.6215343656643263,0.011307467186074453,16,0.09057113515465767,0.03170683196491434,16
gene_2853,0.6391992615121964,0.005725919932716439,16,0.04367072246358497,0.015417289696415757,16
gene_2854,0.6027451452213454,0.011192913231201161,16,0.11838884271848375,0.05025243660199665,16
gene_2855,0.5998917594501495,0.0272522970706219,16,0.20494278699192964,0.08450610152562993,16
gene_2856,0.6072257041072501,0.014550329007569753,16,0.12044446193107192,0.07594038721200276,16
gene_2857,0.6303023527950109,0.008870833242900382,16,0.06388027362130429,0.023659572197304506,16
gene_2858,0.6249182539359628,0.015478865535935657,16,0.1351578355661903,0.034416211054384784,16
gene_2859,0.6223333154189902,0.013460244903009693,16,0.05323595584791545,0.02038062923710274,16
gene_2860,0.5893322987793537,0.01149543767446881,16,0.15149898602488812,0.034064635702455895,16
gene_2861,0.5972404614002285,0.01520110421766037,16,0.10887315920924592,0.04895844066669623,16
gene_2862,0.6236138486611704,0.012203865851926421,16,0.06957073844730458,0.030335319581730615,16
gene_2863,0.6106642763157143,0.005957884251892436,16,0.03904311618718774,0.014295773232982267,16
gene_2864,0.6246451839730727,0.019661997914470885,16,0.10255566724475794,0.05414647293255556,16
gene_2865,0.608126268768021,0.013982192568639983,16,0.12735485497895782,0.04963094640385599,16
gene_2866,0.6353097239329716,0.010740015693133736,16,0.07424962068359534,0.030064278561496873,16
gene_2867,0.6170066282160654,0.013029859167510632,16,0.07931985699006878,0.02288305811184891,16
gene_2868,0.6508409361747874,0.005681984271099464,16,0.03803185514020804,0.02090317014387399,16
gene_2869,0.6106979533057536,0.007649254970939143,16,0.05403813597665966,0.017870135589338733,16
gene_2870,0.6205274410620975,0.015185821379265293,16,0.0841318895045443,0.03523968997423082,16
gene_2871,0.6186178874902178,0.015600327116652286,16,0.12594220303700795,0.04142310723194649,16
gene_2872,0.6361839920543673,0.0072544196120805145,16,0.028379643625003143,0.008338565421076003,16
gene_2873,0.5890242289047533,0.022134728251622597,16,0.10950821938060039,0.06657886854139779,16
gene_2874,0.6258410132338063,0.005734174489911831,16,0.04387097432241588,0.01389936149205549,16
gene_2875,0.6083590954106384,0.013381597025902577,16,0.0731838138747469,0.02236914591308858,16
gene_2876,0.5906027398322201,0.034387742833596996,16,0.16583685880207344,0.042931728759436044,16
gene_2877,0.6330188994148589,0.014941415667345824,16,0.12948890226455345,0.04872756956068598,16
gene_2878,0.6020985680961116,0.014524195207717513,16,0.11596412466735995,0.0819406172344237,16
gene_2879,0.6436226068134522,0.007854329446667177,16,0.050346190771580555,0.0301288423598271,16
gene_2880,0.6092055617076974,0.01617184628230419,16,0.10454004293961525,0.051728445621559045,16
gene_2881,0.5953050120719221,0.01659594593654906,16,0.11816223498871978,0.047744329886776404,16
gene_2882,0.5792896866468098,0.023069917437503615,16,0.1238996281194031,0.05867858057528043,16
gene_2883,0.6492722069135446,0.005097149319779637,16,0.040292659549262554,0.02486666499848333,16
gene_2884,0.6076179494194992,0.012151705199916494,16,0.05075531356453402,0.020573228938642028,16
gene_2885,0.6047843607975601,0.017929796122491126,16,0.07058686039327317,0.027823566274992318,16
gene_2886,0.627422792936937,0.01464968318167756,16,0.05119928670543522,0.041005544039909574,16
gene_2887,0.6188399770367954,0.007988480327389516,16,0.06984583761513781,0.0225463714894479,16
gene_2888,0.6135388564488693,0.016873357807757526,16,0.10807077243663567,0.05789613286446949,16
gene_2889,0.636493294243392,0.007978532716704201,16,0.05235399009499646,0.023433832822446342,16
gene_2890,0.6160534776347548,0.007996768013881127,16,0.0473361679354701,0.01553202545675743,16
gene_2891,0.5922353102800298,0.015888709501685954,16,0.16390782200629336,0.08024254359514853,16
gene_2892,0.6139447037324979,0.014123890015167274,16,0.061997838109661,0.027841863629611174,16
gene_2893,0.6250241198244478,0.005696744954366183,16,0.027621204853066135,0.015942892596949133,16
gene_2894,0.6231355493001757,0.010333163081745464,16,0.07383804143012777,0.016267167862872856,16
gene_2895,0.6285168149818485,0.012754477407592847,16,0.09588228236027199,0.043550255781348815,16
gene_2896,0.5799389465348096,0.022231890008759324,16,0.138170311542366,0.0370115504035941,16
gene_2897,0.645767028894902,0.010873562486664904,16,0.06891854505747158,0.029863052559232786,16
gene_2898,0.5948025211157355,0.011376136604855713,16,0.06660098617784774,0.01770196026280872,16
gene_2899,0.6169287618690875,0.009552756470784648,16,0.06983119760507392,0.022915929207849565,16
gene_2900,0.6252931332523994,0.008032959448821821,16,0.03702492972163953,0.013193577669986191,16
gene_2901,0.6340541960370938,0.007880823549790524,16,0.05152101840059545,0.030616155381325727,16
gene_2902,0.6120721315816544,0.016074404742401637,16,0.14326897305385694,0.04525768902245493,16
gene_2903,0.6208618337247104,0.011646640546305896,16,0.07130337636206414,0.03138113511224843,16
gene_2904,0.5998962955374162,0.008918619725492698,16,0.05738423702804333,0.021166500200665097,16
gene_2905,0.6100645758724456,0.015700187327395435,16,0.0874072295828974,0.02463102652191283,16
gene_2906,0.6310351671592421,0.009950104341063633,16,0.08451939348980439,0.028956956572796764,16
gene_2907,0.6342780788571948,0.009448539320244366,16,0.05153758316066173,0.0339179519746515,16
gene_2908,0.6064975219088274,0.013787559947178864,16,0.09192904904971994,0.04885692651348798,16
gene_2909,0.6427348817977714,0.00842502498241751,16,0.0370470161554786,0.014431179130264912,16
gene_2910,0.6274759455530751,0.016886574948534135,16,0.11147977055453828,0.06978488203942898,16
gene_2911,0.5947664886005275,0.017119330212952213,16,0.16989034277330203,0.03307063302539622,16
gene_2912,0.6096577961253689,0.012257927350292382,16,0.05061361016828546,0.02445969995028758,16
gene_2913,0.5973513282727687,0.016959900576673223,16,0.19220842714360145,0.03754398211101269,16
gene_2914,0.6102376754333934,0.007624515417568508,16,0.04158304028424216,0.024069246295650017,16
gene_2915,0.6076042116186412,0.01750867840103847,16,0.075355913998013,0.045063482063534416,16
gene_2916,0.6208752722464764,0.009441459372797674,16,0.11467914603997154,0.030564208209455816,16
gene_2917,0.6613078344431297,0.00810222609729605,16,0.04175580460099057,0.01851094887293057,16
gene_2918,0.6154800536947965,0.010163997771498871,16,0.10810730068194752,0.020616140557207865,16
gene_2919,0.6181097865813583,0.013166382598051963,16,0.04424471000087997,0.023274836825167115,16
gene_2920,0.6673067218827503,0.004341263964740293,16,0.021686921623961502,0.010037863683707442,16
gene_2921,0.6412143789525383,0.005363398019761225,16,0.06871156585837493,0.021833115007730643,16
gene_2922,0.6258635820584115,0.009041321459240484,16,0.07639807668160015,0.02380824968978006,16
gene_2923,0.6128463266205528,0.011192470945419164,16,0.052202298222400266,0.023110144525889414,16
gene_2924,0.6178305092067645,0.008740500771184247,16,0.08980219997463508,0.03874999336411581,16
gene_2925,0.6387617958571813,0.006994157870204463,16,0.054126950721208024,0.022764320536327376,16
gene_2926,0.5992524994024961,0.018291941860777747,16,0.14760837985368308,0.08533218410572195,16
gene_2927,0.6219470070339232,0.015879056110028444,16,0.074610441774347,0.04679130958478699,16
gene_2928,0.6041806052464995,0.012398499152031173,16,0.11605655683411856,0.05786768103154874,16
gene_2929,0.6228596238550993,0.014660346107864004,16,0.06845963974116039,0.03520329698525832,16
gene_2930,0.6415259398879232,0.006251042236391814,16,0.042798103238850034,0.015088126883326334,16
gene_2931,0.5967985239540551,0.020672106333541704,16,0.11537138841812514,0.03588417810390392,16
gene_2932,0.6178934026160258,0.013281027807248685,16,0.09914052148407601,0.03618649729287001,16
gene_2933,0.6267592786937914,0.0043148678980708234,16,0.042884637155567305,0.01658006148348382,16
gene_2934,0.596504699584649,0.013025274025030844,16,0.12429978202237114,0.05014123134214261,16
gene_2935,0.6268897756744726,0.0038038511227273045,16,0.06909425610152106,0.030845109422005156,16
gene_2936,0.6300697392911464,0.010658546558550296,16,0.0633675632209396,0.0194474670283677,16
gene_2937,0.6183916621134785,0.010365353929449664,16,0.0794206900621621,0.030347814709802086,16
gene_2938,0.5946495312149506,0.011478589833567516,16,0.04583041928974757,0.027416319821738408,16
gene_2939,0.6325131155657404,0.01242706764650399,16,0.04699491405116429,0.012468646279496117,16
gene_2940,0.6510822696334215,0.0058072961906234875,16,0.04706213014995266,0.012605582327573328,16
gene_2941,0.624238942588854,0.017821443176915464,16,0.09887260975974006,0.04394009641145288,16
gene_2942,0.6348945237862137,0.00831152906894696,16,0.04874143270020231,0.015551280990162631,16
gene_2943,0.6206975544911914,0.011516322021577105,16,0.08346881294505637,0.03658337156514787,16
gene_2944,0.5901646836661678,0.01599782721297385,16,0.10616141981904487,0.051233591604993495,16
gene_2945,0.6321401999622394,0.01382411166449358,16,0.06524030371680539,0.03376753146066809,16
gene_2946,0.6370752546706445,0.005356402683509176,16,0.05814409918857923,0.029481413592556637,16
gene_2947,0.6369708031928045,0.01170449619593384,16,0.04467599271471531,0.02491422916313476,16
gene_2948,0.6155406528275744,0.007481480096242068,16,0.08058308350805177,0.04734368053203371,16
gene_2949,0.6663632938373462,0.0034306430117068093,16,0.03783557933631002,0.012438319711654678,16
gene_2950,0.626686553032247,0.007914348939233406,16,0.06727366980614236,0.02340691292755374,16
gene_2951,0.6189578582112706,0.008331023566248636,16,0.07967878558604054,0.03927146339739821,16
gene_2952,0.6000030984716944,0.010911745551962443,16,0.1271125585321364,0.0471236922961579,16
gene_2953,0.6051301053482592,0.02098881759448215,16,0.13185264775776914,0.04702102804111595,16
gene_2954,0.6166620430137726,0.0149289375847545,16,0.1414681826681056,0.047813835518310616,16
gene_2955,0.5912066830375068,0.02376723623956212,16,0.1572710151712898,0.06596417725222077,16
gene_2956,0.6482093104443285,0.004283275661813995,16,0.03151879463013386,0.01800347201200963,16
gene_2957,0.6281015457989064,0.012035529049887863,16,0.05362968866109792,0.019138682639210217,16
gene_2958,0.5838240721152311,0.01766616589912669,16,0.13622600611088315,0.05267382813400806,16
gene_2959,0.6118772803278125,0.011135631388821484,16,0.06984864704593798,0.027332290808018408,16
gene_2960,0.6267033136466912,0.008164370691688226,16,0.08119893816916325,0.014878777297549883,16
gene_2961,0.6169928693418627,0.0069636648758332345,16,0.07379271651121391,0.014477178961737005,16
gene_2962,0.6648831754205425,0.0037559487285867624,16,0.030078983261642617,0.011349096076696673,16
gene_2963,0.5939305460309835,0.011570978167900068,16,0.05425504856637028,0.0264483009765974,16
gene_2964,0.6477539400889908,0.008384248382475751,16,0.0423939412464371,0.014016153883689809,16
gene_2965,0.6042340560547778,0.006707596850062503,16,0.07071819644328255,0.016140276680531942,16
gene_2966,0.6585263114342056,0.0065733656151312865,16,0.03867219659766467,0.019642014607043515,16
gene_2967,0.5689227864802575,0.026680564983297062,16,0.1445206560216269,0.0638121800729287,16
gene_2968,0.6213702492605541,0.010888591059597833,16,0.06143429407048833,0.023152839276009016,16
gene_2969,0.657002936794553,0.005472825133812998,16,0.032061695724227235,0.009924761434380983,16
gene_2970,0.6348239270539207,0.00844626257155393,16,0.07368860966760185,0.030436277893136094,16
gene_2971,0.6203187561566629,0.018329744707043544,16,0.1740287206165836,0.08381424545032569,16
gene_2972,0.5948734748694608,0.01962536900288572,16,0.18345204939534338,0.059659253396288366,16
gene_2973,0.6047243499862233,0.010799052484750837,16,0.10108380130412177,0.034455759578834295,16
gene_2974,0.5789226401709289,0.01760091441096713,16,0.09212849490281191,0.04223707413326491,16
gene_2975,0.5889918432403457,0.02472219960957849,16,0.12017216244803132,0.04295433555742803,16
gene_2976,0.6467444490818508,0.005776749994266187,16,0.03732189348569575,0.024410767266336203,16
gene_2977,0.6194697074620737,0.011745734543817287,16,0.05724936405488452,0.0332879373083342,16
gene_2978,0.5968706802214763,0.015685015397113894,16,0.11634443853244451,0.062371840572108435,16
gene_2979,0.5988322973787528,0.01119755318266865,16,0.10514506507140907,0.03358840286688534,16
gene_2980,0.6009683284237363,0.013602281215394122,16,0.13574428140078526,0.045667908161678226,16
gene_2981,0.6263392455593194,0.013934133045493171,16,0.09386329281407729,0.038695713908700705,16
gene_2982,0.6230851498630093,0.01255099898581402,16,0.06960599432562146,0.03201459069495274,16
gene_2983,0.5876496683116025,0.007039783713439371,16,0.0662970269514494,0.02861995656109652,16
gene_2984,0.6492492189978772,0.007184380644583389,16,0.040709225640071754,0.024879316934747587,16
gene_2985,0.5951153479198702,0.01804488584150432,16,0.13042593332971747,0.0600558834465155,16
gene_2986,0.6031218724277937,0.021077438425845165,16,0.1411259599173148,0.07422554067725022,16
gene_2987,0.6240247905126285,0.01112388964096212,16,0.062550727602057,0.03820576420058373,16
gene_2988,0.6047439407530715,0.020628308560267893,16,0.1658634939922727,0.08061524330338735,16
gene_2989,0.6373872244990966,0.0069411554928719196,16,0.09340325292882333,0.03294920761939921,16
gene_2990,0.5901031459691369,0.0202477819750606,16,0.12739209623831835,0.05707650227311064,16
gene_2991,0.5985001712698983,0.017677565252455715,16,0.12016990290247297,0.06435760945088262,16
gene_2992,0.6515333107435767,0.010072490841462984,16,0.06129163796388157,0.020684320764485203,16
gene_2993,0.6138236685668972,0.004809551393806475,16,0.07354584164704217,0.03873842068023677,16
gene_2994,0.6276457773346099,0.009778804900617243,16,0.084142796051466,0.03704175553543687,16
gene_2995,0.6003005727224571,0.012044674063902187,16,0.07635673486784042,0.024342107692656503,16
gene_2996,0.6453287994546932,0.012829697700128557,16,0.09653792834871118,0.051874628250751974,16
gene_2997,0.6151339018337503,0.009636249622990997,16,0.10668456363768603,0.029702333756411455,16
gene_2998,0.5959523275030217,0.026455283792756364,16,0.13381911348403533,0.08209452403362176,16
gene_2999,0.6469461679880449,0.007338353124779674,16,0.03671698943238766,0.013767902339130606,16
