,CT1,CT2,CT3,CT4
gene_0,1.0415202682778706,1.65471401966397,1.339233134409793,1.3365418142713112
gene_1,1.0330485206655582,1.3257129062310216,1.2184110959944299,1.1803753750274186
gene_2,1.0599283783291988,1.3999878876587688,1.335226929841644,1.3680049982583207
gene_3,1.0399748743528925,1.4242065651822178,1.2397253704731828,1.148385678677682
gene_4,1.0456686378802555,1.2242218396186555,1.4894098388667611,1.2210529925525162
gene_5,1.0245145518381396,1.2562609100213724,1.3928120951873573,1.2228114148155753
gene_6,1.0244080560782063,1.846012417196183,1.3051445738803547,1.243675747499006
gene_7,1.0669526458241139,1.3237672413707746,1.1480120858399596,1.4602785419367612
gene_8,1.027788752509576,1.5368946967321337,1.3861986500233074,1.2398143235723964
gene_9,1.049913105099446,1.2087902298062032,1.327780931954493,1.3920480695917925
gene_10,1.0519122393743428,1.503072985029734,1.3209081483051812,1.3296845123370296
gene_11,1.0305037604321419,1.1912368946049903,1.2184125400972357,1.243028990621571
gene_12,1.0617586985308405,1.2550475128117635,1.4405610373243636,1.527350524238633
gene_13,1.0404199225217572,1.2104177265755065,1.2126230498333805,1.4749739241990527
gene_14,1.039665568084955,1.2620587497645093,1.4620005727204686,1.6175710339476006
gene_15,1.0280410611613686,1.2083869446461275,1.4128935086038914,1.4791434755860635
gene_16,1.0532625416513468,1.6585180694530928,1.2050450366603318,1.3246930860173842
gene_17,1.0555083680466322,1.4496208236018737,1.3334647591371243,1.2022519470181505
gene_18,1.0269074705826249,1.3911925380979888,1.3128314234979284,1.2236348226246339
gene_19,1.040914107974411,1.1886894741538652,1.3233935958809622,1.2308741716647618
gene_20,1.0501033132289295,1.3254838069093253,1.3500831996380755,1.2336661227423722
gene_21,1.0606327954094612,1.4300731187648956,1.5271305865153388,1.367280934344909
gene_22,1.0669779407191282,1.2068874526173774,1.4996717691376713,1.6426342813169927
gene_23,1.0303932663746547,1.227327587871086,1.2307680524547164,1.278134820796276
gene_24,1.056091877260017,1.5368544349845366,1.454174372986559,1.2120536657179541
gene_25,1.0629809166471995,1.4076518496525032,1.4209709067578995,1.3891829539150555
gene_26,1.0650295124256512,1.3210048814702597,1.475576246275268,1.3669515725011354
gene_27,1.0454629282173116,1.3570865914814259,1.6470397839407398,1.6043658586067011
gene_28,1.0436414907803289,1.370047976195489,1.3539993534096557,1.465707351416769
gene_29,1.0427955742200412,1.3748260658846287,1.3987388269835292,1.3623081110467952
gene_30,1.035789963387509,1.316971747784399,1.7321136023088717,1.3154771475744247
gene_31,1.0483202381758838,1.2759067284533285,1.565170359313688,1.3629849809780088
gene_32,1.0621256335137115,1.3107572537323662,1.735815436115691,1.33239593824208
gene_33,1.0447114189283786,1.5100361599596936,1.2866541832090013,1.2616391259956767
gene_34,1.0306222085304928,1.2910869731664096,1.4557102678918787,1.299346123040405
gene_35,1.0289629427578832,1.3350263969032055,1.650399131071982,1.2939069373854581
gene_36,1.0530461206169375,1.591455502051518,1.3042154020028707,1.2715497054810654
gene_37,1.0400509474628605,1.4522815337939852,1.3546709293395511,1.1974433754208706
gene_38,1.0428385288323447,1.437096651514902,1.4636212800536146,1.293346971959924
gene_39,1.0385144513212576,1.2301723492379293,1.4459599032095833,1.2881849358632314
gene_40,1.035317025458947,1.733986707084893,1.5777902225326734,1.5164662378629872
gene_41,1.0727111713429476,1.2901892341200432,1.309354317122578,1.481171349887656
gene_42,1.0512092921124783,1.3062254044009167,1.2540133970833074,1.3814917055060427
gene_43,1.0676581956598565,1.4181340904511315,1.331371219078139,1.8628114855494022
gene_44,1.0486906333966886,1.3860022359000446,1.269856558249576,1.2837277336890442
gene_45,1.0665775503231798,1.5251789371700637,1.4420772123505141,1.3409384934823925
gene_46,1.050242634206523,1.2610347588378938,1.9524596400659782,1.677790370282439
gene_47,1.0322210855185898,1.1586552222961488,1.2700320064450548,1.2737518022623429
gene_48,1.0339188974355045,1.4940032838587953,1.6000752600686892,1.5290525186477308
gene_49,1.015010576461723,1.2465629403550131,1.3569681337169222,1.322250939137786
gene_50,1.0570599502131948,1.3046344027144336,1.3380297184585317,2.3945906946588305
gene_51,1.0608380600421212,1.4435307065782104,1.275218288094758,1.5469316875926231
gene_52,1.0426437010646403,1.6409582352758345,1.2178307169624147,1.2166649337003337
gene_53,1.0419917468510402,1.3586283767402627,1.6417623634095104,1.3604277809642578
gene_54,1.0481970193803614,1.37039947882759,1.4620792754212126,1.542598492802956
gene_55,1.0611708479746478,1.317041509894534,1.9124117379148797,1.4608499192864979
gene_56,1.059555259418959,1.2374441820098518,1.5172678980426575,1.2584974659933574
gene_57,1.0224731423480202,1.2932705152260453,1.324632962493159,1.254596691523966
gene_58,1.0208412235505695,1.1755291608015388,1.5504801973892368,1.3375813991309273
gene_59,1.0470739227211667,1.587443080311079,1.1791265445128305,1.3571462718583704
gene_60,1.0274985571545194,1.325435803894789,1.2579756746137671,1.2055923546604481
gene_61,1.0528916853347243,1.1641149563995483,1.2642068399519684,1.512172209448814
gene_62,1.0561857011752387,1.3787518854980179,1.3591603259158804,1.4144371105679365
gene_63,1.049290652876012,1.1015543005370796,1.4302558134655567,1.1978176150011814
gene_64,1.0608091798666581,1.327215613720202,1.2874691126196538,1.4196019108275146
gene_65,1.044579714709453,1.511476807553697,1.144103826161311,2.167695463125218
gene_66,1.0372846239077924,1.2029313532824335,1.5850454924160204,1.3944747387206158
gene_67,1.0345203518070465,1.6144631262627562,1.470806305359072,1.405900638619404
gene_68,1.0749117603924008,1.3631818266410003,1.3046282389575465,1.5487069981107613
gene_69,1.0613268110125937,2.1588506647566783,1.2620609123533757,1.5634136952539415
gene_70,1.0469140974069315,1.3722397259406747,1.1731890116395918,1.2732090608433864
gene_71,1.030379502439579,1.2016644769557137,1.5922141870068591,1.1998435022897889
gene_72,1.067320793998137,1.5591600309413483,1.3757452951510445,1.369244113623196
gene_73,1.0507796219981347,1.286486532810588,1.2415998248890638,1.3024284850305419
gene_74,1.0321895282764446,1.1945011764085578,1.3538056669348542,1.2596557563709634
gene_75,1.0549195325183902,1.362576797066739,1.2917169280104104,1.5144618267279044
gene_76,1.0219872409231763,1.4260636058408256,1.13256122664684,1.0508017332364188
gene_77,1.0308707277447613,1.1329232928040098,1.2443432108487078,1.1949842840144174
gene_78,1.0410803814024203,1.2693813710591382,1.361280569475556,1.4712009406243434
gene_79,1.0401914225999547,1.6544884509438424,1.2811790396249332,1.2920817068646717
gene_80,1.0637076792680384,1.4042947501077576,1.2534469943810111,1.4838561510065345
gene_81,1.0514733241420988,1.4679847877518453,1.4176287716915832,1.573981605501504
gene_82,1.0428942029901125,1.3008092398061974,1.2813514028665225,1.304855880054078
gene_83,1.0410582859009905,2.122149141320165,1.3107982702502912,1.4973555783615475
gene_84,1.0191581361085102,1.1781884178784812,1.5135442634418366,1.1572461718779512
gene_85,1.0426295856256786,1.8618513965182797,1.430081219296872,2.1183808833366844
gene_86,1.0427624348570599,1.1654611250872104,1.3787788400860816,1.3295225207105483
gene_87,1.0391913446923218,1.432144662525602,1.4150848754439362,1.3118712378205495
gene_88,1.0488568881407998,1.3723559568549506,2.0363552328671393,1.6528662345897571
gene_89,1.0463562529858093,1.5049030332596633,1.3394287967570677,1.4113614371921468
gene_90,1.043369104746647,1.7219118561684559,1.2521848011528967,1.5229367589079834
gene_91,1.042293151342822,1.2920459820821357,1.2939182572972263,1.351098765922088
gene_92,1.0424900599193443,1.3784775910375573,1.2388462562229394,1.2830262554306735
gene_93,1.0595913440001046,1.436094635323396,1.4514264367907894,1.192281195752504
gene_94,1.0236891147464904,1.1485772008165724,1.2657390391113588,1.4145406253752228
gene_95,1.03994504581268,1.4305114450950773,1.2847260652191659,1.5725877023479577
gene_96,1.039571524076279,1.342646232500766,1.3678490545373228,1.1788653081243654
gene_97,1.041788984096357,1.4704657423218708,1.3205491089136494,1.355070755744008
gene_98,1.0487453485492753,1.379396452344301,1.2327492499708848,1.60005183974584
gene_99,1.0302656435875936,1.5193440224381527,1.3629209640047573,1.4326891668890498
gene_100,1.024898959775694,1.2700400075463978,1.3473406931819096,1.7656903979391885
gene_101,1.049402293105648,1.3765412771336405,1.520279053621388,1.343386877899355
gene_102,1.0336542197502263,1.5037214662460214,1.2530320998182047,1.1498228230435856
gene_103,1.052500473844265,1.2745291051768217,1.5818013587124187,1.4834923933730115
gene_104,1.01259662312339,1.2133283158372978,1.2238805542462308,1.2544027215279971
gene_105,1.0657469772286143,1.3836801736556803,1.415298670410733,1.671580774921058
gene_106,1.0562465123176783,1.7547630323474557,1.1592593143225332,1.2584378505244465
gene_107,1.052662959661538,1.3347391264215003,1.3182945634339058,1.2741276423351129
gene_108,1.0509074160319396,1.3944924808846118,1.1638526337650699,1.548125998907247
gene_109,1.048298161090745,1.5251119988210837,1.685509313075868,1.4758503216646626
gene_110,1.0290216361259177,1.331939321485172,1.6325736584954609,1.3166699354932203
gene_111,1.0466948953816346,1.502645449604869,1.5907988980197616,1.763954675113834
gene_112,1.0376315920577268,1.1767877111088303,1.2375250865499172,1.2134590831490695
gene_113,1.0622829823945192,1.3660873123989592,1.5685882459433427,1.3731214344001021
gene_114,1.0547721784070052,1.25461750392065,1.6208459765313643,1.2691959442580145
gene_115,1.049396360680914,1.177612126989266,1.2376451415876668,1.309136324946754
gene_116,1.05992711179034,1.4460536519568823,1.2681941037937852,1.319243733871375
gene_117,1.0346508224891864,1.3406200580754672,1.294172367963842,1.1393513622979357
gene_118,1.0537675325422893,1.3580273014287734,1.144006287251142,1.570605176790346
gene_119,1.0358972400347728,1.2673629185909727,1.4266670834600863,1.1681185837511965
gene_120,1.0498637550485581,1.358714872241703,1.3630537580407593,1.2590409142431733
gene_121,1.0554941222556218,1.3080241178318164,1.3541423282460232,1.1759626795495615
gene_122,1.052988490386986,1.4917090287571766,1.489324919272233,1.7564695372136374
gene_123,1.0181321567261759,1.097948692248275,1.1731410059168312,1.300034269265396
gene_124,1.0401799419317281,1.3942406294737437,1.4705808800928681,1.1675939564871822
gene_125,1.031023893205753,1.2502616529110566,1.2618284779533318,1.2483545281195572
gene_126,1.0412948058261382,1.5884179621962293,1.3412977897191192,1.258347302434405
gene_127,1.028133456923023,1.294770851361503,1.3569149611169458,1.4596373104488836
gene_128,1.0470254329935624,1.4023648381967788,1.342019802705707,1.3272836668643533
gene_129,1.0543948638321892,1.343951277438107,1.1910452404873852,1.324952996698963
gene_130,1.0338181887704132,1.2047451995089156,1.3376084385954041,1.310252797566476
gene_131,1.0290926543063612,1.1511969456090425,1.2743444509219835,1.36578920707086
gene_132,1.0394772931139085,1.341453696100531,1.5872002064348234,1.1408795341880462
gene_133,1.0562371802814048,1.1660436657159399,1.423762653907159,1.4584183959889434
gene_134,1.0380657401836955,1.439035040290652,1.3017205466850572,1.4104017335369066
gene_135,1.0421923223896534,1.4051087168699554,1.4505106876261111,1.2625844498716594
gene_136,1.0240221672862777,1.3694338473584424,1.216949953606298,1.245549045939332
gene_137,1.045641629643128,1.1303146693191441,1.5012956489223934,1.3083308610303623
gene_138,1.0808607554831628,1.415286048420911,2.103226570696194,1.4056523370303624
gene_139,1.0401864425945015,1.5512791085540039,2.0002273375048185,1.2790002760395176
gene_140,1.0385828183148322,1.3430114296763451,1.4800278153641901,1.2015115845060353
gene_141,1.0395016851005918,1.1964612997967605,1.3406784184771656,1.2549111842594187
gene_142,1.061425090965445,1.5636361666228997,1.5391308350842434,1.3711496556591463
gene_143,1.0417070644340323,1.2336238206244423,1.3606912641738609,1.1892004378131535
gene_144,1.0705321331323903,1.29398359336402,1.5198040102260089,1.4893012183775587
gene_145,1.0452362726620297,1.2096164989130038,1.6882257529967835,1.5683286586541354
gene_146,1.0836481180348154,1.434690226461991,1.3431235797243644,1.346762888974928
gene_147,1.0417119525080807,1.6405537160860657,1.2258870565059785,1.460042290731909
gene_148,1.0336103288583307,1.5412318194629155,1.2360368969231972,1.461264768113702
gene_149,1.042317509230371,1.2999476445050915,1.1977908648537094,1.264506300789016
gene_150,1.0312956911171032,1.1320409971678402,1.3650915675336508,1.293098148004599
gene_151,1.034811369635008,1.2044232293049775,1.2370547796198859,1.3944561006479397
gene_152,1.0562851037258565,1.2844450912547702,1.719233376506711,1.3883335592640285
gene_153,1.084836498444163,1.443125356730855,1.6686944228843528,1.4822657937355879
gene_154,1.0424174324487754,1.583546066344774,1.3132301314005117,1.3716435336493265
gene_155,1.0262307915571502,1.3149898134023577,1.4211487278054007,1.5671660202678204
gene_156,1.019982946147783,1.220900049399834,1.2958494538409846,1.3828690813717839
gene_157,1.0609564683651347,1.4913558788220869,1.387768407451244,1.3813744797540435
gene_158,1.043129255824997,1.551587403160316,1.2524302674103012,1.284054006581649
gene_159,1.069477139781109,1.2680704968806367,1.299385293821618,1.310654794151006
gene_160,1.0554684157435923,1.3476030243888368,1.8645809023874096,1.2477901264847118
gene_161,1.013893239512531,1.3565799288387783,1.227329235577939,1.3576002458615246
gene_162,1.034914387252405,1.4452327224160884,1.3444493319149644,1.64281969776595
gene_163,1.0155737128331694,1.4334861313021467,1.3511591269532361,1.3583967849658067
gene_164,1.0240328074307952,1.4322927178414233,1.4957944442665008,1.2219713598698716
gene_165,1.072032037386077,1.6051769663748077,1.4672003186566593,1.4431275706399345
gene_166,1.029751768840463,1.5979368566374934,1.406229791090072,1.2569444678050015
gene_167,1.0580628522022582,1.306730476739469,1.391813172643203,1.4067636882819494
gene_168,1.041153240431922,1.1433799916570277,1.3759116727307281,1.409570799269391
gene_169,1.0187033371199758,1.1854839585688293,1.3577070352317473,1.320825349991489
gene_170,1.056827315086268,1.3189011893091294,1.2918497990906317,1.4002876383781984
gene_171,1.0626574823016017,1.3014351264631552,1.4432268607278906,1.449623246413423
gene_172,1.0622332283606721,1.3250104940597822,1.4837170326055498,1.6076328429484559
gene_173,1.0498939163327896,1.4968828357082664,1.101415236913214,1.1801602541535061
gene_174,1.0467369838650662,1.4164800875275159,1.3831195819544395,1.223279434086525
gene_175,1.0362448999835734,1.2461282408837997,1.3838669009151643,1.3092516503585745
gene_176,1.0335023988009973,1.0921767985366246,1.2746128058914392,1.2783298336919406
gene_177,1.0351800987741064,1.5217754160702626,1.223999537176146,1.5685748578217138
gene_178,1.0679989461106134,1.2533695592129046,1.408474456832193,1.3536879881313806
gene_179,1.0319446329008144,1.3100424228934413,1.6201754368825445,1.5757540237912304
gene_180,1.0512526880071502,1.2948124001019585,1.3330250698476889,1.3790825987649555
gene_181,1.0344417961968124,1.2591078692220927,1.269446613811492,1.6356395814645315
gene_182,1.0388330360485278,1.2482850908346679,1.2605558910331993,1.452568273908892
gene_183,1.034301982253595,1.1442963062020324,1.336628477026715,1.6444091967703764
gene_184,1.0388065216159226,1.2159581287593708,1.2611794861306245,1.6700688367006895
gene_185,1.0425563460082803,1.520582369387191,1.460919604669219,1.264968798019964
gene_186,1.040599683432382,1.1518471692355492,1.256003532326591,1.3630075786775238
gene_187,1.0382207511272397,1.4304306653523184,1.2941225011833621,1.2772475971330945
gene_188,1.0461372448897368,1.3181734706625863,1.2417902353633037,1.3608832775079076
gene_189,1.0448925248026264,1.1638062752341862,1.301404833604768,1.4760445338760433
gene_190,1.0250613362947845,1.2450542496296875,1.1246165329696032,1.1895910263600598
gene_191,1.0377369150332827,1.5006415170432066,1.264287268521182,1.2873199946835903
gene_192,1.0337217504292477,1.4024630387426966,1.2611438740846939,1.3736606834200191
gene_193,1.0123979986754275,1.1175355805727345,1.271533683145961,1.4467742096682263
gene_194,1.03419879283465,1.1075367348451493,1.2087163742446039,1.184223916293895
gene_195,1.0344035221670458,1.34898052949385,1.1469508363358774,1.2776306967463735
gene_196,1.0414790866105283,1.1713399728912,1.3418232895413178,1.331713011934434
gene_197,1.0266247016796444,1.4885655175587924,1.4082312808961257,1.3870888128124101
gene_198,1.03001730315584,1.5711073075896704,1.7673886355314572,1.6631210532308647
gene_199,1.0470534073806477,1.170486863358154,1.4344130251640594,1.6354586359386325
gene_200,1.077327119786085,1.124185147110003,1.6445111281236064,1.6906205295990275
gene_201,1.100835026695162,1.0832142069242994,1.1754239455767148,1.3651902216596397
gene_202,1.0857750347693136,1.0961083022789135,1.7662271969667938,1.4270768695772522
gene_203,1.0860226967366335,1.0721981686009754,1.2715585577332396,1.3971034116743495
gene_204,1.052199579215468,1.0485751809363115,1.3591343400400757,1.4083848746205736
gene_205,1.071496505861643,1.0803327144277801,1.3810692431614668,1.5831910645301095
gene_206,1.0607293379513711,1.0498433825136926,1.2519514939689318,1.3053970885746045
gene_207,1.1010912866684197,1.1284176146407725,1.7720106874330392,1.7818713063601397
gene_208,1.0586755690794318,1.0480493985689903,1.3553012750949633,1.3415790047790859
gene_209,1.0727284314470553,1.0733330673224095,1.2625109974827398,1.5969466452506806
gene_210,1.0952007046233054,1.0764224196029184,1.6513256878206921,1.9233584991439698
gene_211,1.0725810421955342,1.0749678572793178,1.416599374141042,1.2753175464760655
gene_212,1.0880179290735106,1.0914459504610663,1.3857437300037527,1.4449102438304287
gene_213,1.0965738902605788,1.101037377664053,1.4925354666083688,1.4212389029100685
gene_214,1.0489820240742496,1.0485815297334353,1.3028187760359415,1.3068709811587755
gene_215,1.0666779481747275,1.0690201256398444,1.348887032394243,1.3302195981719034
gene_216,1.0899354921144122,1.0723659987895249,1.3004969456640845,1.3643797808633562
gene_217,1.0618693745329808,1.0746359453880174,1.3646472076622262,1.16272470064135
gene_218,1.0782218314099756,1.0585846709317357,1.5103700916574105,1.5322286952663033
gene_219,1.0628818832116482,1.0633226458995013,1.4523697940690532,1.123644076949291
gene_220,1.0718482382358023,1.0580286022755094,1.37074197796055,1.4981180570296238
gene_221,1.0584706719435506,1.052221311250243,1.3304900462517202,1.1968329530710105
gene_222,1.0543624139795698,1.0901500905846246,1.315462692469133,1.3495754751495488
gene_223,1.075715680403956,1.0976810656053053,1.3249788508136067,1.2708915861822692
gene_224,1.120301756998359,1.1448251368594509,1.2387726670044394,1.1171698688849183
gene_225,1.0713204225207171,1.0741185959213415,1.5030180192923999,1.4058094387741316
gene_226,1.1004655248363342,1.0978021947532042,1.3508823063604407,1.284666819896197
gene_227,1.0749078647651087,1.0657702554058337,1.415971809302801,1.5173773377439248
gene_228,1.0935799828707744,1.1001663852955803,1.2858305640105434,1.1379687932536524
gene_229,1.0556653813835333,1.0529153340212822,1.3472435502981683,1.3256131427215938
gene_230,1.067338666041224,1.088153910914572,1.2931892523570263,1.2834281710569517
gene_231,1.0694034154621457,1.1175976932269083,1.6375196620973635,1.3690882292540167
gene_232,1.0522417292352275,1.0555447427457432,1.4493886605075594,1.3050775998650204
gene_233,1.0817718993155097,1.0614414118046782,1.351015071965036,1.3381725162047542
gene_234,1.0857996318775418,1.1026874150133337,1.64930470963498,1.6006109840947116
gene_235,1.0583598314841651,1.0618782299524407,1.236157627806256,1.3242322693004986
gene_236,1.0650851937109849,1.081581935206205,1.244742130566034,1.4603714007847655
gene_237,1.059789316157438,1.080750882304599,1.5760555996883385,1.2962686749871497
gene_238,1.1143882139579762,1.1141894113032236,1.4362330106722223,1.2211547160695724
gene_239,1.0679008356428907,1.1209505383268434,1.8447565970613238,1.154674653530529
gene_240,1.063500953318502,1.060258388356257,1.3492853685955575,1.2357768805336353
gene_241,1.0882246333915433,1.1431190388622645,1.2756054363152616,1.3347008424649842
gene_242,1.076139719728122,1.079227565296707,1.1750202064708268,1.324268638735599
gene_243,1.0285407572212033,1.0456823228834904,1.2537486635869333,1.5359625960414627
gene_244,1.0908219054147652,1.0895318087679033,1.6302129689728697,1.3580251602603144
gene_245,1.0548284203148552,1.0693585956398168,1.4912505831207328,1.481791102312364
gene_246,1.112359115845057,1.155558793505039,1.3258666840239526,1.2177240514943872
gene_247,1.0879082108416558,1.1022572210885997,1.9651420235668604,1.7219732233041558
gene_248,1.0502201659338084,1.060747835488436,1.440509527669022,1.2069719637775485
gene_249,1.1257596527272233,1.1369108099989058,1.3901320580283802,1.4895059893343938
gene_250,1.0772012251459324,1.0616638983241915,1.3285750996306258,1.3353787846241079
gene_251,1.0696870890586965,1.054477501842129,1.1274227442949742,1.1672213250805608
gene_252,1.0836952730689666,1.0812315863349482,1.4924534822142652,1.4200130905749488
gene_253,1.062447497851309,1.0848822169600505,1.343218734243464,1.279911797198121
gene_254,1.1903447977631296,1.1178990843227106,2.34295056504269,1.5622117464574006
gene_255,1.074741274997121,1.0811208585363214,1.399513225132684,1.7973827532251536
gene_256,1.0861970734574966,1.0781388672688794,1.2912286408925295,1.3997330374723722
gene_257,1.0778742987484955,1.0800909077424934,1.7541645093037084,1.263210399021399
gene_258,1.0808567541323242,1.0839935113460428,1.4157897043231247,1.3220139768742447
gene_259,1.099161959120388,1.13876191356753,1.6250871577265829,1.5307247791328626
gene_260,1.0488009882937426,1.0718646471335898,1.2267288102446812,1.3375448108127819
gene_261,1.0537822353468798,1.0509789492593162,1.3709331624963728,1.2714878914657601
gene_262,1.0729943023991484,1.0824013985126224,1.5678028386694938,1.156666039555722
gene_263,1.0888506485189358,1.0588662846780503,1.5116674283700766,1.5013168704549624
gene_264,1.0647711550256544,1.0825891582723903,1.5156497766150057,1.2126333080933485
gene_265,1.071471911724741,1.1025242309375922,1.3344144469046744,1.4686618942699419
gene_266,1.1234519708649515,1.1401361205564582,1.2921805896040344,1.2055719088850756
gene_267,1.080775843128308,1.0743399695189135,1.2552083772678504,1.5143402187324129
gene_268,1.0590122001456184,1.0624717443561618,1.5088288031068577,1.2476596355338856
gene_269,1.1218471193812416,1.1359412650573377,1.2198897415970993,1.3506449160933485
gene_270,1.1058862971520023,1.1227967731837898,1.2857016920065694,1.2673093796569712
gene_271,1.0662624902406026,1.045661238897018,1.215402689623292,1.3316836472415512
gene_272,1.1434125248968314,1.1737944694074622,1.4223298965065938,1.7920996259620336
gene_273,1.0720834148072256,1.0538507255291834,1.38424895765167,1.3297150775901787
gene_274,1.0577586191801074,1.0949097214150945,1.527506808103834,1.2346310971766545
gene_275,1.0492487878305705,1.0364157386700799,1.1078074182205553,1.3514189713281504
gene_276,1.0758927051102527,1.0919816849819426,1.2286644444975217,1.4889453083026374
gene_277,1.0822666018266507,1.0758802761836364,1.2134258228817132,1.2050388836787609
gene_278,1.0557624132418177,1.072630715411442,1.1888756702489423,1.3211094652781532
gene_279,1.063199644808978,1.0601128698630597,1.1882265419358833,1.339533628016
gene_280,1.0979836728828456,1.0808259260416955,1.2589357054606514,1.7051062158008907
gene_281,1.0468261821392035,1.077874460827599,1.6528686170676927,1.4202176405346618
gene_282,1.0476767562518587,1.0299882644827534,1.6495473186834047,1.1917876128665081
gene_283,1.0871363586443126,1.1008675135293542,1.172984546723808,1.2753789673993303
gene_284,1.0692826934843402,1.0907010038965783,1.1945659323939057,1.293161720994385
gene_285,1.0509178608556855,1.0466461680805335,1.6353072676098976,1.222190336116083
gene_286,1.0970656037260036,1.0896561284503994,1.4432423795511633,1.4031236633902504
gene_287,1.1082101239562898,1.118945983953238,1.451986375815305,1.5227148333545513
gene_288,1.136513531963355,1.1542080906694108,1.4312176273681618,1.3835912778407793
gene_289,1.0950927633984329,1.0738015188891556,1.2952610136839613,1.4181599564089666
gene_290,1.1063980389545014,1.0972563878816763,1.463448848069004,1.2959639935881213
gene_291,1.0632510363409104,1.0694359439771342,1.3565024181585443,1.6103757096665263
gene_292,1.0967827917695279,1.0983691679850158,1.2264855557478977,1.3050044774110334
gene_293,1.0554036637292776,1.063777048077683,1.306778886926651,1.2101957035764592
gene_294,1.0569842552070634,1.0661006931532044,1.4261557332453743,1.3210864309682484
gene_295,1.1011139256064753,1.0963402483735096,1.44253492291935,1.303748559082121
gene_296,1.084717113369121,1.1151563090503893,1.3150261270053987,1.3521688696799894
gene_297,1.0586461474520557,1.0643600958408401,1.5914234180363915,1.400264401250145
gene_298,1.108304974753944,1.1124598546021758,1.2676314832416127,1.3739084703954525
gene_299,1.0452625411311705,1.055970417155489,1.280504364282847,1.2024967606331358
gene_300,1.0857594927846939,1.0631858772991725,1.2966267181047013,1.3843704348713366
gene_301,1.0765123440925821,1.0769580384259863,1.350008978366917,1.3613072733615883
gene_302,1.1561207454840483,1.113899467626324,827.8165240379891,1.475232924017707
gene_303,1.0596064370831897,1.0602993596572479,1.3608567449164934,1.1350390185737165
gene_304,1.1034021610251943,1.0956306699985223,1.6278111863334175,1.500835292897833
gene_305,1.0728754181642757,1.0692178941116504,1.1239472467174918,1.2415897122477493
gene_306,1.0612388338743282,1.0674848397363774,1.438548807816988,1.2112490906064655
gene_307,1.0595161968136515,1.0799528223318444,1.3364717441892755,1.4504825563563752
gene_308,1.0762749096860764,1.0505217270983995,2.2369997843696914,1.290152368633731
gene_309,1.0923318954259573,1.1231470145176308,1.3007428672946209,1.3454268736968387
gene_310,1.0183900518094025,1.036926112434536,1.2307702126659898,1.2137384854345863
gene_311,1.147560303924402,1.1644616238045207,1.2473855456028613,1.2237097574317393
gene_312,1.1186424961892028,1.1123118534951342,1.3006212030424058,1.2673597544680277
gene_313,1.074804222587351,1.0697907772958026,1.2549797888852776,1.32532559631335
gene_314,1.041206035533787,1.065169570023992,1.376283135181556,1.4017484056779188
gene_315,1.056194726417587,1.0368195652482755,1.3864300419089055,1.199996865175149
gene_316,1.082377512779438,1.0982737463962984,1.3519204585361801,1.349133437393111
gene_317,1.0739300684289987,1.0533166680483106,1.3299568914380626,1.6455089009301764
gene_318,1.108168099144933,1.0940070277705378,1.2927675555363707,1.260416724226975
gene_319,1.0688633751951073,1.079680724362967,1.384972749449141,1.2886339439796624
gene_320,1.0747442429928102,1.0883833678750832,1.3595761710633014,1.2625916934773223
gene_321,1.0743979203370535,1.086115491091406,1.275862622389336,1.327162219991159
gene_322,1.0686220175855436,1.0926625545255473,1.3502881796332968,1.6312117288154109
gene_323,1.0713834856758158,1.079101237556895,1.3028901574662997,1.2616468157652316
gene_324,1.0582918405269377,1.0522762031648043,1.2355583104543482,1.289203462209325
gene_325,1.1181329286492911,1.1229023547768922,1.4762651827987687,1.4471610790583151
gene_326,1.047294605379429,1.0464653115881082,1.1820627090842535,1.3469911316800773
gene_327,1.1098508839233294,1.0784635125995035,1.5364274283812873,1.4011150780476789
gene_328,1.0831362162228728,1.0582718565493807,1.3630334642993378,1.217028798943439
gene_329,1.05468193806615,1.0578308135763916,1.520416944482317,1.6725740357332155
gene_330,1.1774293714122597,1.1967349225709751,1.8227524909301749,1.532356310069383
gene_331,1.1113687356522273,1.1189067739306502,1.2945649299415736,1.187580782628514
gene_332,1.0657568189172446,1.079735463981257,1.157159380600162,1.280644105173465
gene_333,1.0725059917298863,1.0440874955038308,1.4848895943457396,1.694060063719626
gene_334,1.1001863800702745,1.0663744629567162,1.6578874777663815,1.2981050761192043
gene_335,1.0387102137169162,1.0527202888298404,1.339219129523596,1.1072349578265968
gene_336,1.101105179835151,1.054897498938409,1.5278671710877383,1.250842430683701
gene_337,1.0662148091350712,1.0625903269810284,1.2536891561660664,1.382133036307096
gene_338,1.0716993617510717,1.053986634586175,1.4679911069712788,1.4470850599374936
gene_339,1.0549700791169647,1.0796784676504922,1.3027481254340494,1.3510204796954632
gene_340,1.0745587811036301,1.0774108426040203,1.3531038088816298,1.359251462129015
gene_341,1.119393698484642,1.160988262631717,1.669337922326679,1.5722282670130736
gene_342,1.0481412590459094,1.0582038725144327,1.269710495724827,1.3452869280646083
gene_343,1.0735484815440264,1.0739993022939018,1.2099426193323892,1.185843180600359
gene_344,1.1070806550787253,1.1116336134929936,1.1893153702235535,1.3623483023919496
gene_345,1.0412029478243845,1.0869260182642435,1.301571813235292,1.4616666422136857
gene_346,1.0983729079425064,1.114068462943008,1.517755816441902,1.542587695792039
gene_347,1.0632611802494771,1.0667179890163005,1.3133062023797204,1.2508333457696805
gene_348,1.0484248906745965,1.0431437385262992,1.273888429205639,1.201617442610771
gene_349,1.0566016928066484,1.069443551100435,1.3317128747267228,1.2837634672956746
gene_350,1.068870197989509,1.0752513277379252,1.3100863497718875,1.2327129055223889
gene_351,1.0921607772339563,1.093300849022919,1.3789121045824237,1.4013436512790844
gene_352,1.102965190565932,1.1265702724324085,1.2675168627731852,1.433444235149318
gene_353,1.044848507341626,1.0730472549998298,1.222774839894646,1.4454249527783711
gene_354,1.1355783913609205,1.1098452630437856,1.3514706623592447,1.1702743762260743
gene_355,1.0581367923930896,1.062924390216419,1.7349397823332264,1.5690913027115636
gene_356,1.0760171649454426,1.099740890580477,1.349970233916688,1.222427373708153
gene_357,1.0716366871528882,1.080736706351865,1.2511161584058321,1.5316878006312131
gene_358,1.0543990376795234,1.0523266192709535,1.1685803420028815,1.1768324929605447
gene_359,1.0507494363681322,1.0565064800257555,1.1738319613036734,1.182784277596731
gene_360,1.106205016836341,1.1177727690969936,1.2733053785482764,1.2533300275656059
gene_361,1.137327879386148,1.1432709888614632,1.3515368059552437,1.2353996401088243
gene_362,1.0956709252341512,1.0796639190624824,1.2935189450058298,1.6292520609313137
gene_363,1.0943241537914143,1.1016227617816907,1.6761514562210515,1.446248453086731
gene_364,1.096247586807366,1.090905780425939,1.4143825728748272,1.4820201419937424
gene_365,1.0620685814019308,1.0652718722652195,1.305212675096624,1.2087647307485851
gene_366,1.0970072930030683,1.1062385954199718,1.2119006154278549,1.4186375211644173
gene_367,1.1136992380950042,1.1149831666126206,1.1934913758720804,1.2727083559885886
gene_368,1.045198793193445,1.0531397675401604,1.2145269064758075,1.4603611974353279
gene_369,1.0513839394393982,1.0922577799647077,1.5176819400484127,1.3307157151942903
gene_370,1.0708278789372623,1.0751961775477676,1.2356809895920975,1.1956027205397142
gene_371,1.0948507305528763,1.088104441236006,1.2075354001465437,1.39302849966251
gene_372,1.0841105121067312,1.052123171759481,1.4914140767321442,1.6312502737144061
gene_373,1.0683589815941297,1.0684836347772035,1.5181788463326265,1.9173477634154663
gene_374,1.075673147417318,1.0858118684873352,1.23209580989743,1.3805594794983156
gene_375,1.0769180326430858,1.0929213832691216,1.5489288475680232,1.3145689333120685
gene_376,1.1155607364193647,1.1103889209198277,1.2616160830939156,1.5089612292825587
gene_377,1.0552354270837128,1.0536052245073602,1.364198403047853,1.384547115568187
gene_378,1.0826231579011703,1.0750543320230934,1.6158836884369714,1.4681966088480314
gene_379,1.0496487692623717,1.065957927287881,1.3197464973294362,1.2150665808107188
gene_380,1.120415710791556,1.0943885909525453,1.234577630517695,1.4370187404314432
gene_381,1.0562841967992311,1.083317500723564,1.1651019569759582,1.2115481874929948
gene_382,1.1103943722587226,1.1575459377145636,1.173732246869483,1.7354518542175141
gene_383,1.0879866292694047,1.092657413496178,1.4025334296235128,1.2287963417151961
gene_384,1.1200010753407932,1.1088590092469357,1.2995118809735307,1.8386409815397535
gene_385,1.1315484972917231,1.1328991864150437,1.5050758345359108,1.1732281955717698
gene_386,1.1015080736019873,1.0982130084283168,1.2571884548068308,1.1608975001908928
gene_387,1.0622658765411441,1.0859576854337367,1.6443604599108403,1.300973986373204
gene_388,1.0568871678043172,1.0572033091799298,1.3032580999752241,1.2584182155689967
gene_389,1.080175811296785,1.0892244547089929,1.326313516861382,1.2579086892058198
gene_390,1.1026195466360456,1.072084022992449,1.363510551375057,1.4835225963603615
gene_391,1.0880674942768829,1.0932312918352882,1.3104482148316854,1.2795268137264597
gene_392,1.0601222657525526,1.081003647234536,1.5861666436276063,1.344240487992263
gene_393,1.0499269057001237,1.0635140956587161,1.6561588938060319,2.2002038163348563
gene_394,1.0686192284818394,1.0665132000219317,1.1520064603786064,1.3374187441966712
gene_395,1.0777541987909378,1.0964975028431894,1.5723937538299169,1.3522100717171792
gene_396,1.1347642414891255,1.1607588564572993,1.2227750861730475,1.3791126687376951
gene_397,1.0628092420283717,1.0946503761512507,1.537110379980568,1.5755577589721932
gene_398,1.08944757691222,1.1338104255023014,1.4544194609388896,1.7935334853294451
gene_399,1.0651238625653587,1.0657523643836786,1.3994314120697648,1.264509780320592
gene_400,1.1002628087405268,1.0388576005652128,1.1085403134658531,1.1046521434684426
gene_401,1.083464133986192,1.060028972023314,1.0478170126289272,1.0667517890765148
gene_402,1.0658254743351685,1.0515987629936232,1.0387895842715458,1.0431496908278453
gene_403,1.086672092204656,1.1133626190469705,1.1175151523729523,1.0800861371008112
gene_404,1.0720020840024773,1.0930054845275998,1.0458638969741307,1.0630461678225875
gene_405,1.046070533328215,1.042901192389197,1.0476374219831872,1.0357978484566412
gene_406,1.0590448912818555,1.060339614107285,1.0545634036029838,1.0908711870428542
gene_407,1.070363989596019,1.0814597275531674,1.0547763362341434,1.0516219274421943
gene_408,1.040251777733488,1.050234838037084,1.0631235794316398,1.0528440950177291
gene_409,1.084171192009173,1.0437164526635756,1.0514860472131484,1.0557361919412107
gene_410,1.0332841833660973,1.0521744289344546,1.090267526342918,1.072372340624954
gene_411,1.0526023225017427,1.082498558331558,1.0837652504384447,1.041920408416744
gene_412,1.0515382904613952,1.07552219615678,1.0702222958501004,1.059394760884454
gene_413,1.0341106648689582,1.0667447331566222,1.058090493601191,1.1051903614699474
gene_414,1.044005353351343,1.0638206242316846,1.0453358108922293,1.0564822160979495
gene_415,1.0907255442991848,1.0658244372970689,1.075102201696225,1.0614556224000626
gene_416,1.0939329936812638,1.0462666978870832,1.0751627757926183,1.0903655112475221
gene_417,1.042630571378796,1.0814072954367904,1.0679750678766822,1.0531219922947095
gene_418,1.0518485509195925,1.0643881449163406,1.0652715890408848,1.0567840119280683
gene_419,1.0745662643601248,1.0781560114748419,1.0859186941730394,1.0789184589740057
gene_420,1.09015506343144,1.0520540600469366,1.1011027672088698,1.0821005726385702
gene_421,1.1184847517795398,1.059655654542501,1.1002125681704646,1.0428468991857553
gene_422,1.0503677856436568,1.062536031865762,1.0628365505025588,1.0597626804555635
gene_423,1.0648827966901526,1.058228865257941,1.0498651458338872,1.0824886742447404
gene_424,1.08342208582806,1.0924372418136983,1.0737023119041043,1.062020380507716
gene_425,1.0578067941873042,1.0358150151244163,1.0553806791664868,1.0625349384583243
gene_426,1.0628936944088154,1.0690730760670382,1.09327131762749,1.0630748172625852
gene_427,1.037643483055614,1.0805583535622036,1.0869472928267763,1.0871579603739532
gene_428,1.0940281762822193,1.040640008421225,1.0702708834257806,1.0653507543485494
gene_429,1.0854673448182512,1.0880525391480897,1.0645482654724643,1.085356895782968
gene_430,1.0715491117128484,1.0908655502719138,1.0846753936141489,1.0723764397143507
gene_431,1.0711730195286406,1.045134208294628,1.0677377379573691,1.066613344419823
gene_432,1.0465762009125739,1.057573250291269,1.0382722506153554,1.0654945746143678
gene_433,1.0594918182299806,1.0919767101603068,1.097579136883776,1.0839962482935928
gene_434,1.0320389618742813,1.0884139719241326,1.041648101785129,1.0792809448416445
gene_435,1.0789260125384106,1.0778810670632828,1.0582669160608933,1.0698267849247987
gene_436,1.0964127665707772,1.0528753051147717,1.0916138121983125,1.0562131669498083
gene_437,1.0936410680728137,1.1031179032119747,1.1267222265263228,1.0885016993569674
gene_438,1.0768649838437232,1.1018387589338663,1.0674210062525737,1.0574276089002603
gene_439,1.06506216827895,1.0779560995345234,1.0851926514370744,1.1105916834928518
gene_440,1.0522459430248814,1.0592137010317877,1.0482686834318258,1.0557235086952308
gene_441,1.1143021259929977,1.0697708918741742,1.1411251175348964,1.0832809973474264
gene_442,1.0755373880132906,1.0617978642911345,1.096319093385258,1.0450082531315956
gene_443,1.1049042701745546,1.0766719580538655,1.0519607411271148,1.0586824383402509
gene_444,1.093085068444101,1.0549587728016017,1.0858733808275587,1.0908869095772324
gene_445,1.0823631358855357,1.0596840960163256,1.0629528812503788,1.0447761139600478
gene_446,1.0853135427940095,1.068471531618619,1.0565861227744584,1.0598690881892467
gene_447,1.0557106822344482,1.0520953464884328,1.064687843837112,1.0620165377540376
gene_448,1.0598704573286424,1.0374445483065022,1.0523889327502889,1.0447534354457404
gene_449,1.0553828835860646,1.066808203937448,1.0598487812179738,1.0753625773365627
gene_450,1.041117142058618,1.063180015438894,1.059639050399629,1.0734603637579745
gene_451,1.0841249758701326,1.1154964895756654,1.0890917867093979,1.0294620415435527
gene_452,1.1006786643528905,1.0823105473834473,1.0686244411391885,1.048704397047454
gene_453,1.0936542518356356,1.0878313199586502,1.1328339002496375,1.0491425514500399
gene_454,1.0458859041394823,1.077492348238608,1.0524574256517583,1.0839354468816473
gene_455,1.0593206649672768,1.0849328584600235,1.0845912127008603,1.0510450337752586
gene_456,1.058111354749889,1.0747263123325679,1.0865922871069404,1.0832168790624785
gene_457,1.0707419318359428,1.1215146088489745,1.0800165275797,1.0692590748328301
gene_458,1.0718783384971136,1.0787050814044263,1.0791797461567452,1.0754777045797104
gene_459,1.0689024806147356,1.0768724258731408,1.0821244360936706,1.046726651771716
gene_460,1.1072749893169147,1.0635423160005246,1.1022247922988897,1.1031379646687371
gene_461,1.0741415293927974,1.0400344429544346,1.081325959782519,1.0485281338884476
gene_462,1.0568474865825226,1.0480167604675876,1.0860648727206659,1.0849676456557251
gene_463,1.0799220310142807,1.1446319879936773,1.0792988553653098,1.1174982516072598
gene_464,1.0692963692715298,1.044521872309491,1.0738986726672186,1.1105417656188528
gene_465,1.074914261772454,1.048281344151428,1.0746622139423996,1.0706680444614582
gene_466,1.0502878181468234,1.0313550776384184,1.065438492393501,1.0831969144618812
gene_467,1.0589620919541958,1.0919681073277039,1.0429932340077348,1.0284425382762368
gene_468,1.064239951994729,1.0587001242486134,1.0744435213041437,1.0723321209180006
gene_469,1.0522668370457435,1.0750866458086774,1.029569682656428,1.0425486260413632
gene_470,1.0738435664883117,1.0716473648466867,1.0843626645409283,1.0650738795536956
gene_471,1.0387122228345367,1.1199560017799868,1.0667838223566433,1.0557366681239044
gene_472,1.0990908068401728,1.119899195102318,1.0854604930993357,1.0809908531846255
gene_473,1.0858236397594245,1.0792281504119052,1.0654055980886588,1.0411128591137202
gene_474,1.0572531396606604,1.031799478274218,1.081995453604121,1.0578554719626636
gene_475,1.0958135856759263,1.0614446686223942,1.0735785958823145,1.073854643092225
gene_476,1.0873207847532829,1.0603126282055002,1.0851205130196548,1.0338874994723186
gene_477,1.0746903397361225,1.08172590958687,1.081239783514446,1.077676452400387
gene_478,1.0492850935682851,1.1013623072358671,1.0552608551345584,1.065444418595264
gene_479,1.0699540979759172,1.060101181589232,1.04889583545707,1.0583555586219902
gene_480,1.0875208514669696,1.0534316014604037,1.1094688704572295,1.1057867651271245
gene_481,1.0517723747914958,1.0786146511179127,1.1028921024875462,1.03671353787697
gene_482,1.0725582583955688,1.0779881431109168,1.1265599908275052,1.0810335194623493
gene_483,1.0982197251051753,1.106192428380505,1.0792421062281055,1.0861137639249572
gene_484,1.0561949853609158,1.0672718252139861,1.0493954965408836,1.0615394111763063
gene_485,1.0513422687423608,1.0690219722529855,1.0515377646411954,1.070201100345514
gene_486,1.0822512250007548,1.0547412183733227,1.0756461547934903,1.0845833120121853
gene_487,1.0668670892215395,1.0400398894501035,1.0711209004322357,1.0599110231282334
gene_488,1.0854387319337984,1.0601787211443576,1.065926187043201,1.0963104254815195
gene_489,1.099520146185104,1.0716652400086963,1.0303660493654812,1.0749984391872054
gene_490,1.0756643413210312,1.0695153574013758,1.098146701644196,1.0992809217275168
gene_491,1.0705660859038104,1.0604749058350507,1.0507880975994843,1.0544312264426985
gene_492,1.1231745434363498,1.0401245780403803,1.1035157848660266,1.0194231206148263
gene_493,1.0598087547774522,1.0452749537220911,1.073146316162431,1.0419657691369257
gene_494,1.0771313742402393,1.0539628284966902,1.0469040056622825,1.104708697812076
gene_495,1.1051312492709022,1.0486211118326896,1.0663130137069985,1.054987212555824
gene_496,1.0911226821044415,1.0870469007915204,1.0677347779686963,1.0636781151116008
gene_497,1.0583739806809966,1.0325383793289193,1.043874436357345,1.05901123589314
gene_498,1.049448031618602,1.044155473328533,1.0406599762981743,1.0643839860013806
gene_499,1.0355620441009,1.0839244143255051,1.0431582001308481,1.058603798473214
gene_500,1.0810627696066586,1.080737091138049,1.12592892460917,1.0849380689322434
gene_501,1.064730172333227,1.0735851179366505,1.0823628918371317,1.094791764479323
gene_502,1.0752913566018685,1.0871579529023572,1.0657450311594778,1.0642767908635637
gene_503,1.0750752276471305,1.0564310705599598,1.0775074927719743,1.0523108725375634
gene_504,1.1019423649618107,1.0654693734383347,1.0287900400709755,1.0991874892884637
gene_505,1.0770342807077635,1.0532962452248364,1.0960367349311244,1.0407712349024663
gene_506,1.0745231699352173,1.072159339586893,1.0929797043761134,1.0344790625557536
gene_507,1.0602597590162517,1.0784528615807223,1.0238476875240081,1.0577143352514953
gene_508,1.1149680345880024,1.0644203479876888,1.0678847983007465,1.0699961107242915
gene_509,1.0869398584452343,1.0430275811748029,1.0625518392311375,1.0532189725629024
gene_510,1.079476279370109,1.075117027901593,1.0671794936305627,1.068419975860545
gene_511,1.0820391037445263,1.082034569805975,1.0646585820195922,1.064653149258948
gene_512,1.0874618140669805,1.0177428049050687,1.087927713564592,1.0992553929862483
gene_513,1.0445184491966555,1.08079881545857,1.1317232801245867,1.1518638634286777
gene_514,1.0726779704536937,1.0324779471459016,1.043289145632061,1.07019356294263
gene_515,1.0793612347437929,1.0531191019075725,1.0638444795576734,1.0648930110545354
gene_516,1.1219563573512064,1.0848008333942851,1.0879194727790789,1.0958323521528073
gene_517,1.0568611678644033,1.0424567451038622,1.0737738107905614,1.061637435407424
gene_518,1.0591621898063512,1.037632410663442,1.054024480713563,1.063597107317378
gene_519,1.0366615018746277,1.0803190864124121,1.1197836525498874,1.1071410841888907
gene_520,1.080401886676246,1.0473763186647953,1.0635358120002525,1.0367706560906018
gene_521,1.0814438063856338,1.051266830821293,1.0763121588292992,1.0712298767738946
gene_522,1.0789835844245435,1.05044916006844,1.0587238075343222,1.0755138168789942
gene_523,1.0859601921017106,1.065295339598169,1.0898613876991508,1.0733679713655402
gene_524,1.0601059339136554,1.0476396835769664,1.1079073215863942,1.055943656474337
gene_525,1.073731890340883,1.0560240850762703,1.0667491484346552,1.0487696406289322
gene_526,1.0947289195779293,1.0885409033927838,1.0361275890746957,1.059834117744677
gene_527,1.0507154427721634,1.0681689208907807,1.098963976474663,1.0730143196952422
gene_528,1.0555737309220041,1.0785877643023882,1.052594192180931,1.0937835551876927
gene_529,1.0921599822561112,1.0743827689581595,1.0706362708879744,1.035411495776193
gene_530,1.0963623061949839,1.0676320771157832,1.067955547443884,1.1209006306276392
gene_531,1.0439449984902238,1.0266015397536872,1.0267417806868468,1.0450329483235739
gene_532,1.0537388558431304,1.0309247479053552,1.0671527178682858,1.0569734531326294
gene_533,1.0440589325040455,1.0568807030774512,1.1048256640340195,1.1080902961345986
gene_534,1.058656068747208,1.0566496181026803,1.071335018050817,1.069317647442614
gene_535,1.0528882050757027,1.052911484414641,1.0566889325440767,1.0529976273118054
gene_536,1.095043907829065,1.0808123993915,1.098702598585597,1.0554406573052277
gene_537,1.0609337810803918,1.0417956560974333,1.0852045933568153,1.0334697092351803
gene_538,1.08487788783709,1.0621563233447966,1.092340708923491,1.0467029606968097
gene_539,1.113836625922799,1.0622866167598564,1.109370086135718,1.0944999059490443
gene_540,1.0469227429915862,1.09541233407903,1.0745134480608576,1.083319078585886
gene_541,1.0328364735113473,1.0590277674054516,1.0901400751293981,1.0632573024809335
gene_542,1.0800862152796953,1.0789922753675285,1.0926618735373974,1.0323186534697155
gene_543,1.0967501201271088,1.0470009381809366,1.0421481529367398,1.0651925346019822
gene_544,1.0981975771990773,1.0984050944610217,1.0455581222547767,1.0638059292719746
gene_545,1.0580671333863034,1.0501520320519195,1.0176092284217695,1.0845669406653022
gene_546,1.0490358742214891,1.0681519228329968,1.0722208546500616,1.0494021271291287
gene_547,1.0919807999867635,1.0722188068159901,1.1149501446237151,1.0643157453292122
gene_548,1.056864930090568,1.0694607664937772,1.0776135168440297,1.0482180818382474
gene_549,1.0616564753123374,1.0974718204069223,1.0893603492498025,1.0830793701023123
gene_550,1.0740404351716617,1.1015973129491372,1.0975762456170193,1.0630586473554173
gene_551,1.0602952283972225,1.0262652765003735,1.0766098627276184,1.0753459756603296
gene_552,1.076235537255104,1.0486425292641732,1.07697821365452,1.0498307425247349
gene_553,1.078195844148691,1.0720783129198765,1.1041392686889149,1.0830131819719686
gene_554,1.0562487460470105,1.058697776065764,1.0488130632781298,1.0463933266905638
gene_555,1.0511147920813073,1.1040244457942805,1.0360807835512835,1.0816148281949762
gene_556,1.0915179143668585,1.0448470086553905,1.1056446507661206,1.0547630800731762
gene_557,1.086162594738602,1.0337735617827153,1.0633792673521982,1.0822227530098973
gene_558,1.0608492056006453,1.0673710998319608,1.0295113683500263,1.0696085822334545
gene_559,1.033120871788311,1.0289459277777189,1.0718209664966456,1.0536806660033056
gene_560,1.056665718765119,1.0757333568367569,1.0854155853717362,1.0855754944781248
gene_561,1.0436201807152279,1.031430426752751,1.0674615672078784,1.0797467255262272
gene_562,1.1014117785130961,1.070290238237773,1.0874293382566989,1.0449467870443085
gene_563,1.1360641163917449,1.0647061162741558,1.0988001415178354,1.06069809724013
gene_564,1.116077569342417,1.0911621795014124,1.079060074699088,1.050654525538626
gene_565,1.076523235148933,1.078182484126554,1.0513824897874668,1.0562768441424222
gene_566,1.036068726562078,1.0281821055635736,1.0641288464523027,1.0779995440094297
gene_567,1.0596187687377012,1.0669429364240357,1.097565746010942,1.0706761413111916
gene_568,1.0721662796517726,1.0422428267729245,1.0811158609506775,1.032303112558449
gene_569,1.0939684281945814,1.0626224592825526,1.0306450294810063,1.0885001120397584
gene_570,1.0770335248689336,1.0748511867000834,1.0982487980951006,1.0495670913949038
gene_571,1.0467506306960117,1.0755158743271502,1.077899048114265,1.062325722357585
gene_572,1.0317631784845556,1.0609691694118917,1.0902352787968559,1.0405366795612105
gene_573,1.0962435574953666,1.0821479224907835,1.036166665464463,1.0826869657132725
gene_574,1.0537101427042233,1.0445042264629183,1.0681040819437226,1.0558611710761976
gene_575,1.0844437945565986,1.0878604978214714,1.0316703807004912,1.0418325263285715
gene_576,1.0487970269850866,1.0576686693292734,1.0837198417375338,1.0665658224779508
gene_577,1.0841902003799706,1.0532328179158703,1.0611571179194956,1.0524767860112823
gene_578,1.1115384117638416,1.1041167011637603,1.0313131127009072,1.1329434422252476
gene_579,1.032294329442982,1.0410588378311387,1.0638460008503885,1.0468916641688522
gene_580,1.0537843174705201,1.1529170970001308,1.044666209577019,1.1196035668907156
gene_581,1.0847100550608957,1.065219334354252,1.0808600001389954,1.0616311329334847
gene_582,1.07824194119617,1.07463520053112,1.0561262588025464,1.0929475618501647
gene_583,1.0703665863648864,1.1189072822004027,1.0987652658764588,1.0895048528860134
gene_584,1.065760469969091,1.028840123065649,1.0411213610739647,1.0828634493923437
gene_585,1.0665296429327358,1.0680881166845775,1.0587945295846704,1.0548812752885124
gene_586,1.0653564370210113,1.0708108328462422,1.0390449399083679,1.0936466737406274
gene_587,1.0470041807826942,1.0415062293638722,1.0997356749128409,1.0710292255243756
gene_588,1.0842010977692116,1.0858623517456367,1.0596297682182307,1.0870837034447178
gene_589,1.079320945104139,1.0481600345115805,1.0737853828729138,1.0885865738646796
gene_590,1.0417819158187038,1.0568960734329773,1.0773816259343176,1.0489109662968936
gene_591,1.0512991249468724,1.0385223586775045,1.0531748130924488,1.0420434253523259
gene_592,1.0823507609434222,1.094857136761496,1.0883331161072876,1.0542186370284201
gene_593,1.105653956895269,1.088957432392419,1.070805570263466,1.0420799941413177
gene_594,1.079690106481032,1.0923636433054704,1.0553657880195484,1.0804489713606849
gene_595,1.1159444675259662,1.0546861711050166,1.1242694015068095,1.064565761396687
gene_596,1.0871505942104143,1.1013019063264327,1.0666503540480645,1.042259997443397
gene_597,1.063301373135911,1.0555809872612296,1.0940096461714826,1.0766987558816343
gene_598,1.0939716493376963,1.0526581061790916,1.0844362878655776,1.0578468619636499
gene_599,1.0821922976382583,1.0972512553741418,1.1170440094313563,1.1423949859008062
gene_600,1.0866308008523575,1.4086362817034905,1.4516906753753505,1.659230769009589
gene_601,1.0734432901383288,1.1892904615355346,1.3049198612056037,1.3354205717478655
gene_602,1.0600711311565414,1.1725081910544022,1.3002118199035524,1.4289788613142838
gene_603,1.0461920285659556,1.3978976575440751,1.1644513205346028,1.1388299620847477
gene_604,1.0351596722934475,1.2711205752165713,1.260909909439572,1.3709899695508396
gene_605,1.0778905032185895,1.2760763559251374,1.3997095383417524,1.2357433730704925
gene_606,1.1578885758120039,1.500480284375697,1.2111015716064064,1.6237786613965406
gene_607,1.105311899941639,1.397017132582182,1.3488521712945358,1.4711400442099212
gene_608,1.1050827886575796,1.374871973454242,1.353011489973764,1.2494001445902938
gene_609,1.0954771488025155,1.2189249087085257,1.2177584941426869,1.4784674349070444
gene_610,1.1176226513075667,1.7416516815239695,1.6162649152588158,1.4706973922447732
gene_611,1.0609023301126914,1.288172536540154,1.297253288108294,1.4857359179078684
gene_612,1.0891353218557847,1.2002042760675635,1.3320122860646386,1.414991871484487
gene_613,1.0769040686315394,1.2907571128667312,1.4427305241850088,1.2208058504084882
gene_614,1.0518981227267066,1.2175677123330564,1.356600548177406,1.2866151269756432
gene_615,1.0892434905848274,1.3101018527165482,1.6614158538160044,1.559274115030898
gene_616,1.0531664941706902,1.3916765657816659,1.5902890280997126,1.1480989892232232
gene_617,1.0560267842803834,1.125938747703805,1.3504110122507744,1.181515190188777
gene_618,1.046286204575615,1.2248737496974011,2.2506134898420584,1.8640104989603552
gene_619,1.0803457546928064,1.4369226299991378,1.341590884516701,1.326986224290872
gene_620,1.089559394356656,1.5679513477823364,1.3646945362094771,1.2757106252442876
gene_621,1.0711972919909325,1.2764527200821874,1.3803531986649533,1.324225204369389
gene_622,1.0931541117586452,1.2175515142403404,1.3324663666237895,1.3197958956150952
gene_623,1.0976919950758026,1.304031454283092,1.6401949080977174,1.2894808699392506
gene_624,1.0606395369850568,1.2420751957880332,1.1620561856571803,1.2172081114423698
gene_625,1.0951468092818422,1.2962310515110136,1.2269549392732702,1.4818208796522525
gene_626,1.1506573715019603,1.405273897320493,1.3900080372803327,1.2942628789664148
gene_627,1.046989375241958,1.1682513378275536,1.4213092649720924,1.1227555699693719
gene_628,1.0951626409352304,1.4019546602495017,1.3689365516116088,1.4885014464808288
gene_629,1.087360617835587,1.2292845564495165,1.3226480987959741,1.385471504352126
gene_630,1.1661883495420782,1.5140931830711553,1.7382902609389659,1.1997192202035996
gene_631,1.0992710068236993,1.8771096310571,1.5266624327470963,1.486598694175591
gene_632,1.1232031890841756,1.5191029807113665,1.796385050098761,1.4399903835999177
gene_633,1.0645158347964734,1.267845463146985,1.2903304527286041,1.3785338482309961
gene_634,1.0918174693104503,1.3886351785658184,1.2281015613311241,1.5877982237908517
gene_635,1.0879333762512984,1.3141415988810219,1.2674607599431313,1.8713926839192496
gene_636,1.0978859320110141,1.6288829391012143,1.998966109688424,1.1737588053922763
gene_637,1.0758169878372843,1.3462048843642238,1.3672989603490382,1.421911284644352
gene_638,1.0677821416728348,1.255284303547215,1.2076139501858396,1.5223061973228584
gene_639,1.0501168052321401,1.2783766189918422,1.4619524075194321,1.1567365224026036
gene_640,1.0815381421889836,1.2838870142741774,1.1500661894238415,1.2961173693530197
gene_641,1.049416272310575,1.3518374259153025,1.1824230786475383,1.143699181530646
gene_642,1.1108826169870556,1.2621722266134927,1.5605261649246354,1.2327159518317359
gene_643,1.1162808070576993,1.4602661969085644,1.5838716091287857,1.370072712728188
gene_644,1.112273935450964,1.2509706987814464,1.1578537662598145,1.5225605985850934
gene_645,1.0631259516199427,1.2890451103481992,1.123921717199352,1.387599839046295
gene_646,1.1084686564594863,1.239612336726171,1.2228187496789746,1.4193029434040743
gene_647,1.0919662391625937,1.6558005307829573,1.4535134931640614,1.3098061672569223
gene_648,1.0632106253059026,1.374539179463834,1.2960221338326823,1.402406783977814
gene_649,1.0870852453499749,1.8698448732455142,1.3566493591753623,1.3049213969883628
gene_650,1.1127538787524154,1.1817955151002528,1.425509151723665,1.5818452790169872
gene_651,1.0527641412283761,1.2088215443455035,1.3592814038990566,1.2036913901699144
gene_652,1.1187931136486862,1.4723862885646997,1.33836312817558,1.539272104612493
gene_653,1.101880663338722,1.3071980068926858,1.2256628631173156,1.2196603318344075
gene_654,1.064076223570466,1.6709798016800268,1.2580148121732881,1.2965173425790315
gene_655,1.063927126304884,1.3043779603218872,1.3900485685541,1.2228780681823177
gene_656,1.0554036989593762,1.4259264143391046,1.2891742461015865,1.248543695264637
gene_657,1.0520630355971394,1.1851877665670927,1.3462051768915113,1.1922727446669805
gene_658,1.1285820384545573,1.376092226339605,1.8754014560567585,1.3145974850756839
gene_659,1.044582822650156,1.303752204874435,1.221556729730844,1.3398699125040228
gene_660,1.1269831056393411,1.58169730984232,1.2596814344194132,1.4588087697195409
gene_661,1.0438553774387016,1.2654598209993044,1.376060459696804,1.2613452946434327
gene_662,1.174581892106889,1.4643867682757241,1.3685213394242801,1.352850057988172
gene_663,1.11337850518496,1.357916124519002,1.3403402192060143,1.19189635724128
gene_664,1.0773775323405275,1.701594316826166,1.376937105079468,1.6274720997980527
gene_665,1.0634712703470481,1.2625158954641005,1.2003416343866078,1.2539745923141492
gene_666,1.107885125744591,1.35983430985156,1.4468713132628477,1.515186027770968
gene_667,1.0648157884409928,1.369308231054172,1.4100324654427323,1.6165184241148098
gene_668,1.0651476683312477,1.3833906524983022,1.2144293480726638,1.3160269308152055
gene_669,1.0555877053772738,1.4466198257263152,1.4449111632548213,1.185031984596221
gene_670,1.1474728680636792,1.3568141266865805,1.2319183776815135,1.551816559210567
gene_671,1.0355982584815373,1.1938292747889943,1.26808068005372,1.1719602024675615
gene_672,1.048851256239818,1.2583852741352368,1.354299762783003,1.3223709826588217
gene_673,1.0416846197681413,1.3431952013295352,1.2509781859111309,1.1440721987939264
gene_674,1.0649691276623865,1.235563915596572,1.2914092739371623,1.4761711848366241
gene_675,1.0687528644086774,1.2640013172930704,1.3388214439461574,1.280244733578545
gene_676,1.0837698542712082,1.4536221023216562,1.403867266675457,1.2324977109759818
gene_677,1.1039556198788139,1.2497462359386347,1.3100736523829835,1.3479140955699878
gene_678,1.0600477254029101,1.198558521875485,1.0918459767878965,1.5169375715918434
gene_679,1.105612820927207,1.2230361401147671,1.2845846168880128,1.3782183545483948
gene_680,1.1065728273175344,1.3776503772696547,1.3927794031161478,1.3790940183827873
gene_681,1.1028877547821303,1.301911408876947,1.343131974998325,1.2512475531147793
gene_682,1.1110586608416069,1.3043491315585543,1.467631895290863,1.737104823593201
gene_683,1.0459090595960343,1.3474011680030644,1.1114729423267178,1.309984962734043
gene_684,1.0568275562487106,1.3137932982407348,1.5027912414199065,1.271511761791274
gene_685,1.0618597717774791,1.3131607260597087,1.153638224186742,1.2312926790324528
gene_686,1.082840791056195,1.647693519363854,1.5318161209758,1.2458853146515705
gene_687,1.110824119526299,1.448859819828618,1.4451313064725877,1.5570296024772183
gene_688,1.0976332482004416,1.2976074551916168,1.3980548818094076,1.3754330146567058
gene_689,1.0943767907168944,1.1794704604566244,1.4733617314516425,1.3780988481230538
gene_690,1.0870898033034453,1.3266316023668436,1.2894486361489217,1.408193405094843
gene_691,1.0861770686179997,1.347312504099426,1.4355912028107503,1.3060083840246073
gene_692,1.0644026310262205,1.3084558171579272,1.5799289719277039,1.4336797737742015
gene_693,1.0722890355641432,1.4241375139924999,1.269867165997791,1.4065351541105204
gene_694,1.0805224214688318,1.21287294126504,1.3743442297428785,1.2644352701733779
gene_695,1.2006307087403074,1.3954274542526468,1.7423578272314506,1.546062477547343
gene_696,1.0644786593295295,1.3000159653330887,1.226640418362403,1.1537776649831026
gene_697,1.0579530446100818,1.3691116717526426,1.175435240384487,1.286795236028006
gene_698,1.0860538077792086,1.3576231621152577,1.491993687430884,1.3513512041857874
gene_699,1.089855937138328,1.2968760345113903,1.2793633167857446,1.3943722228425381
gene_700,1.1098060146984354,1.321331870530914,1.370543664272954,1.189764095635613
gene_701,1.1290098146023795,1.2676407299071473,1.690121367853979,1.188169243980276
gene_702,1.0629482113361055,1.4098811711789936,1.31403783039043,1.2674731164242954
gene_703,1.0572967723888171,1.2691072029981287,1.164964552532751,1.2932707392648097
gene_704,1.0647644726850023,1.4116475528980683,1.5526344453525234,1.2821734461675836
gene_705,1.066050957095936,1.3056145008292348,1.3521306797725947,1.5009462752775256
gene_706,1.0861121491005292,1.1275236195354186,1.3350897584546788,1.4004690039693273
gene_707,1.0831187281673404,1.3158133940345267,1.3680859923481548,1.4731460001926024
gene_708,1.1206833106545055,1.4601457587919435,1.6293026387401788,1.4297592242691306
gene_709,1.1142600658855362,1.5172746491971671,1.2338100313208604,1.4048993134819399
gene_710,1.0802331088141874,1.2081676121772749,1.3547810846086663,1.1574530449702953
gene_711,1.0893823701008856,1.3710713013065357,1.2920258936857643,1.2460465312507953
gene_712,1.073826718225455,1.1701829535175283,1.1768841647797392,1.1112354161347466
gene_713,1.119556236052338,1.3067397378162227,1.2610286508304016,1.3080373067286426
gene_714,1.1295483070488679,1.2296594783970523,1.3499348253935597,1.4821119342864963
gene_715,1.0963996231042519,1.3106024482865677,1.5337948146995406,1.147904115430346
gene_716,1.0813225533914892,1.369000988163181,1.2175652914852395,1.1939588862762303
gene_717,1.0567372787086153,1.293130598959819,1.5619583358882672,1.3032877869801625
gene_718,1.0590459147931734,1.1996188757078619,1.2599108305930362,1.4690217410757118
gene_719,1.0529820378373043,1.2385551286276577,1.3046157589382825,1.4000795715379288
gene_720,1.0502961022095634,1.4202916908645589,1.2797568699235846,1.3644484686173628
gene_721,1.0978520164058456,1.103953487667403,1.3161957289747555,1.3513690565421295
gene_722,1.0606058313433155,1.249259682531642,1.2327854237590232,1.221598849034898
gene_723,1.0466432352781239,1.1592292670688722,1.520648876971636,1.2803754997374588
gene_724,1.0590099071777064,1.3294696166912567,1.2915158600859684,1.6392491776757434
gene_725,1.07900939512355,1.2213896810160214,1.1937428786146007,1.2570133953296396
gene_726,1.0711830320572027,1.3713614124177518,1.4308746198318414,1.4099168307258931
gene_727,1.0684447970698183,1.4109062172165228,1.40923142582815,1.2196724211786234
gene_728,1.0657021353020935,1.5608043216275909,1.3118281180915439,1.3276266299823698
gene_729,1.182879516056008,1.3179124083443816,1.388381253852095,1.517071304635683
gene_730,1.0757205906680536,1.130344378340428,1.2205906280063155,1.2453391994599756
gene_731,1.127986664270518,1.5370316186260156,1.2101861175291007,1.7734978657574256
gene_732,1.0853788968735298,1.4450009061003932,1.3725342761507198,1.4526636888615656
gene_733,1.0645345163675763,1.1570670364641165,1.2717830756931212,2.0219720741110394
gene_734,1.1070126471216741,1.3035764496563367,1.463104925456702,1.5338740213697135
gene_735,1.1183668329448717,1.2889120218265242,1.3304734859900171,1.2918812839927296
gene_736,1.1377377303478622,1.4576775606040444,1.5715911196277148,1.3749906882310334
gene_737,1.0482463819600987,1.3153370201119379,1.3795111431739278,1.4878068712465846
gene_738,1.077560790687019,1.230683993287627,1.1582356072349567,1.3446398073136239
gene_739,1.054571071978207,1.1578994098967172,1.1059666647160802,1.4590476192461288
gene_740,1.0766409768520702,1.2591517031965296,1.2387462242916836,1.6358533643966455
gene_741,1.0799944157943848,1.7748055880464442,1.2308512401567877,1.7835298552460093
gene_742,1.0755639465982374,1.4814627554868913,1.4123542792108286,1.4564552888376159
gene_743,1.079428012274795,1.3716545824201316,1.1333566508886324,1.5830789164269408
gene_744,1.096064760469455,1.3545075925279404,1.2295822168070547,2.081026109315222
gene_745,1.0955468619430373,1.405760892977254,1.2142814279472416,1.5123829709809617
gene_746,1.090028474184277,1.4515809381701728,1.2671584690016116,1.1969818659668328
gene_747,1.098979446964529,1.2844651360128987,1.299594994603169,1.4052689363889421
gene_748,1.1167763721807853,1.5216377817401896,1.715134661049389,1.5409193977641433
gene_749,1.0939138612841226,2.4061774160914293,1.3132865599609245,2.580298320513641
gene_750,1.0874895571861363,1.2558769886070773,1.4470274440670279,1.1883791899246978
gene_751,1.0748482608184737,1.368142713154406,1.4048978164936292,1.3637113174824913
gene_752,1.126748396797192,1.2781169636619043,1.6984986950598495,1.3092546762117414
gene_753,1.0835726565042365,1.4685604484501138,1.4685653315315386,1.18248644740621
gene_754,1.0609380235262957,1.2681327176074841,1.273102350411401,1.5454849870661944
gene_755,1.066016222962764,1.4282875717651378,1.1962996698839632,1.4299169621592602
gene_756,1.0663325184867862,1.2670900517911556,1.1405607094958286,1.1639312119231795
gene_757,1.0530135272931607,1.3849715928268205,1.4628263352074493,1.509574563915446
gene_758,1.0971961082355541,1.568019754918855,1.1116576583218745,1.3406325712782006
gene_759,1.119532533074734,1.5491426582696732,1.414681609409008,1.2336112945931257
gene_760,1.1142412733312215,1.139110732430295,1.40268498058095,1.6625258317070228
gene_761,1.0718426171193776,1.2350936167936728,1.440405568789453,1.3435511825634467
gene_762,1.0531129336890932,1.5869443100181793,1.2958666312776819,1.2914983854902016
gene_763,1.0783112181780292,1.3240776702622847,1.3477041189518413,1.4770607185572207
gene_764,1.1110526436707415,1.4751452548759831,1.3800989879945993,1.2549510952644243
gene_765,1.0954252645592308,1.3275128931580724,1.3450225344292726,1.230209910366841
gene_766,1.0572555685867358,1.4774986260753675,1.2644116689347424,1.2062425791414142
gene_767,1.070642789684715,1.3329258467003475,1.4257575874721873,1.1675909216225928
gene_768,1.0937845090506686,1.3607401412456614,1.4648259049561745,1.4855654933687445
gene_769,1.0744290649946844,1.2510671834561142,1.382540854087501,1.3594663430833547
gene_770,1.0478283852103059,1.226903836460367,1.2959032656911469,1.1818091380440379
gene_771,1.103433060646515,1.162221964951908,1.317136418205677,1.5896285635237823
gene_772,1.0544560222072163,1.2049431638601686,1.2187412132672242,1.222814316323866
gene_773,1.067390276101637,1.1210740749876935,1.3491304364516423,1.2825899906691955
gene_774,1.0983376485806582,1.3358851040659259,1.683200649639424,1.419804453124331
gene_775,1.090414248298296,1.330455563376851,1.23439322501998,1.3825703961485458
gene_776,1.0609166957834637,1.2098794413032927,1.3059326289215514,1.4311691016106813
gene_777,1.1309873914393989,1.6146792376668837,1.456063072458516,1.4100351134098135
gene_778,1.0543592871026715,1.2716852673383046,1.2149475892450239,1.222113747128373
gene_779,1.1941773849734973,1.4221086273391883,1.4501595729062684,1.2549272696750753
gene_780,1.0587147960150267,1.7892545185954862,1.3198746334307296,1.7506406892001825
gene_781,1.1108741578086154,1.35072307770604,1.1318955769533285,1.3623630038044694
gene_782,1.0622755005648914,1.2629113305177049,1.1198995228353086,1.565801324057706
gene_783,1.1012871108154159,1.3649711932708528,1.197844788222177,1.5349526050577262
gene_784,1.1036861727665772,1.4817907285473442,1.1035918905699467,1.3569808072402956
gene_785,1.0959344622143932,1.3547414763806425,1.2967336145132589,1.4738143648659816
gene_786,1.1733644119437037,1.372728578530649,1.2760928961045404,1.6432033204865868
gene_787,1.1040031919482338,1.6109848850291082,1.3948193056872014,1.327409203207754
gene_788,1.1306540072245064,1.2348628976673675,1.2982679728086253,1.3763562573036983
gene_789,1.0774860106031123,1.2796106784877392,1.1940360580830078,1.3683239124406752
gene_790,1.0992914330356738,1.3780891647479034,1.4230940743042806,1.246413141638624
gene_791,1.091338552616064,1.4220995839629493,1.166401978511988,1.318563203469212
gene_792,1.1102544549694138,1.5623797813643896,1.4662520490603304,1.6115180558405544
gene_793,1.0474930441089065,1.28831490647562,1.142001177288544,1.193773002549255
gene_794,1.1013226451804488,1.55483317566284,1.2531980604301016,1.357825874591459
gene_795,1.0790941703818426,1.3084942304877047,1.4335844909612747,1.2498213130661424
gene_796,1.0874779904599337,1.3215346131205823,1.3839343831892512,1.5606973329700364
gene_797,1.1091599230905547,1.8211275164580107,1.3116097723594442,1.3122285423872866
gene_798,1.074894686251422,1.4859289223957446,1.3875149264399047,1.1991462206394474
gene_799,1.1050566228903185,1.73475771163088,1.4703120335665905,1.6719535692158836
gene_800,1.1453032239130185,1.185833451688256,1.4347412298755942,1.347748266030895
gene_801,1.123960453481601,1.1157934426529277,1.6224931318266755,1.4991315319902485
gene_802,1.1057042671636408,1.0863325306569027,1.2836033486646266,1.1388928496166377
gene_803,1.0559336596386728,1.1097185687003635,1.2146448695354373,1.344600675523531
gene_804,1.058970875291893,1.1221674670213448,1.173217769958345,1.3201430657908375
gene_805,1.1274826455188067,1.1339585206438083,1.4472167444824129,1.2513228221960635
gene_806,1.2379083889432727,1.193471932530346,1.5785173768245784,1.6016797199609958
gene_807,1.0992293658083385,1.1361816292552545,1.3710202718900046,1.2658865335184157
gene_808,1.1020059835923082,1.1559253798445708,1.4151193478055082,2.0102232512741893
gene_809,1.0814591474203292,1.0947482717002848,1.3510594324798473,1.1435601733284912
gene_810,1.0741448912588902,1.0976922836847764,1.2345709763691002,1.1739984141732747
gene_811,1.1469118709163606,1.1195486802139123,2.0497003030218353,1.4170318746769215
gene_812,1.2445743056078142,1.1818116701173738,1.3314053325105615,1.448776021846817
gene_813,1.1206648827771704,1.1729743654494833,158.24697558670806,1.156755259127216
gene_814,1.0905945678417674,1.1607444739204111,1.4426816800672904,1.7843566508079456
gene_815,1.1167369239559604,1.090919199005773,1.441934424327929,1.373743112432168
gene_816,1.0822487375418164,1.0716845339348797,1.1799434093591064,1.2276259092780601
gene_817,1.1170610417961941,1.174705200810554,1.5858734399774441,1.224680804380796
gene_818,1.1440478293818321,1.1172047783602128,1.3048354365020152,1.4036007765576466
gene_819,1.1651384626801842,1.222417035909235,1.262491564896059,1.236027937148633
gene_820,1.0972273365099616,1.1383275887674056,1.3265131588651635,1.2298913474454196
gene_821,1.1591746969763,1.1725306876621617,1.4156618642726249,1.5234495208824872
gene_822,1.1183736583181445,1.1867452128439102,1.3645409129756194,1.5291659982152872
gene_823,1.0688769603264465,1.113417071295147,1.3672329065996944,1.2802025156809986
gene_824,1.1478829106345738,1.137393819002914,1.4248084314936544,1.5213037550267892
gene_825,1.0935744306718507,1.101615700002083,1.2370471401997698,1.3462254452822962
gene_826,1.1592626270392856,1.1531372064002776,1.4783323529440033,1.1476992423332681
gene_827,1.0655140447922382,1.1155926596948804,1.3182442679858524,1.2512398279347994
gene_828,1.0640740405029236,1.1040609802908345,1.2511472267452675,1.5351707776013876
gene_829,1.1330392844661175,1.1584022137895282,1.2354390571620015,1.2600020066669948
gene_830,1.1705237596916096,1.1734089062659667,1.5026295703088324,1.2096554566542908
gene_831,1.0533393271395264,1.092892421802561,1.0863393072246863,1.3293959790375638
gene_832,1.0634771945619408,1.1014665837332318,1.2353901452349845,1.23247939312965
gene_833,1.0816167674150405,1.0938369066566676,1.3964337558689643,1.2826445635684898
gene_834,1.0627233034662078,1.0881871444326439,1.3781084449730008,1.1913539984447283
gene_835,1.1049816043949028,1.128892098920185,1.8557262768285117,1.2780243843631096
gene_836,1.2340302812324402,1.2969554121060638,1.499152631276911,2.264967260380881
gene_837,1.0928072952683368,1.1002624612096545,1.1327347667994283,1.4189908576457382
gene_838,1.1584492518284268,1.167341304222333,1.3874825128391937,1.1664619187903498
gene_839,1.1281073944681324,1.059118794064844,1.3021614608996108,1.3696137015725467
gene_840,1.1361930698162623,1.1471376624094536,1.3037373685917923,1.6489020081628407
gene_841,1.1179093145170216,1.2108567073347416,1.3573682580517166,1.3452981371455435
gene_842,1.1087471554720167,1.1745553400565676,1.9868743036145047,1.4531304070559692
gene_843,1.1309441513880993,1.1562176574688907,1.398439377771789,1.4051110665033866
gene_844,1.1246394444725472,1.0793463092602646,1.3162364275191993,1.380654811507651
gene_845,1.152825121120808,1.1658995659894964,1.2927456025398085,1.5972375741392408
gene_846,1.1354642668381953,1.1322365029686527,1.187057343271868,1.3568765051128884
gene_847,1.1732187410915376,1.2252717066667849,1.4715013009634033,1.1385022825351852
gene_848,1.1921524527624239,1.2477388525050597,1.724134868150461,1.364420470979169
gene_849,1.0795243226862121,1.1293654099454344,1.383279333168939,1.2812517875055305
gene_850,1.1531322173743102,1.1770191246270876,1.464710350520661,1.2709110530140744
gene_851,1.1121190710701185,1.1040505903365196,1.291504711829831,1.526437087861445
gene_852,1.0946032200306524,1.1373826243038634,1.377109290320564,1.3303992529717383
gene_853,1.0436175443487772,1.0500264690769057,1.2351055037864056,1.2076729958162127
gene_854,1.1415063335242377,1.1446686851760235,1.4555452573097292,1.2227088339199232
gene_855,1.1453118046422925,1.0777727606163907,1.231867460151799,1.1561607555110593
gene_856,1.1716817878530321,1.1786549255426244,1.193563782662676,1.371564489933703
gene_857,1.0945087861023748,1.1045051238603145,1.3781584153993842,1.6196818217547932
gene_858,1.0968606418220834,1.1240813378163867,1.348495574621798,1.204553487555947
gene_859,1.0968609846739878,1.1338312820845446,1.2532235514077308,1.3008188146249478
gene_860,1.0549730314183827,1.1041928084324002,1.4175969213886475,1.3324261042974075
gene_861,1.0505208531251309,1.1040548086975779,1.375570081073908,1.1953260976675342
gene_862,1.084116484556609,1.1932595787341258,1.3638425836580577,1.513694049561067
gene_863,1.117443719467247,1.138183243923619,1.150280135745773,1.2369993314458914
gene_864,1.0849342456994386,1.2091146900274203,1.2506791425746995,1.3695812713295437
gene_865,1.0695120322611353,1.0588992285421486,1.2967782383275506,1.514333429157665
gene_866,1.1137018207146712,1.0647222576427975,1.5866929728824783,1.4053635745545245
gene_867,1.1400872472263939,1.1598706066707678,1.2738056219736593,1.4575132179850012
gene_868,1.0890239306754959,1.132679000864669,1.405109287459533,1.4307714773450064
gene_869,1.070035527456783,1.0948371512028436,1.3083838468679703,1.1257537006102727
gene_870,1.1346668513534308,1.1439476451729358,1.4940869923737434,1.5590479583250056
gene_871,1.120866239418056,1.1264815642313666,1.4110657570230734,1.180713330380341
gene_872,1.163268000840765,1.1930234547912164,1.6842497453770446,1.4126093633052115
gene_873,1.2763592327717492,1.16862239015542,1.3858182749943746,1.4567576057592921
gene_874,1.1626077362024192,1.1809366286270102,1.3925806337571984,1.3539847440004946
gene_875,1.1878838868357302,1.1223927482425373,1.687415376443521,1.3303274836793288
gene_876,1.140014483476354,1.1261697521236331,2.0857203055481097,2.0314331835858286
gene_877,1.111261244411535,1.1642168659935161,1.3068659862222296,1.3862923961611593
gene_878,1.2032612781078653,1.225782503117112,1.0958536788819329,1.333822333075075
gene_879,1.0645209612126096,1.0620536608439166,1.3754984735222826,1.3562767800169313
gene_880,1.1167260281964315,1.1409808130134753,1.686153467737152,1.3666849237950525
gene_881,1.1058123040123105,1.1367573688891897,1.5246016256011024,1.3428777538050105
gene_882,1.0974476623100695,1.1030957030229742,1.3136180553110683,1.3071664016861306
gene_883,1.1111336261297997,1.0826876086643402,1.4185293368170697,1.2465295111326
gene_884,1.0929255321778995,1.0990948408068666,1.254936657402046,1.177774895768622
gene_885,1.079497043568942,1.119252371404673,1.3657472500334198,1.167261702441658
gene_886,1.1017453690700083,1.1875467449967405,1.415341387968677,1.4817936361083408
gene_887,1.157954751486893,1.1518276909841083,1.3291106399576011,1.17417089736848
gene_888,1.0920751372543012,1.0712709583804887,1.225035426689072,1.499181951637879
gene_889,1.089032926433361,1.0684123998007315,1.3144039576756539,1.3736761157918105
gene_890,1.200109618329688,1.1540489411906607,1.2522230492047146,1.6022743402764623
gene_891,1.096046071619046,1.1570704430869554,1.4540709619868235,1.40240809542817
gene_892,1.0990560894064665,1.1211928061461118,1.245991335357876,1.4000029927618123
gene_893,1.137230409717783,1.1223932263399208,1.237935839551429,1.251849978240687
gene_894,1.1486022715106738,1.095473823728947,1.6446111508755012,1.5634111637563044
gene_895,1.1342747862753515,1.1534900490584248,1.4840539374359114,1.4573882323166953
gene_896,1.1539553853475808,1.128438334635855,1.1835672107358417,2.6417521285833594
gene_897,1.1013685635649997,1.1573432027128434,1.4468526705787141,1.5698248951615303
gene_898,1.1250547405001219,1.134729722970435,1.2156759587350654,1.3110411226764245
gene_899,1.1076170906161222,1.1183960896064442,1.2061134765839099,1.3248678727182066
gene_900,1.129651107788037,1.106547195000165,1.2248684587957985,1.2404139569982244
gene_901,1.1615252830543714,1.1254626762766813,1.4684646693884669,1.3451200373127958
gene_902,1.10929743594847,1.0775403632241953,1.552462769477171,1.402893747259453
gene_903,1.0424992198378809,1.043665405598021,1.376329422195839,1.2934550737664339
gene_904,1.2267574214138108,1.205414447918612,1.3530234590900885,1.340342181669285
gene_905,1.1560729903891949,1.187932870309162,1.170359239200025,1.4078331955554901
gene_906,1.1561596894941246,1.1468717431136646,1.4092460270887834,1.2690660480218179
gene_907,1.092738331467255,1.1148047344472665,1.211582972835787,1.415392071776022
gene_908,1.1113020826038345,1.1273469980905018,1.2079586746643058,1.1335130955929116
gene_909,1.0622797272921038,1.103746322171267,1.1254327006411255,1.3686655744417648
gene_910,1.0719845967545112,1.1434790569904814,1.2384851706289477,1.1414246406324184
gene_911,1.120936823196144,1.134515086315266,1.193691401407408,1.5396041155510731
gene_912,1.112490554193278,1.1534206439732835,1.3805091216169538,1.2412026913986465
gene_913,1.1364104503768748,1.1067825754213831,1.676863025935503,1.52239193726445
gene_914,1.1102126071298462,1.0918468916080202,1.1922919439074653,1.2936907042827719
gene_915,1.1239020314899406,1.0915544453233008,1.2855217267346153,1.3988269078042814
gene_916,1.107448429474498,1.11697622518705,1.3678219211152713,1.2423039194875578
gene_917,1.1016788026319406,1.099956453370929,1.16923587472419,1.5205291129424452
gene_918,1.1031969956468737,1.0752936814502316,1.6858105991054653,1.3036181627771846
gene_919,1.1700028374671374,1.1992009987973613,1.248860836194616,1.260525079198773
gene_920,1.1837798382119054,1.2240653232868768,1.6600793398545979,1.3641804606725279
gene_921,1.1073599965613221,1.1303853396283483,1.3687800326588866,1.1843091578918197
gene_922,1.2076907455739847,1.1150165106348173,1.777634568093757,1.4600780383610086
gene_923,1.141603025752544,1.1211171369803075,1.7260099777555316,1.478511303630856
gene_924,1.078782905525961,1.095768948809545,1.2233490320049933,1.2540444516706182
gene_925,1.0355094834420493,1.0953562165582205,1.3401455877812003,1.3827097391074636
gene_926,1.1673647458709961,1.1574760336694083,1.2688217628721368,1.2416112296566661
gene_927,1.1064559369042406,1.1878508291684173,1.3488883236667046,1.7818581307480377
gene_928,1.1360165623669547,1.1654396592926761,1.2428732138187435,1.405764518215304
gene_929,1.122780541637239,1.1034147830238075,1.2156695503945893,1.2489436313090692
gene_930,1.2044263876502355,1.245849549770817,1.3120295551571777,1.340645432088397
gene_931,1.0684283406067656,1.0939637961588031,1.553458796872855,1.2171375659315549
gene_932,1.1169397053666594,1.1219243182320566,1.626700613457565,1.3894782005732078
gene_933,1.0888112032467565,1.1236984733522986,1.4958408032165509,1.2994307151173183
gene_934,1.0855425722237326,1.1376748387161386,1.407371700018389,1.1819892028511387
gene_935,1.1036466907802063,1.1674388284144674,1.4359610706109713,1.2933864302149343
gene_936,1.0824067193214324,1.1175066266571312,1.1446951800756995,1.4825176385826178
gene_937,1.0705323690140602,1.076920794089284,1.2674433382784578,1.1708483256588738
gene_938,1.1663058828217827,1.1521899584140283,1.426680298137767,1.3303354943563792
gene_939,1.1667869363717869,1.2383054184410813,1.3658601574739708,1.2744851078193074
gene_940,1.0642044378599171,1.0882666509345866,1.14167708940426,1.385979188833878
gene_941,1.215914663370339,1.2128067855768738,1.2980131145060747,1.3475924207556949
gene_942,1.0740956825652344,1.0544335403480947,1.181868431418879,1.332579284730734
gene_943,1.1002104341553658,1.075184868252787,1.4272003715669814,1.3334323871548877
gene_944,1.1457519386659942,1.1311996331560477,1.2974633616296871,1.3600766735307621
gene_945,1.1177113865110708,1.1929206655515483,1.274036626764283,1.310723793440011
gene_946,1.1463968952949604,1.1151236828954685,1.3619051043309989,1.6094635448870014
gene_947,1.1440492330173486,1.138921409311099,1.475849876752914,1.4299764468734928
gene_948,1.05066502251639,1.0532472615127255,1.2058219371531547,1.2687423001570521
gene_949,1.130603039246827,1.156003637712881,1.3714301590462978,1.291355403819564
gene_950,1.165542480456887,1.1982311648264783,1.3204218003077974,1.126974860520218
gene_951,1.2169546989689453,1.1754487156790123,1.7298828363221712,1.4452467524015233
gene_952,1.157860522003371,1.1717039019850883,1.2881065312962858,1.2766680173894445
gene_953,1.1480766760055197,1.1905499170318805,1.2307939836638402,1.3134512560643943
gene_954,1.1072770405863117,1.2057028167469181,1.2666465480529288,1.2683647217572982
gene_955,1.129336623578013,1.099166371196997,1.3277278992904264,1.2546641764323796
gene_956,1.1555021383905575,1.1769242705028928,1.419970605252204,1.2034227938216064
gene_957,1.1333095673244427,1.1438172369698865,1.2702528519415177,1.8916528972915574
gene_958,1.106911641955993,1.0932912803746542,1.4925967815162045,1.4949656784961805
gene_959,1.0769467614457533,1.0990879840249914,1.4196471331689469,1.4053257919547824
gene_960,1.0772710581380276,1.0405614992108507,1.5888607288736107,1.2084137199143408
gene_961,1.1245031191443173,1.197970313049285,1.3219283403333268,1.4513425098694201
gene_962,1.1719508544733106,1.1586192367799073,1.5123425440044693,1.8092961012394861
gene_963,1.2316007028683191,1.2378823261165801,1.3326869095476284,1.2727112830797767
gene_964,1.0493939161121602,1.0916908349408017,1.2456178026800995,1.5520958529417357
gene_965,1.1730567375183827,1.123554115707603,1.206589096173699,1.5214857612452704
gene_966,1.1277428585149687,1.1025600598115233,1.383794513763733,1.3226797320917572
gene_967,1.081888894015218,1.1528675453591632,1.264409992789956,1.2850189984935332
gene_968,1.104606323728492,1.1681347906426254,1.4480058608837716,1.7369562767752238
gene_969,1.1318058445043366,1.1003785258870513,1.3615285959843988,1.3523201647157805
gene_970,1.0798752830199865,1.1370297082553344,1.5102460518282443,1.2962005553208076
gene_971,1.1829005127804006,1.1962338351902468,1.2340061008899348,1.4021975498494168
gene_972,1.09452937667981,1.0564147907267065,1.3615716902066175,1.196775583493147
gene_973,1.1202875560429366,1.1196254899739826,1.2188602267348514,1.0585359852198655
gene_974,1.1499538659101551,1.196673390161275,1.4690906103264643,1.3801927181179698
gene_975,1.1013654808016524,1.125668411846326,1.3968046405587051,1.1885026863162496
gene_976,1.1239245108822833,1.1238342302136033,1.1139641457327443,1.4421447513936572
gene_977,1.113552580706925,1.1360359773902744,1.2304726783762012,1.3574426742069647
gene_978,1.1215332088275685,1.1293090137201536,1.7880230621823219,1.4064798709636757
gene_979,1.1602822948483842,1.180175063281928,1.19094247679357,1.217906024289326
gene_980,1.0805319038248968,1.101676812452265,1.190767938953502,1.350683626927677
gene_981,1.0612086334420783,1.157684357767204,1.5134235478667808,1.3282731209116845
gene_982,1.0471545398272992,1.122667770256831,1.3344228738059858,1.1974152726839895
gene_983,1.175330787984898,1.1903082520372457,1.773743002931826,1.3877390496784674
gene_984,1.1293466017712082,1.184661243487114,1.284031252339671,1.6791049342338469
gene_985,1.0844782025011863,1.1035648233258273,1.282853153367576,1.2213508282769567
gene_986,1.1199037671773686,1.134235267531462,1.4672468875273825,1.2568988848089049
gene_987,1.1905246546586479,1.1468377580263807,1.3688191926932871,2.413322652660768
gene_988,1.1078294272335918,1.0902132465856385,1.2594311642010882,1.3902394943109535
gene_989,1.1445778195419578,1.1468471536623017,1.237037978278136,1.3324181437195275
gene_990,1.1081952583160837,1.1407435437989883,1.7491361481897751,1.3664485276452913
gene_991,1.2138481938586452,1.167610252607942,1.450633206057459,1.33717207367201
gene_992,1.1289086568512037,1.1890993377020131,1.2829559416875975,1.2797109378789089
gene_993,1.061032082276902,1.1091169002515837,1.1903083444319735,1.185700664174712
gene_994,1.1403908824447984,1.1831537785823616,1.2660540469296104,1.504877162790471
gene_995,1.0819812949326757,1.0712175739142589,1.2659820978826093,1.4114347596121208
gene_996,1.1259866486261578,1.1247917281486681,1.4555671089984124,1.2900183514480665
gene_997,1.1049989668872249,1.1076147609036988,1.5328338487321225,1.8774777448043358
gene_998,1.0904663744135885,1.1018769923939724,1.3506233072510418,1.3650998417012863
gene_999,1.1650532407751213,1.147642654675111,1.252997021716049,1.3205733653613039
gene_1000,1.1948270850797138,1.3166264006376027,1.2564808077254932,1.0681704698957188
gene_1001,1.3751701867029305,1.4804089491712062,1.7130272452728326,1.6268263550751665
gene_1002,1.180612345804551,1.1872754341919032,1.294668616749452,1.0791579436678027
gene_1003,1.2981045542221339,1.6050983299407866,1.4117017114151138,1.24935977485271
gene_1004,1.337149995994349,2.2797974556288225,1.4737069359012196,1.3922990684096552
gene_1005,1.1086871800082156,1.308487445465618,1.208228733473551,1.1267570616535525
gene_1006,1.322292517291948,1.1638215780459427,1.3396867516706275,1.3521740158731093
gene_1007,1.2422777088241375,1.2727456221635418,1.338156069511506,1.2101087160373902
gene_1008,1.6312741305649194,1.495387703976277,1.2159162835849846,1.3141539934924633
gene_1009,1.214646762227495,1.2568870712787108,1.3332276889416206,1.7826010998088848
gene_1010,1.2005315673308015,1.454565460790358,1.301807228387909,1.5305493418345548
gene_1011,1.344980841313046,1.2844716018833107,1.2898921459196948,1.220989462220855
gene_1012,1.7089979470549885,1.3843118481670371,1.434165025485085,1.3524250864146954
gene_1013,1.2935634983945306,1.1532032675884825,1.3682455298495733,1.2827817661716143
gene_1014,1.3394483097943795,1.5907571851868705,1.4175916715093533,1.358672457226471
gene_1015,1.4694544818209387,3.041026233056359,2.1988448782901058,1.3369225764655728
gene_1016,1.4158647838103993,2.4972141442534888,1.198691482471422,1.8509445171659578
gene_1017,1.179579621871253,1.3413059226953,1.2722136715637242,1.519272169406486
gene_1018,1.4522977894227058,1.5666751832220223,1.2375965927852335,1.5321894317606723
gene_1019,1.1619298297000813,1.1885121630184659,1.3441670918077013,1.4254297996506826
gene_1020,1.3942910035023905,1.4513281921782155,1.181089320675674,1.4370067091195748
gene_1021,1.52560365354448,1.1381865946106071,1.3683548359029531,1.2491121660110402
gene_1022,1.1988671110240068,1.4176414513783633,1.2010395503796614,1.370444613728988
gene_1023,1.2709907409567591,1.2541370953882782,1.287220544740535,1.3335478228034494
gene_1024,1.6313787031677767,1.7364866801126393,1.583647857291141,1.2230041889111316
gene_1025,1.0968137520738142,1.212438290165998,1.1232841333393282,1.2413365406242185
gene_1026,1.3278842483068205,1.480510016870171,1.221592445885437,1.218408762709055
gene_1027,1.2113571683382147,1.25400030328788,1.1973812168299807,1.1772096070271052
gene_1028,1.134206936179021,1.309540289841488,1.3804288756211887,1.2235209187971614
gene_1029,1.2354277934631726,1.2509037651681219,1.232804002581294,1.2256915727476396
gene_1030,1.234992541628902,1.2970230693174247,1.2675514531917027,1.185721789860238
gene_1031,1.2551640834244868,1.4457412912743182,1.526582254385137,1.3564337788859466
gene_1032,1.896531676443872,1.5359725031845393,1.2261818250291983,1.3513242176342166
gene_1033,1.2724797751355788,1.5040232112465022,1.2091524091015915,1.4845835905759133
gene_1034,1.3079839841480234,1.18889545433949,1.422798433906605,1.1153784381378256
gene_1035,1.3516875591699011,1.3775600939468495,1.2542593951803045,1.304691799314049
gene_1036,1.2287371572283716,1.1642893386521975,1.1806425703687216,1.2220071112428343
gene_1037,1.4163479267624146,1.1911568461993873,1.2609112074447548,1.617649615954832
gene_1038,1.499909795420688,1.311449536159738,1.4811363332348937,1.5054331441501396
gene_1039,1.3245770733345488,1.3403462267749917,1.4093074108450334,1.1212003373542676
gene_1040,1.1153774528787224,1.2220549948165704,1.172490343720877,1.183766040811436
gene_1041,1.3473489765464737,1.4888315095538522,1.1571116292046395,1.2042336373397895
gene_1042,1.382803503912785,1.3094333110771503,1.266816383203104,1.5300457815169912
gene_1043,1.2406063399340657,1.2943043903570197,1.1787673824964242,1.4736037572277518
gene_1044,1.091522772636096,1.1859079723339674,1.2067399369806184,1.3013051640179798
gene_1045,1.5363059422734897,1.183435181310397,1.2708935776600294,1.1690783191216132
gene_1046,1.670197183591213,1.4575028864723794,1.071685633221298,1.331710094300976
gene_1047,1.729068238306965,1.5249312100163959,1.584132639947249,1.5091427349909907
gene_1048,1.3425266704368655,1.425397444122937,1.1359393810700456,1.2685636911674147
gene_1049,1.1234180715992053,1.101575232222725,1.1311618968295158,1.2214648686087193
gene_1050,1.0963860708390873,1.2955440897791723,1.2341794625224527,1.1720940256976315
gene_1051,1.4457797496635665,1.5070406786265933,1.6327318270317728,1.6770484682560034
gene_1052,2.2581720915765198,1.3717785172155479,1.8706355726316977,1.2633191531351426
gene_1053,1.3513083167998905,229.5426060457099,1.3242495862190125,2.000261326228223
gene_1054,1.2490972840833183,1.4669141599691038,1.3240280780873461,1.3630499596723056
gene_1055,1.2895302376055588,1.4005030709676234,1.1929154724266986,1.1529148427187743
gene_1056,1.3060836345834084,1.2030848462301056,1.2099865493767283,1.2282595142480486
gene_1057,1.0661909994865038,1.2510714846883362,1.3056727156771217,1.1479501796078129
gene_1058,1.1986072172587747,1.1622822861652162,1.1356363864680763,1.4381218752022047
gene_1059,1.1231906685631698,1.4042499044768812,1.7816629913081174,1.2553074280843224
gene_1060,1.3336469060750966,1.5431390833629117,1.2549132331008699,1.3128130966186007
gene_1061,1.166745667127981,1.1404410226203119,1.4705053918494004,1.2209766251087883
gene_1062,1.2367629193173981,1.182862082392637,1.194615478945421,1.271272744434335
gene_1063,1.4058912875861238,1.4346214250001934,1.7351070964421496,2.069342271862096
gene_1064,2.469456950070289,1.4976261864741727,1.5876804929855173,1.51571681148217
gene_1065,1.2711527748730684,1.23745997536242,1.2606264948715933,1.1750741665213669
gene_1066,1.533549924949227,1.4464524906705127,1.9339536446853047,1.540450662182662
gene_1067,1.2573441328144799,1.2123680269879313,1.176104721967188,1.2852915635254547
gene_1068,1.4615194486203944,1.6158371736703945,1.5150908527129678,1.6741141160921251
gene_1069,1.2833983546253187,1.207452628291642,1.3221831112621167,1.1066671665270935
gene_1070,1.3014772999623858,1.2469256601932917,1.3892187995384824,1.4546121461930481
gene_1071,2.016260970466038,1.446651648528754,2.0389013763188077,1.7315198063080777
gene_1072,1.2875502212898828,1.1034964601782418,1.3367060177637355,1.7301628338065016
gene_1073,1.2152349994900173,1.5463802603216776,1.8199117265172997,1.5497608707935933
gene_1074,1.250033418257335,1.7744587512774004,1.3065581467012963,1.5187630475395595
gene_1075,1.3778989786411455,1.2517137819455706,1.2708125162186785,1.330037737818358
gene_1076,1.5002370610849907,1.283323749836495,1.425696142736689,1.263903355504693
gene_1077,1.296825326482377,1.386104248198971,1.2712075616049259,1.2289115066061136
gene_1078,1.2458050229757422,1.1230329878713394,1.1922178725925803,1.18868235193314
gene_1079,1.6866386304877683,1.5014845323501322,1.4602454124601962,1.182097377704912
gene_1080,1.230586092725506,1.2396116602516298,1.1785747207291462,1.2526537633916879
gene_1081,1.1549531158808304,1.2798633540135584,1.1835019162268938,1.1974939989348659
gene_1082,1.2911998320846065,1.1222932442152005,1.393239600393348,1.3669103461065004
gene_1083,1.679299422476121,1.764549308648139,1.8074757514594624,1.5292428225763406
gene_1084,1.2888401886182066,1.3495527511638274,1.1878132072029692,1.328028389534236
gene_1085,1.309096843415425,1.2449059630686339,1.8246646011455003,1.2953429068957736
gene_1086,1.2042013914549403,1.1662459077764258,1.1206058746253302,1.227768551806479
gene_1087,1.4814126026841974,1.5464652986118368,1.5835554615259841,1.4003657251309864
gene_1088,1.4426888085844505,1.9101718881035974,213.08405165460186,1.5892305265497553
gene_1089,2.0376383749218907,1.2939132012447139,1.4256226152934992,1.4025448204651099
gene_1090,1.2874969846082418,1.3723296593508176,1.3938561221173564,1.3992776299863574
gene_1091,1.307168530446289,1.2076203113571775,1.2013336609073604,1.2199279430420868
gene_1092,1.3035244599909908,1.163228088331726,1.376201701407204,1.3153055682566897
gene_1093,1.2704276833754664,1.1704512974687504,1.456826274262409,1.3667820112193823
gene_1094,1.2929294724521785,1.4101009505692965,1.246081879137938,1.5197784286083171
gene_1095,1.3866220209947917,1.571004259856365,1.5944924363588,1.4772946144344188
gene_1096,1.1838390087960424,1.1607976867304362,1.2483072134599342,1.252145600493702
gene_1097,1.5834308661078047,1.5160928224037333,1.3780998440347187,1.2281112169295338
gene_1098,2.207951621294352,1.7759280113263924,1.4597300721779545,1.7721864943264611
gene_1099,1.396811597555192,1.4708827854337507,2.4670428379456752,1.6251197058855078
gene_1100,1.1683656328563161,1.1552050940079301,1.1513142182193714,1.2747513918307924
gene_1101,1.2398629179304732,1.4574263003790096,1.3027495249836112,1.1183014868487489
gene_1102,1.0959853827538215,1.1863783539779964,1.2466216669235883,1.1586291411899703
gene_1103,1.5496353628709,1.2558548844822282,1.446005002988021,1.844169113271893
gene_1104,1.5030505661533264,1.5990443059894675,1.383156058428252,1.2405512737501752
gene_1105,1.291634322288397,2.310789844294499,1.2543777231772606,1.597648250070739
gene_1106,1.174078927439461,1.0779466478092907,1.118419174736197,1.1884558590639611
gene_1107,1.471853453741975,1.363355234981448,1.583213270272622,1.36079281897326
gene_1108,1.274417743750768,1.2288418417676537,1.2434360568948497,1.5775207921394152
gene_1109,1.2378268541283906,225.27236516071423,1.6758623857131392,1.161977166333955
gene_1110,2.9725626239117613,1.6403501246759653,1.4398753226377234,1.70263218245987
gene_1111,1.217209533262622,1.1148138315973743,1.2682305494046324,1.344520205162832
gene_1112,1.224799473329897,1.2762777019337102,1.15964608541623,1.1601105217046055
gene_1113,1.5808616867809224,1.2893117725988938,1.3097048691133402,1.3085407552811377
gene_1114,1.354682820565692,1.2813212640746792,1.4151487495841535,1.6264703350300047
gene_1115,1.8245063509604593,1.5015579061720983,1.5443354668310334,1.4017158831133063
gene_1116,1.2047986946951215,1.1678799218096283,1.2705648114875348,1.4192742987102318
gene_1117,1.5454519406587308,1.4377693390929047,1.3604057073419007,1.1799173646901293
gene_1118,1.369060452622217,1.272985127344955,1.3877316898741379,1.4194192965154073
gene_1119,1.4938499363935056,1.7904000010861116,1.9300911204277738,1.4046667931880026
gene_1120,1.2234929402411452,1.459211591761146,1.1811463954541497,1.5563686481223706
gene_1121,1.067130138029165,1.142910888809623,1.1352292974410845,1.2504265026165455
gene_1122,1.463801583933871,2.042294041222265,1.6147062633460718,2.1196642535935104
gene_1123,1.4007405679688605,1.3751493579462244,1.3763888684784367,1.60109881058723
gene_1124,1.3772125275188374,1.179839788552055,1.3859047651791994,1.3984562756275556
gene_1125,1.7628735594761764,1.6492036163915595,1.3344741704232932,1.2391778596913257
gene_1126,1.2900118008670773,1.2111355024290968,1.2481713937100831,1.295180859061138
gene_1127,1.3336776991156496,1.4447867439686315,1.3543897486896432,1.6532166021923365
gene_1128,1.3297960300794103,1.420957551121283,1.7728865682678707,1.2017593797220274
gene_1129,1.55750846052406,1.503020449367143,1.6287375373728414,1.7738073249723594
gene_1130,1.6156173749040534,1.238010692373415,1.4606786357349848,1.3003401420574952
gene_1131,1.3138085677632214,1.3096044288932662,1.4247679018753021,1.2215396031074364
gene_1132,1.2873331353054236,1.243221744369788,1.7479292295227482,1.424249943341323
gene_1133,1.3673149859101146,1.8716193725757886,1.727085152670688,1.5041803990116258
gene_1134,1.7599856504199651,1.331606282822908,1.4231078451530608,1.4596708508153133
gene_1135,1.5332964427008406,1.3202335228729114,1.3450255267686007,1.353898765803446
gene_1136,1.2463668516181978,1.4414191516469774,1.7168588414315298,1.7325816966398646
gene_1137,1.2798002082696698,1.4129263631193978,1.1792690304138782,1.2161697843326644
gene_1138,1.3001384657748192,1.3237707004231094,1.2880921240537324,1.4602670773036046
gene_1139,1.1850331119906687,1.37456700011579,1.4395290988912484,1.5010789072559534
gene_1140,1.4613716850365726,1.2885588352304447,1.5259335066008193,1.2628097877197446
gene_1141,1.2730982839787213,1.4070907368503731,1.4593981502590936,2.5851517490778835
gene_1142,1.4013595107640002,1.3000340569377453,1.7658803818613216,1.4013183419845605
gene_1143,1.559634046628652,1.7565833285375494,1.9157865232154292,1.5860591226226366
gene_1144,1.4471685293696788,1.2317868752572416,1.177290225420944,1.2442288121943625
gene_1145,2.409284322334019,1.6442742184508372,1.4769754569004232,1.395654867121927
gene_1146,2.037859108690852,2.4357165183078706,228.0839119185299,1.4244918913334692
gene_1147,1.5948331325956309,2.1626048682465613,1.432479377383474,1.5156697257170406
gene_1148,1.1973090507193775,1.4118158464091441,1.161715264849394,1.41850116819116
gene_1149,1.1942927166485198,1.425211710935522,1.3796418326385205,1.369650498056646
gene_1150,2.0920029676927414,227.60483076163206,2.21911562178078,1.4862867910958175
gene_1151,1.3789354408439134,1.4330272925418153,1.2149934785467067,1.3850471552465893
gene_1152,1.9475222139165729,1.3284968414940217,1.3106859438670482,1.4335970236850826
gene_1153,1.4348822182453354,1.2180980503711414,1.606154701309508,1.1971622148285535
gene_1154,2.276840274708323,1.8748395070495982,2.418924983333007,2.0055787949211035
gene_1155,1.199237533254007,1.3078598063048594,1.2767491929684065,1.1607277310298232
gene_1156,1.3711015084022982,1.2108408485524653,1.2722887250959267,1.3482946484506952
gene_1157,1.1884237298967006,1.1514981165000402,1.3676033404001247,1.26965186387135
gene_1158,1.3077865452812407,1.3035388967793236,1.288233248964491,1.2869370525272836
gene_1159,1.2781640564520325,1.2478392614173606,1.276855840695694,1.2730622870368233
gene_1160,1811.8346926140853,1.6992618791409806,1.2800647735026445,1.8231775766173828
gene_1161,1.310432578888222,1.8427427790781787,1.4000625066829675,1.388926492578143
gene_1162,1.3307038836655607,1.2642984003730766,1.5495469491813265,1.2843305610453248
gene_1163,1.2074040053664101,1.260835406874895,1.2994892138932777,1.0794748891214325
gene_1164,1.1214979478166682,1.5589690792795343,1.4415114909987585,1.2016399392612844
gene_1165,1.3604682993045247,1.2272705750027937,1.4679948312155469,1.33864278360394
gene_1166,1.3669253967446755,1.3844785060984957,1.3392839869331934,1.4869163177086344
gene_1167,1.5323086235935073,1.3202913691878655,1.3680973070052629,2.700251566078391
gene_1168,1.3842206771264005,1.5037962972806154,1.4372234741271164,1.457052726063582
gene_1169,1.8160351353045336,2.0905529285318862,1.905584510072187,1.867724007081468
gene_1170,1.5462864844577013,1.4633641573448852,1.1720803822665806,1.3154149959758321
gene_1171,1.151854053481925,1.373215965120775,1.2987123074161662,1.2684600986678927
gene_1172,1.8450675685418865,2.5420912874066546,233.58066142839394,1.8227581568832538
gene_1173,1.276255391725818,1.3035764990213037,1.31034456525475,1.404022214279907
gene_1174,1.1987735567243876,1.2061679342035672,1.0988586819436579,1.2610807387680256
gene_1175,1.3698981285626053,1.225462278349287,1.261539357398907,1.207156044396252
gene_1176,2.3525270234685194,1.7615056776564506,1.7451991331178414,1.575486892686352
gene_1177,1.6126390487179014,2.040638945446711,1.6903255099329864,1.6834524957491128
gene_1178,1.4818015282895065,1.4207238488471696,1.2270524121697992,1.2772880743768478
gene_1179,1.2641800280528395,1.1847250099108058,1.2544068662544317,1.3337628132405637
gene_1180,1.242201287998656,1.498537371994453,1.5807451122957215,1.5860985027417407
gene_1181,1.1889353868977028,1.470084819008532,1.2532527104463669,1.2054044649015456
gene_1182,1.178133582917714,1.2878438084855792,1.2601665672871638,1.1684852963892804
gene_1183,1.2946796784928667,1.5301693466704298,1.8203108998274375,1.3981453908243435
gene_1184,1.1250293581978648,1.6871867459730832,1.5105659793625053,1.6025202547951993
gene_1185,1.274933013784801,1.2483208714219343,1.1632750485278749,1.2709946434037085
gene_1186,1.3235188143374,1.1628817360506907,1.2326557807152574,1.2988689239277131
gene_1187,1.201288069673839,1.2609230619439866,1.4595708911022112,1.343333312353044
gene_1188,1.2794314184414108,1.3249262599824985,1.3501606004799984,1.1318856325395408
gene_1189,1.7473433763651223,2.6304049206821842,3.039270023504513,1.5632818393862544
gene_1190,1.7497615581963208,1.552843634695738,1.7144819906365976,1.6734775094888834
gene_1191,1.1821961388461595,1.1647166274340548,1.0982074972063949,1.3357183460659743
gene_1192,1.8113646796303748,1.6200190690024963,1.576806642383899,1.3334357572388182
gene_1193,1.1362779875186626,1.2718017556329069,1.3374439806164953,1.1202307904898516
gene_1194,1.2117499816188453,1.235647302601709,1.363877175127885,1.1492398331407419
gene_1195,1.328639708367799,1.6055001305320202,1.668011904476737,1.7012738601590849
gene_1196,1.2798327418894524,1.355300128307114,1.284348243000146,1.3790439701517812
gene_1197,1.1850242512766513,1.4783355083444456,1.397761140676614,1.569657994524489
gene_1198,1.1561151696468925,1.2452282415979887,1.1087370457023082,1.1371985899487207
gene_1199,1.3562346139489436,1.2627879478375132,1.095095489848621,1.274258120133465
gene_1200,1.3355395090150426,1.2367129121489755,1.3437101234924318,1.2917027063518984
gene_1201,1.3402914343931835,1.9737826569128494,1.5441008828584009,1.5073281179801774
gene_1202,1.189142584920724,1.1911778087830966,1.2636137420807287,1.168687358203988
gene_1203,1.223318447718643,1.4534707890156051,2.2910542793308935,1.1833995168961486
gene_1204,1.3417713884743852,1.3653888134046441,1.284953250613291,1.3275146171866128
gene_1205,1.259374074334275,1.2152903710890788,1.3121501996752345,1.3665174587126128
gene_1206,1.2875418459910684,1.295730097823209,1.1171518225811023,1.268367978827505
gene_1207,1.3859861110966671,1.2193148919787693,1.400604578396777,1.1710978408868065
gene_1208,1.3749571178225979,1.6257933211236513,1.4335246512513315,1.2099850771952072
gene_1209,1.4277489606841383,1.2441016759742933,1.3243208275289742,1.2402358468268668
gene_1210,1.129611037368886,1.2234138385355804,1.1671198143137105,1.3460513369298464
gene_1211,1.2354937056680408,1.2367769454506965,1.2984041255628405,1.4033345218602173
gene_1212,1.1439908569594976,1.1739892006022228,1.1832363445502785,1.2017692152950055
gene_1213,1.3126444082199387,229.3610582395226,1.6845707558978855,1.3907419021391996
gene_1214,1.1123865057070863,1.210886275506105,1.3136828354899173,1.3673816516855244
gene_1215,1.344366428020214,1.5443675273174156,1.223777494171909,1.3157254054974417
gene_1216,1.6164947283919415,1.2937839120075412,1.5866717170417945,1.759436781342075
gene_1217,1.113516212454109,1.2216155725976947,1.3241220712885042,1.2141814307551189
gene_1218,1.4924626464806245,1.58849173245346,2.1405747205116357,1.7617539584446442
gene_1219,1.5011317373941606,1.1634226874425522,1.3617399398872025,1.3285179759783812
gene_1220,1.148005025046045,1.2368222992617746,1.3546177342274341,1.5185339183323534
gene_1221,2.0771062811749497,1.460312607549301,1.5472882210681491,1.2779733124751362
gene_1222,1.8114221064542084,1.5308061373283446,1.3740165847200956,1.473596485438257
gene_1223,1.444963665073812,1.192546434904408,1.33273105062808,1.3584912396077702
gene_1224,1.5473324255929213,1.9115946919695734,1.319864886528019,1.2173765828426166
gene_1225,1.2304510532324295,1.4029889626514502,1.229595703146065,1.3207700202259882
gene_1226,1.5465119361469777,1.3502502918633166,1.1632778964780093,1.5154359923064542
gene_1227,1.3469276289927172,1.2900650376163088,1.2075963552078275,1.2235283806445283
gene_1228,1.3219102870138268,1.2517013902902305,1.2738395521152606,1.2004516872555737
gene_1229,1.3406293775754483,1.3681855812232944,1.3127478455582395,1.3558879036836085
gene_1230,1.1467717410213971,1.2600120023765167,1.3817038009878444,1.314497340582165
gene_1231,1.2715775486891645,1.4117479181709327,1.3719346968041857,1.1908029075765623
gene_1232,1.1965395447631322,1.273804162299779,1.2771967220700466,1.2950825012200031
gene_1233,1.2419882795670567,1.3418404061953852,1.4991701055256714,1.70969203083995
gene_1234,1.509764167461326,1.3211116805089214,1.5518635103580738,1.3859489267238088
gene_1235,1.296608678698738,1.3031758613879674,1.2910103656300365,1.2174749482760463
gene_1236,1.5918498620040717,1.6276877231697917,1.589629564207772,1.3188485018011085
gene_1237,1.1367345160531146,1.1642055777003246,1.225885172914566,1.379415889347861
gene_1238,1.4676323080894296,1.5161730413742813,1.8792207494941933,1.4461596909513827
gene_1239,2.0016738000327345,1.2958926322433393,1.275457334235766,1.2097681448845243
gene_1240,1.5441657232454307,1.5404385293888578,1.8188797254287643,1.5755896059589154
gene_1241,1.4917002381434767,4855.671443885494,1.8109300106246307,1.8342311271051923
gene_1242,1.9376755481194576,1.8347586775300428,1.5426763065008486,1.8778494486356643
gene_1243,1.3423607194002214,1.4612042078490939,1.4694236406145778,1.493953890160226
gene_1244,1.4716341292374777,2.324451210468717,1.5356303015029513,1.322362302633988
gene_1245,1.2272938359168901,1.4709313032934241,1.3653976989840915,1.516568965352267
gene_1246,1.1690736689208985,1.2338180348497532,1.2761498608320283,1.1514133464428786
gene_1247,1.271953524166133,1.172285070268001,1.1774103431332361,1.1987026512807102
gene_1248,1.424523309758571,1.1668202664296916,1.3581839312516268,1.2615521370154192
gene_1249,1.152925742122274,1.181464054570201,1.2531204092744108,1.3043533915256702
gene_1250,1.781793775611087,1.2265300890813595,1.5976577662923381,213.8271880126155
gene_1251,1.363090021338812,1.5648418816574765,1.2789557148390733,1.371078382809444
gene_1252,1.414311850234187,1.222749981119119,1.0702888350909718,1.2077433173096643
gene_1253,1.331104412459204,1.4414737620492062,1.271490130870267,1.2229523838102867
gene_1254,1.4331965388209162,1.34536024083827,1.3897712761062864,1.23111184083393
gene_1255,1.6466936286805742,1.586468252918615,2.475366827620513,1.3931170907646147
gene_1256,1.190203023353064,1.1559732646005139,1.1858068558849695,1.3806274257424902
gene_1257,1.2173574483906495,1.1932097788476588,1.2556982753143893,1.1969193650391403
gene_1258,1.4364860969410755,1.5058848889747447,1.2885686942092776,1.2950962641039208
gene_1259,1.1022133430405046,1.1958002435001698,1.1994133795394444,1.24136472944731
gene_1260,1.5059602874640279,200.7956235011209,2.1197670688063663,1.5367961133843806
gene_1261,1.1226861569065838,1.2038241113736574,1.456745089383876,1.3215803802646477
gene_1262,1.1984412337907064,1.1615605043190929,1.2367357800183505,1.3100751260304018
gene_1263,1.4490841148940443,1.5594348256633186,1.1644593028822923,1.340195391943348
gene_1264,1.2736121585464206,1.4935161363680323,1.553437194343024,1.4418235348775008
gene_1265,1.5935835142542956,1.3339033042436719,1.353356625071597,1.1339037791810265
gene_1266,1.2318323308617218,1.287949802615656,1.1659262547665634,1.2372282862400512
gene_1267,1.4115179156935003,1.4272126503520395,1.3539829763287012,1.5505943207588806
gene_1268,1.5586804873164983,1.4439012862322533,1.6466568459955975,1.3137702153125805
gene_1269,1.5941964440858698,2.32475452108247,1.5220434232954807,1.4543542033661891
gene_1270,1.5415597880314256,1.4378895724874114,1.3641387937737344,1.1881781348777825
gene_1271,1.24388681802279,1.1151175479659423,1.1998830597538823,1.1233045920408657
gene_1272,1.6811947150768622,2.696643785970801,2.1187556448375653,1.7858108284569674
gene_1273,1.518231281798484,1.2551007845379345,1.1516819733598964,1.299336679916188
gene_1274,1.7717150391387628,1.803217610450237,1.3945501553141386,1.6334737232821679
gene_1275,1.8270542165686927,1.5232008510112207,1.4145374648516862,1.4758167305836922
gene_1276,1.2750322321823502,1.2477348088564317,1.3154184963706173,1.4518664351265946
gene_1277,1.2693702186706244,1.2358954973201761,1.2721189775431982,1.464646387612504
gene_1278,1.2520671946925424,1.356990616956946,1.5700198987917606,1.3894165921215005
gene_1279,1.2607611783366472,1.2979608071927278,1.3785534585139023,1.2330380401984924
gene_1280,1.173959105758249,1.41418476627524,1.3295614003659473,1.2405174493607702
gene_1281,2.0320714768324417,1.4016336513891055,1.5302394755339557,1.4429275025235133
gene_1282,1.2451619147251216,1.2182625430814031,1.1576674521368964,1.2166599111087
gene_1283,1.5444005151355629,1.8882866424605287,1.6733611456061854,1.7354401606388359
gene_1284,1.890597853694999,1.3520874813865529,1.3768234438094766,1.274273842373251
gene_1285,1.3599370537293733,1.5404269199913927,1.2726639983574142,1.507323656469033
gene_1286,1.7267175977271745,1.6474001485228085,1.234599768340397,1.7655753766898827
gene_1287,1.5762185614188085,1.4242146824104855,2.0985385831788443,1.4255597790275698
gene_1288,1.6316728672981395,1.2720599064960065,1.3137991194724552,1.4309670437397235
gene_1289,1.2575017731013278,1.2425991981509648,1.5482150438596038,1.3653762708041342
gene_1290,1.4833651102204308,1.6119852048798229,1.6145522276437303,1.3000261255812247
gene_1291,1.5050129982675586,1.477508556219172,1.2663932329039904,1.7047773429878008
gene_1292,1.396599224052334,1.200748729523689,1.3756227240490035,1.2674941522752365
gene_1293,1.2661510270323615,1.2859959788423128,1.1792778757048392,1.2918557318601116
gene_1294,1.453328883852945,1.2695183682166264,1.2997771507394544,1.2688976873239732
gene_1295,1.2398141032270424,1.0851614320758047,1.1692836854114927,1.253532954839681
gene_1296,1.4491904419204045,1.532851756592609,1.6929002589476294,1.1729201598418328
gene_1297,1.3473010941666301,1.6735780822014628,1.2075675912521933,1.476703800704931
gene_1298,1.1457386783579677,1.4887225590909345,1.5638982131538088,1.2675948300285722
gene_1299,1.2042506421515444,1.2091715174662478,1.431519285498818,1.2354881303812326
gene_1300,1.2753492261731947,1.3228112897975055,1.1885399412180764,1.1918100544952228
gene_1301,1.398802929234,1.3160529089560133,1.4344568841334713,1.2538423216764056
gene_1302,1.438586561883927,1.5570402502334433,1.25333493150334,1.1444880195222908
gene_1303,1.3415033088782373,1.5864568237300247,1.2825794813195697,1.2392055083720612
gene_1304,1.2660371130457153,1.387506857719034,1.324557962218152,1.175374690639706
gene_1305,1.5305647829669535,1.3170689402355227,1.557972694550219,1.6663670510744422
gene_1306,1.3861535556971682,1.316262865972794,1.745316047626588,1.5793047596109797
gene_1307,1.307282387181343,198.1778006425463,1.7393561047937065,2.0143285295070745
gene_1308,1.3374192716653293,1.23174623388836,1.227312212202981,1.1920083881578774
gene_1309,1.63042203302388,1.1422082460394611,1.3379923757015213,1.436742816141116
gene_1310,1.1326494855615985,1.3489205875298242,1.3779971031211997,1.2606404681584562
gene_1311,1.5108027104641897,1.1975684608692847,1.182024247313798,1.4931112862177685
gene_1312,1.1809456162266654,1.2763236233069337,1.2600129242433722,1.2712240467611506
gene_1313,1.3375479250880313,1.321416788475178,1.4003928630965503,1.4994070907837735
gene_1314,1.3663210923778113,1.285125212824063,1.3308090978826297,1.3454620546213922
gene_1315,1.2703370731823795,1.1799252328153669,1.2254662805033887,1.1833606803015086
gene_1316,1.2857383398754396,1.6866035163048705,1.2562928326829421,1.2467111517347451
gene_1317,1.1749582150106457,1.2733316738263232,1.2315591082202682,1.258478427267436
gene_1318,1.3743280211550994,1.4795017919365094,1.413906405966097,1.1926944019072172
gene_1319,1.1611005622044002,1.2926755818070494,1.3122663336374598,1.1921799364860233
gene_1320,1.1926397230251047,1.6611581927339756,1.7739838425575007,1.3556560630726446
gene_1321,1.376381856198091,1.1611692403759173,1.6943231800378185,1.425585500253826
gene_1322,1.4769369155463739,1.330486268830481,1.245159472432181,1.288254591380447
gene_1323,1.282932470257072,1.2437169037410645,1.3868654859513718,1.5002675877526308
gene_1324,1.2991000278308766,1.394592303669673,1.5779620387047437,1.7605661627889284
gene_1325,1.6531630896210285,2.314751163182026,2.0211686169246255,1.5515819246201579
gene_1326,1.33438811195698,1.3495098969457962,1.1319366219483957,1.3013331148065608
gene_1327,1.37965376375898,1.211846043117698,1.3553288539247896,1.463901283134432
gene_1328,1.1158179730453124,1.2814303390467732,1.2548138809755989,1.2217242194405955
gene_1329,1.5430077724674,1.444081390557107,1.4841417310533198,1.3234119504889217
gene_1330,1.4074730547880512,1.5575119382425913,1.2500936991286058,1.3833379933390155
gene_1331,1.5988305767037627,1.4006302100873538,2.4583212884865753,1.475669278126685
gene_1332,1.2449930248676038,1.1584441574039714,1.268833727843782,1.2009034699713974
gene_1333,1.176327368791054,1.2929438562351252,1.264097229508307,1.3459117756128043
gene_1334,1.244105037291953,1.5610501197104687,1.2235742774834273,1.3469832851329107
gene_1335,2.0826994245758184,1.733381310530395,1.536969692674538,240.3567945435415
gene_1336,2.4119602465952243,1.4074585958766281,1.9360647180177963,1.4422960203290758
gene_1337,1.2256883911955228,1.3218571980471985,1.3416815256583543,1.244094671260708
gene_1338,1.6020872703154574,1.6084741894681562,1.4104043282855778,1.7280549108957721
gene_1339,1.3424627473855755,1.5575977270801442,1.304139869646219,1.143525743840916
gene_1340,1.1782977841253752,1.232487387824992,1.2422130790811126,1.2079198613077913
gene_1341,1.3762406122628887,1.22377697261033,1.4911829674160244,1.4961350781698664
gene_1342,1.2881582624651031,1.403322949617752,1.3910644975641595,1.3260682066477636
gene_1343,1.3061972720444506,1.080456061129242,1.528339442560614,1.2002049921251905
gene_1344,1.2741967437737993,1.2343346792123855,1.1440932801009116,1.2880914351419133
gene_1345,1.2616090265541966,1.2729991198328452,1.2616623006110164,1.1834656964426729
gene_1346,1.3585107813555337,1.2555145108192225,1.349982989502234,1.228719243879429
gene_1347,1.4382781575241206,1.4068091574397703,1.4663411670180395,1.3541711372710346
gene_1348,1.2739122586202467,1.1217208083759713,1.4808503624390343,1.232636961521867
gene_1349,1.906042928379628,1.4436175332620986,1.7012306862580922,2.1652580000601267
gene_1350,1.372948657248756,1.350521815585803,1.2309883783023536,1.4152255257087456
gene_1351,1.5428244886179432,1.837154294045515,2.1069207136572974,1.4519860123880266
gene_1352,1.3479543301525096,1.1518844093624878,1.2497373358843569,1.2695925673945707
gene_1353,1.4523153376156976,1.742374284046148,1.7959891639570247,204.02357953038242
gene_1354,1.223977445291869,1.2702973191094138,1.3403422433967636,1.2677412828535624
gene_1355,1.372005445105391,1.527613111127825,1.2455910339300205,1.6274759413877882
gene_1356,1.5233416062733152,1.37992114022307,1.9181217858303454,1.2196177828395893
gene_1357,1.333676980688646,1.3619836312806068,1.3752729739807503,1.3028403067297367
gene_1358,1.373870901694085,1.2724142508050835,1.1939264603103763,1.1683347435591978
gene_1359,1.3226344290026375,1.4753767201691097,1.6619674105655304,1.3288680552871022
gene_1360,1.1719168427238795,1.1020563626088113,1.293867126666013,1.1524616280827547
gene_1361,1.5487140158373713,1.8917836222901654,1.4908092313346062,1.4250598195937847
gene_1362,1.414373606074336,1.3121996896319343,1.1842610456233191,1.2755438533394519
gene_1363,1.2070410635551818,1.6756611266626986,1.6085792610012164,1.4998013329831303
gene_1364,2.337729788051962,1.7880533699238896,1.6425326538865253,1.6362463363917117
gene_1365,1.5090609439123703,1.3598174552232296,1.2827834025943992,1.707277323479068
gene_1366,1.5200111917046009,1.3550094935122738,1.242741502093621,1.414546671238538
gene_1367,1.2291712684365355,1.0974555805015074,1.4234533701975143,1.0977383057921124
gene_1368,1.5134455662938149,1.460093592837097,1.2696547841683972,1.232436750639999
gene_1369,1.4989723940436313,2.196316242044805,1.3415210526226187,1.3131381578969157
gene_1370,1.6020001740424916,1.727031827236067,1.477876107037249,1.5886334184975466
gene_1371,1.1883478549339521,1.3077952474491528,1.3284316060172543,1.5020086171040283
gene_1372,1.127719874910807,1.2993736759872714,1.3493529620028288,1.5160246723791615
gene_1373,1.2926890041228494,1.5990724153678946,1.1906547572254749,1.1941569878787266
gene_1374,1.5513034749100896,1.3812172175216761,2.0359512522091,1.4185324364705256
gene_1375,1.8883165932346322,1.4700956902412754,1.3584712244780157,1.4226907127349122
gene_1376,1.0805364667204165,1.1993596896287406,1.1079192661963186,1.217262693243365
gene_1377,1.183046881374942,1.3362401748645487,1.3163622018200796,1.2659424188557453
gene_1378,1.569630369811977,1.5885752354650746,1.9455717568776902,1.4736517728334355
gene_1379,1.6541121965748709,2.101575970179762,1.5257269533218742,1.566825209429456
gene_1380,1.311526976761991,1.4341997027705444,1.8519458743986648,1.2096502810463179
gene_1381,1.4807218489429623,1.534479427049785,1.4416853618671635,1.2185760943268633
gene_1382,1.3388917692291198,1.3345108193765016,1.5187540250179177,1.2459984337195322
gene_1383,1.8087762835232069,1.436793732092258,1.5658124858313005,2.236819249782657
gene_1384,1.403166384651187,1.3866211222907086,1.385433589743481,2.691890706657876
gene_1385,1.2859953731822131,1.3126415913127556,1.2852816353550394,1.3345004424329503
gene_1386,1.8147099974934775,1.336989492495388,1.154116058658929,1.8856763051823993
gene_1387,1.4213191570380044,1.824673271154683,1.947592123795761,221.9999398460073
gene_1388,1.3427505065468541,1.245849057049305,1.4881893423108332,1.6025715713006783
gene_1389,1.2869308755499302,1.2667517170396116,1.2873299204925261,1.237005020249553
gene_1390,1.2156768453739784,1.4224729641705949,1.6360570865480104,1.216580736877157
gene_1391,1.3959863689331125,1.2877151034341818,1.3686836089671333,1.3055923558829157
gene_1392,1.3666074090340412,1.2211432468074532,1.6275570346788648,1.2078599737263316
gene_1393,1.3990480485663925,1.1462815108768878,1.820855658502924,1.51430291086379
gene_1394,1.4726548853504902,1.729845575952935,1.412603021216184,1.456174408987271
gene_1395,1.222845742832189,1.1972985317331566,1.2227313758084313,1.3062963486957933
gene_1396,1.1720331572050586,1.2419634489665916,1.265257713121349,1.2348532474403242
gene_1397,1.3858906836315208,1.7253718265100595,1.211402369849108,1.5945489604208358
gene_1398,1.1634088883906357,1.260908239460361,1.110199967646348,1.1913136121452579
gene_1399,1.2930914461240177,1.2401003845578629,1.429189666567551,1.2100770686320468
gene_1400,1.2905811043793542,1.3223198560539644,1.3069306668118923,1.277860875430935
gene_1401,1.5100594720279443,1.4329484988884447,1.2375563880369018,1.3511798956482315
gene_1402,1.109921299549151,1.4640949146409066,1.2418438507132668,1.283231706034404
gene_1403,1.4296205239367081,1.3162498643884253,1.4012518684681496,1.372462782797569
gene_1404,1.3021600935952065,2.134088708810427,1.4075072786662317,1.2113012776414882
gene_1405,1.488940591093305,1169.315417535008,1.722358165589907,1.4514929707194402
gene_1406,1.2149505084264987,1.2353825694790577,1.161219392869395,1.3523840626598518
gene_1407,1.3099560917235473,1.5408184406082714,1.2796008205776577,2.0047665009447084
gene_1408,1.19216165759371,1.4717990417754145,1.1102573337893096,1.319392217701272
gene_1409,1.3559351747072796,1.8642809144222134,1.5734091519770996,1.5352960291170528
gene_1410,1.6049634616180322,1.370359676488475,1.6951065616452954,1.8100720091205427
gene_1411,1.105882287958159,1.3124904334274732,1.2301202615750588,1.3103222767073122
gene_1412,1.4656799650879022,1.9080899472517434,1.7253089015238137,1.4074058967525618
gene_1413,1.9420130636246427,1.4725453991745119,1.318803107831033,1.2363887633689983
gene_1414,1.221906310798866,1.4818105771199552,1.375201854049518,1.2487737703157302
gene_1415,1.3605671385083469,1.2638871555064015,1.3482916512216099,1.7437291307001106
gene_1416,1.4639403100317527,1.2821652176586538,1.4851438495548293,1.7873321240202196
gene_1417,1.2280289351766551,1.6423971618496795,1.4167783798150742,1.477328464711149
gene_1418,1.2071303314633515,1.243644190818768,1.32345117151509,1.4888235022165406
gene_1419,1.4575772885952163,1.1487365866031602,1.2473428540663338,1.521820924205212
gene_1420,1.2586135737543176,1.3010106613946093,2.620753456968479,1.4958188327267161
gene_1421,1.2286701511937013,1.4514819801490406,1.2967891603740738,1.2744483686712191
gene_1422,1.477172358302075,1.269215240745725,1.6957649508018575,1.315361604054729
gene_1423,1.1754561343759626,1.5128539924877484,1.403541244242186,1.179985556804697
gene_1424,1.3099933086573041,1.7822189522815954,1.3046322009412716,1.1552468518885795
gene_1425,1.4447296990317213,1.70214516716144,1.4265954677542572,1.1946922118282572
gene_1426,1.1858570961726047,1.2695148905872444,1.1761504304542663,1.2366022691813676
gene_1427,1.4000214071349477,1.464810328000907,1.436042443862874,1.955262639597532
gene_1428,1.3484564757684236,1.3212337015416826,1.3986515764682428,1.3157474807253189
gene_1429,1.5604154343129306,1.5022026349698516,1.4490545407381197,1.4893886495883923
gene_1430,1.3604078330767722,1.6168825673685612,1.1749847061157725,1.446580470701398
gene_1431,1.485878183817633,1.129963801277135,1.264480138909984,1.432729086867244
gene_1432,1.452367843640927,1.3668712441718511,1.3162595929254979,2.427467952322755
gene_1433,1.3319056534045401,1.3342649824645505,1.219852537995567,1.2198149476385398
gene_1434,1.3562684399391336,1.153797052307712,1.4350078210382993,1.4823663389939916
gene_1435,1.2753861888754445,1.2647575347994777,1.2448857843370336,1.1838499158466884
gene_1436,2.2796985213814978,1.543920026070419,1.3914988466826144,1.3369736155143919
gene_1437,1.3424661263318842,1.3561721935465527,1.2453731898367202,1.3149799544648466
gene_1438,1.4814825043538613,1.3107985135619953,1.3861103562418768,1.4190725888077313
gene_1439,1.3025495975059587,1.184409114215852,1.2867108021619031,1.683611324249434
gene_1440,1.6451141175514818,1.306647622171873,1.3486273980360484,1.3467726000217104
gene_1441,1.4252430040744364,2.5547270894542353,1.6998316051974236,1.838175422134545
gene_1442,1.4934721085986955,1.4298012055821365,1.169157277481327,1.203979682697964
gene_1443,233.74960418690355,1.9521807656647632,2.2128674505705663,1.4029950160674534
gene_1444,1.1643086995172176,1.3041197449848148,1.23185711655211,1.391741258291857
gene_1445,1.3925711424348335,1.2523881114657356,1.3042957462207727,1.2937460089104382
gene_1446,1.9651455747099436,1.3024370181795781,1.3563635565590015,1.244890772632862
gene_1447,1.32979155159929,1.4460404398883804,1.223773223056694,1.4673394355768843
gene_1448,1.196955593264027,1.4190013834214674,1.175711583495768,1.4437440077604662
gene_1449,1.1744517920018194,1.1071908829504937,1.2736467953111887,1.4535254860465538
gene_1450,2.741485333669765,1500.692443623685,2.060756631944599,1.35480680578124
gene_1451,1.2203323473755625,1.3283539651237737,1.5866597271238132,1.1143704870007045
gene_1452,1.2493164929345015,1.1583378345849367,1.6199103787376492,2.2057745249366323
gene_1453,1.3193339051451685,1.8887223728840865,2.0724826477064657,1.2677835141686047
gene_1454,1.9525316534627268,1.531484159487345,1.620794171054799,1.2329136879410252
gene_1455,1.4534167744161575,1.2169192136828892,1.1923606826603967,1.4997055482508088
gene_1456,1.4749433059959056,1.4947317009345675,1.321510878046592,1.5225124655435285
gene_1457,1.1544975340795385,1.2081446296551053,1.6273071537776262,1.979919479480056
gene_1458,228.89840810550828,2.2276131238218624,1.532995490003887,1.455550092903516
gene_1459,1.2925851645629207,1.1904314773808198,1.1798240795797628,1.169521605831067
gene_1460,1.2323760490678475,1.2704734238109443,1.1478953782482495,1.3271923570067743
gene_1461,1.6247876765693483,1.6468257014836925,1.5497282554451868,1.5647597119863867
gene_1462,1.1596843536255264,1.3287809306059741,1.356738478006034,1.313510919878998
gene_1463,1.1879722158272432,1.364800790782724,1.2583628688085413,1.6983648292613476
gene_1464,1.1773849480970544,1.4061178556846365,1.539284407710695,1.1988004395128977
gene_1465,1.3009282704074188,1.251101295501861,1.3297200575881718,1.202252934104897
gene_1466,1.3109101987147105,1.226493513928513,1.369849345377115,1.355467640390887
gene_1467,1.206600999483519,1.1766357945037893,1.0829658433090164,1.1995851563930588
gene_1468,1.21374528800633,1.2937346281977986,1.1121328316652763,1.3796490688264933
gene_1469,1.3220744779029812,1.4824153892139225,2.294677325212604,1.1492177033879625
gene_1470,1.6820763094879032,2.022097416743525,1.6368080667292648,1.5907674030997319
gene_1471,1.3477932313446275,1.5978160219152158,1.2522883174989088,1.443383721107083
gene_1472,1.2281299448381653,1.2822771880280228,1.1022494072854594,1.0942183335323836
gene_1473,1.4830344477714532,1.3311976884618908,1.383381063763711,2.107565511957433
gene_1474,1.4777942816499587,1.2593097399793183,1.2360647847752395,1.3963565215668727
gene_1475,1.3879654165523083,1.4713465114961815,2.2234348219357045,1.4048325325362068
gene_1476,1.224243613152175,1.1587151759746195,1.0977440006827457,1.2676014320842133
gene_1477,1.4226112716758301,1.1737465598619576,1.3448749089675074,1.1747731385386768
gene_1478,1.3471927239195947,2.4926018802411885,1.569927158597299,225.55042485758446
gene_1479,1.1983406515837907,1.2344670536648077,1.3721288714986069,1.4441097866215578
gene_1480,1.1508368254265777,1.1600319048219683,1.2998852559788656,1.6713563948585395
gene_1481,1.297742712339746,1.1472200892273965,1.2858753288044389,1.5229910495012278
gene_1482,1.4221009955142156,1.501063731576226,1.4751490592345338,1.4578089157613747
gene_1483,1.6225873858349669,1.2197743813401487,1.578035822722286,1.2013064104218154
gene_1484,1.6435122803978213,1.5091106702980377,1.6564906924535794,1.38110918356147
gene_1485,1.2586450645436456,1.3337730171214688,1.553138440807221,1.3596709741830968
gene_1486,1.2757971400347616,1.2280784984866087,1.3989250208849995,1.2981392135165388
gene_1487,1.1158882624991255,1.5962712230942726,1.2916247898973883,1.384648197953949
gene_1488,1.3886993354789767,1.4186699369669638,1.6179030514247594,1.3612187253867367
gene_1489,1.50254800067555,2.396267870315386,226.8161493663439,1.418917160547165
gene_1490,1.3322587966500012,1.7959266785175683,1.5248272386884827,1.357547653914754
gene_1491,1.1745450928656915,1.2094409646339188,1.4161387541302775,1.4710507953328174
gene_1492,1.3076978655838352,1.3368008762741905,1.2945532571305105,1.3577856094078982
gene_1493,1.7276241278173445,1.315525919756997,1.3480355163386861,1.585024190637497
gene_1494,1.4315120454833055,1.8795835660028068,1.7380698068034268,2.3889589046921045
gene_1495,1.160067459736354,1.3142330067204133,1.138434997014394,1.216614370441513
gene_1496,1.512080351393188,1.1239670336804999,1.2207473148348162,1.2725514728095462
gene_1497,1.2505465999142868,1.4672696748819292,1.1722070860226903,1.1518130119332997
gene_1498,1.4242629702970773,1.2864990202121651,1.2427752624366053,1.583245623312831
gene_1499,1.456085743649434,1.3409088406488536,1.7616773332950906,1.6897736422715033
gene_1500,1.126101529063417,1.3884440146783206,1.4052332210398217,1.4627861886058529
gene_1501,1.550566982266956,1.4223258580700473,1.2935361408406951,1.5227675160272798
gene_1502,1.7136535869703962,1.4955896624685368,1.6881662185366486,1.350008960670754
gene_1503,1.556016198597091,1.2262381485054432,2.732961102985645,188.3573795723506
gene_1504,1.1718103033737017,1.381929085316274,1.7513575893276905,1.6483042013923896
gene_1505,1.1828229480669643,1.57558886759546,1.62046852097431,1.2503314428982115
gene_1506,1.3347617069677986,1.2218608892935328,1.3682347007215183,1.1103569123028725
gene_1507,1.2996082893885867,1.2638651591956522,1.8062543733841108,1.714140080452574
gene_1508,1.3182196350321203,1.2649591066415267,1.2784519364765137,1.2145123549438839
gene_1509,1.4656244390269426,1.3867558071780648,1.127929755591662,1.3243344854186985
gene_1510,1.9478359641101513,1.3109901007264413,1.3550114700362286,1.5452731681195713
gene_1511,1.3367880885379724,1.414225571478489,1.3653822027412656,1.3315835460784362
gene_1512,1.321911070322474,1.3051898081680808,1.3295488616357174,1.278607573444552
gene_1513,1.1096113762686781,1.3272606991354912,1.3107122731418206,1.453695420285791
gene_1514,1.4182015446271836,1.3516722382320574,1.641036999703338,1.5764944068655042
gene_1515,1.3429570616939894,1.3227796453759335,1.2584101228228382,1.1544822357406506
gene_1516,1.3122493301733908,1.4002650810663715,1.5389089072123758,1.2717252968573896
gene_1517,1.3811181839062319,1.3167910273534569,1.1254425315679575,1.219466229280904
gene_1518,1.41678210718832,1.3496151547204323,1.3934224984542147,1.3027352395069949
gene_1519,1.1374720058616155,1.240131188058574,1.091005313407623,1.34885974881883
gene_1520,1.2321094535485593,1.3100901825172657,1.7187321112512626,1.3707673602576393
gene_1521,1.1886110117639113,1.1715445359256729,1.2332926076799344,1.1692674050354932
gene_1522,1.4102018791032713,1.34302196637612,1.3044996466835939,1.351208703499197
gene_1523,1.3363904618151552,1.620646353935925,2.0720831406532576,1.4826025359520587
gene_1524,1.4340623336804574,1.3414469325218934,1.3376964222076608,1.1692898287515359
gene_1525,1.1156068043565959,1.7614266950179143,1.3065460990534847,1.4584811485161593
gene_1526,1.3294158612587967,1.4259028629507213,1.4577100323228078,1.2591458681844494
gene_1527,1.1716744491033164,1.1504112667850854,1.1488071685155852,1.131020767938526
gene_1528,1.2753094365353963,1.2733151160037255,1.3803362298785948,1.2282210538494238
gene_1529,1.1068338712437165,1.3160360674335063,1.6410898702543613,1.1971876680571905
gene_1530,1.1326179966390326,1.8771370699764558,1.4185356455173461,1.2246248406634082
gene_1531,1.1022618359641587,1.2941943018922386,1.2004436177352014,1.175154631331062
gene_1532,1.1992614548636646,1.1936574330650702,1.1936757626846775,1.1883983059820122
gene_1533,1.4064530013847731,1.2580842638633951,1.2492253558140345,1.5681888242458593
gene_1534,2.630460846786549,1.7735203003140814,1.8987091498199828,2.3201611196899026
gene_1535,1.1749512575752656,1.308275497273486,1.1374851575817597,1.1770521095565305
gene_1536,1.3771571227947692,1.367060153352018,1.2676706462600815,1.1843022433941772
gene_1537,2.341848727833541,1.632765785639009,2.1842080250918143,1.5267742049210724
gene_1538,1.2731663812044611,1.1141840727162047,1.3021194353998975,1.1967286047645642
gene_1539,1.204348169034984,2.1537174457859307,1.7319264002217811,1.2282514410515315
gene_1540,1.2218908126643553,2.0293604245295143,1.6441408596103575,1.6440679415452937
gene_1541,1.1518670854499982,1.138699877690521,1.333798372005457,1.121164595114724
gene_1542,1.347157600099865,1.2530619202476285,1.2285735569153062,1.2781889912629572
gene_1543,1.3500226154276966,1.29835229285838,1.3332934960014802,1.4969411364869554
gene_1544,1.2358689590746958,1.394031892803788,1.4241612715031824,1.4339421836095108
gene_1545,1.191106816800119,1.1018237229182237,1.1493872287750535,1.138808690313858
gene_1546,1.1334991279487985,1.4705718775134824,1.2189478143229855,1.2237696117132781
gene_1547,1.1868146221825833,1.812129006150545,1.839947240190118,1.220993929782845
gene_1548,1.4082729911056902,1.2580413366423824,1.1583072952791307,1.5545365889805072
gene_1549,1.3345461894689397,1.892246351384752,1.2548650312173555,1.269436307439364
gene_1550,1.2941137913911733,1.191881600790489,1.412250552223461,1.3334165639400848
gene_1551,1.2247844507316867,1.3626345971600928,1.3106984112886293,1.3792132227087337
gene_1552,1.4889769251969347,1.332713021460146,1.2882050369417377,1.8167170599240015
gene_1553,1.2083058255917059,1.3362956909957666,1.196682316367022,1.2806921134263236
gene_1554,1.3322748722630535,1.4501348819374489,1.112753132004261,1.4265894135763124
gene_1555,1.2083250641481686,1.4810275621118467,1.5005162571752597,1.4092114474671693
gene_1556,1.2945446317780627,1.5767699052590218,1.39910244689636,1.4148404452803516
gene_1557,1.382848937893897,1.2798929058214459,1.3727012475603602,1.2635191147811289
gene_1558,1.10664885340438,1.3046674197347528,1.2990687554154523,1.3289408427666325
gene_1559,1.512934246470744,1.9726546488595273,1.44268050796316,1.2817120788454017
gene_1560,1.1696680527300656,1.509609149083154,1.778299090846985,1.38334463673254
gene_1561,1.2082558712587526,1.156238313345592,1.2469977408136073,1.5240129539383753
gene_1562,1.497163804806091,1.1750124201904177,1.1503197228884428,1.1893422698753162
gene_1563,1.1509196771072794,1.47443963600981,1.2929460463202662,1.1837654427689301
gene_1564,1.2171113695119289,1.2773863242569183,1.3142861648844189,1.306475984753705
gene_1565,1.1658997463614922,1.4506230760665568,1.2994775485013648,1.2943400615805414
gene_1566,1.5212886487090325,1.3592366862705565,1.2325052305936681,1.4544421343076588
gene_1567,1.258814339849075,1.4238928813427545,1.3631719599568386,1.2137249547065443
gene_1568,1.8896338494259965,1.3362583543065172,1.5661598587095307,1.5495623939532208
gene_1569,1.3179512619123641,1.2405350847729417,1.2959299396670672,1.2492227230461246
gene_1570,2.0790231957887566,2.1283371118000773,1.9824609652615421,1.7386981300241287
gene_1571,1.1791577456779088,1.34429157121245,1.3508537585155942,1.4186685843360305
gene_1572,1.2984334199206495,1.2000356138204564,1.4234266025067015,1.2200459187520567
gene_1573,1.2325162754661725,1.279174921010844,1.2408324432506594,1.1256934727897698
gene_1574,1.2874465460143238,1.3167476873067838,1.5125959844561478,1.3710124801327197
gene_1575,1.2698037044613684,1.2250844162035641,1.2173496397273238,1.2470815050515662
gene_1576,1.237372604890164,1.4068436695361388,1.4191325043965979,1.2280474088517284
gene_1577,1.205282918143215,1.552345158271174,1.344753072857498,1.8894831715214713
gene_1578,1.2693127652194467,2.1089321962468213,1.7134017585144348,1.5310641788419743
gene_1579,1.185261743442422,1.5849701178021742,1.3400907126924753,1.1675852437097778
gene_1580,1.3135134648872138,1.1504976345722726,1.140120515801863,1.2752274271747213
gene_1581,1.0893543770032117,1.1696281595799307,1.107995131168725,1.2996758560424684
gene_1582,1.1846445826579721,1.3977711505903705,1.3832659340802187,1.2807214677852823
gene_1583,1.303750823044476,1.2858683950426764,1.3053383943878003,1.2537132281628043
gene_1584,1.3273465015030534,1.367222896262715,1.3234869867580712,1.6602900791126027
gene_1585,1.5779379520850298,1.2976295169285998,1.3683681612452088,1.459920195107706
gene_1586,1.1921955115921543,1.236437426879937,1.4190990236761645,1.2164200204388456
gene_1587,231.54218153610478,1495.465895665776,1.9741167415255587,1.58339412090102
gene_1588,1.5152339275058118,1.3599464298781103,1.967096091760443,2.286802123849814
gene_1589,1.3053498291054484,1.3012774320023697,1.2108809949837813,1.1958850908618248
gene_1590,1.4176001550522561,2.459493115343168,1.5515302324573246,1.4628456513735224
gene_1591,1.229104922530998,1.3842425784093104,1.380154074530055,1.3327480990724203
gene_1592,1.259904315192824,1.3102438853450011,1.373055629743613,1.2932328214209403
gene_1593,1.2982777067248656,1.386783642821275,1.2061335555272261,1.2893551408982893
gene_1594,1.2384218272370542,1.1509469586662333,1.2116665536827158,1.189470981743018
gene_1595,1.5607302608756637,1.222167976254783,1.4931286395101342,1.6145240357466548
gene_1596,1.4997209903076207,1.2399979135069754,1.477915177266788,1.4599528619435078
gene_1597,1.843746940175105,1.4174900827235108,1.3015217065655582,1.2924261492268343
gene_1598,1.261328226605814,1.2527777697366944,1.4202708226788499,1.9970043385995193
gene_1599,1.4604142769960624,1.5832070748005789,1.6348548508585747,1.605345627762983
gene_1600,1.2529401108016534,1.2607729703425736,1.1492272698570114,1.1093556705360046
gene_1601,1.3285327567427667,1.2034363249709454,1.1807105043722277,1.16442701615319
gene_1602,1.4838513766736647,1.653818454235704,1.1611783563939475,1.1604692903164828
gene_1603,1.2600182954000434,1.3553361986946522,1.2276273932719581,1.2822141023618208
gene_1604,1.3161051134127308,1.3852509703324662,1.495540679039075,1.1968610744470565
gene_1605,1.9318715018248322,2.1117760062924,1.6074228773300003,1.3394284222287203
gene_1606,1.7082625151453739,1.4931296961931615,1.237360287657479,1.5176093256189929
gene_1607,1.3328805404491033,1.2503684378003508,1.5417950960135212,1.431382955407275
gene_1608,1.4821817520705467,1.427125846306851,1.5819937405270437,1.4203093732641199
gene_1609,1.2318462652070747,1.2467741348539887,1.1581754216231848,1.3013454314348665
gene_1610,1.4624657408358464,1.6477653833781711,1.2571885330568302,1.1866632966634447
gene_1611,1.1839698749366927,1.0695460777490404,1.2864989679181076,1.1435439021367864
gene_1612,1.1333375296176489,1.2113960629102187,1.154345715330016,1.1230230637840075
gene_1613,1.2101370451162776,1.3436237026764464,1.4227344728706537,1.232061380518013
gene_1614,1.3231371029374432,1.9320732496965847,1.4639897687616448,1.2035858835581448
gene_1615,1.644981203896192,1.1672585251008845,1.2534727156782581,1.4301832772109055
gene_1616,1.380271970681023,1.1364902645356274,1.1893315793650672,1.4530902178237453
gene_1617,1.6212630617994184,1.2858095267151755,1.4448653321051144,1.374450506244865
gene_1618,1.690093661046088,1.4437275531965115,1.611995564202694,1.7151494476699398
gene_1619,1.348058510122399,1.1994676070860926,1.2460078630157474,1.1515778631697449
gene_1620,1.3996160350489721,1.692011084072951,1.2752368804322496,1.2166042789176577
gene_1621,1.2414113306764423,1.1142438309235307,1.748471517912437,1.135654258954677
gene_1622,1.1911152800759632,1.1916083282368104,1.2301727662872288,1.1552196014793157
gene_1623,1.6013150822840647,1.9443231540125983,2.285942930984406,1.4936853040450295
gene_1624,1.2603147061685545,1.2108071102816411,1.2183937497764703,1.3851858046677188
gene_1625,1.5715563918767563,1.1505037149835566,1.6377304441935303,1.2745604171587588
gene_1626,1.8029542939564145,1.6835182748928128,1.271188588351716,1.3941873681212285
gene_1627,1.5175067373242226,1.4434954226279253,1.5245759136342028,1.5048809004807904
gene_1628,1.276564376441725,1.4078202313981647,1.4086792447295016,1.3763630903212982
gene_1629,1.1459752099524714,1.1734775581758004,1.1000408727794175,1.171733094068862
gene_1630,1.2017574966727114,1.1966300190496872,1.3425094827068746,1.2712666557621233
gene_1631,1.1493776846337396,1.1769380007967796,1.1423113810926269,1.2987431534637048
gene_1632,1.1224447347920017,1.2316914027974388,1.2319441478763034,1.2052518768742904
gene_1633,1.4336579170305592,1.3930764865707799,1.4456825822853652,1.405635276390981
gene_1634,1.3244018875443981,1.6830669537786542,2.124289859904947,1.5437199879295955
gene_1635,1.1828774481095496,1.240803400228459,1.292852238772729,1.1969472215254748
gene_1636,1.4522261003878665,1.3233954162094672,1.3603349247938055,1.1459090973216393
gene_1637,1592.926075998403,1.682044396229038,1.3766411982575983,1.2232621881259467
gene_1638,1.3212239791419609,1.3083351570863007,1.1715239988839399,1.3885880759448348
gene_1639,1.1547630523260901,1.2495204518062462,1.5721308513932775,1.1736986945970809
gene_1640,1.3240510080965546,1.147033642937871,1.1910908662699664,1.172178617391975
gene_1641,1.3308711321605253,1.3555958285769474,1.33923779636468,1.271391344794941
gene_1642,215.54394546208815,1.3233558464939443,1.1292798939201305,2.1907650814917536
gene_1643,1.1733785237274525,1.3073849102836717,1.358129020163234,1.2161011438782376
gene_1644,1.3298224961192262,1.658976249991773,1.4227658834142014,1.501141079128259
gene_1645,1.2347541192679534,1.1423263633186813,1.2856234039284775,1.3386843466179708
gene_1646,1.4601433157492072,1.4290044696467572,1.4124892676307024,1.3287873117654518
gene_1647,1.4151845759305763,1.2287177714394708,1.3871704363361717,1.3340168788921147
gene_1648,1.3404609025624006,1.1618898852672952,1.2343380017098964,1.2477890279040027
gene_1649,1.2344027283335026,1.3932825293478772,1.367868667047388,1.6001857267848145
gene_1650,1.3425702381875122,1.1920547076417216,1.2032561965901953,1.1574657593268347
gene_1651,1.2545540493644316,1.2611494628363717,1.116396267455214,1.1587345583471158
gene_1652,1.7267488050004098,1.5656445789717366,1.7420812704004525,1.4931292158714424
gene_1653,1.6878771537607098,2.199424962239344,1.4493335397492177,1.2829848793142737
gene_1654,1.3409874489531326,1.5156994816570992,1.1418243069059522,1.460173873964191
gene_1655,1.482452514633824,1.4455693273101329,2.296043386523489,2.5385735401166682
gene_1656,1.3003422834244207,1.2544077666013163,1.192871601396767,1.6486883520158215
gene_1657,1.5238955250426824,1.2240925547239894,1.184130353443825,1.2475320093377122
gene_1658,1.2287798401137298,1.3509788487714354,1.3190352810076476,1.281854670589312
gene_1659,1.1325012124583251,1.2406453147739345,1.2331275279533547,1.330282944571371
gene_1660,1.4772405982446164,1.0891919095567673,1.1540054807871964,1.5247615354011335
gene_1661,1.259658049605795,1.2183395073726742,1.1951983041036656,1.3431636963395988
gene_1662,1.3837959366215584,1.2433906990762513,1.6900132389256968,1.4606995748658669
gene_1663,1.2005011213532835,1.4902109173044167,1.5485214120397972,1.5220742712892685
gene_1664,1.2710692021439727,1.3015039938142583,1.2948662895024758,1.2369896161594516
gene_1665,1.261021856138308,1.3756212653448725,1.2847766941360048,1.4661518810278635
gene_1666,23373.478668293985,1.7880951332243131,1.4657226790833113,1688.4128010350792
gene_1667,1.3001726077951739,1.3301834321175234,1.1308306327219406,1.575527778174856
gene_1668,1.7667155183365386,1524.4611448044952,1.4286288828459013,1.3986596758778018
gene_1669,1.9306733299270824,2.0269752170143924,1.3960999268630148,1.6313013645887413
gene_1670,1.8515106925484077,1.7825690253295783,2.0519284738195163,1.3647515553322511
gene_1671,1.3083200404445618,1.4522740895010324,1.3372852491024552,1.1998139599140252
gene_1672,1.2032558327392209,1.277793949700102,1.1791810265796463,1.222052406312084
gene_1673,1.4372258321262534,1.2502716732003594,1.6361964586200137,1.5143410636574655
gene_1674,1.362873752082801,1.2190857196711147,1.4033350098193458,1.371646001486691
gene_1675,1.2742568731586676,1.1340092015736285,1.402642078546609,1.4640246326038955
gene_1676,1.6570879616902574,1.364322401891291,1.5141208151687657,1.4384031705392029
gene_1677,1.5930319691877524,1.4261922620477292,1.6319857025040845,1.3160696927509834
gene_1678,1.3112835572715877,1.23101390626214,1.245570258703266,1.2283313444803705
gene_1679,1.453458105892506,1.3357498219158277,1.324836220920366,1.3947699102087066
gene_1680,1.277997050217345,1.1882989412025056,1.6521802579205913,1.2680844495924086
gene_1681,1.3486423981104276,2.0463664749924497,1.3512772324648554,1.4090976564254991
gene_1682,1.4948351590583855,1.4617313322277932,3.2059937964391896,1.2278944608417257
gene_1683,1.360953742760315,1.2477243984011162,1.1678283900275954,1.180165988661107
gene_1684,1.2173693192977468,1.3136529126423577,1.2328246957853275,1.358385980256053
gene_1685,1.2754954623811998,1.3684170879420325,1.2727101461088195,1.3378092614528792
gene_1686,1.3133685987047379,1.293457322739317,1.5538972180323742,1.3084300543828207
gene_1687,1.4778139618473964,1.438155222166517,1.220168762383459,1.5126318826959655
gene_1688,1.5276224466783745,1.3246663541026495,1.6220578472473361,1.217013922989935
gene_1689,2.1223863454534713,2.4767955567812083,1.9722666120316492,1.508471479396678
gene_1690,1.396348070830048,1.246627109599147,2.2837755716101755,1.329826334006843
gene_1691,1.59625359883935,1.3500297178122858,1.2611153422762602,1.5254298401324051
gene_1692,1.378721700590009,1.2332377588821908,1.165291446098174,1.397646416986245
gene_1693,1.2547627696075039,1.262788877720907,1.2105166868406092,1.441696547003371
gene_1694,1.5253504710808876,1.2170834806526833,1.4146471037089159,1.4178184853546625
gene_1695,1.3117551161332277,1.450462687844485,1.3245482124518733,1.3535691486200636
gene_1696,1.3357535619447456,1.1934233882453855,1.2572562590211829,1.385671209089567
gene_1697,1.2336428852643404,1.2248408585514925,1.2658622370665746,1.2906288822197853
gene_1698,1.3521365197419695,1.2653971315823038,1.2366256322961966,1.3931610199853484
gene_1699,1.4484151323014933,1.526125013367374,2.258591047243477,1.4082583758707916
gene_1700,1.2385393080623741,1.2888865166715635,1.2720464720899565,1.4805965355175308
gene_1701,1.4721173081882977,1.3118616462512023,1.4630948552778071,1.3594983317490834
gene_1702,1.3697439019190385,1.4108431627319449,1.257687779641384,1.2688939505166452
gene_1703,1.4939906628376334,1.4909025232455342,1.4917082572645,1.6126853409137158
gene_1704,1.2435979405709785,1.3033282321112045,1.3195113325293786,1.7108111252017555
gene_1705,1.380653121358076,1.3362340334806462,1.4960017788770354,1.2213396441680515
gene_1706,2.0928074322665795,1.678134083978742,1.5601628157561218,1.1781936877646946
gene_1707,1.1929383602262864,1.2966189273896211,1.804531522724403,1.5418187664202365
gene_1708,1.7236273054483575,1.9670765169078905,1.6404263422988732,1.3131473264334488
gene_1709,1.4576868266055334,1.239409611611253,1.5874432450352194,1.665757525645173
gene_1710,1.3118587732603675,1.5312719127212748,1.397210079889093,1.773037996172278
gene_1711,1.3546361248796541,1.424617387868454,1.289064255711687,1.5183593190230065
gene_1712,1.2844618779958779,1.2948289469107683,1.1876368568957547,1.242436282830156
gene_1713,1.7688687217293109,1.2332778525267494,1.2737958855215554,1.5036958955135042
gene_1714,1.3596944028393714,1.2259339320425504,1.188440457229739,1.293428019812764
gene_1715,1.3016376783405832,1.2005037192100485,1.1070845329272287,1.3767219396494748
gene_1716,1.32423494070967,1.1317010361051836,1.3232923943585917,1.4769966837034452
gene_1717,1.1448627556520117,1.2739514810308696,1.107523794232406,1.181663167064957
gene_1718,1.2707166980320244,1.2087446829676245,1.1925510611410337,1.268830174440826
gene_1719,1.4755675603361145,1.4440290420825412,1.4587564647654123,1.601142354459002
gene_1720,1.422975252851472,1.4618919920372182,1.6070183391476636,2.607691985574224
gene_1721,1.1287732305274176,1.5845611811536802,1.2652815933860622,1.1913546506644084
gene_1722,1.74932447956173,1.96683078871599,1.4757376280516241,213.67307310475425
gene_1723,1.3490780674124438,1.639199656823593,1.6753509222205767,1.3074598680361786
gene_1724,2.317090425551217,1.3884493893944174,1.3031655653542547,1.166885588902279
gene_1725,1.4317382082709096,1.5630207409331267,2.587286871441949,1.3639721733327501
gene_1726,1.2925117532298764,1.2658737755745324,1.3533463016026557,1.2900360140036777
gene_1727,1.2626810324718607,1.4845050271021514,1.9057248578068093,1.2659545298494839
gene_1728,1.3718062623325862,1.2846277710327465,1.1871271027744423,1.2206324104028579
gene_1729,1.2458190160880134,1.397052191727451,1.2469903163528526,1.2908160864537799
gene_1730,1.864609044022675,1.729215436061336,1.414615601886035,1.2856378097233294
gene_1731,208.85812074726115,1.5957865463036687,1.4768226996076013,1.4238333091565658
gene_1732,1.1550761044652778,1.6705866171031183,1.5466389433482186,1.3163551517101022
gene_1733,1.4167118065495077,1.9123693364931458,1.6228787159279334,1.5919111323674675
gene_1734,1.3277134211165,1.531063560147003,1.5172986567694007,1.3875253315554619
gene_1735,1.6688324598366027,1.8140590117143691,1.5027197575049198,1.7993704237231443
gene_1736,1.6904517951438265,1.8479685269612043,1.4560921035673597,2.033190522549613
gene_1737,1.2352403228106874,1.1687465404975683,1.320369827161075,1.2194316351742702
gene_1738,1.2831993037397658,1.2875809677776195,1.2457730916353846,1.452049462707721
gene_1739,1.3087054431054013,1.8848170488158968,1.8738396166025624,1.97120560177054
gene_1740,1.3046612411610123,1.274265221482613,1.2792551900237212,1.2601110511770874
gene_1741,1.0932285281897862,1.3047006394728622,1.1552868243747612,1.1636554040774623
gene_1742,1.396755890023313,1.7423600943937907,2.3853764252956213,1.798111676834674
gene_1743,1.221582481431566,1.186293495144502,1.179405531979419,1.1612397618505752
gene_1744,1.6372394309324976,1.3644006018659216,1.6324017963063193,1.1636592580037612
gene_1745,1.6074772266332642,1.3461699650362755,1.2552429842483788,1.4452731119073932
gene_1746,1.8994759946007047,1.4670890406909474,1.3612258497732646,1.2610950977716173
gene_1747,1.2701291212552732,214.33747617824477,1.5429562558917846,2.3435220353021458
gene_1748,1.498265253734097,1.297514166468819,1.049798434794437,1.277786556726348
gene_1749,1.4235674092889083,1.3216735193510623,1.2883320416699853,1.4703915342187015
gene_1750,1.1467584047212172,1.3684441211449472,1.2371406963703582,1.2293501622379843
gene_1751,1.325082200108631,1.31812678556766,1.1981198589434419,1.242932560175813
gene_1752,1.6717482523227654,1.4680892200277769,1.7803245638814225,2.1659978680080045
gene_1753,1.4353703810636673,1.412959926508232,1.52699501597626,1.4493770755465882
gene_1754,1.5345864400470397,1.6224344887660154,1.2874500932416644,1.3751272073271543
gene_1755,1.2002372363012923,1.1999914133397236,1.4132343070755349,1.1919922852006535
gene_1756,1.3973738389426587,1.2406473389802863,1.2548048750476346,1.4553799064604116
gene_1757,1.2750964568328227,1.1911133019421623,1.254338806257117,1.1907089699377347
gene_1758,2.1749016276027913,1.4726528798148015,1.2971946976356736,1.689430359825933
gene_1759,1.8529217629563335,1.2667169233520212,1.8299213050052923,1.3881076191500106
gene_1760,1.457679162157716,1.3301939939299046,1.3648487965212588,1.2670567260907981
gene_1761,1.3145615270770727,1.5521239822493884,1.3345557050841603,1.3953827251168818
gene_1762,1.2196632467796258,1.599617835243895,1.252699480718836,1.5926158828160748
gene_1763,1.6577553010413197,1.5541924545578933,1.1871570383005248,1.3707152147785344
gene_1764,1.3800711907404586,1.3744620297788417,1.4553960878316756,1.2925514103341502
gene_1765,1.3057248064552605,1.231072875243423,1.3645080990437732,1.5097633252208345
gene_1766,1.3292468200329381,1.6153456007713578,1.4305883581369414,1.425681269405009
gene_1767,1.6429181787830975,1.336876527637528,1.9456055315798804,1.3852232336525157
gene_1768,1.674232062465186,1.9515924116277832,1.2826518135364864,1.4326016619026574
gene_1769,1.5831402848094986,1.646473175882698,1.3307898011973187,1.2630989991113726
gene_1770,1.210948879561972,1.3751753488745664,1.4406711222651887,1.4115889045159475
gene_1771,1.3057353712729756,1.189851619699785,1.358579298104379,1.4177108248718202
gene_1772,1.394287393805167,1.2798555296726328,1.4779615489788394,1.4032147725888282
gene_1773,2.0536562928272564,1.3325104602689615,1.392184295499822,1.4880822881871654
gene_1774,1.2408431316026332,1.2664473612013498,1.2898928995569274,1.517895873086141
gene_1775,1.5545509693436166,1.7503652046212903,217.9810334708614,1.3326700636521405
gene_1776,1.3765470372276338,1.1777698376070922,1.1652687267682535,1.181985776088521
gene_1777,1.380661379734328,1.4858520087345715,1.3830311778994933,1.2042672912002617
gene_1778,1.2937190450711973,1.7477980461960212,1.2808773638898876,1.38215015188357
gene_1779,1.453442477108294,1.5763005805472432,1.6424520217442267,1.1632282126376339
gene_1780,1.3660115573275986,1.417821961076263,1.1681994986478086,1.3525263605491604
gene_1781,1.929007639518562,2.093666737458329,1.5883471170352683,1.3630949144087325
gene_1782,1.4773257585431065,1.7530664129885265,2.063293770014804,1.318422247398465
gene_1783,1.2564021128933058,1.5160896048659245,1.5629794747844867,1.5758005915882858
gene_1784,1.2272748791572665,1.3774910450596642,1.2607615966186132,1.3897449470639587
gene_1785,1.7390397929048076,1.43548090702039,1.4211150197562603,1.7227671457346243
gene_1786,1.2263833356175649,1.2854790418553945,1.1421904618404712,1.3092566972423774
gene_1787,1.7542847566565376,1.808438737422382,1.7431015721073586,1.7714754884510429
gene_1788,1.3115210026435953,1.2987841023364564,1.2387465001710478,1.22033831359549
gene_1789,1.4435675799117482,1.306104972961164,1.2765770844169841,1.4420923447237337
gene_1790,1.2631150949912713,2.266180915195237,1.692194698485844,1.2004023206918442
gene_1791,1.2479218318607943,1.3408392217512946,1.2021092540918445,1.2116368265214779
gene_1792,1.370844446381687,1.209828832678652,1.2556962070989863,1.1644140451553977
gene_1793,1.6633023581576538,1.5288771445601526,1.249994557662871,1.3537181520295831
gene_1794,1.8610922576587199,1.5995795109240993,1.797044017463552,1.2869949694193994
gene_1795,1.4929956220191936,1.2267368547263249,1.5128375948602142,1.224324119062797
gene_1796,1.1950251441159332,1.2659068404806937,1.5924106836826832,1.2887348233992213
gene_1797,1.3004697793555586,1.2579127003866957,1.268411012146686,1.1923186192003572
gene_1798,1.3093032514445422,1.7028506752532802,1.3411842676619803,1.1788805483757612
gene_1799,1.5453221550204932,1.4791487402873562,1.3234043098632187,1.6498580039846973
gene_1800,1.383840502342726,1.3633885687363905,1.348698724352539,1.5458658960060856
gene_1801,1.4892853586028592,1.358756382773561,1.6653214440345194,1.2613043237496155
gene_1802,1.3105627896201655,1.4903086738342202,1.3074963210431896,1.2153372607121404
gene_1803,1.4676348152761962,1.0851071433544492,1.4106964297736533,1.259516506806979
gene_1804,1.5087457017377066,1.3484063885392459,1.4572465684582787,1.26516711371467
gene_1805,1.316536214421861,1.4491524589050557,1.4935756855581501,1.1642837785617932
gene_1806,1.1927853426301578,1.1256147084513806,1.2756154012052305,1.1000525199655482
gene_1807,1.3115576905804487,1.1737728641310856,1.1454317631527855,1.3163295754692126
gene_1808,1.3823375041045296,1.457309229833478,1.9323886885654737,1.278652432066196
gene_1809,1.361893262170161,1.2333306348456203,1.2777470545328042,1.505288844330392
gene_1810,1.1917662640640132,1.3028223182809493,1.2395242267920537,1.4664347388456722
gene_1811,1.687438755904516,1.403429604209465,1.727526906335163,2.4975417344015938
gene_1812,1.1918334274985425,1.3506338510639564,1.7367841493988354,1.2323575220509249
gene_1813,1.4658952673965875,1.209084945767937,1.874122985739219,1.3300589250073296
gene_1814,1.2537686116050433,1.363256616148699,1.508079445564326,1.435220851929013
gene_1815,1.4715929280223043,1.304215037390422,1.1588865427574384,1.694346256931101
gene_1816,1.3687134904469545,1.248965856900886,1.655120281598597,1.3744125247888108
gene_1817,1.1953534687799356,1.3113620957696621,1.160144767553963,1.2485801354094228
gene_1818,1.3210880638188789,2.369272567323431,1.3969829915653962,1.276488142261029
gene_1819,1.7945080260855546,1.572287441501283,1.1673773138214731,1.2858763814516554
gene_1820,1.3507261593765358,1.2584305678955678,1.6034655748295912,1.699520503600469
gene_1821,1.7266407033775795,2.134267949712013,1.8259846756865654,1.630867491332393
gene_1822,1.2466080125226113,1.1225573204769075,1.1689127875433931,1.2613375977134957
gene_1823,1.3398016166267153,1.432562643866844,1.3269766498242925,1.5683319966959213
gene_1824,1.3834070388020039,1.5368154736454,1.2901529674723091,1.4943699477562882
gene_1825,1.953448687161759,1.5859942040539603,1.4117707467384488,1.367045182491562
gene_1826,1.511436255167938,1.309690433120313,1.3191157297461031,1.7612671139347396
gene_1827,1.235792601484212,1.4548388609712732,1.470965222604682,1.6780258718744667
gene_1828,1.0969032690493203,1.1322036943268792,1.1060713697273805,1.0750178528975858
gene_1829,1.1378629220620018,1.5369528904850271,1.2784286374628655,1.2113655387399598
gene_1830,1.6163965534466904,1.3631749342315116,1.5521417397741961,1.454147761925171
gene_1831,1.5428037828382912,1.7871664288860567,1.2827247562324127,1.3142334828684739
gene_1832,1.3161272850571344,1.210649610038824,1.3047510465905563,1.1973870507481437
gene_1833,1.1984039144652603,1.6064008293269514,1.2454153525035556,1.521268772809269
gene_1834,1.4010505632297117,1.544417128773668,2.0161426075371423,1.1250815289363376
gene_1835,1.4095406507974184,1.4901112011442845,1.6978524812482425,1.2357723894834287
gene_1836,1.2073746358496433,1.2442383182995642,1.2826356497876312,1.3211078678968122
gene_1837,1.2779077192142296,1.2102104653125707,1.2180896245802197,1.1995558758442022
gene_1838,1.6470896137508926,1.2016381969850205,1.2972840833752124,1.214179552037336
gene_1839,1.2454729806864775,1.2094943213847333,1.3832274701821405,1.3698617434061366
gene_1840,1.2543213652303673,1.2720408991945582,1.3171240813272669,1.4188332048846615
gene_1841,1.4093829568729743,1.591855660529637,1.4388789064657552,1.2189902379476296
gene_1842,1.2522190732808256,1.2938901800686764,1.2216396015107933,1.121213860459376
gene_1843,2.2623560312678737,1.3107073650111678,1.6905491622030628,1.2633252276148994
gene_1844,1.1344806587903489,1.105494929943607,1.2847009808142542,1.4555915999892046
gene_1845,1.7954592442411368,1.3152390052893188,1.8470559698688194,2.0430251486100532
gene_1846,1.2191513608419478,1.2782963863186798,1.363551019966549,1.3471607108002732
gene_1847,1.2454490052224805,1.2939076458758467,1.1920565742267275,1.0971888502992269
gene_1848,1.340187354187293,1.3881651715967986,1.2970536612907104,1.2331415846876712
gene_1849,1.2939085349253754,1.3157628351083486,1.612347967871753,1.3089462547525446
gene_1850,1.2310146793105807,1.243037596071527,1.3134919535211587,1.174872221349116
gene_1851,1.446647354149514,1.4642618226576563,1.219863250468834,1.514595607217673
gene_1852,1.5855728000694849,1.6947055483049427,1.2380454664097356,1.5064022037600626
gene_1853,1.4177077269536633,1.311022248276635,2.3888347883950916,221.6608528556039
gene_1854,1.7672742664581838,1.2223130438927758,1.7050881533741582,1.4774139506238302
gene_1855,1.277941229066576,1.3547039609550426,1.5810648145894441,1.1888995573874
gene_1856,1.270010778220471,1.5220672327774132,1.1942141701356699,1.4173883199518982
gene_1857,1.3361084766838158,1.2309476136388835,1.188039299177766,1.3697515487236334
gene_1858,1.463124334745591,1.439073195205299,1.4880591709008102,1.4849649286208804
gene_1859,1.1508475990927614,1.3575859772063845,1.3587210815521735,1.126276509201873
gene_1860,1.7427340999731713,1.3999157805578892,1.3922089959106398,1.5030479640959287
gene_1861,1.4365669785423256,2.2573130933180527,1.4682969189737693,1.2811301080931534
gene_1862,1.6151017872867723,1.595329367550252,1.5546369408403933,1.5695725934011149
gene_1863,1.3732643549046217,1.4087847698908964,1.2309348819151928,1.6382517116378572
gene_1864,1.1405296134421845,1.3270509326195128,1.317497983292211,1.1327779180569055
gene_1865,1.6290145781272651,1.4931619320112857,1.3589110287396944,1.799244957741506
gene_1866,1.6918999342648062,1.4723260772055193,1.3843393004046152,204.56876495078896
gene_1867,1.3821186158950778,2.325717046900739,1.4184340667586572,1.512442001458591
gene_1868,1648.2771455851978,1.3226298511064325,2.01402226412202,1.9154842349306127
gene_1869,1.232129292027485,1.2873476253508627,1.2944995040084684,1.513291850396677
gene_1870,1.4795200232309011,1.331697987297844,1.2699775222600889,1.9295147723252182
gene_1871,1.3296236107328814,1.6828703073661513,1.5649299060499662,2.1497557800719194
gene_1872,2.5413616808856414,1.7319709912369237,1.2606701386152916,1.3385101092424077
gene_1873,1.127803228237287,1.3053029231664532,1.216369803775279,1.4549243519108073
gene_1874,1.1662225555731034,2.3938028572545442,1.5317667026916375,1.6975337916679079
gene_1875,1.2655653488196628,1.4895339679815045,1.357986503773908,1.459284083330407
gene_1876,1.2822572156890566,1.1513110109566977,1.2714735532720616,1.4370155381621144
gene_1877,1.7113398532771287,1.5972342161086734,1.3365439575744062,1.4356475350303237
gene_1878,1.406510513362461,1.583948617535884,1.7778895804474217,1.4129387392176025
gene_1879,2.2197525295683285,1.8462273504701918,1.928499742696279,1.7904376642501685
gene_1880,1.2999425767948432,1.242376480891982,1.201071926201755,1.132819281881112
gene_1881,1.3920214619802513,1.464281952143388,1.6091580348211034,1.1953145635847957
gene_1882,1406.8670470710329,1.9842722814670055,2.085242896117072,2.2412365592975516
gene_1883,1.1858786447600416,1.4895729458530111,1.6059791317961114,1.3876851432804285
gene_1884,1.098936146246583,1.6007656324607171,1.2597562068827504,1.1974028584136562
gene_1885,1.3605974824620015,1.169928887750605,1.2595028807774018,1.504292702414686
gene_1886,1.8442483032433112,1.257998260474851,1.8449524052870623,1.5628162502256648
gene_1887,1.2403051035811876,1.2945858424345553,1.209332468820973,1.1517172340955095
gene_1888,1.237945543713524,1.2823083090236629,1.294459556701728,1.479089466417256
gene_1889,1.4176337580233984,1.934639806751241,1.8336822726162474,1.1841805086900092
gene_1890,1.3106295255286504,1.1548971519249858,1.2674920135283165,1.3137633366036188
gene_1891,1.5595601882593328,1.2286361580993497,1.1480777989354072,1.339849149015544
gene_1892,1.4830297784294515,1.4313977519916097,1.2947628188519873,1.1842534419909103
gene_1893,1.1855077909463068,1.2348877224457502,1.2043817644795423,1.3193872748737874
gene_1894,1.3199017772844324,1.5096651571003443,1.2760116886730508,1.278363937328352
gene_1895,1.5423547923083294,1.5952760846576541,1.262085836333158,1.5513876873137422
gene_1896,1.4269756478679454,1.3643448060596632,1.2106131824584436,1.241822330954439
gene_1897,1.2552505477974343,1.1855548404076273,1.8364471057566252,1.4459683704166821
gene_1898,1.2003172819676022,1.2209523408589207,1.4573335379914558,1.4668090126760736
gene_1899,1.3525182237290074,1.5387487530944899,1.3543178257006367,1.3541845952601261
gene_1900,1.2275106187344837,1.3869353335709753,1.2413950712900168,1.1269459624228944
gene_1901,1.2781951811357397,1.3006978374661209,1.3999411927529184,1.3652535834075348
gene_1902,1.3692681670627465,1.387419870851006,1.325610234866255,1.2648797158494682
gene_1903,1.2503911954283156,1.4501052264986178,1.2078409743103755,1.1551735272198178
gene_1904,1.3704130650202477,2.160345525671756,2.157552228229843,1.9274704110141354
gene_1905,2.3170710628438713,1.4707654305142195,1.6543021876855664,1.6184222346637438
gene_1906,1.200949891535696,1.6814258328371863,1.5590107260407442,1.7269403399884156
gene_1907,1.5296247456313952,1.5692149067407113,1.3646278762338528,1.4204427227288183
gene_1908,1.1641367464617258,1.2408220094684355,1.2505384612379076,1.190545247307773
gene_1909,1.5194227792921933,2.0165128327352195,1.7875529175141347,1.7765252895077899
gene_1910,1.5767667865011616,3.019033558739826,1.668676119266772,1.455232915753182
gene_1911,1.6522570004799886,2.1130932743320083,2.1716986330774355,1.8968800290675782
gene_1912,1.4340359789222568,1.4202720631799464,1.2705109324108825,1.4002745660524174
gene_1913,1.4433026852160014,2.066455639102464,1.4316545965863285,1.3099943402393326
gene_1914,1.3983046735611822,1.1725082560918996,1.4093020126737124,1.258242512223505
gene_1915,1577.8689584221868,1.7072208231301853,1.8182616779371068,1.6077698609100284
gene_1916,1.2172782297607068,1.1646257445940595,1.1618265445133662,1.1165530251784614
gene_1917,1.4589194575878501,1.8504920648459922,1.3316831689157496,1.4590698314962909
gene_1918,1.9337864284033996,1.421961757119034,1.311625543646389,1.3380621616919444
gene_1919,1.2137512760299365,1.1900703880979837,1.3242221462085848,1.1551107123316113
gene_1920,1.387237670536395,1.406645712083461,1.4460789958900109,1.4393412683041888
gene_1921,1.8263667439370679,1.784388027336911,1.5467026451342536,1.9475588552805887
gene_1922,1.3130999033309187,1.4830361343409986,1.3159534083211892,1.3481379805278824
gene_1923,1.2917988725949328,1.3764402315323405,1.3810560607920068,1.55525879876592
gene_1924,1.4308990479596269,1.3245095258759185,1.7749313973187446,1.5462030321673612
gene_1925,1.3625412187207027,203.10854586583437,2.211898235243175,1.5789976979135045
gene_1926,1.3859041954161992,1.281276812992895,1.3777449992997444,1.3256151591880816
gene_1927,1.1428293732758923,1.4075422735548055,1.2900702026828637,1.3394745756425244
gene_1928,1.4386883631643275,1.684042395344225,1.9581902098883468,1.8776588798040657
gene_1929,1.6865825436860016,1.6437724131707663,1.359421095608553,1.7008527036331487
gene_1930,1.5467177125864733,1.6247644487330883,1.323408464195216,1.295114581635424
gene_1931,1.1051100715120992,1.2982295271985094,1.2060002917087733,1.3637425567342665
gene_1932,1.3381269708829193,1.2714906423323633,1.4512673221771044,1.2939325806971083
gene_1933,1.323553035749609,1.4117693853028892,1.3833325193079722,1.5896076098483636
gene_1934,1.386338005719967,1.5296928160506353,2.115790273654816,1.5998275961889254
gene_1935,1.4274012320682687,1.4543130421558512,1.9931725742593285,1.541115824995699
gene_1936,1.2884069953468078,1.32674752412451,1.440383760037671,1.1888120837007075
gene_1937,1.3419056687598636,1.5365689070093655,1.3404174429239244,1.236970081588407
gene_1938,1.334111727386091,1.395328514721436,1.5038301923081585,1.2379924450009552
gene_1939,1.2705347876573594,1.3015785789560848,1.235554695257523,1.1016450748223967
gene_1940,1.1918256915041865,1.4375292987552468,1.5088608471332332,1.6016619271931194
gene_1941,1.352029433464077,1.4578773019699123,1.2779108550644471,1.2736804809241353
gene_1942,1.201798146227154,1.1861328520614107,1.231675931819196,1.2884278524395172
gene_1943,1.6068642151517083,1.5464656534369314,1.3561503238432069,2.2941298440331517
gene_1944,1.117891791507954,1.446252797194246,1.3101625368355234,1.2113215378872588
gene_1945,1.5959830751611552,1.4690044930804604,1.208242961023568,1.3916574765693004
gene_1946,1.7374407618604952,1.7506363541968069,1.4378773653152153,2.0762801435361995
gene_1947,1.177225804605312,1.1996867845403707,1.2820942042723213,1.3558607446907527
gene_1948,1.4081790921763173,1.210009932211284,1.3763630512766576,1.2287677074735321
gene_1949,1.5067762460827405,1.2987958669262663,1.287071351695345,1.163532624770455
gene_1950,2.0924086352202362,1.687353281038478,1.2385938051441128,1.3947748646030178
gene_1951,1.2887196707860566,1.5245917824121404,1.5387140236502501,1.2554600035771444
gene_1952,1.1447207367362857,1.2478772564517226,1.1669747745947952,1.259981723423542
gene_1953,1.1713717368337297,1.3920132692301668,1.0909814487744454,1.3790071146160137
gene_1954,2.6711610316188925,1.2416671483694532,1.57822393784026,1.3368397269274337
gene_1955,1.252860949056231,1.3389391176224754,1.1885510930820076,1.2671629013604264
gene_1956,1.3828676809687201,1.29410975297504,1.3838762829105407,1.2777436717992392
gene_1957,1.3808415615867822,1.838659919056306,1.4346085553285466,1.4767695727073198
gene_1958,1.3323554725602273,1.2754846497588885,1.3043155890565141,1.5755540780413295
gene_1959,1.448585499394968,1.3273084710586005,1.3078274098998246,1.15631617209314
gene_1960,1.5281129046484319,1.1844014070421625,1.4134491945532808,1.3052339086511424
gene_1961,1.3055002974836305,1.56152254979025,1.3292631875354715,1.4968924223245128
gene_1962,1.3057900014666077,1.225728041381453,1.5405684459301032,1.1395168046700233
gene_1963,1.3207386595349964,1.4857569734806713,1.2480461269748706,1.3081099556269355
gene_1964,1.337717958460443,1.9755286033409096,2.20747549601151,1.8590518414923491
gene_1965,1.4916520688466794,1.3526081583913316,1.4518168090502992,1.9825391434880042
gene_1966,1.3563102430707825,1.2455118699903283,1.242377672577985,1.3918799612276147
gene_1967,1.3507039778704277,1.4429692040254873,1.4750806467220092,1.9883975975569248
gene_1968,1.4170059580212633,1.349573568713735,1.313596598397962,1.1983181479601213
gene_1969,1.2881775801208828,1.2647234611060627,1.282720111062103,1.1174318608664153
gene_1970,1.5344126386877388,1.1957306248643733,1.586049117662861,1.709588832791627
gene_1971,1.163201072399952,1.3432526323013045,1.3577838408449368,1.5376168017511482
gene_1972,1.3276510066248637,1.3631437361066185,1.2142372723471078,1.2863116021875367
gene_1973,1.1556936650827745,1.2108313878033157,1.1739861855437188,1.2417741125038035
gene_1974,1.2782366031329269,1.7093521693105285,1.7115425930461963,1.7207529917249276
gene_1975,1.196663975390751,1.2109074138143716,1.2771959616272779,1.3304961474624337
gene_1976,1.255823409761249,1.298222026956418,1.3069900772305636,1.4887097141544687
gene_1977,1.5118410024666864,1.3778865759141872,1.1754642171955252,1.4845288594153547
gene_1978,1.439854809878255,1.2327263969287643,1.60292043054728,1.1703026767335063
gene_1979,1.3790064526671557,1.4362561847376647,1.4134148705504737,1.22188941974482
gene_1980,1.2433606408366435,2.656636972499328,1.388710738840413,1.713817794590785
gene_1981,2.1155228472439873,1.8049527721806722,1.5657888067355306,1.4499543488098312
gene_1982,2.2623964469188786,2.0610387851067276,1.5521861308450335,1.5139591079920278
gene_1983,1.332453013552832,2.0995695324960684,1.4103974249490911,1.6524784234956924
gene_1984,1.2739697753519736,1.2883254314143069,1.0572504640535716,1.459910435019608
gene_1985,1.183643010100031,1.3460458329968512,1.2646345938068064,1.3553159557441627
gene_1986,1.525487156144029,1.1486488314306273,1.35053578823607,1.464105871077179
gene_1987,1.4467273629757509,1.3352106766617822,1.3856259030809153,1.2306608806729498
gene_1988,1.673744171359054,1.3946594491591082,1.6736373039494445,1.41252555111703
gene_1989,1.54297904391121,1.4454923900640946,1.374592486980662,1.547420398643136
gene_1990,1.7250646461835266,1.3604569835417222,1.4815905795827145,1.4788279962213153
gene_1991,1.5534433750156083,1.473521540956627,1.586570662879793,1.4266762706054803
gene_1992,2.0121259120546227,1.699815810063883,1.4738802650604976,1.4200693196694891
gene_1993,2.127419249252458,1.6060017178984929,1.6542540951321416,1.3217087603049942
gene_1994,1.6853996665276672,1.8390692792515866,2.1502937419093464,2.121298009158382
gene_1995,1.2320507159219907,1.4545899780764397,1.4598763826561276,1.4974045202720467
gene_1996,1.2725414654818885,1.2644549829488259,1.441270197878236,1.2954794610231593
gene_1997,1.2860181200488516,1.5144904515589912,1.653167053352046,1.5599691961440176
gene_1998,1.1859560983377118,1.4737583499904148,1.2557043616296664,1.5709638455141857
gene_1999,1.2683741602582816,1.225869539355526,1.6316692180705448,1.2950936173336487
gene_2000,1.1368298948253488,1.1438574552210041,1.1670488657505584,1.4121762470344141
gene_2001,1.288407554326609,1.5804238038079688,1.248482311901374,1.378270800989861
gene_2002,1.22314822347647,1.3337254255295754,1.5595404189889364,1.6882293714769872
gene_2003,1.4224551457298593,1.2560200566145112,1.4356446458441547,1.2017085374450238
gene_2004,1.4791075515740317,1.7325610886869962,1.5452755862783705,1.3613374517175305
gene_2005,1.3094345551459545,1.3383201958354942,1.0744012592090328,1.3973321539916908
gene_2006,1.2149693224307931,1.325311942191647,1.5620128160048583,1.4625705280831567
gene_2007,1.6707043462719602,1.1807037307363013,1.2525767722356218,1.5747354592100822
gene_2008,1.1969581221528238,1.7691069255604848,1.4943876641980915,1.2656634675155751
gene_2009,1.2471581623738404,1.2234781786348943,1.5044526461931074,1.2377335397422011
gene_2010,1.65074041218693,1.3752873952905864,1.3590883627065433,1.5952397088875563
gene_2011,1.3229096575268642,1.7498447636545365,1.3292402542811907,1.426004237061749
gene_2012,1.1427355471460732,1.1954712657184792,1.1889023732728643,1.2050381309131173
gene_2013,1.2770628029084903,1.418682670995472,1.3562156176993982,1.9478955643835971
gene_2014,1.365733180514553,1.5016743200753138,1.8537955734946345,1.641475111761065
gene_2015,1.3390454601029538,1.2313314329248397,1.146870277369619,1.544340077982664
gene_2016,1.1995399203384471,1.6445869991172648,1.3507321835796327,1.098597800318575
gene_2017,1.3703016533712584,1.204877867628624,1.273617354576902,1.353285239119532
gene_2018,1.2898508148636694,1.346598825526347,1.3683098612785187,1448.8257959233772
gene_2019,1.3912038620771587,1.6657529157613178,1.3014435556833701,1.3095128033935681
gene_2020,1.3829030549688732,1.3176393970774483,1.1539335050871138,1.5448685016692694
gene_2021,1.2250565365973738,1.4783976704173316,1.1070362800334468,1.374878777265689
gene_2022,1.1384199983265153,1.3296909608058494,1.2405613979073578,1.397622276102885
gene_2023,1.3443570212151872,1.2584210294475269,1.234870207890636,1.1111032435123425
gene_2024,1.272578673772569,1.2412811224985465,1.2884300603346388,1.3786912066203272
gene_2025,1.7526533532873467,1.3962287694947733,191.10387873381762,1.4428408651121976
gene_2026,1.194492227995953,1.1422730984488838,1.183841792828156,1.129544859272643
gene_2027,1.3277314689791624,1.5747906273546122,2.452312247263729,1.2241308330225642
gene_2028,1.2268999131695004,1.3534154050871057,1.14218819275597,1.3330167912699789
gene_2029,1.4635294706533157,1.3200541324918513,1.5491979575514,1.265887679309556
gene_2030,1.3223119088661592,1.2060091355244875,1.491823137220337,1.3188300777205124
gene_2031,1.214081899191116,1.2682922184596719,1.1451944607734765,1.3445884671488118
gene_2032,1.451614338131036,1.1672973584621558,1.5398759372197175,1.5262102855607174
gene_2033,1.1703140422566911,1.1587920517221226,1.210192543936573,1.1946477730874252
gene_2034,1.422591095956978,1.2270898114389277,1.3455262816013438,1.5779255514683814
gene_2035,1.4293952609159886,1.2879292008324006,1.4762250660647702,1.543243486073424
gene_2036,1.681123843558282,1.5539491879813807,1.8732804323602077,1.2797831670478785
gene_2037,1.1949372996847203,1.1794570938547781,1.2178127711506224,1.2253906300859905
gene_2038,1.3250980722350651,1.60730583095269,1.2714771536548797,1.2446574378324233
gene_2039,1.4085602145567908,1.2108905828159233,1.4483274986300494,1.2300393861476646
gene_2040,2.3342097780621103,2.143755723103646,2.1367788192646535,1.4977235192685778
gene_2041,1.7020815707596941,1.5113172687883283,1.3478126994874768,1.47320804180275
gene_2042,1.8909373186396885,1.6196905095086607,2.019758472867315,1.7714559960565832
gene_2043,1.757725268151155,1.2608268321333511,1.7196564788146003,1.798055937821899
gene_2044,1.3206529733708374,1.4247146570781761,1.6186769505483358,1.431278520322097
gene_2045,1.2578352497304675,1.287934230927575,1.3465731334456712,1.198468126942638
gene_2046,1.234057277898834,1.2183626208498106,1.2234863312495632,1.4474464136609413
gene_2047,1.446095129536319,1.2496438771386373,1.0925325605070737,1.215436209399171
gene_2048,1.5590428401784677,1.4331611711634664,1.300445737841639,1.7028816824830546
gene_2049,1.2600911021661814,1.4194746881642188,1.3861275817743526,1.6133773673376004
gene_2050,1.9041449861297575,1.3048379034278095,1.653137979426108,1.756278334134559
gene_2051,1.2145067305110513,1.2876764545827146,1.404657606624707,1.1169460567619303
gene_2052,1.5193826473235985,1.2776738175781936,1.737634517600293,1.6685576774116289
gene_2053,1.397405146639151,1.8917880063608563,1.31196097739727,1.3945413742624342
gene_2054,1.5084298017238897,1.1865945703845104,1.411504882482647,1.339166917962964
gene_2055,1.8881665338459699,1.5867179351374887,1.2954236592016235,1.339415330797895
gene_2056,1.2192134307472104,1.1479666231770012,1.288488939039177,1.265876635431324
gene_2057,1.2766506517211313,1.8560531929023936,2.8900857139786256,1.460865973504352
gene_2058,1.4907908440260325,1.5729693162679637,2.565839709447273,2.307187156172958
gene_2059,1.1726036975584515,1.2554544224904662,1.3347207383268098,1.6565300234259386
gene_2060,1.3828157893305044,1.2945455680841977,1.2673839916401002,1.2878561394147934
gene_2061,1.2322813855330585,1.9453613093624922,1.4796120560112767,1.173291654037551
gene_2062,1.442616348471176,1.6169969979651033,1.6347036812872453,2.405531290810961
gene_2063,1.4996581517171819,1.1448072533972449,1.177738036818327,1.3370306973062789
gene_2064,1.176421653231498,1.2188813296907692,1.223035732606826,1.2587710182666303
gene_2065,1.3262409267233002,1.260737481862574,1.2258108320415226,1.2649230858889902
gene_2066,1.3214213019066559,1.514399892156072,1.4198848181437396,1.4752490988862548
gene_2067,1.1242506324313837,1.141039158929324,1.1359446144175003,1.181988531882394
gene_2068,1.4017225176928645,1.3947266627684194,2.0509739182101554,1.392359290236593
gene_2069,2.2191887858587007,1.5483142880153264,1.5729009911359206,1.404786335965654
gene_2070,1.1829596955876072,1.1618724688265425,1.4061203161353775,1.1789238530269357
gene_2071,1.5094583099951882,1.394214933392959,1.6947004150219644,1.7182088347615545
gene_2072,1.486059519572548,1.4949329975283978,1.292423111162017,1.2240547742987826
gene_2073,1.4888377728305269,1.2741748519057403,1.911744549035161,1.874565883997862
gene_2074,1.235503270908418,1.4341229974113303,1.4037083128840113,1.4868527442059114
gene_2075,1.5801349007826193,1.8306343666897678,1.7650426062989397,1.472061000519188
gene_2076,1.7821163084997516,1.3952836756645544,1.680546017263325,1.4502284874229792
gene_2077,1.1641705086542882,1.5173030072818536,1.3925091257450064,1.2584153429668696
gene_2078,1.1788887491971065,1.1410528148675454,1.5157908198384737,1.1575290281260107
gene_2079,1.2294183896274502,1.5920757169773077,1.306624482016879,1.8800446248980527
gene_2080,1.4394221644194711,1.4141297583865162,1.4831632317544454,1.4537002847160634
gene_2081,1.2718867109494254,1.101345203479793,1.692124528620116,1.960449253863905
gene_2082,1.4687057133853374,1.2258191435372725,1.2340532976830438,1.7244490946836544
gene_2083,1.284350586700525,1.251872290943058,1.2864209243287632,1.2276572316705456
gene_2084,1.4307609014756457,1.2781189740081285,1.4378394015493472,1.3469004405515952
gene_2085,1.1215841798560982,1.1667739380872075,1.0965295621626736,1.2021159609395808
gene_2086,214.65333292637897,2.146290032158303,1.6549142746838221,1.4423770902924296
gene_2087,2.02457495086763,1.450437488441638,2.0964154643799917,1.7650300732278215
gene_2088,1.238396229340101,1.4898227113705833,1.6689529116386501,1.7444413202284432
gene_2089,1.3059080337192286,1.1378180963855191,1.2433071306803203,1.3238180541060105
gene_2090,1.3569684672014086,1.1923839505196974,1.2102437324706996,1.2151842503248822
gene_2091,1.4278246207315248,1.350258740571325,1.56300517967513,1.8909545658149602
gene_2092,1.280726307088935,1.2316609462480126,1.3547909621612526,1.5903003655763255
gene_2093,1.515877562206822,1.4220461023365887,1.8127548862356135,1.4161421887894545
gene_2094,1.2985814457373546,1.249021982395123,1.14377282232122,1.2193591205825056
gene_2095,1.30846060451,1.2944811298630705,1.4118982288285717,1.216875200200243
gene_2096,1.1241348057107132,1.257228518324079,1.3203718646751448,1.2515388548677808
gene_2097,1.3982282294514257,1.4073497602305665,1.7146592031668308,1.230370375269958
gene_2098,1.3354368915484103,1.1914622559694357,1.2171312333000441,1.2262735489536722
gene_2099,1.8585896836567724,1.2965234413650992,1.2695426575975008,1.295445129277858
gene_2100,1.596102366227559,1.2270752932105464,1.2115536300373533,192.4611914671311
gene_2101,1.1658061879938817,1.0883935961188989,1.268856472982625,1.131275730378232
gene_2102,1.3856231879747982,1.454693996112826,1.3909520778971813,1.1901061600801583
gene_2103,1.3770849647509409,1.3431545969518868,1.5928270184623177,1.2848610471744728
gene_2104,1.7847937100124112,1.292448201770238,1.463358955206133,1.3896638675793296
gene_2105,1417.462462706638,1.3289139390381477,1.5038166206002443,2.555745884396331
gene_2106,1.1215146339767879,1.3010645196047528,1.1548340049554127,1.3780824268832346
gene_2107,1.4329019994765761,1.1136171765428295,1.2167846498984551,1.1831945957964396
gene_2108,1.452398497946744,1.324169881747077,1.5183217430315572,1.6074320640928532
gene_2109,1.4886031965476332,1.1843562912563594,1.3762082902355568,1.1425583623348137
gene_2110,1.2261143178188956,1.3229032604679862,1.4030247703884453,1.3316742779364643
gene_2111,1.2238735397055558,1.2781320456434968,1.2587747122758317,1.214679263804128
gene_2112,1.3603660244418674,1.4670596175285207,1.2108397538505085,1.4530689222633604
gene_2113,1.1941040900244673,1.2696200891765341,1.357926086141148,1.2991584325408336
gene_2114,1.2145617268621367,1.2074353730509015,1.3047659730145758,1.1878437679046763
gene_2115,1.4826512735416186,1.5811436936182783,2.193879559470679,1.35602859339372
gene_2116,1.124948139431643,1.2435122972842252,1.2481212669401793,1.1193748527056557
gene_2117,1.1990338565709078,1.3343363484155706,1.1153538981598898,1.5532503072201123
gene_2118,1.2330829254439626,1.1759909325860827,1.2824222244245698,1.371826950590709
gene_2119,1.2236597562548184,1.2673514604899918,1.3738985910632424,1.1206914031826316
gene_2120,1.4604333722945892,1.3041079596102894,1.3477912752217382,1.2093583440397797
gene_2121,1.5820574017293927,1.3843087047175067,1.5088798747534393,1.4074023751996416
gene_2122,1.397523783196062,1.4565104943325313,1.279575378864684,1.4962388490580696
gene_2123,1.1178731142622869,1.3041401126283427,1.353699263140614,1.3788761628052217
gene_2124,1.2963877813824856,1.2809501414538969,1.188888996019961,1.1691155002892364
gene_2125,1.3268422813076595,1.3322986130601957,1.3003784099077953,1.3871213560966964
gene_2126,1.2096882484745175,1.1713256381765016,1.2438670379967907,1.1752000786542014
gene_2127,1.389689523035206,239.703151973958,1.6867225930692464,1.4511381255350833
gene_2128,1.4315961655397411,1.231783713409593,1.3371221733110374,1.302878895087579
gene_2129,1.3592276187034982,1.208995217082082,1.1373305360653176,1.1686751373450697
gene_2130,1.5424064188708082,1.4754907934331196,1.1752823186740986,1.702514501668253
gene_2131,2.247104381101329,1.674838617438111,1.5734021311590298,2.1647940073202543
gene_2132,1.412073850090871,1.5483558251177654,1.2604354581826271,1.3893209090747318
gene_2133,1.3600080002724397,1.2084503817577636,1.382616677045198,1.314087240983327
gene_2134,1.6350703823963575,1.6792511105618393,1.3382802040987618,1.788471540097787
gene_2135,190.799267114664,1.6138176424288722,1.1961831801873484,1.9459684897384935
gene_2136,1.2096576894818885,1.2037833850709807,1.263309857481787,1.1477093081887422
gene_2137,1.3937864771692847,1.2994008776687278,1.6640140858432515,1.4639864318801152
gene_2138,1.3933465746016207,1.2844316069007755,1.8724024890809061,1.376954895183077
gene_2139,1.3295241055434153,1.355383161136648,1.3390972502747593,1.3366160891142664
gene_2140,1.236869393743269,1.2459849549323048,1.1254546219268682,1.285523888247041
gene_2141,1.1347831895675797,1.5275663672984445,1.637107514702842,1.253037493424386
gene_2142,2.4204076908379726,1.534934543908895,1.3566934202358023,1.6632083585318138
gene_2143,1.3269395361714758,1.5771286995737168,1.388204299490066,1.1495224568504614
gene_2144,1.1868093378505544,1.1937430171405607,1.1945004688819847,1.368365785214018
gene_2145,1.4326751198504093,1.340682998876286,1.3421486849033528,1.622402052917807
gene_2146,1.220229008383125,1.3066816290292658,1.3112914953961465,1.2924925431213306
gene_2147,1.178982160182446,1.2291021128574187,1.4443617699582383,1.2812594308446734
gene_2148,1.2232842051911355,1.3035995907175475,1.1615242845434228,1.3282803219289796
gene_2149,1.30143107902255,1.4243215430123777,1.2685499083668312,1.198800415552927
gene_2150,1.5266123360973567,1.3734148874101322,1.2729498350089945,1.3962601402055932
gene_2151,1.2600479515036624,1.1090097817366191,1.3131000275498703,1.3537100650103084
gene_2152,1.3242776728070287,1.3028054380028125,1.9512511825138719,2.2971392092796523
gene_2153,1.4913782793773973,190.56549915643424,2.7514566473580553,1.5239659621971557
gene_2154,2.021093784767596,1.471625915103949,1.188335114140343,1.4918849881936833
gene_2155,1.3131334425738346,1.5273585416588087,1.2412804619792057,1.4377532361651157
gene_2156,1.444320907303478,1.5359959910415522,1.4295193432264093,1.460214848804783
gene_2157,1.4628628959586463,1.7116359982935396,2.1758077274697905,1.8864496692519435
gene_2158,1.255874020359402,1.4258703532972357,1.1650068987787032,1.2353507182837973
gene_2159,1.4289735655528957,1.2145150989060656,1.2003395113157336,1.6322260301071652
gene_2160,1.484007543247746,1.4261482625164634,1.3735319467052647,1.374848694302125
gene_2161,1.5322607176728857,1.650675705566415,1.4874660067977394,1.501360128365931
gene_2162,1.3627668588417179,1.667620440495444,1.4863131837028989,1.1887938287350595
gene_2163,1.6505846187752122,1.4883746146420476,1.4991158566278524,2.785129215595861
gene_2164,1.8574350335666583,1.3248211862460217,1.3690974237803222,1.690194276129512
gene_2165,1.2541928959700097,1.2344050167802065,1.1759696169731007,1.3499011930232456
gene_2166,1.4101054842567153,1.1357374738061066,1.3010492515132843,1.1531692922967987
gene_2167,1.1958012249943633,1.2718704395853806,1.4568546608015307,1.2409885993966678
gene_2168,1.285048883072851,1.1012132450356726,1.1849854842048502,1.320694898426224
gene_2169,1.610256418069456,1.355647963452379,1.8974493896397227,1.5483542342280219
gene_2170,1.899547264846641,1.303150134681456,1.291008066867615,1.431846561880807
gene_2171,1.3128417977009506,1.3357575605933283,1.3776990367439785,1.3498159101195835
gene_2172,1.5005014104982557,1.6278566702139028,2.678726946035362,1.7839814728564547
gene_2173,1.498128562806469,1.5292067856422011,1.4156313620463026,1.3409713278455564
gene_2174,1.550881655511019,201.87674016855973,1.4968529498453709,1.5462119166562525
gene_2175,1.2148653610323792,1.383863094691602,1.1609314117976286,1.3287224280824623
gene_2176,1.3250636394417326,1.502193997540031,1.2871181211868816,1.5104281420408794
gene_2177,1.4148480198698035,1.6201236197222058,1.1776887850951063,2.4167551630744684
gene_2178,1.5311257129442037,1.376915386877303,1.378685369088322,1.6294936502299635
gene_2179,1.439485648393078,1.8804387495254815,1.451020007832657,1.4061446750074036
gene_2180,1.18325602691802,1.2765143284162035,1.1965366795318688,1.2626739730451286
gene_2181,1.6649093239478567,1.7830913244357693,1.6741589206453005,1.3301809934120319
gene_2182,1.3482956482657686,2.8214026717911516,1.532826926994953,1.464254845204055
gene_2183,1.6875373550399293,1.8538278383770146,1.6562665849746905,1.6185620782247794
gene_2184,1.1831827127425372,1.1906301468468465,1.5684779919094276,1.299953177930872
gene_2185,1.5610865830941867,1.1500572903984143,1.1292505262464148,1.5927350600239214
gene_2186,1.6231771078552066,1.766617189102305,1.3876093097409277,1286.0927874640677
gene_2187,1.5029654166758073,1.4712588302669942,1.194011266781144,1.58929138961995
gene_2188,1.6541320341325427,1.8482480413216078,1.3163978912894423,1.9373239588601814
gene_2189,1.1842967269664473,1.2434326942150435,1.2133944851422784,1.083908604289453
gene_2190,1.3648065203283664,1.5156682755929842,1.2289777215537723,1.3236768420298648
gene_2191,1.1507044484195814,1.3224979797977174,1.2243116375460914,1.3922961796702797
gene_2192,1.2159184014968862,1.4655325549145701,1.294523994744548,1.655581811104045
gene_2193,1.3014236634853877,1.4363863154447771,1.2964210072970144,1.398153960612518
gene_2194,2.5858606601536755,1.8544031353434767,1.6084483990856557,1.4600200268947259
gene_2195,1.5587964791595246,1.4504946746637377,1.427690300461805,1.4023598324994198
gene_2196,1.6854811678834025,1.4226011148984412,1.7645222265783453,1.6838125812675286
gene_2197,1.2884226281090039,1.325555479737805,1.7360568039429258,1.3528077006561263
gene_2198,1.307213598831053,1.2062333729752663,1.5793478979447726,1.390960580648168
gene_2199,1.5007223073270963,1.4003184636000767,1.2403500849034061,1.1551670702688952
gene_2200,2.166374947590397,214.27034941032554,1.9353858141063485,1.7311798722271783
gene_2201,1.655844792899714,1.2119260840173753,1.33655327339229,2.364217539398004
gene_2202,1.3539371121545918,1.656433931212565,1.743005553134521,1.2907968942034151
gene_2203,1.4813128077608197,1.5000305258057804,1.3428104264486156,2.045589547278948
gene_2204,1.5514714497093127,2.145654202161726,1.8279567030975086,2.1219573431908945
gene_2205,1.2411536066335027,1.295780128397186,1.2599196690071077,1.1714178291862491
gene_2206,1.8435900997741141,2.3925417285783315,1.6344863624155146,2.1029923402475
gene_2207,1.3112158896944048,1.4595200265569797,1.2897582714850817,1.270710070218264
gene_2208,1.5146870631252705,1.4160130368833448,1.3741102656519828,1.2364644976309696
gene_2209,1.2542583086811219,1.362919926460362,1.1644786442206267,1.284322004844788
gene_2210,1.3342933494609055,1.8051260351914638,1.3959028616991895,1.4164980598576213
gene_2211,1.6971238491180436,1.244189064741833,1.4265756127917697,1347.5267611095398
gene_2212,1.1950290694552392,1.1832922573046105,1.246479874513982,1.2818535914778042
gene_2213,1.280851451700291,1.4401764401934463,1.4998578143512633,1.310127034681754
gene_2214,1.1446379545104612,1.3029433792826912,1.2771777926599281,1.2404055292172422
gene_2215,1.1700739746797377,1.3280288292697475,1.1770431592996071,1.2245198817004628
gene_2216,1.4106482497594086,1.4314897387476537,1.524786516745603,1.2252674224869333
gene_2217,1.2508478372391383,1.3961094099462745,1.251056682965192,1.3819722471604978
gene_2218,1.430206820111271,1.494147251265685,1.2992677452700383,1.6672296131538664
gene_2219,1.2470673043072504,1.6165694347195028,1.2234766895281235,1.4825009555754776
gene_2220,1.2981784643059677,1.2909694437237047,1.3758178919824122,1.5463770618457178
gene_2221,1.3234566815566444,1.4175787827571749,1.3353756248612145,1.2311986548089746
gene_2222,1.5230084181254107,1.1473298973135655,1.281283230490084,1.3046946442314002
gene_2223,1.1522990357983074,1.3171951849267745,1.4505327734970297,1.233135777836522
gene_2224,1.1792466090876723,1.2772457778384747,1.1806980625878234,1.2522578071565404
gene_2225,1.2597209545271362,1.4930085979579983,1.841325590959711,1.2523693949112888
gene_2226,1.4072714342605268,1.7046499113375693,1.281489747353479,1.3051033376475725
gene_2227,1.219814615470057,1.2677847975910392,1.289709659230576,1.1979704598391665
gene_2228,1.2868450005898335,1.3039392784849524,1.1164645970921099,1.3358986311327758
gene_2229,1.3598142456602278,1.3396740290315805,1.3959586155000818,1.1600842366930706
gene_2230,1.4150177698124815,2.1444133940025605,1.3739326987963987,1.4951036806778213
gene_2231,1.1556263270901967,1.4243922160108173,1.4212932346139302,1.3364091784486583
gene_2232,1.4601454362330604,2.092969068534323,1.2126764246267512,1.9303251204186016
gene_2233,1.648690115657431,1.4791832065557804,1.3816693297363014,2.0354810395785257
gene_2234,1371.8026447066275,1.3258637203956383,1.3257908424247868,1.435037926435038
gene_2235,1.4379259972046639,1.353701760574202,1.37281574802713,1.4519353678066402
gene_2236,1.3807509020295643,1.8686698857933994,1.3321273239585079,1.363405929109598
gene_2237,1.430560692038549,1.3365116892582867,1.6424988585649856,1.2576591833979924
gene_2238,1.3698083256218951,1.6764783886295809,2.5770546894877837,1.4479775281097658
gene_2239,1.2791863916542692,1.1518235350571702,1.5159097537557258,1.488550990039589
gene_2240,1.5526962462072802,1.2645477429603018,1.6692282185826144,1.6543260058310985
gene_2241,1.39753162540143,194.98434823170314,1.9251879797675646,1.6987166848063675
gene_2242,1.3900194580411884,1.3232663775370619,1.4375881312586138,1.2598841301525168
gene_2243,1.6291589092033563,1.282741540880627,1.3439090684305353,1.5436820310998305
gene_2244,1.1766542163017295,1.579093530069635,1.7788165261113267,1.725246456769398
gene_2245,1.4065931541421486,1.4089808175922165,1.2684434403499676,1.2488716944843232
gene_2246,1.2840735998257053,1.411155055544468,1.315798164473291,1.4804979591001481
gene_2247,1.3187925736787578,1.4383927483395342,1.30163361138417,1.3586361802492037
gene_2248,1.1675531689689391,1.4353304656378747,1.6007450752357941,1.1364684913184087
gene_2249,1.3470965978333607,1.1564600862625587,1.24433173498809,1.5217578938935985
gene_2250,1.4874974985771623,1.1966634394436289,1.3457965413982693,1.2402249342113738
gene_2251,1.3077398394811897,1.3172898491530012,1.8968967253070477,1.569593825601011
gene_2252,1.327034086012765,1.3147236560938025,1.4926424724214624,1.2546472864571616
gene_2253,1.5728459121057379,1.8857962077214652,1.5236845774278969,1.1845950745074203
gene_2254,1.1770485275732625,1.4258473515742969,1.1347487108673842,1.1899953795739049
gene_2255,1.2843375104174481,1.280787648875892,1.3313231965262442,1.559896221832445
gene_2256,1.2272546818496952,1.1376220515505708,1.302129250097034,1.2063474359277429
gene_2257,1.255433686357115,1.287557480342862,1.3544950851461413,1.1665015802521146
gene_2258,1.3242202475667233,1.4763063631102629,1.3984321616769086,1.401441903267529
gene_2259,2.269425525513413,1.3761669343811254,1.5883022900352795,1.4585461315815098
gene_2260,1.166860043777453,1.2619337010149827,1.1809500586527286,1.2494127580829621
gene_2261,1.395462107478455,1.2571129597034967,1.2518032898696727,1.1539670900254893
gene_2262,1.2631428730077037,1.2582327316496849,1.2741067451087251,1.2250473060494877
gene_2263,1.430580809831054,1.4065474932279003,1.2386745552582494,1.1833212934595279
gene_2264,1.1615222273202634,1.2032521209763374,1.2362661967393245,1.6077722809637336
gene_2265,1.8564007208034539,1.8897561250217758,2.291195275540178,1.5762888196048155
gene_2266,1.3754887330454737,1.163043870717965,1.4560069376728493,1.3199844581606692
gene_2267,1.480026037686817,1.2629967047113024,1.52254788260717,1.6149392867098757
gene_2268,1.2381869767113516,1.274974835841005,1.4283895659774932,1.1200893862223746
gene_2269,1.234654232459179,1.4049026863744578,1.4667786739379498,1.3306125450200306
gene_2270,1.3374569601267066,1.6499097224782635,1.350204958409625,1.4496462163283266
gene_2271,1.1306373394501292,1.5457931546927883,1.1482740913812564,1.2099384590508095
gene_2272,1.5646283396713325,1.24393698959986,1.3530326273525695,1.1193314257960043
gene_2273,1.3662202132763384,1.2292366081199606,1.663678128870634,1.5173061038235212
gene_2274,1.1532687791300935,1.3300140117955337,1.285348400560739,1.2161671919844712
gene_2275,1.1963890785927527,1.3258963258307628,1.3672945728920622,1.4070658278963364
gene_2276,1.6283070908815696,1.194678388882419,1.2068974840660232,1.290045911980983
gene_2277,1.2023557920409722,1.1874736957662895,1.5132427754281084,1.2405199342931534
gene_2278,1.4507005899450023,1.327533497169244,1.1664783805393455,1.2528188875796322
gene_2279,1.2434081617207229,1.2047553927810337,1.373583667152632,1.2221218676272627
gene_2280,1.3850624328081547,1.4903771475177172,1.550368713896519,1.3434157097482882
gene_2281,1.1571338280872265,1.2586275541310594,1.1648358358494806,1.2160181289682013
gene_2282,1.1461682820960828,1.3540812782028886,1.3155517410487887,1.3515064686344505
gene_2283,1.4414225519225223,1.3558583702401255,1.2768945415660458,1.3274580139640706
gene_2284,1.2962870510625129,1.504602738799724,1.2692308146282079,1.2661952615954055
gene_2285,1.4352665261974544,1.3884868125172425,1.820251432929223,1.5159041016115458
gene_2286,1.2231068758042694,1.1744795193431532,1.163051575547677,1.1690543574935839
gene_2287,1.2297333215081308,1.1964555215088737,1.4334535522244665,1.4202393117748793
gene_2288,1.2057081218718537,1.3888108944241788,1.2415411050515737,1.3403302346466557
gene_2289,1.1439842388100667,1.1402249791476438,1.2129927735011359,1.0958523894857186
gene_2290,1.3508137983468276,1.3855894134954552,1.3240243991299638,1.463816021024916
gene_2291,1.306102723569838,1.2334791658338424,1.382670472981072,1.5967570741890695
gene_2292,1.806757488943615,1.559274873889031,1.976702541189217,1.7663684648566744
gene_2293,1.3567710815920486,1.1906607154911837,1.0859199215165827,1.4258156623083682
gene_2294,1.2683635480805122,1.1832396390592805,2.6105243754449265,1.6817780873822183
gene_2295,1.1796442393777398,1.2236571053300085,1.3233724643730271,1.2923241642438783
gene_2296,1.3249277879369399,1.3250332841297827,1.3573100049937947,1.3596363916904737
gene_2297,1.3202634927699084,1.665006731356132,1.2915994042097378,1.1703372867252335
gene_2298,1.168071376283507,1.253638849160162,1.319277889331805,1.1938700781916185
gene_2299,1.3689571518183345,1.2429862431410017,1.5068129074212195,1.2080544164499467
gene_2300,1.1161134094507792,1.1525250979448334,1.1668350577223527,1.1954201218146667
gene_2301,1.206892147358302,1.2435539990354612,1.0931457179331499,1.1286680463377672
gene_2302,1.3477682613749637,1.4588652392254402,1.1285682310670724,1.3957591941471574
gene_2303,2.0496712743693815,1.7273997588235923,1.8732112288127063,1.9417446247629062
gene_2304,1.3755479241671746,1.2958653902884794,1.4474299770524108,1.3936423315717128
gene_2305,1.2958876180219236,1.1795095411585295,1.211586913852928,1.314162411958221
gene_2306,2.2210178523899504,1.8628109030831868,1.7141529109624176,1.8078645681852206
gene_2307,1.4091306582837082,1.1992985078733773,1.4426616570863828,1.3240949114348428
gene_2308,1.9042557138186642,1.4602380390452527,1.264625579923872,1.4118156487212552
gene_2309,1.1421815353733147,1.2036761071827013,1.1868446637808023,1.243216841482851
gene_2310,1.3826057674853798,1.3029290694380027,1.8215903143852203,1.214921473402437
gene_2311,1.4598008526707733,1.2728599781367433,1.348876046764251,1.4905297514558475
gene_2312,1.2337748376243378,1.6706710713453152,1.401318332325436,1.6744942014582596
gene_2313,1.090427282041157,1.5240840795179866,1.6431174670542414,193.65956664786697
gene_2314,1.129045187305224,1.1024197156091027,1.2919038045568665,1.3363674187294807
gene_2315,1.2217520236780612,1.4641171284940457,1.3254508564372556,1.4284476842109837
gene_2316,1.5605317157908558,1.4640769368898539,1.3891878285206323,1.3717107912159987
gene_2317,1.4022411484278587,1.1280225807045856,1.337636021706074,1.9114582051672995
gene_2318,1.5265675435134083,1.5306685324846039,1.4617314370390577,1.2840052707979748
gene_2319,1.635045630667224,1.444017773438188,1.5152558388936024,1.2034641181183245
gene_2320,1.3705927860885099,1.6179645383260925,1.2068295068670176,1.3085237815020074
gene_2321,1.8823795018117093,1.9307825136830705,1.9277587711784805,1.2218367382217101
gene_2322,1.5145823071152622,1.4541682921083896,1.2890573069976192,1.5030369668924475
gene_2323,1.4022988409495802,1.28207415252696,1.2472805860647735,1.4413515680333167
gene_2324,1.2662766928461264,1.2851995902974382,1.2455060422432076,1.4676622097239014
gene_2325,1.617946779714606,1.4246978253783373,2.019449761772426,1.456719336181058
gene_2326,1.1604496627559282,1.3036948543086253,1.2768536500478096,1.3698813812582622
gene_2327,1.298686428330786,1.3767387732978882,1.3269789184409686,1.382753578545048
gene_2328,1.4251909140516397,1.7984545790410749,1.4606669300940027,1.467054227250887
gene_2329,1.2202721590083911,1.090779635327461,1.0873835072979658,1.203615217107944
gene_2330,1.5736241060525331,1.6028906319705003,1.4208308435977706,1.3125990926021314
gene_2331,1.1954878687475394,1.1426484371089625,1.1618003872510512,1.262296333965097
gene_2332,1.1500890657266991,1.124428967864547,1.3271344858765524,1.1771377897159268
gene_2333,1.327741382888821,1.4649910358751528,1.6666075696376201,2.508848252199893
gene_2334,1.2268384702859476,1.391661453734159,1.3353740277133186,1.279309675850663
gene_2335,1.1895457078770193,1.7095219074688937,1.5058773018930398,1.4678187821231388
gene_2336,1.49917408847354,1.3497944357904978,1.568564488748502,2.3615965365195635
gene_2337,1.6028621786447728,1.1801106023337644,1.2951752996473325,1.5754277291562475
gene_2338,1.1834904765337488,1.2171362521752422,1.334772817126686,1.2334043051594985
gene_2339,1.2146463216910706,1.1838935457465207,1.0784061365419322,1.2862747692215708
gene_2340,1.276066881979979,1.224723516249594,1.2600321229388696,1.2226780180930983
gene_2341,1603.333726448307,1.6428640608786997,1.4027382369166024,1.6661026168866853
gene_2342,1.247820084354961,1.33232412289485,1.161711719357284,1.2512780822325884
gene_2343,1.2436860385141333,1.4790123418712704,1.401327654474242,1.6436458924088915
gene_2344,1.22996397510554,1.7155489434766178,1.5887629824347735,1.386071184546584
gene_2345,1.26892662696405,1.3751039941408159,1.4109632216498638,1.5998557116905547
gene_2346,1.3039328525303868,1.2917340873373917,1.362610633104005,1.3788640016645353
gene_2347,2.4653529954951448,1.4988655517292164,1.2354958632859268,2.3633997257283292
gene_2348,1.8354129082232677,1.1601515619305935,1.6652078441699443,1.196350375270404
gene_2349,1.1917069924736117,1.2699483506349958,1.3975697670571048,1.2601565106546415
gene_2350,1.2703452528937826,1.3509992114537055,1.51351066735975,1.4052518887291483
gene_2351,1.2672559014621751,1.2579010014068595,1.2605668208195824,1.1869337770391932
gene_2352,1.303485271321032,1.2566000534202781,1.2489526202510932,1.4874318993974016
gene_2353,1.410809298074227,1.2105580384606665,1.3715360086246848,1.3609240530876288
gene_2354,1.4433257423918915,1.3070124780686334,1.2391661327452654,1.2052120517653628
gene_2355,1.1441026162968875,1.4463763715493045,1.243947399367415,1.4902785953059225
gene_2356,1.497436836096625,1.3936309673480762,1.538766085434755,1.4999813130020954
gene_2357,1.421790102762775,1.367590894562929,1.5025200165031305,1.6167351887863812
gene_2358,1.5620771263132358,1.7104324339028356,2.650601900774225,1.7659016015602769
gene_2359,1.1399311890540427,1.2565635287818893,1.2842049477110677,1.166942171395125
gene_2360,1.2075987186959345,1.2932623153705798,1.4432985291964875,1.5703213262885451
gene_2361,1.4991797837914114,1.8455071906642337,1.256335533347983,1.442584717748104
gene_2362,1.344487450614764,1.356934707473808,1.2346293199414953,1.4260586207601105
gene_2363,1.3436233023435278,1.3449614014318072,1.2368537203408274,1.6021731440998028
gene_2364,1.1681516190614523,1.2881909132041534,1.2043429060045783,1.3251756684818063
gene_2365,1.4238447931561264,1.3544708709569702,1.4446404861127304,1.8892282659681425
gene_2366,1.3189828623865236,1.3811408566774366,1.4488439976015903,1.9623007763641478
gene_2367,1.1381216952738775,1.2306856575490293,1.374743098861543,1.3936740912695917
gene_2368,1.3929454400563428,2.0628286502695072,1.4924468323658255,1.420136055108311
gene_2369,1.3379329815346306,1.1891314338739927,1.1915960705872193,1.170953853097659
gene_2370,1.1401175859445118,1.1964710582758913,1.2183779971378277,1.2051731606001588
gene_2371,1.1989192851629664,1.4347215383931602,1.5210154346441207,1.2011585067558848
gene_2372,1.1697626837677961,1.2990245012061725,1.2829296494005644,1.2019787142095713
gene_2373,1.3111527100515958,1.314233820660695,1.7524073123474024,2.177047860873866
gene_2374,1.4359284227293934,1.2586478492266706,1.33197553269097,1.4882939709455842
gene_2375,1.2318615852439294,1.1641373044895271,1.2961347845620976,1.1848499117162512
gene_2376,1.3957965257974096,1.320278824613196,1.1483084396495598,1.3777794752689552
gene_2377,1.4650899977497107,1.2646647689245378,1.5350624940223516,1.2951576315632307
gene_2378,1.1860330094553224,1.7708178202259863,1.338656650627629,1.3375489354644223
gene_2379,1.403161088308155,1.7584830908265314,1.5411400275863896,1.2379273698604574
gene_2380,1.6316887468897416,1.4586919025230698,1.6588716324788482,1.831066118114051
gene_2381,1.3038764770193363,1.4508195659951342,1.210862986438936,1.0989056998026339
gene_2382,1.2725715356915053,2.825497413792646,1.4084310273033633,1.6048285718952326
gene_2383,1.322630149102411,1.3085341039500868,1.3540796892498868,1.5417939999184667
gene_2384,1.2652995540873508,1.300089793454102,1.504100367674048,1.4153184742929645
gene_2385,1.5497483119709017,1.1894730548586265,1.2980239032917782,1.4280361321906965
gene_2386,1.1001769401456905,1.2204405719621343,1.1343348022183246,1.2705141176676638
gene_2387,1.9253283599696958,1.3254936149591268,1.2536609492280546,1.5086245016372888
gene_2388,1.3658148214968273,1.4004567885630888,1.2608921578386798,1.2437623655044774
gene_2389,1.2459906634382547,1.2739015836001617,1.1239978718834263,1.3562800263524943
gene_2390,1.6481217163347144,2.440306860831304,1.4445344030775875,1.3589518557649036
gene_2391,1.3494017594390741,1.2741952150048068,1.7396000835559944,1.7142462315839786
gene_2392,1.270662064695488,2.0350599444007957,1.348241711163311,2.335056714014415
gene_2393,1.211664330056876,1.300642571234653,1.251438112463874,1.525257742294081
gene_2394,1.222130649123912,1.2289946525823618,1.177441843821617,1.1605687405747014
gene_2395,1.1888945005404,1.3331692247829028,1.479857734581147,1.2924185426727988
gene_2396,1.2835790870807162,1.3123938439785017,1.1778374718956186,1.2300137447107207
gene_2397,2.179040620208454,1.746214936228742,1.172306536127072,1.5037665050479603
gene_2398,1.2955873263083846,1.7493318534688058,1.4220602586260789,1.907980276138256
gene_2399,1.2381609470768904,1.3812403285471497,1.349276974126008,1.3745066370948118
gene_2400,1.0579432439950909,1.2891404785823573,1.2674605092118107,1.1989232134631682
gene_2401,1.2954552830795418,1.4233809883172974,1.2697856063144097,1.2125739362553727
gene_2402,1.2445567290603525,1.392846467680282,1.327961884508084,1.5096109586558997
gene_2403,1.3044516325129694,1.4418145120309829,1.8095556844351806,1.4184369336053229
gene_2404,1.1729425149245314,1.2383749475477057,1.2001930335731215,1.3928157901608675
gene_2405,1.2679419118810997,1.255916120331834,1.1791306679193299,1.232229780675823
gene_2406,1.5584230692838201,1.7080337721921313,1.2368355122208243,1.4787622698333645
gene_2407,1.4939936597496464,1.266238918102267,1.3113162304663641,1.3312403287665904
gene_2408,1.4156366663965099,1.4527834397782078,1.427154822536498,1.4686967108572444
gene_2409,1.2516265529764825,1.769370903542987,1.4672357397224178,1.4586912488040733
gene_2410,1.9098453492565972,1.4123945121714325,1.4896414276579997,1.332086396881767
gene_2411,1.3287807169297228,1.276664289484095,1.3877774512188903,1.245039548603756
gene_2412,1.3424484551921447,1.447498203569326,1.329748912065827,1.1624342606191542
gene_2413,1.3217399202003888,1.5100097615131622,1.6098810144558622,1.260069791624458
gene_2414,1.1573611004705888,1.261726581007396,1.1802124374782033,1.2153524951585881
gene_2415,1.5814678163157063,1.2578667648102122,1.4284940346149722,1.1827915627278438
gene_2416,1.5929311459152258,1.2476885353292821,1.5632401107514433,1.6887317357773728
gene_2417,1.3023877600004838,1.4357345852413477,1.5663398400916992,1.2543019557393584
gene_2418,1.4335835587221255,1.619614485505777,1.2091092683659432,2.0618762508857813
gene_2419,1.4116584626560955,1.3531685672113003,1.2467242611108045,1.2446363469030894
gene_2420,1.2893936791132516,1.397489737236047,1.2502617753322012,1.307348182508253
gene_2421,1.335746580536962,1.391971564326641,1.4642746001711295,1.5309099612890185
gene_2422,1.267563037118156,1.2120070509654874,1.496850477100514,1.3195262204305263
gene_2423,1.4091547216622329,1.2727872552246626,1.3532133161112807,1.405933722019374
gene_2424,1.9208649969613838,1.4561531245460342,1.3923898722981163,1.9131948824128835
gene_2425,1.2572524183338982,1.5492836995968984,1.2825186695325679,1.388118637882718
gene_2426,1.7723791960452417,1.2572905999557102,1.3395893851339498,1.388250802898794
gene_2427,1.273737841522677,1.3202242008099065,1.3432438035408627,1.373391024639952
gene_2428,1.2603828016969338,1.1836865815518882,1.0654355644534232,1.2784318193020419
gene_2429,1.4316510935402817,1.3855038582627264,1.381214318386692,1.2856865332981307
gene_2430,1.2466233439250785,1.482159524247707,1.3674614568517705,1.3063065415945203
gene_2431,1.28911347679437,1.3008705995815197,1.3737488354508893,1.166623352248921
gene_2432,1.2207557733132866,1.3046603567671005,1.3658233337515775,1.4256157480089136
gene_2433,1.555473992555312,1.2847755194288248,1.4431672378448936,1.971307999082294
gene_2434,1.7111802958071156,1.2998381520709816,1.6503828735229773,1.457718375631107
gene_2435,1.595251374810781,1643.8359671043033,2.0490556299932408,1.483164682294442
gene_2436,1.2722526001355743,1.4472799639432203,1.578862570108039,1.1337874795164478
gene_2437,1.1799970707088239,1.234248160495041,1.1824804743603248,1.2554556168371027
gene_2438,1.2482992573923652,1.8997462941684793,1.4755569236583577,1.5413775120557762
gene_2439,1.5939674872676288,1.260660214555251,1.3235888104822633,1.3463659921206088
gene_2440,1.2527880642474218,1.2179964920767807,1.3480492083645768,1.3205590301872958
gene_2441,1.6063652075539334,1.3826088493216926,1.4540473062530042,1.4123150568491463
gene_2442,1.4675645679052967,1.2694636980470178,1.1423984061502022,1.3374680228959481
gene_2443,1.2433757614828194,1.2866857605239128,1.2898161176445924,1.1865933135238285
gene_2444,1.4334262570901808,1.2809971670643079,1.219828846971296,1.2325891713250479
gene_2445,1.167164211206836,1.346918885948295,1.3782583977207157,1.3597033913650114
gene_2446,1.2487585247948731,1.1700725077139582,1.379533305770864,1.2973126810734754
gene_2447,1.4190775767459871,1.390913937455326,1.9422553459953404,197.7993864969068
gene_2448,1.1320334356044779,1.2010862238564808,1.079006477774028,1.1814171263553288
gene_2449,1.598759476332067,1.384443487681819,1.5495163517089319,1.2383147778125958
gene_2450,1.2637419148494253,1.2841965041363894,1.205225110925826,1.1984111345188868
gene_2451,1.292302452213385,1.3615030924043134,1.1937568448639604,1.6898512806836248
gene_2452,2.0249591592849727,1.8570896533541525,200.20782183003925,237.23495215795384
gene_2453,1.636116526152936,1.8745950527220023,1.693861139620124,1.3040509778423786
gene_2454,1.2831023529267616,1.1166224817639088,1.317757647156667,1.3287812626898667
gene_2455,1.4782535226857678,1.2708518569688236,1.6340419285203813,1.2631126119648919
gene_2456,1.1177808386425703,1.0933710516272048,1.2057714122357142,1.273286375068119
gene_2457,1.6122330011060424,1.3992745368583734,1.255575598556702,1.229407814007354
gene_2458,1.460157849067413,1.5606727140652596,1.3730025789944265,1.7997960490735756
gene_2459,2.722591616512468,1.2311588731280438,1.3386044337373606,1.2970205379000317
gene_2460,1.338006568031363,1.5661366457954657,1.443530957259096,1.5531665755830768
gene_2461,1.2104594081960842,1.2579483556962083,1.3785720582938408,1.4863398013930382
gene_2462,1.407398928492907,1.3946566451686933,1.6884000872698193,1.247267838756564
gene_2463,1.3410810638897062,1.2449062493183232,1.562393421019748,1.3738966340698242
gene_2464,1.251701541295711,1.5587118966311329,1.2539230994691932,1.578656730143758
gene_2465,1.2001417164044828,1.269177282741453,1.2147424566983587,1.4040117731227886
gene_2466,1.5179162632370147,1.4554765044511029,1.344100824873308,1.4833188588195767
gene_2467,1.7664008942740972,1.2238594973119763,1.5255282319261614,1.4579901842711114
gene_2468,1.2610739032497895,1.477386157045824,1.3779693221341265,1.3713368458479787
gene_2469,1.3008968991515437,1.3028554927851512,1.2004706235341795,1.256622883313537
gene_2470,1.277909835355514,1.2516188765182783,1.5502276322318136,1.2753710426969058
gene_2471,1.2562757825074722,1.500546357632627,1.4135158379871,1.2088392989742125
gene_2472,1.432495826015628,1.4776571806582264,1.3339049510559862,1.1536496452762193
gene_2473,1.2730978181278956,1.2949898225348029,1.4505191835493563,1.2951248398860393
gene_2474,1.6965338377339438,1523.9523990886617,1.4547320731514022,1.521672337956071
gene_2475,1.2440150031071093,1.0990423689971567,1.2762386083540052,1.624353801472635
gene_2476,1.345958666646325,1.665317404121288,1.7603844586361785,1.4473286987816587
gene_2477,1.6117081581683765,1.4579677339136348,1.4348556808909696,1.484888711900787
gene_2478,1.5305136520889842,1.3107339168266927,1.2651103652514313,1.3712396978784533
gene_2479,1.457896362410237,1.4003146662333397,1.7310240185205141,1.2987694309910611
gene_2480,2.2152845782854924,1.2764444999450888,1.6676560505478486,1.2724512332879039
gene_2481,1.480943147939093,1.4131790538940951,1.345119295359293,1.3239387284396313
gene_2482,1.3476630790359203,1.5115364287762105,1.2544952361860866,1.3295185048955387
gene_2483,1.3183555093934918,1.3147737957644967,1.5046506742052974,1.4905331504993926
gene_2484,1.2669364235801783,1.2362963922794556,1.1359276781364613,1.3004486745134756
gene_2485,1.1773011732638177,1.3301892514104485,1.1439594313539787,1.232323749899888
gene_2486,1.4931418182326548,1.250512614248141,1.2868484023416233,1.2190066537626738
gene_2487,1.6424045273366938,1.504519774558309,1.413987960317318,1.4551618107438684
gene_2488,1.4224373141979503,1.6939673405114342,1.4152747093799947,1.332307941395848
gene_2489,1.2377269917472462,1.3424332753175217,1.1489195003043664,1.2453345607713506
gene_2490,1.2451336803743087,1.3103963284575857,1.2038306290905527,1.217644075814847
gene_2491,1.4999133056431693,1.1188164645732805,1.4073300893084502,1.1348987391075434
gene_2492,1.1925668401568128,1.2971937208142235,1.1851992023980809,1.2141168128467537
gene_2493,1.2662411282061015,1.2056378667216334,1.2999810976991206,1.496886242007693
gene_2494,1.3403481705201012,1.3513985985279249,1.2636804813539408,1.3341833631851765
gene_2495,1.7026075975385435,1.3534247238437458,1.3793711553106756,1.351399374382673
gene_2496,1.217237662575697,1.4358443521204283,1.4239187518242344,1.358466850746145
gene_2497,1.4389220370821885,1.7770736079580567,1.340754162341423,1.3001058104592993
gene_2498,1.1291642811953153,1.2313309267525625,1.2632920186686833,1.1000619673348386
gene_2499,1.2220679584582619,1.2549645188784566,1.3339405425744288,1.2642231352104658
gene_2500,1.7004318748994285,1.345174747237812,2.1089502454065143,1.3512192327181287
gene_2501,1.2737712377764543,1.2032809204745427,1.4375593014179937,2.2850491660836645
gene_2502,1.1986957001308638,1.6003748193043479,1.1292119743398243,1.3454919954620272
gene_2503,1.5749053225242653,1.559018328360957,1.2748385535122837,1.4818859527827635
gene_2504,1.3618797860698293,1.2967761384533527,1.2988185000936598,1.1957155036718805
gene_2505,1.2892942245409538,1.341590950110998,1.4064437005773978,1.3441300011941408
gene_2506,1.0791906171949737,1.405295797077741,1.4338565724017187,1.7914116857772633
gene_2507,1.5469158601575144,1.3404602858923738,1.2913408412589125,1.4100354803873032
gene_2508,1.3859168918947942,1.580879198778144,1.7140929930782218,1.9426477879320299
gene_2509,1.3379627937964336,1.4583140139551032,1.2660978074129543,1.5602280296462705
gene_2510,1.5116206757510267,1.3711633813612472,1.3165015392277115,1.171641175260119
gene_2511,1.3484810514337737,1.2153064424105102,1.1991496907113792,1.2287270126596384
gene_2512,1.5595077094477048,1.3624681044326774,1.5119972564341415,1.6696773672414145
gene_2513,1.668377497142621,2.4512472953832063,1.4935642072387245,1.6940046130883426
gene_2514,1.8803315404566818,1.6725319366857538,2.870639199063537,1.1227318013216616
gene_2515,1.3454954362965257,1.2737042568895698,1.290362893448578,1.3093203329503866
gene_2516,1.374431108127397,1.1158100326004174,1.1030513296031919,1.2313340862609803
gene_2517,1.3656263451884272,1.3697076804141957,1.228235618287653,1.5348292758604012
gene_2518,1.4266144994854124,1.9961121654805258,1.093247797859517,1.430429142258537
gene_2519,1.2734962708183528,1.1737402146007918,1.3998684110603736,1.3129456649822309
gene_2520,1.3319559057276533,1.2577144552775004,1.3830687863116842,1.3711142439103576
gene_2521,1.0969465817535915,1.4195217549117316,1.1405779842928179,1.3558700994611452
gene_2522,1.86392310331532,1.1926808131715472,1.6322852392302396,1.1733975786081412
gene_2523,1.263708901325383,1.2934610663188968,1.3578700061807154,1.2405742568314106
gene_2524,1.6703558820940672,1.1449831528443126,1.4320619279954128,1.1933919572681102
gene_2525,1.276115387194302,1.2265790544114912,1.4259794301410973,1.4304426051781596
gene_2526,1.5263312227406525,1.40099161493987,1.7183982949709535,1.3869838078717083
gene_2527,1.3297648360429675,1.5578650260861913,1.4160777951006651,1.2698416640257577
gene_2528,1.6063817536362488,1.8698938011694568,1.6637725543731685,1.3204908481274245
gene_2529,1.5790162636447604,1.3052007713350529,1.740829517954905,1.923489632596697
gene_2530,1.2051486552766673,1.3929147437463145,1.3206073247328762,1.2732257725211762
gene_2531,1.3052527482230563,1.3217766720003294,1.5715200596112886,1.3003598827019078
gene_2532,1.3491382090975759,1.2643883254916715,1.471429972474021,1.652017924917201
gene_2533,1.4445525104489094,1.1395798290968742,1.4755611781086557,1.395407280248125
gene_2534,1.2104183186516717,1.3868652293428032,1.5661408732010171,1.3227306653577575
gene_2535,1.453954642899589,1.1738656704807555,1.3326320915285317,1.5666351090580362
gene_2536,1.3935673549951642,1.3171829820071232,1.2380830674342962,1.4542783237338281
gene_2537,1.3867096040166922,1.198474837207024,1.2809383268698646,1.428565651126833
gene_2538,1.287553640123287,1.21055131619197,1.166655172566413,1.194839627108354
gene_2539,1.209072751574654,1.160919954620586,1.2045893789028839,1.366609377378289
gene_2540,1.8920191405946534,1.36132560723664,1.4755702823813632,1.4130167140445578
gene_2541,1.339845764119564,1.2378044720271368,1.193173400539588,1.3322276204434542
gene_2542,1.3085245727888442,1.6618046622322626,1.3661354564951032,2.0126905754262663
gene_2543,1.3505801048133537,1.4040323620465007,1.6765194989214012,1.285594822490162
gene_2544,1.8980377705126716,2.4544660918953816,5537.3379254841275,2.1255102766637917
gene_2545,1.2996623690163278,1.2218746251457444,1.4220632078566973,1.2385764486524269
gene_2546,1.1323978950716114,1.1512643136617766,1.3012061027285167,1.0873474761622228
gene_2547,1.4137301133458193,1.6034924976412896,1.4557110787001577,1.2474758888757893
gene_2548,1.17047375675295,1.3374125708476106,1.2209648833991802,1.2198784177597195
gene_2549,1.217552678535104,1.1908998476454635,1.276343449498872,1.384915881098608
gene_2550,1.3309207235874314,1.5600635026142338,2.3143467919301224,1.3711063607575473
gene_2551,1.4185289926166518,1.3644509885326745,1.6862605413480196,1.3915463722310764
gene_2552,1.2293438050095544,1.1982400935059017,1.227995258325664,1.4687326479745606
gene_2553,1.2737181261283805,2.302251427097564,1.367331296046067,1.6575146227857984
gene_2554,1.2813173459593443,1.5371848514251611,1.2337331947005157,1.2615664240103703
gene_2555,1.257854043827589,1.2013140162683358,1.259179231467838,1.547938706624148
gene_2556,1.4605776982072096,1.2853276699395395,1.3591735871944473,1.4061324670522493
gene_2557,1.612952486193739,1.4982833269346496,1.8421368962201892,1.8624884034948008
gene_2558,1.2517615967521045,1.1926688745860183,2.1140276802785904,1.5916922881410542
gene_2559,1.3346374596151789,1.1886516156241416,1.2492388060007482,1.2820212908642157
gene_2560,1.1979457925366992,1.3154443132659408,1.3421426600364783,1.2370768312700617
gene_2561,1.7050504183896789,1.269173229382026,1.515950600648567,1.9830742924592049
gene_2562,1.183271271565014,2.317450778033812,1.1951919510018352,2.2143807187736697
gene_2563,1.489090481411658,1.1659760903741512,1.493519135074835,1.9537804643120316
gene_2564,1.2336104793780494,1.3683157961273231,1.242170161171074,1.3017874197012482
gene_2565,1.1349288079817683,1.379348858115148,1.2078183210238573,1.1702533947495102
gene_2566,1.5342414922676681,1.5487158442457731,1.470115772176997,1.9052771053047537
gene_2567,1.2173202902605196,1.305129471743119,1.1727717002394633,1.2026497037629817
gene_2568,1.3698469008977694,1.1704721703536929,1.2679270878691007,1.366257345582187
gene_2569,1.2301578838760305,1.3127572455484195,1.3105488839197041,1.2516681573407868
gene_2570,1.4668902660733236,1.392371563574055,1.5413402129649796,1.2068578953045757
gene_2571,1.1203944872954719,1.2276015531262858,1.2301564981477333,1.3031550495880977
gene_2572,1.2019708667416074,1.2717977008314154,1.265497124480388,1.2140920254950442
gene_2573,1.357541249891592,1.4066349380034011,1.4754996285855426,1.414423458163429
gene_2574,1.1970974480661318,1.0758961682342139,1.2085860718474433,1.1868710892372425
gene_2575,1.5775890460612996,1.5871499096813209,1.2696589845328565,1.6525580141528604
gene_2576,1.240291828574673,1.393060128381832,1.8112079142723028,1.3378176074172712
gene_2577,1.8833577467174227,1.7794546245367437,1.565860238800591,2.315497914893961
gene_2578,1.4201444141930608,1.1480867024408445,1.328356329229526,1.2499831792597151
gene_2579,1.37710548903772,1.2033124993448157,1.254440628584534,1.3365706991299793
gene_2580,1.3131440987357392,1.4631957491650784,1.171443624191039,1.4083832074612117
gene_2581,1.2503718733225755,1.282883820811831,1.2626662380702305,1.2687817445910383
gene_2582,1.624407302259557,1.4847276325308567,1.4663789217006915,1.3175303661275815
gene_2583,1.4547313038232508,1.4221913279139653,1.3120645882292985,1.251142786179027
gene_2584,1.5578171540488464,1.9641729884477312,1.513434067769955,1491.8147616476615
gene_2585,1.6873955791525852,1.506572551064765,1.3189392579750392,1.270822834881881
gene_2586,1.4649999731396364,1.2587366027001152,1.3771983125096439,1.2457616833733853
gene_2587,1.7970768774805856,1.260812972349825,1.3243599388393443,1.9530386969885025
gene_2588,1.253344678346041,1.9591434742473173,1.6124945250090073,2.2827089440705888
gene_2589,1.4768180039944865,1.3855201317193329,1.1871757817878472,1.4053762137218615
gene_2590,1.243734270172403,1.302116824151699,1.3403766811740125,1.3286977501262676
gene_2591,1.14758294246333,1.3393487163219784,1.4337933005588774,1.3740744994141445
gene_2592,1.5804416852114929,1.3994230057369899,1.4599327763629748,1.5580361583334978
gene_2593,1.3586899622204869,2.1971681342388294,1.4546643997929294,1.2669478290307639
gene_2594,1.1369023038845503,1.3385137643717777,1.260931751582357,1.3781774409608691
gene_2595,1.2953592022577558,1.3645523854802386,1.4927874882690466,1.3940172444449146
gene_2596,1.5098704855678624,1.4263523210870181,1.1950766144174183,1.7750784019855752
gene_2597,1.7955129385189803,1.5066417254576911,1.9831507540240227,1.5254505136350538
gene_2598,217.221328443276,1.7171364773171454,1.541430309175502,1.4143886250870528
gene_2599,1.5391388256549352,1.5141200804966062,1.2883579754641412,1.3363254595437943
gene_2600,1.288741028978572,1.1950352913157798,1.2449274325234219,1.6870944823878686
gene_2601,2.0337587026173565,2.1557740796737406,1.3873144011229894,1.2405535637981042
gene_2602,1.5750940891067031,1.4770350177574918,1.5888601392986403,1.401890972698698
gene_2603,1.187717596076817,1.3878022130135834,1.2826060038243912,1.3174120469572752
gene_2604,1.2467160561169701,1.4535620655027586,1.3608270550399109,1.3667075618994466
gene_2605,1.4060787044891339,1.4392513118650248,1.2457982920815542,1.5533324588354365
gene_2606,1.3189441252343672,198.5080182408096,1.3260641323397862,1.5797939141389639
gene_2607,1.3417743219688285,1.6651718098179376,1.9466912871838407,1.2962359311023395
gene_2608,1.4032490321840032,1.33812913910794,1.199131436469501,1.42704964672468
gene_2609,1.2267146713491723,1.1602328040077252,1.2804833093635626,1.4549128220278238
gene_2610,1.2498823789490034,1.260117961082981,1.342357287697779,1.2200316050512723
gene_2611,1.5009024423286983,202.26111026284732,1.4261710181583278,1.3411677898536067
gene_2612,1.391727424336292,2.512446308811175,1.1497295674053123,1.4527796721867827
gene_2613,1.1815008352956713,1.233853566686819,1.215297645773498,1.1678761819779895
gene_2614,1.5162880182636984,1.46014643697805,2.5035893188277565,2.061914907896713
gene_2615,1.4273466476463783,1.4299181278567556,1.2846863366520394,1.1558616705316458
gene_2616,1.2376030185169813,1.217335220069684,1.253697511159851,1.4008312688133822
gene_2617,1.4430885964480542,1.7001958493481892,1.2578881511549562,1.4243896461052357
gene_2618,1.4544164268954256,1.232543288272403,1.2729276097794482,1.3466880746404863
gene_2619,1.243990115445225,1.2389799018092724,1.135427507534099,1.2629241093922967
gene_2620,1.4150576121233518,1.300313011914144,1.3370851914287067,1.2812575187834812
gene_2621,1.6562559657869809,1.446124345724848,1.5588850267830114,1.3329965236917423
gene_2622,1.2477599782660234,1.2346101199737842,1.3106742416952473,1.310413407317969
gene_2623,1.3365175997445233,1.424957658273255,1.1816779051885136,1.312218622345951
gene_2624,1.3912709774601044,1.231768357986539,1.147177236967238,1.2134419255549578
gene_2625,1.5251954888200174,1.0911190367362218,1.7024532655120157,1.2620336533405931
gene_2626,1.3183963737084086,1.337767760047504,1.1579119039782972,1.780284033334493
gene_2627,1.96979651453129,1.4774482088516918,1.6183416458260405,1.560744764322136
gene_2628,1.4020524283468532,1.3658590070841419,1.2760444793844339,1.6353714458884
gene_2629,1.6301938545668742,1.611123233965524,3.005327889496353,1.504316607679029
gene_2630,1.420568941242594,1378.719577685419,1.5450712894542327,214.63306007302992
gene_2631,1.4530419731804398,1.5111693319557715,1.5802471600888488,1.2586290177292416
gene_2632,1.8807930362705265,1.8893396533750813,229.28099726589343,1.4197455218937978
gene_2633,1.529854177922614,1.4396629502881673,1.392931864520323,2.3287150777561396
gene_2634,1.4784995358723259,1.3888708238287575,1.4836045078651252,1.3350227875540814
gene_2635,1.1962480871098193,1.3219372211437455,1.171725197632258,1.2895959820642442
gene_2636,1.181945655805683,1.3000319488837333,1.2526113492121338,1.2358295682106646
gene_2637,1.3122212500107984,1.2653038848616995,1.226961324311477,1.1265213125893767
gene_2638,1.2770295569077401,1.1670667360173337,1.8099946071240545,1.1875153452545721
gene_2639,1.2520125328967733,1.2929468959550194,1.1989320038693634,1.213278441936174
gene_2640,1.3332905376754471,1.2312423203160137,1.2638234413348295,1.4217295906263039
gene_2641,1.482669146794008,1.19994512404267,1.427975060299268,1.3505426063290538
gene_2642,2.67562121635595,1.2059116250857906,2.1888980210540048,1.6805019412567055
gene_2643,1.429279945202599,1.696538654372213,2.094024751389781,2.3247540303883536
gene_2644,1.4041240945906215,1.2117336388882354,1.2999716632311709,1.4619788288773772
gene_2645,1.278184474265062,1.4088768460909769,1.2345618032586636,1.3714221803022302
gene_2646,1.2591464190892938,1.2097057168398777,1.433982445044156,1.3126751268364893
gene_2647,1.3261591662691734,1.3130086193291333,1.1069492688083242,1.36382227903245
gene_2648,1.2401631031185716,2.612752275729,1.3368320742246038,1.8668980841610907
gene_2649,2.093068271618204,2.2834205860678103,1.2634213397596383,1.992071904353041
gene_2650,1.1981884112227845,1.2340959205343127,1.23588883150504,1.1808229713742393
gene_2651,1.7593374888932767,1.4549729796531363,1.6332533707672414,1.6319097090472452
gene_2652,1.2263124931025216,1.4474398188494004,1.5247607503530944,1.2744099706047407
gene_2653,1.6566159907376916,1.870946221795984,1.445107313138982,1.3911473153310898
gene_2654,1.205026551385983,1.255500054935595,1.2942148396552,1.3897148931580459
gene_2655,1.6639941451921625,1.325825962198447,1.3583838739413374,1.857066772692358
gene_2656,1.3368086785213786,1.358839308745178,1.212698330254702,1.2073181410212728
gene_2657,1.381547141511837,1.7022906952867758,1.5325669843778826,1.8031594792375654
gene_2658,1.7066202191665507,1.1240620303535676,1.325534939778615,1.253944374330313
gene_2659,1.2018844006195712,1.1782415297962119,1.4558339538683551,1.5861872239837684
gene_2660,1.2280239452116237,1.3589886103262543,1.5231185551664037,1.4388591699530384
gene_2661,1.322394795647173,1.4580504289810403,1.146508364593202,1.126121766067732
gene_2662,1.287120454351845,1.2746265097182257,1.4678804241438232,1.1940618911787046
gene_2663,1.1917324468046613,1.199392313497697,1.1943217779447746,1.1254283678808916
gene_2664,1.259865884756207,1.2336935954918773,1.2588251331137614,1.329423982351377
gene_2665,1.3435373582375971,1.3929441536017813,1.292571781962521,1.503708101263029
gene_2666,1.419004588823559,1.4571177299527636,1.1516282930099426,1.4266641650844782
gene_2667,1.135927011066912,1.1715118764581605,1.2521183338189257,1.0518167149470063
gene_2668,1.3081700763931596,1.4540033683897453,1.2733173665446114,1.177875060563992
gene_2669,1.1934021686767426,1.541717213913197,1.3145646185310382,1.3006932640452167
gene_2670,208.0531028126699,1.2608981115795412,1.2343065663194528,1.7411626184548035
gene_2671,1.6372587699118695,219.64400463475687,1.3896263358187904,2.032127731882595
gene_2672,1.2339089109531203,1.4198305149603274,1.4630359398965438,1.2285755633462279
gene_2673,1.4967959793975694,1.471837045480917,1.4773901804834335,1.3416474810375547
gene_2674,1.3494575599179464,2.248305570698547,1.4618062409851635,1.2946285473625008
gene_2675,1.2070178104061904,1.1892096073599154,1.2566451312305602,1.1486226906121697
gene_2676,1.2046546620559382,1.1769842521163805,1.1268011259641952,1.3375749547712696
gene_2677,1.192468353194655,1.1552369835144134,1.2753665126858904,1.1157602661906005
gene_2678,1.234209092657949,1.43002239148759,1.2899995149706671,1.4595123860915855
gene_2679,1.0924437956010287,1.3190941072145481,1.3543120459172093,1.244478975632482
gene_2680,1.5597178721522513,1.8112361645609687,2.1458907053072367,1.5492991991886356
gene_2681,1.2366381576883616,1.2583203492727402,1.4093414999756169,1.311984937150592
gene_2682,1.3691516257084004,1.1119501641803933,1.3229263271218288,1.2549899438112382
gene_2683,1.20586868070244,1.1172883201512398,1.2596384427924017,1.2113615200991215
gene_2684,1.2319287093253228,1.1570315145305228,1.376638125611412,1.2644679881551097
gene_2685,1.4027146937364303,1.3504098440939336,1.43114767184449,1.441081015402481
gene_2686,1.6646254906455333,1.5742402243491476,1.8506895335833713,1.4458918317481222
gene_2687,1.1598924915950097,1.515301915742142,1.1350645155593073,1.2722556977735957
gene_2688,1.4867197397465635,1.4240563713662961,1.4565425061843886,1.7883251623748206
gene_2689,1.5858475976113087,1.309053350211212,1.319889827409147,1.1628625236003751
gene_2690,1.9540600026017954,1.4054015815755954,1.2483027873001433,1.264068643326444
gene_2691,1.9150658717711133,1.192682136778138,2.409466688764805,1.4390944749485899
gene_2692,1.3875675289368892,1.6945676417829307,2.289289777713911,1.2347095571992839
gene_2693,1.3340252507341788,1.1968603301898217,1.373630288295249,1.1049200479648777
gene_2694,1.3650497310373504,1.2449288880585174,1.1351255364155022,1.3604418221569645
gene_2695,1.1846409298228877,1.3012927633639602,1.7139676595523181,1.375107051306938
gene_2696,1.1467288945507432,1.1779141397395605,1.0796063274201246,1.120827414847036
gene_2697,1.2011189575124466,1.4446601324521033,1.4802356688888365,1.478182990262162
gene_2698,1.366702272832139,1.2718964773138186,1.4783641736662472,1.4238745761057652
gene_2699,1.5872149577766181,1.2068425647504906,1.3749945123681488,1.4865865088131076
gene_2700,1.370203345751486,1.1263033330669816,1.3266509453519233,1.4793147256420107
gene_2701,1.4002111216525435,1.3798934832825913,1.589472159778275,1.4680191828740787
gene_2702,1.274444095510018,1.5895208612497778,1.3431447654075441,1.3598221882737442
gene_2703,1.3800188476518016,1.2570227255385862,1.3952669051539848,1.2773919870293493
gene_2704,1.464937675740547,1.4447669636193852,1.4294352444854073,1.3341596732722798
gene_2705,1.3012422204536012,1.853868386355665,1.317468696837632,1.4169374061852864
gene_2706,1.2244507110401712,1.227544993205144,1.295747232782956,1.3665006617382034
gene_2707,1.3527170117121576,1.3387701065799398,1.3692282092363053,1.4426618286058122
gene_2708,1.3151897937589951,1.25401889524744,1.4250553999660838,1.0951418668469932
gene_2709,1.4982391772167056,1.3476758299274862,1.5995446236404762,1.2196864653358057
gene_2710,1.2365067100000346,1.321858458187089,1.3768495037088395,1.5642429625251937
gene_2711,1.6055364005332304,1.408322611650627,1.6305850694935529,1.5238281090160921
gene_2712,2.093861900973813,1.580672484928069,1.614761730235963,1.8496398157289107
gene_2713,1.247471905874124,1.3675901620689959,1.4174826798945428,1.2178891050396896
gene_2714,1.2684439492010384,1.5151482791496769,1.6151931914159992,1.5712146598373815
gene_2715,1.336783772643008,1.3628076846342285,1.6055786729073627,1.3478231559462326
gene_2716,1.1200933238113788,1.2303674533234656,1.5609782134589028,1.2256694660345393
gene_2717,1.9922253793284856,1.2438259764757533,1.5058073308268538,1.7050249832965378
gene_2718,1.2289783633841251,1.2876286099791032,1.7522533969099172,1.6796921209940008
gene_2719,1.4217561377717407,1.445510485835748,1.2548942791907618,1.3958376125628684
gene_2720,1.3720950383179182,1.303828323574377,1.2474867366448865,1.363693323291313
gene_2721,1.2614147584277873,1.1649748897380665,1.2482456132183775,1.1656283670042884
gene_2722,1.6926748559591935,1.5240742834353413,1.4498715187916047,1.171693090716081
gene_2723,1.250893132515807,2.123019745836197,1.2819235730490275,1.338663951640198
gene_2724,1.3845001183340655,1.2079942101526426,1.2910847177083973,1.185059823000888
gene_2725,1.3375446161111417,1.1834713024755414,1.3124226741789236,1.3622526344399914
gene_2726,1.2767843535998435,1.153627537375943,1.3673094601613294,1.3465728398436625
gene_2727,1.2199321102864016,1.2251834658481708,1.2345540639048878,1.1033674151957136
gene_2728,1.2777028944151376,1.0828149326939518,1.5503091765739705,1.3897499894634198
gene_2729,1.520345500363365,1.5908486639705135,1.3458197580600673,1.264288330722958
gene_2730,1.3534684428916361,1.2053047549850238,1.901450233187909,1.4464511435429925
gene_2731,1.5233828607447604,1.2278891370391782,1.3439860070512417,1.4103998925718793
gene_2732,1.1786001397941517,1.8835806738046905,1.37390248773266,1.4034390212929875
gene_2733,1.444190593835043,2.0422908664391106,1.4566785334975547,1.6311720302302017
gene_2734,1.1428532894751042,1.246887314876569,1.200402282343421,1.20406110050794
gene_2735,1.2078706380617568,1.247654394244232,1.2626687844190154,1.231461795663715
gene_2736,1.6189384656651116,1.4947462876479374,1.3370230151414082,1.571131391073791
gene_2737,1.263383772407791,1.2442956450960143,1.332473704459797,1.2237363086502948
gene_2738,1.8974923001633393,1.5113906162420807,1.1478311375859322,1.7906474153493483
gene_2739,1.2557582026268532,1.238493642485529,1.1481376480477157,1.1334138995077092
gene_2740,1.5639001098878207,1.2444855102711148,1.9421586407189735,1.4666840515599822
gene_2741,1.2132493939466613,1.1751771391666093,1.2618888728688353,1.1198478606951354
gene_2742,1.1626893795724198,1.2933329444421247,1.2147754960897184,1.2521449037709542
gene_2743,1.3455484730960827,1.772841096096771,1.9300036049912512,1.1996778532576382
gene_2744,1.3999332772368278,1.5822682550241314,1.244955505481097,1.6166404276253383
gene_2745,1.109125624730144,1.3713811787845864,1.1445470020880129,1.2633724156898294
gene_2746,1.4922349589964188,1.4494612979776538,1.512050914259417,1.2643992157470545
gene_2747,1.2433508126339587,1.2763900903142,1.1880574259967014,1.213653036058501
gene_2748,1.2049649353900918,1.279476484005142,1.5543518709629198,1.352402404843471
gene_2749,1.4220950249447126,1.3265737725301832,1.5787931410855978,1.1371828922732625
gene_2750,1.4900386730322293,1.2340000641370963,1.372462724786662,1.1472880774665866
gene_2751,1.1691469294829835,1.4225886011975981,1.2639309024836585,1.3929330398628128
gene_2752,1.397081812467579,1.7170149321722004,1.231175259530355,1.617489830988068
gene_2753,1.2983316383943433,1.2297962069778965,1.4562417629385382,1.9451734996922165
gene_2754,1.2980415947825539,1.1796673832956832,1.25943148009359,1.2832376888838726
gene_2755,1.1252660178101013,1.273883522500964,1.1725748686997117,1.2344630941251893
gene_2756,1.999182361514974,1.6606913704082669,1.541817434933506,1.3111422387168468
gene_2757,1.1373612241631599,1.6361012705042863,1.463956849976625,1.586938532618208
gene_2758,1.176510186064676,1.3618422598114825,1.1453520592852668,1.4703484524355899
gene_2759,1.1097494530709489,1.2501698210079208,1.1481604269174754,1.237829128168696
gene_2760,1.384260164487665,1.4054758591130672,1.2633139301610632,1.4444990292019233
gene_2761,1.3382328002142359,1.9514757829483609,1.3876799669091464,1.3206688898993884
gene_2762,1.5171343705359621,1.3004403605616939,1.2535856522659348,1.1655179437239356
gene_2763,1.191399688707372,1.3924981215928949,1.3917799127598418,1.4207670395553558
gene_2764,1.1387653733392211,1.3321123069257805,1.252541164029277,1.2431363593358593
gene_2765,1.342713342396565,1.5749756197173166,1.4182137763420535,1.7558774942624256
gene_2766,1.7761306710893747,1.4741339149235744,1.2294105414519994,1.3771408490767787
gene_2767,1.4836427740422307,1.4097323161363247,1.5145802027125168,1.2892558308675985
gene_2768,1.3463740129654254,1.4207876151386631,1.2176021424332895,1.3312452985508434
gene_2769,1.270984940841123,1.1975557332966884,1.3310352002507237,1.5215514648546575
gene_2770,1.4417205780156668,1.289804755463587,1.3658094190877426,1.6958897369981323
gene_2771,1.1676092201241264,1.1572761249771888,1.4456380307654753,1.1719609835773592
gene_2772,1.5273731201447724,1.442204030872434,1.2393158536309317,1.2471412202920213
gene_2773,1.2256423291990328,1.1955516986559849,1.8186741469510288,1.423003279463763
gene_2774,1.3250927132566908,1.8418250787816606,1.3807024918054827,1.4486709318388074
gene_2775,1.5202501406476188,1.6292514879107347,1.4055356756103006,1.2396896864401992
gene_2776,1.2646550156999343,1.7608089473952815,1.7230268744979764,1.5885089984226914
gene_2777,190.5856250452224,1.5570852788048581,1.6184518723662817,1.6081600588624454
gene_2778,1.4723452969336661,2.0779443816471113,1.402428273959123,1.2095223516704687
gene_2779,1.1870306034007838,1.2192509071386708,1.2164380325582342,1.2131824392143815
gene_2780,1.3556432678876584,1.490736114345757,1.293151572510361,1.1525627631839486
gene_2781,1.2932562692718736,1.171826059954289,1.2664825076807984,1.194842554683244
gene_2782,1.2277238906271277,1.4608920901783122,1.8705780080082564,1.4132151383789933
gene_2783,1.8277200943142091,1.4537151820491836,1.3013690727466334,1.2172277569933991
gene_2784,1.2357107233083082,1.5187706716936944,1.2280687962431573,1.3001746699425036
gene_2785,1.2076678939136272,1.5597672231329576,1.5494579602110616,1.3539621184321922
gene_2786,1.274139442529982,1.2288540928540956,1.2776967514315136,1.3333488592275746
gene_2787,1.675732568273841,1.4956667868735787,1.738293144699563,1.8660838264432205
gene_2788,1.3504386243163722,1.3829046576918846,1.1336217328732252,1.4305625267992164
gene_2789,1.1528138607290652,1.2491531590388032,1.3437627838166577,1.1331537482547
gene_2790,1.3064223265544228,1.577251989531285,1.2968606909603893,1.2073527443363192
gene_2791,1.4215291471550295,1.5633043574629217,1.3999346155808206,1.3824642855081413
gene_2792,1.2027873589313995,1.3308876218719046,1.3021852644745242,1.1542642844383229
gene_2793,1.1174532796167396,1.9849949916768268,1.442334482687085,1.3984042386702131
gene_2794,1.2744329095102032,1.5169100046318083,1.9425551223976762,2.609758844220447
gene_2795,1.6947178839594914,2.0426453588439677,1.4820694694320546,1.327542180344171
gene_2796,1.3825302344141408,1.1510013163121577,1.1818146190957104,1.1461993778589699
gene_2797,1.1728185137434282,1.2535449806304473,1.1987497258464606,1.2995276412779966
gene_2798,1.4825032685741744,1.4795366298041617,1.6512041085904752,1.680690900319792
gene_2799,1.3692772048153483,1.297905939250664,1.4319185265111918,1.1416572266912672
gene_2800,1.2835328396759376,1.3703416366796166,1.2700482144064935,1.2710542556277231
gene_2801,1.2696926319858381,1.3880701952780898,1.3231780222854383,1.4472071677028921
gene_2802,1.4544440389655116,1.5453019966764243,1.3900905841634739,1.218666091477987
gene_2803,1.2834690336628625,1.4302742461097813,1.2081963674324274,1.34270013597348
gene_2804,1.183992663547156,1.3712538532197311,1.249722678778442,1.4608882414457378
gene_2805,1.3451623404175002,1.4384227121627426,1.4192426093537684,1.811241749577581
gene_2806,1.2621839799966579,1.2377950236009676,1.6353765527633206,1.775668469553473
gene_2807,1.265668732317389,1.3730398707991545,1.198711818248395,1.1128768681553747
gene_2808,1.28531353706387,1.2986063315951932,1.194050203271149,1.230666114795044
gene_2809,1.4240100359624106,1.5251927065531359,1.6366661956844035,1.378057875826783
gene_2810,1.2935356119411536,1.905052865825483,1.1506348781718498,1.850109917573595
gene_2811,1.6825421462893695,1.4151461004219392,1.579063089528568,1.2912219466396404
gene_2812,1.3488224057148552,1.259312651692646,1.4309727357566724,2.084938077902856
gene_2813,1.4754210873861777,1.1609345745757849,1.3927230705291278,1.3322139834246174
gene_2814,1.3434838249059375,2.2543723969014073,1.1891972424319894,1.7207206125888006
gene_2815,1.6044409667952644,1.3352338435860063,1.1107591749149015,1.2010350536738514
gene_2816,1.5768877097208456,1.3669258328993832,196.79885288019457,1.3291765602895447
gene_2817,2.3199560191470465,1.6081160505074592,1.4216315182369461,2.2001759387656774
gene_2818,1.1744043589490858,1.209244071167072,1.32611698380649,1.2449197694406047
gene_2819,1.2254538000671578,1.3117133343756053,1.313141316384067,1.106849827989994
gene_2820,1.4374137843083346,1.4831131260881762,1.594173444765371,1.4609380338814641
gene_2821,1.0938485380566707,1.249640935932264,1.2624717629779982,1.2085662314002594
gene_2822,1.3837634634553386,1.2217106629354417,1.172426498968592,1.4069100000723125
gene_2823,1.4865241144584211,1.3253655739736645,1.4856872740529514,1.8517058754081712
gene_2824,1.1337893008030002,1.2037430172338472,1.2594402841813663,1.2609251501582899
gene_2825,1.411826063404615,1.318365788858042,1.3568465618847216,1.4357069978574846
gene_2826,1.2478344469470506,1.377509601891359,1.6581454064167107,1.3922082690857407
gene_2827,1.3119300171125112,1.4266391469996342,1.3059062236016505,1.177125214184451
gene_2828,1.4724967604604753,1.2305643796662922,1.3389894329728016,1.2835664816271213
gene_2829,1.3186978211389675,1.3450614489623183,1.3826975228703,1.632044386800917
gene_2830,1.1415351781303882,1.1808366363542888,1.2995150446628558,1.2903178813973926
gene_2831,1.5116710036735626,1.845457859235976,1.3422821176744566,1.4392488932380323
gene_2832,1.0865544812732106,1.4830837657777198,1.3169921145072043,1.4457987852071204
gene_2833,1.246000373491348,1.1376132100983973,1.3593376933996573,1.0929302109878798
gene_2834,1.2488863827792689,1.403535290632931,1.2556600608157535,1.1746800422937056
gene_2835,1.2092572448975145,1.136091410759242,1.2183006197057245,1.2423108403242797
gene_2836,1.261250390903574,1.2654304759026085,1.2112950500046593,1.1848547727601388
gene_2837,1.2697514822486997,1.5704910517424266,1.3657393677404575,1.3841205120560978
gene_2838,1.248658535809403,1.1488300009128791,1.1131244047367685,1.1852023321653702
gene_2839,1.1627386309836052,1.5626836981974563,1.3322009773030339,1.7929138393110982
gene_2840,1.3683204892719778,1.305053695271845,1.3916096107283122,1.194225571866295
gene_2841,1.3070683971983879,1.4143109159275773,1.2185164082463398,1.3934125706068394
gene_2842,1.6011259219114835,1.5963488348471369,2.0378041338356097,1.5540313989076917
gene_2843,1.377411463099064,2.2548933425653317,2.1068885941607087,1.226949287018498
gene_2844,1.2212490878943616,1.498369770774829,1.2574147054337166,1.347341730737102
gene_2845,1.2195564937276475,1.2977485115506266,1.7266003712804048,1.3377655569057965
gene_2846,1.177597994615232,1.3835844675532825,1.49538431388463,1.5743138845887488
gene_2847,1.3272093049310358,1.2822007733477279,1.3421781852364603,1.2654838607546037
gene_2848,1.5307530548769734,1.4677344473161804,1.5954932962097736,1.2950122911492443
gene_2849,1.310716693934333,1.2681828757205984,1.145950851173447,1.2165107389211598
gene_2850,1.2024372499888814,1.3391680798409442,1.3042766779231212,1.1951483473484452
gene_2851,1.2950625734929895,1.317288107971328,1.2989116560048448,1.1892516396001174
gene_2852,1.307053210869722,1.3953826808088678,1.3338630157934377,1.1792670804892413
gene_2853,1.3964489145833339,1.4468537131083583,1.3310181809852129,1.1720749826223775
gene_2854,1.4870447370539508,1.5784856152377709,1.4268806960808156,1.5670610295769443
gene_2855,1.506231077757669,2.163054817043058,1.840715635138437,2.166171509775088
gene_2856,1.6269013659931675,1.7269186119721731,1.3086575825650737,1.5205375516814135
gene_2857,1.3020931476489084,1.2808145811810943,1.3063551382424123,1.434865396023211
gene_2858,1.2754092687198983,1.4854277565155343,1.5018239675642913,1.6084406258242498
gene_2859,1.1970950378073444,1.215404898280535,1.2361786288053833,1.1679295982479725
gene_2860,1.5224704941103104,1.567234581105011,2.1913276774813113,1.6158491817611376
gene_2861,1.372244927964,1.529194544158317,1.5864738706001447,1.502744280230901
gene_2862,1.2861142612303798,1.2492259390566716,1.9459061019799935,1.2163083406148045
gene_2863,1.1805237295006024,1.2482259541407772,1.4128599822521064,1.2541616248298335
gene_2864,1.4054183758504395,1.6051446872780346,1.4854213972317294,1.5681843253556835
gene_2865,1.620974175133307,1.2768478066192688,1.7101469604392874,1.687649406426347
gene_2866,1.6241438383294478,1.2930237884349367,1.3494412118941872,1.1715430171857624
gene_2867,1.462837201742767,1.3412857342500624,1.2305385540268956,1.1895378414272273
gene_2868,1.3339379771100248,1.2519481058696411,1.2386500130797988,1.1323714422082107
gene_2869,1.3725496709032108,1.3671489891407953,1.3350904901090934,1.1710859296792682
gene_2870,1.4964474896704785,1.744648359083757,1.386676070546001,1.2031030511498066
gene_2871,1.3815688354401123,1.845490618128563,1.8317511331933138,2.1272991405088004
gene_2872,1.1140820225995867,1.1790940309433617,1.2050744127199091,1.2207555277628592
gene_2873,1.4512183229496969,1.8262078193405353,1.3180759642764264,1.5296939034427952
gene_2874,1.265833544795063,1.2510368070168116,1.1952269318331405,1.151338216216689
gene_2875,1.4581361140460751,1.1756523005171216,1.3867858345435964,1.63372085931928
gene_2876,1.872834597202999,1.4362147751110739,1.6861902129432134,2.2597783258127566
gene_2877,1.4226588133019449,1.2749124931477585,1.422564985853006,1.6766306726642446
gene_2878,1.3489441691279511,1.3213048254892916,1.336153258587757,1.570042083952637
gene_2879,1.1503885129944402,1.2553907653435765,1.3661020308616867,1.3344076540126397
gene_2880,1.6764941406881433,1.6424379272408802,1.7460226986346228,1.8091682558935056
gene_2881,1.196875838442482,1.4771470258499606,1.437763449537541,2.135930538679317
gene_2882,1.4984965045144076,1.7095631020836919,2.111954685328755,1.64075330575854
gene_2883,1.2712196688030923,1.2196040029677375,1.196853159651409,1.2388687313973779
gene_2884,1.209767985311627,1.2554401434342894,1.417757111752401,1.1986948454978552
gene_2885,1.2641013096782752,1.2914260959837525,1.2584754495526251,1.4637678983093305
gene_2886,1.1847049595614312,1.5945655761805861,1.1906081239046546,1.2217828391160388
gene_2887,1.2860609550940147,1.207776302129857,1.4198808666432092,1.2492501116827512
gene_2888,1.5931884013795528,1.1768398882154165,1.8843745600288542,1.4609850175840164
gene_2889,1.2488161983414674,1.3127022089706153,1.343817412260429,1.4487338407751573
gene_2890,1.3788303250883047,1.2173189859141214,1.3083279977698155,1.228468406221249
gene_2891,2.1589907010199605,1.7649146154980873,1.8139312453651735,1.9600401365734916
gene_2892,1.4549619243717102,1.166998678558853,1.0705729168472649,1.3073018674433767
gene_2893,1.1766045673470407,1.339504171864065,1.19684902749285,1.134281001602185
gene_2894,1.5420086563222752,1.256401539355154,1.3714150111928451,1.3575980290650556
gene_2895,1.3311796843114174,1.4893861939768969,1.2759856265936351,1.4738486701137532
gene_2896,1.6271789567522472,2.196091852180311,1.363607466280843,1.5006656936965568
gene_2897,1.1833492384852324,1.2775810917895178,1.2154672327261091,1.3147594436763348
gene_2898,1.5173037271676664,1.3270023238788218,1.145060857754025,1.4799607254553404
gene_2899,1.3943779820793831,1.2587737872760085,1.2459996777044016,1.2875357134438705
gene_2900,1.257247823673435,1.2284332658780182,1.149708871763233,1.305852100947977
gene_2901,1.4218449182155324,1.2483542873013114,1.4414729578744097,1.2825543253816454
gene_2902,1.776270809376461,1.4319614019337592,1.3087753247432485,1.856150599183771
gene_2903,1.4281020431239821,1.2647404529845123,1.4704081802868676,1.3266848728944616
gene_2904,1.3023869386611844,1.2660317568745916,1.3628172276107482,1.293260405244126
gene_2905,1.2552964818857164,1.3533300458457116,1.8396067506244327,1.3398866002868255
gene_2906,1.5466370847121422,1.3561956578111916,1.6444331023655867,1.2351274199265139
gene_2907,1.3786418766319624,1.2153498915947094,1.372217135036926,1.359754874761118
gene_2908,1.395105334463337,1.4967921314548773,1.356428701637488,1.7807189689108422
gene_2909,1.123122244949887,1.1180743614828315,1.2893432161142475,1.2143597016406693
gene_2910,1.514536838486178,1.8555677011323741,1.3955445893925573,1.3238951728732447
gene_2911,230.27204316368542,1.6425709982252388,1.337838586639029,2.166814064043033
gene_2912,1.2677338244859815,1.0586162819094505,1.362859805654299,1.3905146314798016
gene_2913,1.5404993196464678,2.2458440473152503,1.3816218079605305,1.5311470396352789
gene_2914,1.306137907007802,1.3035538008274683,1.2365722999341382,1.2410174868242465
gene_2915,1.3080557694042203,1.2871370259814983,1.312316535339339,1.7509367843249504
gene_2916,1.4941903710263509,1.6080225448646661,1.523447165329368,1.3798318947831572
gene_2917,1.1848221134026466,1.1970242264544708,1.4273613825659617,1.1513711528100252
gene_2918,1.6320432733775911,1.3397182763395674,1.266077876113756,2.0309638295552825
gene_2919,1.3426168492138861,1.3029971975261856,1.2393392649533903,1.1973618831156192
gene_2920,1.1900992282341014,1.1387548549511854,1.1314081737638728,1.1027037655170209
gene_2921,1.3302757232342457,1.318531128758684,1.1820377525256278,1.156172714352758
gene_2922,1.3070915026270111,1.2809762448220932,1.3135445701606738,1.1467076121635864
gene_2923,1.2818299305252514,1.4831365770637417,1.1512529584803441,1.378502097726816
gene_2924,1.3330843931581822,1.4966815789177814,1.4815967724115717,1.2173425983392898
gene_2925,1.3049745636968828,1.315783327054042,1.2555156354781543,1.3656772676569626
gene_2926,2.0159637570634663,1.4679340437647124,1.394175431078448,1.469366003248074
gene_2927,1.4364731205521082,1.2889784531635962,1.3533307908888317,1.347912648551682
gene_2928,1.3676512701233285,1.2830851953370144,1.3346487450336242,1.5010042076928791
gene_2929,1.245170622900133,1.2564521682112417,1.4811943330699955,1.4037521791745438
gene_2930,1.2804377876774697,1.2993773931606474,1.1419795351746345,1.2420617968848722
gene_2931,1.6591750290085734,1.4156119827004943,1.768754724037641,1.536183024616405
gene_2932,1.3652658910791704,1.3713094107430213,1.6395065656750971,1.5952060573855424
gene_2933,1.1830734396133598,1.1541334708914348,1.1435793025442342,1.1690237763436133
gene_2934,1.5177073881656558,1.5721503452095809,1.8166857365853315,1.2119609303752183
gene_2935,1.3909508755490387,1.1720003414533509,1.3725983055925555,1.4283203411001044
gene_2936,1.287612072305302,1.2134595032776636,1.2692636431379303,1.2039726791000862
gene_2937,1.2219942370881691,1.2973260483357467,1.4472227333115115,1.3066095137488238
gene_2938,1.3379803783913873,1.194902727797198,1.1227601117266461,1.2937967430925972
gene_2939,1.2987275737463473,1.150109412931308,1.1258682150340509,1.3264638498102
gene_2940,1.2874924974492397,1.2030920048800537,1.2237816463798772,1.2978915420248913
gene_2941,1.327635246977523,1.4920325147900997,1.2512469376296587,1.7078277494667187
gene_2942,1.2937658695056282,1.2849323376313153,1.3345390819885963,1.2551842447924113
gene_2943,1.432045000774669,1.3516931767707219,1.3147709781464552,1.4822882339083958
gene_2944,1.1993740210033863,2.1150488521703417,1.3691479008653082,1.5772749766849827
gene_2945,1.1736624212120468,1.50662347095187,1.3855720318034983,1.1810825468367983
gene_2946,1.1380436523410902,1.2881827320989565,1.4756501002557498,1.2527368311602072
gene_2947,1.245700468319014,1.171246867154493,1.2765047896676323,1.2238544272700396
gene_2948,1.4171339608136961,1.292198341332885,1.3489019920637486,1.351936210627788
gene_2949,1.2380562876330645,1.1447382339343521,1.1556300927093262,1.189966142218607
gene_2950,1.1500614424497713,1.3815675258292348,1.2746785859092422,1.2610957768962867
gene_2951,1.2575871922785458,1.6976226059233994,1.318832855277202,1.279518167707224
gene_2952,1.4804700768947099,1.6182693724531871,1.3271174814584652,1.9923874054071822
gene_2953,1.490497547130132,1.3502151550033885,1.629075067694576,1.9303255776208064
gene_2954,1.6948885418491793,1.4349860250924353,1.774200394259912,1.5917963780015014
gene_2955,1.8588409022287873,1.2705895805384952,1.6838335977062056,2.536844786036712
gene_2956,1.4600009845318411,1.169533386341494,1.1798232800758246,1.1598945097011422
gene_2957,1.2036283888755825,1.3859348284552662,1.4649423128006398,1.457565646639773
gene_2958,1.6442544816382938,1.4450681273021624,1.6187798111179008,1.5753592386706317
gene_2959,1.2726680973551698,1.3864175617660865,1.2580018057599998,1.2703949476302387
gene_2960,1.3378957030074405,1.512311320019423,1.1560383575228839,1.261861471458815
gene_2961,1.2290076755090367,1.2690090843677544,1.2918721340100279,1.4862748217392099
gene_2962,1.1276067789233688,1.1431983763768288,1.14768372204499,1.137715908031606
gene_2963,1.3166118753748344,1.318428241438415,1.3505428644291668,1.1905028887666735
gene_2964,1.2462421757039588,1.211363428226306,1.131438045258353,1.1690377562173342
gene_2965,1.476587643467246,1.4321122318308714,1.2626999590484296,1.3683688404067862
gene_2966,1.2384320804754094,1.1126325166075988,1.2779512959397423,1.3025514314555795
gene_2967,1.4169332513499446,2.12857241725268,1.7619493859313389,1.8256073326283562
gene_2968,1.258020257620221,1.3874639823295092,1.2578440416588947,1.3101657985631654
gene_2969,1.1830932209965577,1.161281978460566,1.1908802051707867,1.203874109040552
gene_2970,1.3485719118887798,1.5497462304837375,1.2536269242750828,1.545758060937175
gene_2971,1.911260032837195,1.4579466301263997,1.3787659706897275,226.42985003707506
gene_2972,1.3956634157568288,1.6584300802060494,1.6987287671268574,2.514813917678476
gene_2973,1.3517149249120441,1.628746507328961,1.3956561309245483,1.3378383070405726
gene_2974,1.4912867971247912,1.2519161249855564,2.2080174138449262,1.3941199171295235
gene_2975,2.084989100251423,1.3834315697905937,1.3300587168710267,1.5094177345240336
gene_2976,1.1449132195885046,1.325446000458119,1.2157402650613047,1.3062151240104658
gene_2977,1.1207656104400454,1.4332134243967238,1.504356102517043,1.2383976994477344
gene_2978,1.277241337784654,1.6254527507215084,1.5306362871014585,1.657227128557832
gene_2979,1.6229237538640577,1.2520010113295064,1.384018515755855,1.2962147051460065
gene_2980,1.8250746196149255,1.6611100862104653,1.5178571026760665,1.2721619929211734
gene_2981,1.5701405882292419,1.3997283563114091,1.6225732086374516,1.433879122090098
gene_2982,1.4001914830905944,1.162248847750691,1.5905868387959436,1.3374458517847003
gene_2983,1.2755834230898817,1.4891868435197007,1.2675045040154527,1.4555442431126473
gene_2984,1.1978276969942196,1.2193788476798775,1.5085930087798778,1.3068166832042483
gene_2985,1.4360847055083195,1.4947376082622217,1.1819487918892222,1.9854277046253903
gene_2986,1.4746513018453933,1.472412192829008,1.530524673225344,1.6587534025017727
gene_2987,1.3426887183731744,1.4021473135201863,1.139600323437873,1.3100596231860293
gene_2988,1.4614348880026768,1.9508592523713613,1.6382235651671413,1.371154084964103
gene_2989,1.5494985668417145,1.5122223467133995,1.3098471742732305,1.3486882918642886
gene_2990,2.0841075944151544,1.3256583248466411,1.427801340433226,1.1988194576889826
gene_2991,1.3672604442017386,1.6466290895588633,1.562494886406388,1.4474410008499672
gene_2992,1.2375053530217262,1.313782950878608,1.4234083822179864,1.2462955451245104
gene_2993,1.176014796576358,1.2339222813184938,1.3582427422376422,1.215073328650335
gene_2994,1.9978456520685053,1.526651722100748,1.243790459669664,1.564707706047094
gene_2995,1.4820364603131957,1.1629435895911706,1.2988555112178963,1.6482024028588629
gene_2996,1.4451435543237416,1.2523776984129513,1.2615643093034687,1.4818341205990277
gene_2997,1.428379268175298,1.1474259551611783,1.6482428294492164,1.5456145824204641
gene_2998,1.5754678803167106,1.5549564062369208,1.9059772293181658,1.3401811973421829
gene_2999,1.308301863015659,1.2137594080313947,1.1766464308195212,1.1802979058754723
