,StrainA:CT1,StrainA:CT2,StrainA:CT3,StrainA:CT4,StrainB:CT1,StrainB:CT2,StrainB:CT3,StrainB:CT4
gene_0,1.1869235134889147,1.3739368828147611,1.3996495742580541,1.4809831690022646,1.1940440070482663,2.8104533372179006,1.6287229550452025,1.5175100558281869
gene_1,1.097016552651237,1.3464824455114859,1.38424454569684,1.1239946518221255,1.1384698967787692,1.553640836589201,1.304251677343926,1.4596996809097358
gene_2,1.1125954974051826,1.3060945361925822,1.9545828247933836,2.1463973190594285,1.2045978154503503,1.710850791394749,1.2672847326271062,1.3407177726852437
gene_3,1.0692174034951771,1.5596374021474935,1.3883998665180666,1.2926750102872913,1.0627030974067293,1.634229636530955,1.5447947732650966,1.1444459565809095
gene_4,1.2227302473478008,1.1905957783181467,1.8157035292851786,1.339565063583482,1.1308013545320497,1.5972682794399833,1.6011780373890205,1.461438280325678
gene_5,1.1291335794834905,1.448216437540593,1.5153318102885451,1.2328129458489463,1.1240349966437204,1.4116130734648236,1.587156904077267,1.6807571506759413
gene_6,1.1331310738833331,6175.148954684442,1.6714141763218942,1.4770964403849234,1.1443059155716535,1.3209948946685663,1.3990592518824294,1.1841995765606448
gene_7,1.1418443516021188,1.809015997168298,1.2291566050773979,1.55218658793131,1.108376680707547,1.356760080911972,1.1592979036532203,1.956167651686969
gene_8,1.203835485826387,2.2406188448491613,1.7557194362806332,1.4043463973725747,1.2009348314481283,1.346827542034546,1.2308748546457327,1.4364684706957156
gene_9,1.1140294037496614,1.1483682921062222,1.6407714838238032,1.9293407109135166,1.1531179082964718,1.3604355009132105,1.3518306643045004,1.3707790673538185
gene_10,1.2201137774665878,1.9877384567655407,1.5017863312759239,2.2511925793111414,1.1720600352711072,1.6973916016669808,1.4291706196467215,1.3452772585145967
gene_11,1.2043589625779345,1.351868727880453,1.5479434383901969,1.4804024631565784,1.216412651866802,1.9259676896204412,1.4272421716110741,1.432033232391553
gene_12,1.18089283732753,1.356722565159832,1.7793319179002653,1.9173676504132555,1.1451776579640898,1.4045091554222902,1.9760411588646727,1.5748978003931229
gene_13,1.2372846603002614,1.3008378040981516,1.236548157423099,1.8583431204335887,1.184087676496228,1.3730373235350868,2.307213707877466,1.7742135644511723
gene_14,1.137172598387277,1.3639479136128532,1.2870297775813864,2.293910565626325,1.1266839767299568,1.4165645653174275,2.5677912204624525,1.9804360825372354
gene_15,1.1930631143169304,1.311208837329221,1.790374828101481,1.5507193504751726,1.2294304858032912,1.3402604607439077,1.869619594779403,3.4294263725942717
gene_16,1.303559045753935,2.5478799842237976,1.2204952110354184,1.3346251875295359,1.1742605355545626,1.6455434985419088,1.354908232615465,1.5079489979440341
gene_17,1.171349346591163,1.7576780574108788,2.1638413862982904,1.2816416322443573,1.084370099826894,1.427378658234066,1.3056213637865897,1.5350589585306094
gene_18,1.135147310783846,1.6617305670311664,2.24426246825591,1.1514949310436189,1.079315695494312,1.4931652261689483,1.2432805173598258,1.5781124106109738
gene_19,1.1696084080590063,1.1338942991883785,2.3469078206174525,1.361424915602863,1.1875154188378334,1.3997676014001357,1.2904993972560785,1.3249315911544066
gene_20,1.2012290737518072,1.3857281200445783,1.544545637763833,1.2151834297504909,1.132200325011281,1.6267098286314552,1.487248768202166,1.6955540169072347
gene_21,1.192693450827943,1.531672273362092,2.122768694036148,1.3643611538160145,1.2246008137747049,1.628953567907129,1.499662302838524,1.8930461562457601
gene_22,1.1450162111738036,1.2605560443036108,1.831536468098403,2.28822931770959,1.1212797290681102,1.381903175256684,1.5984212912454392,1.6690502969082857
gene_23,1.1573366196168828,1.2104939655708262,1.4952198778661665,1.481681511974974,1.1973331063861234,1.288746515702522,1.548830611729725,1.4221761730507612
gene_24,1.1346562341540658,1.5297430784574757,3.1764477311240813,1.6397738382752647,1.1670691862714577,3.131004606333532,1.3067753845055072,1.4453496826511134
gene_25,1.1375825087846174,3.5904767463705247,1.8585662988783045,1.3925850400203057,1.140583542297531,1.143348612280104,2.1248024283487292,2.0877060848351374
gene_26,1.2051524982911808,2.209071651128522,1.7873169673666378,1.7133217035972161,1.1649340929506904,1.281935411068126,1.7322232238841382,2.0012627267653063
gene_27,1.2426576493737274,1.3287348461800603,3.2082018146795206,2.103012031720484,1.2266307252480417,2.1624831133813895,1.6129113587247847,1.9538687854771153
gene_28,1.150947829659529,1.5549591416665456,1.3243112516962803,1.8307447063913214,1.139156136699707,1.2955911530338449,3.186190136141343,1.8131643227852794
gene_29,1.0857576968460405,2.0636596266675853,2.3121530614494126,1.3399874914921526,1.1326984132874651,1.1749746579663622,1.219836296944154,1.7919777277256181
gene_30,1.1889432764407646,1.6580389992550353,3.0056459947657177,1.4781879233269881,1.163452760181131,1.3031634968531283,2.0940238677141982,1.3662883578483997
gene_31,1.0922221976028363,1.2745364858489467,1.5476297804381929,1.9374252258103701,1.1253893192954354,1.634942606073005,2.192824655505656,1.2437740190497146
gene_32,1.1641841067479375,1.7400775018529084,1.91849210940998,1.719542128330498,1.2490451244137608,1.4455128641389414,2.3271147130265843,1.5227438621157048
gene_33,1.1733973029243991,1.7693944941070614,1.4791583576442748,2.5396762496657503,1.144477948400842,2.9053684292030257,1.2217488603767157,1.2539630353132893
gene_34,1.157708542253104,1.364207212212183,1.8261226557341337,1.109945283126207,1.1324044769760515,1.8084434785307844,1.5212328765611354,1.7178731595345496
gene_35,1.1052016856689257,1.95180781709739,2.330679179250174,1.4153350335314778,1.1428730915444296,1.2994889829934464,2.1068574707876038,1.5040490102751969
gene_36,1.1799741705058036,2.5705976596749065,1.7162405375377348,1.194635594739792,1.1710931519031782,1.6328540989104028,1.6487595150342238,1.6327286486974264
gene_37,1.170628513825958,1.689097353777367,2.1829309692258665,1.4645636688962387,1.2271661968352332,1.8853280419659608,1.2905997491966466,1.285974294947858
gene_38,1.1254824298647046,1.7897664051560493,1.4375407754276062,2.2214439492617797,1.166461104374665,1.8452646220667068,1.9332110942561604,1.490306512175328
gene_39,1.1464460974091093,1.3190160707797245,2.692673747491013,1.6343229849092504,1.2405746724719413,1.5430730777856143,1.5159324493830422,1.3107647139913483
gene_40,1.1591290267255097,2.329095301212262,1.3282663207913354,2.393713312897528,1.1678280635296603,7249.076786763728,5145.120614315423,1.3824059011313916
gene_41,1.183489299034927,1.3555457039851997,1.8920041401240935,2.4363918678605603,1.232062215569036,1.7297820439212277,1.4833150840794835,1.216099595679297
gene_42,1.1324417127692215,1.3303381797166236,1.7796987400170676,1.269628097625683,1.1680589571164037,2.060564637079727,1.466159205705597,1.652768520460586
gene_43,1.241429810225735,1.5074765429530927,1.396257350497904,3.508425746545675,1.1260442929876393,1.979151989474396,1.8134095296074264,1.8983989503828034
gene_44,1.152810162638354,1.7556347725740256,2.0060696598843974,1.3304805373128816,1.0702987135838549,1.3347896834577113,1.0868898212557845,1.713756334755735
gene_45,1.0973823890634544,3.322591253356407,2.1208125796053476,1.2475255671927603,1.1209781070442937,1.4377487112586806,2.473065730277453,2.3231193690630443
gene_46,1.4097386590081062,1.3170078331749573,2.4922813733806732,2.1814950981626087,1.2788466641799057,1.5595971093384386,3.4527975985339014,1.9408049587424032
gene_47,1.0750237483953864,1.353049113892026,1.4122772063788998,1.6265668822328812,1.0958070590101823,1.233961890553518,1.3815760713246967,1.316060686284277
gene_48,1.1330689452936746,2.6001194695791447,1.8951916388963284,1.580937763652632,1.1359691734985717,1.3910100723354182,2.2247041429712655,2.37624682636753
gene_49,1.0922661245789365,1.1586038183306961,1.9835455011113985,1.430571237615625,1.1017658248929725,1.6756637489516915,1.3456038113872515,1.402841801107964
gene_50,1.1411358844296762,1.4205159044714286,1.3922407765000206,3.0310779369324026,1.259331934775699,1.6740709578253536,2.2016407395265816,7705.011547630099
gene_51,1.0928976132658856,1.9494308687710278,1.4748145332251053,1.8325388237817526,1.1651255584015954,1.2468225559773825,1.4117340378514707,2.1793219586980825
gene_52,1.1119407090125817,2.0415468461363937,1.252784442718034,1.2633586566431811,1.170329279904076,2.3368654576213803,1.351604021503355,1.3261547920974468
gene_53,1.1665048673594638,1.5350335412371443,2.1174400658999732,1.4441948248540175,1.2178537449912283,1.5242863038540497,1.6232703843779277,1.5050889315520861
gene_54,1.091981774265373,1.501102529834659,2.1564348006568075,2.054890923189086,1.0597680863459742,1.6391426218560794,1.1302800596296059,1.3004409604488143
gene_55,1.125218067125803,1.9488358238664958,3.2831552899375964,1.3796780562535318,1.1553789451729137,1.2210337463968026,2.0416974717618603,2.8722225180150254
gene_56,1.1950172613155088,1.6438676782085462,2.011371221447749,1.608497574396515,1.2593886242085728,1.5871669520636782,1.9902414574615956,1.239162816696526
gene_57,1.173223498493152,1.4990005785344915,1.6032773717131428,1.3079220680356702,1.1767239480825584,1.509431664748398,1.5741513704943413,1.3317835289506716
gene_58,1.1044146497337082,1.3321612109772694,1.5571900173738147,1.143529519055962,1.1349957792885932,1.349394122547854,1.9029860763202433,2.5588461565193965
gene_59,1.1733994769280502,2.465106963645364,1.2971232057473747,1.8147351809911718,1.1469018326083897,1.8215399074743648,1.2621442997195147,1.2530470236819191
gene_60,1.0772695699289367,1.58526926417469,1.2189583831003978,1.1692884225927476,1.0848597496088694,1.278117934057685,1.5006622744942844,1.51693814826399
gene_61,1.1936480018038265,1.4564668251873956,1.5256650315397604,1.6328174806937923,1.1627838479302013,1.2983220961862336,2.134095262395034,1.8239132371699307
gene_62,1.141843374641966,2.9318621387614114,1.9947575663252721,2.1854786580997394,1.1731010904969,1.5206151164213817,1.558229575009618,1.5440914515787842
gene_63,1.137724735788956,1.2340939058721667,1.4074843481944612,1.2048363071809738,1.167822060239267,1.104653837659751,1.8678844755602588,1.3617918491464602
gene_64,1.1540862676560073,2.0018872233046574,1.5739439461582048,1.7515377804891625,1.1615683733655908,1.6959321086953816,1.367014603072666,1.7551356900260022
gene_65,1.1255144799983472,2.0058470386371727,1.281100004811243,2.1176690928593866,1.147319727080228,1.7611991834694836,1.130722075528526,3.737529334111001
gene_66,1.1016694871732249,1.3373446314190518,1.6787432456392448,1.6350387663181152,1.0870055306571367,1.29026520345661,2.1628578143856667,1.3541379657684804
gene_67,1.0963688827189384,3.2766297382325793,2.754995808526626,1.7352001458103046,1.1528308108409808,1.2791044661853703,1.3568355564544277,1.5047300030157853
gene_68,1.1665467833027494,1.7134629721548424,1.4989630636781093,2.3788953416136884,1.2004756435183386,2.020229649749969,1.45404333365525,1.6001842010268146
gene_69,1.1509230331489033,3.0021662249197343,1.8324239981643273,1.9487559716739677,1.2603506063876506,3.0257089232585233,1.2338383237196888,1.7315534361798353
gene_70,1.1356100036516559,1.8978278719265576,1.6094688542576092,1.5915587268104465,1.1399002252033383,1.2014948918684152,1.1647504896691812,1.4079592081294239
gene_71,1.1097492932415611,1.4129161161047825,2.3172432980862463,1.288984374764931,1.1395911014494093,1.1377758951397003,1.745136774603288,1.4302027730228062
gene_72,1.1408813129371969,1.689432002485213,1.8740318031226453,1.4479790923240623,1.1314720805049443,2.338695074989393,1.1954679790147067,1.723418332833665
gene_73,1.1439584310165913,1.9681081542704557,1.4795596968516491,2.026305939603115,1.1668298455820916,1.373222376533015,1.3833260099514033,1.351309347030997
gene_74,1.1364079530642657,1.4150583008448787,1.9175504743020055,1.5273625163886166,1.130216463464848,1.173836799757922,1.3009688015387948,1.390903164672484
gene_75,1.151525191643421,1.4700262731947609,1.6695841312537558,1.9936677594806897,1.2016745824396906,1.9476920632440304,1.1695586435354346,1.756357200628911
gene_76,1.1637592758812165,1.9506903331120948,1.2215547900371932,1.162526321758843,1.1640373495827243,1.84458196722533,1.2198109021669359,1.1744915971907492
gene_77,1.1028966824320268,1.1128768779925964,1.231185534071017,1.267191735980876,1.1322047404970697,1.2440614812920106,1.5517005719107624,1.6942635099478118
gene_78,1.1068410049524318,1.556940723411081,1.6516676086089443,3.1714392773466926,1.1654207614124024,1.4665798327559936,1.3456783427604542,1.4835997026350833
gene_79,1.2012531681126954,2.2967143648841994,1.7131094796437247,1.3566217439412975,1.1780760077471382,1.7829668504114544,1.4761976914118682,1.848981728109924
gene_80,1.1328229170294737,1.4188108093352432,1.6072497548398714,2.156490742598687,1.1276033029017292,1.847059477542028,1.4226223983970485,1.4997862856344544
gene_81,1.2367716789804921,1.3087100207960527,1.7932369404956805,1.8631372439608052,1.130712728441417,2.2086433810147454,1.461109413849442,2.0159395118784493
gene_82,1.1441912929114568,1.9621176932881907,1.7962596367386845,1.428262145166438,1.1157260491728085,1.0647182183314519,1.18568845949656,1.5601001090862103
gene_83,1.1215734614138924,2.2270462637336994,1.409854231810256,1.7008995710084138,1.1618525306318859,4.025147717637198,1.7311694063670835,1.5359296770186959
gene_84,1.161856760388365,1.2514223784858471,1.8872295698664014,1.1862920840149078,1.1045671254886258,1.3030955784620581,5383.41645425114,1.4349173596030458
gene_85,1.1808817024354061,2.395633769016437,1.485835705700688,6371.122130258415,1.10609812027971,2.2719370430133443,2.8509403913725575,2.0461534383617486
gene_86,1.196949407460142,1.3180604437370627,1.4152538867047966,1.512149563683911,1.1857803990898805,1.1435406883580768,1.6219164866455917,1.5130196156886726
gene_87,1.102727020122017,1.6313116567809613,1.2185888463160823,1.6715347499231266,1.0586931026885547,1.757001989191598,2.251007229468815,1.3448856268045115
gene_88,1.2015541595890455,1.356484013273616,5183.017071961733,1.7974200972596808,1.2891384100961365,5613.193873140993,2.645449214099332,1.8566500837201714
gene_89,1.110251392658825,1.3316101566042096,1.6047433769455934,1.7210817663227047,1.1456450879080178,3.4864754841149206,1.2879685104080965,1.925050370066833
gene_90,1.092552110641149,3.633009042851252,1.3740218284185253,1.8093924102616226,1.1583642302500632,1.6995872964343026,1.5338961036728327,2.4893664990416
gene_91,1.0573548226243337,1.6857548839268206,1.3951469639327636,1.4927278892492077,1.072768585109595,1.339626924332808,1.5841571238401022,1.502922156607589
gene_92,1.2296601874516857,1.6510976407514537,1.175952863894919,1.4310906571780044,1.1632410272181508,1.4968386669822125,1.7387544759921052,1.2986791635809303
gene_93,1.2047708243849502,1.5232928572958897,1.5462490316276127,1.5333946624564814,1.1900696209178403,1.787883827466488,1.8519930865600722,1.3535064920581026
gene_94,1.1080928894906044,1.2531079242386383,1.449057184090345,1.4987049741444332,1.1208720251451003,1.1847424188034128,1.5128729520122697,1.728844575663682
gene_95,1.1457611523533624,1.6155488479691458,1.3412646110057835,2.336399066483175,1.1154138153112547,1.8282953300918292,1.5272738359412883,1.8983934664166968
gene_96,1.1701730468738378,1.368106136284971,1.7685399794691372,1.1009722490150438,1.1283452308658564,1.7171201464901265,1.208244894839333,1.4449135416329337
gene_97,1.2524382728181527,2.3192050199230914,1.2447682453580384,1.3263510898754256,1.1841668473727878,1.3856957585937757,3.2661200292409354,2.8549264384030812
gene_98,1.1830757292232403,1.3803795981294116,1.5382645103616568,1.8901475199495708,1.1497362137450184,1.7485691043479523,1.4940965112682896,3.1734530668881034
gene_99,1.1224707208062916,1.4302531296759062,1.3760733403538308,1.5023083432633244,1.127865931784861,3.641005018717308,1.6025988596697314,2.3185642762326366
gene_100,1.0999767526634592,1.5936022833824472,1.2681948606734985,1.6560661718650924,1.1593178327172229,1.2626993347391677,2.031680076801002,3.7555745729583605
gene_101,1.2057145689348554,1.2387269331176238,2.816299800841695,1.4625577864162869,1.1580794214030101,3.0162698403532153,1.6696162937220191,1.9175000685719004
gene_102,1.1542634720611993,1.7890563953463277,1.3182208208707287,1.1774481387397695,1.1694615863255406,1.7621260979259603,1.4262526668243418,1.4500878656926746
gene_103,1.2129720824719568,1.469517251691352,1.8483413206265291,1.4634888658690266,1.2045060965703178,1.3870640015237776,1.8323310936557318,3.1288284670656847
gene_104,1.0800426329042638,1.2086187189401048,1.5627289701476024,1.2195251016648956,1.0975642492068558,1.4786582240179906,1.1194204644805021,1.51051685659699
gene_105,1.074337711092204,1.1580340055055844,1.1193854174594977,7230.8081405575995,1.185275146509084,1.910525504053649,5216.178132785609,1.8047286926636672
gene_106,1.1402655830659765,2.4833369524666034,1.3603441113421952,1.2376565007112847,1.1267295013880594,2.1233254511572124,1.0935357702236834,1.5770673981284549
gene_107,1.184880392560208,1.4837234519278977,1.5914526012965815,1.3879294944590062,1.1195888078927267,1.7859665179990674,1.6367713420162313,1.6908308169716266
gene_108,1.1697853736958155,2.018006766764219,1.1680818209410624,3.1007555816796257,1.2086122365124186,1.5444809897089826,1.5527938329357582,1.8079200881149717
gene_109,1.234072343435406,1.734470064155273,1.2511965537023924,1.7209931292415674,1.290198271021685,2.804568065655129,3.828444153022408,1.8892291562722032
gene_110,1.103608070370603,1.4947812345550253,1.8699980965644187,1.611671326512534,1.1265772471834674,1.331870329386782,2.140272366493721,1.4030999798535455
gene_111,1.2247323340910465,1.3039152778958618,5477.0726064714245,1.949111659287723,1.2166667092304282,2.495529231182032,1.350359892815289,2.332088619083119
gene_112,1.1992670638985976,1.3701096013596232,1.2927570558557964,1.4296953334959244,1.1479876183145823,1.556959190227695,1.631996335241061,1.5787947818033605
gene_113,1.1029197893882947,1.525161903264014,1.3347438991519598,1.6533047742911549,1.2785259539131826,2.3060180686015053,2.368354734655596,1.485091988399883
gene_114,1.1397521209226245,1.4083802409780966,3.0748436780838455,1.8602511732126836,1.236903064656256,1.62599429500481,1.3682626417849266,1.3427495983965776
gene_115,1.2045194732185982,1.1704110432902175,1.440116928624241,1.5547393033175567,1.1862435913976717,1.3406153357680182,1.3417248668649246,1.4405032300620892
gene_116,1.0994860120711478,1.3791124580000111,1.0814459686529982,1.4262139347117473,1.2005040599023353,2.1034126291779867,1.5648117679888276,1.7854862154550528
gene_117,1.1342325375194355,1.5555512854245548,1.3651779537061444,1.3824942450439954,1.10630665616632,1.4114885717504466,1.8088228514721443,1.1391122668242883
gene_118,1.2068194290592469,1.7717789394838646,1.4103189916323833,1.9535298661531668,1.1413954924804737,1.355112922919756,1.2371499881419834,1.7861340046610854
gene_119,1.0782643897575144,1.3333402068625841,1.6081290581538206,1.238146212839394,1.1044999202790307,1.4168934819489742,1.8091433158225894,1.3120364984146855
gene_120,1.2380187505855933,1.226224986754628,1.440279568166863,1.3886128833181508,1.1777414049113062,2.26293247395317,1.663612275411604,1.2827483546039808
gene_121,1.1772527711769205,1.554354469052406,1.8762985983424192,1.2641786232620702,1.1418454488457848,1.5340616179622635,1.3637311508547978,1.2550654659765494
gene_122,1.1198954541620305,6285.260111486423,1.8543736825741584,2.1504170313786153,1.19539362053465,2.287177598211774,1.9200006431016714,2.3219117727199765
gene_123,1.1239352931977984,1.163799813017057,1.1995467600811898,1.8261595985287595,1.1460108561285802,1.1504392931946197,1.4484438550824947,1.448808850770904
gene_124,1.0930015131151407,1.7990984434621526,1.8800584810288312,1.1978548833262355,1.100273889571692,1.3936151112165411,1.6090706622333906,1.2334012456518582
gene_125,1.1330760375317153,1.4405082756297345,1.4179765186121678,1.4006497154549482,1.1022159722838092,1.220399800499474,1.268755902049932,1.4492319464317507
gene_126,1.1104728732441347,1.4463763764343196,1.6166529581733053,1.386342478264201,1.0609952588196,2.8586944016414213,1.3829176490213133,1.4703038252118406
gene_127,1.1461003808732007,1.664710402764814,1.5520449790351747,1.6977264074033322,1.2273062665734247,1.1661180014146741,1.8191278819360421,1.6156769661385249
gene_128,1.1372862070194165,1.8754970786468128,1.4406841779507673,1.5401645937585569,1.1358326868298758,1.5946724534142638,1.6955775602903898,1.4854516720917912
gene_129,1.1463035139231252,1.2965339187622498,1.245000290435792,1.4177926333775002,1.1257479453025876,1.8978110943219675,1.3309249042783937,1.4619140941290198
gene_130,1.1521228509643815,1.2825877333721798,1.6650583939026344,1.1020688338268976,1.1636235029003619,1.2650945388859363,1.669448014901055,1.8854494849837666
gene_131,1.113187941687746,1.2180960390354878,1.4820502650024656,2.3001998462419695,1.1352425476206083,1.1813504051013017,1.5097641573822191,1.5364866145198524
gene_132,1.1827336684047038,1.521363362293473,2.0289375535423964,1.1950068518655526,1.2088590347331027,1.3588527803615063,2.487205094041462,1.2083521135207982
gene_133,1.1730101516617166,1.433043880318963,1.1462348906720947,1.4552727616915107,1.162524408615002,1.1890209520534794,1.9909088249200932,3.0714746787341993
gene_134,1.1427724778185093,1.7454796187353403,1.805729152392858,1.5760562607465562,1.1203281685249293,1.8666982815984665,1.1344376070920734,1.5166401296752319
gene_135,1.2050340595253937,1.90596960337367,1.3271987479432663,1.116414763350042,1.153860698621742,1.4284522265634108,2.171500751059651,3.202813350186511
gene_136,1.1297159928033977,1.5849358920950536,1.2769113686692648,1.4736301486241778,1.1193773421978597,2.3932210605107667,1.6212071391296015,1.264700558067058
gene_137,1.142593538516486,1.2818977964423546,1.649509593601571,1.3489595890952815,1.1851790408131029,1.2600070817695237,1.9672835450010264,1.845296616251806
gene_138,1.2486066410707057,1.5720481968493925,3.269957202101153,2.7985868042268827,1.27384991260661,1.661464958083639,3.226786565699174,1.3406162173508824
gene_139,1.091313871509605,2.4672444191829843,2.853906388748452,1.452841195038539,1.158186017851571,2.4100884432063667,3.186748827651425,1.4125544279716657
gene_140,1.100322724734282,1.591191762171568,1.3610556485171006,1.7347606188051723,1.138231363603868,1.3723960998871838,2.946044945035009,1.2328301740979888
gene_141,1.1060355900275616,1.2423783268548123,1.3728593151768549,1.2730941397691327,1.1329654184774969,1.299508702251331,1.563667515374036,1.4873814635623175
gene_142,1.2173683223947034,1.7211066146128793,1.5666463708428828,1.336515137289346,1.2197449598424683,2.4083941751915012,2.9791648402455935,2.8296451746498112
gene_143,1.17126166755602,1.7627647545530807,1.7547891314638873,1.2850691085586838,1.1385245191598905,1.3991298357822524,1.5577800898440028,1.409987666421896
gene_144,1.1131329999392252,1.243997672289605,1.3385691259146422,1.7966568057212382,1.224236510807131,1.4811653457539757,2.4183646450026264,1.8448952997981187
gene_145,1.140332317191502,1.2765265799196535,2.54391461304783,1.6701251719563475,1.1368483935949556,1.6731587479337324,1.9504833468649,2.8068449572499485
gene_146,1.1811408933439023,2.1239298734253476,2.1311122530161537,1.4752292197594143,1.3061960804544075,1.6356883120435903,1.6120293028016568,1.4764219167113137
gene_147,1.160780429148814,1.4659410221866314,1.3960062391375394,2.990752675025444,1.139641323484541,7470.992058530419,1.3241475143463277,1.5391290293205262
gene_148,1.1519162137797823,2.0613152067749585,1.2156904289460986,1.6003824610996147,1.0914106964668648,1.8335354652079792,1.8836558745984582,1.8521512524296924
gene_149,1.0861089108466186,1.4793098824369684,1.3264657795553385,1.506788236288624,1.1227999108270812,1.3912143557667973,1.2774868919947417,1.4507428701254514
gene_150,1.1024657361008479,1.183179037449746,2.137308520827821,1.8228067642987884,1.1557171576872625,1.2488238206596924,1.3804620441960602,1.152167093574194
gene_151,1.110971932401358,1.308228645969789,1.5346192046516764,1.7495172948139268,1.129686870451605,1.216701124158295,1.1746848952801978,1.7083726748023176
gene_152,1.1424349966292553,1.4519036870891253,1.1850689804133623,3.599231207906686,1.1616272339782625,1.638222001834265,3.9492729722106557,1.2270526085932338
gene_153,1.0954650555255243,1.1868927429311091,1.9886918689926405,1.536687611672529,1.3569036918917303,1.9559028730187276,1.8850052586517878,2.2739020802390466
gene_154,1.149419477806709,1.8042141079116039,1.344653175917012,1.478730271904277,1.143521585270778,1.9765785728590903,2.52313312365241,1.5835810420291783
gene_155,1.0912605785807818,1.7031194611724985,2.0992867356948963,2.104211851851456,1.1288919212203785,1.4162529700859223,2.1246665709769625,1.8803466017888475
gene_156,1.1290308351701597,1.1950862114229617,1.4771224263400626,2.1400445208146026,1.1228608685989578,1.7223793648620165,1.4287507134604576,1.5199660804728143
gene_157,1.1375800321693537,2.1633690793187292,1.7598642858208104,1.4908697339893022,1.1156494476724041,1.1874829402229008,1.4939391873376608,1.696099926383582
gene_158,1.1482724846289067,1.4044121489566403,1.4864781270411178,1.6635086465440594,1.1616505402834814,6432.680781497308,1.4547015628466187,1.763806617862748
gene_159,1.150522754990164,1.7470056757613728,1.6111070783089474,1.740353980446119,1.1060664062856773,1.2460002465276847,1.3711493021854058,1.2098190579574783
gene_160,1.0868893174816627,2.029889633397865,1.351655775503521,1.3718728013529513,1.0610115162336566,1.3133206981895462,7244.734058098005,1.3573686837743644
gene_161,1.1222255514007553,1.983433590575933,1.3799837170621938,1.511982615256244,1.189582252623237,1.3916932270847506,1.440105140206095,1.484912552903718
gene_162,1.1378226859212026,2.00521685224474,2.0051905965677363,1.7163049155513412,1.0562735465550124,1.5952993807063305,1.2402610044520301,2.3411770450424783
gene_163,1.235443372673871,1.8773366191917331,1.7563611639533026,1.7923761588553528,1.2031264585146728,1.5967154264100825,1.167375691240671,1.3865601191199097
gene_164,1.0919931584379838,1.403892116818352,2.0328168682426893,1.184098520426952,1.0837927034299482,3.5024508246609143,1.6809265143982417,1.3124154403670343
gene_165,1.137483233447744,1.5765981660263495,1.987245863784684,1.4795460590728475,1.0937107540660551,2.469032292460405,1.1905859078803294,2.120982242325314
gene_166,1.1234684412964946,6881.901608058741,1.713110324087579,1.6515026776049189,1.153387447550102,1.304106716030071,1.612988488097431,1.468516679512728
gene_167,1.1244895626493718,1.33269592501847,1.5417787393733413,1.6099791167077675,1.1340278731890934,1.5452150415018486,1.8644452911317546,1.5207267002671216
gene_168,1.136496980448032,1.2184175427910642,2.3275927417354527,1.5093988452273652,1.1558647937540534,1.434939927889976,1.3092111596581741,1.707949525644687
gene_169,1.1132113713105019,1.312775129814004,1.5730692323712392,1.4291540431596361,1.1268951198071486,1.3084984519584522,1.8359409374283224,1.5929721288744334
gene_170,1.1294261297130122,1.4351900643881856,1.4146963493036586,1.5617136786398897,1.1462390281998924,1.6586109235323223,1.3511711994598306,1.6277022816171218
gene_171,1.1308704882527842,1.4357678699633107,1.6955943979351487,1.9617214425997112,1.0584759848404568,1.8085176301716077,1.8909598858859336,1.4526172750830384
gene_172,1.3210053407817661,1.777043603554571,1.6607074660709762,2.166977698544264,1.2254526651278812,1.24384793578362,2.152853028647993,1.513039190276096
gene_173,1.1543973109827377,1.4367551251606148,1.1518684612254584,1.2369488667551474,1.1598039718359094,1.8871073307585107,1.193013123990446,1.3609233853395164
gene_174,1.1344420412922016,1.7768112979836834,1.5060853415893865,1.5089657560158747,1.175595274616242,1.596994900927787,1.5639730716928661,1.3518115317601578
gene_175,1.0977545496587962,1.2368321491117436,1.2912850238276739,1.4780040937457979,1.1514323459804545,1.4857549166859376,2.064555518630818,1.4779691693748909
gene_176,1.1595299613827148,1.179493145238844,1.454837674514253,1.2314457718213787,1.1425769882519126,1.1866718540725407,1.3421449272189554,1.680659495359202
gene_177,1.1661877295787668,1.6933821184349191,1.2024695356278015,1.8346552882026796,1.141146675425158,1.8019545418320473,1.3775934124767006,1.7657997082175532
gene_178,1.3228637119581514,1.3719769057229179,2.1540356893669435,1.3876736563072298,1.1890428772638046,1.3287278077419196,1.9218155011331326,1.53401907706431
gene_179,1.1893111294734329,1.4074986266001357,1.7858438192550152,1.258844480576834,1.1272222114217432,1.7261911854452519,2.732708054325996,2.1301746189398276
gene_180,1.16211621060861,1.3420635470752595,1.3814683601467836,1.3307113050410335,1.1291189533001174,1.5490782416421243,1.9817191927492261,1.6767492163432935
gene_181,1.1490467448779975,1.403057472137307,1.4485915572504322,2.971390890073943,1.15620811332596,1.3385870529717572,1.322599605901262,1.8792450238072584
gene_182,1.1471408847787297,1.3769504280021585,1.3664841677847148,2.4243637235499427,1.0712203101593796,1.2622269502481807,1.5436403705225288,1.3626373309548128
gene_183,1.1577046356432028,1.178808427392397,1.3202128392478767,2.350083743267406,1.1286485284924797,1.1903368192916102,1.754198232775518,1.864328427086055
gene_184,1.163009994723822,1.5816734960240526,1.4142762789656675,2.0843294849711125,1.1681379668253802,1.2756478406491722,1.2762691128474635,1.9663696917882716
gene_185,1.0691926723527174,1.8632897778908424,2.230015135991878,1.7319402025226025,1.132704261916462,1.8614650902433427,1.6149925695865797,1.1422520291955847
gene_186,1.1896570799035049,1.5051709537486542,1.2933608330610162,2.0637085055392035,1.165256628099293,1.270942402840484,1.4297897797105839,1.272683273618241
gene_187,1.1377771255992362,1.4312012843819912,2.4961322985255703,1.4222102686058034,1.1352813550784313,1.8847017905905605,1.2131180053167034,1.3820256367816257
gene_188,1.1291783093615138,1.7055167382075616,1.4597984124823358,2.0736682391536316,1.2025263817079457,1.5684237622827797,1.4289449079570593,1.509931668022899
gene_189,1.0959130100493475,1.2497354401660212,1.7157364927529297,2.1049631636456447,1.1235324059374407,1.6034120087099057,1.3184018404533542,1.6133187513481224
gene_190,1.2162420408514267,1.263149753606581,1.175519436067615,1.2567044290066485,1.1791502229546091,1.5998763997028862,1.2954846094078514,1.1866291344146673
gene_191,1.1505903433010856,1.5182958522665833,1.3989432323269557,2.3716252412438887,1.1362553711972851,2.1800658323184825,1.3531345847880494,1.302341903192228
gene_192,1.1392114606922028,1.5506681334552934,1.3572090275690438,1.40686724325631,1.1376133820990655,1.5647798633746008,1.4038988131132826,1.7641316644804452
gene_193,1.1766225272287532,1.197078938946834,1.7839175219669323,1.6543491601680707,1.191176506856335,1.4063389080848725,1.1987974570982773,1.5873229012660681
gene_194,1.1178580072041988,1.1994138188393977,1.1513488426264604,1.3282943008475354,1.1730552826582803,1.1689944873462494,1.3310598922145824,1.342582834435316
gene_195,1.0945562311419519,1.4162694617704865,1.226608923933579,1.7443921945386347,1.081071440084806,1.815293106229672,1.3270085956769095,1.5140573687046381
gene_196,1.1466017730312517,1.2589267244538394,1.3976861033308285,1.9724914413114012,1.1272585420060943,1.2285262752509205,1.754886022304352,1.2022462157711835
gene_197,1.126708843594447,1.705497877683535,1.766313508849106,1.5280056772589847,1.1485043912316328,2.011754930783339,1.937667263553528,1.8653355077123854
gene_198,1.1582537335899745,2.0075985093551756,2.7190500877949915,3.019419285616281,1.1391012425546652,2.1440241782111618,1.8470371429760086,1.7469643833333541
gene_199,1.0976433749676455,1.3114580954469273,1.4706259272444622,2.255244772969815,1.1522990464078693,1.3022996336993575,1.8902053688915073,1.773583042980568
gene_200,1.1352101416197788,1.194319669477133,1.811244678401356,2.339359726503152,1.2230894097254121,1.3074986053287103,2.873807582197029,1.968083874987279
gene_201,1.1202957007316972,1.1336031559080735,1.3939599774172493,1.308516379215153,1.2629899581377773,1.1533276880317094,1.4067115304812143,2.5358125940687004
gene_202,1.137246596905301,1.2385043780974323,1.9633221162090517,1.5465603120396103,1.0457995725250633,1.1947694187364926,2.2677827682691984,1.6190169578016116
gene_203,1.2243438136990266,1.1001194571146498,1.3211593330570308,1.3467335960350966,1.2034010340618062,1.103326570261189,1.5468824194842434,1.7661729112995548
gene_204,1.0867997784747618,1.123701141102637,1.2232270618341319,1.5225924648365168,1.1074982329751526,1.1117716716808106,1.9935751320487336,1.6853254036273089
gene_205,1.110623243717138,1.146007821094397,1.8147693862176215,1.577384393527193,1.135171140363209,1.2433452786554318,1.2736999737495132,2.1217432524587627
gene_206,1.1067776329425136,1.063433540053886,1.4208987660525483,1.3465732815331224,1.1369233892228827,1.089503812017256,1.3501696036233402,1.5169078917904626
gene_207,1.2095178980745362,1.451914209041256,2.6731437364814528,2.655240659223134,1.1394557773106015,1.2379863053801003,2.4655989380361514,1.8834590959638686
gene_208,1.1064761481426872,1.1053859556052374,1.9156335919397807,1.876211072637704,1.0769534419254745,1.1722532293419443,1.3063299500465166,1.494456593766804
gene_209,1.1377747655008164,1.105020856512683,1.182150516867112,3.6486416975535683,1.2134279250490958,1.2401507495579902,1.7174243294255471,1.5329496496230044
gene_210,1.2133658558723313,1.1376077376607066,1.5824981595798544,2.1458941713196826,1.2072227280975414,1.2331477174971874,3164.9009725114265,5592.999954440022
gene_211,1.1109742110091083,1.1084827019747645,3.3029622771092133,1.703063454431755,1.1461286438231786,1.1517527180347653,1.137205753304859,1.2554692259556859
gene_212,1.182277210572815,1.2220485284995057,1.420477740169302,1.595323445631773,1.0736431555772128,1.2207528039349036,1.8469261557429508,2.7472413600677132
gene_213,1.2425624903540324,1.1437369734409428,1.6003656083580091,1.594833405681032,1.1347660088868918,1.108680693277878,2.1704741454295693,1.8071879303932765
gene_214,1.203899515990878,1.105030127936767,1.3659179910166679,1.5554231685983668,1.1829925231587246,1.1778090942100976,1.5898507207486738,1.4653048404113065
gene_215,1.1843218578083574,1.120748265668495,1.2780825151581185,1.4416232293855153,1.1255931475294254,1.155762729824576,1.6607387497047152,2.103677159367419
gene_216,1.2421966724320836,1.0676456975435347,1.397612702633188,1.4994041573657038,1.1345041490729368,1.1848715633680675,1.543372113678451,1.4869519197019305
gene_217,1.1801313161179032,1.1376839075930332,1.900279063434065,1.2626837031709588,1.1665583332994496,1.0891136940250739,1.226584646492657,1.2357303857037565
gene_218,1.129753406140566,1.1730907486040338,2.0582814762304027,1.632138525340294,1.1237463656227062,1.0972400715065505,1.9722352326698995,2.5061797404076134
gene_219,1.0733538079344656,1.1806319615439642,1.4992394047007436,1.1812936665768217,1.1911084742944436,1.153130934627362,1.6950877761615923,1.282176862837895
gene_220,1.135941589783636,1.0984801735925942,1.8100458853331134,1.5707232894455725,1.1229785873764397,1.1342727310954444,1.3645320522685451,2.1602822125051837
gene_221,1.1388340585960508,1.0856711967862058,1.5105188684575552,1.4374369082854273,1.1012261218195059,1.121757635292317,1.7403344460491537,1.2317615635286248
gene_222,1.1333554204852716,1.1861951746916852,1.8912690774930445,1.7561406096146923,1.1213460971062992,1.0905749242660983,1.268045657296863,1.5340417276834477
gene_223,1.1406099494946,1.204046126002011,1.5229560103674813,1.470208811364392,1.073551726538106,1.374380980460035,1.2664974756173328,1.8729081986444815
gene_224,1.2818747014458867,1.3203054318505263,1.2403644698020408,1.337895722041654,1.217656065308557,1.2312271267767785,1.5643645794684147,1.2842347899941207
gene_225,1.125448070463147,1.1021694000248248,1.7683068433808573,1.3497534401366813,1.16391189182876,1.2082858376180632,1.649882527101771,2.526034581451721
gene_226,1.180940116371367,1.2236526800590952,1.417831435109052,1.1500982813091145,1.1596918721023606,1.0905833082223129,1.684453401559483,1.669945615604974
gene_227,1.1379990544733014,1.123896584278688,1.6598090596899249,1.6226526867394608,1.2941801870789797,1.0797552534535317,1.9537570343360497,2.1281634975185644
gene_228,1.1787675892595337,1.177684683035943,1.1525932662166265,1.1642426970022008,1.0534065276962437,1.158528376814082,2.086617773218686,1.30489873358391
gene_229,1.1918492558967728,1.0762168202301639,1.7596947820704656,1.393761041930091,1.1368058132905325,1.1157804649332488,1.4534658096405209,1.715064533638859
gene_230,1.093333509716677,1.1745571612092491,1.1628943583480722,1.7834570348875842,1.130187932919631,1.2085028998729035,1.6128302419483922,1.2400418161544307
gene_231,1.127006930451441,1.2050611897002694,1.5222061784052967,1.5479591569380364,1.0993610990799305,1.3539625489823177,2.250268930130497,1.662058253548296
gene_232,1.1799692517364235,1.1026399634373638,2.062542925525409,1.4113900546496918,1.091689151005951,1.1172774121773155,1.3577718679477497,1.8690982971929426
gene_233,1.1833743041863272,1.1021848255666404,1.2953128173087323,1.6808786112803817,1.2201226511480578,1.10005951383444,1.8745645248016687,1.3375912548252338
gene_234,1.2022494339254517,1.2176012969757612,1.5902013383592617,2.092449405678244,1.0530177403585677,1.1763422639370584,4866.152447458814,1.8985668262618756
gene_235,1.1276123735394574,1.161503139394189,1.3302786217375793,1.9154305241792162,1.1469601612460019,1.2503133552925907,1.5509839666586467,1.282308849069339
gene_236,1.2010975915225932,1.1150901197200633,1.4560066062783528,1.802583782342101,1.143241190014667,1.2008423679644389,1.1825957072687936,1.6319803766466274
gene_237,1.1386757419561342,1.2308317161264495,3.409821874297677,2.4942849347566263,1.092579609643201,1.1851240523964446,1.2043196768245796,1.1525877376694198
gene_238,1.2316169504917505,1.1307455743072947,1.5071305208194865,1.627758603908727,1.22657809456499,1.189238073692675,1.8549397439876,1.3003025000438935
gene_239,1.2074427623852826,1.1535459797872571,2.8398643291080496,1.5710322274935962,1.106820688938484,1.1890851299637886,2.029890332141911,1.2038184383032469
gene_240,1.103040602557145,1.1738759827253178,2.072515753157833,1.505126693838818,1.2143475356361586,1.1231155368616144,1.184703054356991,1.2934849774625339
gene_241,1.33207425459121,1.2333320536679557,1.683919143373579,1.3962300016107858,1.10688097046699,1.2182292348740145,1.1390907897419926,1.7073626028349922
gene_242,1.1043595103222406,1.0991416160787233,1.3550295506921797,1.5117511940361081,1.0721435113905056,1.2001536534832966,1.2008921582712846,1.6441892081488714
gene_243,1.1342965092446882,1.090211516255134,1.4633354825635672,1.8214309577426941,1.0852903248305357,1.093704009685063,1.4429213430872798,2.0077910902996723
gene_244,1.2815194806116716,1.1882867749899702,2.599316213335384,1.501402715957032,1.2022256165688843,1.1993915045083816,1.5602330818260632,1.583266854945509
gene_245,1.0991652656592805,1.0726687265400092,1.439879795053087,3.3745034114451005,1.0797313806302917,1.1529022097625725,2.251964598034031,1.2229387777010154
gene_246,1.3512449334073717,1.23070778223502,1.6887501055791563,1.3714320627371557,1.260949906851572,1.183831680936579,1.5533603232224675,1.6179139985346183
gene_247,1.1809094723741667,1.2259360571449043,2.671390511782927,2.366914271246025,1.1228812476709016,1.3540950135872323,2.382383983944265,2.2361751458833106
gene_248,1.115982968546465,1.1338650653691875,1.9929127353862923,1.282375209766159,1.1596614544150334,1.1177319094996632,1.4453959221431152,1.4302140084840655
gene_249,1.1805757438492723,1.2666947432019693,1.4073968442976073,1.649884059871779,1.2020185648545498,1.1689273985734907,1.6805163902090325,2.273936832777885
gene_250,1.189175117743301,1.0984265465742131,1.4506845901914083,1.6735257339818566,1.1776596082577058,1.1792169642137371,1.469474419766319,1.3404547952749586
gene_251,1.1382241665556359,1.0727216558943389,1.2555299900144565,1.3724490477208842,1.1667233925194418,1.1169688410884708,1.331571871788711,1.194060948337405
gene_252,1.1684474405256449,1.309010133365302,5730.315222068486,1.3119051044685646,1.1499037210186172,1.2590652517389866,1.4457038201625865,2.592641727572405
gene_253,1.219751810320918,1.1619271492055998,1.8165197384324823,1.6059685836401503,1.1348839137630142,1.2279017383996111,1.6149788585096896,1.333167492087996
gene_254,1.4688273726366465,1.2701702349032682,3.3462948738519094,1.9092554472527472,1.2534198901339375,1.2170606928807892,2.8321178302599233,1.8241200619755171
gene_255,1.2884699317698811,1.16259842406082,1.5161345992127562,1.6322289017216072,1.1902851491643802,1.299432880147422,1.7640618949050273,3.482207798474726
gene_256,1.0973773884324904,1.1391471677400116,1.2564999720809227,1.7669906444537082,1.2839421661877461,1.1449729275491027,1.713441085698632,1.2656326399668052
gene_257,1.1578784361060592,1.1454292491179,1.8115852376210866,1.2170529558149785,1.0632181135834287,1.0891124917384074,2.3611840120252663,1.9604344821671824
gene_258,1.1486517882586045,1.2241361285719918,1.530535934552819,1.5967403708609698,1.1170677034694305,1.1220553934918445,1.9159917422775632,1.200670392536165
gene_259,1.2016053782659775,1.1990087994097096,1.9215751409551376,2.480653859203353,1.2359282072905078,1.1743848891915651,1.9609863745687508,1.4209969055725677
gene_260,1.0758280017370894,1.1232074787385073,1.4979523582775665,1.6060189787624235,1.1446201519260124,1.1260055945568674,1.0496926767055592,1.4646039184364776
gene_261,1.2127803746252523,1.128366597722597,1.477486725200287,1.512742848775255,1.19116839462051,1.1210177328567739,1.6321818058458175,1.1090781402790904
gene_262,1.1683835784988665,1.1107996763874914,2.1810959999836617,1.4873007922007737,1.2288721084496224,1.1074907674151204,1.7838805526267578,1.1203358900880742
gene_263,1.0629997434321192,1.1155870954925637,1.8976696950701506,1.6280874647295418,1.2530179224593516,1.0639917514565964,1.6633350570800933,1.606109448557687
gene_264,1.2946946415836826,1.135248900915392,2.284798311936123,1.2924646537793776,1.158294995633054,1.2880594963637302,1.4433381948516872,1.2346687715494795
gene_265,1.2275697986097533,1.1119714027969747,1.4101096904290258,2.003999906687501,1.1536257469240632,1.2754514521291702,2.126749343430276,1.627430298276756
gene_266,1.2424418558782238,1.2877622732703904,1.2674799848159166,1.5236826890793356,1.2096031949252266,1.1460151666198939,1.6775021247806556,1.1756547608667485
gene_267,1.0867427081008423,1.1723943686720977,1.578718011992518,1.416803249890859,1.1823481742801611,1.1661396169583298,1.3297657720983878,2.3809298091164894
gene_268,1.173139618006299,1.1570274497367259,1.5689909266831097,1.2972827984381874,1.2738432476122878,1.1853892220806002,1.7511286014447491,1.805006772249991
gene_269,1.2591807823936079,1.1918546400612198,1.643604409378169,1.878714405735092,1.1805100720962975,1.23232351082616,1.055760751750432,1.4725298941963751
gene_270,1.23678438997843,1.1648534186258936,1.7091626491245442,1.48272567664929,1.1986737492672257,1.1150390526730984,1.8188124572111564,1.4847608500596556
gene_271,1.1263142351493693,1.1085816299398148,1.2604844713816523,1.6209936797121118,1.158737459272013,1.132780713502288,1.3781344228325976,1.3874155537279222
gene_272,1.3947223988278965,1.2560257717738954,1.8410815195514156,3.734641326629383,1.3363657394824564,1.2880306110189224,1.8546301224051258,1.3504176584789422
gene_273,1.1004993897667252,1.104732220324617,1.4359191740410944,1.498093361102805,1.0989804019383127,1.1506267003124875,2.4154763528002157,1.8400595920135214
gene_274,1.215854905027043,1.093825342649691,1.7482277443216279,1.2327355306236232,1.1198759353964252,1.2254140249848424,2.0725049554333723,1.530468225948166
gene_275,1.122979315309137,1.1015527816030488,1.1665833343827332,1.3968255624863284,1.1326883135268855,1.1842671725473706,1.432880443151546,1.4973134969372988
gene_276,1.1583706099473503,1.1344318788037906,1.3624847206377337,1.7765201646425248,1.1605870365795803,1.1978775955260097,1.2945082406098556,2.0719435409352918
gene_277,1.2233887132208991,1.113277651050951,1.310206631299405,1.5052475261441134,1.1836659320918663,1.1088249134598138,1.406811551099035,1.389525149325942
gene_278,1.2377222709787987,1.1327420204217686,1.1691084361996538,2.241913193700726,1.1145099160276015,1.1554081284505415,1.3619157602676006,1.2869180436864924
gene_279,1.1014824737149567,1.1429066281156361,1.4327042216481618,1.2853362520166793,1.119656804160966,1.1771914490817348,1.3347462453746803,1.792468520066568
gene_280,1.1435180504637101,1.1487188877599879,1.2809049473987608,2.127583988721107,1.38778368861527,1.1311147455502517,2.2799319988060374,2.3208782665105603
gene_281,1.2032487616768615,1.1678754859763543,1.3782699388611044,1.640289821646602,1.1742343552819947,1.2035488087143367,2.5516772115199053,1.6364475568873151
gene_282,1.208375369266567,1.1895940470988895,1.8721667795680685,1.3490221030601326,1.184585780067435,1.1704063726521234,2.9197757746010584,1.539285131902622
gene_283,1.202047910246911,1.1652182876650645,1.2019113633915788,1.5277210775902692,1.1900649408623847,1.1839431039154542,1.3744601895827084,1.3131770879886486
gene_284,1.1771830670186945,1.1480543730046424,1.4480265447770964,1.557128910140256,1.1274422762607081,1.1893509800338857,1.3712227127064338,1.3965885285031354
gene_285,1.1383466000885956,1.1401945588459714,1.570725719981388,1.2756906257762273,1.1281131269202795,1.2028192687682708,2.204973213347517,1.415413851499
gene_286,1.1627615308753199,1.162353682379931,1.6168340376912598,1.2758604391153126,1.1344749173775523,1.1780877301744384,1.5972378350139407,2.086012358804933
gene_287,1.2514298143544502,1.3068087649302509,2.0132236141133237,1.7516424092952556,1.0752250880308372,1.3107101206094747,1.369426478412229,2.4941142916230543
gene_288,1.271437318716432,1.1481368091563398,1.8655399186497936,1.8863811512370385,1.1653345264013901,1.3259183869941553,2.0139548997368504,1.490922590918135
gene_289,1.2900275733479631,1.116733169401133,1.3852689844617543,1.662654375118668,1.1302418602291595,1.1500628624570675,1.42842872766479,1.7491004698415713
gene_290,1.2145342850953373,1.1576005289827234,2.715671241720691,1.7082311459880573,1.1739505221029316,1.1646314425142728,1.6318502939548323,1.4049352797674957
gene_291,1.1547890938709857,1.1759054306449972,1.1768178365981563,1.4553237396915368,1.1573641133510146,1.1636206058584928,2.2769745476770584,4160.3703624586615
gene_292,1.186133759723046,1.1445521086130424,1.4940960718576441,1.2793933149732242,1.0425892112417772,1.187557877074148,1.2845096765544828,1.5507491183632933
gene_293,1.1302729251339827,1.1521145931893177,1.3243660441837983,1.5598167363326434,1.1787751117185543,1.0868183050395663,1.7285482916911967,1.1961454750972569
gene_294,1.1612654203273156,1.1314879186810918,1.6273090158451462,1.3233440295117918,1.1529390013519525,1.0903286312728886,1.6709695857196003,1.5704193426162891
gene_295,1.073178170862813,1.071389225688088,1.944253195897965,1.2898041484168468,1.2361604944911773,1.2221263004609735,1.4865632122153836,1.5726059134375725
gene_296,1.239823376544428,1.1938083338693108,1.6919666893937377,1.8715740767584657,1.1665663248406304,1.1420876540051852,1.3755613472382289,1.664320450422074
gene_297,1.17355479978336,1.222236213546661,1.864434755947486,1.9042875967141337,1.1157461307610719,1.2513662881903918,1.7217958428636997,1.6325829579604552
gene_298,1.2233751380594322,1.213263217883756,1.3927686768555312,1.5604989395100146,1.1533809485962019,1.2781046885676957,1.343507858339707,1.6147770679503608
gene_299,1.163993973483696,1.1121521777462138,1.5548885117557047,1.2945568109675212,1.0895515091880734,1.189949064470712,1.2649780851931702,1.2847181425664107
gene_300,1.247681331453799,1.1266745521922799,1.932983772092054,1.810520651387216,1.142947061641205,1.1230134966880128,1.3438585039072077,1.2060832470177556
gene_301,1.1217553275892966,1.20815369695671,1.258788302046938,1.4484874352609347,1.1689433430247809,1.140603467120054,3.0299717537931317,1.6754579180354094
gene_302,1.2549581317825365,1.1595523980868354,5244.777592320086,1.7776385833673658,1.226144596334073,1.2234184661028107,5055.93578123084,1.875797907907368
gene_303,1.2048106923639226,1.1022322055005147,2.3659271835400046,1.3306990329858848,1.1565460532172263,1.1631556749019618,1.1374690958218818,1.2317767790677299
gene_304,1.1778016045962802,1.116672288964381,3.0713800102696873,2.2123019403461535,1.2495786108521008,1.1319128079195064,1.541116117411471,1.6783681491884677
gene_305,1.167784325064368,1.138952243561371,1.1573504697186174,1.2752900603175985,1.2310658407408535,1.116173867310966,1.2995399667496081,1.6109031027493323
gene_306,1.105478871114855,1.100805464358861,1.4984347933702038,1.4592198478587777,1.1286243051726301,1.2265239590167187,1.8655239108526787,1.3196238290200477
gene_307,1.1582350895848246,1.171237738976641,1.6225087033541525,1.751562367543149,1.13248848335186,1.1976742782813325,1.342986739407973,1.6359862041062951
gene_308,1.1608750630180094,1.1506489926609755,2.2230272489166314,1.5844633228463039,1.098876172834814,1.1598623753297745,6472.682313415151,1.1052207447175069
gene_309,1.2191354356173465,1.1094944714156756,1.3658371234291071,1.2718737913064253,1.1283972795609667,1.3114174590969243,1.5420586460747019,1.7771533296657214
gene_310,1.0953343132285376,1.090574183035309,1.6620757530407593,1.1877081160468488,1.0963842896917493,1.1268523457587851,1.503144345913326,1.4848351369510104
gene_311,1.2227769063381961,1.320384639798076,1.1521238853228695,1.5095822428790793,1.2273459883730364,1.1430526939021939,1.5591486036861448,1.5905307235036086
gene_312,1.234416200943171,1.2264655277029337,1.4942361000710336,1.4588775981263997,1.099757855973835,1.171965853370423,1.4437428728117414,1.4079906069646897
gene_313,1.1184144655801396,1.1148420723298746,1.8030953110895154,1.3537653591768957,1.2044296621006954,1.1465946758942234,1.3193152567641289,1.6934889438350533
gene_314,1.172576129164759,1.1801166252402515,1.6166933632504699,3.3938846111679255,1.168752723406867,1.1722880784916534,1.7477964909016643,1.2965336108684777
gene_315,1.1442103186113022,1.1349957243012452,2.424879797346797,1.596290039593038,1.1394019498491574,1.1275786388067435,2.3873824897410905,1.9377743374138467
gene_316,1.1345763324001092,1.2313133755494277,1.3009495956081856,1.6955162377178365,1.2033416869004232,1.2569715291622707,1.8599560410662281,1.7419925581100557
gene_317,1.2952786253885062,1.0959530605109056,1.3989804339928615,2.3115933162914417,1.1170459050355572,1.1544602152515642,1.4718472448764113,3.7421831880380423
gene_318,1.1539278860553204,1.249281345417085,1.8342851880194737,1.653598319827322,1.168624383271542,1.1315799058165743,2.020860478644176,1.3463856499173739
gene_319,1.1484923204690716,1.147417310200429,1.4285000154839504,1.4416833314660686,1.2426470087014554,1.2127449216737032,1.9161823568749454,1.4104106330346093
gene_320,1.1579397547052643,1.2932663941268387,1.4443928175756386,1.3979136394194878,1.1920970701653584,1.1275167542291071,1.9318542563506511,2.1463274705269897
gene_321,1.213193844656988,1.1949054492982594,1.3997530196500563,2.013105933473651,1.1201051361933465,1.1939315564815434,1.3404774933783434,1.3081618942940831
gene_322,1.2456790148733505,1.1365458070600005,1.487993461366777,2.3605730122436626,1.164327958756303,1.0959325513536313,1.703376769869109,1.641057154557191
gene_323,1.2201811579114008,1.1066091809262593,1.3666646297074774,1.3622614549092122,1.1633408141954236,1.2129006162327514,1.7699676626546275,1.5520665081203653
gene_324,1.1254967282064405,1.1196940011666077,1.354630589243179,1.493104924506984,1.1666752314088025,1.1179543318534848,1.2106315111751238,1.2519595202629357
gene_325,1.2340842690449243,1.2611072016369298,1.738581959188498,2.3472939676662676,1.2505107105077424,1.0995083987478267,1.9254724292100103,1.3379640248820754
gene_326,1.1197625694568842,1.1720011263826657,1.26795639295021,1.3594246394920648,1.1511679033738127,1.1029072423876607,1.3488854716591003,1.762363315861342
gene_327,1.1588207268975879,1.134494881732804,2.8419116869289636,1.8518136167932522,1.1742006208442048,1.150486798371355,1.3785887150304394,1.3060499955727414
gene_328,1.1551982106831038,1.093431063869806,1.4067172481955468,1.5728808088465707,1.1745978577899256,1.0865607965592867,1.6025749288191988,1.2648348350615606
gene_329,1.0990089484138488,1.0921705591165376,1.6752594202679152,1.8060764812515657,1.0717434099818806,1.1269012453349456,1.9134277773663255,2.4864794585713725
gene_330,1.2050205736811896,1.33573849866634,2.4009364931815647,2.567490624337145,1.3188012873039827,1.1750353690336843,2.6424376612186404,4365.039966423717
gene_331,1.1386895721740193,1.1894760651237322,1.3866371820244772,1.3180798807946381,1.2347415732291405,1.1624802317249097,1.6630479770958269,1.247457390244547
gene_332,1.1167092913893013,1.1960637444853526,1.1630584412708993,1.1254735225005124,1.1460746880713075,1.2232706879512745,2.296363280071824,1.5898485582108468
gene_333,1.1855011779671627,1.1126090070043642,3.2681602343927407,2.129199154983474,1.1570236694993858,1.177227954622952,1.3463979863915725,3.466179545669389
gene_334,1.2175188347071244,1.05569828532582,5542.098286512134,1.3123218839701158,1.1940011546830658,1.093546327523017,1.6985359865446907,1.5966657728255926
gene_335,1.1184184298690352,1.0962136905431754,1.5904121131741613,1.335065205578143,1.0817222299962859,1.1062989621582373,1.6722242959487479,1.1008747153959069
gene_336,1.20586057035633,1.1024521719375635,1.7322172909449898,1.5034538343069508,1.1452235028104345,1.0739479571398804,2.07952559412366,1.2065486046926406
gene_337,1.2093486615766582,1.19131974642876,1.4512025235386072,2.1748100517408666,1.1826365134847272,1.1530384066715456,1.4542318395035727,1.3430671111118315
gene_338,1.1041893319123246,1.1237273671636532,1.6208091296271205,2.3753870073289307,1.1954572831828327,1.1432081602592667,1.800683993249693,1.3200062587690355
gene_339,1.1226318290731432,1.1280841008612226,1.4793444084106648,1.671167444907961,1.1079855737737905,1.1618554456240668,1.4533520401654783,1.2162385060766185
gene_340,1.1283681019197187,1.1330112972199287,1.367413471142848,1.2713932580240899,1.1256899020883673,1.1395391310956138,1.5329549519026968,1.7149857133260018
gene_341,1.1849462367453283,1.3689316998695427,1.9369373529175458,2.0365161915187184,1.25364455911239,1.2598183338328217,2.7491152226508664,1.5724564788179516
gene_342,1.1039459267854217,1.1356731582894566,1.1374009823704985,1.5761878212413956,1.1194497428553811,1.1064587619875763,1.5380124770665238,1.3734341383587403
gene_343,1.1517946864752364,1.1076345231055558,1.406214701769755,1.4650036825963064,1.1511877891910005,1.0924692157186682,1.1823445082022095,1.2237872168045851
gene_344,1.265479144097594,1.214383113308782,1.4176138668852585,1.6611821516962166,1.1808037329128485,1.1630867983759199,1.1109075666531698,1.767399275144014
gene_345,1.1036554871617077,1.1779944359268253,1.7794912041681559,2.3110718308933733,1.057476751691779,1.1536282355544882,1.247992643342409,1.1489457538381231
gene_346,1.2281673434564757,1.2284086246760653,1.4662130870493455,1.7430062446952017,1.0938430465521396,1.1283735997366315,1.8557344904242894,1.713994638707004
gene_347,1.1322272846557275,1.2771343225641842,1.4381276254303497,1.5541421590306006,1.2035592899920957,1.1469577196468248,1.5304876750535545,1.5184772100485378
gene_348,1.0785096182872955,1.1856921537604823,1.4105586904061753,1.6143685884195358,1.1261969348550886,1.1493788440886723,1.4448240774597365,1.1105552664949743
gene_349,1.2068430370130234,1.108027051831657,1.9503090281034117,1.392149608336646,1.1329965757622675,1.0736796143782092,1.416279002072081,1.399111713616722
gene_350,1.1194956695954248,1.2330350049012053,1.4575746280441593,1.4625519725793037,1.1564293298981512,1.1107135354879498,1.4306407477924228,1.3165647565676748
gene_351,1.0956492224823402,1.108123184442431,1.3957291026765182,1.1939806348671411,1.1328841934335974,1.2396330283005708,2.350157012906096,3.1227742390340163
gene_352,1.249983800836317,1.239218462485541,1.6270536107720437,1.686665037509887,1.3029345429338284,1.1456162918876636,1.292242095498868,1.9922344396072291
gene_353,1.1214220912234967,1.1089342789632897,1.2609539209523069,3.2173104644437256,1.0899956335539178,1.153544949444136,1.4097809455164207,1.552463395107794
gene_354,1.234668775277264,1.2225384292401786,1.5413769541194722,1.2932961802687695,1.105040890602576,1.2977549205306635,1.6629769758299646,1.2960247498723392
gene_355,1.144350465748096,1.1528470835144915,2.4836387192008518,2.3352788099994233,1.1614674489355248,1.242145374764886,2.329177230396284,1.9194545128722673
gene_356,1.1782057739409921,1.1745654681437567,1.5402499814015482,1.3746539601577974,1.1217166581782336,1.079732226464487,2.0352629573798313,1.5616592827184321
gene_357,1.1687322795466386,1.238393410985309,1.2043657662824419,1.680598522303868,1.198498542453832,1.178010905046958,1.4710527084339142,2.2091978183011913
gene_358,1.167629372043792,1.2201740981881386,1.3326033212297432,1.3368386091931999,1.1491668754128685,1.2057785622664656,1.1273879195692555,1.393032016700239
gene_359,1.1406763399803987,1.0906916854513413,1.3912709797332572,1.5045488474435438,1.1196336436544834,1.1349277761614252,1.1081528060537724,1.3623044170979728
gene_360,1.3473800279236248,1.1442087230222588,1.1159187334980518,1.5779522231987806,1.2442245290155949,1.1963821125021967,1.8919278701354707,1.4220502765480125
gene_361,1.132839621362049,1.1911034274989254,1.3494987178501272,1.578009403101891,1.2891283533811835,1.2786101712902826,1.746985828651296,1.2298047995488837
gene_362,1.1143329405055555,1.1748491608744753,2.603299767469129,1.8835322579222409,1.173188867904795,1.2058589817628242,1.241102343983957,2.026806793991085
gene_363,1.2456491809933392,1.2291535322581573,2.9027798785484498,1.6565322983034618,1.295010395997544,1.1138812458670388,1.8939191022433464,2.060785596216755
gene_364,1.216066260508562,1.1999176840585615,1.9568066449524286,2.33239105261103,1.2468542838113241,1.2190974981251723,1.58198683860609,1.602546346927403
gene_365,1.1898047662949873,1.105795144904086,1.8588248995200376,1.327928859940036,1.1007096402716234,1.081307431934306,1.363281485423511,1.30031293108263
gene_366,1.1788790214218707,1.1706012040239555,1.3030270213193855,1.4883429141530704,1.1625340448218575,1.2417756361267234,1.2210699342440767,1.608633000164457
gene_367,1.189091141948639,1.2034854391484395,1.3121536356834953,1.436717941993247,1.2174890710373574,1.1820006319712935,1.3586650804224054,1.4564013039791768
gene_368,1.0570740455769716,1.084666212715562,1.3595911236194826,1.8851146108483758,1.1098905093869464,1.1279946777353724,1.3272959995612543,1.5535601891911346
gene_369,1.1964124013564035,1.1617704975481793,1.711047744658051,1.5124532014508274,1.154626091412615,1.140144592470301,1.8194612806971562,1.4934425462193932
gene_370,1.2012298623450197,1.1393251603218013,1.3832836311278647,1.402108574528932,1.0802543568446008,1.0885264943455788,1.4372875197715758,1.5165587308396944
gene_371,1.2906360239814403,1.1863020422419732,1.4458601681707677,1.5058043809118749,1.1844966831090742,1.3185655565519057,1.3343847425056852,1.6743695317849907
gene_372,1.219327752176822,1.0993037314944483,1.5027399845540486,2.3198664385666867,1.1726314345770212,1.1094236882667015,2.2377230041048533,1.8071954864756583
gene_373,1.1213583037267092,1.161619793626121,1.7894789707325345,2.5169350279607636,1.2024603282563238,1.2366175760815463,1.7237924018882131,1.9857857222982327
gene_374,1.200657157059286,1.1172168954636639,1.2532556158759276,1.9415171219691112,1.1554025811874773,1.1695798523608008,1.5689942343953736,1.3832527498451694
gene_375,1.1830671115372635,1.302058169086696,1.669909890713964,1.682881179439018,1.2427820356787649,1.1339973605569154,3.231941961950729,1.2979037150523083
gene_376,1.2811371547536867,1.1877419410406875,1.5566159202856065,2.166156996707943,1.1539326969335744,1.146650713050223,1.3581378787068747,1.724253396527915
gene_377,1.1325789621686027,1.1917871688015087,1.6575172533638838,1.579792949925064,1.302945670137085,1.1467828917682998,1.4285832770127223,1.6138697469384298
gene_378,1.0797075623801107,1.0680854028859985,1.9039119187620435,1.991852761616693,1.1559367933749638,1.2587617182677042,2.1876078784294792,1.1280415471419507
gene_379,1.127746033336901,1.1226007433693217,1.842546220360392,1.3543325709385095,1.0583813187587146,1.154895164086912,1.193125205433936,1.2106723809029176
gene_380,1.0757312194163149,1.1254521717764305,1.4852852810351982,1.4117902922941057,1.2757865643089283,1.2110051355463005,1.3473384663447059,5541.3220110447655
gene_381,1.1434887619525564,1.2077564156415006,1.4346841625908178,1.4093201644808395,1.1212366806076812,1.1062354405524586,1.2764941906994633,1.3457946436253987
gene_382,1.0998653037951915,1.1952874157984983,1.5498605999289867,1.5859570537891317,1.2105234515304164,1.4535218153405207,1.3447122275282426,2.452479706683517
gene_383,1.1054281857476673,1.2411776312865994,1.689323530248001,1.1070402644931587,1.1641297378297712,1.234062860432897,1.4638199042697877,1.6855433535952637
gene_384,1.1935653239239161,1.251779098613857,1.5573657842310944,1.912074650348477,1.2035224103117323,1.091064616545524,1.4636042439336432,4800.935237480136
gene_385,1.1967655259593268,1.15959568929513,1.8115747502531536,1.252742095093847,1.17411180690255,1.3261040184768624,1.6493676371876134,1.2760927291102793
gene_386,1.2003796566442273,1.1615935725940856,1.2172789006371296,1.4105055765718009,1.1707281352361654,1.0861760562367768,2.359240821248464,1.4110717439656746
gene_387,1.1413894761361885,1.0962604076744968,1.8688815021292202,1.4154797001142714,1.2083924563687565,1.1171795976802983,2.6116647534998942,1.5049359004636493
gene_388,1.1111021353853865,1.155490733692387,1.7824432816269045,1.3325335196885786,1.1127502760655557,1.0940707213578258,1.6484299275941239,1.3217824595156777
gene_389,1.2081568398934959,1.1557680974549185,1.4924097246864843,1.3710854864345883,1.147231003546911,1.1816667607700888,1.3805395839792263,1.329968456059228
gene_390,1.1664383522723092,1.1233835375739423,1.2272319329824104,1.6862389845193775,1.2476515423518781,1.1090964229057003,3.368129442112347,1.8697609732978901
gene_391,1.120158068404298,1.1344031783380277,1.1360105891745529,1.1366359178815144,1.2644680549240706,1.1026228819075599,1.735853541718673,1.7197293253482262
gene_392,1.1129903434182966,1.149081679008037,2.6062609877818854,2.059877247529866,1.1290905948693988,1.1315063669503804,1.4158344094914468,1.3086672952305443
gene_393,1.1040344373737783,1.1010535587384602,3.545410147844641,3.231507837494696,1.0425890195176404,1.172104809846085,1.1139148035774205,3.993252921577986
gene_394,1.1821290699040048,1.0453009867980534,1.5124631230529688,1.4091116774385533,1.1416637081647953,1.1263926343025752,1.1824316940909623,1.7865523634821545
gene_395,1.1612380072321375,1.1356908920933846,1.3664690561232318,1.6017842711432078,1.150310964274959,1.1827854992237898,3.1699429157898518,1.5571164075719786
gene_396,1.3840559991776362,1.2508242194815165,1.231683646067223,1.3030973872837712,1.1712691645349376,1.1756781127910576,1.348206105030955,2.213105412618489
gene_397,1.219510734353896,1.3476412458280094,2.979002117615564,1.796068466507081,1.1233145347582836,1.180002220092143,1.3927043263630405,2.1750403472954662
gene_398,1.1340163725556087,1.278438437451836,1.7923041933985142,1.9286899498119643,1.179486169027651,1.257217355610064,1.5964464273670649,3.259861430849476
gene_399,1.1570164962544003,1.1567572353651554,1.5293566784401504,1.8888554386698495,1.204903119925586,1.1125282005593002,1.8585053697411438,1.1945370274517537
gene_400,1.1985919487750982,1.092036682073994,1.1612718177998282,1.249295581881141,1.2571137074235759,1.15239803791085,1.1458944998404454,1.1240052757391432
gene_401,1.19526927410441,1.0964591529046122,1.0657687612899418,1.1342869218507148,1.1500829563771773,1.0811382084309933,1.096566266336742,1.1110006484536776
gene_402,1.1048425759359266,1.1136796946924086,1.114926805451149,1.1106995660912247,1.0984164090785775,1.0930735736557966,1.061173143073046,1.1120290474091121
gene_403,1.1978428485127657,1.1182540311540896,1.2208430727767174,1.1145529563328194,1.0739463920119596,1.2742137178678026,1.0992234047905571,1.1814773498495685
gene_404,1.156293794545239,1.1347725858430455,1.1022345907232898,1.1365217852868832,1.137155724670274,1.178684477075744,1.0614093647183023,1.1302405469597399
gene_405,1.09635961979869,1.0926828499927386,1.1382935629136752,1.04696643618343,1.0459984956945956,1.0832627965580601,1.0968202704046153,1.0538414613176048
gene_406,1.1455435885190155,1.0824517100666438,1.0832515046478794,1.2231752697471645,1.1268027370766789,1.1559150103375546,1.140618263819459,1.117250840151952
gene_407,1.0758417443221209,1.0918752191906842,1.101029153694857,1.1397718227798457,1.1476905696506363,1.170024415883069,1.114319148041382,1.1123467874372703
gene_408,1.0962961017788797,1.0893123036921324,1.1004763684349448,1.1258491011088347,1.0842564971283284,1.115739535673769,1.068741558025988,1.085786416773301
gene_409,1.1689780077556267,1.1008527300301356,1.0928334660382746,1.1453655739282416,1.1289225593888814,1.0625827063550561,1.089657500170133,1.1569396416776512
gene_410,1.0996276521272486,1.0998587216768165,1.2178407687376607,1.165977747642769,1.1314668797555327,1.1734640350158967,1.1055298153759985,1.0922898716574352
gene_411,1.153288395520649,1.19412002773034,1.1449009424422398,1.1145423110114423,1.152296772502825,1.1880883020716089,1.1733871023057756,1.094372500840736
gene_412,1.1002870257942061,1.1370676054859419,1.1063768328569206,1.1539699613669472,1.0987140268613151,1.0963520709291974,1.185678485643288,1.0695928875684504
gene_413,1.1082620951855826,1.1214468782663654,1.1849884551317755,1.2277084889260916,1.1451343883093115,1.1562087679964363,1.177012437059943,1.1559144501857639
gene_414,1.153174597999333,1.1300380266627457,1.1364172588260506,1.0602666340306959,1.0660152510701655,1.1309402576229886,1.1295146000960552,1.0903994758609852
gene_415,1.20965953109293,1.158169154209569,1.147440267565667,1.1000042520332791,1.1051426141134582,1.1511466482450705,1.1119307243053422,1.0914495969500724
gene_416,1.2156971465746478,1.1060414858368783,1.097130347985326,1.144870936755545,1.1805821876251728,1.1830165699075357,1.114984870931375,1.1807434194452402
gene_417,1.0911077061447971,1.1803559019090704,1.0684210818348856,1.0632836901711697,1.090455033180505,1.1636192187145058,1.1336647350419224,1.161253246631751
gene_418,1.0827990035323118,1.1617312158116417,1.092684548836427,1.1287077531745202,1.092398393335779,1.1176592929953453,1.13883944873263,1.089958294117116
gene_419,1.1725993951084621,1.0546839695268824,1.1233396020333415,1.168944239298881,1.089709560841022,1.1718328273747227,1.1376822819812982,1.1020374309266312
gene_420,1.2305382655017016,1.0968878179074626,1.0960958348213807,1.092575449873802,1.1575026205068306,1.1191330866373743,1.2348064973888278,1.1941931173297606
gene_421,1.2280701453586815,1.129451938340837,1.1395420824904428,1.1343244224503242,1.2240538378352745,1.100101057440389,1.1222513414377533,1.1330974469985255
gene_422,1.0844579703593218,1.0866476034240207,1.110297428212999,1.1326795590964645,1.13149771623808,1.164528568922858,1.079628866100805,1.125100644768654
gene_423,1.1265199228632417,1.1330237789964706,1.120099257777349,1.1598088771756667,1.1590894546716497,1.1091911801760774,1.0840244912874186,1.115572333617685
gene_424,1.1421045954644768,1.204401536440693,1.094599032811911,1.096689123195121,1.1475433197862415,1.192477982315584,1.2424776309584273,1.0989596115372253
gene_425,1.1551869939301247,1.0553601078241373,1.1038495318404282,1.094775824925545,1.1093830410351833,1.0983032628658884,1.0971295078723589,1.1184950547354462
gene_426,1.1191163103367165,1.0685460627748755,1.1684446524612877,1.1616688555531502,1.1791335531076539,1.1122335377822212,1.1151038669713589,1.1592367262339978
gene_427,1.1021054364578262,1.1518754881011772,1.1203095902635067,1.1259565651260064,1.1443324102894408,1.204328311123206,1.1672445839015437,1.091067113626017
gene_428,1.1430750409299786,1.0956936068445537,1.136483871201162,1.1860641985592295,1.1998499489669154,1.1485299063874996,1.1199384975633222,1.086364934780751
gene_429,1.1148270829077238,1.1441728585693762,1.103901337980813,1.1857357890528768,1.1035915726180656,1.114803360312265,1.1583220819924551,1.0931533493520629
gene_430,1.1405935155772742,1.1404171626426756,1.155427192425609,1.1129519855104795,1.0732790525011726,1.0836764868790263,1.1516504521340112,1.1201415259464071
gene_431,1.1232489350997743,1.1019447033542342,1.1040145286751915,1.1545441550314377,1.1256849297376408,1.1107646033733776,1.1201390556166757,1.0959954684301023
gene_432,1.085621408666678,1.115216951786482,1.1093261603839377,1.129839958974562,1.1322396407372626,1.128424247002741,1.0831797074234069,1.16969854120749
gene_433,1.0918572723442381,1.1420999413863557,1.1858194961702528,1.2098222779863137,1.1270834356881134,1.1217502734256664,1.0508907716864708,1.098302077209612
gene_434,1.0883075535796571,1.0648535848561924,1.103762788948838,1.1727162929027317,1.1692096591062107,1.1717547640500772,1.1024448971919407,1.1171129995134048
gene_435,1.1979395240880122,1.117253746165895,1.0660984583825692,1.1780727909149988,1.1477953242142291,1.1491052707800142,1.0800365717200575,1.0700058720844758
gene_436,1.1754181829117563,1.067960405070393,1.1637971568096306,1.128731675644439,1.1981491613464645,1.1211338274032705,1.111836807043467,1.127501680003334
gene_437,1.1738942605801002,1.2069485430685238,1.0818625378780051,1.2299196650330133,1.1801882412042315,1.1485906734652778,1.2147835393653816,1.1043837008146604
gene_438,1.201485026694156,1.1514602803723022,1.0871415141997303,1.1498904591752441,1.1166693134275885,1.1993628571203512,1.120178673143512,1.164070245686017
gene_439,1.0907855346360782,1.0889912602931227,1.1032224704251177,1.1713661747650495,1.1559922397214168,1.1173783923203595,1.1325268184076256,1.2348232798197754
gene_440,1.1256521429615323,1.1084634970267229,1.146083716780151,1.199533455456342,1.1257015965831538,1.1136507612412607,1.1145423958124174,1.14431350926545
gene_441,1.152425699900496,1.1369196028913915,1.2220589809043478,1.1612037262486505,1.127993226797176,1.1204503697827972,1.199384185536555,1.197806738109568
gene_442,1.1463783718327643,1.089729690646352,1.1404305307942362,1.110576271749812,1.1961799892570633,1.0987298207820486,1.1681555814284563,1.1029730260477635
gene_443,1.1654302008546515,1.0769992707670946,1.1108945386080904,1.1119650521358633,1.1378640989296958,1.214271594179788,1.066863531888227,1.1544927818107977
gene_444,1.1617683186731178,1.0898898783083513,1.0396995276727874,1.1523324670566797,1.2063704303565712,1.1363746442956923,1.1419026868741118,1.106395085456555
gene_445,1.1934219017311072,1.121591091159821,1.140733041365059,1.1103220768417803,1.1317910835686298,1.0717514367823502,1.1138586012200793,1.1044971455168093
gene_446,1.153050683255109,1.117119188612081,1.1023539320964197,1.1033253398287908,1.1014214405024483,1.1538676624878896,1.0659601681926147,1.112980522139912
gene_447,1.1875365063632335,1.1316622244493777,1.1671686460301924,1.100478085078943,1.0831031135757387,1.1114596655705018,1.099293841307262,1.1850473247609008
gene_448,1.1856291566446775,1.0608571791150634,1.0929544365742092,1.1335572588023193,1.084595443371067,1.1049800120485784,1.0777999245423897,1.109491581088121
gene_449,1.0939925327363442,1.1267007286992157,1.1649651852321592,1.0820528858751002,1.1406236756986419,1.154209668512991,1.0833366121460208,1.1677251828305992
gene_450,1.0715036414184544,1.1521835809466139,1.1236964275448789,1.0901622260461052,1.0993576740403177,1.0782460173204715,1.129615596701844,1.1603067028705882
gene_451,1.1978496508584315,1.2148103112401176,1.1318612494447806,1.094478886246889,1.1523189382740584,1.1171662289876585,1.133242534482479,1.1268192611195693
gene_452,1.1961240154631336,1.120374049544963,1.1198505442061888,1.1148133917482532,1.1693965568268712,1.140193106778502,1.0997546220771788,1.1600443561796985
gene_453,1.1650129509383178,1.1174760689330279,1.2904700861707015,1.1364888216744402,1.1436471198546652,1.118541299623181,1.1817736283473237,1.18083202046792
gene_454,1.1002146652347555,1.1501214694202981,1.1092709833197625,1.162840890510145,1.0885755944183557,1.1069733512560918,1.1002501455108058,1.12630307641738
gene_455,1.1219057443218294,1.1229016838059338,1.1178458142889687,1.1367351185787637,1.1184044220526017,1.182781313249028,1.166431888757037,1.0904712043322458
gene_456,1.124969663107024,1.0840878769947981,1.1586588086087413,1.173142753570015,1.1594715348260085,1.1283219528008999,1.1073968032018957,1.104296112845273
gene_457,1.124017723384775,1.2011185760667207,1.1025180591543202,1.1928931121448445,1.1568538578891336,1.2868864368581452,1.155505734405099,1.078264518990949
gene_458,1.115288800916066,1.098207842711198,1.0845652523840348,1.2194054472675604,1.2133958127634805,1.1547257660280252,1.128899284570223,1.092658452191938
gene_459,1.0989680527736982,1.1139743816692216,1.093851053177181,1.1022537883110453,1.2051839044476311,1.2039216700349176,1.1260448226624367,1.1014277544538331
gene_460,1.1989138521215226,1.1533181369754153,1.0727324428817078,1.1026844662356692,1.1252299892120667,1.074577912681922,1.3126132222331353,1.163413752415751
gene_461,1.1033368313058454,1.1006859384929846,1.0826192999472835,1.1111020400351552,1.1643655886326039,1.0571403317138592,1.1023349395599091,1.1333638583193766
gene_462,1.0951805826360494,1.1038424636775857,1.0901186283444966,1.1445785428082862,1.1049161751794923,1.168415671955494,1.2084689560214084,1.119365537939791
gene_463,1.1325727178994842,1.2318325861016173,1.0890025446642382,1.1504587463921814,1.1593707351852498,1.1931388731739176,1.1307168931984455,1.142942767520224
gene_464,1.127079588465529,1.080539508083018,1.1310203724458754,1.2030859760215231,1.0829062876157025,1.1470947911211864,1.0680743973890992,1.2089210315806183
gene_465,1.122071909840415,1.0837914241279205,1.1137878336501723,1.1158031980346117,1.105656954005914,1.1294848477297634,1.1057156324590838,1.1942869957606816
gene_466,1.113399095871323,1.0819871893922834,1.1478337082423296,1.1080494491867128,1.1373438340393254,1.1265993436166992,1.1040447370051008,1.111317888640092
gene_467,1.1178960671140385,1.1159528423955707,1.1070422026111884,1.082525451831503,1.119566883384719,1.186747954144475,1.1104048270315163,1.0443995118618201
gene_468,1.0962591666184711,1.1392604974632865,1.0758285816779842,1.133803811113736,1.1606762730951277,1.1237169593278156,1.128365532635375,1.0432425797647484
gene_469,1.1314059138490136,1.1057990697841404,1.0797023969767838,1.085441125978473,1.092642606452357,1.1565191949192366,1.0831146320033698,1.1385836066494204
gene_470,1.0840228280063882,1.0942731159512387,1.1961879948628846,1.19217950062181,1.1300304495183453,1.1363278921839262,1.1729033006513854,1.1266517865749894
gene_471,1.1071273147166563,1.098580722530723,1.1497099603343606,1.098449642060882,1.1291134484911791,1.2196800159781345,1.1241589065182052,1.1791222895906588
gene_472,1.2400836945995637,1.1522455543768189,1.1073718200608254,1.1822117586873646,1.1954694914441735,1.1765976832288836,1.170437645753922,1.149495030990343
gene_473,1.1583219777201477,1.0875015727700672,1.104562924627627,1.152183664995762,1.2250871246554131,1.2123897676554136,1.1029702025627195,1.1471822134877112
gene_474,1.1001092463933704,1.0952933381053158,1.1497477947688322,1.1789355258977716,1.13904140877843,1.1187406822154002,1.104056756635116,1.1306419914179993
gene_475,1.2055408216354861,1.0554807993603732,1.1161307158243554,1.0585064157104571,1.1354806354141855,1.1461105587989318,1.1426040196549598,1.1327610550467997
gene_476,1.145628020896491,1.1376120512760655,1.2000700949754994,1.087340937747798,1.103374205393778,1.0954494490915418,1.090252085760449,1.070615611322479
gene_477,1.1284687422003168,1.1549952210017342,1.2470220566678119,1.1197705059106304,1.1786371714229622,1.1401522618471926,1.1088117100088704,1.2342594391222614
gene_478,1.1689255815378268,1.178237964041112,1.1050438566779115,1.1713829045581643,1.0902925781264061,1.1592950630088923,1.1367216334348225,1.0939490641402438
gene_479,1.1244374142934683,1.151194364508867,1.082215932723406,1.1114308071272134,1.2096588541876216,1.0973879797609634,1.1073074377091578,1.078183195451056
gene_480,1.1926226803330464,1.0854875804208683,1.2445916473986727,1.1479339425588868,1.140252222087172,1.072345504518795,1.136120504671028,1.1514373166101464
gene_481,1.083876283136895,1.0683175503116626,1.0856701723888862,1.097575546769066,1.1069815814863875,1.1979685376246785,1.2024628245310338,1.0822731356893278
gene_482,1.1403376494576323,1.1761458572531451,1.1689011146312607,1.0823998771370107,1.0565931230558587,1.1068085969520502,1.2095372024360909,1.1680990431330565
gene_483,1.1653462897136997,1.153413616149304,1.1357049736827323,1.1702472667549186,1.165553361454707,1.2062376098689005,1.1401940972610944,1.1929975513081816
gene_484,1.1106496867841877,1.116946351660891,1.1007092048777927,1.125797093989068,1.1195978814650926,1.1972031040151414,1.1213315842841105,1.1245865228601766
gene_485,1.1445019050148868,1.098425858112621,1.1209661653919711,1.1087732390807536,1.1598283043806548,1.1880864939705522,1.1155303063972408,1.1059845446025058
gene_486,1.1388429665533497,1.1008896232737033,1.206673024669139,1.1746609085199011,1.1302130650061846,1.0952724246386099,1.178274107107612,1.1105168146101563
gene_487,1.083361098455235,1.0555492124156165,1.199180932550017,1.101265046750763,1.152620867262302,1.0767887033013857,1.1223520075740212,1.1786797101209587
gene_488,1.1999372972393587,1.0719435493929517,1.056508326744563,1.116898963873164,1.131277672067201,1.143964936479937,1.1581568894333136,1.1501544664110421
gene_489,1.1959428772278233,1.0996045447607647,1.1238510301053832,1.1249036076473435,1.1233978500392803,1.193605756389377,1.1297674033260274,1.1061581712122002
gene_490,1.1038148889902712,1.10432859063941,1.0746925523477595,1.207346750701994,1.2492874628581674,1.0908908659033916,1.1384753640051106,1.2237316175268782
gene_491,1.1514207480402154,1.1367965059090321,1.0930803571681131,1.1323512357821455,1.1447783387956192,1.1834650533128546,1.105101744637163,1.1681295353344519
gene_492,1.2097217084409562,1.078016480106787,1.1364755023143278,1.0674987598107226,1.1988964608309083,1.1185911103836264,1.1883829049821104,1.0617205283651665
gene_493,1.1217225527861434,1.1267928324097536,1.1128318203157754,1.1332783087739704,1.1496966263280368,1.162407707511316,1.1042000471217595,1.1225339097945282
gene_494,1.141692199878491,1.0889884452608258,1.087296549469707,1.1756486837798164,1.205005692740695,1.1861505187220933,1.0889618969967858,1.1324891154832801
gene_495,1.2083246232707245,1.1215216022694299,1.143580709927122,1.1021629143802218,1.219713076987219,1.0945817446258561,1.0572496322555143,1.1294819359807997
gene_496,1.186732702453195,1.1462132496786905,1.1995157110810066,1.1126725255919716,1.1403710000156895,1.1354444817494511,1.0861719357108819,1.178343223688966
gene_497,1.079124816010459,1.0796568002431495,1.0831099975438625,1.090281549192276,1.168084214156243,1.068835708233526,1.0433128962856835,1.1071724747755822
gene_498,1.1163120023940782,1.0777113885923357,1.076686642060299,1.0592677679295985,1.0888239880503838,1.1342616974771738,1.1028091756340686,1.0888059832017531
gene_499,1.109307608068595,1.1429585869116627,1.0918765336847729,1.1378151590761003,1.0721928099105993,1.1644068485899015,1.1123457520799707,1.1041662204140483
gene_500,1.2248189960238758,1.1043792876537277,1.1477380850308274,1.1650876463782154,1.1687840611880311,1.1967910343189836,1.1511577985325487,1.1483800300572875
gene_501,1.0741530368209433,1.079899519001839,1.188565579638372,1.2016915826409134,1.1299835763072492,1.1793364574412901,1.1094709622512808,1.0898534787542469
gene_502,1.1413095413781786,1.1063304267945504,1.1183308225487356,1.1563505954602018,1.139858125718624,1.1468986751647356,1.167080341269831,1.1160446234107766
gene_503,1.1803639919911242,1.0940206651816937,1.0931112135438987,1.1104216408238952,1.1466889424518134,1.1326739061144073,1.1649301614146472,1.1651284215553306
gene_504,1.1930347380970034,1.0472622639977411,1.084039708392466,1.198568649557111,1.1215710417913012,1.1763803905287742,1.0808692507127131,1.070462078336113
gene_505,1.0581920484155225,1.1067695336356131,1.1622159267562293,1.1059083463886912,1.1708165797751164,1.0970473648319505,1.1709737168879144,1.0644980730945006
gene_506,1.1831534242250945,1.089755063922231,1.1721972102610467,1.1116201335757103,1.126161478282096,1.141657952772857,1.1428039023987593,1.1278843208728893
gene_507,1.1546462348598237,1.066000221075818,1.1086943264510432,1.111238132520716,1.1315428370027591,1.1648671535781037,1.0953831190781498,1.0854526045192086
gene_508,1.187994036180688,1.1845413584542146,1.1142594562627082,1.1160833874143468,1.165463114419282,1.105283829199344,1.1581854317891804,1.1118578937151562
gene_509,1.1299240530256323,1.126531688532047,1.0684245802393546,1.086787504278695,1.2177849995997372,1.0960309434400854,1.0869438341398572,1.106319030907265
gene_510,1.1343203502241643,1.089154126622302,1.096048996190542,1.2094824855224533,1.2202363028601317,1.117024865774358,1.1012842409744754,1.0635380259113276
gene_511,1.1013649028186345,1.1189996917161642,1.1728298374728787,1.099521579774745,1.2030850248923817,1.189440654603292,1.0711938616140462,1.1261012591411215
gene_512,1.1382383432588865,1.090435098430788,1.1814289451529547,1.1852652087350086,1.2154518809425017,1.1235732576507773,1.08773829401249,1.0817198288961494
gene_513,1.077759255154593,1.0866744286886503,1.2175862080501787,1.092569323813713,1.1430929759787354,1.1650295242928974,1.2289791494651037,1.3047441487973017
gene_514,1.1410263554031932,1.1042824394704442,1.1171747480277778,1.1622690454213878,1.1864255453075,1.1315368054125157,1.1151506277565868,1.1055507388711232
gene_515,1.0584120054500141,1.0966268825295413,1.145439664666801,1.143798842442678,1.1440388807243596,1.11695755996509,1.1468334112602383,1.1500402518061614
gene_516,1.255906010683473,1.1674742901129058,1.0706469134218377,1.217906790524183,1.0947083535728845,1.1363097907256012,1.1946746225349616,1.1649790130814954
gene_517,1.1230016318378788,1.0718718295391647,1.1770228882996536,1.1034192467839539,1.0852153346618825,1.1067053124687776,1.095894498295444,1.0743944108035526
gene_518,1.1216795843686393,1.060510611617648,1.0773532209150505,1.1295196286311884,1.0837953755187109,1.0899111905301384,1.0807669046093948,1.0575490334897455
gene_519,1.0878716010506164,1.1025967283453817,1.1934455187677615,1.1543718246250618,1.1178604525105493,1.1828179429845456,1.122426779493539,1.1841980482475674
gene_520,1.147884957501119,1.126267114724384,1.1570943312826496,1.1184353364146724,1.1761144209748207,1.1109365203189914,1.1496995602758597,1.1369841661808806
gene_521,1.15896008169292,1.1019205633633198,1.1714347230408912,1.109383485657851,1.1436465522266925,1.1206674541198798,1.0769995900641165,1.1344226959290882
gene_522,1.182569240168514,1.053680895613494,1.134832068878706,1.1220398580557427,1.0818479861236352,1.0864839249934317,1.0915345791946462,1.1953250990572881
gene_523,1.2086561881937867,1.0891414817140292,1.1111844072182377,1.1265558927895278,1.093473426790079,1.170018936027022,1.1961986124153836,1.1321798979831323
gene_524,1.0832882972420417,1.0943658950572392,1.3035146006444847,1.1179879610474988,1.0850841829852143,1.1413248337846749,1.112010985839822,1.0945654631671928
gene_525,1.1673990742042957,1.0501610747230328,1.1141957711028072,1.1166427534951464,1.112669644460651,1.10404431898391,1.0886598143833293,1.080894908641049
gene_526,1.2209824951960795,1.1639771215978376,1.126046790350727,1.1378687297496335,1.2354347871526408,1.1199411430122397,1.1097756271862371,1.074292348297866
gene_527,1.082814799171035,1.0946106729719771,1.1893582472278303,1.1246849015671008,1.099730508885737,1.1766500006344212,1.1158301903375214,1.1351132520476508
gene_528,1.1818657085954734,1.1173659641011675,1.1210347970316756,1.2205398217080172,1.130279485520663,1.1686271449274042,1.1836435144560882,1.0856530758743306
gene_529,1.207784559330475,1.0736189615862406,1.1437235515836641,1.0894314078276672,1.2079529179826842,1.1642659359483856,1.1071509406088509,1.1261077765471927
gene_530,1.162127984828365,1.1371841250209362,1.2232827336333278,1.1863088368235088,1.1802866418775573,1.1014477497059614,1.1005223691545787,1.128362196075482
gene_531,1.1278288652288533,1.0592595682222956,1.105495181943182,1.0723175593444438,1.08402976894339,1.0878266950563584,1.0864361145913528,1.1218145385245128
gene_532,1.0969663297282592,1.0773450257315444,1.1134436636965959,1.1149697614738852,1.092761774887595,1.0938547302244317,1.1125746773546532,1.1363572002648523
gene_533,1.1168669327692202,1.1291706534339623,1.1317682394340551,1.1165402582965216,1.074319302113007,1.0551457212109563,1.1733723772048517,1.2159764003680522
gene_534,1.102936881640423,1.160939848232925,1.1144105436670773,1.0651508345296603,1.1314600980473577,1.132302212997538,1.183815658435848,1.0927675726893087
gene_535,1.1093764432552249,1.0839738079281482,1.1391810896289822,1.0910881770026744,1.1730597553246744,1.1171495329971113,1.0775643632716578,1.0880633597298262
gene_536,1.230586354695092,1.1249377287246767,1.189801689481185,1.1009577616513386,1.0921051635242944,1.1201939821725815,1.1574317965784213,1.1223783268790586
gene_537,1.1286308306593942,1.0649904379310937,1.1887002594999028,1.080134312129346,1.0854701453493052,1.1551613352187018,1.1262944286538135,1.079350320003586
gene_538,1.16672110428121,1.060607309953345,1.2137165405451527,1.104391341468038,1.1140025484237195,1.178835056840853,1.0833458641266112,1.1042961966361282
gene_539,1.1846432349731164,1.1444325363306773,1.1586696746796785,1.1978444122841474,1.2023510807596225,1.09485742064773,1.1602529379608597,1.183249577712858
gene_540,1.1671050028667185,1.0827086878494228,1.084025953196241,1.2535256922488633,1.110167385070299,1.191521829545273,1.110279875203705,1.0940761724865153
gene_541,1.1304419162258128,1.1310673998489928,1.2462268137246777,1.1017945439904504,1.125647047901652,1.1135957042911664,1.1020047565182802,1.1067121933464763
gene_542,1.2599043727267272,1.143445627062076,1.161587781481074,1.0993879499787524,1.1434209739021657,1.271503140906175,1.1465927099330386,1.1368303440946192
gene_543,1.2578674969270855,1.1027900296423023,1.1557845697303533,1.1400253018742597,1.218085994933168,1.1051498161878714,1.1205152830275202,1.1568167016020252
gene_544,1.2328596782399424,1.2069197997488341,1.0803170598821779,1.1988576768496415,1.1807157705984919,1.1139308343341323,1.1455115045498405,1.1394752964965535
gene_545,1.1098387370453633,1.09841873693149,1.1036643502100594,1.1452753005777199,1.1412706348264667,1.1111576907022478,1.0875888614515836,1.1566026245444632
gene_546,1.1349767686068974,1.1520162183669829,1.0755449525361633,1.0872693830616664,1.1328965175750434,1.113136575951773,1.1094721171394033,1.1227006371705188
gene_547,1.1895743597618431,1.1623768399953789,1.219389512521727,1.1904444499147486,1.1840576860923457,1.1028105214685093,1.1114478254581077,1.140611202263276
gene_548,1.1411530374294665,1.1563230108288776,1.073072552450895,1.0889163131870283,1.1026521157020621,1.1152769871838852,1.1465107909491399,1.1506716051632186
gene_549,1.103330867626835,1.0996049568526531,1.1872295637373669,1.1316449598684755,1.1109503206248443,1.1591827555166097,1.0887164816546377,1.237958528386689
gene_550,1.1633980021870804,1.1634364888494726,1.1688162831299829,1.1514774705385669,1.1778818828352418,1.1053093200039268,1.1287271715313691,1.1576903238304854
gene_551,1.1031586532136552,1.050819317806513,1.1415490026642154,1.1722694705218575,1.1431172798264293,1.0989703408692824,1.1247037058840754,1.0847342666176851
gene_552,1.0834521562308665,1.1229608963085054,1.1352515980108562,1.137131534778784,1.187618652843588,1.1252955966857918,1.0941310577973815,1.092101444411834
gene_553,1.148360031409936,1.1391503158603065,1.1284708615626886,1.2187441861949204,1.2032239591525729,1.1104892033417304,1.176090557129928,1.094218667065592
gene_554,1.1090572484468249,1.0804311963102187,1.0731799332926317,1.0680414142383827,1.1678832721659138,1.1286005906975478,1.0975535857741319,1.081868800691362
gene_555,1.0752318986633147,1.051227061752452,1.087560352351753,1.1418897426168084,1.0986701033645434,1.2251475230960804,1.0775654975422222,1.1485848422620764
gene_556,1.1680195643854967,1.0890883840379075,1.2044724066771189,1.1081711702480765,1.173310831136537,1.1221583650845404,1.1025829170414796,1.1693361464966996
gene_557,1.129248416864841,1.1182144281342432,1.0890812969678172,1.1127694643143178,1.1341878249157742,1.1385774121491643,1.0891822048294697,1.2448985166376827
gene_558,1.137343962535338,1.163577735233616,1.0673602506656827,1.098094692417617,1.0886044108702784,1.1142149466550462,1.0886712994753591,1.1614817226850074
gene_559,1.0614905488283772,1.1077487109833384,1.0911550465661952,1.131301077621103,1.1348648258050564,1.1152101176960658,1.0720324091945683,1.1390902328765349
gene_560,1.1240970966558044,1.062681924796812,1.194224243911971,1.167447692626171,1.1297935295437163,1.1923409523439765,1.16839730447923,1.1420269715659284
gene_561,1.0839236000292174,1.115326906130651,1.1251333546645241,1.218991215752743,1.1387418459342389,1.1095753453426156,1.078083870649818,1.1449764765870811
gene_562,1.171943128475833,1.0968378613106562,1.1985094654847857,1.1319155515364958,1.0937842803476554,1.216399090159991,1.0529033713844749,1.066552975209706
gene_563,1.2303698210499494,1.1088557160520462,1.206736577629869,1.1101650982900717,1.2116050905502724,1.1127957059662177,1.1221657060982182,1.1038176212813684
gene_564,1.2880266076725968,1.1162232061201285,1.2343749125140608,1.0737989322410024,1.1128413574482505,1.162107688675819,1.0842749212708849,1.1061413179128763
gene_565,1.173597061219052,1.1049222078659402,1.1886099258848855,1.12103280664582,1.0909226939849725,1.1553654465648209,1.0955246417075464,1.0744729688758936
gene_566,1.1150942080157558,1.08936410385216,1.0599214351611708,1.1287893606723476,1.0895866320706593,1.0930600903916328,1.1592140686801564,1.1871648572727826
gene_567,1.1162352668901054,1.2092664171381255,1.1625928881992078,1.1940365168437783,1.1491982538502008,1.1808211052927995,1.1658491846957872,1.139665403370887
gene_568,1.1460552623637208,1.0668348085019135,1.1604862614474605,1.0951923132931205,1.1102029292757987,1.093187835197198,1.1522846534498108,1.0910128024275416
gene_569,1.1678906803850486,1.12060286590204,1.0535575039886027,1.1760579940801703,1.1028405963044516,1.1477107656486933,1.0701762801731363,1.071811078304419
gene_570,1.201035189049658,1.0820707661828224,1.1132070323107326,1.1426949900421688,1.1426199925051697,1.2062688651421873,1.1472143083454873,1.1149466167020867
gene_571,1.0927927042848953,1.0797673905618874,1.195873696694637,1.116299959156555,1.1053417140368005,1.174896736352986,1.0761992235412936,1.0958287323986913
gene_572,1.0776329189812586,1.1437658336132566,1.1575866532479724,1.1137141703501305,1.0955915758590886,1.0400279293635544,1.1334173699819998,1.063447378431064
gene_573,1.2041605928462313,1.1308378824378538,1.1242569434744814,1.1841798608394767,1.1494171221366112,1.1563581503382823,1.0696472646613737,1.1144945485430588
gene_574,1.0855908835980337,1.1006537830719978,1.1758041565653456,1.1152607261991425,1.1400104975643746,1.086993792577311,1.1568091066999913,1.0973296785560376
gene_575,1.1728976305298784,1.1469668677414746,1.0797814694081418,1.0775376267087862,1.1068538138774746,1.1652607221711648,1.0925219685907264,1.1592357008803964
gene_576,1.1335621138192873,1.0933089695616103,1.0990732574317228,1.1310615326117088,1.0714330409057105,1.144998361284153,1.159154095262273,1.1301377219352393
gene_577,1.1490998439802151,1.0935697750229787,1.1539382581792705,1.160406216014407,1.1648550798153618,1.1041123605699232,1.1106896268291067,1.1196363642505218
gene_578,1.2294509895348176,1.204968675517028,1.139535397873194,1.2155844083487897,1.079487004202957,1.126704363368189,1.117780498188158,1.2175130381481958
gene_579,1.1036342678553728,1.1012572253689652,1.173658198258511,1.1131844674300861,1.0784299374145248,1.1660918533761513,1.1197679640375569,1.1065347094296007
gene_580,1.0876702908469515,1.1659047013967763,1.0769042681383925,1.1137228978728955,1.080432156358668,1.3275117337645903,1.0646061353927347,1.1710000080038148
gene_581,1.1809703490890517,1.0726198287859081,1.1388609662461164,1.143617469226182,1.1703498527431733,1.102046528328759,1.0716419695101476,1.116638903534098
gene_582,1.0832632797434452,1.0582931595154665,1.0901297159535281,1.2569355675286364,1.16484934943655,1.1533640869268804,1.1268657519378342,1.1284700790513684
gene_583,1.103331252325524,1.208924950272576,1.1605568265066375,1.1864868572441747,1.116504734017102,1.150121062884867,1.1567592031838316,1.1847431286806003
gene_584,1.1200044978249086,1.065665588525564,1.07319672287284,1.1382623722540217,1.146738279930833,1.0923606717162142,1.0886861197116664,1.106471923676165
gene_585,1.1023682417041356,1.1547763926244743,1.1012611293397132,1.0994038119642886,1.1830755768319647,1.0783934234065078,1.1268067501888182,1.1491194771697273
gene_586,1.1318714021467025,1.0755200056904084,1.0811991206511609,1.1842380343656176,1.165776993556177,1.1430652788977496,1.1179919057134096,1.0760660610339952
gene_587,1.1312001906243805,1.100373859465346,1.1519700183920203,1.1553129319723106,1.101898881047282,1.1160230130714595,1.133571664833312,1.1624554665508378
gene_588,1.12579455164828,1.1142187482782075,1.0951266711838215,1.1615639266786448,1.1844285825226444,1.128424379507446,1.173152309250652,1.1113498404455844
gene_589,1.1078928436460969,1.1262677500959637,1.1682390835351055,1.1123681112437094,1.1911243789691228,1.0982923607527342,1.2258957628440057,1.117098919876889
gene_590,1.1187847984806412,1.0964567945429982,1.0741801627577923,1.0861733547886703,1.114691693079838,1.114307607716792,1.1748988652431,1.1176966008569256
gene_591,1.1359912810113073,1.0854187953575822,1.1012668635346343,1.1132151951109128,1.1762542033026473,1.1154888908822629,1.0763406403231295,1.0711586248762148
gene_592,1.1597494454123969,1.1708780762645419,1.186156623000367,1.115382091159238,1.1633606067226092,1.1154145686665053,1.063845608096897,1.190883497192217
gene_593,1.2610650684095253,1.1280715440398483,1.0883781948758078,1.1230177075407444,1.154468341135039,1.1673937609596132,1.157313562793926,1.0960544720515122
gene_594,1.1435004937597688,1.122149451623162,1.0814111535555744,1.1595952022083393,1.158589670340991,1.1294226893991148,1.0823979869337617,1.0507300741601329
gene_595,1.201873678253234,1.1009265793021628,1.1872167366880022,1.143530572724572,1.1584463971928922,1.175914035664475,1.1527029357282401,1.1415472725176548
gene_596,1.2271191585406593,1.1616300055472082,1.2037137064569652,1.1416873262062033,1.120279364507722,1.1503397647622484,1.1392234438422228,1.1478333321281398
gene_597,1.179961971194205,1.1206817285851027,1.18433761013403,1.128391792600024,1.1746336540775262,1.1665469816218315,1.0695951761946767,1.1820983796438351
gene_598,1.198606243417593,1.07627921274954,1.1215004509706203,1.153355196494595,1.1823968030493455,1.1532196816091984,1.114792130668178,1.1066816556418155
gene_599,1.1993942929247354,1.1542679112836012,1.1924629142755445,1.2854881815294386,1.0886474886114008,1.0650683463232316,1.087322343924402,1.1727775127592033
gene_600,1.138146870501791,1.4404521226626947,1.6712543535210327,3.469912005398145,1.6851528990011133,2.2682967648692,1.5595250446165736,1.4415470416845062
gene_601,1.0829543617797872,1.1867116359502101,1.4634085966945019,1.5563729636589139,1.0974559042683665,1.558055835127713,1.4337911156193464,1.3995885271471988
gene_602,1.0637451231161767,1.0640055242917703,1.4580145700715732,1.4853156051727687,3.2715985690389666,1.3285041231397487,1.5644493470998417,2.936961472178574
gene_603,1.055412413587295,2.34609672477874,1.1946756184174887,1.196041513940376,1.5341968305114986,1.350335959446761,1.2414429643725169,1.1783359851434907
gene_604,1.071295123335047,2.0148901005853963,1.518109201497614,1.2027004077582977,4.1732450099925495,1.4111364502511938,1.4046953823332198,3.275100578077311
gene_605,1.0827696579024075,1.3201348339463543,1.7685186329599392,1.5888921856009977,1.6859790360981277,1.6023659769606742,1.7244674207992903,1.3467937189726424
gene_606,1.1842380850945695,1.8877826484879372,1.1585340703014457,2.4672439821504017,1.665162825084344,1.4520330435160989,1.5352881679703487,1.9128613511595451
gene_607,1.1516107490845449,1.760447133564211,2.0093774771195445,1.9923194828443556,3.300898191030596,1.732326534523482,1.3889240819364306,1.9746520745181513
gene_608,1.1101349159944518,1.0579752226935397,1.7857746796906755,1.2782677948671237,1.4512779020655404,2.054681859846882,1.512464266788874,1.3740073584113306
gene_609,1.1264578820506457,1.4772704987612102,1.4161527864283852,2.3705057709514556,1.8992489825804786,1.1751760251929595,1.20790849224755,1.491796009454557
gene_610,1.0506743492658384,2.6781209028280535,1.3709538362006768,1.330510635546997,3.622591812789798,1.7758250038142407,2.864810663092829,2.8588017824399032
gene_611,1.061671337238203,1.2518136244994593,1.8303348173697187,1.881603080881704,1.6868352798025497,1.5324729766336105,1.747427721990973,1.721704743459063
gene_612,1.1021586345803507,1.182311484437633,1.410809423877668,2.1765692355413724,1.2088045338683802,1.394188418803909,1.6717493466600777,1.2765196304869535
gene_613,1.0810060789743032,1.303159410087541,1.5902248411113764,1.1593444952120011,1.3109941261745868,1.8395466816900354,1.8263463664507844,1.455957282471715
gene_614,1.0732324973085656,1.2298637523210758,1.5809518319442595,1.4839925541999825,1.213126940490288,1.303379244577498,1.6190613426961613,1.6671979022436905
gene_615,1.1027304800595497,2.235174522332969,2.634599080642286,1.878235881113246,1.437815471683808,1.5861496064681553,2.7141842407679717,2.9598941149160973
gene_616,1.0614797558479157,1.4827714630890017,1.1812133413807304,1.1363558258777817,2.2979622794192958,1.97349294779338,3.688046940146193,1.8037879658374285
gene_617,1.073750017672818,1.150294639349365,1.4565684159236476,1.4666586059834836,1.1938207241683612,1.2429778349837375,1.5693048997307817,1.3041411564808068
gene_618,1.0313728259339527,1.2302073684437393,8758.203927801864,3.118859393834805,1.7155167250570686,1.5551625665181716,1.9363087139367332,2.13489073822002
gene_619,1.1165326762713892,1.7958030907356206,1.5876960266455473,1.4227157700994935,1.3314242896601736,1.503922885680318,1.4270926354173117,1.7774473618733797
gene_620,1.1197432319842011,2.054430418784611,1.6887166075861093,1.4476891891474561,2.1740295872066366,1.6837710683056741,1.8141957484514104,1.388069058340677
gene_621,1.0672130214000908,1.5949896895281654,1.271016913566436,1.67743129135121,1.1575101732301607,1.5451246522640965,1.9193917766960849,1.42995416879299
gene_622,1.0975046622103788,1.3585382018527699,1.300957038219324,1.246701203221437,1.33024089194319,1.308516656983371,1.889843668194972,1.7188021411012526
gene_623,1.0828175969635203,1.5128757787488,2.8100054358932094,1.5134180480468298,1.8995166852444663,1.3630938185664532,2.1807903626278904,1.7459694746936087
gene_624,1.0609888758733528,1.4605628630140803,1.5543668262041288,1.334132462699003,1.4253772107963953,1.2980960317069643,1.1576659121277133,1.1993220289931847
gene_625,1.1108766933147416,1.7603320206112363,1.1964776628177753,1.3677783362181137,1.756005630024579,1.4554616667126774,1.4818274769746678,3.3389885997859907
gene_626,1.1298289915880984,2.049812161800019,1.6178832470252411,1.7728870453696872,2.334428509864372,1.3107728831868,1.527145646694904,1.204379860552226
gene_627,1.0868735713745887,1.170191937855925,1.227712398006387,1.2816798501631792,1.763224065161068,1.3463564408686195,1.8160946432774956,1.1646798405799876
gene_628,1.1329900769646175,2.3096951834518524,1.529454977016142,1.819441988908763,1.5735700985391663,1.4546531105061382,1.7314621256407345,1.61402994319788
gene_629,1.0648521409433576,1.1921361194222218,1.9691099910761625,1.4246663791609335,1.6056969433603518,1.6374051303172812,1.3787111060471333,1.8630274872999575
gene_630,1.175092428313494,1.6267991811188787,2.129544820103996,1.2073599305931126,1.349267774667839,2.0335333547277803,1.671306460621147,1.463412952528262
gene_631,1.0986784920714874,1.5937960641226325,2.106680346102886,1.9558269968466158,1.3373084409498952,4.180624451818295,1.8185066699861925,1.444680469891677
gene_632,1.1246465835243458,2.7973779253490685,2.146872623528032,1.5706238413391926,1.9054387429397353,1.3956415090717746,3.020075342188711,2.2147225416981042
gene_633,1.0379493935922732,1.392999517707542,1.973576871596445,1.8269365378797362,2.2445953495604094,1.5318261983229737,1.2178514118733934,1.2214906317437784
gene_634,1.1177083883246595,1.8814964748039253,1.2558614679704327,2.3251871692510884,2.9425901760500492,1.415795375750813,1.4095526350004826,1.5631593296124573
gene_635,1.1085888631859706,1.2725698793693654,1.5770377454395563,2.3949167343497075,1.47388433985948,2.4607617429966737,1.417314919372971,2.862909912346402
gene_636,1.1066715234677176,1.9154181358969504,2.193289022218479,1.422434394940044,1.901898654678154,2.2402289575333993,9787.277504262764,1.3942388211583403
gene_637,1.0950451360245448,1.422955524718786,2.239436336812742,1.7317886832886809,1.3602772247421746,1.647756218276212,1.2750285787385671,1.5436667094795011
gene_638,1.0792939956657002,1.6283818804026842,1.23053546118663,1.6704274188877746,1.2272038114451715,1.1608545946787425,1.528189365927908,2.0026052758130755
gene_639,1.079019652825454,1.4486571583136818,2.4161092295768767,1.3859160990574115,1.4499364730019744,1.4152422783312317,1.840518946886615,1.2349896192695944
gene_640,1.0930054154917768,1.8901580453579334,1.2292581954124324,1.7070367322532594,1.4765700954934675,1.4747277144112596,1.1482916834689305,1.5016309803809307
gene_641,1.0558016493497473,1.6898975529487232,1.304102697415783,1.1614848548892902,1.3288866621112903,1.371745119227391,1.190827405140673,1.2946054281245567
gene_642,1.0918208056227794,1.187684226989785,1.6292829542397076,1.3903551017204019,1.721772750809115,2.3156922370367083,1.9834419602134163,1.590522111343523
gene_643,1.1276314744498683,1.417546987815727,3.163605414780261,2.0935847749056533,1.7032080140372945,2.080540266771923,1.3911264713250722,1.439158057905465
gene_644,1.0817906172733782,1.3042036166931552,1.5528241467331922,1.5039108021640364,1.562677637886746,1.6274504407107317,1.2724460007947378,2.3235426017212197
gene_645,1.042727976086685,1.3063748356044207,1.2109343460246165,1.5888322069220688,1.601781738599007,1.7852061596920112,1.3350990192580787,1.49184091444986
gene_646,1.1361232923601143,1.5747523910122752,1.2602462358796445,1.627798796593668,2.5070048340447664,1.2534293252088655,1.3984715907147351,1.902126996736934
gene_647,1.1068853852486162,2.077845313905789,1.3385059424939973,1.4560975599624457,2.470079673867388,1.8185459012390086,2.4236518694286078,1.4605251229999614
gene_648,1.0796363482886184,1.5326096179296689,1.4982197277698226,1.9433621993865484,1.9277816895721505,1.7097375867902151,1.2769487790497656,1.6417358020929416
gene_649,1.0965659582663718,3.82367741718749,1.1458804429404499,1.4951594168998241,1.2235097102877532,1.9720986100822113,3.3774283739280913,1.4034773193487051
gene_650,1.1390350708956885,1.2106932607683316,1.4309125591006704,7713.606017909807,1.2822232702397853,1.3362241198777522,2.147068594396704,1.3433888550950108
gene_651,1.0693499302319553,1.6816543191050957,1.409718367331146,1.37651951471953,1.4662690707116421,1.5717683430930338,1.632734182934642,1.291911868705868
gene_652,1.116104257658046,1.5216248969235666,1.2404864662304262,1.6014427651110703,1.8847425306351095,1.8685699670992146,1.67124982971518,2.28546435099278
gene_653,1.0944978974478452,1.4745830646954965,1.4281713304262422,1.4112871218449128,2.2364117138684794,1.3038777022831276,1.2730889825696106,1.327727512056574
gene_654,1.0397238164374984,2.77759847926285,1.090052813846365,1.3951733767256485,1.851767886763896,2.1638843699247965,1.551331017212565,1.516630418589404
gene_655,1.0577805698896583,3.4626179885285318,1.5086178071291763,1.4318522881225146,1.184491364950047,1.239166913152422,1.780998845236142,1.4862125126798278
gene_656,1.0614587275469902,1.6480320467958218,1.577976787193202,1.4657156127251767,1.5377785108009117,2.6321192491522294,1.2138254482996986,1.3750114553796469
gene_657,1.0968058998843246,1.2862584523164104,1.367461617037875,1.2318770852200804,1.6010624614947606,1.2693423509536663,2.5001644914390235,1.2485741828093706
gene_658,1.103502894681643,1.2479821348566495,2.457938295834519,1.226846113462395,2.324375926406888,2.7803360196991798,2.035858134157361,1.852312792347362
gene_659,1.0703797469498089,1.815344473314562,1.2327390503731634,1.3885203299852424,1.5332040059308256,1.2720510345896525,1.5515391626070083,1.8019622122860086
gene_660,1.1356897692940844,2.3867670294631713,1.6993883398907126,1.5329076576720053,2.0873833232244605,1.4497435418239175,1.270044622397475,2.4170557117469804
gene_661,1.0454938925343793,1.1678817261213295,1.6389721692261352,2.1164279687759633,1.3174147103962623,1.68803375729036,1.4428195668042438,1.3830268412559041
gene_662,1.2071305700851467,1.4480164802068627,1.7068623704433965,1.674279597155977,1.3015632050548736,2.131941622282217,1.4125388160264474,1.228631205609603
gene_663,1.124022465953792,1.5737791706383601,1.6576290358726995,1.4823518378005935,1.537868875029104,3.3664072163372523,1.3524338454003704,1.393484635233954
gene_664,1.0940196995035,1.7412628730243873,1.8697129861986048,6293.633849129186,1.5597623452511051,3.373584253119821,1.4333025141854097,1.809599885523841
gene_665,1.0689264615440182,1.470317790037269,1.198942451788669,1.4260248906071606,1.2594659591212956,1.252241934153156,1.317311710286134,1.356346887582111
gene_666,1.122199004473451,1.5621463502114257,1.528864313227528,1.9661542999755466,1.5208356102387122,1.6661347319624573,1.659736233351105,2.0651185931443927
gene_667,1.1398080400774,2.9438772813504785,1.7949882543343632,3.162273485448268,1.9684885670499963,1.4147781518484128,1.4928510873494636,1.4468225538739123
gene_668,1.107973760705443,1.6198333593339957,1.47541390172649,2.104847959694634,1.3392618290566791,1.8992557030416979,1.691922512193086,1.268538756698468
gene_669,1.079386332459362,1.806700392720364,1.5760536266885177,1.248232427586503,1.2933682923115188,1.6711915388688232,2.071849664657901,1.343787854959693
gene_670,1.1909316819041926,1.3520068396743636,1.263721398409152,2.256239302483381,1.4496763227982161,2.173522254355897,1.5091425975023727,1.6288072525404533
gene_671,1.0554703753593138,1.2885536961523123,1.3842595538210438,1.0924538996032502,1.2038334592561668,1.2914048610172943,1.2844004776850608,1.6855884230647997
gene_672,1.0903058050922365,1.3144679291671737,2.0128452619659396,1.4589535222249947,1.6739687896740454,1.4274693044284807,1.5666768702289928,1.4226464073696563
gene_673,1.0379586604974216,1.4192929093833604,1.3515268783240397,1.1144632060937234,1.467662089360589,1.6509282164380155,1.4055282270685991,1.3480219347632199
gene_674,1.06449802823763,1.1849587979940837,1.0642640038229298,1.629663837231517,1.416620259389218,1.759035689266534,1.7332324335876756,1.693252444678774
gene_675,1.0790219797653935,1.3234249041511335,1.604272828832018,1.6511933041920315,3.4762751940242382,1.6614812304874425,1.5493561794723691,1.4062043799627133
gene_676,1.1059468103714023,2.974696632621975,1.5501039900728535,1.7592252438748899,1.4180221745017545,1.8584986432466764,1.5895789221854888,1.5088429071588545
gene_677,1.0986500727404134,1.1508590211656768,1.5334069872644407,1.391445452059687,1.6497329766725572,1.6076231178632525,1.3534009827641522,1.90327875031309
gene_678,1.0761846935858337,1.2437048305721472,1.2662537064758899,1.5386026743946117,1.7440389279247999,1.3953075019249461,1.1564504172494636,2.074379929915551
gene_679,1.1152942098713676,1.2763527305092393,1.1629986868634654,2.071675318802048,2.06601185553855,1.3891246208270454,1.6845301779114035,1.2247247237160948
gene_680,1.1314837184627917,1.7585550226344002,2.0974946772950003,1.7640317264380825,1.561923873309096,1.6646153651315645,1.6212109152515701,1.2678278142480413
gene_681,1.1257079516615411,1.4274304444715735,2.2874882374058787,1.4577064271694904,1.4766006944106322,1.6574705403771879,1.318864236936899,1.537210048452347
gene_682,1.133804402457046,1.5099712507482335,1.8284253572014908,3.4066857092063687,1.4862589829177966,1.276385951991979,1.7027461297472946,1.7869583230077908
gene_683,1.0581904805566167,1.5295158315427138,1.1262835850245845,1.588426029385369,1.4465029028587044,1.6481191814709475,1.1998562758954137,1.310068846833744
gene_684,1.0951282944443215,1.3205932380747178,2.154789706696615,1.8307093070366791,1.589961145268898,1.555891342817568,1.7894404685716034,1.19716136734804
gene_685,1.0837132979154398,1.1472177498175744,1.2904541994417278,1.4810934970285876,1.248535868899197,2.0309438895529035,1.3563961201030212,1.4394187279873616
gene_686,1.0924991125471764,3.120342536239673,1.9640619046988945,1.510699965590894,1.9229229215438788,1.8877649708131652,1.4197442658511805,1.443012505264096
gene_687,1.1258339158927282,1.6452305550779933,1.82450871848221,1.5952987962881164,1.1831905112308023,1.9438724799135845,1.6730939316896696,2.1415761009749503
gene_688,1.1225522560752792,1.4336258385123315,1.1454903694469512,1.3525186680937327,3.8070537252687258,1.313344585712415,3.2540850203635694,1.7850192294968552
gene_689,1.121509592590248,1.2197296697958948,1.4590838556170924,1.371133289011768,1.2482515718932135,1.2410575777551844,1.8585691060677465,1.7667634034439015
gene_690,1.1009700017712052,1.3118287393564079,1.3280513735150703,1.3237888292145714,1.2202493644895096,2.357615791858763,1.5730029701894666,2.3573440486204484
gene_691,1.1358211592792047,1.2174634515349314,1.8394496282510349,1.5540461484272605,2.893003170245455,1.9115333348948456,2.144341934013587,1.4266380430423438
gene_692,1.1228050197046076,1.688205566980392,2.324942139673741,1.7871617963017534,1.9588892279612482,1.80190240036714,1.335257196440196,1.6409003992900653
gene_693,1.0922257574092968,1.8071451037917357,1.703349920669483,1.9965629592464709,2.221985961165641,1.7511207434476739,1.2828153357470231,1.5088769109486344
gene_694,1.100139405548626,1.1305424725954751,1.2872717836821583,1.3576452726159196,1.6883530497296786,1.436310461234312,2.1273665454972757,1.5563499144036577
gene_695,1.2887404332316401,1.2235946431478384,1.9440887150453217,2.0076649310343324,2.239210004597769,1.850995851842917,2.0598780043850304,1.7455808431466353
gene_696,1.0652056100367004,1.3811700273339735,1.1359257858551228,1.2569143301359404,1.2645862244440143,1.9203586900263225,1.7548152167284636,1.5064051906100666
gene_697,1.0644587141733388,1.4123842787670877,1.196722046030061,1.6088067892571347,1.9945325309221702,1.7050554176263444,1.3436737936437764,1.2502678688852862
gene_698,1.064561206976766,2.3153272112133876,1.930743849539193,1.4438939640668347,1.7259951807342842,1.1883314811392243,1.6149528650204368,1.6433599060912856
gene_699,1.0767010088717384,1.8901125962803218,1.4177119198125805,1.7063744224647468,2.2245941347178015,1.5725455718018975,1.4681618002950725,1.6778157812140384
gene_700,1.122530819508492,1.6554468471878836,1.910365589982134,1.3621066025333042,1.4467230507780662,1.2811818468274547,1.46190698898031,1.2107367430950016
gene_701,1.1461377879867325,1.5296735604041252,2.7305722854719416,1.2084701871816743,1.8242549509900563,1.2677319926719965,1.2440494162991842,1.7022095227180312
gene_702,1.0772143194114847,1.5116852227409867,1.5118584708340963,1.555423012855968,1.3822594824944647,1.8941009876084034,1.4670875240688699,1.5347266559439945
gene_703,1.0678412144546106,1.3500519838187863,1.4034397610871554,1.347545954617827,1.438442835877519,1.6623200389129986,1.3217019119875641,1.6065103531517402
gene_704,1.0893517521595322,1.4228483676302686,1.6910572044755454,1.4799591538176746,1.1593181544140103,1.8834058214762188,2.290541231902412,1.4747517740293907
gene_705,1.1004902529811202,1.6395459543763615,1.6818071451534151,1.5861442926664338,1.5485777412484518,1.7998317759946187,1.5793321004031438,2.3984263806033557
gene_706,1.0958395963333032,1.1185871818108766,1.4143760778300496,1.7723011033553742,1.4617617240071905,1.2678805397028718,1.9646173422464557,1.3391057290986608
gene_707,1.0936227965296064,2.064927581644707,1.4177711372959272,1.7942986505440013,1.7271018243348708,1.3326778766849892,1.9391824106694804,1.9288275549251552
gene_708,1.1529675403642714,2.0095643375542847,1.7423394350418402,1.1430724098605634,1.1256583268146043,1.6185197313226662,2.276577660311882,2.9760761922349848
gene_709,1.15766027061848,1.7469124246193055,1.8375671068703565,1.5258237529299985,1.6640241389342536,1.931435944832378,1.4902907367287506,1.7895422882670897
gene_710,1.1057518685096568,1.355676065826611,1.7258285712365293,1.1716206494953993,2.2984380279746444,1.4670321497834968,1.4263796580150983,1.3327172044074556
gene_711,1.0998629357904415,1.4386580256159722,1.288839351031474,1.5035146260111198,2.034743298377958,1.6731894072266869,1.4854233900609026,1.2574187444538818
gene_712,1.0804976230796626,1.1177135285356654,1.2367025802594662,1.2254787943005676,1.6239698922278705,1.5624003828348176,1.4128655102100844,1.2110922063963825
gene_713,1.126669771196808,1.3648659740178584,1.1745117459114645,1.371509338423733,3.3265531972365125,1.5244172799741555,1.563339350156657,1.4247352657530465
gene_714,1.1481623747807446,1.4815808328137128,1.6387611870783232,1.6857820810048811,1.1402918886597406,1.266003859941659,1.2953231244914916,1.6128222957182037
gene_715,1.116101767146201,1.1824637593428602,2.0346704030353013,1.1149692619607303,1.920025807419689,1.9737083534348445,1.4152220427934354,1.495467025772859
gene_716,1.0753270644366542,1.2590717072568813,1.4148661434008944,1.35281172203394,1.8409655750183744,1.6634680162953923,1.2826438430193405,1.2700671410630768
gene_717,1.0592844044164729,1.4633305756522654,3.3352179672618307,1.784531806132679,1.422524213200541,1.3223593237736693,1.4306301220670425,1.6237348427852607
gene_718,1.0708107429867297,1.362359644388574,1.45612459250587,1.96304629685153,2.45714053567134,1.5113949461140728,1.5338949240545043,1.671606875236537
gene_719,1.0666775195104563,1.346256289535375,1.2255027673052257,1.662089937194636,1.3296714775650191,1.5666539607466639,1.7703673371151862,1.854046453990486
gene_720,1.066219893683606,2.0468808950574298,1.482460509896138,1.4345187084197482,2.631474592176906,1.5487940032339456,1.406480537338529,1.6119094079834775
gene_721,1.0994129098754166,1.1708305828481755,1.5612498657225526,1.551459523682177,1.4872414454572096,1.2692610145968108,1.5587130758675174,1.6361872604698078
gene_722,1.055265812561439,1.3360829124534406,1.4037652295396663,1.4335290934918883,1.1723345754879966,1.5405885586587167,1.3059610417705991,1.1770511502575163
gene_723,1.0606934142817301,1.1225804314900865,3.019855765416711,1.3631467529203447,2.6296170738937645,1.3376578621266695,1.9172884154637808,1.9733680754014797
gene_724,1.0859172099116918,1.6208671706767124,2.1466057582683082,1.8725436525165744,2.165090523150365,1.2631182289335265,1.5527709372610083,1.9824967284763388
gene_725,1.117694717873133,1.2728526334230161,1.5746247978531194,1.204101868398963,1.4468345067757507,1.752119452270283,1.2262254207558352,2.0803029202535135
gene_726,1.0779385027600539,1.0761396413691833,1.7588127364548045,2.331300893868337,1.4805628992997835,2.4292632005275148,1.9425151833195355,1.3906902796445737
gene_727,1.0797268760136487,1.4207661965509135,1.4193100395024147,1.4078294971999221,1.2855089719523036,1.7339095696804554,1.7389462591242475,1.3529130250593615
gene_728,1.0987982562109078,1.8861866599793176,1.5879834990589066,1.4552236475064566,2.9682877605854596,2.128822671563345,1.6394573312433505,1.502536109136308
gene_729,1.1929307495775707,1.4267682039683864,1.7571907850382416,2.276840121640869,2.057781803371483,1.5737734267350345,2.0733942013032896,1.6810975384737643
gene_730,1.0735905327255362,1.1153316334658214,1.2447617084317635,1.9188962636259403,1.4505093227020671,1.3203876769439244,1.3400734717682006,1.1541534806195426
gene_731,1.1401040236153728,2.0722454423903733,1.4857317760961524,3.118454072920741,1.363889169361351,1.65432330451522,1.3848116575328735,1.4534937966782036
gene_732,1.0724052728159774,1.700808631170038,1.569126446326968,2.1737436439378706,4.0052412308428815,1.8139685846148,1.4858729562942625,1.3912040525647384
gene_733,1.0840638540210819,1.3740584018021682,1.609911658755167,3.750895413847916,2.062476569985523,1.2256927473252048,1.489930113469556,3.067354924586756
gene_734,1.1208262661061128,1.2877976032176974,2.1534571777489067,2.343929245205684,1.2305820398171636,2.3359793040488657,1.5502373979822357,1.505086718861596
gene_735,1.1258182239272174,1.3778926746499136,1.2038934019649572,1.5922764245424954,1.6553295086646693,1.478106196349607,1.692598329923939,1.299483032058286
gene_736,1.1524350462002577,1.4757096102550207,2.4266273535798852,1.7592023648475819,2.0949276989873202,1.6673833925224946,1.3693000386406156,1.7481969742592156
gene_737,1.0430677252387073,1.3091954214993116,1.2079588434989013,2.3114544491192235,1.3925426259463323,1.9694931672421958,1.7342303699884667,1.7571445362513785
gene_738,1.0611888565099319,1.0847286449223539,1.1513293737441932,2.7687014271525356,1.5509009331861328,1.5687239753774886,1.387314952814376,1.1602957925940485
gene_739,1.0632119017814643,1.177627004776746,1.4273934442932177,1.2263223732818507,1.5354570784931632,1.44622555578009,1.1504507600408518,3.195964122921897
gene_740,1.1008527367108638,1.2592511015137389,1.4844857559860833,1.7783605608011448,1.5875966003201054,1.6493612180738346,1.447676743460516,3.6196842761447927
gene_741,1.0830178634340066,2.615481113751973,1.4568641993885323,1.6557922484939518,1.7034866658564445,3.071487653687387,1.2294469864222222,6547.554365815198
gene_742,1.08134439629358,1.990068357526694,2.683585451355625,2.4595940989630956,1.7483658387814442,1.713715536848879,1.4378189659165392,1.1998741304090716
gene_743,1.1206620850552464,1.419858009445107,1.1802541281578527,1.8943926194650824,1.5581651554825522,2.3891563045221664,1.1954085323384223,1.9853672152429005
gene_744,1.104315638807994,1.6400258026474064,1.8157545748936579,3.6048063751954524,1.6515611269347632,1.2687275766143957,1.352053681246833,2.9662384316441583
gene_745,1.1151663043294273,1.3500222090967118,1.4007179602929016,1.3479406035868264,1.4352438594347905,2.1650213454727885,1.3319381183827368,3.7267478682913415
gene_746,1.1107186971346672,1.5040723727270968,1.423187873914314,1.1906416514144733,1.6466741708156547,2.8154409993568943,1.2756926590161601,1.6061390234273145
gene_747,1.1222143447600526,1.3706677222339934,1.4890700735238995,1.6112154183362692,1.5089153735815117,1.6670710083594027,1.5233567990079226,1.7224989393570516
gene_748,1.1226436317279063,1.5632203614646711,2.3236377290728742,2.2063545216460043,1.0871681963828719,2.619144939017417,2.637950861577649,1.922999636800098
gene_749,1.0994353217749915,6389.717083564347,2.025370841496676,7590.002040583146,1.8929348467853042,3.0932649095388633,1.4768045222662518,2.3975071354587714
gene_750,1.1129332196437725,1.3504330163479263,2.279068162684086,1.6127474036808225,1.282797537129573,1.2831124020741287,1.3644840369724955,1.3959214742476727
gene_751,1.0917409869343822,2.0763443963515016,1.4617907453607122,1.6346874146019907,2.101441230408048,1.6842981280425173,1.5258784418624154,1.716450406923655
gene_752,1.1413906671436038,1.3699564452507444,3.876807652471055,1.2988600621601498,1.8681287383056122,1.4060365199853717,2.1886025588214557,1.7526379158815464
gene_753,1.1082477645618092,1.4196305855356535,2.084210300622699,1.3223340897491604,1.3559735383108638,2.8777881138088426,3.2456823585268335,1.3670360949248985
gene_754,1.0379202987897762,1.294279744051061,1.6216316697376438,2.336312980102349,1.4830465518871716,1.4101696134997959,1.8211354392352563,1.994550954993207
gene_755,1.0445443352946744,2.068971773129758,1.3455974503381611,2.7218700175948345,1.462973881721434,1.6802992810440416,1.4446865080328248,3.229353289677187
gene_756,1.0690079756427844,1.6119077020488182,1.2750514073856631,1.3859500533928675,1.3766709183470052,1.4029418270614837,1.2444827611182043,1.288159559809753
gene_757,1.0563667492315543,1.3752590531275917,1.9096350533775694,1.6334127362876174,1.3040224568335104,2.620827142215167,1.3012973372580385,1.9616808699041168
gene_758,1.1425810064119943,2.0156150882947275,1.1515301937628135,1.5926900597488554,1.4045621643515365,2.4575201244923424,1.1814019675554595,1.2539800585175644
gene_759,1.1084289476650588,1.4792180559306296,1.6877801878005732,1.3871774410535114,1.7492965240499916,2.628488535410531,1.5718424436320448,1.3148124285829912
gene_760,1.107176479706618,1.1236798726519615,2.0006617198832695,1.3809420795888887,1.78909544582182,1.4611259901332825,1.3858367462439287,3.781225184645656
gene_761,1.0715859651110067,1.141405971719581,2.696028895436541,1.9620656511705243,1.1808217044253058,1.5416786777272922,1.2445830990785298,1.7979902477963579
gene_762,1.0561172078432144,3.3409287929197466,1.2794422287801694,1.3300984680272934,1.5850114977946708,1.5144691635684213,1.7768782731224728,1.6162657142286991
gene_763,1.102586511028321,1.5647901498795103,1.9073842701177837,1.8077251980549112,2.2965074877885905,1.6542693519416727,1.574542592919389,1.6061546388413177
gene_764,1.1110644024004621,1.1727092192337232,1.5447234205422606,1.4401046301861622,1.7704258382426088,2.371510544653286,1.7416486224015704,1.6921601457252433
gene_765,1.1170652590833998,1.440762921189193,1.585788021893958,1.3465591402120851,1.3367780984614772,1.4176864850768134,1.9390666608145792,1.5511093128189872
gene_766,1.0780698839619696,1.8903210092384646,1.2145048670302099,1.2942866253729615,1.7481158207500043,1.326467712938695,2.064208336642535,1.5002073817155042
gene_767,1.1037463200286686,1.775831464080148,1.5153339699166288,1.3350315741733323,1.5687460452050868,1.501398968590506,2.6044548621961363,1.2563505118028964
gene_768,1.1122787839409503,2.049710583189131,1.64219021525656,1.8771580957475211,1.9488991227518606,1.6476224286573862,2.0189765201783327,1.538944079950498
gene_769,1.0775497478153404,1.3218765399260857,2.405279632772534,1.7047947128208323,1.867342324472383,1.4583605566293385,2.2055657792989773,1.577044747835833
gene_770,1.0592347942913303,1.2696630642942979,1.6545020232717988,1.2944487817554713,1.1422061395285759,1.4141836468652726,1.1102448895431547,1.249397007217264
gene_771,1.1246835376409876,1.3180338853580333,1.61054503271685,2.4781828175013056,1.5350781205438166,1.1286855362693038,1.866585382425217,1.7362708079953106
gene_772,1.0579649182094715,1.2690392955557335,1.4407256724980364,1.1590207466453613,1.7180086354513642,1.3281782318604198,1.471328793736053,1.41813446599154
gene_773,1.0736525132168722,1.212776331021082,1.869559571648334,1.6388066839295543,1.4029740854672546,1.259493826418085,1.5107311255500995,1.2979195644569101
gene_774,1.0981325241488458,1.8240997307821099,1.4558924060034764,1.5799665268360916,3.2216034600322523,1.467500034320117,3.3615540830963666,1.582555305756357
gene_775,1.1206662689789844,3.518300125588777,1.1920094728611887,1.4108620314544453,1.9606389391060624,1.2446962062636906,1.5683638701583673,1.771493200783965
gene_776,1.092674812303222,1.5722201811537984,1.5160065489515753,1.5919523770888993,3.811784240888943,1.229276609239587,1.3994214942412746,2.39871138462061
gene_777,1.1180695367383355,1.81017176173898,1.1905202799513137,1.858776760472997,8706.371323004194,3.0126692215182147,1.8382162931851678,1.4317782272287543
gene_778,1.0803553786778164,1.3639837921673148,1.2981956622027766,1.461263557697073,1.332427299788739,1.4579371914393375,1.4864086675584252,1.4138483002513726
gene_779,1.1858110919552003,1.4893240971933202,2.423286705179039,1.4401829859242772,1.6465718726439693,2.0727219605783307,1.6811900402344566,1.5445770638589704
gene_780,1.0868615496204297,2.057907163077522,1.680174712531454,1.474942436036443,1.7712999201771655,3.8245457556281566,1.5655770439627363,3.806978546561643
gene_781,1.0942097468716725,1.417550423520582,1.2724862226306666,1.3447969467019851,1.3912878039491385,1.8048472923557797,1.3112303018940614,1.6661067182175353
gene_782,1.0532582927332614,1.9945853444372925,1.315535419424464,1.725898810944982,1.3138229510031587,1.1914122196650005,1.14926700968111,2.20167269561259
gene_783,1.0944144299134437,1.5815859760557434,1.2826270565415352,2.595605165962164,2.0856638278057424,1.5382808326812125,2.0192611698820637,1.4295154672763197
gene_784,1.1510308822481166,1.773538209826422,1.2472516575414079,1.470644253790653,1.6099396227817535,1.8447449784579502,1.2216827324334396,1.5287397742138435
gene_785,1.117550327503065,2.6301767590303413,1.267268448922368,1.6379697612142998,1.382211252601631,1.4303878387159303,1.5310608363172111,3.265196702617517
gene_786,1.1990404793186968,1.7368562157080922,1.6388481859770647,1.5016022845053263,1.39525920224768,1.3128169809336585,1.1764765023713224,4.154349641581705
gene_787,1.0780650059918437,2.530643891142645,1.8114023211037735,1.2393058731185578,1.700754863692742,1.5043289326375973,1.5614323958918015,1.878767442281913
gene_788,1.1415224958188885,1.3629651143224513,1.4301873269123095,2.59012252950674,1.4046080212275212,1.2315338950462604,1.716891752293882,1.3999009225519126
gene_789,1.128360796185194,1.4326205468587347,1.4006262430153598,1.3156406944143157,1.6635487114163368,1.6611321282004556,1.3660689058916469,1.899725717514688
gene_790,1.1043527809544653,1.5623201122365142,2.04628760472024,1.6225159579994126,1.45259891566034,1.8528533696895455,1.5047103981280812,1.3603980284270205
gene_791,1.0945338709647134,1.6344495123015739,1.140074458050827,1.4433083192332203,2.0233591636803157,1.6578755306320736,1.4681154364753186,1.1976635316490303
gene_792,1.0902740714035015,1.9064753199426003,1.919780813549392,7556.872188143212,2.203902953081253,2.079924832676419,1.571205643267779,1.5620449654387911
gene_793,1.0794975761242818,1.518420867064503,1.3451547088302636,1.5240836741820198,2.2720439388813705,1.4339705269559928,1.3124960005197575,1.344760970911087
gene_794,1.115511285041201,1.8458461806403192,1.3624291320782966,1.5541732327513698,1.6688676456610974,1.811487618709418,1.4496584311846006,1.5374976512928271
gene_795,1.100796865367417,1.3292505463855642,3.6923820119173443,1.4815447919738753,1.7211356673404103,1.8348865246715582,1.4330019119813229,1.6826506610644125
gene_796,1.0930555782228484,1.2695740702454232,1.4593610809906294,2.0798293514942103,1.2416222058973962,1.7917321244160442,1.7688253090347121,2.545702986619553
gene_797,1.1043144216760346,2.2871947187337676,1.7969856638244974,1.378024057595434,1.3183337430146975,2.3364370455213166,1.4428783855572893,1.8833929658287816
gene_798,1.0923528585595539,3.6720888709641084,1.5097076366315627,1.3093304341130376,1.380548517910994,1.3411929254457586,2.1393541551135566,1.2164988740187788
gene_799,1.1108912573676317,2.474018452237892,2.88163184647085,1.4861526532488034,2.13393243859836,1.875336441340817,1.2168778972343854,8112.251880336619
gene_800,1.1383438123723604,1.7592945109523688,1.5524104786158557,1.1827508015623447,2.849610745764752,1.2182271034744792,1.6638357477734027,1.7202158520732151
gene_801,1.1287783297015375,2.378452893531506,1.4529539084549343,1.9403354457604427,1.6403508033916088,1.0882227623127965,6258.600946734285,1.4944848733083536
gene_802,1.1190185016034777,1.8434524164391828,1.8458223896389452,1.1975280822997354,1.5639082303053953,1.0914396371084207,1.2875949708938648,1.3024515449168215
gene_803,1.0795690116035097,1.4078294257079167,1.2113845385530075,1.641160504293217,1.155665485777598,1.1294014350750976,1.4503807373953261,1.3743782995228857
gene_804,1.0524657251228353,1.5954505021139591,1.5146936369657136,1.634078292452273,1.2924920670783757,1.1553108100109024,1.2591494750972494,1.471053900441684
gene_805,1.1290456088434795,1.3437743517596494,1.7392206579093799,1.287369169958286,1.6891732851685541,1.165805189871694,1.5492491649728248,1.4480804006362786
gene_806,1.2757494449662141,1.42250786083824,1.55899033613472,2.3786364764699335,1.4297883530342936,1.214338864722241,2.4447953177057125,1.7659588169242773
gene_807,1.1381651112745275,1.5286883042608566,1.700724124416477,1.2365690872305761,1.4515944137181875,1.1619770338880475,1.591904961650238,1.646739445946683
gene_808,1.1837627511608222,2.1393914532040283,1.247598980072624,2.26167159689413,1.428180157824087,1.2473680289477482,1.9747701500733306,2.9331911013612637
gene_809,1.1157191324381734,1.3548410162261342,1.4775474827916246,1.1755201753901212,1.2549812303460885,1.1423446553254655,1.639639614745399,1.2987249580519642
gene_810,1.1047750256426954,2.3071785280175003,1.2098320155920113,1.396445684462816,1.34832859629333,1.0988514805027787,1.5450539736768945,1.0903846540458466
gene_811,1.1824963979440244,1.2049484080205304,2.499738336374095,1.5106366750836286,1.3297606041278316,1.1524943973886286,5766.129380873898,1.7654516083052894
gene_812,1.2748923664299117,1.4516347480138416,1.5702712701816037,1.2890154460637484,6652.885140186066,1.220264257436894,1.2575100729221007,1.9516724768001599
gene_813,1.1250026815299456,1.7232902494244713,5886.872391762867,1.3682305625283493,1.5988289318214202,1.214866361821285,7508.385245632429,1.1709245052398816
gene_814,1.078587092495625,2.0904532610616,1.302025639019053,6636.714366979909,2.535458711219977,1.1423895286346808,1.9125065386143736,1.3713515097002598
gene_815,1.127230604663187,1.5893372507954873,2.0498439848361554,1.8121135861867745,1.6199732796313713,1.1123997119942348,1.4666979680954924,1.4404560953268706
gene_816,1.1385095434302328,1.4422359263925397,1.3290466623267925,1.360451919422393,1.8263167998637757,1.1123124473799728,1.4303328761250271,1.6053012678865686
gene_817,1.1403520304874488,1.6663674441895933,1.5729337789341435,1.4651369932226823,1.8454760543719175,1.1253172793719002,2.23285262979855,1.2897980508476679
gene_818,1.1647668041876251,2.570492609749107,1.577279624209776,1.8518412554763537,1.9593152040604982,1.0829626754759252,1.4805059541402856,1.5934969795919114
gene_819,1.1694441926878638,4.315355903542432,1.4196330004349056,1.356447680967327,1.1326058190821384,1.1418871853296124,1.4281041033566668,1.3097656725765319
gene_820,1.1453077569998737,3.434678001867109,1.685704235741367,1.3157333513553076,4.524930091454264,1.1839849026263325,1.240658589854726,1.4466577616950989
gene_821,1.1852224927794062,1.6332089253443587,1.6767782611898379,1.9562060220037085,1.2709238969482073,1.1801326936737067,1.640827751725141,2.010406269434794
gene_822,1.1479713121663564,1.3544561481910002,1.3262696842787856,1.6270341842373521,1.3262359654309335,1.2703585049073742,1.8598431021725617,2.4068544164256114
gene_823,1.1021798549248547,1.3744452772769074,1.6877569089991107,1.3017687044611224,1.5915728774652975,1.1073822421980293,1.7183993140520244,1.6719694182403595
gene_824,1.1833411324577034,1.4837170208023154,1.7646692803695465,3.2792006212963587,2.8115343065376486,1.1272574824546453,1.8601633046874464,1.4362865729637397
gene_825,1.1457481489251875,1.4482208122096152,1.473698833089364,1.605481693004739,1.4601508455575083,1.10353551476776,1.377416329734074,1.6627706610299156
gene_826,1.1837475498493886,1.3277655553264986,1.8384811646161754,1.2166319270038168,1.5258785026716368,1.1646559102682597,1.5162513075312156,1.3722165219505051
gene_827,1.1064184711560037,1.3209740468083708,1.8262890364101227,1.3690720198982944,2.394491105278834,1.1478247083530702,1.1644179665811103,1.355247800669877
gene_828,1.15145823027403,1.3687260869737057,1.481452073597164,3.072320511227369,2.4141055735613994,1.1517690006689758,1.3347308132097633,1.979058335550865
gene_829,1.1602672743789757,1.3316152778987338,1.2639220020601736,1.4460385688640092,1.3268360513548694,1.192752325572452,1.9108205443016486,1.391821837169084
gene_830,1.194523442895792,2.4879927545425824,2.672791536493262,1.4381977055091284,1.9919678389487845,1.1192758615172185,1.3761974309028961,1.2476904923045844
gene_831,1.058211441958987,1.238254810152531,1.1260114275313013,1.876133272961332,1.5738947644421093,1.1013768567950637,1.10549834514518,1.2712120501507482
gene_832,1.1129994341388647,1.9642588187354972,1.5212480824804062,1.2637471585181075,1.742921622814108,1.113952639411648,1.139520366709278,1.581223607928708
gene_833,1.0937913867478584,1.4969974549106213,1.271127387779255,1.2438431621883788,1.5124359631237478,1.0974065345681274,1.9204782431823788,2.206069482575851
gene_834,1.0943729854286492,3.0285525818103958,1.2444144623718019,1.2145783096238656,1.335535221104475,1.1183431476917796,2.3395682012723538,1.4586440516374588
gene_835,1.141962570238105,2.7555615760121093,2.253364392394492,1.3647011265004687,1.625950331314431,1.1237327283402339,2.366105318603973,1.870028854789765
gene_836,1.212254346227414,2.337537474297042,1.8093171292429497,6078.183032445674,2.930618172073499,1.333962931628328,2.019559223771965,3.248639532027156
gene_837,1.12975921299197,1.7042712634218462,1.27974568081671,1.2629257470491688,1.6498229060238592,1.1401396864222817,1.2205733599776327,1.9788439903702584
gene_838,1.2090504549576477,1.4925511266089129,1.5656856695954116,1.2109025528616892,1.1899157669491012,1.2012573942422857,2.445850203587618,1.547033218892711
gene_839,1.1466222655309788,2.4152075655219036,1.4430922118040097,1.4288359029678792,2.6897355451471103,1.1292412394657472,1.494595801097292,1.9715553968693527
gene_840,1.1732230659444813,1.7009664552397108,1.5673072760446207,1.7834843370097837,1.1419682385405658,1.2085934302897303,1.3589385755152945,2.9706047729348564
gene_841,1.1598316716165957,1.3014612682053266,1.5522185794073304,1.8435590266106636,1.5481441957126865,1.241015885841696,1.598396769667871,1.7712474468392423
gene_842,1.1356197739073444,2.159660173276474,2.713466368126677,1.9577863979895869,1.4201145397812636,1.2030825564270518,3.6752720064110473,1.537324634408798
gene_843,1.1628833588126224,1.2381563916584917,1.5783050380540014,1.553145185537043,2.1947471839171584,1.1705520798556956,1.5010590309212428,1.8903382912188371
gene_844,1.174513564929579,1.6946976053087786,1.4759228286645842,1.294577968344947,1.393916684930418,1.1181759214773797,1.507253136760948,1.9827850631915658
gene_845,1.1634305956959046,2.2810117397978926,1.640362439908854,2.1530859138480136,1.7233438085160027,1.2116108721079124,1.5292025497062305,1.7826293561691318
gene_846,1.1850762674309603,1.7811649949874733,1.1977866087590814,1.4922535931679413,1.51628148471357,1.1262474860387406,1.4841998293666174,1.791086992536127
gene_847,1.19411259354777,1.8403335238275367,2.2475048846511654,1.1673605104163827,1.4257642558158183,1.2247448456737302,1.192705805658312,1.3294680778077128
gene_848,1.217198152905386,1.2845590435625498,3.082415199867689,2.8715160681159824,1.4845941443461974,1.28144625552292,1.6150636440576973,1.3347451367385488
gene_849,1.0751477883859053,1.5888045833915454,1.4086684108250558,1.4359424145588704,1.3205795280369386,1.1465218903885153,1.8299677106862038,1.598146348884682
gene_850,1.1758838864435048,1.550178773726552,2.018545901939141,1.212894546942614,1.4331195896408393,1.2159378253331725,2.29673066156522,1.6406844582022078
gene_851,1.1533656542672077,1.6260300788725361,1.1401291655823587,1.6232609874183797,3.05098251664218,1.1561379706019657,1.9153791915330527,3.2665936125972825
gene_852,1.1403558040711506,1.1227908415451622,1.701821133418494,1.4685582248711968,1.5714173166443803,1.169156694708989,1.6813540617630893,1.848729152288584
gene_853,1.0619884176424206,1.462291815647487,1.575886275432294,1.516855422659106,1.6185647586448797,1.0633505689986424,1.2045460591993755,1.1382853671585982
gene_854,1.0796986191546871,1.5545770600453577,1.739174832068261,1.2310867484893127,2.6325428311773402,1.1700795258678405,1.7874050341348993,1.5167851318619447
gene_855,1.1697464000899993,1.509845279585995,1.2298378737819038,1.2223802407314024,1.3469242309693852,1.134350213398227,1.6177527181798028,1.2801500727894812
gene_856,1.184452872673199,1.659217016702114,1.1433654973806784,1.718260426017421,1.5047073810248164,1.168786291007166,1.6346048748215734,1.4712314416418821
gene_857,1.1140007346592322,1.2523401923410236,1.6183099908679381,2.8536346629078304,1.6912268141147524,1.1108237076482577,1.7791868120149186,1.691178237077017
gene_858,1.1228301740179356,1.2313260797498575,1.6541911516126584,1.2288804109437972,1.519974101710892,1.1346424864191014,1.570345731234627,1.45466505107502
gene_859,1.1365382193040001,1.4611738734245237,1.3655396581764419,1.2099372140058724,1.3054209573678566,1.149556264715592,1.3558804244685678,1.739854065928142
gene_860,1.0576734895457431,1.3803225191732806,1.8428008080442646,1.4502953695838947,1.2948308490636695,1.122394045751581,1.5376042623893678,1.6450627511987974
gene_861,1.0994221347334534,1.723524150064643,1.4264965102287692,1.4217683167535167,1.5046454424974165,1.1531285282502521,1.6337306189624625,1.239425978043767
gene_862,1.1281694073890673,2.371417972775699,2.3499970169119964,1.3969851934676456,1.65664140954149,1.2428514188203852,1.1793981726097138,2.0345529365441317
gene_863,1.1566286595215165,1.7944434938188454,1.256458953397177,1.3269608058542837,1.8949080132590639,1.1465187972534239,1.275127717661787,1.4487771026607954
gene_864,1.1686718146665562,1.2326231416868536,1.1889758232572074,1.7987327966224387,1.3720283817076542,1.253449808531481,1.4884610384070585,1.7176787730417082
gene_865,1.1006536202705297,1.4133697649495964,1.2479569280603307,1.9885749723103296,1.5749786280635765,1.1051475835317963,1.550739060201592,1.6209351084206165
gene_866,1.1536094353397208,2.1143472833386934,1.782515310799352,1.3801569600261374,1.1182061252732287,1.1046680269085911,1.7019024899374864,2.7715594158783747
gene_867,1.1678071056089945,1.883382706494703,1.5633786887631698,1.7985895630539444,2.097246981049628,1.1429502554021034,1.4390272613551673,1.6533833386727335
gene_868,1.1331718950129952,1.5464482441179253,1.410306651661588,1.9138877242245476,1.5484467016218433,1.1839773380326082,1.6354942213166488,1.1557487239851467
gene_869,1.0959686377378077,1.4876381573974589,1.5160371683318892,1.4586157848578147,1.4612923274774863,1.089250118401946,1.477360016548178,1.064437915235967
gene_870,1.1544030529022427,1.2475575883297267,3.2418115169403725,2.058990327266604,3.124550855980283,1.1573179673023835,1.3250432352278274,1.5755373650126712
gene_871,1.127960066168026,1.3608112887192223,1.3650182257165266,1.2311169786351628,1.7669582317030101,1.1848868177812086,1.9279610599816548,1.4786756176181677
gene_872,1.1817542579919469,1.5864310805024133,2.268784735570148,1.4882099703042653,1.661217280342439,1.2135610399500583,1.9110202072877247,2.541802728530682
gene_873,1.3268525296821716,3.2102319513131583,1.848626969902666,2.6601865219306404,1.9156444312477634,1.195119491353583,1.3143046458395173,1.4604259069779468
gene_874,1.1774383106989126,6713.568483339301,1.5500001971728623,1.7497246775687623,1.4484414592228232,1.2138237170713602,1.9502729970024801,1.2511006029662586
gene_875,1.248356063611474,1.481236995140828,2.41223936351037,1.5205566766969874,1.519313890478903,1.1749865474028331,1.3765917951656037,1.444927814849352
gene_876,1.1925474390974098,1.6110724202576483,2.8732749094672854,2.581927441092822,1.965035673916909,1.1247851340876682,3.1635420820073854,2.4912257207762543
gene_877,1.1564126377744683,1.6972677959196742,1.5750619487733124,2.790189735341028,1.4799281101113992,1.1739178454635981,1.5364726729049571,2.0191912211444154
gene_878,1.2481741372887671,1.143062696448959,1.284974540720381,1.9579054026949019,1.7683453375861222,1.2632033335633628,1.3327888492911943,1.668049644781429
gene_879,1.0829284816794305,1.3575999073885812,1.2489800904863797,1.292129677442729,1.2973387529510028,1.098936745724188,1.9224166938346272,3.1247456552026853
gene_880,1.145169760405344,1.5626416993710979,2.8141421100424306,1.758278745253759,1.6706857096425167,1.1594016168110788,1.98258355953274,1.4985883383129377
gene_881,1.1210071692593495,1.5818385604391036,2.13120805216609,1.395812473208391,1.4772461124154017,1.1020045942322936,1.536369190355967,2.369719995663601
gene_882,1.1346559848543205,1.687069062222586,1.545013072895191,1.6494391637620638,1.3733296855905968,1.1414822382175678,1.75199051319811,1.482699563676446
gene_883,1.1542858098711721,1.9605624142902511,1.7216590733096733,1.3610073666976945,1.8607115858695864,1.0883393779020498,1.8789647694805482,1.805859244705705
gene_884,1.1007083581267707,1.4446132898341937,1.1293282888999243,1.4312172297857315,1.2481225116524377,1.0980002520462282,1.4889837771053402,1.0712338136363544
gene_885,1.0967613717912061,1.2793573807301468,2.026420648654377,1.2900532348772098,1.1533860432675584,1.1233205941683986,1.3001000167413208,1.3377267392210515
gene_886,1.1197074354880612,1.615009268246768,1.353913275585858,3.531496634349311,1.4346320145253952,1.262198804311686,1.6663318299160295,1.286508484888522
gene_887,1.159021148950771,1.7181622626825006,1.3059046323172288,1.2905384740573371,1.6255039167080216,1.1299864020080566,1.7505797601914304,1.202776111958841
gene_888,1.0962488629874338,1.5609165350062049,1.4023877028343616,1.6276439110996301,1.2679784282526525,1.113301339859606,1.33655797945889,1.6553021937349017
gene_889,1.091170287116157,1.3348666182063795,2.0193649373570124,1.6381753936193693,1.6121101980358759,1.1121673645943169,1.3305667433577275,1.2928221851141408
gene_890,1.2321424525144482,1.7964574707485528,1.2858938608813077,1.54765735337349,1.5145554251918867,1.2005479246191675,1.3393573271155654,2.314740666961228
gene_891,1.1281820074060487,3.286802927278824,1.6229809677334313,1.5342638264434452,1.4501982351827445,1.198924717487663,1.7263073583492883,1.7258736333681886
gene_892,1.1209545173425475,1.4213914738447917,1.6052408089178103,2.0364896107867505,1.4725254760291124,1.1116612752059105,1.3045687935978916,1.7620253756043236
gene_893,1.1465463222937922,1.8866259511998533,1.9472490051740645,1.4597816351287232,1.2546394201502133,1.1630770822429317,1.3222790586837543,1.3943450257592391
gene_894,1.177206844823562,7384.113760676148,5709.606446571452,1.6267902375320895,1.7659013965788677,1.1471362075755114,1.5497091444858302,2.904372768772871
gene_895,1.2009043369892967,1.5738431931566637,2.031499490667335,1.338015743773255,1.3668565842217448,1.2080292449842078,1.5906820263546544,1.8609759543030109
gene_896,1.157888250861078,2.9000305797756716,1.3197292789083537,8176.625082925154,2.0512428847269075,1.1335397803408878,1.1999959382845848,2.102240987637683
gene_897,1.1052847329144084,1.2678219097227454,2.6715357777486455,1.5228101414444406,1.2844581798427732,1.1953257488192983,1.2915960006212974,2.568443577467079
gene_898,1.1613714175238905,1.1988298964790558,1.4658643150545907,1.2754273465885604,1.325481398707548,1.1821163864778022,1.213089715578721,1.5281419826367906
gene_899,1.1054712724379314,1.6578996678717355,1.3131696145071856,1.414446921623414,1.2196717025453976,1.1537978810813316,1.3869275171012219,1.6433638209019636
gene_900,1.1673245873934193,1.5958902305094997,1.379487651619188,1.3178196047477895,1.6311256466157267,1.2076451972437914,1.3560626284690755,1.5179115128602036
gene_901,1.1258990694624484,4.188985324793198,1.8656906025762485,1.5403305255604869,3.70528456593577,1.13617239196864,1.6947555824601517,1.3926143573091962
gene_902,1.1239058454498714,1.3479179724438393,1.5777820344354805,1.6758190226158842,2.081446064312159,1.1094615390497862,2.7049969486552476,1.7330146102744772
gene_903,1.1199868047286876,1.3888914543018536,1.8580265668309988,1.6265521323172474,2.0566545238759697,1.1115077463847476,1.2965339245423155,1.3638296806226846
gene_904,1.2645925579404322,1.4082193604441162,1.718554333070259,1.5079819215521992,1.5393730297185046,1.2612754246900013,1.5202320711627064,1.3586307264243032
gene_905,1.197760941339709,1.4566053035500903,1.2188158800838795,1.2345791652452596,2.152535578866701,1.2009906193843716,1.2358973248421345,2.2147648440823926
gene_906,1.1779952990558051,1.8399312230858358,1.449767383013855,1.3873863488173659,1.737552265657892,1.1868617601116465,3.1986989463408895,1.3118503787272766
gene_907,1.105567395038008,1.2294607168534335,1.3619608325600365,1.1958289564515066,1.0639603216929356,1.1226800057076314,1.2890008694345967,1.9895280947150809
gene_908,1.1659475125766523,1.4380573528454625,1.3570617436256713,1.258559866255855,1.5591685967926687,1.1712525000382334,1.1701215372508045,1.24160015236461
gene_909,1.0796706196424875,1.3339467461233627,1.4037703768591248,1.101459262567039,1.2880807087825568,1.1337285326753064,1.1549255761580304,2.0179669413556223
gene_910,1.143637993485237,1.748455569948828,1.6158352592160687,1.294179878566128,1.7325965021010257,1.1746830366560135,1.2252408354750537,1.1088497623809987
gene_911,1.1470386731679123,3.2973344123795734,1.3367889536624318,1.5828509074479102,1.1008640641604377,1.2160663459714114,1.6494117547094573,2.335846818660919
gene_912,1.0935929233443675,2.169423713440518,2.182425615538934,1.3455665185239611,2.2564328772051487,1.1108861607704132,1.1950878178774549,1.3375119583340842
gene_913,1.1475009640217926,1.3220942946840242,3.592161794761076,1.3996129453229946,1.4501513128712444,1.1168830057085766,1.77393250046316,3.2821761045823106
gene_914,1.1608217535787884,1.2884033631242373,1.455892808610255,1.2209219961295819,1.68450560833534,1.0976141630013447,1.301516817251829,1.7600527206901129
gene_915,1.1292327999241494,1.3125769714774185,1.3317838007004636,1.1061932293048664,1.9654655729777513,1.1102643549705022,2.027678109923247,3.1048420562630747
gene_916,1.154750122719846,1.3419346019208005,1.565977741415567,1.9205366773006616,3.44752292207759,1.135460202269037,1.8984788699563746,1.1430313475890168
gene_917,1.1480292820822091,1.4965719539542628,1.3502960795604426,2.0285574370314383,1.5068041514792916,1.124817347284108,1.7647540792174177,1.3237835496748773
gene_918,1.115696855219916,1.45227539220821,1.5404009757594375,1.9287617598181126,1.2469624719431474,1.1220620297385187,5049.3725648984355,1.1513345768634256
gene_919,1.228744863522705,1.750759390768621,1.4047103834446477,1.238169322917002,1.5908205931952464,1.2301035945208225,1.4966689167521692,1.4514258527450083
gene_920,1.2308678512691322,1.1866213508121377,2.7438495811777313,1.6569522663601939,1.3863840988496214,1.2997611966307532,1.399319318910687,1.3338456974297253
gene_921,1.1578813894465034,1.6525501335589052,1.7045610807347333,1.4442739331518095,1.7027944391987648,1.1658370448545718,1.3968118464908095,1.1825366754695135
gene_922,1.261370329027906,1.3600121332027781,1.6455395537824178,1.4384850220592524,1.2799206783631192,1.1329816033372777,6666.219718144027,2.120887707944924
gene_923,1.1711880634421543,1.6140780443561686,3.1201228640679735,1.7828614849039977,1.576481169367296,1.1309632930188442,2.4523054317647883,1.9069419314587612
gene_924,1.0874006975711683,1.528048134947198,1.6381391826988674,1.6412846162575503,1.2384688451286845,1.0851052167008004,1.3206265344533958,1.1962691655409718
gene_925,1.0643244304247275,1.6485242530997806,1.83945717695899,2.0294814076919767,1.3408810832591034,1.149148305599769,1.282137627696729,1.2081585005813
gene_926,1.1548077464704063,2.27780329224823,1.4959461188471475,1.2492849885942054,1.5602305894436745,1.1251202437945693,1.4185399373653222,1.710684977435475
gene_927,1.1212463268743764,1.2586443054682201,2.044558561622423,2.3964511594935125,1.1846839059134664,1.2282765425046014,1.8610444841281832,2.206352236122938
gene_928,1.1606769239206691,2.448239159099917,1.3225026884121147,1.4503897066419957,1.2512177243544764,1.1731969705121843,1.7646990965144713,1.589431442284518
gene_929,1.1456575969913902,1.2345302211776543,1.3918709265447717,1.4729148878226568,1.2930104861393885,1.1463977403724344,1.4106712613488106,1.2748952054208647
gene_930,1.227065149587711,1.7775491215332275,1.6112944608699113,1.9924480267945186,1.2543337647312243,1.27021967068324,1.226990460509694,1.6305601751183545
gene_931,1.0912040923392834,4297.2871595382185,2.2444187271349496,1.245578935016905,1.3792273233134333,1.1277411095969228,1.6554903640856344,1.3849962309622608
gene_932,1.176654191593807,1.2441950227822307,3.0408551318339,1.6068838258267002,1.208961840016663,1.169843241145481,1.628828484588952,1.6129102449726525
gene_933,1.1462697832850806,1.5103055865034636,1.6249786180058248,1.5689621512491083,1.6513981138713523,1.1565232760241944,1.9928983662635669,1.5284788679028105
gene_934,1.089892898044759,1.2673954947283752,2.0568202757646996,1.2963777882074452,1.7440495346471236,1.1716128139804314,1.81094607037705,1.5290385543489986
gene_935,1.1396735716136408,1.6538844264381503,1.6165851837361642,1.4330692653794723,1.6346823843647467,1.2125672754225107,1.676606298523225,1.5311870344264082
gene_936,1.1255354478949897,2.0914538555334037,1.3213820765837956,1.6185750060264565,1.7599391506861304,1.1174414758593412,1.1455856090001442,1.7210692786910613
gene_937,1.1238238775173293,1.2174202263269327,1.4201074080656613,1.3656663922206986,1.324600054844473,1.0916662701596536,1.349004867507589,1.291201620800516
gene_938,1.206435369237738,1.5963323242847172,1.5399830642911505,1.879605549837292,1.5535018433762675,1.1706790549817534,1.7598268238160988,1.8901829010506401
gene_939,1.167999846401417,1.3653675448008658,1.2557934060174116,6409.163765235406,2.035567010370488,1.2769481440971362,1.617793062931464,1.2391318495499477
gene_940,1.0657096287335444,1.6758721148578655,1.3438977892978166,1.4277335455426472,1.3192933833746996,1.0680895859343997,1.116873954608238,2.0253067695006006
gene_941,1.2209015452091172,1.187245394689487,1.5161769085376153,1.4551619122566732,1.727944971897134,1.2680105262599894,1.3285426189880225,1.4755587052536137
gene_942,1.0856902298416153,1.3909785911976786,1.481489287628215,1.6482504296983413,1.809965025413384,1.0503017005798234,1.2138454767648565,1.3185814396941105
gene_943,1.1254930128987415,1.662585451941221,1.9239617465884398,1.607469007674057,2.7594271289425607,1.1050933097181008,1.338978379844132,1.3596710599124793
gene_944,1.180473658718848,1.650461696102174,1.8757764802285999,1.5278496126153633,1.3523443824040735,1.1703267152755983,1.2316913586448048,1.6229506840962546
gene_945,1.1757078221984933,1.3966181686080847,1.6003160954944098,1.248544402746172,1.3590385804098195,1.2235294671732257,1.3892755061686377,1.6448860204906195
gene_946,1.1581730068284515,1.290263240342468,1.3560563738779756,3.5424003224690765,1.447193019777498,1.1638622131950398,1.8067559848696626,1.3828580556624561
gene_947,1.185347129672856,1.4899366904069407,1.1876755903644904,1.3361940791034488,1.708553467704003,1.173477468100211,2.3870669116684216,1.883064048943464
gene_948,1.0711081879657545,1.4915265465690164,1.4772346597375403,1.197766191014431,1.65502065981943,1.0748231534182555,1.1876331305551793,1.6416373162405087
gene_949,1.1645617497641523,1.2769217718822488,1.33265746347132,1.4067988537499174,2.249839377208794,1.2028115733146565,2.645801639436567,1.4484593523315046
gene_950,1.1390855716994877,1.604055097734551,1.7473709290195472,1.354158510958154,2.056366752865676,1.1725286404309656,2.0878228652993065,1.1858136069891714
gene_951,1.2584245203525484,1.3842049808612151,2.4186103306365245,2.091776116259615,2.6626666340918996,1.2046632200002576,2.283695217759178,1.3897892874528397
gene_952,1.1689535881203956,1.4884625670597957,1.8979823602302053,1.6330296510314526,1.3694468492435445,1.2218978518324946,1.4232583217159336,1.2290786915372396
gene_953,1.1406967673523303,1.8520725060178436,1.7204434484699098,1.403557704438704,1.923323133197788,1.1812848188323901,1.3083860738315036,1.6654678774890332
gene_954,1.1215642730555617,1.3482310161659223,2.0769386690764096,1.4132556185691982,1.369953972682365,1.2573877411338596,1.5078094190277407,1.3278229988432664
gene_955,1.2011182814286325,1.6131151640214632,1.670789323022181,1.6873520433884877,1.3804140411414316,1.1485401026666304,1.2829683016658096,1.4494210110966645
gene_956,1.138307379191044,2.173546885422732,1.495101777316107,1.5063256519316124,1.6767392510001773,1.189370237363385,1.7323941616741552,1.326872703095906
gene_957,1.1371950888520481,1.1192777703089563,1.4737719765305584,7146.227958170924,3.5138593526900097,1.161985641174732,1.4311506147193929,2.6618278367599113
gene_958,1.157699732459051,1.5784670349454915,2.3907870867829097,1.8994993286152386,1.5256432023628226,1.1463023697177794,1.5320725670575666,1.5952698488145443
gene_959,1.0847203605751634,1.8676372649632462,1.1636138790479105,2.2697108409911806,1.4037046339252566,1.130200217736137,3.324659247630632,1.3527099967647602
gene_960,1.1038777347639637,1.2149934402541573,1.5507842390720346,1.4580793714048537,2.3345896327946636,1.0455614994687157,2.3874564828302782,1.2159038806976532
gene_961,1.1115483945819478,1.5480782445225874,1.697452445999444,1.7119128935452823,1.5489553366116275,1.227277944312187,1.2419883785591446,1.425671696659114
gene_962,1.197613288897381,1.2292533872763318,1.8820968753075955,3.2019234069905824,2.5368828906064227,1.1869067274329606,1.678989085687321,1.7161599385799846
gene_963,1.2320610452106868,1.2679834080995733,1.3920482370611504,1.2622450435797106,1.6463049556079576,1.3026378560679517,1.792960840551375,1.3809883105495835
gene_964,1.0922307583808113,1.4263438888219608,1.345948667516385,1.9312601406584662,1.4501068955056369,1.150496274391684,1.514199017854995,1.6383902387333018
gene_965,1.1388347210176288,1.2280125636836505,1.3824724430312556,1.907348497296064,2.344492854884775,1.1324309322623711,1.3279784408651198,1.7882484269577057
gene_966,1.149788032796552,1.1833418412824048,1.6317320174613301,1.3725611897720913,1.1245217592632057,1.154107517654156,1.4927079397898628,2.0727278514430454
gene_967,1.0968137981483193,1.8858333666138651,1.5241846444018288,1.1843871212083206,1.2621406287537704,1.1549671853434424,1.320620466241312,2.4447923512774707
gene_968,1.1004767013483312,1.9608196430668587,1.5402432002167878,1.7183099496938619,2.1069537987484828,1.1786879202102747,1.684991742988764,3.5313184451764257
gene_969,1.147242312285383,1.5000770594773745,1.1273508472787426,1.1998153242236282,1.119767203944823,1.0798224660275604,3.4185622454746527,1.636119103062323
gene_970,1.1074399541155142,1.6155341903626614,1.1207380943407066,1.8101906419560416,1.5497689143646025,1.197005226646603,6063.662021875566,1.1773573899687058
gene_971,1.1750591382846627,1.6851508061986487,1.434288505812123,1.469391307069602,2.195563941363541,1.2072486430820601,1.4369993728522203,1.9375353752786957
gene_972,1.147599298038994,1.3002429019179977,1.5904978594977794,1.156635668249857,2.2431018494720942,1.117040033037069,1.4483546858986798,1.5796544320607955
gene_973,1.1328276543177662,1.512137119800732,1.271001894665997,1.17509839598305,1.2585150697572205,1.1339376655522433,1.690001284191967,1.1834636628492659
gene_974,1.2269642869473332,1.6089278910575402,1.5994202639085544,1.4906812617630334,1.8032895787370624,1.2037048317007903,2.2197488419942233,1.8012384593003161
gene_975,1.1119923132977418,1.2351980939915879,1.9720618894799697,1.4950020197956169,1.6331578612567637,1.144633188088967,1.4373920885337008,1.180923196813777
gene_976,1.122396246399781,1.7656199559574801,1.1771692412847168,1.7780775763661016,6359.782272402045,1.1504117108348826,1.270725379801151,1.921578949859396
gene_977,1.1157249126448445,1.3569576707884612,1.2569592576046738,1.188155122254255,1.6761490561552281,1.1847410979260018,1.400004374554666,1.8127562282011696
gene_978,1.1449464188555654,1.2778928961879725,2.333687704366406,1.9247408877868297,1.132091571760348,1.140368831920265,3.3746112731889673,1.2375315078663172
gene_979,1.1627992666508002,1.2880918970284208,1.2439352471778486,1.3071129474862184,1.9852513938490444,1.2289595011300412,1.4434996799918807,1.177810303872789
gene_980,1.0789333323606336,1.0868735338236406,1.5295268792310943,1.8541109377974188,1.5072509212718774,1.1280644236245927,1.17153571132597,1.2753371736964692
gene_981,1.0957652413982866,1.4653000586152158,1.538463373533823,1.628184965733545,1.4544252637858066,1.193422472780081,2.1645714283800075,1.4256073941853864
gene_982,1.0632617122423194,1.4185760589985972,2.386219176357284,1.498537512247717,1.4398270426555322,1.1253337773513796,1.4223247121631246,1.352304305885373
gene_983,1.2286299867189878,1.9185431709139356,2.123432925580522,1.4559177686219125,1.6689382875330505,1.2260866188563366,2.287001961692221,1.9629852863715063
gene_984,1.1523357892453265,1.6071072129276263,1.5029417146710862,3.4743661614192405,2.7880138112893853,1.2023130587491595,1.3254422869825444,1.3133501679192976
gene_985,1.0801222225555949,1.4003298521000511,1.4411715806116796,1.3274963832216213,1.4193322202945413,1.0864659686721625,1.4112368786703262,1.47305935245868
gene_986,1.1639891671667952,1.3504115403062291,2.1402300278565933,1.3297847207626368,1.6025171906021987,1.1422201157919571,1.3136014272290675,1.3301063499437247
gene_987,1.2326232197028804,1.5267388464940483,2.7438920931536877,7167.3949271111305,1.3582874341878954,1.1251419807111334,1.6604328977958278,2.242555216930103
gene_988,1.1249558712672485,1.8203788900680566,1.3610965949508422,1.486361077338086,1.2787741928710237,1.0694863802011791,1.5288105758344988,1.8777344647778291
gene_989,1.1889077184910277,1.5521059047574601,1.5694560960626056,1.5020535234048757,1.7876410397323867,1.1459761010200586,1.1268626160716524,1.6374391630117733
gene_990,1.1440487011806764,3.0639332403427186,1.5492491518874318,1.3451017263195693,1.8886020987135828,1.1236581098273504,2.97779968438285,1.6844242143871226
gene_991,1.1940690659414677,1.4256567965070461,1.6557932699912978,1.388186393897315,1.6608343928512417,1.1798141682170837,1.5792438265354096,1.5471916790565095
gene_992,1.1367364050731703,2.136364598163366,1.2815102714216762,1.1552775192623426,1.408553504140469,1.2449372152101885,1.550651564367222,1.597031795079332
gene_993,1.1227366519213857,1.6916798630535292,1.7245054988558706,1.33223298015477,1.492085015817226,1.128256166264271,1.1056527575649626,1.5380393307175606
gene_994,1.1597897374054182,1.360043375027084,1.4975887317768841,2.081818831869973,1.6553997290215123,1.2403399004806244,1.3212819970757252,1.3139115444225051
gene_995,1.1475910014254878,1.2906046747663122,1.2954771427419896,2.052836708468718,1.486437395187921,1.0994341613577328,1.8619440551529143,1.8387907070573377
gene_996,1.1564499593760336,1.8989957326620435,1.641059672372995,1.5242614546025006,1.6009720032063322,1.1642330971953985,1.59467247573537,1.3239394277020093
gene_997,1.1139096026722841,1.203832529934202,3.323710255276519,4.199069078832412,1.476715402008367,1.1235483041317071,1.5152920290356944,2.5080377838892987
gene_998,1.0782181040351988,1.280833165854439,1.8731307310711862,1.111376999708234,1.6836173999031816,1.1265414666954674,1.2053059679107203,2.147183436314636
gene_999,1.1880238254377455,2.183494224566469,1.4507299728686553,1.4058011977311877,1.248507185631921,1.1332949821618612,1.2827709738737718,1.5814394164076953
gene_1000,1.2706934073065321,1.5253018289618185,1.2670519192105305,1.0884771219988578,1.28441330262603,1.5005496429847363,2.148938565501012,1.1886648145964382
gene_1001,2.1741264198519477,2.6134638942039836,1.7004623537422903,1.6239244852463228,1.3694442722535007,1.195811816487795,11157.68133259026,2.3387369793978365
gene_1002,1.4588618503266377,1.2233588810742126,1.5877486255284459,1.2897569293068802,1.4114084971907628,1.7742322334442957,1.6087128436540992,1.2342557100831746
gene_1003,1.3791825765423056,1.7761352308484974,1.4007337082306333,1.2114208110050868,1.49138986543843,2.8511988539370168,1.8621481611186894,1.6512817728696083
gene_1004,1.384817707020643,2.7368998361412626,2.717922782447435,2.8882815161520323,1.708336585418292,9247.497418912642,1.6483950516103192,1.5911889263235246
gene_1005,1.2201825613382893,1.3622945604266394,1.3501007355777244,1.2524371830339613,1.1604294946638958,2.027237859566142,1.4019238579320399,1.1632986461429786
gene_1006,1.5165959155365427,1.2864935741083907,1.3726360096249326,2.1205155238352504,1.8860030430953008,1.5150418831032435,1.7514108878297505,1.6231595764673452
gene_1007,1.7150577593169463,1.5178372424304574,1.5018401533315282,1.3592056093092928,1.776147905575561,1.3032005646827687,3.3082772471545843,1.2596682681351705
gene_1008,1.8454493997129615,1.4615948260545841,1.5969338212681308,1.6198984625903958,3.1656266667597213,7743.182780367606,1.4363449941040203,2.6840057235755856
gene_1009,1.4050951125065825,1.3697076184715145,1.4511325277073237,2.190907378630024,1.3477477267989468,1.8479901615629857,2.0054898402388535,7594.846780490351
gene_1010,1.4053900454291097,1.5022200460535806,1.728787808575969,3.1801056120150197,1.2599003988514,2.9251944075643426,1.3238386170138041,1.610232714388095
gene_1011,1.7128097311464217,1.5425334159715016,1.4604306626005654,1.523472084490547,1.4523742549778624,1.505507783774334,1.6302907565948812,1.2223807405640654
gene_1012,2.427295172194578,2.1033502213430086,1.238472622161464,1.656867100027689,1.970505471813196,1.2304112163571865,3.386311447108949,1.4369919739360446
gene_1013,1.391104606853363,1.3492583001054637,2.0213459772586075,1.7396731426084204,3.280787444944221,2.1594529438715893,1.333391351364941,1.2521507191397865
gene_1014,1.523991903516254,1.408522820176781,1.962343665174415,1.571303870126315,1.48605189889975,3.174802534518867,2.168388188584177,1.5746270310869142
gene_1015,1.6311448485248057,2.5084999766476934,9128.759359505346,1.526530696263999,1.6518362697728761,69589.60708607492,14154.57482209498,1.3988494011835604
gene_1016,1.4945773707359646,2.297851118750536,1.438158268230148,2.5100815661124445,2.5741115661519816,12335.391652454751,1.20947549835918,2.6219931912000103
gene_1017,1.420648332995841,1.29069411094197,1.5101104306607742,1.9718931958804635,1.2110484358622318,1.804698612331262,1.418320953244267,1.7439498831730937
gene_1018,2.0508206943588925,3.284771374863177,1.32209854315214,2.133247218583458,1.6929788760928457,1.6793791954075366,1.4865802358962046,1.9745692200330143
gene_1019,1.2710703121996265,1.2914340238417281,1.42856294648376,1.4384122880366654,1.2549663627066783,1.5312928401969121,1.5616324615853263,3.1822292468203717
gene_1020,2.0494315557427716,1.5792340017096724,1.2330717238070459,1.6311187872420372,1.436759014708583,1.9250011900351054,1.8310414237152675,1.9340783727521906
gene_1021,11189.593239512655,1.3093960469635304,1.7416902776190142,1.2709422441928862,1.3080463803877436,1.4926850502840647,1.3840727600948943,2.1464874343994156
gene_1022,1.8101507364916667,2.7075164013184034,1.1619681260303996,1.8179987123655406,1.265440760249939,1.3633854229895395,1.4496481096929337,1.1760625926992971
gene_1023,1.717037735975564,1.2983824836708815,1.9364998075453246,1.5737169590729307,1.4333070123209894,1.507285971726194,1.5493016673108855,1.485186714872586
gene_1024,2.3417224339044087,1.8571201318999286,1.4528308561415422,1.4835006525840917,2.3704927489384997,1.9225331488876372,3.389722586055778,1.4256456872019982
gene_1025,1.2263367468917015,1.9801451281119438,1.6817875580071793,1.502415913615495,1.2177630965894233,1.1780629508323133,1.1669361403906318,1.1657898104830884
gene_1026,1.3948383660608594,1.7777752591872094,1.328198205231549,1.5428597507831439,1.4253659236380194,2.1057940401821185,1.3482322330024734,1.4756939171779349
gene_1027,1.5359562231270254,1.4997712371105856,1.2427577113353971,1.5040653063811702,1.4822285611373025,1.2588818975888227,1.4621473590370024,1.2052148027537055
gene_1028,1.3443434533394119,2.4295310998324053,1.5372708684401801,1.1907152799798473,1.163213590171474,1.1529434288935294,1.7037339891614052,1.5523545164127142
gene_1029,1.4189818036023805,1.4205647393506027,1.5826057372140037,1.5665636452637617,1.2362899033620256,1.4752899325682378,1.2387402061489614,1.1377307704304442
gene_1030,1.3777489554512403,1.3790153735901982,1.5366044704565658,1.976157066140803,1.2755345694399336,1.8683138060828328,2.345987398388827,1.3298573121773305
gene_1031,1.578161802055454,1.3651266537432551,1.661644807654947,1.345326568821782,1.2293171097231732,2.705575191122874,2.613853825939113,1.937316076293536
gene_1032,1.3831282776075908,3.3012925071954595,1.309881386701188,1.5939452264275316,12704.451842936112,1.4100375290024492,1.639432778075307,1.7029685388317493
gene_1033,1.2586467884758201,1.617448155639953,1.383482214465347,1.8650315058276634,1.3753302145772495,2.304339572912876,1.1925357690327063,2.100421135170738
gene_1034,2.2414209519908432,2.0774555455641948,1.7930498722881887,1.5167884346672462,1.4510947258759073,1.2759879775197018,2.4323950926577127,1.390506578017454
gene_1035,2.0110077706296545,1.5415224247633017,1.2944371493636189,1.3793484467949906,1.2877788323099058,1.5159557622419202,1.6107007650336258,2.1913540903819366
gene_1036,1.5345258045164771,1.1676833432703095,1.4325261665651194,1.189140181092448,1.2843288828876487,1.4957975941129835,1.1550879743908884,1.5329364735724762
gene_1037,1.4700241108608,1.4172171226085792,1.3399673504609806,4.028475436568106,1.803594009169346,1.2267816586544715,1.5885324878381955,1.869278871544892
gene_1038,2.2356731866435102,1.5173926413182532,1.3468147246297193,1.7385075276988462,1.5525319389241656,1.5872439417741733,2.3930498948995305,1.8803087196645312
gene_1039,1.614839397714218,1.5758599761477943,1.743008652649933,1.2525048233711753,1.6431383469860767,1.4237057876304664,1.6069579510318046,1.211340854619441
gene_1040,1.3184961944281255,1.5520790447065274,1.2063721608089555,1.5409028502503066,1.222191514733236,1.317339141140026,1.26567778545698,1.1838557848633138
gene_1041,1.7552473793686827,3.1628649939492686,1.317955268800856,1.3487325989024306,1.3211015877695946,1.3492871582742667,1.2197961506400223,1.4699373110082157
gene_1042,1.7798881230624886,2.34669274582869,1.5177692458196301,1.5305371829856786,1.5221410615844317,1.32595542140305,1.1739404399979336,12708.984713740403
gene_1043,1.282471725635133,1.340049474323711,1.369963055603943,1.952344295739629,1.5308324736370524,1.7138951058081762,1.3105536471137196,1.5808152221241376
gene_1044,1.2217441147401893,1.2611837613156092,1.423287431108333,1.34578855735674,1.2048704740083453,1.3490357197027354,1.7084250110492583,1.7386718935182695
gene_1045,2.10822000585853,1.0981764148343127,1.5173796762771241,1.257046778034822,1.6195768416614489,1.5023707369642232,1.3008493083536494,1.3539795077171035
gene_1046,1.567063325902425,1.6473424266814027,1.3324443380700586,1.4349932680859916,3.495569438077901,2.953778214108568,1.2393437496266249,1.628923675068351
gene_1047,1.392458213560625,2.574860940550002,1.8556389540701992,1.6530459757396718,2.6037826231800096,2.0612446591530857,2.187694930874832,1.7036422755996512
gene_1048,1.6021493999858663,1.3668144696157432,1.2288895326453397,1.541881246595779,1.574159985479591,2.8733469667339717,1.2458810935794418,1.5503192474296195
gene_1049,1.1164127563120008,1.3164942849761376,1.428227218157415,1.4156852356722074,1.3015954149752822,1.1795738701800447,1.2951451659015845,1.3957381364891552
gene_1050,1.213877017984692,1.199819490001696,1.2406334781786312,1.348994040075259,1.1723178969696686,1.7205314082702152,1.5415033779976657,1.2692943382322357
gene_1051,2.43303034171281,2.3020101795686885,10163.131395488019,2.211748331507148,2.0074546934963893,1.7064857255620132,2.036675501438239,2.177406714022109
gene_1052,1.987194581705855,1.7132169466138691,1.5017376802538538,1.330023466550752,13975.571879793864,2.3910673748954787,3.220672681506119,1.4568311476288822
gene_1053,2.1295128172909794,13138.11034904046,1.3307876691247291,2.369042645831951,2.1304890792413596,11211.125226990433,1.811506804837156,2.571238763826968
gene_1054,1.2934940885441644,1.6269783334171253,1.6409410553883146,1.8434848789225446,1.558008942903614,1.9430870444207125,1.1754280577963858,1.2314047143392703
gene_1055,1.8045405387133984,1.2599062139140806,1.3485485604660763,1.2216245011802973,1.6197428067960409,3.0744537403766308,1.5341593043039365,1.159549803577724
gene_1056,1.6430449541035528,1.5246559092632805,1.3414851058395072,1.4174226006212303,1.442296301967157,1.5133491675433752,1.250958193624507,1.193449687706425
gene_1057,1.1507409606503556,1.5018238731859137,1.8940151722329646,1.2719818448332816,1.2014485576076457,1.3328046493760164,1.2706425294708477,1.271485336022059
gene_1058,1.2206449133460053,1.190365398573894,1.1507934631097196,1.6083012804261776,1.358488234770075,1.677490093943194,1.2277498108513412,1.8646627867188623
gene_1059,1.2108091652809023,1.4830423134050947,3.3322006667659845,1.2690848654431024,1.1588001941256267,2.0196751528310415,1.7132501353931402,1.625194476715683
gene_1060,2.4915848897146993,1.5039526872607527,1.5304140033432447,1.2450915017574191,1.1490798980425514,2.341888784157365,1.5766756129130532,1.6321206070664789
gene_1061,1.21352112994652,1.3329703439766214,1.3462366649130417,1.3021633985199927,1.306465543221902,1.3191075958268608,2.3524697070161213,1.3333679935935236
gene_1062,1.6551519176531253,1.4303073806244175,1.174784015987499,1.756487524159365,1.2229245909117017,1.1477435111204433,1.5524628623508177,1.4053612103619637
gene_1063,1.6039327441347508,1.5207855784127111,11192.718941952699,10861.82738672819,1.721031799527385,2.3040822438762674,1.6336530145026678,1.7140297319706241
gene_1064,51005.48790778785,1.622847149503514,2.5607477277369233,2.6178939034118853,2.724323447878111,3.1548180736677582,1.509572294768406,1.8927812159450754
gene_1065,1.3619588675593919,1.1898690200162974,1.7093839962158586,1.522709486435124,1.322641921581584,1.6150401577695583,1.376686400794686,1.2057701156052791
gene_1066,12916.738815294359,1.5058391323371356,2.2457463608120647,2.2294115610899037,1.4631190921449282,2.0391721256245328,2.5220652276130804,2.524326876336145
gene_1067,1.9093110740917076,1.4490264912209532,1.271986587512914,1.547080707908749,1.3358609237505124,1.4374140906942023,1.2401098116877218,1.3876617306593835
gene_1068,1.7374355188431052,1.7801221446502244,7495.239972426099,2.3590870883191055,2.128067727904406,2.7613808166626077,1.8182118050431393,1.6676519502543807
gene_1069,1.6643731321053545,1.2887749460477762,1.5285549803617977,1.179808078939663,1.2189049100567437,1.576110393989342,1.6821543778296184,1.2406207566344536
gene_1070,1.5440720746931105,1.3228078059489479,2.5288093197744232,2.6416159525680705,1.373565349718131,1.359561119109565,1.4893321406839088,1.6591581204661148
gene_1071,2.551341469723394,1.8644312748396925,1.9613423414569724,1.4596293836850822,10976.38159970617,1.89413824836662,14347.653350043236,13173.834119801535
gene_1072,1.3784754117529425,1.2792730507263292,1.5072196485373335,1.6036514166620817,1.5676591895252163,1.2382837276537468,2.4110761495778084,10987.66257421793
gene_1073,1.450748382812848,2.1668635126526614,1.7968445679709633,1.9250386898712992,1.2465958119344314,1.7314936540203254,12496.1455150696,2.077709128900077
gene_1074,1.5705500730442352,3.0379510272496004,7314.563297663355,3.1041759626178185,1.5346367079246677,2.2164689676610636,1.3395069933595118,1.5161130311549298
gene_1075,1.9157779463496878,1.7380842352197559,1.4055861371532286,1.58253774116304,1.3948552548407653,1.3365442313946085,1.8777498031765811,1.6666203623990936
gene_1076,2.551713511908309,1.6956747625933088,1.350602944599318,1.3686354503308311,2.0462595693925394,1.7688446821420531,1.7512359354786597,1.5140959745299543
gene_1077,1.9794722117406531,2.04878625580864,10284.800810182978,1.5224243646872828,1.222319707520218,1.2573708522304643,1.2744382512254422,1.4026719256881395
gene_1078,1.258915220512306,1.1347968858728752,1.4610680517086037,1.3250526083174676,1.5300574563204723,1.3793476677561973,1.2842449325851726,1.4426237223621354
gene_1079,12159.380391980341,1.623204258725506,1.648125142650603,1.27216489916489,2.371446127468447,1.8114877219479295,2.2376241170986555,1.3763558455590423
gene_1080,1.1827262833421612,1.4572762244173485,1.4328962321309353,1.6565651318772878,1.3867631584543099,1.8119504654415062,1.3717774146022736,1.3348151036738942
gene_1081,1.5417309794747542,1.5971310195572492,1.3070415355915257,1.2295285900366895,1.111034826369092,1.5749041232169785,1.2832445876113825,1.4346138575628204
gene_1082,1.201259272684884,1.1889359446843266,1.3027633580760078,1.5286312007847225,1.566095881517834,1.3475892244044325,2.117203328808658,1.5448429185360277
gene_1083,1.398810348286118,2.0978683494063466,1.6275941837348888,1.8482978941450008,54864.73995798564,2.383434551356215,12413.210256151737,1.8275327820064085
gene_1084,1.1665685473290792,1.5450058714166106,1.4413117278102923,1.3724537857599506,1.6418262879246532,1.9216560341072517,1.1314537959660476,2.138933199892183
gene_1085,1.423241334902146,1.3454023754197297,2.902465361189942,1.2702003124720667,1.4634710908136042,1.8370822439154815,2.0303561072209124,1.8169566204867142
gene_1086,1.242350380850921,1.194906733578431,1.2538676272916596,1.350802999040508,1.6033399096989995,1.4042455091460837,1.2126465089583085,1.380933493461831
gene_1087,1.5447824117294597,1.8396080925380769,1.6348646079555715,1.8558908710876316,2.556366578417677,3.0330268318697207,2.2373953475799846,1.653766247714049
gene_1088,1.660729730978033,1.7578885098382537,14645.609022503877,1.6483746593986146,10327.657033382842,59408.231870282034,42005.38584810594,1.9113043770152047
gene_1089,2.6599591805307634,1.565711824399255,1.5284770686992013,1.933678153294753,9228.602427474183,1.9418658505436113,1.9517348552932494,1.7346929229185328
gene_1090,1.4461099423649095,1.595821158541998,2.6138201665219603,2.7108734982823472,1.4705205637596934,1.7950929008224752,1.3645554689824642,1.419789655630716
gene_1091,1.3864939868707187,1.6575977873887202,1.284058550144675,1.3643729912120959,1.508217132899069,1.283717161905621,1.2975735461825295,1.3590202599584453
gene_1092,1.6366275759946336,1.315812165572287,1.5086040798106135,1.6490767592644975,1.7793936021202856,1.4703553260403734,2.9129626025299675,1.4720009449227602
gene_1093,1.6945527853600109,1.1926898732421878,2.064567480681419,2.497953678085056,1.4096375386756728,1.356706631522623,1.4321906194468719,1.2260873769517289
gene_1094,1.2217619304790246,1.3842528068942315,2.0397371485284586,1.3663804577195666,1.6710855202961916,3.1210613857437193,1.4095796325985634,2.4882931011188845
gene_1095,1.42424148111587,1.6367402157068687,3.0921635945721495,1.4203019726954487,1.7014691396535295,2.6220014039502484,1.4837386585399228,1.7708776480342656
gene_1096,1.2556936628221214,1.2426789373549245,1.3568204912750819,1.3851860414479424,1.4229442235166883,1.2505007703336137,1.4701771832140749,1.332789277483025
gene_1097,1.6869862941558385,1.702575745890397,2.1629306410172213,1.3589083186636337,2.0709689573365053,12077.625839961333,1.5881586677726718,1.6640307152351101
gene_1098,1.913415686944017,2.598431858206377,2.4100095356600657,3.3995196858657715,11928.623583311262,2.309360151997392,1.5003584877469651,1.5565381768603503
gene_1099,2.49833616907713,1.7055734952697812,14941.563346046407,2.061098652967569,1.5468667898646855,2.1361596105348006,1.8788218525124787,2.2183085854367537
gene_1100,1.4950642722054015,1.2039353114991216,1.3153138907619504,1.2040037533295216,1.3509014321150326,1.2880002427760795,1.2627536711852834,1.9734415225258457
gene_1101,1.4561064135081407,1.3575535357131683,1.2850609233592245,1.1569156688373807,1.2124815549759056,2.8062512329280347,1.5106304288928332,1.2481156231336057
gene_1102,1.2056952674631536,1.1995025263806143,1.2538189525922738,1.3823065151918288,1.1517497138618467,1.4118582092313037,1.3517207472211246,1.2718496685958471
gene_1103,2.135091456215473,1.2491770517424325,1.3282677886397372,2.302264460446646,1.4973089556926913,2.220638294148319,1.831823470766857,2.19111514814137
gene_1104,2.0628979162259293,1.7742816616256507,1.8559673109922752,1.257126608846548,1.8069597507343922,2.593846180123725,1.3234484098778379,1.5113708218337691
gene_1105,1.470635481893172,2.1938756265617165,1.8382242590737288,1.50967075445278,1.516163361559638,12378.411951846034,1.2929840651368838,2.802135568028448
gene_1106,1.7282778314746974,1.1856275960674054,1.2003287083236664,1.2019953789837186,1.193924912762052,1.3207788295891998,1.1843923414961304,1.5507824066180709
gene_1107,1.5442208788244918,1.379913231443765,3.2198697827773266,1.9910112432579583,1.8508709540393127,1.953346273098458,1.6795040976437015,1.3199902910639796
gene_1108,1.1686152252978645,1.6418431564195477,1.4676838710739044,2.7982077404945938,2.1169421164021816,1.4548300573291164,1.3305191975722959,1.6278239731593787
gene_1109,1.3733353111024484,12070.07701530834,2.231513241152784,1.2983406540813882,1.3084698841017983,11930.313753208578,2.011094686208587,1.4792341098075832
gene_1110,61391.71393018629,1.3200422858339862,2.3114217912089803,9672.260936023764,2.4612487614210288,12695.232853910025,2.0083637361176505,1.873489224573616
gene_1111,1.7408585528458,1.2327291582086946,1.435657755073943,1.7093049241207372,1.2985135958429495,1.2640557792431597,1.375952946473348,1.259594216117183
gene_1112,1.260864650264781,1.8052980483103749,1.355906467401111,1.3612236722462572,1.5312914828401305,1.313392466252707,1.39120395528856,1.360618705308843
gene_1113,1.6634617518903154,1.4597879467575772,1.2384724265641274,1.5789357993031499,2.0371552686113774,1.3240913371562697,1.9959960300698274,1.174809522489728
gene_1114,1.7140182482110589,1.3954446988478075,11279.501723229905,2.0900256236308055,1.318750772165873,1.544445886401474,1.211569565293849,2.2704847702424846
gene_1115,3.3396066052662388,1.8919914099116963,2.574145765227996,1.8148574706504355,2.593102223140188,1.554038412189124,2.483671526213715,1.600487532853417
gene_1116,1.7361037221706477,1.2644334579733412,1.3446380460958605,2.2190689733952227,1.6877871668029525,1.2621733808493407,1.326591415640892,1.2788996206466698
gene_1117,2.5197994255082157,1.418990908926584,1.3595878638661472,1.217363379461992,1.294863339941027,2.3265183872965483,1.6264723403791967,1.3342115719256973
gene_1118,2.3617687549484248,1.498535174427798,1.7748929039924466,1.6333256464092831,1.6787517776938656,1.5308032871328052,1.8925570398706557,12698.00888619959
gene_1119,1.5223069330761962,1.5997079218772605,8845.953380247433,2.30461552294308,2.2266843114189925,11864.817909543532,1.93522672124964,1.3695266293787178
gene_1120,1.1368608936964697,1.3245192735307947,1.4618221016753816,1.931834953287912,1.7710532340534881,2.973268427938728,1.229420885605889,1.9238106775693546
gene_1121,1.1872226569697253,1.2331534873815626,1.3403695929996031,1.2444253189010697,1.2997594186107273,1.1585418642205558,1.5638274872382194,1.5383815858212653
gene_1122,2.076843617449414,1.376212103507052,1.3909523700026187,7863.75331049352,1.987166573519237,16009.161170416492,10700.777751971294,2.3770713634097436
gene_1123,1.633019184316337,2.050390482364955,2.321663786525001,1.7067925921043237,1.8152522943183713,1.6511152069420767,1.694228934080444,1.9129977725791123
gene_1124,1.2874353506473395,1.374320382329184,1.8915841325712877,1.7511771034703965,1.7085763594901413,1.401810584461763,1.6202775908858689,1.6881465472963801
gene_1125,8977.648637811519,2.0159538743942855,1.988809681407369,1.371678645382885,2.0938440842238317,11727.34595084128,1.3301805339802202,1.3967750294351977
gene_1126,1.3643850710020093,1.3967905530390388,1.3828500171427633,1.6957880231746112,1.717819734129317,1.3066077785043784,1.662513021349936,1.4634292280752759
gene_1127,1.6379064741037752,1.8111681915082263,2.091969160941301,1.4772600630932793,2.850645649072316,1.4593294706823172,1.3919802215844699,8116.741728883679
gene_1128,1.5755518437557976,1.5562478238098207,2.7380552575621824,1.4099243618887756,1.479087976722368,1.5200714229880936,2.0159997044577462,1.7374390047432224
gene_1129,1.3360198980338263,2.1840568867996324,1.7656946549574828,2.573618183385056,2.610143573070953,2.2732979142949836,2.442874683525116,1.9769975152377062
gene_1130,2.5994481719069937,1.4787625025741395,2.136904025407857,1.2102524677490798,11204.356638148192,1.2616683722634496,1.5746763497935095,1.9320762831279301
gene_1131,1.6232513103622164,1.4689372658109408,1.3408475653607188,1.3270808977521207,1.6169686311805576,1.3012508764684363,2.8989421642143802,1.4323639773487473
gene_1132,1.397901000347121,1.4092231637372137,3.3225930623117033,1.4372285394949322,1.1202790934507627,1.1977774208990588,1.4663142251180907,2.796392964399324
gene_1133,1.3009221159712556,2.943757048328725,2.7537166399336304,1.9732686408189397,1.901490322603592,2.9432539672471445,1.910037017758631,1.8516258534278
gene_1134,2.662413729628575,1.3074552338648746,3.0797284269794356,1.6818279930528948,1.5599968491430751,2.528144009915959,1.1969704710527398,2.2531938650354486
gene_1135,1.9681554634459546,1.308642028979453,1.4927546046340823,1.861136560360185,1.9277396227597308,1.6250176680397714,1.802235897212223,1.6054427019168573
gene_1136,1.5201889259565848,2.2077870037938014,12883.865345452039,1.767084535176025,1.2137658206826851,1.4139941204132325,1.2167601682957898,9160.647261290438
gene_1137,1.3845637061721041,1.7904827371649854,1.1279023275253834,1.6376134541592644,1.4297648982200037,1.9023396698396393,1.2535395686252055,1.2136479175758077
gene_1138,1.2572934648804042,1.4865541993036937,1.2738066832964328,1.5674044200080042,1.53618420363113,1.578449517468721,1.7491419444423257,2.8759369749877335
gene_1139,1.4069903765375207,1.9937958837377616,1.6318256375725735,3.0362787153995865,1.9422735743562927,1.4846513786503273,2.8431315333920537,1.3849510220414767
gene_1140,1.7005646511149466,1.6477804746261286,10810.048989975474,1.8864635177055151,1.6510882622789727,1.2498265076379393,1.4010796836863857,1.2923121532812791
gene_1141,1.5523929410068387,2.129427427186356,2.3830378023887318,11304.166738350124,1.6264802230828594,2.0725852427191334,1.3878572468105717,2.8819269019950697
gene_1142,1.9989993588927413,1.2874532799802618,9232.07398058269,1.27559209335702,1.4775144738149981,1.6013490418505212,1.9136275673792813,2.779883275806096
gene_1143,2.7808609382435705,1.2517118744059033,2.1046709583620262,1.7288582018690792,1.828693382538129,12788.02446888871,3.086453450696322,2.2756086386005987
gene_1144,3.12262750624279,2.2628586813845524,1.3429776427044153,1.3046649935343637,1.6048935119080816,1.481363086004089,1.637981620594167,1.60364230853579
gene_1145,11289.761639566246,2.0030183393200622,1.885313910121795,1.6645870077749931,1.974249120541747,2.2024007140657345,1.639199401140243,1.6288235519302336
gene_1146,14987.064074887281,58712.88645477241,9129.84128244039,1.3364615346039477,2.041349470728754,2.0533368376660155,82956.65098864539,2.6157191703106166
gene_1147,2.6260024946025324,12878.866615142235,1.5884752898283752,1.709803248655331,1.3933185345589558,2.597818418738697,2.013542929195148,1.9037092870961883
gene_1148,1.6502148890341763,2.0683599808796926,1.2137812062257773,1.7113927911589875,1.3196483660716622,1.3842745047062543,1.3690092598033348,2.1415683481605687
gene_1149,1.3368002050921932,2.213970639375258,1.9340318905103502,1.7448131809777383,1.6805399491305677,2.1256533275849288,1.7329328342565662,1.4039672136928458
gene_1150,13257.882486770026,12960.232309742485,2.280162463151154,1.6594398343294556,2.149768740138227,11834.811441084994,71620.51043311461,40083.174253804325
gene_1151,1.653645597201948,1.70640576161985,1.3674631900354577,1.3380685446767058,2.4160774434347814,2.743100316514393,1.1457627007732745,1.8099098524923591
gene_1152,1.89220183950703,1.1068335468445474,1.7265010009070052,1.6920013024703255,3.3082520549276406,1.7329345403583185,1.2287621599886989,1.4817335013554302
gene_1153,1.957735114965116,1.2416017306977076,1.5953544242116406,1.593698215482822,2.181366179789345,1.4942567925370482,2.3680300966871286,1.1510857821251874
gene_1154,10084.742733614094,2.1853419940057157,2.1086991410317064,12266.781559859004,2.284948499794218,3.0652183262158186,13073.23820195874,2.002781397583364
gene_1155,1.171589052721103,1.528701710615099,1.5802257383659133,1.3062142881776464,1.5012917000202404,1.3373175401660553,1.3200636822461471,1.224046434103735
gene_1156,1.8920290201026435,1.5480159338740829,1.4586247636848009,2.0498129352373673,2.744053363919016,1.3683888123217467,1.507964727536964,1.511208935655436
gene_1157,1.1624265477768565,1.1745167337281452,1.6535256804449445,1.687516227430037,1.3694415397904802,1.536472561142076,1.6445210614813337,1.2995112645105962
gene_1158,1.869473619305113,1.4430265520866528,1.8489174398674681,1.2714655303443307,1.549068193120068,1.4028065766529692,1.3080122122910953,1.6455333510755557
gene_1159,1.494334454958555,1.435879748894576,1.282764258124697,1.5111759046224662,1.3608369008578247,1.4848932386096672,1.5633210623354372,1.41484852409196
gene_1160,13977.729777634548,1.548934182435991,1.6092939707323632,1.8670103488816658,14921.4699265696,2.372794972443947,1.4153044359838611,45075.75974217933
gene_1161,1.6226110136656466,2.1341432064250507,2.5455283170397403,1.5636943854521423,1.6915652467932933,2.449679533123142,1.3592963291844202,1.5061441904370607
gene_1162,2.261978445806671,1.9102392710252445,2.237139940175064,1.661617501422271,1.3860985935142631,1.3730089980506424,2.210578631055655,1.2721260399202254
gene_1163,1.4275460305910126,1.2262270144513643,1.2982564343596554,1.2725462364104996,1.3110730474998111,1.6405206930807636,1.6557119345663507,1.2811285271074648
gene_1164,1.293178970418868,1.78703823341415,2.979728012938603,1.5195507059157718,1.5595153600760623,1.6158242270587082,1.3299068988773728,1.3428609929769688
gene_1165,2.2341016851107645,1.748677136913656,1.77782139947662,1.734090122605358,1.5638143865025436,1.375451866770833,2.312757877378308,1.4284152788378204
gene_1166,1.6325474705071472,1.6162167022679366,1.71159794911739,1.429500938418116,1.9006730799585596,2.217691509027259,1.7214852602077702,8027.4686560869095
gene_1167,2.627695767998439,2.1552672477864503,1.3296792681673635,2.790891288821588,1.4425571471749503,1.4686503643758224,2.7364228349454365,10896.966559533856
gene_1168,1.5061875172759127,1.6003307522017247,10809.713946721264,2.2825454834529495,1.9675616671416292,3.0267372254186737,1.2787763807214518,1.3044485272734978
gene_1169,1.8008737054434523,8365.940400061998,2.1057686019212234,14245.474386138409,11967.343200572815,2.5311355847678794,2.864075131298367,1.9138668942560428
gene_1170,2.0185865018662073,1.2296895868876454,1.7277650892532004,1.3436866303185244,2.006730019699902,2.8452607941714105,1.7097577414588556,1.699721543211469
gene_1171,1.4941000214981563,1.5910193577494534,1.6127057611663922,1.4438507432727796,1.1500132863527293,1.8970476599804453,1.3344950195328404,1.5700247090106287
gene_1172,10448.748534963102,2.7007221871583025,16217.800364889177,2.489696396806285,1.994033930018897,14505.626188470058,9855.5199278618,1.7137927639553157
gene_1173,1.4584584729482377,1.3993755159403198,1.1821888539288923,1.3572515279113442,1.8749159279396574,1.3706274633897597,1.8953064629438272,1.864828486757394
gene_1174,1.5883545713115783,1.1204300460884962,1.1811594276727853,1.447147891434903,1.3192999100653124,1.5372722037080238,1.2148101153392077,1.3675366842857424
gene_1175,1.8384525651689092,1.3543172015603417,1.4524876538556475,1.2713306362278154,1.555607751418576,2.2646055838487182,1.3955483712490822,1.257269959334214
gene_1176,11848.424423820928,2.636732732956951,10816.125235809204,2.276076072052545,1.6407264848642111,2.0188220941960693,1.6308064334466148,14580.74960523446
gene_1177,11246.736318756874,15392.750633667829,2.593767960280586,1.6069631967608033,1.8212061541779163,1.8096920529368246,1.2571786763579842,9706.795041313244
gene_1178,1.7911495981874221,1.9351352656113698,1.2272663413335536,1.6189260973929727,1.9531580724115332,1.8835583651061634,1.5644314128495924,1.5960642296159302
gene_1179,1.428704539702815,1.3762851435762495,1.6785960344891502,1.2966183424135616,1.5354338082926997,1.375691158812124,1.5010439967673326,1.7299655208795301
gene_1180,1.1687987511085671,2.1154297861969624,1.2676560784798463,1.9929045683594147,1.4484967465256926,2.351232147076018,10708.123936734613,1.8310286429707274
gene_1181,1.3716556955335362,1.6661811855864015,1.2234747947288456,1.4186382546095713,1.4879363057499806,1.5880446356133164,1.6556223044100817,1.3187292215279438
gene_1182,1.4765361946966007,1.6576099608857469,1.3109780954032857,1.1190216439179546,1.2849184752565488,1.5096178730667882,1.4624985971432929,1.3175256068594468
gene_1183,1.3386273188389546,1.5877809561323846,1.8403016228876534,2.0631002154208797,9344.480878195005,13067.704556215542,8152.839335774271,1.377996674807123
gene_1184,1.4691269844674664,1.981755311596987,2.5893322373558783,2.1819499458574163,1.2621640211122858,2.100209482761284,1.6364230550527339,1.7230059447245887
gene_1185,1.4251239715771238,1.701371638817313,1.262617078102837,1.416957336344174,2.2095469739195623,1.2205934604820081,1.535332120384061,1.2735665633207398
gene_1186,1.6333014492577742,1.3718286638207673,1.2520193372031319,1.3623789724859154,1.3637345337309352,1.297569018556478,1.4589605727215473,1.6663194311702865
gene_1187,1.3305274387938857,1.2537144439055972,1.5474451145357684,1.5851822356236116,1.5450667014550366,1.5263520118480174,1.74906244307596,1.6761030892485957
gene_1188,1.4770371180072597,1.9920522152707199,1.490283868083584,1.2736867108904757,1.2525197905406869,1.2252636391506295,1.5999949258797734,1.1710745156775837
gene_1189,1.478584421225811,2.4552167763006754,12121.940567256128,2.4615920243981897,2.1236356054599046,14031.875830374776,8703.700465002948,2.3016878547992152
gene_1190,9155.30802501487,1.6689352689246577,2.1841568460009597,1.3668630224775074,1.9958330668433826,2.163075764791171,2.395068980994698,13738.894752765222
gene_1191,1.2751260919311345,1.2784877857347954,1.4156715551476413,1.3474008304640777,1.3602221775786,1.6097161403678222,1.2924919607449585,1.8783847618779235
gene_1192,2.24589813400596,11882.647181508562,11930.045271127194,2.1895145922851786,2.181038965392622,1.7181216459535675,1.4162642263430079,1.4813919003400213
gene_1193,1.2512394508120293,1.5153824072411044,1.475770050741665,1.238549528311119,1.20419202341023,1.4677417586534274,1.4493934677185838,1.381680003161404
gene_1194,1.3483344916252424,1.8774177786654618,1.8376125710864277,1.3919354855670394,1.3308062970158663,1.2235537562055596,1.2931991107176877,1.1336211230569049
gene_1195,2.1106117413689987,2.1255070302741683,1.450033722481739,2.156545870594568,1.6338643932874402,2.1645028953331242,10914.903767858132,2.2698175328261794
gene_1196,1.293371859566615,1.4451461485475279,1.5566380381431204,2.2997415221901334,1.5614210938526976,1.4611763433953218,1.5658889279757695,1.8597908033669603
gene_1197,1.378470906821525,1.6634578015486785,2.76029573450369,2.0715822763974026,1.981735112433752,2.2387190048438765,1.1806392355508786,2.0183056366370637
gene_1198,1.3032928837499245,1.6006760739354655,1.1745382398465136,1.2431199933793846,1.1652698623114388,1.1937659165190029,1.2447759623982433,1.1599435937522662
gene_1199,1.7694921552720617,1.4961248547014312,1.2241366555634967,1.340760018841504,1.5282747455354697,1.322138186317869,1.26028919513789,1.4382413442407571
gene_1200,1.2538275533338037,1.5839217877725773,1.833208560110083,1.2618549820770024,2.6069983052697556,1.174821917428924,2.1161462029518927,1.5993734762944238
gene_1201,1.379521550835111,2.3728630470461236,1.8352203651404666,2.309153771674368,1.6069522474057252,12569.49536520587,1.783739314479758,1.3591628521389723
gene_1202,1.348686728394519,1.468142797225776,1.6475633668534644,1.2419353444444976,1.316966620758193,1.212332302580538,1.21264180126119,2.1090901926649095
gene_1203,1.3218225024542485,1.7933852702919892,2.228100892938815,1.5311417696924816,1.438433754951904,1.9304338937756103,9835.320310834897,1.2939202741604998
gene_1204,1.4267105800742654,1.445251866610953,2.9249394533024473,1.454205599591512,2.342016960009662,1.8558989132375492,1.218262749960009,2.3713572550872724
gene_1205,1.3060120007592166,1.3340701122581848,1.6210880729128359,1.46409793351358,1.5015209875616633,1.3986610902370784,1.4542473234901994,1.466154903107424
gene_1206,1.3849771301352498,1.5966235110695695,1.2867164840812655,1.3291710044739344,2.0390175859330504,1.4406579533439123,1.2979118249374408,1.3304508282189027
gene_1207,1.530070322308581,1.4096743605504478,1.3209080240308873,1.4338781733340646,2.473859601801665,1.422616676778792,2.0324762623736157,1.1681305976982748
gene_1208,3.206192456647413,2.248011938389639,1.351246799283775,1.260888146036182,1.3616048406299641,2.4288079385934433,1.9035710944848268,1.3626281153949957
gene_1209,2.184680030543767,1.887896175187544,1.8654654705295382,1.2650973299129873,1.5853625569659837,1.2888548536559001,1.240966745100023,1.4069319909336642
gene_1210,1.2218732139972195,1.4135997116729158,1.4494387877213986,1.4625855002802588,1.107376520467287,1.4624095852452086,1.1560193677924555,2.446349743704909
gene_1211,1.4633601042064799,1.3169569771414382,1.6017939155311318,1.7957534734234888,1.349432622528337,1.9334004451013769,1.4489887799747725,2.2160468428561733
gene_1212,1.291985782163666,1.1923233043669383,1.1230189292218298,1.201754363344767,1.2233973018741997,1.2467192080754026,1.4702983963722784,1.5161527911828798
gene_1213,1.353354317102971,11457.63248569666,1.5800446935670096,2.265791772001485,1.5694873276210544,15086.824100642107,2.2506453751258206,1.7817577176131683
gene_1214,1.2344479471030063,1.8645567142316712,1.4047650521281188,1.566611435304607,1.2016984355246112,1.4915210784679986,1.710084258699835,1.418526582912058
gene_1215,1.2255053873602177,1.1743867838503712,1.300759054786546,1.408610600987446,1.7378325584960372,12904.660547819227,1.543564713492262,2.060168639465395
gene_1216,2.6945101958002087,1.7195599357265314,9993.806763318224,1.7003156547101366,1.7309410850601452,1.599310588936008,1.5994739521690908,12755.883698379057
gene_1217,1.1751049475950959,1.7488344156023343,1.521492741905202,1.6172005398506741,1.2894279202671934,1.3000813456567728,1.374860826086624,1.2516852833077157
gene_1218,3.2633006314387463,1.2099965228131593,2.730934556197634,2.8290232797581094,1.1659352653487753,3.009531063130527,3.5055358318091145,2.224643430554539
gene_1219,2.0812209238287225,1.6385821854447178,1.3896987968021086,1.1724638335415234,1.7258506780391958,1.5169406233418763,1.7147248002950835,1.8183352035550073
gene_1220,1.422255816012246,1.6853933108354369,1.8442749214361764,1.6814909771465067,1.3237849931207257,1.3003810756695813,1.4687928327417181,11107.063340627714
gene_1221,12311.694882298692,2.083585486513571,2.238343122274993,1.4864834768751152,2.8614026659943277,1.7801503063850495,1.440599064708098,1.4618181934326313
gene_1222,2.3336726234092926,2.562208434947951,1.4440871409288414,1.554535850326367,2.6730961710181145,1.4821774861944639,2.931881676283148,2.0132314815857133
gene_1223,1.2743571561433125,1.6365545317569974,2.653695064932082,1.6069716950252342,2.1634499726321015,1.196489116462613,1.2322207278088944,1.423083499673792
gene_1224,2.394647574487834,8807.596176482064,1.6105632127552125,1.400879426849036,2.6989681710734845,1.9697770676401194,2.161417680927983,2.726050348163471
gene_1225,1.8389045646900806,1.6206814867078734,1.8278114038371382,1.56272818851077,1.2389421392375504,1.4469935103051474,1.2931540355513924,1.6526346556011382
gene_1226,3.44683446207135,1.5068440515314658,1.4965517761502893,1.55026094928757,1.1843013917883694,1.5186095817599674,1.181330800059547,2.5058982225554023
gene_1227,1.3314040876100655,1.8003226801781167,1.4914120268464666,1.381267410563905,1.529830527412596,1.607302625051407,1.1593367348101298,1.400115881899292
gene_1228,2.133679064016773,1.4529509901803483,1.422906777949271,1.4150505130621847,1.2076148953793147,1.505865388639253,1.6784451485576986,1.4125978323576807
gene_1229,1.6354303682635896,1.7279355317249494,1.3545029175126282,1.4925038786095115,1.296628173937954,1.6627110291026703,1.545631754610717,2.003755807156452
gene_1230,1.3767593148415462,1.3232656663295772,1.6653380527915542,1.3662451105706876,1.2415575936292242,1.6191230933746206,1.724727056233435,1.7589392167444018
gene_1231,1.4768840277048996,1.6337836769810157,2.121505329045927,1.4094129028793474,1.295137853816745,1.9675522141090331,1.6724748113118584,1.1505184445059633
gene_1232,1.2781001762828195,1.3870104700689625,1.6980630078334396,2.832514042540755,1.4117585777231674,1.4698102241068984,1.5604334049654423,1.385477257444186
gene_1233,1.6443728999166864,1.3369552238487268,1.7380587079757397,8602.08828105565,1.5164902243607887,10959.923972924367,1.8736042348354998,2.045114637069919
gene_1234,2.0816015418522005,1.5065672555432001,2.154360665088081,1.8305069576536055,9912.115887247215,2.012601479300424,2.506705621623125,2.169295618970429
gene_1235,1.561583105660393,1.4626814100430368,1.6939448978711216,1.1447246245147398,1.4374412296263739,1.550645640348155,1.5080870307364245,1.529386956819231
gene_1236,2.144254626773942,12215.992072926365,1.7555531369711246,2.0828606426601683,2.3688377798290188,15837.990216060904,2.047101149149228,1.3744601566586925
gene_1237,1.1842972432656254,1.4551340839263625,1.3939025783451473,1.4425428716607702,1.3756059543007066,1.2089706706176129,1.3745416167723472,1.7122203407879835
gene_1238,2.4933800028144537,2.329644300613637,2.0324978587872113,1.3703398964634994,1.4385259530396153,1.3828850468360863,9993.318376312653,2.553158001660434
gene_1239,1.7473303608902224,1.6851884855821568,1.5159408175894606,1.712408887537691,12264.514055133479,1.3602219939936688,1.318123688934152,1.51756703249145
gene_1240,2.4032528696616886,1.5868230691264882,2.535866099936145,1.5516849391206833,1.6902527606539874,8616.077015177407,2.064006738161087,2.6071409827399337
gene_1241,2.1687020885571138,37577.76265801532,2.7243402844320017,13097.769893361019,2.1051084544323437,10686.650882333894,2.4183697249549456,1.8443793518489544
gene_1242,44222.697643190026,13653.287455374391,2.872042388945733,6482.61027571202,1.8669430544625552,1.6926741001858379,1.3543988059562329,2.366705893557956
gene_1243,1.4495668488852624,1.6187419927347733,3.813842592134577,1.6437286272009937,2.0724190662685604,2.961566899224963,1.2946901749846806,1.8531282179196753
gene_1244,2.332334269654,11061.412735666567,1.3808275134869703,1.9936337969207656,1.6679798553159841,2.9756560379061296,2.431338230542498,1.3386086660243661
gene_1245,1.4009767953006131,2.438957647902295,1.65822562657802,2.203140481297008,1.5959846782416425,1.4490666090868185,1.6823790654452457,1.3719425536268965
gene_1246,1.1819728638890519,1.214722804068208,1.283720081020699,1.2622050321473828,1.2878843286347046,2.8444121416409724,1.7635193906838464,1.2737849595520108
gene_1247,1.584083220522077,1.2806231896947946,1.2639738588768723,1.1719064850736676,1.484868827478848,1.3612177230898952,1.2040879668570716,1.6657931654209122
gene_1248,1.8280804626177438,1.31356329897389,1.6252824311272107,1.665377450671367,1.7863393004344963,1.391492527965546,2.381867815914423,1.470669317218663
gene_1249,1.3879778989431986,1.2361253477624714,1.3901304689983343,1.4094724553922025,1.119986073654765,1.3621807313588172,1.5619990053962334,1.401703943982897
gene_1250,2.083269464806132,1.4494295062450546,1.595751205375027,10461.368773313618,2.2088259509310615,1.31620105998783,12764.531321934195,11386.612657441316
gene_1251,2.129663805871984,1.305174776651026,1.5456525895353224,1.7481871476396584,1.5118662878436966,3.100967279775596,1.2527000611627863,1.5064078746655776
gene_1252,1.7130679137242848,1.3985717696101143,1.2663919389650817,1.1973383713010675,1.8015256946735587,1.2577093450060877,1.3349145040479458,1.8023497936481654
gene_1253,2.007966992216495,2.250858376216225,1.692703831437993,1.3679755934541176,1.3357000341021197,1.6991439911879471,2.2584111223295285,1.628284124636972
gene_1254,1.889462512764245,1.244515991061288,1.7805637214334142,1.4105691976420416,1.8301286613127081,2.1666909393873572,1.5512013749927211,1.1493887869019555
gene_1255,10774.705746061563,2.8913007197741027,2.341190977521143,1.4042239601558641,1.393319237639433,1.6181037566933518,10251.891605823184,9134.700984148338
gene_1256,1.1255926592687218,1.415332713505343,1.3367585072131325,1.9340989527940162,1.3360992507162082,1.1797885031080015,1.256086989954468,1.4234065073603095
gene_1257,1.4823373221135507,1.327763234033987,1.340167390681924,1.5247240578763557,1.5178827973011322,1.5192883295084032,1.3575654268017734,1.3553039394951616
gene_1258,1.393018780124932,1.823311184581803,1.6623088444038587,1.6299569868518107,2.0488742702726785,1.800123980023918,1.4544339117402618,1.437669043384161
gene_1259,1.1885733477461935,1.3889931852831554,1.3694713263644676,1.5222267901343736,1.1191023834291283,1.413311667602398,1.321553434233546,1.4600900426218362
gene_1260,2.752782105386428,9679.76827038419,2.7461663863747807,1.643295009728502,1.6638075729532134,9047.1901521901,2.7727361856223447,10040.22618262421
gene_1261,1.4927517077278647,1.3078626329113032,1.5967486850974681,1.4380566539595578,1.1656390164444184,1.6736249752456605,2.118086707317564,1.8963627615632983
gene_1262,1.4000773060940357,1.1422273824772338,1.3483860903842433,1.7700043823990834,1.2510874790173687,1.331189280331265,1.3925883897372207,1.1848457377127548
gene_1263,1.672268300909426,1.7482526562787515,1.3252020852272104,1.959950029513394,1.5689841126395039,1.7377753928866317,1.5763954125181507,1.6870365986258833
gene_1264,1.5323843993602086,1.4274888860159511,1.7415279419903071,1.9959692808770795,1.6256110011855642,2.2209126061526847,2.9348379549363703,2.836687793917436
gene_1265,1.650341699308447,1.3772897821276169,1.4478282881656377,1.291519587522963,2.0243705625788655,1.6901509248963151,1.8694667634071176,1.2001575247775835
gene_1266,1.3695018070908023,1.528966366981251,1.360412017833094,1.6311659094221995,1.7565667671384364,1.192325512115858,1.3057051943998685,1.4206321820718197
gene_1267,1.475316582703683,1.5229997177724326,1.5620527140685239,1.7220623548049996,1.910561804076596,1.8477079141627302,1.72878946364949,2.720406924543209
gene_1268,3.062071316972025,1.8065299009509777,2.0496742968510713,1.4177857245207355,1.2976437225204565,1.41531087253717,2.7026851552884983,1.982626861568366
gene_1269,2.4779563605541486,10960.923429586299,2.247872825045043,1.7874658284415543,2.281790706550599,2.917721499185744,2.1634579856360836,2.289510249965758
gene_1270,1.4799814258488502,1.5203833298481395,2.056980432383859,2.113790061562654,2.1438684738215468,2.8253573075148175,1.6697988045234058,1.3341739287048147
gene_1271,1.4157056146237148,1.0953149196691383,1.1114618290861316,1.2126362264362534,1.3703502026547403,1.238675569184731,1.5602903400948482,1.1298748977888848
gene_1272,2.703437697010601,2.4567498763126423,1.865070498566298,2.1567406638871676,1.5460511404518886,13210.484303413261,10894.999697680998,8889.39481504869
gene_1273,1.9512347873717304,1.6185162548261967,1.6193673598442848,1.607166224315569,1.812377972790689,1.4775948775847474,1.339047334664106,2.410707458341373
gene_1274,2.0188800467676558,2.1996107134522354,1.4779037130428136,2.208043972982215,2.532451139731431,2.874929508988931,1.5870525863298208,12053.899835796889
gene_1275,13101.63651318265,2.5467179692730966,1.704517255931016,1.4788025573574206,1.476612788410253,1.4957036725327546,2.1852490978659844,2.4045370759976445
gene_1276,2.453645152960936,1.4136217414711234,1.4600725944695128,1.4158543614750394,1.7810370254974723,1.8539160983433443,1.6643183362639922,2.129007687576924
gene_1277,1.3741925165313662,1.2664294955127424,10069.08530895348,1.3437730288250582,1.6583302993436198,1.4340001736591181,1.2161986075346827,3.2967407697093427
gene_1278,1.226780822470058,2.08369391852462,1.5339260327266555,1.5739765092239835,2.7050254686735187,1.6607782893096679,2.688138061220777,1.7647449672641375
gene_1279,1.198366279265119,1.572143891605695,2.153685063975599,1.4811493715430357,1.9570496847787549,1.714979278538593,1.588716954808058,1.1948102914463232
gene_1280,1.2161223527608598,1.9843539448356222,1.6232885942016595,1.4451692526135258,1.6989463613547933,1.5424980834740953,1.4145419483333328,1.1935223109451614
gene_1281,1.8851870828489898,2.122231053368735,1.3562638207633317,2.5039658782759955,30610.796752540595,1.4588305964001902,2.4134632931530926,2.4512564215310735
gene_1282,1.7138102936267265,1.5101126924092911,1.2386396654969707,1.4413409039087157,1.167397098242271,1.6537264236935503,1.4708482019263742,1.3195311968889427
gene_1283,14358.02663268845,2.308128413722077,2.752923429729803,1.6960592508079655,1.827546339450103,2.8833386440962245,2.879621037890817,9794.321066873255
gene_1284,2.328077265146327,1.56131330142341,1.9324340922865209,1.6166937952918299,2.747472694923041,2.7355395644325085,1.4065742779439634,1.5269991113810542
gene_1285,1.8320585850391484,2.3540785353083025,1.2465349550477123,1.8666321934524073,1.559520538510573,2.447535667307109,1.7184194072690149,1.8781060315752687
gene_1286,10427.883199896352,2.8033476096487284,1.3734094223536304,3.4573965129487325,1.5983892713305687,1.4973667269760667,7647.5092647432675,2.1507988598172814
gene_1287,2.1446279063657925,1.819646388835746,1.5927392455939986,1.886901194377146,1.8140522166596769,2.3921228738913727,14720.120727031326,1.628708993113158
gene_1288,3.247513619975255,1.4140895937079514,2.758090110616005,1.628921363075629,1.7654734159548768,1.5451691618586803,1.2186942023751388,1.7152024684082365
gene_1289,1.4498740752894153,1.3798703939395878,1.7698886707751182,1.5197283335077825,1.6330800393470037,2.1025947077396117,2.487107645165848,2.3435841278970444
gene_1290,1.753764790820667,2.6607663007564626,2.514259818184761,1.5985473536171735,1.8961183147682608,1.672721678358752,1.8281849319585166,1.474052524163368
gene_1291,1.8979961284874467,1.9385287021715734,1.2700012015126445,3.0798799970138138,1.4395691066214313,1.6805568048435726,9061.46543783426,2.4044541469242087
gene_1292,2.1427638314726463,1.2596133119431485,1.273938648100944,1.4496409384491533,1.4767222951179615,1.792083479248573,2.193251193224795,1.3566804215267063
gene_1293,1.591879828037542,1.6755780956026471,1.3202564561495949,1.3007031901413637,1.4558581610575836,1.29355703416885,1.2523895084259185,1.689572740214378
gene_1294,3.1144149508188947,1.242704292064201,1.2372382581814994,1.7448138691056225,1.552719749542666,1.5479667650001254,2.002078201851416,1.2588044547778177
gene_1295,1.4893927734359556,1.3694951557571544,1.589776916817733,1.63418888040904,1.303343307232038,1.135771595363573,1.147686600421049,1.2394197594789906
gene_1296,1.853709919063906,1.8807564392086613,1.3521424301898701,1.6312417637149188,2.09111538894272,1.8729223187688304,3.35814967333853,1.3348408374168783
gene_1297,1.9966912740615903,3.164806083139811,1.256741256059622,1.6259895762992291,1.6617381728825702,1.5281558248708786,1.6504110837565122,1.6201573263177587
gene_1298,1.4486549745091766,1.9734797832946918,2.62974154988217,1.7894683059942065,1.2966664526139473,1.7368936015310277,1.7075181392411063,1.2837065669436916
gene_1299,1.239465815214447,1.2714624711158786,1.5123835021955103,1.2735309567426212,1.39387742918234,1.766434698328598,3.1082813157315208,1.484782968943187
gene_1300,1.2059468193578853,1.4871754718046426,1.2476927765928445,1.4533569870035532,2.7903513534337505,1.8137397148847,1.248745527067684,1.231996012317616
gene_1301,1.728800643414115,1.5557182471124593,2.027074260366306,1.6656203111522447,1.78470765948041,1.3330719021079471,1.6763798526941784,1.1403312968117785
gene_1302,1.1175400681798657,2.4418962611688286,1.3621590016351965,1.1542824157681448,3.542004796868171,1.7435934587703483,1.4916302125413465,1.3183711921026555
gene_1303,2.2477784020995837,1.5703636588270027,1.3952825139503404,1.4536451698926742,1.4457171846557855,3.4375276539792403,1.3982269299531918,1.3596998823530881
gene_1304,1.578692753716083,1.9900755386447502,2.182811377452187,1.2355801448806265,1.3915119531236166,1.4323624443111582,1.3291294216813125,1.2583681670811167
gene_1305,1.7380274942690492,1.4195698869046809,2.018145496091759,2.6355425432711037,2.100780592305178,1.6729737235513074,1.906875483709194,2.0342675924277636
gene_1306,2.171415681517052,1.3587717036282203,2.573943184211261,1.936533905183399,1.3248104744124336,2.8245997964943954,2.0536862878326847,10964.343790353605
gene_1307,1.50720452306466,8902.24492607211,2.2587573868451396,2.138121854504677,1.9447601601846345,9777.418147374405,2.581575882932646,13548.41990402448
gene_1308,1.6481439515835383,1.5483852438456212,1.5255059177361445,1.6318235805420034,1.5163765092074792,1.3569371913130452,1.2098148437548035,1.238083160006451
gene_1309,1.786650940525149,1.3185187908990936,1.6327454519423144,1.7112084184416034,3.1406155717598945,1.2311851490074184,1.3807782507742408,2.705505825125391
gene_1310,1.1974334442071015,1.3361875330905941,1.9112976443338061,2.0536747348216267,1.2397875962464915,2.1776919863048656,1.6598436025551833,1.3974666091369312
gene_1311,1.4925684441379836,1.3741135456492664,1.374303954210394,1.5123917292221873,2.151450211075708,1.4601876832291893,1.3828374992100159,1.7996071220887722
gene_1312,1.3660906495485907,1.2724892781500787,1.0656162636301882,1.4457362176153468,1.1691434173928386,1.5815435610579835,1.5319997294509555,1.3912435880461722
gene_1313,1.3122647108369476,1.978817368976768,1.7450721466795576,12843.891207155639,1.632137688571418,1.8407789704075204,1.5654341808387162,1.4321690120666277
gene_1314,1.5865993904833928,1.487816372196678,1.5041498353591194,2.1205029059311973,1.386486530000491,1.717908632610966,1.842285073479047,1.2090844173182311
gene_1315,1.4370115690602532,1.364601938761785,1.9027576711623118,1.1828667203335625,1.3994682566805305,1.3116534395032782,1.1847285683554565,1.63739535196575
gene_1316,1.2263752706518214,1.6120873106091627,1.3659539943274168,1.5326934267742298,1.4804426574709144,3.5036616142272203,1.7644739121162178,1.2535566130673281
gene_1317,1.2510589120060926,1.5826712891926313,1.8455726190401245,1.2966818448837982,1.2146125156040013,1.4022019232312457,1.2626254142788755,1.589597060016452
gene_1318,2.465690700744186,1.4060348759262717,1.4041622502798454,1.2308390282720683,1.4191275081487584,2.5927546931083194,1.8746537031034916,1.816590748059049
gene_1319,1.3997542583540048,1.8399638247484214,2.413516034027637,1.3603331941899421,1.5942573843667769,1.484377898045,1.4079443788312993,1.2440433698712592
gene_1320,1.6233450316350342,1.571599328241542,2.492926583256099,1.668533993923049,2.2437548397503977,2.4874089490198465,9909.576528850057,1.7014463501181971
gene_1321,2.7972742843248146,1.3461277810644185,2.294627205927838,2.0694388547919957,1.2889690147906923,1.1811665968181033,3.0080309592774084,1.473104131809356
gene_1322,1.5583918673181105,1.5772236900872638,1.4372117646218454,1.461233550886167,2.533774338475115,1.6125339528340854,1.2640746907628098,1.6912697255983484
gene_1323,2.093855101195331,1.3567171402691045,2.710272274120225,2.7035421666878947,1.331525074493517,1.7192119796169156,1.654299569364254,1.6247627328677077
gene_1324,1.2650530424661683,1.2149281532403073,1.6752537761536006,2.6496543407457915,2.0108756549037183,1.89441289590293,2.569788463390197,1.9318579538899028
gene_1325,1.652883062756372,10638.017512806453,13598.25101467266,1.5133490197906008,2.246376138695988,2.55610192515385,2.2884635993288374,27279.469423241368
gene_1326,1.3140532708836445,1.3241773105024284,1.2242165246781413,1.495219958786607,1.6851001794847418,1.687156377785915,1.111400087558806,1.3722701780053346
gene_1327,2.124349876316086,1.2814698950801284,2.247979531382678,3.5367063576925224,1.5029191629775822,1.2284254564217583,1.6148358606808104,1.2468291677300138
gene_1328,1.4277710190381976,1.2781628125380837,1.4748220048005118,1.6041166930214967,1.3253317788355254,2.1477321230498454,1.1590415457404197,1.427693595697756
gene_1329,2.177006840472401,1.6486719504440872,1.8576594319062456,1.7223843151265845,1.9130495241501173,1.4324871505318582,1.67770038321397,1.4416233711823987
gene_1330,1.7773911413269767,1.312496762178068,1.283523672730888,1.2829943178975651,1.7029483977306659,2.631402723529424,1.6286348904429029,1.8833390716650613
gene_1331,1.7091764662153728,2.0286688776738506,3.081964226128017,10263.366083736533,2.141416760362592,1.973543937875111,15232.92756769574,1.2839619745227613
gene_1332,1.3799096783023002,1.3348330555444539,1.4652107381826898,1.3441171283104008,1.4519714720703911,1.3752935112039846,1.4181079397843213,1.320234613750246
gene_1333,1.2254821120529946,1.638465583535513,1.5782840904576667,1.6330934160588766,1.3769577000195286,1.6938043409858667,1.3480061063964384,1.4573241288460923
gene_1334,1.4213691388254563,1.4262056735547421,1.133516128731198,1.5022888758549289,1.6867369177650147,3.366373906300224,1.5367729283656133,1.7266317190433589
gene_1335,11578.031929489332,2.1440824282645967,1.8341199318839505,14505.694990401602,2.3207258473838333,1.9267223245009881,1.7715414332747115,15296.654366763325
gene_1336,2.6381067368424245,2.3618382093011294,13249.117044669389,2.0750146624601444,32332.301640718535,1.1830849755626318,1.7894054986858379,1.866171947948095
gene_1337,1.196844603393161,1.6564357147281863,1.2364283522275439,1.6067948511107248,1.4311583410632474,1.4549734627908415,1.7149696809096142,1.412771015009052
gene_1338,2.4162516330832955,10132.862963058049,1.563412120127268,1.4232814571056143,1.9476592473231418,1.5010557571107888,2.112566714840395,44659.91987992037
gene_1339,2.16641134129517,1.3603984257688684,1.5010513399116763,1.1334850322521217,1.4645767707796824,3.57070418046869,1.5582544631790858,1.3792037123001069
gene_1340,1.3310672838151771,1.5753363858908302,1.5664318049679895,1.2635289121854547,1.3290431295427727,1.2939970497783948,1.2597563800819682,1.4900476787641623
gene_1341,1.5468249191727355,1.4909820814095924,1.4983375018114402,1.2977456470256108,2.0723164752922645,1.636791424472408,2.0308533916805507,2.547579837841011
gene_1342,1.4728243702870807,1.9741034045663635,1.477994365105678,1.483577369020123,1.500848226067602,1.6159650931091123,1.7094084813092472,1.550163169904612
gene_1343,1.5879363364019756,1.2274195273453428,1.8176514460445221,1.3201645345258317,1.4145653072919324,1.20236140447169,2.092955027312207,1.746655636013431
gene_1344,1.51053752342525,1.3050661464330364,1.4383927587359981,1.407108973285608,1.605424134239608,1.5258094679075969,1.254045471978547,1.51740976211773
gene_1345,1.5040077817842878,1.7020134438753343,1.4954615083466416,1.7006607621283218,1.2995998216345144,1.8618841312596615,1.1910891618880923,1.3321847040701922
gene_1346,1.5486006312042886,1.6022214228077032,1.302199580911858,1.4247610666892099,1.462742862113342,1.3363822414761883,1.9145127589111182,1.4013718339359351
gene_1347,1.7756893999648027,1.5733718940451569,1.422010292080031,2.0504953866316282,1.5982021019396193,1.7234704183421496,2.0805931453426822,1.658093985652091
gene_1348,1.4783682540940353,1.2285597527352468,2.010785709210262,1.787731058914791,1.5352234943239984,1.3317304893332513,1.6952872172668927,1.220378952311292
gene_1349,2.6958066934169533,1.6353015968546532,1.592406295744726,2.495720299204212,2.706398809661643,2.5115265107003597,9174.4774027366,12832.075320099731
gene_1350,1.2949150310374593,1.926377576200421,1.4721103655331564,1.6114351484330292,2.674176395509475,1.4869659136828757,1.5989033574920748,2.64001483545035
gene_1351,1.9492545493600109,1.2187298464842673,2.2515268178995456,14840.74718734983,1.4237140506123984,11664.372433493281,10569.963344044852,1.666700256879751
gene_1352,1.2653335969566495,1.350707377478426,1.3330013964964222,1.2196475431252611,2.0353757361938896,1.2617365291394613,2.1535309958781674,1.514724065943574
gene_1353,1.4083578480068935,2.820693559020482,25602.709165395554,11245.713041627501,2.7806120758860917,2.8707384099539848,1.6530842469042473,10228.140212511671
gene_1354,1.4824286491046976,1.7465551128904286,1.523776806808673,1.166886139912956,1.1708889882489704,1.595710459328967,1.5320931002686946,1.5425878537837416
gene_1355,2.2387036410647565,9611.106969737511,1.7104677745477095,1.4214866151703573,1.5036821741500237,1.6587203281136085,1.226866152150324,11030.618584567983
gene_1356,10768.245350303492,1.5340002745225179,10300.65180209398,1.4874852853279865,1.3732226878202831,2.556441895283473,1.6030653452139607,1.4670416853027772
gene_1357,1.6173119343382532,1.5734481455470168,1.7835237339423882,1.4844329732342494,1.6236669628806142,1.4436715402867482,1.5886940130675198,1.3149809895256312
gene_1358,1.3150536407845859,1.3372484727485903,1.1657388508797188,1.368939036028431,2.008073142234557,1.481140689602238,1.427724259933708,1.2698413129870683
gene_1359,1.4603076303768783,1.6555059958587433,2.4599128719096415,2.2307017589772684,2.164934130847318,2.065641544435402,2.0265550974757116,1.6551146248458415
gene_1360,1.3323571164665287,1.2454481220015758,1.6504379715483681,1.3747652238063104,1.502179950357221,1.334948289818178,1.2415141874754498,1.4820503245363188
gene_1361,1.7449187881841497,2.1153100317961036,1.730881781693941,1.8002326790021146,2.1689348768260013,30575.62445925544,2.3951934393578114,1.3758463385916582
gene_1362,2.779111218542872,1.4839366376489094,1.3409808378024546,1.7943455312522631,1.3561569529507964,1.494454531347218,1.2941995950472676,1.8383856568438308
gene_1363,1.2587789817643638,2.077651560002994,1.8572532167530944,1.9955727333441482,1.4899605991131228,1.9496569610022236,2.2018050861260625,1.7917378789382705
gene_1364,2.41922480113179,12368.702580162246,10611.169851748899,1.8878437177312581,57261.56933542251,1.9666334554297806,1.9704316437078315,8534.766037940943
gene_1365,1.731622892012518,1.660611144178058,2.0657073696935506,1.3828297569831007,2.2026009608355017,1.5500787391382749,1.2536640280724027,3.796877697394152
gene_1366,1.5313683787935226,2.2448059419856086,1.3772577926392482,1.3405016063297643,2.2020326351431505,1.1778805547755378,10071.969671967809,1.780094042816705
gene_1367,1.4026520057455094,1.1458152223002547,1.6970776916465753,1.1671236591176533,1.3898153346626045,1.2332077173370617,1.5250042304925953,1.2791817495321887
gene_1368,1.5554039969841416,2.4518873994359756,1.3731297099668613,1.3287442258055215,2.6550325408474174,10512.873085841109,11048.491636177427,2.234803405094165
gene_1369,1.7573688819165734,2.22181819073509,1.5741826525074136,1.372336651575899,2.9755482533607673,11225.555668414594,1.4141102246844215,1.4131941837870088
gene_1370,13102.913816724684,2.6131463766007723,2.4245493559226663,2.2918380114694044,1.3842503489246802,2.3255008965111252,2.1114395568404403,2.1516520642892947
gene_1371,1.546381283103898,1.9611606407399909,1.5658659099859542,1.9144641054390161,1.531209886005905,1.3878819366749493,1.2862858917856996,2.0981118035325492
gene_1372,1.4189180817822669,1.333021092403007,1.676980966846999,2.4039846791923654,1.1637394493361244,1.6596024522250301,1.2143889213699637,1.5550759721127991
gene_1373,1.763246190393942,1.8522426632101618,2.699775119344541,1.5523520987270636,1.4243961314992406,1.7849927032629889,1.2073586187514527,1.234012121450772
gene_1374,1.539008358838412,1.2270701051132724,2.9650878174320416,1.7101463267506436,1.7175863545219854,1.5808659713872097,2.5061051058297017,2.236654599565491
gene_1375,2.323961760082883,1.8365996001055005,1.3741350833926451,1.5451675196461705,2.4892261268334206,1.630164645061274,1.8695927351512167,1.8696905191004436
gene_1376,1.1058125287330292,1.4112647358793315,1.1055136697648227,1.5048226701657526,1.23220013299968,1.179276595251246,1.2075121311579309,1.401820742662546
gene_1377,1.446734799643358,1.7722775876366785,1.5675754767815375,1.4327791897767088,1.1599424173674076,1.2632857528300998,1.9533915254024168,1.581087290115963
gene_1378,2.7592790259789166,1.444077758506016,11026.233719935146,1.558212202290553,1.587271093486138,3.0149778098148925,2.5334915604383603,1.7206550308959263
gene_1379,2.098432272990316,11016.039544810754,1.8518464313042025,1.5166604839670512,1.6660412427371862,1.8232546827366414,2.0841802756684165,11091.686070610715
gene_1380,1.2903008215422163,1.3558821151549836,1.8513490405275068,1.5142225149554829,1.983441388882191,1.8833467851252144,3.139290537409683,1.513053070356693
gene_1381,3.862980860591286,1.844370202903894,2.1009823773001925,1.4695909004672645,1.5044776067970198,1.8935974870385135,1.4290696015208209,1.5598934908933988
gene_1382,1.2674738560377616,1.324121963187467,1.4074770439533038,1.2970894997706286,2.4294182811139797,1.5750924898226135,2.2836430286400025,1.4329216601583454
gene_1383,2.3812998325863464,10015.68056583211,11567.440772367137,3.0926576061729043,2.2318860851738185,1.6178138190779452,1.2325991376488543,2.430774151085017
gene_1384,1.3803077853805192,2.8051439905154356,1.3866282986847105,2.3138843143936505,6424.620373493326,2.0741740613218558,1.5287112082731305,12519.96301933362
gene_1385,1.385404739258396,1.4665719917066078,1.687220656794476,1.5378676461902732,1.727120183492335,1.7159513943252198,1.5193721681876573,1.6100827334600163
gene_1386,2.2353158366417483,2.1234365290063315,1.3404661091350387,3.459350645430559,11649.29148399035,1.3571421916023199,2.4724501260902683,1.6341852007413122
gene_1387,2.4356274158586837,1.6739804189703242,11005.79556357945,10528.617923389897,1.6360129019746263,10132.572309506884,1.9841369133329678,13350.50510832144
gene_1388,2.348707812165442,1.3526921306636088,1.6388619286863302,2.450469946551183,1.5049978037590073,1.5625128351906632,1.8090695131834662,2.1438820406481995
gene_1389,1.8516725855467864,1.4145806223745605,2.0868547433873363,1.4564649874365307,1.2973300400770624,2.0759576388092325,1.2447335998429228,1.4000449380013305
gene_1390,1.4091808390271976,1.773447294635282,1.8189797574189448,3.1245922970228763,1.531360661687928,1.6514707929752264,3.231834723125479,1.2893251015857983
gene_1391,1.4757043407007537,1.746905565980202,1.796833025849765,1.7466765816115828,1.8698589947351134,1.8019119892689026,1.6527498065785045,1.3977668985546676
gene_1392,2.1196650051798405,1.1845578939578238,2.1071068120242424,1.4112173701209263,1.4229223862225686,1.4454143391122811,1.8036812721394688,1.2888873619671088
gene_1393,1.8524263934948646,1.2891696301850928,2.0896420544892313,2.191017178661532,1.3125091433688016,1.3115401096835904,2.705887899584297,2.3666586132069902
gene_1394,1.7385019568013989,1.6440420333650563,1.6152876370549862,1.6511004703399341,2.2897512940429956,8491.517776843952,2.0081538084210138,2.517307986755604
gene_1395,1.2598786364952261,1.343257498419622,1.5164652452638436,1.2127585483747079,1.4918022722138722,1.3133292631786366,1.2940183417355295,1.78600507411298
gene_1396,1.329557549976717,1.4523517335031462,1.6854197805338573,1.4630773738092657,1.2054188086404174,1.6630097959756502,7809.367284597828,2.618369335537867
gene_1397,1.3385322949648688,2.238881133558627,1.321447198973954,3.7812434085698268,2.684873287095689,1.6369190212924065,1.5176632990183034,1.3326625174552111
gene_1398,1.1376228634219914,1.6259108626675083,1.1360040907368893,1.3239064506208837,1.3128888488623784,1.3625797363306038,1.2007958200337117,1.3297143835883674
gene_1399,1.3597916172825213,1.280039862694328,2.0432501772067955,1.3217832943942789,2.0917625214200535,1.477484830616184,1.7279607587782244,1.3370610764825033
gene_1400,1.9286479837851427,1.4512902384496824,1.2919320063580264,1.8810888208498189,1.411479109987208,1.5387635504818151,1.8788795542583268,1.236918863345356
gene_1401,11548.425800858371,28352.62478722934,1.3577249769913948,1.5727025972034545,1.92201691874065,1.490181202322273,1.29774550472582,2.8314756386112303
gene_1402,1.1527104215246653,1.1966950679119435,1.3182552372155307,1.2575015377306928,1.17277192560329,3.536012038737856,1.4159483979679768,1.711202734322094
gene_1403,1.4126441746948308,2.7552724705171205,1.3861063746781588,1.5003590919906904,3.171368590684102,1.2756523455329603,2.8562148361084128,2.3200918974371634
gene_1404,1.3480195720083519,10706.405166152048,1.8092705928261636,2.307292910482354,1.9718646176082115,2.5767473966988628,1.457824878005642,1.6914914989729497
gene_1405,1.657027212780733,37955.09688899493,2.2613416886016267,1.9228866419272181,13278.339805673908,8827.870986071539,3.0310044140671684,1.8534711698795647
gene_1406,1.5493299790172343,1.4355292926195948,1.5280337948793778,1.415118832149658,1.4127487616570278,1.3925823502209713,1.2336686503951875,1.9861544079432334
gene_1407,1.3676715808326076,2.893561638820978,1.8213807778884497,2.7418552108863268,1.496462463087544,1.21121640586012,1.3393167890677493,11508.852377612215
gene_1408,1.0992687031363728,1.5198702761134169,1.1801648459730691,1.2529739177984933,1.3384303384777447,2.441154261257595,1.3188800147639363,1.5904261491502119
gene_1409,1.776436359203339,2.880013522787206,1.970885703203414,1.487565969384623,1.2589720759471923,2.9695556411499866,1.8819467703221786,2.441792945498291
gene_1410,11802.585902974693,1.9157980726806456,2.8076309864209463,49089.6999720075,1.5083014336827143,2.0244217220336025,1.9214849823143851,1.4083423499705336
gene_1411,1.313675415446498,1.6301328342693329,1.604975870212929,1.7383211930831457,1.2165751019978865,1.2937983884470974,1.425573415827311,1.3752967432502816
gene_1412,1.440082561570247,10899.92655567981,2.907337990864701,1.9380979627164452,2.0172368948025903,2.750422950706487,1.9359166983122258,1.7179794407323785
gene_1413,2.9086469021274537,3.3664772877997047,1.4478857304559503,1.282343075094772,2.5026632221569924,1.185139137806479,1.6385818325310122,1.2770678982365786
gene_1414,1.2953467276344042,1.5610555022384234,1.3524012157631413,1.777328364473579,1.3161850303286151,1.9158425075856051,2.6124680992481824,1.2586072803328567
gene_1415,2.8960134044730514,1.2334128347930644,1.654868753882107,2.6136633648488057,1.4285999803392087,1.6507021601351841,1.7428146769361563,2.9798960964971077
gene_1416,10980.107084773193,11432.577326988176,1.658060263107038,2.7480904298004463,1.6003417651501095,1.1957077435090595,1.3010676829949162,1.7389518886661837
gene_1417,1.1923083369750644,1.5505357156143704,1.685430223657011,1.9325683269911516,1.394620293663293,11588.04227846729,1.5783218466327202,1.7679201062631442
gene_1418,2.0346587738620006,1.435625037180221,1.5709595066541482,2.458938921340794,1.4241517802862662,1.6815513625393554,1.8267111020301985,1.3111034308804874
gene_1419,1.4503204347612517,1.3440517933571163,1.3591606140507604,1.856969112244222,2.5430792603160803,1.0725144616266322,1.8089272724242704,1.8267763175842584
gene_1420,1.6001092823011576,1.29690895465513,11774.800123035366,1.8991669342857749,1.6115889428526553,1.6099258447567149,1.9050653249028204,2.2860468409076455
gene_1421,1.4834997387208508,1.8904467817840258,1.4458457410197512,1.3472197841999773,1.3551545002661611,2.193564251579673,1.463216268322549,1.6957798951030014
gene_1422,1.7343467361111495,1.4559395316708985,1.7002476696305242,1.5433870295063994,1.558923781954711,2.2791802926425673,9693.914088951915,2.070636889455958
gene_1423,1.1654382411028612,1.663247664056198,1.5531106070754144,1.3186047232382647,1.3669177747940653,2.586298817330111,1.5133313671470827,1.2990384674829663
gene_1424,1.484469571211751,4.42638152530491,1.8611181856286103,1.2637810786885446,1.5785989513548686,1.377460683112338,1.5536035652539535,1.3476454901157369
gene_1425,1.9772142165131852,2.1277495877147263,1.45705423034939,1.3405738753338938,1.5089740905555677,1.9965867778720898,1.9557715272594998,1.419407275890819
gene_1426,1.282564155721921,1.5685591553415912,1.2662378603426725,1.3178616261066232,1.236163539150332,1.3470905641203852,1.405020771282621,1.6699545537331166
gene_1427,1.5693080408584161,1.5271590016707852,2.9102605833345088,2.894296662850857,1.7247254246662918,1.7139755281979143,1.287213391399133,2.5835175746591847
gene_1428,1.3787279328292905,1.530045612911057,1.2602703887543527,1.7996681480836367,2.4380366896176127,1.6905187448866932,1.938046566726481,1.2700353928197843
gene_1429,2.039012908056596,1.4589454444794205,11067.62980078615,1.1285946467089762,1.4411276371347208,11431.759176954773,1.3680873002663403,10624.68820545686
gene_1430,1.855228511056765,2.216960141128126,1.2273299858044346,1.435611860005752,1.5822293881570437,2.703910002740003,1.354095748274134,1.95767380293782
gene_1431,1.8571679018850005,1.2818824858870204,1.4430496407143496,1.4614009175763487,3.5832169821897675,1.701864682238125,1.4017421285788152,2.764313243285487
gene_1432,1.9503989767538692,1.448264927644808,1.308507081644948,3.3995667236074154,1.526579876237336,1.586022023134709,1.8063527986954964,7721.74794144211
gene_1433,1.3222909543552268,1.1681990877804787,1.3068833039679766,1.5386535973616142,1.596036094609003,2.0239119844646067,1.6019207848223045,1.4129386303271536
gene_1434,1.551437831319506,1.2729467107643448,3.1187897382054435,1.7644251665217454,1.5602435275626734,1.4573762006281707,1.407692669283972,1.542951930420553
gene_1435,1.3682733242722793,1.5082573177661402,1.3834556153137947,1.3364512310783248,1.5013565562482494,1.1967501819412405,1.4431649408850897,1.2176512051900135
gene_1436,10381.553883750801,1.80661920026524,1.9219781589423048,1.726435480941767,2.225426424566938,2.2048854385116288,1.2297381360342354,1.7998288412689136
gene_1437,1.1970287415332448,1.748442706276185,1.2447146290824997,1.3938773512441616,1.9823324073624904,1.461936387261991,1.4661180077644995,1.5798474355211758
gene_1438,1.5831509866686355,1.7678694230094032,2.952927541954768,1.7030716848054597,10033.342979583096,1.715328273416188,1.4700804504364804,1.3773136762063845
gene_1439,1.4791249622918088,1.4671432080354865,1.5683896561242563,1.8724595372458814,1.3164316752372875,1.3164285034570555,1.5090577434885593,3.895188859930257
gene_1440,1.8274408896672192,1.391624356586462,2.2524724868169934,1.4846288222988653,2.269748271642018,1.3331087500636014,1.7585556518571832,1.9971491127624843
gene_1441,1.3584270733671948,14057.579287397391,2.3138085362096525,1.336113743236235,2.362178192507123,2.070115482437545,2.668976480958556,10240.97958268088
gene_1442,1.2242369427704618,1.3755280959851182,1.2023533011223575,1.4768864668758355,2.166376213829951,1.7610243368266028,1.5182425824540573,1.4006758443691583
gene_1443,13443.383560627703,1.8450553151118556,1.5456172852289807,1.3647690984439411,13593.246024204396,12194.548196574944,11426.72074411272,10365.189562251933
gene_1444,1.1319751639862747,1.685673437756474,1.4296617298326209,1.6162863094362068,1.9848554737022057,1.468144656869716,1.399910772621147,1.6543002772811601
gene_1445,2.38919484233445,1.1487206058066342,1.9381647991831514,1.4542671591377505,1.2750104076768,1.6759514952668617,1.3298274833032542,1.2981432495601897
gene_1446,3.0414636368992465,1.7919791521862103,2.073265422652351,1.648897312971572,2.142979299712586,1.3735902086415448,1.1943442545899525,1.4862805210323733
gene_1447,1.7238123570239385,2.1970527558503012,1.2432949095476196,2.0142342883424535,1.380850939488543,1.471624342453441,1.489635690172534,1.3699802530386154
gene_1448,1.26999561565128,2.1478539753496895,1.3949507077925802,1.6674643655655657,2.231812832330383,1.6647305933412047,1.9043650120579405,1.7897164945809583
gene_1449,1.1697065978824295,1.1710260450225207,1.5028415876714298,1.8522010250244367,1.2564119418789808,1.1236995699958536,1.6392309594179106,1.7358579477300466
gene_1450,14156.382341432229,9556.882177405107,2.7810094703765533,2.2178101775766397,2.509847990022291,12404.72658159732,2.7665400860649205,1.3793441131745559
gene_1451,1.303788970174309,1.2029115208618495,2.2813809964711456,1.2183764439179745,1.5256498926850437,1.7793455124875894,2.0196158762166694,1.1309466647792432
gene_1452,1.376494461084192,1.3268682075540323,1.9312770303234446,2.7104946347097623,1.3197647381126671,1.329110503101052,2.4044092858885286,8860.845611292409
gene_1453,1.463738721381103,2.8560861748989366,2.9228671336591687,1.2975359535231152,1.8461878273494505,2.733897093532085,2.9236502020292887,1.3719675599042527
gene_1454,11034.807998626644,1.7671457033353808,3.261351960561802,1.656026502895837,1.698151268647977,2.285259858700058,1.411225115496211,2.1013962925998992
gene_1455,1.5206337586291185,1.64534905964116,1.3243389074420342,2.8913698174123383,1.5812591796142998,1.3113043543140934,1.4214421817170044,1.712447772134444
gene_1456,1.2593810787263537,1.8102545311485019,2.2303088919791607,1.4142305968698392,3.3738289212843084,10613.437648476276,1.5929024479976808,2.1668936300300574
gene_1457,1.61938891625792,1.5992727719066195,1.459231083890185,1.7792444298942482,1.1657036395506726,1.3506132414672958,3.210615151036186,11285.013907194301
gene_1458,13060.543406228517,43336.53405807879,2.0773568000840528,1.700507962759442,12914.545274364002,1.9806413902741529,2.0066940373548703,1.8865043985935068
gene_1459,1.5549518704122656,1.274398379295298,1.6227233979587343,1.4244964628239396,1.2541232956047068,1.2641474834398994,1.1477138464218049,1.1852104029821453
gene_1460,1.5413589121877889,1.3537321021408515,1.1390694774353485,2.1815309314075266,1.5000217297792058,1.432401724840034,1.5582926115017866,1.1802584846372648
gene_1461,2.2428447833644305,2.156247270256159,11421.366299590303,2.3123279014206566,1.4021221203138898,2.206039242058452,1.4070765711746607,1.5180822481724305
gene_1462,1.3760553037243821,1.6427142986061323,1.2912834026192628,1.3752222993549161,1.3247812978209201,1.333302207552733,1.8620706314891415,2.131240455458041
gene_1463,1.5784221457498477,1.4118469306456083,1.4781927842467997,1.938362733351596,1.7329725841945498,3.3338162190467133,1.4700368778342043,2.1400768549462095
gene_1464,1.2651448059689743,1.5764675054140744,1.3937440883813728,1.5651435523070698,1.3809584798717485,1.7564598466558035,3.1713093158360373,1.373433400165413
gene_1465,1.4651127836882,1.4407697198642602,1.410103602614093,1.2344711682797522,1.3453908190395436,1.4403685108594801,1.6062238650883223,1.3720166762818031
gene_1466,2.0570541591737075,1.4267236426952465,1.874039834539103,1.474691912169352,1.1527141596997066,1.7567819214131724,1.199726680890406,2.7717196549007936
gene_1467,1.1876482613777488,1.2020257816368825,1.2086469433796592,1.2195831352182918,2.097868874704111,1.4288992103846707,1.158277182669177,1.3607050284029207
gene_1468,1.198726639451575,1.221613494845325,1.3576876569961234,1.279027233568345,1.5641527910228445,1.66677734289097,1.2552438752180302,1.7724206173295776
gene_1469,1.7255371456866098,2.376378663991585,11466.160713311634,1.5187104610317699,10780.740450180634,2.2168592712562534,2.3434353646903867,1.663427407546499
gene_1470,11637.269499637116,3.73192197369473,3.012208966960811,2.4713520730565626,1.46871035543458,1.609371661292957,1.5823270002806744,1.7335206365586169
gene_1471,1.2864689950321748,1.206659570112878,2.935471838237468,2.6844057756244366,2.1313458896372337,11431.78379190275,1.5209096528122532,1.9551984060835688
gene_1472,1.463320784384955,1.4285099883188273,1.2485787261745658,1.153615969284222,1.1650267227032238,1.4089720850917078,1.2441488756203998,1.239439785387165
gene_1473,1.806321479799493,1.4967065755914204,3.297787370978061,2.3464151515599774,1.5530133946730564,1.8998365902419692,1.3287179763524826,8227.595934242026
gene_1474,1.5942861867844638,1.461315117896792,1.2251475862515877,1.5507971333257293,2.65368562250624,1.7004836995861417,1.456795105732908,1.4538991110655899
gene_1475,1.7259387157218071,2.2579465944972643,1.9950737848412323,1.39423294385199,1.6924164183130654,1.6349479610245474,8446.459027076178,1.8352378026885696
gene_1476,1.3447685230991937,1.2747790789212448,1.3637670158436939,1.2017229262335407,1.3776059579091453,1.2902115164272074,1.2595871245239203,1.6506822202626794
gene_1477,1.3304442386861879,1.2860185573708076,1.6553897467742538,1.4443374972461671,12234.064833745902,2.1900041927080975,1.7596141241278802,1.2791346317607144
gene_1478,1.5510426133036732,12399.893728441679,1.7571279275920633,14716.797147785303,13117.115837293051,2.9080730917012074,10882.479410605036,10811.508127252127
gene_1479,1.2776104415050087,1.4463336698380047,1.4345865223531735,1.745837602862968,1.2069509560219651,1.378328357231824,1.6113786766251423,1.7659657663315853
gene_1480,1.3266131770820246,1.5921228684963475,1.4677288437118743,1.6956983559762715,1.2357955796230897,1.3235557673555425,1.5618324769997307,2.83660473037098
gene_1481,1.3797953004530819,1.1678759924854607,1.1866799195771571,2.799076527140808,1.601268260230336,1.3974485737572406,1.9554692737292705,1.4717179512944107
gene_1482,1.188230732654205,1.6350477117432698,1.7213523312365144,2.0325620418234207,1.8241209762542634,8192.802114170725,2.8461267756750304,1.5185761885004785
gene_1483,2.1829630302908,1.7078253905855827,2.560066696275209,1.5361756090092953,1.5108583113862677,1.235925470954069,1.9889455818260646,1.232471609760717
gene_1484,1.6747829871606978,1.5201492859513774,1.3518942651638426,9691.625771636938,2.0907286645798098,2.9484773293491564,2.862538697473509,1.3122808872160163
gene_1485,1.1819194896191703,2.1029169750642076,1.4939448698335496,1.5757848661612481,2.620090340149356,1.4308586985487386,2.053826373274513,2.5214515089721945
gene_1486,1.5255439331083718,1.4100527275705477,2.242191100174504,1.6161421984430266,1.2392567863255017,1.2937993594632429,1.3523723500361413,1.435810235309668
gene_1487,1.264613952082811,1.6496937372286096,1.6278102673778048,1.670109515644633,1.419113940645879,2.3358794722249163,1.411554147292148,1.6038667926584282
gene_1488,1.6743016994645379,2.230208610128877,1.7434431484634139,1.70589449091507,1.5198917035674735,1.9540192183877136,11416.401885432382,1.448897578987404
gene_1489,1.4961326697852537,12602.578802613785,9240.86723560074,2.08723206116652,2.3878574580692877,1.9730557719796276,15687.2273585297,2.1638211738760975
gene_1490,1.407487862424707,2.5135463396946,1.6354800397708433,1.502083872592521,1.593991109125797,3.251205786123916,3.245241103728613,1.6928252117086688
gene_1491,1.2064072928300245,1.2503315109530488,1.7518527391624903,2.3858391309835145,1.595831112265803,1.707929018069735,1.452542410458038,1.566010639054785
gene_1492,1.3051149811753888,1.7581420868753033,1.260066857184248,1.1995192257381058,2.273858178475321,2.1317811195235086,1.9853689994297081,1.8269743956472735
gene_1493,10029.669146227036,1.3414759005362242,1.3913063040945675,2.2307753674801756,1.5490302072164366,2.049788240106271,2.0850790247578335,1.783039843844648
gene_1494,1.5333060482806127,2.4566349091674935,2.219778261831494,2.5473685905427246,1.7496519493522675,2.4635121780410523,2.146269946150326,12351.959891715785
gene_1495,1.3191309606398822,1.3639879880039463,1.295811018494675,1.556092393415789,1.3771367409314246,2.196054155196737,1.4389295644629285,1.3262233913680543
gene_1496,1.7405845692278064,1.2537116577260001,1.6607643734945894,1.3395450074890127,1.5471729278737536,1.5210664806178273,1.3623868264252097,1.5734731026242605
gene_1497,1.8583219993613556,1.781969825915655,2.8174682099507784,1.3882876724672484,1.3825745836676038,2.2671005212232593,1.3617187692413988,1.4755014361899232
gene_1498,1.5169387548074704,1.6607823656366179,1.3838048713964781,1.8057137828109455,3.1151464067073724,1.3939656040712078,1.9153642799323949,3.5965553824768017
gene_1499,1.9179932094693941,1.5972796649085181,2.8470002060375883,11583.872871664642,1.6921860802068707,1.7711341726349243,2.5677576182045585,1.2609386646796084
gene_1500,1.4128791427791503,1.3928358352217995,1.3386178667395423,1.6625271368736048,1.1506429680375918,1.7496416327631399,2.813079538050321,10358.37530184141
gene_1501,11621.237174697355,1.278642195056754,1.750846666849066,1.3083759991083588,1.6806383655371873,1.903432273979904,1.45171708780682,2.743045390846244
gene_1502,1.3325447125293244,1.4693277988967075,11231.825335923664,2.601052452456482,11254.60719021427,2.7957549992522597,13253.447250304593,1.414664888121531
gene_1503,1.9670927396689322,1.4844811932513362,66672.23649175157,8914.932340435627,1.4750179322337529,1.5248292310640228,1.7046460984675111,8981.209443608363
gene_1504,1.4439501456111865,3.099981611005955,1.7906910683926098,3.318635098510088,1.5249713422431161,1.1071896438918514,11941.96381781946,1.5129611255718405
gene_1505,1.4086055691290154,2.644220716514517,2.6504638600437502,1.8082918940129205,1.2635498487674426,2.2386782631287967,1.5545194884877418,1.348405528894214
gene_1506,1.7330634021128115,1.3162757405703103,1.8444109514231068,1.3261575225293893,1.5843512092936773,1.2215572948243443,1.223139025542634,1.1443637035637817
gene_1507,1.6480391461182087,2.1115631351101163,1.8087352263342147,2.5034110930333036,1.8802423120226344,1.433391564919118,11375.527091003021,2.3830250941649536
gene_1508,1.5263751265700995,1.2721794823066586,1.4619065014023558,1.2023631121037783,1.3700508896207686,2.1578739763436245,1.429638889114462,1.6682289261880459
gene_1509,1.9345214603991108,1.6495855721899173,1.2492786689597073,1.747233452950243,1.6393822656548669,1.7978637615287925,1.3143319439197043,1.2685922376314553
gene_1510,2.9557044356200035,1.362012575806886,1.3476231838726485,2.6024304045462654,2.4087515697637762,1.9656748403230735,1.5747503280672304,1.404700466850301
gene_1511,1.7797901367491695,1.5500155539759903,2.403752641990937,1.795284913687476,1.379886199520623,1.7688941147646948,1.5027474316837703,1.4194264812381716
gene_1512,1.339357926992435,1.5240543900391428,1.5893450144920998,1.4616325340110392,2.091129169229128,1.4409271617098793,1.4793437591022165,1.3498527595386456
gene_1513,1.2816594607708556,1.6547683148862817,1.7899619546868402,2.119196420711931,1.2116172151132172,1.4736869808810107,2.7758162036604106,2.7631516318417435
gene_1514,1.8115972588323117,1.5085189571706876,2.674124178341284,1.535918486377711,1.6347877939028677,1.4173678437984256,2.366130162751214,2.151491018496504
gene_1515,1.2057062136874637,1.3404544847534408,1.294294500064533,1.2312104137253945,7300.789815217051,1.789389044672152,1.4573059867532765,1.3918836792222535
gene_1516,1.7045024727505091,2.257458247111574,1.8526891545326505,1.1787677424119336,1.340657916978349,1.527695326269677,1.877039533350835,2.104251143220113
gene_1517,1.587846083869554,1.3656452872328286,1.143010666835189,1.4415334063967864,1.7035107771758493,1.5246823011502701,1.2238114372386,1.4717315269757207
gene_1518,1.3547153708579442,1.431061736777729,1.3665699674250078,1.638536987394731,2.3908772663403077,2.611110520943517,1.9449507172779483,1.619733900143219
gene_1519,1.3304868477732175,2.3846191723510652,1.2958363864372322,1.6128094568756977,1.5993239329426758,1.4194590974842254,1.3739161831026538,1.686252168103977
gene_1520,1.1402999272180447,1.2586105599097903,3.9139771177212057,1.585466051696612,1.4025753906662999,1.8460305047200594,1.845083896130942,1.54037509571212
gene_1521,1.2469300317989083,1.2752949669091085,1.4813449886178591,1.5599613760569768,1.2219493901073184,1.3359305312893994,2.2378024680565964,1.1679480386635395
gene_1522,1.3363993888181271,2.1329716957782185,1.7314942953742067,1.3399300166065569,2.4277837971160245,1.5724042673332324,1.6288649969222173,2.4466659500924277
gene_1523,1.4837056146026084,1.6891815490718018,42619.57280975645,2.1970407788371724,1.8747887907772145,2.4142197745528713,2.3940434172929272,2.1340755268563893
gene_1524,1.816261658225807,1.6739163161664374,1.8582971122738527,1.6490767334202854,2.390292049134857,1.339470013799887,2.8423045702284235,1.6953299046334143
gene_1525,1.3766392867254018,1.72827111996122,1.352756708134869,2.066636085231237,1.1675865288343945,3.009741094671623,1.737368527132575,1.5039379328613196
gene_1526,1.8631424969545398,1.586586843365555,1.3563180595578475,1.6096872432938807,2.0384043242176793,2.6575297439663523,2.5822020402209573,2.354663294698505
gene_1527,1.3472720255047717,1.391646319917582,1.2222590899127763,1.3359115836257902,1.1378521150778471,1.3176956534394761,1.3666270581699729,1.2605366044353865
gene_1528,1.2928593371489912,1.563215039887518,1.492031658220722,1.2468770537954874,1.529961149322393,1.4036260541876155,1.9794982500412168,2.4949051536721134
gene_1529,1.4367942774682392,1.3644733120536054,2.247486947042145,1.2210413424649735,1.2907784196570822,1.477139031991464,2.071985686747947,1.453501261701993
gene_1530,1.6983632626060263,2.094052057318298,1.6994099404181056,1.7872741413118154,1.33937741060053,2.7729200299880605,1.7752505445569713,1.4685932528131853
gene_1531,1.1731392373318559,3.8646420073920615,1.412569585559981,1.249189498374003,1.550740342755808,1.4260653161659442,1.4428942322566178,1.2501275948674722
gene_1532,1.3749623444374006,1.1417198819544365,1.4999252187591765,1.2745166901438023,1.3793629942804189,1.8778635949101063,1.216204862594499,1.319525780740155
gene_1533,2.969858369463946,1.5572055329126349,1.3452997273327465,1.7422704594077025,1.395529424283686,1.572162569486697,2.4096548779062843,2.4282254729013437
gene_1534,3.2067242582737805,2.683042749758891,1.9146523350990254,2.5309803095676835,32100.02276598685,1.7044107098992207,2.707994692651267,10484.274895082594
gene_1535,1.2586772143391871,1.5633578215007067,1.333387776972713,1.225971050298537,1.4779871796103439,1.5864734093724224,1.263823742779624,1.347553277892708
gene_1536,1.3333014006786772,1.380893789323164,1.318404225990255,1.1845886561989045,1.740951919770644,2.1087693474305875,1.8196438140316658,1.5778916904471552
gene_1537,12491.78741396626,1.7106491553700793,34882.69748737772,1.9201844730300146,2.779326803937846,2.6091038833659437,2.375615441817142,1.5995319793438083
gene_1538,1.4743847198607405,1.1879557533275351,1.653654274536692,1.5235845913347479,1.4876681542218477,1.2145136224289639,1.308441412726443,1.6748998844003926
gene_1539,1.9751808867075578,44097.4863802983,1.9830724804295927,1.7107969597758341,1.361535644279801,2.062626268758546,11789.226760515483,1.2739687595421556
gene_1540,1.5383408239572491,44964.375064713495,1.7371815756159301,2.3908612656884496,2.1118554802851555,1.9238235709087825,10771.274087673764,1.5070940115996763
gene_1541,1.342755503926317,1.3827332254720088,1.3760143100108708,1.1890847453695574,1.2037994353767218,1.1533777247885373,1.5496267149911243,1.2174859580590138
gene_1542,1.3809003837868599,1.2172437671795437,1.5055421580956612,1.7656807937178036,2.743514628566744,1.4452806375672576,1.4575196386387455,1.1243639234170624
gene_1543,1.6313736712390734,1.3905685908013066,1.3569778052335548,1.8687356930873567,1.6612521190338678,1.373651255651208,1.6482291207020277,2.2071653737713794
gene_1544,1.2574735485417348,1.2078065477610427,2.015556857058432,1.7800767861040214,1.4358396297157743,1.8886264447887,1.4462427338560508,1.4850152280208602
gene_1545,1.198937064804001,1.0808487619268496,1.286248550802686,1.202072318617783,1.3191879058937857,1.234986349284676,1.0700074792112748,1.2533251681654465
gene_1546,1.3166801878109227,1.650771811739825,1.2086376597482693,1.3451883141471461,1.4391070672657116,1.8248869658743605,1.928183403387986,2.1487400372440684
gene_1547,1.273167224581506,2.8684482568214147,9461.494841642196,1.4988791606839256,1.3452143393428753,1.7022905922950244,1.203938164023559,1.3518109929177862
gene_1548,1.5360846502659762,1.9778900933905776,1.372161904226036,2.2641621289713423,50064.28130982581,1.3123330689364188,1.3695482856673311,1.9048247508256524
gene_1549,2.649944179220127,1.64193639810987,1.3897951982446048,1.5740074193711502,1.288535582485034,9530.521702594038,1.7565410960752503,2.5107706616285888
gene_1550,1.8063325826298615,1.4260890877979477,1.584961637801358,1.5175834011807623,1.5151908998685948,1.4294994936928398,1.690325740239632,1.6218003194880188
gene_1551,1.3081864196388324,1.5645953975651905,2.2149072583088354,1.4258425973441557,1.4331202633062734,1.7307738839081563,1.3002532023168205,2.3766976591854245
gene_1552,1.7858259463061958,2.3243753710504453,2.570916783635402,1.8549940597393408,2.5873927144237516,1.885453885575639,1.3139767529617097,2.9952511286907475
gene_1553,1.2886706424444974,1.2702531321981418,1.235643669947193,1.6883222038459311,1.323454794169439,2.0295211181117843,1.3274211466511165,1.192838675532806
gene_1554,1.5072133356271988,2.1154531066463056,1.1760573640281349,1.640550499632439,1.3661154743711963,1.5002813345985577,1.2437149062152277,1.9194895837922088
gene_1555,1.2551215665040412,1.584673289255734,2.5928276481878134,1.262203175937985,1.2501898125752628,2.5207369330929867,1.6433530544773607,2.657773885271234
gene_1556,1.3637577823677491,2.1310343970818386,2.872851718883985,1.8362130833876251,1.590195571917965,1.7220937686799342,1.3928924397061453,1.489647347195953
gene_1557,1.9939773423445046,1.2575796594037951,1.7281811986723163,1.2074013772669014,1.3657518305418805,1.4173998133035157,1.465435704088831,1.6894593815326966
gene_1558,1.3376171183783365,1.4509956537377824,2.265978085820633,1.5206486849529726,1.6111738671837854,1.611424271061051,1.647472494051158,1.415147224388573
gene_1559,1.4213265141033418,3.4694047596378415,2.8525130491894726,1.6280718641277412,2.3529817735338927,3.0786871873128074,1.56197045527381,1.372688652293929
gene_1560,1.2662693040823105,1.1472272090918194,10312.305968688419,1.3226412214378183,1.1791037607600592,12060.157689790823,1.6676919907703003,1.6185251171997799
gene_1561,1.3832900715392737,1.4774475941473926,1.5794814134798216,1.5585748930026255,2.171176175958704,1.325452630641255,1.4802126382807783,2.3606500817960594
gene_1562,3.2423751098207405,1.0841527975847807,1.3355814396895578,1.2108521874215816,1.4676948174074318,1.4542255015805816,1.2798596394209745,1.3650657090554128
gene_1563,1.3277007509542622,2.29031930200923,1.434025147985862,1.3636877235850602,1.2716635207167486,1.4876210780129988,1.6443709847528274,1.1666892247498712
gene_1564,1.5254921398114714,1.408188118996814,1.29696850859101,1.401991324938767,1.3731364397460504,1.482705610479434,1.6127056657644638,1.6121369372955008
gene_1565,1.3530665755064117,1.7710417032928036,1.5517372094344632,1.4969546211262301,1.517741083665625,1.4770692681012176,1.5496432280805086,1.3100669739935638
gene_1566,2.0126595591349767,1.653541881136853,1.8397256510023765,3.169726192759982,1.6612222571508568,2.005082449245716,1.3188339544752983,1.4675019254117858
gene_1567,2.0055672115437,1.865559799754855,1.634448285822006,1.3540221998049924,1.3550897561249944,2.2537606010621216,2.3817264297287513,1.3671223759594109
gene_1568,2.610547367854964,2.1339713740680613,8917.984867133824,12095.611837748302,8061.083404168446,1.3485951589596727,1.9093662228869515,1.60195395288001
gene_1569,1.4757863843488306,1.3057776289950176,1.707574815859483,1.4798767711464045,1.5489455623906292,1.5303128504703543,1.4094104008123278,1.3085589880594397
gene_1570,2.212269133985079,10054.222951406573,9792.671351049641,2.3959112924060433,12099.925862754137,11489.037635486868,1.8583330901517388,1.7795850233209805
gene_1571,1.242673536479576,1.69295526406238,1.5771275092809576,1.6287141336424948,1.409110571094887,1.4654911582976042,1.818300786425437,1.7610592954957434
gene_1572,1.3959653952740239,1.3513087401468928,1.8170891179009145,1.3894350797107902,1.5576662782465727,1.3627636762114232,1.5391816846029343,1.3330701751347998
gene_1573,1.2245306906998505,1.6161926937707702,1.3971016465750377,1.135297967533575,1.5573499992633326,1.4001230952732713,1.446215657996983,1.2379622535668937
gene_1574,1.4701816610659344,2.542748209811055,1.8501346392602547,1.2955354438276714,1.3347540352373082,2.6477596068159435,1.7612199817516605,2.5760298169195757
gene_1575,1.806304805816259,1.2621577637963868,1.3605991659897172,1.5257468196885529,1.744927040376079,3.1863807090178757,1.4924949711460256,1.3927554312030708
gene_1576,1.4551898087894253,1.768345190523183,2.1959035486281513,1.487824067205315,1.272632190838858,1.5859394882513909,1.2119963521198245,1.1939465658705442
gene_1577,1.482478341320532,1.705653658727416,1.6257418153525485,2.848560964888836,1.4653091504939235,2.1548940245175943,1.4775401562798995,2.2636149614217547
gene_1578,1.4725403568140647,11429.649313468248,3.282409858726063,1.9997930661090986,1.1957759234043117,2.338623295947634,1.8434075215380061,2.0962260608081276
gene_1579,1.2641344840976527,1.636417782395464,1.5506538767497193,1.4162992595381818,1.3037076101369174,2.4123998010575702,1.4755506863181242,1.1773380755259792
gene_1580,1.431792288707134,1.3108570162067472,1.4549404811842575,1.6384297315725156,1.4944142082165488,1.316210619052221,1.2754446627743088,1.7315800804673962
gene_1581,1.097164330243747,1.1912230204689138,1.2740765867492567,1.3603643721560665,1.2663419895113381,1.3245944788478137,1.1365080514239119,1.591752938874045
gene_1582,1.2382407245090328,1.9453118799900078,1.7395944190542427,1.9412094650680107,1.378676275250502,1.318809162049196,1.5894411570342082,1.2485440875930236
gene_1583,1.6808978910661536,1.4971566420842835,1.7590322580630129,1.6594166517353917,1.3648584194409856,1.3512474998928854,2.164695217188993,1.2947699967871593
gene_1584,11466.70450437252,1.7636105154944313,2.01124673841237,2.4879001419070477,1.291419609066488,13569.184674235677,1.4254015025221434,1.6630213166312222
gene_1585,1.6691730090251997,1.7414496175285483,1.9475326234983465,1.7854070155896444,2.1333210427762253,1.544924862332392,1.4664786989049603,1.5708063062124982
gene_1586,1.4510121828971079,1.3581564095933003,1.4903038893599865,1.5751831815125334,1.4953285454698655,1.5903532208285114,2.4621256861805163,1.588316312903378
gene_1587,10768.788438704547,10912.213753353211,1.7109124201489823,1.7956329666461197,15821.436006845917,11080.884558548229,74649.39464582379,10460.864770415415
gene_1588,1.8593012487979792,1.5761142385713443,2.4437802195794345,11892.181034179672,2.564318174069262,1.6474500666787442,2.3126652020614618,2.635772789648384
gene_1589,2.1864779520900823,1.4029230766122136,1.3189690524300584,1.4442877994120258,1.5064745648990732,1.402774804590135,1.5050178024319683,1.3884260327913065
gene_1590,1.9660519438966033,2.528901078326471,2.534635766735659,1.8052120996934833,1.6824534301685135,10837.563348277567,2.191880790601394,1.4760500414028968
gene_1591,1.4492854361767125,1.8735696368677413,1.6359423363966583,1.4882118034809033,2.781311659680817,1.5764502906589397,1.9080360086376997,1.279349527299932
gene_1592,1.8171482640298995,1.3152326009793782,3.3309771293166954,1.2268135826004023,1.401819348267994,1.7339140895860423,1.292478026766706,1.5391404889412825
gene_1593,1.1815974849372368,2.465210888942055,1.3823219530706534,1.6029138093173223,1.6662736477683955,2.5012965485784826,1.5939211751517355,1.676508188861181
gene_1594,1.5470602403639482,1.3123116592582815,1.3996531024196275,1.3546910649784933,1.1705054874902578,1.085576565747859,1.2097307961671062,1.3889408670449646
gene_1595,1.6761759601732822,1.4995850154176171,1.4731981539298629,2.2807453068477583,2.0084687980343907,1.5288126747857518,13143.842108087618,2.106671409910645
gene_1596,1.5175910672623543,1.4173188891915611,2.2997387205625466,8869.506614672478,2.147675855290359,1.5040916620536064,1.6169982470244586,1.3969268062351512
gene_1597,2.012111430951306,11230.241852383795,1.1798123137220513,1.5191134945676346,3.162203544597324,1.6684093469424508,1.652257453570155,1.60616459803311
gene_1598,1.3966485712885233,1.4836667129749963,1.5659620920358492,4.246555550750775,1.259300964226262,1.0901752250402839,1.8055374002884146,1.6276980930874871
gene_1599,1.7633947891342723,2.1221726911862944,1.7452662265728442,3.2674084475614573,1.8981529450008645,1.9389685696937944,2.6401035849193133,1.3403213981251692
gene_1600,1.5066112084921253,1.528382868174606,1.2614127504493877,1.2122747921159822,1.1559919665046217,1.4559872906355387,1.2977415723104473,1.2452402550798916
gene_1601,1.3078996894245396,1.1493856108178444,2.511404536421581,1.088762907309635,1.9637084801452165,1.640016811722986,1.3229514902465225,1.6675481968433135
gene_1602,1.6190846080027832,1.7826314895073812,1.4861717333990416,1.265081109066925,1.9721174950303546,2.9724517108584316,1.2706163916056155,1.3252923823920846
gene_1603,1.18716591144962,1.4165594802973103,1.3615580995795538,1.585078592270398,1.7794294541564124,1.9154217293096154,1.3149224655212421,1.4821156973251919
gene_1604,1.4211233039222497,1.6164755477266128,2.4704350203171113,1.2820708384172548,1.5273104426663053,1.766756367750163,1.3258837009956133,1.9906646794460008
gene_1605,2.0261231146510204,2.0852216309978697,1.3975028441592479,2.460601524656606,2.6876105587205372,12332.496810967219,2.993601544178105,1.326629957360959
gene_1606,2.7399162776037143,1.6349829685161394,1.948498363599089,1.5946320155224831,2.014479752584522,2.0090072861631256,1.1899810530309491,2.3284783022133264
gene_1607,1.5945605395327633,1.358481158040882,2.1116498336178733,1.6877932081110132,1.7788658203330823,1.6548516139316718,1.5351405251015242,1.8580353672393997
gene_1608,2.043241336956054,1.422232987358742,1.8546797540939814,2.0855082720828486,1.7002569230551507,2.583551825125625,3.0556568269092494,1.5613235665905396
gene_1609,1.6555654238416115,1.3649153064038426,1.3791099029725595,1.406634429209724,1.4903923535696473,1.5798804243502609,1.3634646154301382,1.4082491968823176
gene_1610,1.9395939617266462,2.99255622545282,1.6163448993147163,1.4519792338699822,2.9682097073561082,2.202677703923358,1.6060173794010397,1.3463622098893615
gene_1611,1.5332711933328855,1.2270697090892326,1.5552119881419653,1.1941194865336064,1.2562491922625647,1.283019889201523,1.1594503288403084,1.4729763890272816
gene_1612,1.1688108545924398,1.2671022521475273,1.271037964282498,1.16753947645351,1.3448304717939794,1.3698306308725434,1.3922710315061473,1.316951228854654
gene_1613,2.0708112040157176,1.6309321685353244,1.345988579775872,1.5402514451053781,1.3988916451513707,1.960368989144809,2.822223461415034,1.6892633903159138
gene_1614,1.8755481370558997,2.070476609925655,1.6057831645853216,1.8215226084701288,1.8286990009372568,14446.680777874384,1.9853679939173348,1.2165988594567292
gene_1615,3.4653687268831432,1.345631462997315,1.9098842811883345,1.645431917371778,2.4268323037008397,1.4936477298530257,1.133645830429797,1.650605521969679
gene_1616,1.7122924385417249,1.0826763959507621,1.3903207382851206,2.3423790985506803,1.3918774344012634,1.3848475869965005,1.4170577279143934,1.4237718148726666
gene_1617,1.4054444303610052,1.7005846827675628,1.6747487286533402,1.2371907812544578,12680.558254695685,1.397677662368284,1.5231058072846595,1.851541012349372
gene_1618,2.5766778823726195,2.08843347800119,2.088915972320591,2.306711068350891,1.9718424216408297,2.22615752972432,1.848974092312257,2.3350149248576537
gene_1619,1.2902455686725551,1.3162032856086685,1.6001531778668239,1.4893950999187082,3.2602590658124715,1.2236513705743688,1.213852691739651,1.227098137571707
gene_1620,1.1153931738301082,1.5426100372131335,1.5783270200120343,1.126929695660166,1.7425092323239773,3.731707309419188,1.4333392330360573,1.4820894434399021
gene_1621,1.4743973671864885,1.2581158179576946,1.5188243917989788,1.3697571997187519,1.3745863049928218,1.4657722680137557,47467.339857077044,2.0906035919270005
gene_1622,1.4713032320503918,1.644979966204224,1.273227138602219,1.3801434970594988,1.3882769538709285,1.3590685969770275,1.4084113171150092,1.288568967450166
gene_1623,1.955317993280438,1.4139973057588415,11617.165583961687,1.4663921220765779,2.440404362211373,13369.71824080702,2.7096830273444787,9394.09635052074
gene_1624,1.8542042648631998,1.2925396373083162,1.5679182964977996,1.3543742598476043,1.3079283527596248,1.6239065923888443,1.2562107070389215,1.7593830793476317
gene_1625,1.1473971979588384,1.2415377880023843,10878.190943871894,1.2878381464872182,3.292205012486763,1.3089596728183341,1.5676087346060217,1.471883247242963
gene_1626,2.2198640677128627,2.314928611674317,1.3900386264171019,10742.256292833958,2.524358553646778,2.1767307416260326,1.8357940931598131,1.6021831668323436
gene_1627,2.007178707621815,1.5653760475434937,2.0041613534291374,1.676743223895329,1.8272366155108213,2.697293071371915,2.0342861587050214,2.2001931280721716
gene_1628,1.5907517597568948,2.422048438828134,1.7679677678902923,1.5694915128878488,1.6690801614106063,1.2568857973597511,1.3982995198298807,1.418851996265732
gene_1629,1.2834526407519826,1.3959047243845972,1.1835992739356533,1.4306673174004059,1.1504802103211695,1.217743999804335,1.1552153888604664,1.2198360719609953
gene_1630,1.2981153725378727,1.2331808222068708,1.6081470392678798,1.8013960424682964,1.3762759314951334,1.5700978687719356,1.8000786174551566,1.1197356860857623
gene_1631,1.1795930461338773,1.1746190689055716,1.1894534511683312,1.6880376467537097,1.3176410854638556,1.2196535240311925,1.2293993993044,1.492398900591523
gene_1632,1.3245119069466555,1.3874052142856799,1.346834509026235,1.3876355844353305,1.442928741370758,2.049478293889416,1.62139317619702,1.3014726869016713
gene_1633,2.020597068599668,1.6651048255395275,2.0110210801280837,1.457523842442431,1.796331767362775,1.6004772689044828,1.5490528961474055,1.6462798763601283
gene_1634,1.7065175353073405,2.819328159086508,12251.85264591487,1.8162985210570939,1.5263759269693036,2.2754302942049627,2.1048545631971654,1.6706755108583529
gene_1635,1.4596545442265871,1.3482229982039082,1.2892696458065525,1.371885670305232,1.2262661079908428,1.4950380415020075,1.7466889254470546,1.2173791607354454
gene_1636,1.840322426809217,1.670079510208031,2.3190208269225243,1.3189216645821427,1.6724474196383985,1.4060006120048048,1.536394029469953,1.523790262908561
gene_1637,13001.782422012691,3.134995705562505,1.2810104925081527,1.6094832765333222,11641.243022703395,1.5324970119529675,1.8363691517079557,1.723078876322275
gene_1638,1.6277212213011354,1.861818443778481,1.526288784070043,1.652831147244076,1.315576101082477,1.373672733697845,1.3471744269129045,1.686452634533797
gene_1639,1.2103814376494755,1.2079485555116123,2.3191819465524968,1.2821712857293908,1.4632604192593917,1.9273489681150398,1.5543461398962382,1.2048655477221015
gene_1640,1.4175726518471319,1.1765778525998039,1.379386273054116,1.345157764281618,1.5751215682680066,1.2160260462567554,1.1923775533432974,1.3457878082645134
gene_1641,2.08237403996738,1.506596268033388,1.6067918814412065,1.316893003458517,1.3436546595876946,1.921782839413527,1.6517214824926632,1.6241681419150664
gene_1642,14463.165666918241,1.5015370833424464,1.3979325348005303,2.0442665183958524,7768.952996591349,1.601822338614929,1.278650388070722,13339.473198941427
gene_1643,1.4839054321113463,1.1779500078711092,2.009550971905377,1.3602541999351283,1.4387777766877712,1.7536515011032752,1.818292059904936,1.2166049394678595
gene_1644,1.3352834811768257,9508.047721886442,1.7785866388301093,1.8159277333049688,1.7029418608071496,1.4227056433204806,1.4892761707898545,2.353701778056155
gene_1645,1.3223690025621744,1.2990221317925952,1.3365255612362317,2.700277391262665,1.9910231003603625,1.2497569480529023,1.9320379872792905,1.3824544826428125
gene_1646,1.8670117136925437,1.3819351252020455,2.5274794770151763,1.5890586096066286,1.5325729169973192,2.3406908248594913,1.4613855458498695,1.7696831965998827
gene_1647,2.117619401538526,1.3692848093535332,1.6564632587088384,1.6418030331662352,1.5017932665841858,1.243508852508676,1.7996858284426223,1.738722495078448
gene_1648,1.965884710491113,1.383004070455211,1.206355986511928,1.5180183013541781,1.3501789246806297,1.3325773267993029,1.7115256055984733,1.483124192136019
gene_1649,1.4599461638849933,1.487747789385726,2.15127301720914,2.504730560883188,1.4557020916791754,1.9682989634609884,1.4383646726341273,1.3429508936608132
gene_1650,1.4679184338754518,1.2300764752498587,1.2695917220961217,1.1668262141038315,2.158032956687186,1.4079817961395602,1.257046287819129,1.3810036338621652
gene_1651,1.804477969747313,1.4860991034399085,1.2329131493069745,1.3655002654183848,1.2229641341517312,1.3324309215145274,1.1692567267560094,1.1462024372071793
gene_1652,1.8319942775737372,1.636272148714387,2.348674833402078,2.674024835020526,12075.193854005169,2.8803698406298075,1.7612991198488601,1.4447080061540676
gene_1653,1.6738359707127068,2.0278842924756546,1.7757936165238999,2.195883121953013,7503.200309210881,9197.656571093201,1.8031259682910452,1.3916849278591858
gene_1654,2.183291050190791,2.1913548765882034,1.7595687612984316,1.5696700634910654,1.4496855927992032,1.648079272582311,1.5389563815166003,1.938729190976422
gene_1655,1.8146251815066365,1.65098149924862,13167.789558665389,2.60583337705732,1.7522348174331208,2.411822420926967,2.1601440043275315,10805.740073948627
gene_1656,1.2877315965860645,1.518653300413811,1.2317965797419366,2.5838146216918707,2.1839932490532945,2.717207350315189,1.5091628494636902,1.8106244715584472
gene_1657,1.6329189880248351,1.4412674185374656,1.1366496991987498,1.518230948580201,3.3878896568308856,1.3998951623776752,1.5830139993582002,1.641000994951468
gene_1658,1.2647690393552395,1.513673645854957,1.5264879150460704,1.3728351475325393,1.3781667422838788,1.903832473186282,1.7456373331235164,2.8655678725200557
gene_1659,1.2626287483857885,1.4233937226619413,1.7086468396868542,1.2384109486082602,1.3653649173725217,1.2421858926861138,1.1644418884303216,2.0504767582778514
gene_1660,1.422515233731856,1.1191789721047731,1.197125328700753,1.5697600715758917,2.194956531445003,1.1638437041721887,1.2397993882571647,2.2854442932746615
gene_1661,1.4721734393287231,1.3516573540949999,1.320326673802579,1.3841008066333809,1.458178218721961,1.5293345307766606,1.1762857686653332,2.6731171198886803
gene_1662,1.628437803635918,1.2048754906849863,1.8407773833507912,2.5113878289015594,1.6264138653947933,1.5387801709151552,2.4393113516977425,1.5842056818097408
gene_1663,1.413983670900573,2.9394102319319177,1.406809197136998,1.5844137454306921,1.357831360066708,1.512251191754685,3.440728316167924,2.211709498734111
gene_1664,1.2820247257006154,1.427817579086467,1.3712369804064948,1.4782762573805006,2.00615440634623,1.4266416709429366,1.6107631348685856,1.3220779862086125
gene_1665,1.5036648388230756,2.483838937672576,1.2501268406926318,2.024313353785701,1.3388702131302006,2.830989573662029,1.449713599457701,1.449282283226956
gene_1666,32738.626270996476,10750.557770015681,1.6805890888105512,16508.839539407472,57004.82345570044,1.6537737268561,2.351820593953265,8389.469342289094
gene_1667,1.8411609422762374,1.5743801033957534,1.2423835377228254,2.914403411728101,1.6980674170785814,1.434905022215186,1.2383035003024678,1.6084761301580017
gene_1668,10669.522221793226,50754.64124651359,1.2717745458625853,10013.753640702513,2.1034415064790086,13531.20126334285,2.495143753852075,1.6402157110079532
gene_1669,3.330211794575725,10876.488266901102,1.4358688760228653,1.5177255296347627,2.519833109945169,2.508287639439313,1.5794829136522575,2.50108184297241
gene_1670,1.613208424715287,1.2535181243061777,11242.70253942105,1.564874979941661,56561.76399558183,11252.003829375179,1.7739502968564607,1.8363882293619282
gene_1671,1.321477638813632,1.6153807188270422,1.8268347383197179,1.6338477876165813,1.592558860721015,2.0083015732242213,1.2661635541785352,1.305046124228514
gene_1672,1.4131182633550607,1.462920383734049,1.5191944665932884,1.26185075580676,1.317777946134594,1.5795568344635988,1.3215047401971662,1.3332096552216395
gene_1673,1.6281577086319061,1.4112483964904123,2.5822410055619684,3.268718799431593,1.7091536196412684,1.4977269481311062,1.264400094802469,1.5989291424081264
gene_1674,2.235329913461358,1.3315770309782868,1.2050480360376592,1.283761989504609,2.0262412100661997,1.3105083963091353,2.4989498935386547,2.607485789283818
gene_1675,1.4074950848802903,1.2986607220040591,1.274411500057739,1.4681357302042133,1.5857536137866615,1.3010352379388164,1.6801416369682798,2.7995794232583955
gene_1676,2.3574046554646606,1.8261439166256497,1.418585313421387,1.8780103912965964,1.438341538180749,1.6005183493374973,62263.090829450906,1.759096584133794
gene_1677,12196.38423497146,1.585240022973014,2.164202180090062,1.404551574701078,2.3675313150080126,2.2068192363922323,2.417388380245638,1.9139855657282605
gene_1678,1.6434109311321372,1.3699401662351591,1.7446850922085215,1.2888496459817385,1.6068118866197942,8314.354412248844,1.273275218733637,2.380930768684987
gene_1679,1.8235146396677306,1.8287577546887395,1.3967071249745104,2.815195289180435,1.817767913616962,1.3739171913372137,1.46367372465142,1.2906162594764197
gene_1680,1.743194104873643,1.1909222902341354,3.1828232219664625,1.7153232267981458,1.2755663334717093,1.3943600019576412,1.625261383645758,1.389993483881818
gene_1681,1.4510163835430654,2.2692801867154944,1.3062214363756555,2.2344482911685226,2.0347160768734565,9708.804466387337,2.5889786425343932,2.075760419785015
gene_1682,1.4084010981845037,1.8974813383677154,3.064614906962701,1.6213419275941432,1.7351694022399065,1.82828471552394,12179.508756473084,1.9868539183075744
gene_1683,1.5827856850862074,1.3543610616574122,1.3502600672174732,1.482251854306116,1.5588577215293247,1.565688916351187,1.6680934127192746,1.3982226099772093
gene_1684,1.4530554999995597,1.6211239806663358,1.3087137201653292,1.9041623464222939,1.569348709091794,3.4303722867900324,1.353925866963829,1.5644540094370007
gene_1685,1.4984050028115175,1.7331408893227234,1.2764669670565407,1.492346128839437,1.3794830190745853,1.4575603617428075,1.5906472844775967,4.067525609668423
gene_1686,1.4525758120880266,11213.063022157306,1.4964075721985926,2.4615140362184627,1.434490828548403,1.325891746131476,2.9096675100642817,1.621151661912086
gene_1687,3.6774304098380837,1.6028153042233841,1.5668612633551637,1.306289833299483,1.4713524235334623,1.6680107755235352,1.3136385428973818,3.4400135481008767
gene_1688,1.9199966557791026,1.3842179710166487,3.082085356781159,1.7048310994203337,1.6927953108133398,2.565613438592673,1.8832640104341976,1.1979181956233877
gene_1689,2.572440788715894,42209.14276648335,2.432718566347056,1.4631415829983596,14529.536053272985,2.2876814514730737,11143.820974292008,9612.259729582716
gene_1690,1.4770786211778963,1.4822367640567082,2.5757628520800946,1.5054878629626745,1.5374811440953768,1.5300054908404868,8605.994521771187,2.2710564947490073
gene_1691,2.4674502983554425,1.2916270803484295,1.2097524465348672,2.9251535248578864,1.8614903248415546,2.7294981971349,1.9045438832628252,2.0647564284479865
gene_1692,1.2499157782174892,1.4847536257776706,1.2450637554429693,1.7799093092880878,2.21125801170964,1.8150773133856366,1.3565871012910824,1.277226296280991
gene_1693,1.518536273426752,1.4267092279975837,1.656164855070533,2.5199039945023944,1.2979090901829566,1.2655823073466992,2.0481001877487226,1.345610362486023
gene_1694,1.2732462706699168,1.5818483225967275,1.5154044078336635,11966.260676113716,2.0517672384894174,1.5934884289078197,2.4779534512700545,3.087426794762923
gene_1695,2.059091113672591,1.5023366882755271,1.7871545428971796,1.4441676446819876,1.457093001526159,2.3882621773165567,1.3131739347815776,1.7307147047491673
gene_1696,1.6805899277668221,1.5285064001762638,1.6228902956751874,2.423589801369092,1.6480139211741873,1.3582533826745027,1.3888568236466479,1.3382016018284406
gene_1697,1.2627859964472754,1.7374505023798088,1.3422264329575968,1.361265695244369,1.5353606577936862,1.267095756327578,1.4856598181670788,1.3729906674681156
gene_1698,1.526702225081312,1.447000968859166,1.6010702536503,1.5371444696794592,2.124305939269459,1.342119444635963,1.1772367945974278,1.7257648438207545
gene_1699,2.718020916026549,2.446807736126143,10334.45628656177,1.263446411313876,1.4362150722204647,1.5282992212064943,1.9856221883346525,10577.70971834627
gene_1700,1.3659314777702711,2.4902062596770786,1.5122436266790085,2.1096319620304653,2.402580168317922,1.3592813232221976,1.2823924569268226,1.3584717410171503
gene_1701,1.8328816068855651,1.9884413045494933,1.682143386277855,1.8483479529121567,1.7880464129980975,1.2947319541710356,1.693769245572035,1.6123682163079185
gene_1702,1.2722890258930213,9219.475759655277,1.5206163431625448,1.6012191765867783,2.019393363571975,1.6941357063628322,1.9733129658553294,1.5132948510928264
gene_1703,2.198594235862097,2.1097454648699214,2.102462351322373,8368.935491694125,1.3435889605272022,1.703515017738864,1.4858879227203055,1.7287288247030355
gene_1704,1.5565918883598227,1.491112699294303,1.6713501243449547,3.5044642285396774,1.4681351167897991,1.5251620524703742,1.3199928278238886,1.401829106922587
gene_1705,1.5957390532051654,1.7351002868187946,1.9140872530599395,1.8461895847547407,1.4688563262781875,1.449414732271525,1.7590366778631326,1.288951883221781
gene_1706,9797.809543361544,2.114970928272585,1.6475934785508881,1.4805506610189714,1.7248286362219274,2.7473827446436494,2.719771591030498,1.796340522271012
gene_1707,1.9470048772928035,1.4632839767084826,12402.159741310068,2.073552728150967,1.1904984934237093,1.4277617764881547,1.749689878984639,1.525877344354532
gene_1708,10497.779690653348,1.9173903054080683,2.080418390968553,1.5442405209057595,2.081296106069199,3.5067323262433026,1.9311822572451454,2.2275367159005284
gene_1709,2.096012941829462,1.6484305993368655,2.42000993645408,1.6880259677750136,2.385937764886491,1.711132105794248,1.732863413283545,9121.984607208076
gene_1710,1.2100054267489808,1.565263917863766,1.907096967172172,1.5514945130236886,1.9644534085331025,2.4626954847864115,1.5415126219646311,10907.312263393442
gene_1711,1.4769412687430175,1.5967851791422814,1.5608447096171816,2.5621667453332746,1.7186953191404217,1.7610295106633143,1.5141798262763395,1.2417254326239187
gene_1712,1.394857680103993,1.585135943466141,1.330749606932722,1.629006055245338,1.3742566298299579,1.3518804954875432,1.5055531170285705,1.3473369961107216
gene_1713,14669.119743044599,1.2442626769443326,1.504716366558299,1.4288146700578246,1.6472244522755544,1.5380455752703495,1.6534782978346407,2.5652901195418734
gene_1714,1.504795709893987,1.2625486478567516,1.5250379779397387,1.4642311110146458,1.4054644051156178,1.4519796100114344,1.2366618323224237,1.9702473031064467
gene_1715,1.5874793725722018,1.2314624290315348,1.2341053156983752,1.4460188224739912,2.05823425251562,1.79554987964491,1.2491255498769411,2.2930824238712755
gene_1716,1.3413337936901217,1.2864460705813117,1.5292528796937463,1.5489707161815647,1.6959733170824391,1.4028083335907826,1.464326508542996,2.1623880493606165
gene_1717,1.2164586936985633,1.4224128611771887,1.1540623691029899,1.495252303226984,1.219644875689423,1.4679383844875442,1.2935601844007925,1.2099948950488195
gene_1718,1.8147527722278316,1.3410904675697566,1.374114772589239,1.75287056464492,1.2540536256019172,1.3185423363557873,1.27429935741591,1.411913521683997
gene_1719,1.8593967823735973,1.6270572981322913,1.7170878533988956,2.94394073123256,1.6548218055786592,2.82321477275903,2.0941432147371737,1.4231749262152866
gene_1720,1.7223714384230695,1.3516715176849392,2.630451765674096,13762.875769613822,2.9241308748783186,3.238986792790918,1.7641666091211516,2.490584018529195
gene_1721,1.1999952383976553,2.2382076243030626,1.2043227800845018,1.2465587673341434,1.2587424140620043,1.9097341083611092,1.5241753261880917,1.359219578892746
gene_1722,1.8822142722408242,2.9102318033077528,1.462961639984248,12839.426174427781,2.4864607806691157,1.589138206304275,2.481603680662442,10908.137822086832
gene_1723,1.4888598853179444,1.7924035532066278,2.106287522295591,1.6051252740174557,2.287393139883435,2.7611315240693837,2.31030387676907,1.5031623289943001
gene_1724,2.611884912794045,1.4262284139359367,2.503091290894047,1.1852732166526696,10581.05308527061,1.8410740567737207,1.7344269204209253,1.3916967308292305
gene_1725,2.083753742123156,2.674252171464535,2.4742908599213287,1.407796540993583,1.4310992744794013,1.3327166792811866,8753.978029111888,2.5975123866494756
gene_1726,1.6326153161359604,1.714837013994025,1.3916939106176147,1.9540093130488263,1.2047394279090917,1.6758395768001921,1.7727660032885166,1.1343006705576983
gene_1727,2.1728827472317462,1.4402073250224499,1.6287001878800382,1.7505385769528208,1.3689652363764764,2.4958257618509267,60388.29959800884,1.1991178024591886
gene_1728,1.8203536688014879,1.4658356826899668,1.185137591741215,1.5020916596815161,1.5416157439622291,1.2737850500116379,1.4197694213345116,1.357809137049404
gene_1729,1.239443285743151,1.5101686174099522,1.2815325674662161,1.375791616526866,1.7880306884452493,2.1923215224427373,1.6137405147137465,1.616841345910328
gene_1730,2.5421970758102996,2.327715083978898,1.3202941228993708,1.1685940495204739,2.3845925605345943,2.5251972640776525,1.943857365471408,1.6333353025656423
gene_1731,10938.412182721215,2.067893359922262,1.3960728014437835,1.1994379993176922,11487.365218039517,2.0530139273275,1.7072243929648825,2.7775913456594274
gene_1732,1.3742408653597085,3.564789747905109,1.897500867249369,1.4451953290962538,1.3400102607678281,1.8571967007986594,1.5496345874004207,1.4361448591805286
gene_1733,1.3018462263135302,1.3909975529563905,1.8941111364351655,1.6692101597841007,2.1197591379547256,9105.075518501406,2.2742418998049065,2.5012373250808015
gene_1734,1.4083289283534968,1.8373086837733446,2.4960383950288856,1.8166744625938833,2.042543293981625,3.046695749601392,1.3415696136158095,1.4616847841049143
gene_1735,1.8222192072012746,14757.472222147511,2.2209596916136136,2.7495303099287143,10101.563409752316,1.6314027144901706,1.8168678433242493,2.55561462482324
gene_1736,2.154848155493536,1.7718811301474993,1.5843936608613276,2.1965152989772836,15634.74385095048,3.0161954479915094,10554.235049420124,2.76317780499153
gene_1737,1.2252090849149981,1.3050448844646785,1.419615205092103,1.4445712848417505,1.5488341343304004,1.275949534673084,2.0795137205930434,1.320272030175971
gene_1738,1.5393831080612117,1.3392873720408676,1.2926422741361363,1.3874642370180843,1.4176887179170126,1.4022275673506064,1.4133772072154687,11831.124870293845
gene_1739,1.8709491146127297,12925.34336819137,1.9496202061980121,2.5043794925340577,1.8753168692536077,2.5279806670168674,2.852715507952357,11544.670515720773
gene_1740,1.3796445326025888,1.7576291093769876,1.3098763073318378,1.3353179988542958,1.5172354472066933,1.367088735536002,1.9060429348642207,1.613031845860585
gene_1741,1.3783902503328385,1.4384646809775994,1.2908850631264603,1.5579241831034987,1.5017996899999029,1.5782730502488838,1.2118027458284797,1.2792280182823406
gene_1742,1.7989079491031683,2.142434973928549,2.0849896505087413,2.3043236261729523,1.6698553095419881,2.4762617863591507,17168.678251901467,2.864061847480214
gene_1743,1.3792141046272737,1.3192290361543901,1.3771116839527813,1.3925464196320163,1.3546793768141774,1.4133312090346624,1.1858108624762103,1.4060201775715169
gene_1744,1.5137429092188353,1.2237508350565185,3.725297527347023,1.0799237626578195,2.880307159623566,2.991427040389677,1.5533349937613177,1.3181743152462442
gene_1745,3.5766916157989295,1.5291633797201885,1.2716773508349517,2.1138131665195563,1.3800075218927585,1.7255972216216913,1.588580793613802,1.4551520590650984
gene_1746,10770.194236323656,2.30214982820045,1.634281789959437,1.9674160280355137,2.2668418148339584,1.7971014604784254,1.7214723911579335,1.351310819189036
gene_1747,1.4148783401597327,13158.483705856308,1.9761736738661135,11513.431195437508,1.9786369889100532,10879.52241424981,1.9057010014632876,2.0780742883502774
gene_1748,1.733589025261353,1.6164612947420527,1.1418757128986952,1.585986558429993,1.792951913221321,1.4198719301781684,1.1720373124854113,1.162757440595099
gene_1749,2.13071515599287,1.6160303164743814,1.8245772972045287,1.3730132528637122,1.3805687672327427,1.476428645239717,1.132326627484752,2.7712827286301605
gene_1750,1.1496870533989154,1.792758423340378,1.3636654110247752,1.2214405334196115,1.4266744238454765,1.567957514194201,1.2838130375383472,1.3536040667970008
gene_1751,1.949183836566261,2.4025160761157536,1.5693559184388257,1.408620834912074,1.3284780029926453,1.2043385971159457,1.3473821512342121,1.4874397898339147
gene_1752,1.9938818699399183,1.4909121007602717,2.1261892911602063,2.6658430983342747,12422.660401627401,14500.528812318467,2.293001493716377,6872.129647683498
gene_1753,1.7660686664621028,1.7093508942583537,2.524551432756822,2.3092614907997913,1.8084596795836898,2.3048364475063465,1.7089535827123414,1.5571388577069256
gene_1754,1.7749559433713324,1.6395706922421294,1.4420595057456624,1.3307695775302821,2.133921286875584,13118.221407420959,1.360332263681477,2.0003105713397873
gene_1755,1.3591848520080951,1.4362679852167965,2.016375624213393,1.1077171154202325,1.2670612364789244,1.2170842047777597,1.6266356155231838,1.4442783616919967
gene_1756,1.404448779773116,1.180447394109697,1.7199633312453888,2.053475335915037,2.6809950886497917,2.677488077122392,1.271707954907332,1.4223154777884015
gene_1757,1.697193883912437,1.518493765944375,1.298781532846664,1.2843444520128173,1.5155748523012305,1.3997824867489435,1.5283372945221172,1.4827769701471223
gene_1758,1.907835864124297,1.303915839578731,1.4105221285683927,2.40574690474951,10792.336697619301,2.7419276756532174,2.1480052189003107,2.0001006371929764
gene_1759,13065.571068474675,1.6935695743291224,2.655500217361925,1.6393824851137084,1.5366540570932976,1.224543991713927,2.4893002433619293,1.5477002195874423
gene_1760,1.4333157464951316,1.4332412622393953,1.9818268128093484,1.3759085888506988,2.518089758820867,1.3822788310861178,1.5147013684084552,1.429506296371055
gene_1761,1.6009309997779113,1.4975244317913932,2.9228675527341172,2.04588047945157,1.6029950634520254,1.9601492700796528,1.108509535432423,1.3577676197010462
gene_1762,1.3801067436007022,2.5461863631521195,1.523516738773652,1.5958449595005026,1.4974288672523777,1.5465778001025074,1.191061431562361,2.8968953587455193
gene_1763,2.1486027995520067,1.531459685957744,1.1787423265945887,1.7217159567514653,1.8127952958578646,2.1173190755010407,1.9733324863847173,1.7734328809480153
gene_1764,1.565047514084581,1.6759828618029504,1.747902361005253,1.4904626034926813,1.614260846856517,1.8776980742159937,2.0114782551499473,1.5199962398016476
gene_1765,1.504108277294628,1.47238861750516,1.397267283022495,1.2259266209891757,1.4077434931815718,1.3047448960821009,1.9117455404944887,2.063274285690488
gene_1766,1.613150611619506,2.0996935240859993,2.470654734002057,2.1888619400159186,1.3302461290798122,2.805305518609805,1.2495037710982972,1.7450878031322017
gene_1767,2.6555284040051346,1.4736163179207804,12172.4169565509,1.3129400500748656,1.8808096619298076,2.060204560808617,2.256723722000682,8867.74924201797
gene_1768,1.5140071115923122,2.14017960283893,1.5450065561531527,1.3438571127063408,12829.476064644694,9778.490061426912,1.5172744393872075,1.8316653758862456
gene_1769,2.533588663336986,3.3815192203560014,1.6407522008578306,1.6617916147777343,1.594956919342476,1.4833277868243122,1.4424713103764124,1.3727082856850261
gene_1770,1.3251060464558464,1.3880055885566558,2.1559735031039113,2.121792206754792,1.276175413013734,1.5038038032814118,1.7160521329584129,1.2946164017878052
gene_1771,2.4377891909282994,1.4485092183945205,2.1687458576332466,1.3057911020608723,1.194587017494336,1.5273339827257992,1.2888956889981122,2.4054533870783503
gene_1772,1.613504673815636,1.53055859578261,2.1826880596757094,1.7072876260614793,1.4346264041949761,1.3312015937686552,1.7928193592978634,3.2135425999946117
gene_1773,2.509974557865427,1.7056849619682022,1.8436338197673718,2.419301828621065,12381.93837365623,1.3265161760726802,1.574563380057166,1.7972608588453098
gene_1774,3.2374254420129462,1.4393584368470027,2.036612550398051,1.319419176089728,1.5356967406371274,1.5023348284256814,1.4723983857892036,2.3149470518861937
gene_1775,1.7360533307105745,2.2526935729781563,15378.434943705395,1.9209409370963821,2.249267346617765,2.3390947782504563,8900.572729798123,1.1946567778397525
gene_1776,2.03123964902652,1.2997855440470973,1.2064546283809632,1.209743063523793,1.338156063384267,1.2709637147517658,1.2793233481052726,1.5517055306864316
gene_1777,3.144618942091716,11042.813909594559,2.098986220060928,1.604881053355438,1.4502922580150672,1.198766542028633,1.4748061812546944,1.4391564179265626
gene_1778,1.4525615790079165,1.5431742340446029,1.1428176159899324,1.4716679146226102,1.5076959871668278,12060.70454115457,1.633464449184542,1.5995302064796444
gene_1779,1.528031833697452,8919.553566722783,8914.927606289906,1.546967418380533,1.9481629278900552,1.5983056540849578,1.5312824740230426,1.4951385542829243
gene_1780,3.20190685612573,1.3805381965366705,1.2111695943094065,1.794625529934153,1.2805933359510224,2.897760296766503,1.2301063954236657,1.326074146136957
gene_1781,9352.690116671269,15182.332550045325,1.6887200127812294,2.1009222384261452,2.232816556448783,2.088906101027339,2.1584758615250395,1.5133622346069793
gene_1782,1.768256153926949,2.58990740646249,2.199126584973355,1.4834057115145547,1.774271580559461,2.972908024563355,9515.556045536308,1.5869785279439124
gene_1783,1.9713075035184804,2.4246165292130497,2.250464745150551,11033.003128387896,1.3700405297300375,1.4733783294621916,2.3205575836027084,1.4740122699949616
gene_1784,1.4215142194872596,1.9980930843872506,1.7075389696172798,2.206286659412301,1.372173176192321,2.1981301185482915,1.3576051575827977,1.736117265381833
gene_1785,2.608335956120049,1.6556471605124414,1.3171379497522788,1.8983561528694222,2.3805967441960063,1.8324823858084511,10901.153416196677,2.0921497248374235
gene_1786,1.3594555016875545,1.814133211108147,1.4622865521535662,1.2591748815187362,1.7635836901390705,1.3252672394152045,1.3178766660687593,1.5727239270166335
gene_1787,2.7149342789572666,2.2364399978079095,15137.405756105378,1.6087693993837455,2.6079853182645043,3.057288284960353,1.6017816235262423,2.864930769873513
gene_1788,1.8548599788193745,1.7191858098635984,1.6705734106888037,1.5583440135585938,1.5365726071885502,2.0295703400858627,1.394355090844198,1.4928209119646665
gene_1789,1.4650231239221032,1.6332344862467418,1.4066886400745826,1.53106031008438,2.5183868442377326,1.5430273557766894,2.1291588339899192,1.7714934382226806
gene_1790,1.3396286357413039,9943.612653849854,2.1437763642593053,1.4645047506321356,1.6764482680563797,2.812652764617615,2.789002172338784,2.2427464725487924
gene_1791,1.65085438491484,1.44755883563285,1.3706262104127263,2.006868801560015,1.6330388586590463,1.3443689063175186,1.4721740204398668,1.36671082439225
gene_1792,1.5078585701275071,1.2523131282204556,1.311759732397586,1.1478705877708757,1.6490884178889178,1.31904003659698,1.4906910162276164,1.382862344285502
gene_1793,1.546180777874398,2.5625892934027306,1.8001989494172257,1.7881409367778398,3.2906189235811643,1.5900465677525681,1.438841401195721,1.4970738711423535
gene_1794,2.3222869359357894,11193.574699761797,12823.734701992851,1.3737485745414997,2.2924906763004027,1.4510497736548162,1.6834843113381777,2.0796812873760744
gene_1795,1.965448691938105,1.2960867101959015,1.790283847830769,1.7741088024565432,11054.146401924541,1.4470491218312107,1.8844785181891932,1.4157439671156895
gene_1796,1.1313519229977134,1.6880045316732977,1.5201609353606027,1.2119836171811378,1.4847665670366565,1.1985797745464062,2.081245219236855,2.7595879302540176
gene_1797,1.221646781161268,1.324706028305514,1.5517797880183797,1.376468232795689,1.8895378841271846,1.5610749756035915,1.69501309903935,1.5145994033233354
gene_1798,1.7010397966522068,2.37693924353507,1.3384393507733807,1.460031276021688,1.6289939715642578,2.617841312475078,1.956308770802703,1.3312900322177292
gene_1799,1.5300165039690625,1.5646075882676544,2.021424920093235,2.5669487642734996,2.1777828781509756,2.7556689435472848,1.3166952554364997,2.0034620184692367
gene_1800,1.612810626408476,1.582153492667787,1.6147448753385896,2.422311692979986,1.2771519246614658,1.7510571293523793,1.6019869753981282,1.5148279809376193
gene_1801,2.1492412939566012,1.813474133059781,1.922423131498219,1.4281458279317332,2.3263850782928746,1.375614245695516,2.2478596447030106,12019.140017877955
gene_1802,1.4288950858747582,3.5826102675317095,1.5189778675430583,1.5482093460061237,1.477940227289704,1.4063312980891731,1.5221066021622411,1.3796788187649915
gene_1803,2.034752579485063,1.3811736137556891,1.6023467752025249,1.3595326586787586,1.6215327857526587,1.2922107341181828,1.497000149978074,1.6802748819772777
gene_1804,2.079401784011268,1.493632058687527,1.6481526086850944,1.177163396228926,1.8755280617209633,1.520495957464915,1.725661055268984,1.9518633153449791
gene_1805,1.3626892546333256,1.7422004229714327,2.4895367439165255,1.2874458967579863,1.8344072006828513,1.4347109570505632,1.290327892393711,1.220341864514629
gene_1806,1.9208837770434966,1.238971570641925,1.1853086164118172,1.368704291672038,1.2483126782551144,1.1921356068280857,1.7860530939766857,1.2473178560056688
gene_1807,1.512486507634462,1.3640106961469647,1.186430436659953,1.3410581254064626,1.6185777109038841,1.1778003677043711,1.244102594904661,1.6036021199076058
gene_1808,2.109743236756407,1.782228713152375,11190.261921290998,1.776425281949406,1.790486056834176,1.6297251186193829,1.5728620809718123,1.8064570623003913
gene_1809,2.624597139931956,1.500278487750561,1.2573164069799003,2.1871038782913286,1.2681904845725658,1.4671178786696397,1.7163103154558723,1.8064453924749873
gene_1810,1.553452749864638,1.7466004735682803,1.415568500289409,1.4562864178258208,1.5779910161234532,1.3938683185879641,1.2289110998653978,2.2111463631862
gene_1811,1.8553513927214158,2.079372987211108,12099.660846079452,1.866899340260544,2.4559374726226877,1.5407900417490892,1.5994303786156383,10271.903035735244
gene_1812,1.4058678606468227,1.2723710190873636,1.5075812028783868,1.1805566566437709,1.4110099319089562,1.8442248294237555,4.41311484879225,1.426264143225877
gene_1813,1.6888070237889892,1.3600212537612906,3.512422920760493,1.513135515114882,1.6265755160181814,1.3733543817980265,2.230132277938974,1.488560590887953
gene_1814,1.3975802735888097,1.624875709175678,3.5412985102068455,1.4797827538409682,1.5123039043687987,1.4852551576109598,2.9813258926663693,2.2504274543226694
gene_1815,1.3595145831436346,1.4364517189987518,1.3198118115758222,10776.003339630117,2.4566778106726432,1.450793683833613,1.3549606868473167,1.7625713029200927
gene_1816,2.794713187198357,1.9385511383641638,2.5919137940914685,1.374120965707233,1.307494745512239,1.332566440401571,1.6522980007985444,1.714641772348701
gene_1817,1.3952485092819074,1.4790197476359697,1.3577600084909773,1.5710339336017018,1.34930894444326,1.4626360611466964,1.3288754216820744,1.289962811566389
gene_1818,1.9746753712965495,2.3287669089299645,10818.278838429815,1.1744322859141123,2.1843257572766333,11081.849401559231,1.6173186630177938,1.6058498858430081
gene_1819,1.8025790255793812,9486.704116499634,1.4789628526972476,1.7918416375007025,11519.13378955321,1.3326625733360844,1.327091126741125,1.4096562589888657
gene_1820,1.5616969439711772,1.260576604697412,2.770657042171586,2.2717365853643607,1.5726055013043885,1.443610018682292,1.7261233439274013,3.6684229978322196
gene_1821,9734.097003230945,2.3234996283096696,2.0747067743757817,1.7643782989175352,1.5330208193026529,11364.65410831433,2.6089836091409686,11894.36339516493
gene_1822,1.4472279557567977,1.2736525114720267,1.5019178787328369,1.3666445675561598,1.4700338808271527,1.5979428666910633,1.2527157152471222,1.4436631483117912
gene_1823,1.4020894220189055,1.719225714486132,1.4267415796223926,1.6464008569843736,2.364470920298433,2.5343051560241006,3.263744546569788,2.1207138326818407
gene_1824,1.7977642493419532,3.669824537572123,1.5580342722315856,1.2602030069729149,1.6092508953905855,1.2471013943201383,1.5043585294273012,3.268859666860383
gene_1825,2.4523726529573526,2.01163400767667,1.4350220741663255,3.1819985195730007,3.4228568881366352,2.4231579841724913,1.594431066279471,1.6061420475439538
gene_1826,2.940613493264668,1.3528934562131332,1.3918842113490082,1.8737742575758103,2.339038032606522,1.7254550096080286,2.3359463004045105,2.966906547464187
gene_1827,1.2255899168151547,2.1805491066994205,1.7766897363062613,2.694572161181089,1.848952918660838,1.4644632178239887,2.3299027264628953,1.814240594537065
gene_1828,1.160777018138772,1.390138218723727,1.25263396643398,1.155626306572977,1.30574884456406,1.3545254936340287,1.2026154457058034,1.2124047741099613
gene_1829,1.283241383355214,1.7024986355883815,1.2345537155605797,1.357363516412667,1.1872042916682113,2.472582235756334,2.0011591718190003,1.3386600045439023
gene_1830,2.531841511653209,1.4313240039041215,1.5458168689933636,2.3335035572251694,2.9561212857380315,1.7919675653434128,1.8826168644772017,1.426345235062579
gene_1831,2.4297995133919317,2.1228275200911213,2.7603881275281363,2.1250499823278135,1.1515133823400785,12334.928801979055,2.020413037347652,1.973670960839045
gene_1832,1.8456882733638476,1.3390767807401331,1.3487371979800273,1.3379466051589037,1.578160470305132,1.4402221813896265,2.505339528434571,2.895750560100132
gene_1833,2.2847059960750253,12613.991788288935,1.5913232528971042,1.6470391616701408,1.3234236114296354,1.8722883201683496,1.2843575280468678,3.245073323260199
gene_1834,1.635846418882422,1.9931664021676243,2.0476316988578196,1.3672834832002212,1.9326512026432907,1.733944425534746,9538.565025709357,1.4527174424903606
gene_1835,2.969996607141454,2.306595890681905,1.5807213873055068,1.623445880166132,1.3268457655956554,1.3727838474746927,3.1789457957937914,1.3433660363955413
gene_1836,1.313255291531151,1.459492330083782,1.4042933923607839,1.8484492039843279,1.3590124639644088,1.7446306667421179,1.4082692636519212,1.3586354683801485
gene_1837,1.3617399308688103,1.3567815334965656,1.497456669161703,1.4891164104175207,1.3225683345782415,1.422922064514325,1.5109060228647198,1.2914084523170744
gene_1838,2.3090206350821276,1.3672184488574022,1.4295028838597976,1.3808600230760617,2.538884821669224,1.4050893392429895,1.6401431715000387,1.4570575165749695
gene_1839,1.396257632064522,1.3651077615848124,2.1499390766176316,1.1799104277473746,1.5206950228297316,1.2996381408150335,1.3717794894264101,1.6886994932067179
gene_1840,1.2342872649082521,1.1674326814268814,1.8355745936108652,2.0133814859916694,1.7563450572029864,1.6843720187187041,1.2478194934751985,1.3243434345308003
gene_1841,3.024858603279977,3.2063719905272294,1.3356047381385219,2.091441204429824,1.438834257722923,1.5924760573421493,2.8198874416185573,1.5774765832617121
gene_1842,1.294042654113741,1.4903625400137803,1.3920661101592506,1.2698563341220348,1.4608414716952722,1.4468695817150536,1.25047331876842,1.1021857258021657
gene_1843,53197.46087142047,1.4405105677238284,1.8248281319504143,1.733349785151576,2.29835988621146,2.068042817704598,9044.746180530517,1.8744020908030188
gene_1844,1.3148836808628048,1.3329333224070592,1.200835799708223,1.259675863890769,1.381736496068237,1.1190167516436362,1.7227940227794798,2.1310384610661197
gene_1845,12542.99175423981,11475.229569728343,8859.57732252701,2.8300188827744153,2.218073966365202,1.261807360796239,2.2962084777559646,1.8141539460268061
gene_1846,1.2093284576323338,1.8483493408758056,2.0281718768074426,1.3623012328159798,1.4703934920529642,1.2529843574825217,1.2489722515384996,1.7006878956852702
gene_1847,1.3831913324957585,1.2700229697912473,1.3175801017879498,1.3208020035719017,1.2664343931554365,2.349212160039372,1.289701553911101,1.241270081362725
gene_1848,1.3117779770027567,1.21245965817029,1.6371008737173642,1.5741764148377018,1.9331534798391212,2.8507435562489403,1.2345742010566925,1.318736408853354
gene_1849,1.3644591591318218,1.8245079444753116,8465.597003285195,2.4609241675113775,1.56694305851484,1.8933561951532947,1.7205695333979878,1.2980421184106834
gene_1850,1.4359873316036402,1.3976554780860742,2.1289148397136874,1.2298910162926695,1.1738536125961316,1.4533289979112956,1.2489940054225863,1.3389338235146715
gene_1851,2.061933759873432,1.6183406839480992,1.970219642158723,1.7750071010687818,1.330820766849697,3.161451173162357,1.223665675304483,1.5957592424534877
gene_1852,2.117258699504265,2.8270171866157137,2.1580034047215717,1.5915820090844996,10517.615497862464,2.1388424799898926,1.395164771039602,9507.248076119202
gene_1853,2.4951037924208745,1.435543796894123,9880.319828579173,10620.836459865706,1.390161201749034,2.036901321348411,3.016114013847285,10483.189420258985
gene_1854,2.092881098892431,1.3870604785379972,2.1090150615520606,1.964528139335124,2.4140513260107053,2.1595626730507718,2.2138960656115234,1.6198373539227626
gene_1855,1.625051069019436,1.4500041446096965,3.161462471898021,1.2192954186539953,1.123589046684662,1.5348279806031317,1.3034137199826021,1.413468479735461
gene_1856,1.3806850586311161,1.7954475662119997,1.335495982091424,1.6111354023331657,1.4015941965866878,1.9840333684261857,1.3625049640720845,2.01331887079632
gene_1857,1.3533326049568102,1.4348048617017122,1.451338723730679,1.9909058657276457,1.9772910565561157,1.5344410330019171,1.3410640110171348,1.2692543431432803
gene_1858,2.605774371725153,2.6049452933003003,1.9231891963099847,2.608471655860838,1.5049657062788038,1.4831130040505935,2.0519205689312905,1.5762857069389935
gene_1859,1.2860733558083244,1.5484904283584127,2.3861444808327974,1.310558027572853,1.5788185187559174,1.5215727656513258,1.2576288229870616,1.4768492225417782
gene_1860,2.5072738302795563,2.0379889927695625,1.8596828344639829,2.132476365621787,1.8746857438243165,1.6185074736819394,1.9357294328224977,1.8823357839676662
gene_1861,1.7512101140024596,2.4732728322684117,1.7188623312312945,2.0528480155476525,2.353699170404019,13668.243080207318,1.7862068470376748,1.1834714300289746
gene_1862,1.8075269054739476,2.18321159079857,7904.276972888009,1.4899524668415387,2.7051431258799266,1.5495646971485408,1.3652009149921702,3.7399668856690123
gene_1863,1.4563275520040264,1.4015517703101414,1.3192658914698083,2.3823033818021497,1.770560512325905,2.5627994983158353,2.0451325523276784,2.3488615041659267
gene_1864,1.293341310989042,1.6783553930003157,1.2602437349324784,1.2600731174903903,1.3773345613360888,1.6490745323142275,1.8344001972048969,1.3466117772536446
gene_1865,2.206362562341133,1.5098129684335075,1.4011480931874396,3.214734546781918,2.424725563776001,2.6851214273037627,2.405832953570995,1.9010620822536364
gene_1866,61309.233398507735,2.3890977132559943,2.138154593847585,11363.878836566795,1.7035432443589027,1.2577325965310884,1.9931761306011246,9720.16082900435
gene_1867,1.345610018040188,2.827304852477007,2.8817209719645938,10023.725483307273,8048.300375040443,11165.217600570695,1.3102007967570668,1.5024901264052637
gene_1868,12861.232764095072,1.380038734111828,2.2320533884710305,1.6167972225537859,11929.436996333245,2.059223639333744,3.121543472918874,11509.612577266009
gene_1869,1.2016099439350154,1.2277571308972723,1.325914590620248,3.211426560019341,1.4432009190267454,1.4343852147663403,2.060681104023032,1.381744870836115
gene_1870,1.810653807346864,1.1268076391476949,1.6216041388282962,3.7526576878667233,1.7318943425255224,2.0233229484137123,1.3798789217650576,1.881810790729696
gene_1871,2.317547110309509,1.959301791694417,8002.583015879697,12553.064469183004,1.4681436613324657,1.8886649342198092,1.5365006283952602,2.3673739636665667
gene_1872,3.3395717555868636,1.8650539265368475,1.5555201693136842,1.524417140312865,3.3049126582546156,2.783136712005156,1.543751569659999,1.5302034449620192
gene_1873,1.29357906528619,1.6387124371524693,1.3334187774206008,1.7913863888647386,1.2706166908196208,1.4283074462547876,1.5692120156943923,2.023340986628871
gene_1874,1.7002290273476282,2.4530477237148176,2.3926373155110072,1.8933880052340855,1.2365474715771334,42271.21849728338,1.520079774593531,1.9967355013274894
gene_1875,1.4526913569143618,1.7288927071389004,1.6108357108071134,1.2820567700073098,1.5318149217389059,1.8627437947601335,1.3514407641958328,11852.997127572138
gene_1876,1.6741552516010088,1.2722901499345183,1.568433645217814,2.438643966708874,1.5179280175268537,1.1791312010915262,1.3028930158829939,1.2946063660938365
gene_1877,2.2858813026572613,12671.635348496162,1.6925824803522407,1.9845632931211963,2.2530757250643347,2.1273415742048956,1.649988733625118,2.0370319975418023
gene_1878,3.075021829898763,2.801121819449863,2.6550973276262413,1.5132290565016902,1.4145405139810738,1.5519441305767014,1.8713555503333328,1.6798141538289284
gene_1879,2.8607174763726126,7468.859647148198,8164.12839326262,1.6708947195240913,12282.4702268597,1.9363572657461747,2.0614990214706728,14823.168328337117
gene_1880,1.3555435830540765,1.2861884421489969,1.4983633931406133,1.2200022466700267,1.86150697030053,1.7001916342183039,1.508594583714958,1.235299693477518
gene_1881,1.903856441674485,2.147873270685627,12337.581544030372,2.468694454814374,1.4058587135895846,1.9305828446658428,1.2877659864094104,1.6532584527410141
gene_1882,62476.7492310758,13623.35545441579,76754.20903052425,10417.645479735338,9124.07469905668,2.4010087717784083,2.4578583790046755,2.4735742817737103
gene_1883,1.3146425306505782,1.6666943804872005,2.2200911130903327,1.6517459018567389,1.4259137960633723,2.4909550822465554,2.5328005822087913,2.0077954867825976
gene_1884,1.256594773578972,2.6059029254309203,1.542370798894387,1.2010051349241988,1.3329716325127428,2.086567690366035,1.3174587548217718,1.5143649088505904
gene_1885,1.6833342202938706,1.3098608259392313,1.1727496395372814,1.399270235996994,1.7121649374338115,1.2429712732373783,1.9485949699609029,2.204910264410768
gene_1886,1.3364481034201205,21879.287031261032,10368.535501893732,1.6802677508873785,12139.761652531646,1.1939506826896362,2.214228819864563,13561.077805328336
gene_1887,1.4565617154160064,1.6614258711158505,1.3340256078691102,1.294128148031461,1.5529620976396339,1.5900986835495385,1.3395639214170243,1.2494281347099492
gene_1888,1.1875962587161624,1.7584044134600538,1.2595382590523778,2.089529436049547,1.6951994995016506,1.344494859817737,1.6933820053717354,1.6594882115343759
gene_1889,1.2004301445328827,12239.939215821967,15140.708323781104,1.722956122940674,1.8224318479132344,2.116637401484543,1.974773448678836,1.3261855211159213
gene_1890,1.2904827837287853,1.723964940503153,1.32769959064453,1.5177980060620198,1.6411845564178125,1.1647183686196565,1.6241809458648448,1.570381464023549
gene_1891,2.2670618043981148,1.8981731617071784,1.150678703439465,1.7357751228090166,1.533215589116045,1.1764935326503236,1.4954170514906453,1.5808676663367254
gene_1892,1.868988218696681,2.435350481053696,1.7215205226926042,1.6218509507622756,1.3284671554324297,2.3732954164431685,1.4767873045489055,1.2014542240888644
gene_1893,1.7659079249704024,1.3866781704908022,1.2002713922653567,1.7174722957856292,1.241982507862764,1.5377068321038285,1.4647541228299024,1.520613015590823
gene_1894,1.1913546243502138,2.0657508730621705,1.2243378458028153,1.165564739159409,1.7639176028048937,2.3578165343651576,2.0696735509207684,1.5623488426880583
gene_1895,11733.914793139096,2.177412001965272,2.7885162388037683,3.675710079157771,1.2458071687831072,1.7033719881237663,1.2058707432390985,1.8158391413167525
gene_1896,1.7931786599166695,1.7895243388134066,1.4870078615467848,2.373225529898317,2.3545376940402227,1.3445829944578696,1.289431182985407,1.3341974084017696
gene_1897,1.655718842572471,1.281312379090797,3.6808921956525116,2.1221410886066825,1.4669068356735275,1.202604852540904,1.5967697769452365,1.2280729999650648
gene_1898,1.345008020816599,1.5304545020404812,1.6185096629559783,1.6391380637960156,1.6962102482327674,1.6159784983372136,1.6620900340448235,2.1162962907201357
gene_1899,2.48488151038135,2.466694593478519,1.7589201770252405,1.6288618862114168,1.2255645574481375,2.147886960898871,1.397786237349454,1.7859254587982858
gene_1900,1.3248949569858477,1.5192078745945947,1.3763647150814402,1.251466795634036,1.4592353939509823,2.57698129120776,1.7136212190186764,1.3507499478466836
gene_1901,1.3826597475205422,1.349665509076481,2.660349738426879,1.4241404921660188,1.4333241647727892,1.7869840854987935,1.5147566399196006,2.061018352413262
gene_1902,1.5142189739712535,1.4833529323256478,1.5894751749486808,1.2295332914583355,1.7201263467841237,1.5465551860917854,2.1033567641315236,1.7046772002770036
gene_1903,1.4515658268249105,1.4857473762572375,1.3998834218991236,1.3362328127306484,1.561280745782988,2.027354688004399,1.432781890367463,1.5361974550216544
gene_1904,1.7944504398604522,1.7356204812526952,10501.098088434588,1.8933988561302133,1.403934331141666,12636.58764479768,2.2868232924491423,9046.665819534048
gene_1905,1.731599336712023,9515.180231623786,1.2645404847732609,15043.963150371825,52092.411200802686,1.566663075922973,13524.274618887488,1.475610710228365
gene_1906,1.4903537201812211,1.6088836113696854,2.5585560312740614,11162.106593445136,1.1979141569233687,9761.986853210643,1.4883093738001993,1.4856076174017854
gene_1907,1.7154315458994998,2.424805318117568,1.6917066959015006,1.953817798452687,3.211387305423399,1.539611365768713,1.5964831305352318,1.5430203300523466
gene_1908,1.5075867885358643,1.4560207355023305,1.244968987888374,1.2739883193040067,1.1525781030882358,1.5595549305360885,1.5398330136319687,1.4387758864302258
gene_1909,1.5179187413295743,8133.492290070581,2.5970033446569194,11817.221063839921,2.0312587611756032,9209.067276064688,2.274683885006677,2.274683885006677
gene_1910,12816.911636997285,2.327645500397699,2.167431317354437,2.1401891331670906,1.5661885684203503,49053.983785053075,2.156361481039619,1.8556303015691076
gene_1911,2.979597212208685,2.680926790818512,2.03511899878492,2.45324767041254,1.2263267653061063,9939.955769813008,2.9766316026540993,2.4085727516192854
gene_1912,1.4517843171599858,1.917652407970898,1.6541131994520917,1.5492999190678851,3.148789797124515,1.9178402040944897,1.5397583857378185,1.430743548403423
gene_1913,1.8659721981597606,2.8780560560025172,1.958369643818196,1.6131956957795692,1.7504546889236245,2.2862775282819072,1.4418419435487284,1.894921410019812
gene_1914,1.7199196025175605,1.2228000483505554,1.7468303473039706,1.4876011578830042,1.4836582405938006,1.5399916891675542,1.377489377104359,1.2940173504376962
gene_1915,11349.265956514699,2.1897779105357045,10326.53747835318,2.397234855515241,12436.743625061328,2.1931650845327044,2.1995303573873146,1.7952048628771151
gene_1916,1.474251083347786,1.3295237032307476,1.17841955729684,1.1563441285337441,1.3756635164729694,1.4481254725201806,1.3629257798526815,1.2205671852232227
gene_1917,2.5624053195609093,2.964084251255198,1.3263421620552471,1.6462130876297505,2.236400105317706,2.60016278839862,1.6799278114820864,2.5752951154436334
gene_1918,3.6794227286977716,3.3841853758953038,1.450547309730393,1.3220690648885727,2.503141361844604,1.6936366216285004,1.4771808810454892,2.3595240966278133
gene_1919,1.460551633247662,2.0163225942094636,1.2239326285404322,1.769192747433568,1.261568216482923,1.3652593945532026,2.751589814014753,1.3123314838430655
gene_1920,1.458067233227527,1.8150802170432376,1.458596170273492,1.979042491731554,1.9035931682965126,1.5534741711731008,2.0468916144856752,1.8763512550198564
gene_1921,12986.856017346397,2.695290788426709,2.3121619875188135,2.5564957265688197,1.9861514720602174,2.535514522722386,11804.756713692277,2.4030441788540213
gene_1922,1.6383533028687542,3.729400479481418,1.885060678051547,1.937349866641707,1.4228234293554773,1.265659819860047,1.0631424478362934,1.447219501550269
gene_1923,1.395320806740538,2.5232582439953144,2.7971387046898966,2.0206868666347373,1.583667053595237,1.2398171663828421,1.1461821435075144,1.6634526614084229
gene_1924,1.6674065436845458,2.3388747019492935,10544.168778220452,2.608039878337263,2.46552535710151,1.6423851422057345,1.4780818493373438,1.5318732201377512
gene_1925,10300.000977482354,9704.066757512728,10860.643867167824,2.989030128371721,1.2797502520023907,9419.758668536544,2.2302518289004807,1.106047671677438
gene_1926,1.2531243396964822,1.49698585412329,1.9942581726968738,1.6064876561208479,10508.526617899275,1.2571352038184225,1.1152095890318694,1.4069903409030478
gene_1927,1.276309220090656,1.4953600700524874,1.2903876326885049,1.6285451759724274,1.308986571720578,2.4006811264951398,1.555782906549109,1.3242521199705666
gene_1928,1.6316868135441636,1.8566593295275253,2.066648690832129,3.189352081787244,1.957473345272425,10549.306010424754,10371.148261366528,2.1499574188001622
gene_1929,1.9334106424155666,1.7907032454849945,1.1830139651052758,2.986140361504272,2.138561699654877,2.9914118901043105,2.0117371076235955,2.0277353065042165
gene_1930,1.9731209690038123,2.1149007236019965,1.4105553471029322,1.7932569184494287,1.6347409864572362,1.576736131372069,1.5261733933810624,1.6226897547611654
gene_1931,1.3555370089071033,1.3159378204377357,1.3102247524157475,1.7745641770143719,1.323415402874112,3.298916502583426,1.3703047568697726,1.6269200825135344
gene_1932,1.160118377508609,1.3616303924400268,1.9692102748609281,2.276902419316518,2.442930720599735,1.6263298316258497,1.6088914867096975,1.259176254408295
gene_1933,1.4807182473760243,1.4793290770606298,1.6262758185381232,2.184022120634197,1.5196362123707214,2.2513876443275813,1.4488923036648753,1.939290308703336
gene_1934,1.3855243629958167,1.4780207698033245,10452.620866287514,2.3902335430293586,12102.708029367468,32104.57212600078,1.8196592894242405,1.5755384885494914
gene_1935,1.5964248654234403,1.6921110669405313,3.9064461438470732,1.7886548773451834,1.936132369095479,1.651809208315307,2.9240727143012633,1.8431745218139308
gene_1936,1.4074714706115639,1.4680190245851272,1.5681544149963906,1.3267750578383566,1.3988347874514335,1.4823989685997816,2.025309357163635,1.2150420158275348
gene_1937,1.3806551968829097,1.695590393231772,1.3257622385889924,1.3662086460410647,1.8986792152156224,2.0358089705136164,2.805069952028724,1.2675714534923714
gene_1938,1.6886495799180525,1.9404680713540445,1.720313018629524,1.4757749841564978,1.6365931817359276,1.4078477978375763,1.7528301315919814,1.1203654988316687
gene_1939,1.5405274637070512,1.3481188251805327,1.43964696496829,1.1097359780535572,1.4314638569141802,1.517300418583367,1.393566174524749,1.2869416837671006
gene_1940,1.1839208064367652,1.830064652124342,2.335047549274675,1.4554836979739443,1.4522340888399838,1.7309158339108568,1.793141500556801,2.719724550246626
gene_1941,1.768048751999938,2.6416394774659984,1.9778124563898531,1.3823752883422231,1.5810620897909309,1.4074257448931882,1.6621373911670905,1.4710346186005427
gene_1942,1.7160517590930473,1.419853140640862,1.4157080308058738,1.4546587560300106,1.2349826297853796,1.2114935141965566,1.3604696109765602,1.477997756873985
gene_1943,2.1865192388844523,1.8696394236437217,1.5832572741764857,15020.887800759923,2.1429235506455386,2.007352893802817,1.9850734287123029,2.0409893976583215
gene_1944,1.1845529912121069,1.8333452935117303,1.4621417726700476,1.1875638852210089,1.2713668057135468,1.7269737391820292,1.5916348461008663,1.293953752501493
gene_1945,12404.633888427885,2.0565703012438528,1.2695812397984476,2.0958007879553318,1.2428274540562607,1.3746813505166273,1.3594193557562309,1.4261569777880188
gene_1946,2.4530274443257976,2.2592419940414783,2.1813902748156213,2.2692560401045476,2.3648950204235697,2.1280626386535655,1.529319156093147,12051.327932707134
gene_1947,1.2445707198909428,1.4256406626642677,1.6916730946297291,1.3462289685574382,1.2098987163041328,1.417466652964844,1.3025791116866408,1.7145944761403114
gene_1948,1.7157294607648672,1.6817279022754068,1.5345108776773781,1.3834878047250856,1.4836653806617217,1.449594502472502,1.8885294730595201,1.509332283071523
gene_1949,1.8673159677795739,1.3825920602114037,2.1027268040093867,1.5292299304691883,1.7174138472520915,1.7130590103166687,1.8667496930346503,1.1761842550296442
gene_1950,8081.803042946467,2.3015731631543805,1.4550273413555344,1.55788902744224,2.5801391408124266,2.7657851265256266,2.216240620276243,1.8155332791487055
gene_1951,1.513967683977865,2.733380800343943,1.6642735719297042,1.36036997385989,1.2783693717348774,1.6341473138374656,2.351142062960859,1.659055891340936
gene_1952,1.4579955759006742,1.5836042903197878,1.3867880190029396,1.2216874675056522,1.2332711882635967,1.9128793335156264,1.2148282115575868,1.5954459969415982
gene_1953,1.1726882751571097,1.655377825555912,1.1357615579858964,1.658359171520695,1.3009903888179257,1.7152701883738337,1.124168329398538,1.7240195826891944
gene_1954,12238.995526694122,1.4889587275841016,1.7029307702193515,1.9054268147838977,2.643518412206786,1.517848820285763,1.823235747780428,1.6070770644063235
gene_1955,1.2677129588333897,1.1880385854458149,1.3856988533723673,1.3242765844004694,1.995258826222719,2.040371861321594,1.5868149269901592,1.4471989614744425
gene_1956,1.3241144133654423,1.659681702779431,1.8095662935484624,1.4168600244357796,2.009762406153712,1.7564379660134037,1.4984326951000808,1.3554601080076698
gene_1957,2.2968660491930506,9749.46988214099,1.5586202125489528,1.9394872210138825,1.340595700606706,1.4997077673119203,2.255461956238773,1.929580779490725
gene_1958,1.6964464851090746,1.7471372620666616,1.5615672776466214,1.7221972343109138,1.5801587787594404,1.7512517917964234,1.6364175105105396,2.216557829320515
gene_1959,1.5441717996875188,1.302167731029101,1.69638381508074,1.1866528813959156,1.858201221672276,2.625241510035063,1.312980123839806,1.769488164276822
gene_1960,1.9088060749217153,2.0020377222406487,1.691371881933894,1.2703961519536258,1.5693909465453615,1.1483528058319177,2.538420643571836,1.9912656769809338
gene_1961,1.4291957241452675,3.684974966808636,1.4877917536911496,1.4235834827116944,1.4620412689672786,1.4949733293986036,1.6734934567753479,1.8123474774860793
gene_1962,1.8260580066690508,1.4418703805856659,2.0045088175657453,1.1540020505244568,1.2856225680880022,1.2249669476598652,3.3951104944688217,1.2927121092016625
gene_1963,1.6246857932698477,2.029719401794159,1.499109091275183,2.1717957830745225,1.2758563741134783,1.344655473927917,1.502232525252427,1.282100302314933
gene_1964,1.3708299653544218,1.3090752367426222,2.183429692948384,2.448806296524268,2.0951063255581883,12145.532536068458,10544.538897820832,3.4158297362015726
gene_1965,1.9853863240081213,2.220656634409814,2.2351458379006406,3.2784867246544254,1.5432451030802028,1.5821786949967864,1.400800859319669,2.5343339799668954
gene_1966,1.7554429405272096,1.5156583069287444,1.3867694836689957,1.7745854762239466,1.566058795355937,1.2489142678172176,1.308412083763682,1.7018378671557879
gene_1967,1.6272797856124932,1.7893182149040487,1.8081795589741374,1.908549621885625,1.9215102433570876,2.086365482705357,2.0651804773712947,40673.02336090423
gene_1968,2.135797632696173,2.2966959237138287,1.4636645589845072,1.5826447744616892,1.657046840314161,1.3035051174269767,1.2670704509661437,1.289047931159086
gene_1969,1.4529601035226192,1.5242962377321476,1.6114297820474133,1.1936602581926041,1.5088640117445296,1.443895486872817,1.2304965476951801,1.0983761326290469
gene_1970,2.8410234326209247,2.438468336364251,9229.469355283141,1.8736738639134205,1.213973971442231,1.4553836107222151,1.5608846463471173,25675.323618346785
gene_1971,1.5154456250903048,1.3285740139465867,1.7088040184613116,1.5487123342418698,1.0923994275537265,1.7149716671039879,1.2949697868572567,8673.886137905083
gene_1972,1.2332126345813537,1.5467078289070721,1.3917678529775177,1.7938030488091206,2.1959995757139574,1.8092334308054605,1.3776872977922499,1.4030611964290671
gene_1973,1.4761922308171702,1.146385566083815,1.302308976125581,1.2577237010513442,1.1685536523081221,1.429677561443636,1.327138402880904,1.5048506088829268
gene_1974,1.344188128310428,1.3800434398172057,1.9436943725229454,2.216274680560861,1.6904870205213318,13732.79515212889,2.3681242199342396,1.8883874101088012
gene_1975,1.329927798619186,1.3997590497833374,1.3184809913354465,1.671140377743539,1.7614155729911947,1.4256437144193184,1.587714199108728,1.1393539411732256
gene_1976,1.3742862877952915,1.2970236951681737,1.46726765700883,12076.248636618313,1.1692621353415693,1.6549030560913878,1.4459792186805132,1.7644831511161023
gene_1977,1.7007458782656677,1.9972981519312796,1.2387022364945055,2.2080100369574134,2.3020437491889476,1.6143361975741868,1.5535532927078615,2.3973527925651887
gene_1978,2.3899850336882316,1.3607613855948855,2.952855726859227,1.464745031282293,1.2981306432315338,1.3615969652668092,1.3102797947589544,1.5991021214716925
gene_1979,1.2720613688362272,1.543598035955422,2.016496324703035,1.4349928071022242,2.0936174457034973,1.7729844433878306,1.504962568005293,1.3635532048814982
gene_1980,1.289761762487412,2.9488308204482516,1.6029139479756584,2.9897682446005525,1.3698598749163002,10591.932347012673,1.8046247024440814,1.884620744947423
gene_1981,9499.487207385879,2.4906589609026546,2.8357212431159655,2.3781512121745654,2.2174131937633583,2.4146835822124544,1.895402244050839,1.2936974526287015
gene_1982,13233.858296899145,3.252056557622657,2.1556709574986583,1.4366537510883097,2.382461779899966,1.8633224697550372,1.9064285534473195,2.690537772405092
gene_1983,2.315470661254325,6118.531389168885,1.7030038855155456,2.416860687916273,2.2212894494408215,2.6432090612419903,2.135104694617083,1.6066211711343343
gene_1984,1.5141765752056884,1.4446545193109188,1.3105832866467422,1.5703079176379333,1.5981197657332147,1.6933208441078664,1.3536462207667823,2.997461845011923
gene_1985,1.2325231211797754,1.5956829164444786,1.6788713948025715,1.8107191815717811,1.3851152456996754,1.705917539581297,1.4286596960581994,1.4721956470923045
gene_1986,1.5989199324250747,1.4701451339568512,1.3425805071846897,1.8460560396617394,1.855923520485911,1.526409692346296,2.177973870088347,2.0090133537488586
gene_1987,1.7071467729638465,1.8035794726111656,1.6125635101964488,1.3956336817202963,1.8675584788738286,1.2441324316324673,1.8067677521789942,1.4967387766077498
gene_1988,11144.520688853045,1.7380693875528916,2.4877187058949812,1.461076102095638,1.5802052294081945,2.6297090164636634,1.9913106349125538,1.8475058498809096
gene_1989,2.151364496825056,1.4907135314780788,1.8199008757979143,2.663402716219997,2.485930934070524,1.8713495288800914,1.340164729524431,1.6862961572541977
gene_1990,2.1504210022381645,2.176313291437939,1.7669195042637829,1.6492742778978973,2.838356502093688,1.6183331318085723,1.5554223821915085,1.7678113853192472
gene_1991,2.0655653548793533,1.608306066179907,3.0909777323544105,2.444954751176476,2.2150047953945253,1.8819214089343939,2.100661687251425,1.7292447700658946
gene_1992,2.544880916159217,2.27999557812252,1.4671162743622235,1.273946715013918,2.8426639032989547,2.325424558147648,2.383887148053919,1.8682914351245823
gene_1993,1.9885689283700183,2.1375909192535496,8960.32719701689,2.1511944220374795,11897.45445025464,2.1263549432107687,1.7676786318245428,1.703172514056434
gene_1994,2.1559428622027483,2.162129384019486,2.3953739299743635,2.3989708796846436,2.3790934690678003,11276.64440313166,9582.257481633947,9547.245191057513
gene_1995,1.7586423468810304,3.3116198759325184,1.976279934653625,1.8427840196444116,1.2574568043339431,1.5908356808976212,1.8175315675140928,1.7209761446599499
gene_1996,1.9659730006298315,1.464638614402582,1.7968190668117061,1.9931461812639977,1.5550908633082818,1.5921031945494335,2.5637205853243206,1.1781849270277682
gene_1997,1.2639313249015067,1.5783949735527978,1.7630367540122924,2.0581829646252423,1.962290286946598,1.7418836023386608,2.5436801447722006,1.8914363353160737
gene_1998,1.4488718778284324,2.7736008201667883,2.6110784614292593,2.921302179250225,1.6790673736736135,2.086757980536996,1.3753754125887367,2.431437505208427
gene_1999,1.986452920433536,1.1465831230447956,2.4686033544909285,2.0635386988516533,1.7855717131165427,1.6105618298631024,1.809380251753296,1.2565099277819576
gene_2000,1.2251280048119872,1.2751467701391492,2.274428855595233,1.295662860194304,1.4256081098273108,1.2894103360478517,1.2717259512136943,2.6542752712678035
gene_2001,1.4486840303607993,1.6028821773885407,1.7773982076728212,1.451064267406276,1.6647563890874477,3.3287621166268426,1.592705612953276,1.761919201747426
gene_2002,1.2554433014625705,1.5489629265087186,3.013800903099588,3.428156916399158,1.4393209288220314,1.407243873611949,1.763566145299371,1.7929729876598355
gene_2003,1.885161830113229,1.4121812001932266,1.8800958383650805,1.290895833176832,9041.169938664494,1.4377399536233901,1.6617683686846831,2.2461397706163875
gene_2004,2.30279005111697,1.8216111176661305,1.328048363251076,2.462345691665923,1.9830441560160064,9744.642326801757,1.9837406312812829,1.2873247520127162
gene_2005,1.3006682503976947,2.5396951667658607,1.2521879734501489,1.753084921166501,1.5289626165938761,1.2411002308618495,1.3465889122781467,1.6531840752141835
gene_2006,1.5212860176814362,1.99117450267103,1.7796518244269934,1.770895775700372,1.2629410730395083,1.4800804912105952,1.7601986214532879,1.7105295619262222
gene_2007,2.4383289989535326,1.9805448771952479,1.3426767358703968,2.3586964378347597,2.189861573237183,1.326059854963448,1.3191050957478927,2.091759191382885
gene_2008,1.6711098945305027,2.2253768273913734,1.8632838023944172,1.3014449627929763,1.4719746844658173,2.3001572298728776,1.8565301726762486,1.4967030871233604
gene_2009,1.4429615699428573,1.4313604734077534,2.740315834417094,1.372107001147042,1.3443074633857452,1.7513170800059759,1.6582011821999485,2.946920913095323
gene_2010,2.8042692889462026,1.9544520969719603,1.741646491230062,1.499312802899928,1.679397137759122,1.3389752716910135,1.8292871863488906,2.444475073290651
gene_2011,3.044197952579078,1.861403073577773,1.5505834490781416,2.0528353596946287,1.2929155855686878,2.6675160442045627,1.6309124062397045,1.213791982647231
gene_2012,1.2523230494208624,1.366865880732804,1.4270312420920896,1.3792654261989463,1.3460011718378475,1.222239962479332,1.2635280143471306,1.2194344057700492
gene_2013,1.2304916740187581,1.5551377843203655,1.6334067617137196,2.8889293669298026,1.49420028065884,2.3797693902381374,1.5236816648667955,2.2675590171880073
gene_2014,1.2294364233740391,1.4502031825096187,1.936389689831548,1.87015009415799,1.834294815532866,2.749522344677779,2.96691871196379,2.426491519365614
gene_2015,1.4431425108874916,1.262024442029315,1.1843146700500489,1.991813512361177,1.7986692869492806,1.4468079025540694,1.2931664845648034,2.2022118297471462
gene_2016,1.4998817354612304,3.0846847971898113,1.7412644478800252,1.2903025833505586,1.3610959434369223,1.4232554382768812,2.022514575247184,1.3945260515034483
gene_2017,2.06352424969107,1.3600976765573403,1.2593676188496912,1.2999017719727373,1.7814448186408118,1.1878871994355664,2.1525822848434464,1.592631171610517
gene_2018,1.534647156174846,1.5561796992489407,1.342280785918042,11113.389694870797,1.5672619491539044,1.6303359365938737,2.1542391263674423,10239.43700489433
gene_2019,1.3688164566599685,2.160520656467799,1.6621662836625326,1.500454262998725,1.9041407698943733,2.2549342619256203,1.4859888728228785,1.3979473476311521
gene_2020,1.8325782917471745,1.2783331794377097,1.2272745628484318,2.08373431443646,1.399598922482811,1.621369999501789,2.387809958284715,1.5595976096664361
gene_2021,1.6606869908244255,1.207545939613127,1.5635208219116963,1.1213139127256078,1.9621653482102184,3.1933908426174518,1.2316827182584658,2.592294789298286
gene_2022,1.8570285266942022,1.4409159439244614,1.2425421458192931,1.299562280394076,1.3199739592704691,1.518727447220962,1.3747191427736725,3.3282914408288167
gene_2023,2.0560372729244807,1.7488416813185779,1.2665985587974604,1.2178277276160578,1.7359935709770105,1.3104222937713508,1.3684600603568091,1.4263545866310923
gene_2024,1.35661053023595,1.5267115364553503,1.4205115130654422,2.5751068466709217,1.6154113899508136,1.588518264518896,1.53436939460949,1.420777274811066
gene_2025,2.324935250223498,2.2192702742229415,6356.433212279094,2.674113641445584,2.7812386916933947,1.6168477622208504,11996.75583545876,1.718430012627147
gene_2026,1.2199846125328733,1.44072761039088,1.4383806053429218,1.2273429019282187,1.5921638509969571,1.3121354153767726,1.241083317220293,1.2787257865294874
gene_2027,1.893142868619119,1.6876371454456318,9664.707763786484,1.1879369090484106,1.4074698930758704,2.630469165272635,2.7015546144466778,1.7394780276069424
gene_2028,1.6115681413275504,1.2343515402779028,1.3641335192253328,1.3456744566490744,1.3482351567994433,2.6013073894193375,1.3240627566371614,2.2011475025243583
gene_2029,1.9162430720830228,2.627722002101198,2.4883745608752195,1.339070343150583,1.8699058232319057,1.5051276398340678,1.38726524007839,1.6854397173005027
gene_2030,1.3517615353154016,1.2293080503663214,1.8289761065420183,1.7109346283594753,1.7350217123711529,1.255800218032006,1.949023064086576,1.6098338650887913
gene_2031,1.5929578141320504,2.439338980284383,1.150491675788896,1.9397707089433425,1.6750840139633159,1.2860043318447938,1.4427203882031554,1.3215427356171565
gene_2032,1.622919356857511,1.5473412902771082,2.9640144491522435,2.7063058731568854,2.1051667871720112,1.2692112756532765,1.2881590134974013,2.2164887772573842
gene_2033,1.3517076224359235,1.2731114375937176,1.4818640614621559,1.307800250001512,1.4356514118003145,1.3288265768839485,1.3389136584420183,1.2269209487901092
gene_2034,1.4206439113861926,1.2408433996523982,1.5137059845808412,2.803118265125411,1.8650804942706922,1.3257057585545486,2.434806041006554,1.879760613442857
gene_2035,2.989908311931016,1.3534750422817003,1.229206719770363,1.5001626369802685,1.4299186146716167,1.492454133740234,2.964246634771482,2.048241768429251
gene_2036,1.9161425993846977,1.4336845069395678,2.4876016537432863,1.6211028992762577,10734.040708311955,2.1177168826441926,3.184456135737159,1.6545308780364671
gene_2037,1.4711311400226197,1.2043770626659909,1.2401453496174009,1.1681566426026653,1.3631511411645412,1.616844507935571,1.4188944468139086,1.6594265713833916
gene_2038,1.5351356822068032,1.7407090832825998,1.9939793718338232,1.2674858114399556,2.062546821986482,2.041096255380163,1.3292341594338868,1.579944262423121
gene_2039,2.147459791818167,1.5000703450199016,1.5444987227151064,2.5028005900136763,1.3227312697983538,1.3859050636341084,2.5951682652090247,1.3312795146352976
gene_2040,12833.089498964873,12091.987708854522,12124.590414586746,1.9539042812215996,2.305723186477098,1.8014857090332084,2.2571479447268588,2.140673058752421
gene_2041,14383.954589539513,1.8943843947653807,1.7530617540378124,1.4442991715869573,1.4799189804130788,1.9480872197935213,1.335794572410454,2.138705235249633
gene_2042,2.7316007711434547,1.8041216335992594,13277.996013600856,2.0035788012251716,2.4292119522172464,2.175302500197505,1.824656815039904,2.3833031427280855
gene_2043,2.6470556116080477,1.4999798856211182,2.4782674186206965,14591.953164424693,1.7484202564048719,2.1324200022384767,2.4078886504527404,2.2796707225449393
gene_2044,2.830737457588724,1.8566576448161904,2.520442828051369,1.4825107163065268,1.3250157548450268,1.3018384026916743,2.422546429215503,2.3390553501737106
gene_2045,1.4675643036911736,1.6849397529399888,1.6919274455896447,1.2561159292926787,1.4729594439321954,1.3709920644030347,1.091146875244483,1.397120678488127
gene_2046,1.280576576044981,1.295890194557683,1.3887693438021083,12272.06318726637,1.7832944664777013,1.6249462231445708,1.5049281638742913,1.562466270651069
gene_2047,1.9846928381398008,1.2904476026725118,1.2382817484080693,1.3671683564449397,1.809646304628266,1.454494590123721,1.2871583222167358,1.399965875219572
gene_2048,2.9238869690093137,2.5094996313003506,1.7002455575888906,1.873940078028741,1.6385489884808215,1.4473447454483164,1.6620849298679035,3.131889534714729
gene_2049,1.6175897455271089,10728.740884846475,1.4116030122947882,1.6695499433540448,1.6607233264877965,1.5694148936927619,2.110264937518971,14199.657912544084
gene_2050,1.4369042926774829,1.4693961923467316,2.152653639148294,11047.667045043336,49863.204222294116,1.5052353815534976,1.8763858395985822,1.3901735732441225
gene_2051,1.3654512205766158,1.6205977439902262,1.342606983994057,1.5011335424774184,1.788616012139878,1.3856181971147847,3.244595865280484,1.3777079404012804
gene_2052,1.3318654917823674,1.7180684669748296,1.4859503653725483,9314.543100495763,3.181207775334038,1.7371104376356667,10005.027343731012,1.536132281752945
gene_2053,2.7247647611584513,2.6772447280896694,1.5164868634350654,1.5135957771292903,1.3897105144644768,1.858657584075063,1.4636614544557744,1.791935480495932
gene_2054,2.1389895765619085,1.1402462922626053,1.7677003213559728,1.5128551643892993,1.458581870733781,1.3312308132168216,1.328872275745619,2.063412084006783
gene_2055,2.231746499310831,1.8087552010386483,2.0203374359018995,1.6940073657310744,2.641998161509465,2.2378422698875404,1.3592442045326556,1.839326504616388
gene_2056,1.338004957248445,1.34525489256453,1.450293554894566,1.2229049962148193,1.648571587693933,1.6680352052607146,1.3896241746314086,2.1187892955314847
gene_2057,1.338028925896644,2.458896995142065,12485.649561262033,2.3715298257625324,1.8633554133171286,2.1478887062730343,3.0718004596401722,1.7734267703573063
gene_2058,2.02178282492351,13242.525135062973,2.263736449763082,8790.312679443436,2.2974066254499084,1.5135783557321076,12248.744849292845,2.464332887684007
gene_2059,1.56865497833611,1.229143298937408,1.6610139457476931,2.121986931485135,1.4318939157211599,1.4583598572776162,1.5860099096321267,2.4499309221944663
gene_2060,1.7925273651351668,1.9556727478552554,1.7188931737608957,1.417640455230426,1.4411294867036404,1.3825763301930507,1.2846264593920775,1.4254500894703566
gene_2061,1.3843498207199936,1.9216188130971923,1.744346659027154,1.278712631096498,1.528655456909732,9051.700093683581,1.6034443672130752,1.247978573583084
gene_2062,9238.754264246083,1.6889539263838702,2.2192476248260746,2.881286967414589,1.3999137814191258,10961.844089617594,2.3901945644260154,10546.772746383298
gene_2063,2.3991761939324534,1.2284425345755026,1.2198304179534116,1.408050206487048,1.4581586386348682,1.4375946452400243,1.2933262152093936,1.8751552927941635
gene_2064,1.1506491256063425,1.4520447428678844,1.3951492889536095,1.3984615662388127,1.5975775269904287,1.4688843722552898,1.3821201100209057,1.4163055490068026
gene_2065,1.6202097209830901,1.4019293169775706,1.4964188060167471,1.6563881159981126,2.0868747507396925,1.7476454056593917,1.2629418578928204,2.2758482804971063
gene_2066,1.7143775802422225,11280.745526384602,1.4650190485739658,1.5554827372735156,1.5561576314804904,1.2148938252098944,2.316903016822387,1.6806459037039914
gene_2067,1.167392421194735,1.2569515507938347,1.2763884601532995,1.3587937791286362,1.3045675269818642,1.2758566893462489,1.1342960588684214,1.1065648705961089
gene_2068,1.7406423808412206,1.6389526142163113,15979.723719041544,2.4271643728870442,1.397639850308976,1.6951589805073872,1.7723935543752907,1.9056294926218311
gene_2069,2.873965553959273,1.924758007600074,2.1066961516411724,2.012357176837407,7829.178206447256,2.029628692068629,1.6241362127618248,1.532935847645932
gene_2070,1.344496694151125,1.449173349747145,1.6410301025498992,1.8810189869181964,1.3074988032640307,1.3522202116338093,1.5853024634094504,1.2718655629296531
gene_2071,1.260972050457027,1.4734997430806094,2.154642741647089,9595.523002976337,2.7206277380651303,1.5795570212223153,1.8860980037429798,1.5142242245459325
gene_2072,1.3519703314513263,2.0218678079430066,3.1518647784941303,1.5000496706650182,3.337292651224837,1.6991280741840076,1.5096314952030585,1.417355827853702
gene_2073,1.6674700963130689,1.5018911987604926,3.37096758675487,10763.812926188435,2.008802187467986,1.3168128287840024,2.678446778411485,2.133058511472214
gene_2074,1.4911766623050098,1.7996982631360394,1.7483073637905209,9921.4020153769,1.2825216927392875,1.3534813739645557,1.740431265797213,1.4347061281837712
gene_2075,3.124174590450501,1.9106693092946765,2.0849346811681686,1.9698094488916884,1.410965452755204,3.200845020624979,2.5452337056796117,1.4406705830618105
gene_2076,2.7902802466881313,1.5243764520332632,1.425534393477611,1.5118156342301647,2.54664159011999,1.7012048127395285,3.0975073071340096,2.1693652030382378
gene_2077,1.658430354938259,1.3531162051231858,2.777014385624874,1.358876616736254,1.1550227823141657,3.2646694178255014,1.3786650476522002,1.9113317180075096
gene_2078,1.2652661777251144,1.1105788137663222,2.0519206939541235,1.2842651198196424,1.324407882731005,1.350586241317022,1.2730013494170467,1.1357445770937673
gene_2079,1.930850356883745,1.8266393208509195,1.3324277159458415,1.8036134471310856,1.3844885488616079,2.354481979374941,1.5927242078544548,16168.216514173919
gene_2080,1.4253597551082642,1.6912601538003589,1.7871485666398144,3.327402761127778,1.7772849535559077,1.4093068356233445,1.6466325323651052,1.4880618763078983
gene_2081,1.6478943845696017,1.291531006632963,1.3763930263261608,1.520781703474861,1.6690550283338148,1.2006904265385998,14032.046018765976,12902.539895549335
gene_2082,1.4484712011438838,1.72692381012779,1.2204937614306268,2.689063751898042,2.1511774122957816,1.1910533838712571,2.2627434479439286,2.6656506308646746
gene_2083,1.4371170701906026,1.526436887910978,1.8375032113618046,1.394174439616353,1.3858997006379459,1.7501442621968952,1.4489264397729416,1.3870857980272642
gene_2084,1.5879912085408816,1.1479621616274074,1.7346289519842784,2.488306244956962,2.0216708454612813,2.9518570416425813,1.9932711809835648,1.4537342624001064
gene_2085,1.2925050115804815,1.2610082798172884,1.2264505291775818,1.3256418213589678,1.3062624954947628,1.247498661972787,1.2720287687408691,1.3500075198796428
gene_2086,12658.052287646391,1.7328745267443737,11804.894690006113,2.0734515524005728,9548.975871157663,64041.42669123423,1.6850568819742007,1.4559235237867416
gene_2087,2.2381161310192077,1.3846902002480352,13243.364697512701,2.2908639783881957,8444.731459205846,11170.1509071007,2.119088585514098,2.1812359645969686
gene_2088,1.573828191835927,2.2778061442368815,2.1219395965869077,1.8913499569542296,1.9171128433247664,1.8703964818020633,2.9297151562344173,2.993334567393303
gene_2089,1.2810413106507808,1.454776438566377,1.4124819606624945,1.6785263094104736,1.4388690892931433,1.3671242326966873,1.5249889742098124,1.6318990132818874
gene_2090,1.8562286370329562,1.5104334638565595,1.3554036523935449,1.3604338673871816,1.1305820514975533,1.537397153484695,1.581939765248442,1.166651538251693
gene_2091,12825.076457426356,3.1581992160917944,2.1474303722567103,3.118249819499157,1.3529799850473387,2.1236338594108233,1.9580976612109249,2.1656492208454003
gene_2092,1.5246097048341802,1.8429831489879536,1.6941670989135589,1.863550463273871,1.392116291621511,1.2323838860918013,1.5784804115616926,2.170386427565009
gene_2093,2.0124422910891044,2.3915145868761827,2.829688903726288,1.8344486329934213,2.0839289561622607,1.9705923594682455,2.022645604139016,1.2729449907239476
gene_2094,1.5936825893201325,1.4898386063692635,1.455831755883893,1.4287614800373252,1.2751121775316483,1.3051144459616957,1.3473960509665348,1.7765037818402487
gene_2095,1.6265196943892954,1.7447740294193668,1.7979786979821335,1.369664609297192,1.7291808109717435,1.5516442033912188,1.4541952528542388,1.2954226580205337
gene_2096,1.3780952249356013,1.460444068069077,11418.219701591512,1.2278727117970236,1.3658699852988863,1.528379531133986,1.4581987800194633,1.428789282563366
gene_2097,1.3350871372167332,2.158221751352772,11555.191287585145,1.3847198746589962,1.9081080873931866,1.418583275413928,1.5073836095690263,1.6061298040775016
gene_2098,1.5911716218666525,1.397325304041027,1.3206439480138474,1.8073362487485718,1.5299890120179,1.3491364312757175,1.5664129345826485,1.2882728619581743
gene_2099,2.4194275361378352,2.0316706838980036,1.6206359683682832,1.5816569633783795,2.583652426316663,1.1633919664701655,1.194257404040892,1.3733004305237366
gene_2100,1.5824339988167664,1.4238459930100822,1.3451065489805858,9467.541805681187,2.577016502522766,1.491989366724152,1.520924305793756,53697.199295083425
gene_2101,1.141422080424382,1.165297729473482,1.4122119657363836,1.219939295092931,1.2553947133115002,1.3884375370806963,1.7364707368728844,1.286873201443625
gene_2102,1.3613561843391777,3.4573468461610357,1.5148471215597878,1.2465580365075704,2.0051208770563016,1.4900392546784915,1.8304067100823358,1.2140228581617742
gene_2103,1.4984775941793445,1.4380988236166645,1.7837098636196982,1.38397565380055,1.774416551077877,1.4818553244213142,2.067848546226294,1.3914205907689245
gene_2104,2.90891606731867,1.469593642346143,1.9940253394326568,3.0588817199523657,2.3092583332708596,1.7452673729265438,1.3982002592142628,1.482172665965396
gene_2105,9859.999516359861,1.7936342082237646,2.099517202655831,3.53720254781319,10432.784065239055,1.7853087795875007,1.9389365546161497,30716.02311316594
gene_2106,1.3444807454340828,1.6010922844727642,1.238171599517987,1.941946608657266,1.1602744576312043,1.3168408098269422,2.0448469633147504,1.3009694017278208
gene_2107,1.5884667875543197,1.19357486893395,1.999805997265948,1.3486643405181633,1.5931994838842856,8332.966995455063,1.4717806164466185,1.7892242239640377
gene_2108,13580.47466306346,2.036695209482268,1.901438826896826,9449.643201027502,1.52749183781425,1.652546235196499,2.0211806166747333,1.2834946045653899
gene_2109,1.352389152173306,1.4620182702976012,1.6921702438028665,1.3149217071471764,2.571525026626777,1.2820521196220573,1.6210510597376717,1.3229932306866417
gene_2110,1.5092981528016007,1.672257036855671,1.6419001193708298,1.164768203152725,1.2878242461220109,1.2598158402056492,1.6123021532608146,1.8521386813116718
gene_2111,1.5680369232510811,1.3773612714717092,1.1820819963962919,1.2230136511531269,1.2725119415790713,1.5464192361264912,1.5184601708796606,1.4076691937049872
gene_2112,1.4332339481398455,1.8671285228579904,1.277907630186635,2.56453124420573,1.7393319792620585,2.0060165256905576,1.7056979907257475,1.5345654592698987
gene_2113,1.3150301962125839,1.2237693756167751,1.5095327517820503,2.0245973461494975,1.5535231047223483,2.640561206891796,1.6550673600194983,1.509611409695156
gene_2114,1.3886389789103855,1.3200472193077863,1.6642658544473834,1.632329978148496,1.2671644550369336,1.4238014015348233,1.3346365680933236,1.146001962244384
gene_2115,1.3050544896293157,2.6280017216947384,2.1660672228653977,1.501573865472243,2.6493520234392207,1.6500502554623466,12315.633448911893,1.859742727543019
gene_2116,1.2692902513845885,1.3106395346550854,1.4168843910834963,1.20899908301913,1.1203038057367163,1.3707173755408582,1.3643291249319303,1.066603657403419
gene_2117,1.27570897970712,1.5403732357083115,1.2034650804267308,2.028321209129467,1.59493041980292,1.2752850126740252,1.2373870667985207,2.378095005239085
gene_2118,1.6440574545931386,1.1595378592796746,1.2870726969712354,1.2592798273281853,1.315819584868306,1.3347587528465912,1.636893808611681,1.7759026481212734
gene_2119,1.2816463961264464,1.5694980873926074,1.6501219857460216,1.2120027247088216,1.2480034399932973,1.536384782418587,1.7395308274571888,1.290994570909491
gene_2120,1.1819188904550788,1.6602442834708138,1.5511358514175606,1.3597182716847682,2.852774115045574,1.6534544006131466,1.9953555548539168,1.386835598582836
gene_2121,1.8611939842123708,1.5140606810362747,1.2803177546705191,1.3439784482563855,12171.92714858625,1.598186080259129,2.3633626444676543,2.271819337825415
gene_2122,2.5031050705780356,2.1827664824670467,1.6536502029953013,2.200706937002362,1.490146161337092,10410.10106116935,2.235189176605925,1.7025988386322157
gene_2123,1.116512154235652,1.4736845048801668,2.688412107419484,1.8806089660924459,1.165961646690357,1.7375948744029273,1.3425458311561218,1.8001176275684392
gene_2124,1.2008848322774184,1.4269840981358697,2.4870646679542148,1.1646536738520397,2.1042241841180687,1.4713568511322765,1.2554213687004254,1.50498031654449
gene_2125,1.438606676087448,1.4342321029236968,2.219041286453287,1.5196602379960147,1.3911358424173523,1.5502215454282444,1.634066483092972,1.831557770462752
gene_2126,1.5186685941691913,1.4384412077370445,1.2925617369431581,1.1205788940547297,1.4650438097562668,1.3192031429735767,1.517385443891386,1.3522037192969028
gene_2127,1.836542995863067,13739.658010278928,1.6359166164927201,1.8617983682471277,2.156440908008481,15229.632667153399,8562.718480160283,7182.472886865298
gene_2128,1.6742303435713632,1.2864587770790221,1.4966297995480247,1.7017055375552093,2.1794230787494002,1.5698613473137193,1.5509708966910565,1.3226376755432823
gene_2129,1.5868419797339368,1.2759450291737453,1.2348047363432364,1.337993329626247,1.478168901613606,1.289015020865495,1.2740365802215208,1.386025283751311
gene_2130,1.4862504181915708,1.9708264254029038,1.2556491258037135,1.6901393542266578,3.4432122649130825,1.8619106191940664,1.398537983459267,2.329726542992514
gene_2131,8947.908685222095,1.4395570657763284,2.0941614768410814,10662.114721417518,2.4013404336898776,12737.025592807227,1.9393204291485744,2.2882918294635104
gene_2132,2.4742563142607312,2.1604513623914845,1.3829211916715767,2.54059838743445,1.8387611450446855,1.954349252089259,1.7312859359402204,1.4361372288522338
gene_2133,1.4431650622256944,1.5446420004163268,1.404620295389895,1.7646865025228085,2.7888709856089626,1.2724462070650004,2.0902981790235025,1.4149874284913946
gene_2134,8186.9450072829095,2.184615018086052,1.3349530887295675,8729.731675674195,1.8537207368360065,2.0543291256731595,2.0368608460092235,1.7948985273905356
gene_2135,9098.125310263185,1.6143794360542703,1.5697122252808804,15985.063226644219,9980.445915038548,2.3675634756706727,1.4033700625730474,1.9542441423566461
gene_2136,1.339328180982409,1.258564263959686,1.8206705607173796,1.2331353261162172,1.3774786375918466,1.5865910147042637,1.0856650945541635,1.2420847608785919
gene_2137,1.252471821709783,1.2469918300798586,2.500958871641889,1.5714573484383045,13239.851183006484,2.2710662256323166,1.833652264727892,1.6638571882856124
gene_2138,2.3068555936089385,1.4596665312485422,1.9212992933682616,1.6361560228633765,2.2903513494511203,1.6678574199357474,2.6609969839197283,1.8701183097998297
gene_2139,1.153433698365088,1.5335690190208184,1.4553848472887878,2.1255205263602677,2.5019744528743777,1.7004926819434376,1.5774396215080901,1.8013982832575302
gene_2140,1.5170433024253662,1.2346004691525594,1.1944215205767996,1.30231620633618,1.454131851117783,1.5795628456581228,1.4711289749168526,1.8354231708724928
gene_2141,1.2160197709873763,3.2632474771659963,1.67963815305748,1.388452326863708,1.2767137639608417,1.3951940852914997,2.5999244279250804,1.298276240740598
gene_2142,1.8401129978011754,2.5558455486356744,7516.159588582549,1.730253280059501,14381.845036011797,2.2679039377066155,1.2670069043001355,2.5334687986474167
gene_2143,2.3903091402969365,1.820782847981027,1.309479521031764,1.150534009767853,1.3965827421666308,2.5662898866485366,2.537255368604994,1.2322625233569646
gene_2144,1.404631778112982,1.3174154844183583,1.398912848130346,2.0535514182026464,1.2051267777608898,1.5420462648383615,1.6361766191536984,1.2019847971649924
gene_2145,2.896473067709585,1.3527811472166478,1.4484301996989888,1.8344419499357782,1.3378812353678324,1.64012505211996,2.5730635990387016,2.062060353699298
gene_2146,1.2578740563244346,1.8418318618252758,1.6151379789037967,1.2815614981505818,1.3763467965689915,1.2221785316171636,1.5124787234553085,2.1294096477425457
gene_2147,1.2730482475646168,1.1877482596500468,2.1201592211750304,1.637719152165395,1.2461981950383862,1.6789578328048191,1.6826191189193203,1.14891563511223
gene_2148,1.5723163535503006,1.8776894435466343,1.299060689265599,1.8008488425941858,1.1857590981631103,1.177976055175833,1.1896291173488671,1.273876805951625
gene_2149,1.406743715636173,1.665558707531456,1.9937914881562695,1.590005662298619,1.6500065416578882,1.6255456183949595,1.5329386856365335,1.191372678036203
gene_2150,2.1062348282162953,1.3500785739286916,1.2094685379540033,2.2029758341712027,1.5561171730993169,2.2208285573076356,2.142392307303213,1.4428186222900925
gene_2151,1.2531623709046789,1.2442588687697562,1.5290148926176124,1.369016866798627,1.7350550294593787,1.3329442427433715,1.5820611696291678,1.9036147888251964
gene_2152,1.4478452493135228,1.41459477416809,9829.49735713132,8887.001614516364,1.4274798267175575,1.8780711232782177,2.1741366174590637,2.439245404668422
gene_2153,1.303594078054945,10975.391950167035,2.4828019750271078,1.7893303326799295,12860.984102619846,6634.357381529404,69007.0276629224,2.092629453978438
gene_2154,2.514515365619524,1.6296256473647406,2.2833599402285074,1.4071558603400838,10484.4708386782,2.192779479021922,1.166707043575832,1.820761727440509
gene_2155,1.5053669143336141,1.8999354206547892,1.146145837347403,1.9325814663138297,1.6272239419645003,2.3255042152366143,1.721355882168076,1.4871231883916136
gene_2156,1.5538082391312558,1.7170641750405082,2.167441806340535,1.527806083298926,2.4971967169429385,2.5811362503899447,2.091500244487619,1.7653730277452395
gene_2157,1.7684759470098192,1.7442678930216025,2.4240816462526347,11714.749553627278,1.6329632838037338,2.5755254984586933,11651.026563460113,2.151589896746982
gene_2158,1.4611271736702902,1.6876224737512047,1.653762064770752,1.4099202015835381,1.657311281888512,1.6033846880795843,1.2338542564843378,1.3560350119664497
gene_2159,1.7308090682440083,1.378086551395655,1.3713486849989507,11990.23957468781,2.5458885349980527,1.3336107128972405,1.1666773331727602,1.4584923724337164
gene_2160,1.9590606973963853,1.3842717279360162,1.7369496229890093,1.2302766857746004,1.9054232313808364,2.676830527051911,1.64138334025107,1.9360434752203335
gene_2161,1.7413602308705356,2.6898039023553393,11738.97414336054,1.5956657798437281,6484.202158593828,1.6563934359579162,1.8427114054887015,11693.184208184117
gene_2162,1.4375643838153822,2.3902861984049553,2.296541117910116,1.4624366824350814,2.6654306342902854,2.099279058805586,2.159354378636829,1.3299073834956214
gene_2163,2.753243733887704,1.8460778309308379,1.5462389739254736,2.4772863571070696,1.6140426855799697,2.194660288759466,2.052565646539658,61380.81555139234
gene_2164,1.9558354918384069,1.188446443897011,2.2688058054324682,1.572054423396473,2.5310105972588866,1.7666215472306463,1.2491578935865417,3.2239141523012846
gene_2165,1.4453016193960315,1.3590574953503547,1.3304666027945364,1.5521419074688927,1.606460427967624,1.3444672421769357,1.2815437598012593,1.5827734893576622
gene_2166,1.9490858095993264,1.4924479032603866,1.530355834669265,1.2481721654245233,1.599533458443568,1.353659807087182,1.3881830101830215,1.583068787699809
gene_2167,1.4077759831544554,1.3860270634751815,1.763012956995126,1.5808896628787488,2.0832552248515674,2.8214108610468984,9280.582989184515,1.4151248424926697
gene_2168,1.5965893061699867,1.2166764250471742,1.2392357372625422,2.1262045064817485,1.7020838558231288,1.1685122850713872,1.4081632570208815,1.2218615741091774
gene_2169,1.3386663296341885,2.8647862818167766,1.98663427440007,1.3073469321381281,3.465925009299162,1.2318292303630152,3.4305842727136873,2.000357697987785
gene_2170,9449.890201849059,1.168026367001577,1.372100417000652,2.3967640533591292,1.7033091256328656,1.6999103712048476,2.2245264095718547,1.916315778244756
gene_2171,1.5918967867913925,3.01113797827833,2.0216253797365904,1.9096646516876965,1.203090062476961,1.7943401606060807,1.5411019450898031,1.5076907617935367
gene_2172,1.801311919722747,2.234478635597451,2.4492602730631283,1.6354914479149647,1.9037706733216002,2.323862887994753,13434.469548899688,2.9305313768015715
gene_2173,1.4582470921325068,1.6795045292708881,1.5550668221610153,1.6466869542637008,3.0562202198568444,2.937206648252724,1.7018293695260578,1.7401166125464946
gene_2174,1.8270390125935871,9740.086294935636,2.239782891589562,2.0410810436365163,2.2095339300503825,11424.51221967826,1.7903367512272788,2.054601205346857
gene_2175,1.3364313862520782,1.3528367554754341,1.2639168541501413,1.5884475724757734,1.420527382533124,2.570666521414393,1.419543700374196,1.6307640082904364
gene_2176,1.3293976579409816,1.9840468834791711,1.439717971985284,1.3864786436429688,1.4845086775565506,1.920498151140734,1.4577667918803303,1.9505485209416231
gene_2177,1.7617206599232618,2.5585853726500507,1.7382683894182944,9510.654112740034,1.450825997992697,2.3035019224061126,1.2941707933339777,1.99138517431752
gene_2178,1.7993825694506491,1.69247044341528,2.6964430153497876,11631.066491529393,1.7395605339876716,2.24308258016257,1.3819989973257019,1.3678537403498374
gene_2179,1.8431190425968595,1.8181057747158187,1.5387171852921269,1.4152046162648533,1.5156428691186932,13605.586864333234,2.0798789037838397,2.0372217204064222
gene_2180,1.4938138984003737,1.3205704579638737,1.3155328461532314,1.3591389228504398,1.2139300419483945,1.7154757746901805,1.7742669040268526,1.559460064281891
gene_2181,1.81751925993433,2.437670285772106,1.9566635019147074,1.854277907089111,10880.640367556129,13276.50082056705,1.9282804814660803,2.176561620122042
gene_2182,1.630587187919634,13765.28467448788,2.415913500405372,2.1679535507459304,1.6257528875423668,1.6353734917204885,1.4206876577777081,1.6035850040520039
gene_2183,2.4663417161491745,1.5617578516927477,1.4953950100314615,2.35634305116374,2.3228872475498967,12202.644966139336,12115.378376560082,2.643090202476308
gene_2184,1.4068487782649437,1.2842459102923722,1.557855119114067,1.3178051691827541,1.582612515933447,1.4355131808806578,2.976220227625106,1.6501813593647225
gene_2185,1.3563257107021742,1.2611822257341236,1.2530125131411918,2.27715893093041,3.6344137925755615,1.3419752977862327,1.3972868718120113,1.5336882259668305
gene_2186,2.2770148217699875,3.06105452471896,2.3664009781031092,7377.99404177075,1.790438603964714,1.7104534497616328,2.0407413888862775,10121.137448327603
gene_2187,1.789958046759417,2.3967263746014513,1.3774559350315538,1.6673118723813147,1.8649142621384998,2.568285087664946,1.3836434627629706,10534.235082224548
gene_2188,1.6512677810551213,2.7075644819990368,2.235748000870422,1.202919132806908,2.565930106222073,2.2238075808250994,1.3231618968845096,13523.460923134446
gene_2189,1.3508061300827865,1.3187204769231238,1.5214262806375762,1.3794220766905787,1.4152020505284024,1.3726756578474462,1.7411278587760688,1.3083901775036668
gene_2190,1.424730344962912,1.6537858510139576,1.7160409312629712,1.3904104045478636,1.6714262740358845,2.8487368341809227,1.4323621717781254,1.567604010607566
gene_2191,1.204165625014294,1.851484302584085,1.5154260461452627,1.6688917089806776,1.263599772577615,2.404085210272902,1.2303951318605981,1.4306265720972529
gene_2192,1.2928441563263482,1.5367257794834543,11704.997121775907,2.4748695545082655,1.440227315629621,1.8781756614695744,1.50797206432223,2.624681488935626
gene_2193,1.6606459955761745,1.4645023470714569,1.6238584754467444,1.6739587219891228,1.5982835212352517,12223.179688182203,1.3804793163853808,2.0179866330538925
gene_2194,8238.05029375513,13748.107910372288,3.5685139931576333,2.211273820224093,2.5412004605342973,1.5613633351993053,1.1912255745318578,1.5220415407922345
gene_2195,11428.88043777974,2.236175944789119,3.223570339690782,1.8781859926931612,1.4194705814826256,1.4166885957386925,1.4071609260585958,1.552678793194413
gene_2196,1.7764764400327961,1.5497108482958504,2.072808622376027,2.8265812706280102,2.767916207001516,2.2621058433196564,2.0231864271178304,2.1877201074118955
gene_2197,1.4695061516675922,1.2432676307227923,2.5626496936241727,1.5885044273883613,1.4228720111912432,2.532551261117489,1.9916086330072393,2.5190816854637523
gene_2198,1.5160819769171425,1.281053398827154,1.6067863436325343,1.5433277734204023,2.0618864955126455,9073.716394290663,2.384827629764321,1.5418333815321004
gene_2199,1.696205370180565,1.4047581500731279,1.1450667497563192,1.1819108609307623,2.0045039683940167,2.9175455632938943,1.4233517672343992,1.3753372571745828
gene_2200,2.1288839604049588,11251.082974207551,11782.438722177541,11092.648215006844,12535.284824448898,11195.914528661457,1.6929860868821633,1.3502220942286376
gene_2201,3.187898741376604,1.4644283773737548,1.5473160315249186,43557.6263841434,1.6611565846837995,1.936579545056002,1.7773375198459924,2.6180336089011296
gene_2202,1.7401157267046334,1.5469052317856165,3.366386626057244,1.5229235800668093,1.4360639046485577,12596.61312800023,1.6611702380931546,1.3655759648059331
gene_2203,10857.696120133545,1.4812743852317287,1.8705044184199844,2.7086756220943373,1.458991946948863,1.8037890338203897,1.5220106074131146,2.8296050255210146
gene_2204,2.680836762372685,2.3650242812567415,3.1193489796086404,12153.477328480281,1.7171521219477361,9248.357515904094,2.1545197222007095,10605.321173875609
gene_2205,1.3764732333052574,2.54450751083926,1.4749551120459454,1.378846208909534,1.5178780564341854,1.5387888993737662,1.5148431350813294,1.458092009213645
gene_2206,12741.973406586312,13872.585523706419,2.011575653973616,13817.40015506425,1.8078259252013094,2.483070977848677,2.029248990122451,2.099107871131497
gene_2207,1.1529011852799658,1.6169826922562665,1.9040933471046992,1.2095385882135765,1.7248657085788952,2.860847625524839,1.3424600235538102,1.4819350624781187
gene_2208,1.412855131147679,1.3939470225367936,1.2476188177885608,1.6135690795669702,1.8696080790992793,1.9437904600033546,2.779304195013815,1.2789890810795363
gene_2209,1.5832125607723107,1.4330922017165961,1.233738315803163,1.4591099619636674,1.2981697855268821,1.695485195452947,1.254830248687114,1.4698555306243817
gene_2210,1.524623006859461,1.5531158524870619,1.806350975537134,2.916405733238398,1.6844663733173688,12232.679581730288,1.3253879744733097,1.2091802073681022
gene_2211,2.279617631915526,1.115405320731755,2.035026232354243,12783.215394111669,1.6444729892620396,2.070878165367016,1.4668906386072493,12253.64025134622
gene_2212,1.3715533710160976,1.2820695845162178,1.526735815254422,1.405798250037857,1.6484715795320415,1.4578674155740485,1.2775258898249495,1.8124911217054982
gene_2213,1.3480732426820077,1.518711495148243,1.774696158529228,1.4821154893678004,1.5653930103925355,2.025101590803377,2.012620324780524,1.401660787396635
gene_2214,1.2704802540506939,1.1953063987933037,1.7426551882137624,1.4219505423672947,1.1550053374914961,1.7645620556284087,1.3726587049995274,1.3962303908393887
gene_2215,1.3061426191599146,1.4502490528140082,1.286075371402221,1.8659814168218551,1.246415954190684,1.4111113243723994,1.3184959551140059,1.1606162500699602
gene_2216,2.469995213685923,1.693606873153385,1.9978279559451746,1.368363385751557,1.4730394478932856,1.7605923966317103,1.7469692156490089,1.5147084817937506
gene_2217,1.3124678683072106,2.1864749023217938,1.3421722532815668,1.7712443835357157,2.3932731921961174,12987.467430932236,2.1884165220246126,1.346006188290948
gene_2218,2.7354401914042903,1.6781486410669952,1.5024850883183871,2.042317338634524,1.5225319443139949,2.7893639616758295,1.6537278941279103,2.3103072157901905
gene_2219,1.2577972497259968,1.713576434139458,1.2951940405974554,1.712800016531352,2.2357506157864067,2.021488540454072,1.8265221198079724,1.4232305705015897
gene_2220,1.3357672684589503,1.4156592628717843,2.3040712723515453,2.1121278048222885,1.400303809976867,1.8866014207770538,1.6901605231356192,2.427635151302855
gene_2221,1.444853308282483,2.017411106098462,1.9687190193578543,1.6853213513798186,2.0700633292830277,1.9319373604610237,1.3620204572301213,1.7845874311645697
gene_2222,2.087586806521924,1.2426357165358548,1.3301355732686524,1.8822028337354126,2.056061088776077,1.4009220549751278,1.412817725594119,1.3278578112763155
gene_2223,1.224568209355679,1.33676542643654,1.6284905888488903,1.5035567219027965,1.2172868949049938,1.7745849590712475,1.751733705818945,1.2378382548800662
gene_2224,1.3990766583782266,1.6970670936918528,1.1532189120594891,1.2794483986142122,1.2269251841573465,1.1966485621451421,1.6262679671992657,1.5465685531142996
gene_2225,2.092534426100851,1.34726538058979,2.247093649178598,1.2959483633712874,1.9072829196038823,10267.851639662023,8061.740370519612,1.396373208357029
gene_2226,1.3566639294438068,3.15531207974004,1.2027836209017189,1.518113510843449,2.34854365954608,1.8351600954268315,1.7413780883973107,1.3016190108653516
gene_2227,1.3939233921663747,1.468590986033737,1.8053410876818954,1.4783050201915462,1.3848979232898637,1.303252068204781,1.460555470184826,1.2851344687714708
gene_2228,1.473128359527095,1.5559885644098912,1.3525124515967062,1.4780282113427694,1.4466084016986696,1.4541389020506506,1.1432604795613455,2.0013899041544154
gene_2229,1.4116124286901988,1.3984976487428458,1.382042311245115,1.3023017939727675,1.6712884267185302,3.212820611609308,1.8354915789266983,1.4229493092925687
gene_2230,1.4489600805687102,2.8714458360787094,1.3568559029308158,1.3404029706710976,2.231614628311237,10986.510963982611,1.9309608668017357,2.2980454487387645
gene_2231,1.3145653889117481,1.5811604034128464,1.5694051622153309,1.770040771804454,1.2362659530150082,2.150419360277235,2.236447061670473,1.4918921092981938
gene_2232,2.430173895655526,3.0463477710142355,1.2593943180301646,10931.895154477847,2.0039915588499317,3.308648854825666,1.2963965188316269,1.6701133053784356
gene_2233,2.7151001467332057,1.3489764186420092,1.2361773952833344,2.8480852650556003,2.0485716624564483,2.4085214087921094,2.143433732621519,3.081009914233961
gene_2234,52237.06346239545,1.5840514972585358,1.6007229860629668,1.7263894997119404,9182.145616305259,1.803670803901285,1.71232100831903,1.582379207067476
gene_2235,1.3342994284480396,1.6347513042569977,1.226784741701101,1.8065491814340984,11480.4524824415,1.626700734782719,1.7845993957902055,1.6803198873941159
gene_2236,1.8788540216188547,11098.100592923129,2.3974237986766065,1.2916954352278986,1.5239219620789197,2.230499934682379,1.6101874950897501,1.5802534753358486
gene_2237,2.8255839422877966,1.7320491187357347,11687.46331349283,1.4390013286596648,1.7800891978678386,1.5734408382403708,1.9569598010774203,2.0677432051305358
gene_2238,1.4391277365303148,3.0418857233135235,2.0207508535249814,1.444061476205454,1.5687165554675015,1.8419668465519852,63058.63846974561,12174.370840187303
gene_2239,1.5601611368798933,1.5145671641136713,1.4269835747859159,3.4412647375559304,1.843044578401189,1.3545377285809037,2.609215907336834,2.8423872000922277
gene_2240,10680.930854595857,1.1898685468219625,1.5398891819584983,1.5514070052453992,1.43301042676757,2.0569397010764883,3.3934280852205667,2.790740917595454
gene_2241,1.853921293414575,8929.26473884689,10356.245410256204,2.1613693796655924,1.5054585243198046,10316.226972961158,1.586946740609051,2.361088562779668
gene_2242,1.7844927198967273,1.2499068683825396,1.8434287086830787,1.4634048247045728,1.7648172532812678,2.1765617832849893,1.5300582543302228,1.2721411731287868
gene_2243,2.089024659553054,1.5439845721096173,1.8251285789711875,1.9374331992838993,1.7725518488957905,1.2510811952570302,1.6053119436391023,1.6672569289193702
gene_2244,1.3078225212865764,1.8956199831407925,58000.41607939546,12500.705521380687,1.5067879269965483,2.2940215938735644,1.6924994017117783,1.4870536814001671
gene_2245,1.386143926235326,1.7642899762805149,1.9118831998376795,1.49337656624107,1.7391811249588986,1.6453241908196352,1.5151171662090168,1.5466162199388618
gene_2246,2.1773892887959208,1.7695876643407056,1.4606570819055613,3.5154127869931577,1.5749862006936626,1.4017981230326435,1.809251465922208,1.5706189228933425
gene_2247,1.6681792675767433,2.213066160909316,1.119836214953228,1.466761801833652,1.2378363253654923,1.4947007225354108,1.6469745290395865,1.7734298766413616
gene_2248,1.5493249921588124,1.8242125913222802,1.569397832174508,1.2822600190785027,1.2623969885848856,1.5336942572657013,2.2027338158516234,1.8374523544435661
gene_2249,1.5529041382795186,1.2283264133308267,1.4539174290081098,2.2940223815783174,1.512617304879653,1.3290442647438914,1.2135781521519846,1.4504154851067232
gene_2250,1.5509608860559037,1.6598221430449382,1.3021346189227192,1.5476167942166228,2.834300238072461,1.4896060940709333,2.023849916284438,1.8562727334330134
gene_2251,1.937399363783307,1.6986846458083984,10182.387653326214,1.6544461198099998,1.8527096448096083,1.639067687842746,2.9791145803263617,2.4136202602719585
gene_2252,1.6680607954096889,1.209381274061266,1.395830469045949,1.5473937914975042,1.459086459640187,1.893471950970805,1.9650548361030606,1.3409857985799236
gene_2253,2.179940170798306,2.5471868337179076,2.0876693758554783,1.3993123983828801,2.40143611581776,2.5544978654293575,1.9183079442137199,1.1605410704556485
gene_2254,1.3207452537751543,1.874216266428974,1.2502263767726753,1.3065002446092113,1.3206841449159694,1.8345239871625256,1.413778244635016,1.314752945921589
gene_2255,1.1960372128226868,1.1676898369513404,1.3398252539349638,1.520950174060235,1.6195785704674226,2.8800800853775903,1.8537695501017812,2.9198407881683868
gene_2256,1.2108052632205584,1.2884240455362714,1.3616220564785164,1.2333566364098318,1.640484420389952,1.189542616824522,1.474718701791097,1.620038859562416
gene_2257,1.7098931124952927,1.163648113561385,1.1343200537972231,1.4141447498806943,1.3122537566521197,1.6406924845516502,2.101155036756432,1.1464256204082235
gene_2258,1.3208616025941355,3.520554163023707,1.5638577126607307,1.9417725054385382,2.0725469611756484,1.5308343892372485,1.5919446897957978,1.420514148684258
gene_2259,11023.422500726403,1.4541244372454338,1.7415304886120069,13036.180909695955,2.2224269964962917,1.8904301154729448,2.0911492542937355,1.2632542207037032
gene_2260,1.4938647804814627,1.4823295970501893,1.2222087032866635,1.737227022502502,1.1373339706622905,1.631665433775281,1.2321572478066067,1.4838000119555776
gene_2261,2.0227975393384248,1.1784946838615715,1.2248705399590045,1.2390561026770055,1.6237562142520923,1.4195382716299332,2.6752467652142857,1.2676997682636841
gene_2262,1.6873016726617598,1.9559229238538263,2.3304653595489757,1.1712882658190336,1.3185524945352258,1.3537763326026484,1.4161071620569703,1.3176755378803846
gene_2263,1.5787628904851654,2.121834295523544,1.346646543240391,1.2091447210327242,1.7627706324254526,1.2386468574092298,1.5447266590171804,1.4381698308893547
gene_2264,1.3612342632527745,1.2619281422604145,1.4950738497543739,2.2866144011384884,1.2134709390305003,1.909735296709213,1.7941503429080354,1.9597897783160838
gene_2265,2.0969715934523627,14360.1333126636,10234.049389609097,2.000305386526857,2.565016273967295,1.337200776679296,1.7360050910839768,1.8591188628370998
gene_2266,1.5994576090288861,1.265810042992883,1.405275211741079,1.6503318711349728,1.6143263501221001,1.1849376679783736,2.507684428700974,1.1884217895414615
gene_2267,1.9849231962903433,1.284611876445093,2.169719527091735,9385.569715196458,1.7276633840403652,1.4240700641112096,1.9299858237436038,1.5166355841226566
gene_2268,1.2927488365297761,1.4280663336679216,2.411687451594928,1.1727419534010388,1.6636267143558559,1.5680924897158937,1.291082435088459,1.1818326415842442
gene_2269,1.6687418160437275,1.54833440074697,1.8086586310296293,1.6339214031070148,1.5460628839816186,1.7553954052079586,1.7588584673745,1.384758102968418
gene_2270,1.3704102488725958,1.78125965358686,1.2901221835732397,1.7639758601157267,2.803076696563402,11105.14828065877,1.5289117086291126,1.7424477056468546
gene_2271,1.3199714831046174,2.659170986944193,1.1765510262689731,1.279743014787193,1.208259667841019,1.6552130211365157,1.3040734255837492,1.2981829400761258
gene_2272,2.823299852025609,1.2813517545416542,3.5679250439194097,1.3939408027872568,1.8953129326725775,1.401797382564455,1.3164812263795993,1.1471979026874393
gene_2273,1.8323299504175665,1.4580961140923923,1.9855985538542436,2.244685681825835,1.5644875655230235,1.4352650541536642,2.499410297148101,11605.424429033554
gene_2274,1.4639079908024837,1.327667231612256,1.5403921827982376,1.2699727679919472,1.191187313886444,1.650442177497282,1.5291360686650826,1.3132077735388663
gene_2275,1.4228222556787489,2.8404438222252497,1.797597507489727,1.4934793189722677,1.1604606696563928,1.499699908322481,1.2875343773645682,2.0793956224778247
gene_2276,3.186808567278261,1.322194167862575,1.3969104159115648,1.566529592209212,1.696033065739705,1.8784850228185443,1.6121048875805069,1.3538786076089568
gene_2277,1.5377613542258102,1.4407717986171784,11946.853825400663,1.208920201738155,1.333355601165193,1.4359120738098154,1.4700147422402325,1.387490223916982
gene_2278,1.9199764141448405,1.2218924815839642,1.2325907214551064,1.4694316032175987,1.665527089836987,1.7505488631808825,1.4923453995253917,1.4772492975746592
gene_2279,1.2392740295339875,1.1951581205271598,1.533590603894707,1.2778191767006697,1.651522876680308,1.605967589633119,1.632471649902319,1.2894862491599395
gene_2280,2.2764893135001487,2.9918759225250144,1.9687329511060383,1.3807646604280552,2.879110222450652,1.4031128805503836,2.639068634494499,1.6574984698758592
gene_2281,1.4461956702696368,1.2919003367075033,1.3872799142189636,1.4680891469157584,1.1378405184987919,1.496133524583735,1.2277014870581329,1.3009421240716654
gene_2282,1.3918607362123332,2.3836437022076615,2.3354115636980874,1.4948212622574886,1.1279581363256233,1.3642086315860038,1.3385720953618654,1.7595730907995777
gene_2283,2.164303063417252,1.9649216847843045,1.7119446594440404,1.4889165020416075,1.2759599135445028,1.2564969242440922,1.1577721855075827,1.6418364470098457
gene_2284,1.4133755450358496,1.3430301828885143,1.7757317925603746,2.510935282323505,1.5406545079335652,3.1177167623998745,2.121089849844545,1.4981057296542235
gene_2285,1.700259557549862,1.3978969144084288,2.159092804753908,1.8290365037141028,2.2223217428662947,14649.515929468373,2.2935247379172763,2.5544567443659103
gene_2286,1.5882063214937279,1.3541224733622053,1.2986734974315541,1.3937144789413953,1.17781418512082,1.1604852943764867,1.5911307684115321,1.359641564275501
gene_2287,1.3667743014249678,1.2781574582800828,1.3420499114960154,1.5844051575003375,1.2998193757030647,1.3431015703558598,1.9722744758690578,1.809435910276678
gene_2288,1.6662008505921413,1.7863983648130968,1.2654017199254406,1.9788985693668493,1.1172483089965204,1.5791562190668058,1.2979611804034517,1.3270887348976286
gene_2289,1.1298911882410678,1.2086836581823628,1.3521939271357288,1.2032826948632962,1.4142781477318853,1.26202503872205,1.626935375075176,1.2054824196224245
gene_2290,1.4791010814367211,2.1014497561130714,1.6058609287572019,1.615968031690293,1.5804381718560858,1.597692030763057,1.469649786869908,2.337116466157123
gene_2291,1.548395880130328,1.3760422450944907,1.8066273331336962,2.1788546149833,1.2654153394052352,1.2904835574913351,2.891223765604998,1.4955688733848258
gene_2292,2.628603667950569,2.476494582804431,9431.097570751615,2.4577817329785203,2.3633600904567116,1.5882957303669856,2.4933267077660033,2.106020314296615
gene_2293,1.3497403321745531,1.4006509786802055,1.1919458845270594,1.743980999038662,2.3751038061628686,1.1506580837697726,1.2824260241518006,1.8349033353053419
gene_2294,1.5420153601265973,2.4163634980060618,10846.843504906199,2.4808769992132973,1.4430958187866463,1.2272836490113936,2.5556351422961776,2.580198439446407
gene_2295,1.2684487864483966,1.2247658059856585,1.3300456573686612,1.6103581768870678,1.3328836242690356,1.5723843488967295,2.773456154547131,1.5933544283307366
gene_2296,1.5218690543030888,1.8173598085415388,2.7000833849285355,1.2954333407925003,1.4699067258722078,1.2978276832434381,1.6978272756751274,1.9544588921810986
gene_2297,2.141720516499674,1.5745402621943523,1.6604832239695568,1.3600936401691703,1.201369187143378,10882.926411041684,1.3907444691140471,1.1605774809243785
gene_2298,1.3950896855143138,1.2738871443429578,1.72770080493263,1.3470977848214916,1.3307092875192597,1.5641897841501278,1.751980736393297,1.569232636650471
gene_2299,1.9605204661999702,1.2672744781512026,1.8366493600730147,1.3836542287608478,1.5674909890024677,1.3831254513216225,1.8420189263603737,1.9677512766845289
gene_2300,1.2538459685044563,1.300159313140157,1.2461995018587453,1.464261299316241,1.1282273169698223,1.2143996252162539,1.213929008784691,1.3474446852319535
gene_2301,1.6096316310376784,1.3735394276854338,1.2234345417584445,1.1159611854538332,1.1448359972342603,1.426115262701302,1.1996006969922286,1.1973795348794813
gene_2302,1.7852952118236494,1.7286750453399986,1.3032722232914444,1.4297756273627071,1.509563319303192,1.7006748540678285,1.401639387551677,1.7324733746126404
gene_2303,69545.57666214295,1.9519480655547006,2.3664232138641146,15377.216516544302,1.3748682711012254,8330.460930654837,2.633082201584547,1.7819158764055782
gene_2304,1.4342236335802057,1.3712647128597126,1.7274912614971645,8254.063561631514,2.408473144773455,1.4507382340604038,2.240838732214809,1.3726314893287084
gene_2305,1.4319624273733633,1.4919607204752183,1.4604964326838838,1.4795109489429241,1.5038072857338198,1.421382576503708,1.5293865580724832,1.9933884942231488
gene_2306,10225.35933132755,2.6567412831046275,9808.216247632003,2.536594519639618,1.9642059637166507,2.406457249633945,1.7391382537116586,2.34048218494777
gene_2307,1.8525118219401344,1.420021921879047,10781.504851791095,1.4168908493148995,1.7020376768596255,1.3528827179211753,1.3757979730035463,1.5068144078220798
gene_2308,2.914776157869021,2.029568448374656,9175.33123845792,2.006562413529987,2.84693963189541,1.6067521500221116,1.4863246722940053,1.7120560005930645
gene_2309,1.2987468313545403,1.3527256025764198,1.3449646231084138,1.1957394816843034,1.1589766609916514,1.321847019032098,1.4051279450979213,1.724741008580502
gene_2310,1.1884785170086603,1.1134985927214138,1.764321755501848,1.5121959019596805,9865.34310966637,1.7853653458685568,7379.8439702825035,1.651251811509859
gene_2311,1.458848754884122,1.913503837449844,1.5515992030840557,1.8955215045863856,2.8100500240931847,1.2419110398392388,1.5769668544724385,1.8230224404493223
gene_2312,1.7145549910459397,1.7922226341630312,1.6446809617616314,2.3394826639175705,1.2378931821973822,3.2402153547056276,2.128061944974458,2.582795503828883
gene_2313,1.9416006717171872,2.375182659614028,2.1082110969745305,9544.729614654909,1.2560301970717718,1.7305378331767358,1.9414540987067295,9526.702599014783
gene_2314,1.2259753036454277,1.270446215213751,1.5977406311677027,1.5521944753209709,1.3133896460003818,1.2689115215661377,1.4031190838575605,2.2796330811332854
gene_2315,1.2294472538184293,1.6776108811597763,2.3093922658760735,1.7000756896701865,1.5980806474704035,1.7979032068070058,1.3503991022863762,2.066503681246391
gene_2316,1.6100880140408624,1.7411722818450859,2.0284851664890677,2.078269164314478,8437.166174181351,9310.783478064674,1.483694216499555,2.235693230137653
gene_2317,1.352982780281045,1.2752783435172224,2.613966115043269,2.926807575650626,1.9284863825967615,1.4636321908076106,1.5799493790351964,3.1081395983881097
gene_2318,1.821145702525173,2.021356044531583,1.7019115939018004,1.3085055565937773,2.4732642099010667,1.8233069485441464,1.5279344060770392,1.493055629784212
gene_2319,1.8998719040997518,1.9391807230653206,1.369312894603179,1.4835293113263093,3.1644620448317786,1.8879257380482517,2.002825866796586,1.4937894912719976
gene_2320,1.4523569388801114,2.190447419955113,1.2415290069831022,1.3786500166257258,8445.199512258081,2.1799355330411454,2.2672794045622275,1.4458235539550726
gene_2321,3.237293581227849,11115.024533790614,10825.525890165087,1.4774924483531122,2.7956746153203,1.534472262820828,1.5238102562258204,1.487936466954053
gene_2322,1.5659185427636322,1.2340829496033623,1.3638434407785962,1.8416479778610093,2.3200473264793957,3.6150698200937255,1.4204997263425716,1.962811251026163
gene_2323,1.8033917516847484,1.4220008210622648,1.6188999860557998,2.488241866600167,1.5579367567505484,1.5834671467364234,1.417369578023668,1.7167990595417975
gene_2324,2.004767696306531,1.3212393054639797,1.5273521142321098,1.7438824252181104,1.601880930716819,1.8044831408367588,2.2017168526481306,1.8795052587585728
gene_2325,1.7505063020665788,1.9122371189843341,12628.216927967467,1.4622646174574099,2.769262001407903,1.3138831154170725,1.4413642245277718,1.7744903156503327
gene_2326,1.5173506243078534,1.7767056877749563,1.8594032465044634,1.310967236558442,1.237493547145647,1.3502778988426207,1.2914821146196827,2.510016226092897
gene_2327,1.3010927216878705,1.6587082185558057,1.9479337299550872,1.597362492317466,1.8552090942434913,1.7971955016283239,1.8627469592521797,1.8380080085652057
gene_2328,1.4187253974835614,1.8469394703661655,8229.167299184819,1.4959942230847634,1.8184738958295812,3.3341683419348875,1.4119640844906196,2.730759377714332
gene_2329,1.3732110441159495,1.31813447063124,1.25693266877754,1.438560375318124,1.2277196276350555,1.235274047862361,1.5852902046742288,1.2270945058498866
gene_2330,1.684275184273628,1.7933984575743667,1.6651869793875165,1.79821247594186,2.8710107240638143,3.1410960513510107,1.5443871976899468,1.272282562065083
gene_2331,1.261526711008855,1.261325936674055,1.3918298649733993,1.3682973741682323,1.4848959590535649,1.2623728038592872,1.363896883792756,1.694933253732494
gene_2332,1.2820109504796635,1.1923483913344837,1.6137118652747136,1.4426567936169057,1.1870891715729706,1.2500921567019916,1.1751322985507864,1.2153732697307384
gene_2333,1.5519686447042145,1.6447100431653794,1.4776283485996224,2.885176474600915,1.5005965868500994,1.8101931314646988,3.8357288436129475,13524.831290897127
gene_2334,1.301470721271403,1.3637706068747424,1.2123395481627943,1.386944860722046,1.55635174745604,1.9950508884768485,1.7375487617766403,1.6211699560947002
gene_2335,1.4007486666125433,2.734261594471008,3.0958409442717882,10494.35706997373,2.1074553461048127,2.01576545610216,1.4597723047013593,1.607616408069775
gene_2336,1.5971969800153851,2.595485378138353,2.635597431687498,2.912997337331185,2.1324496053007382,1.2720790542725282,2.749896143501555,7939.555797906121
gene_2337,1.7710769455800948,1.3726894306853024,1.45784158867392,1.714803169467403,1.7571809309003934,1.6700140418256701,8839.638249697997,3.538288137961113
gene_2338,1.3307424010838802,1.306041931861139,1.87573438394331,1.495253489337563,1.222371477590238,1.3626604751756106,1.5216264862188107,1.4660024456058685
gene_2339,1.3587774961753358,1.2270657708214174,1.1022804348118784,1.6437330257953107,1.1310918411260946,1.2980352025629278,1.3082130560499237,1.3736444131221675
gene_2340,1.3827274315982578,1.4329213703209855,1.6955564602397377,1.2849553571995573,1.6123597090731867,1.1697181038662483,1.390797890338948,1.3190663563929683
gene_2341,11286.752702944455,2.530021499341837,1.6081277580572058,2.10970963653887,13402.117227256338,2.2147400528001286,2.1401415972569797,2.074385662547976
gene_2342,1.8016313591680253,1.5950680687893999,1.6489522808056867,1.534330243711675,1.277444379548748,1.2947247661346601,1.201946488836549,1.310680976039707
gene_2343,1.3504625534676913,2.384109061110235,1.8798357838368458,1.7216105711466207,1.364033727487228,1.5431840326713464,1.4258384548825103,3.0875059356872305
gene_2344,1.7161027213106876,2.2208004863526507,1.9895825489714563,3.6287696542736203,1.3324717199276388,2.318439914956901,1.8943994644957742,1.2193904161291298
gene_2345,1.689151323352325,1.6743399166401711,1.817489470178068,1.666110678619134,1.2517051520396918,1.521182515380599,1.6666094198860961,2.69358827048703
gene_2346,1.6431765253862576,2.819233088634215,2.1961686846002157,1.8084271204972124,1.7571999067164428,1.2441836049563988,1.325492268633518,1.3693355185112435
gene_2347,3.935207600893571,1.641333330624661,1.6603869852516469,3.1999936266912514,10274.122802574597,3.2166366554809076,1.8501447926961534,12651.138522054713
gene_2348,2.0721945220252715,1.8579257498821484,2.0301007104192244,1.5522807700487808,8379.615398039508,1.6589786403059643,13351.576934151355,1.6690463295781568
gene_2349,1.2400812950938074,1.7641656688652998,1.7180441302974052,1.7228408485401379,1.3895914539529737,1.6281742349845785,1.8850727384656314,1.5711567535509667
gene_2350,1.6757812728226957,1.7747220560588732,3.421242064548831,1.1147136070895347,1.6362575245913018,1.3865866307056256,1.4897228926338828,3.5094723177664484
gene_2351,1.360895928912232,1.2154206562447456,1.3152714813079565,1.2865263627986943,1.3624671095603584,1.5672661273186814,1.5643168772447484,1.3401576452269146
gene_2352,1.4390612519797545,1.5437856742700524,1.342001068134082,2.261073376081706,1.3987307070951096,1.3563160656602524,1.5018262775877051,1.4442127447783877
gene_2353,11353.594845597649,1.2941812021694323,1.6319894605231624,1.4047623540240994,1.5427965491382476,1.646788289353741,1.3865131859723612,1.9405042204910754
gene_2354,1.630790355188798,2.11878786071643,1.264508638260775,1.370234703368784,1.5640096043953102,1.1627875669680996,1.4575626038551377,1.3778364312058957
gene_2355,1.1574917279786037,1.8480914675655757,1.3977072349919941,1.5404138945285668,1.1450529662513917,1.8891433512207363,1.4819019103924824,2.518779069864134
gene_2356,1.7517350579141604,1.78154601966967,1.8047209991389321,1.7593048949416947,1.7066121741327474,1.7305530463295413,1.7599314171412979,14837.041567646867
gene_2357,2.1413350790954597,1.4566686568317355,1.75890507055296,1.9663270710339193,1.9615987814336222,2.1090828486430904,12703.279904361529,2.391575094886138
gene_2358,2.265342755530966,2.9415881675486486,35361.75704579355,1.7526721773510578,1.6210525563593712,1.4320904558545238,2.596771975029381,13232.4712395096
gene_2359,1.3090850909190077,1.4194175981269395,1.1810844312693483,1.3191101656104895,1.2214236289388283,1.683259219029333,1.7381674480520644,1.1692268599839193
gene_2360,1.5300375218759195,1.3814620928418226,1.7064948757648266,3.794617120431036,1.6288039764065674,2.0614853686858203,1.384865667812279,1.5595467292108556
gene_2361,1.908601939693455,13386.5094314238,1.108815875089024,1.3572503620012755,1.89952531468402,1.4255957693735473,1.8578429886448515,2.7142914768679876
gene_2362,2.1971715821555953,1.881138074624446,1.3237362907253916,1.6474907692343186,1.4544033003333154,1.457482796455487,1.276545722044486,1.6049814486255365
gene_2363,1.6631354392412687,1.6670993767905196,1.2810395156399292,1.7826177867203123,2.304220676033771,1.4581716350741105,1.353072353013157,2.5067368466815596
gene_2364,1.147162675617496,1.3922089611530537,1.2301088035076284,1.3618320521036316,1.7797869373035775,1.4595774514172624,1.5848147498966825,1.6409047615948527
gene_2365,1.9429236741970057,1.912610088766549,1.6238550218260845,1.2687855413261235,1.4375319507455897,1.424728767188989,1.8043155522026038,11781.157503066106
gene_2366,10797.954929493853,1.6814883147395523,1.8765672809382448,3.3047219229406557,1.5147363423245483,1.6875698704498017,1.7486463055514136,1.8883747415130858
gene_2367,1.3528253527740286,1.43207622955379,1.928115185380506,1.808235677616055,1.2934019167969701,1.434575199186519,1.6685935259540436,1.490361822253847
gene_2368,1.499803600092507,5896.773185143199,1.9331764228465362,1.8594615717314988,1.6570299692330575,2.536344279773509,1.7369463997787098,1.4524290906004196
gene_2369,1.5666810415026118,1.3257771143406516,1.5741771942632816,1.3600600632243034,1.5157758147907674,1.522740122880208,1.4997562587150701,1.6342994428223463
gene_2370,1.2736791466384902,1.7513200816375414,2.2397730810953838,1.4899991474670353,1.313569294625461,1.3339264535121964,1.3007056169894673,1.3960371459268612
gene_2371,1.3261826610186176,1.3336142287041177,2.7311971395975987,1.682253536988443,1.3459514318079455,3.5074746587017183,1.6356696557958152,1.4256032411483228
gene_2372,1.2123408495054915,1.5375244394762941,1.1770192234151755,1.4105876568577378,1.578406763114961,1.4681527100276208,1.60265689087206,1.395651566759164
gene_2373,1.3766051476365628,1.45634548629138,1.6751892089806997,8932.74560411881,1.4353514075807015,1.7024590340676828,3.115467368248737,2.9149465083484536
gene_2374,1.634173850733523,1.534948800130322,1.1101798543087769,1.6673118109721405,1.5864695042933492,1.3865805918008793,1.954842251341396,1.9944409356350925
gene_2375,1.5356644124824814,1.4356141751701426,1.3888470227298328,1.2638690719865064,1.3404450255461395,1.2242616352823457,1.3897027177317556,1.3473180180861362
gene_2376,1.4732452325600665,1.3198923452949956,1.3653040676547548,1.7759397422030794,1.8310735027991896,1.8275693241776645,1.1803158803834484,1.4325704925149412
gene_2377,1.747242334927207,1.3863608110042691,1.184689488705312,2.084722556796791,1.6450966988329698,1.3677369064481137,12255.886234711057,1.2569485751471892
gene_2378,1.3327794084418891,11930.95701274303,2.4416521613101816,1.7671162690412512,1.2185313319221032,1.7087014093908595,1.1807211875291113,1.1530657496302117
gene_2379,1.666318066618536,2.561570074621401,1.516147696521484,1.7606268032700596,1.5820512103400837,2.6217769461572615,2.3510680700289703,1.3172173643967053
gene_2380,2.0688637117672033,1.993869970986897,1.9187406886943001,2.2969345270226764,2.5744732593707926,1.4922226032033346,2.3924530463987805,2.5430717908200537
gene_2381,1.4063766030054348,1.6161944704793831,1.30676977041053,1.2653010880910753,1.7823222423859721,1.8994123897678372,1.3638167032048198,1.1761032469872648
gene_2382,1.2876914691130217,11833.827657937498,1.3535537810110345,2.3343049013480557,1.6454900633015783,2.521003307905846,2.175681412631469,2.4031633864586177
gene_2383,1.286530784083176,1.6740248743334822,1.5600542418541743,1.8386087264259436,2.0982673661452136,1.7022260695152749,1.4932253336233081,2.347725973439843
gene_2384,1.4410428334388181,1.6462715888349218,9645.008426706267,2.2197740810012196,1.325970355505566,1.387848304384139,1.1947587471160168,1.2148370674613012
gene_2385,2.563853262594693,1.4215156439115881,1.5733778943861727,1.4128244470038367,2.203453368244517,1.5086068290420946,1.4451568735454117,2.783177224907277
gene_2386,1.2903334570791847,1.3690902017422126,1.398769760099624,1.5047119437644736,1.0968265418764103,1.5980211972058749,1.2082280548593884,1.2207805137903207
gene_2387,10437.099385743843,1.6949197589792582,1.4853892163399691,1.5259588087075198,2.2896502113807173,1.1481564887354654,1.4961302164983425,12924.439759936968
gene_2388,1.5142183140164245,1.4781221229244232,1.6224034602887323,1.1229081927944855,1.614667985079041,2.001609259604343,1.7207304955902396,1.654907521366779
gene_2389,1.459765780118966,1.4945771464210091,1.4348225857342434,1.4335211036147728,1.2824955106864244,1.4912471019505802,1.2156147361885523,1.8908535015924874
gene_2390,1.4857034707203896,7781.567308567135,3.2468658810007436,1.289091717436544,2.518544213403029,2.748016739549975,1.497237543420157,2.4551058578266023
gene_2391,1.3428507147061506,1.3623372668498341,1.9262948396954573,1.87253727569637,1.5866507162681713,1.2903738592468634,12136.276278658277,8665.671805658867
gene_2392,10349.266688055191,11804.935138151543,1.7332816818821146,9019.970486036,1.1066377221793113,1.749725755414921,1.2656718623647911,2.146004044117281
gene_2393,1.5044359849947104,1.4059166074090947,1.2782868253520685,1.752855380688512,1.1786939469480582,2.2770651322050135,1.719609941589423,2.024464224220849
gene_2394,1.2778070840643039,1.5027892258706783,1.1425250671126828,1.4458254479760533,1.3743666787473425,1.4448348855562072,1.3708894322130398,1.285205495640411
gene_2395,1.403368570634333,1.7506620249539921,3.011610199689417,1.5474175149543914,2.8693448582842245,1.665113179263694,1.3289687432248753,1.2627421317289405
gene_2396,1.5711722908637884,1.228798660381217,1.2012799316808864,1.537538727134584,1.253490741145512,1.739385969331434,1.4608348946017558,1.296734185186925
gene_2397,10744.013508144879,1.9628280738397377,1.3141408681240816,2.5048041566700143,2.2259775999415474,2.491058972760117,2.502309958244653,2.1323298586529225
gene_2398,2.374147087942074,2.437618678458194,1.6992067256243626,2.517997601193063,1.4256140986700478,9166.650858436034,1.4980355422990195,12017.411013818662
gene_2399,1.422120001253184,1.700461373714922,1.4970750385577305,1.5054922570289786,1.2294272454810267,1.4229428909858493,1.3696658578197596,2.1854333921558307
gene_2400,1.3987253831975521,1.233149165733101,1.4779935836767717,1.78660871720887,1.254796306825378,1.5662415579512845,1.6362382840992642,1.9163333040293025
gene_2401,1.6940051912257341,2.0484500297068506,1.4863175499128274,1.2433657889362435,1.3734243718045553,1.2797330905664455,1.5661802119079904,1.4727863440737652
gene_2402,1.1529782046715722,1.4559853105540812,1.645505629692164,1.6078070924048786,1.5377177559282094,1.8351957765216542,1.348083922402216,1.7313714709078067
gene_2403,1.4750576604401324,1.5955957072745441,13574.163936303026,1.7354265375245792,1.6762513942835475,1.628859421606139,1.4735553201582674,1.8187676529234578
gene_2404,1.1585465222641254,1.465444105265477,1.3384255483128038,2.170032718805639,1.5888676959084114,1.2446234501940967,1.4308036216769209,1.2797027744963592
gene_2405,1.3243067754026505,1.367947435608263,1.2157277947471166,1.4047531758345684,2.4651064754600167,1.6448452845446608,1.2586887091411814,1.621572696568703
gene_2406,1.6810986988420222,2.5578999407069407,1.3690058896003316,2.540808693316172,2.65675569161202,3.0016948107288184,1.3153797079447582,1.4861441994641935
gene_2407,1.6213320271651446,1.2320795815459025,2.5157553114544893,1.5227870476375607,2.001169370835877,2.2871489813607475,1.3987007617664762,1.7342784171595922
gene_2408,1.9513355215750972,1.3669788693853215,1.4490838959912191,1.752874982285505,1.3244288983353845,2.7637042002858037,2.603762791013146,1.894759874191337
gene_2409,1.5696263479024972,3.3190001992763123,1.8788731192417953,1.7142897465349372,1.352924081988314,1.6342360422205764,1.7710939220229334,2.3473205461605104
gene_2410,3.168764824329057,1.353415661297346,1.8645830407984585,1.8488696474666102,15732.58942841701,1.7959019647928298,1.6990181110842093,1.716307735472973
gene_2411,1.6779364207889098,1.278693609958861,2.0796058986177157,1.3895269721789103,1.4335279556551772,1.4438488512336143,1.68840219541072,1.3520948174518916
gene_2412,1.6801720771438486,1.5847986531912073,1.602943059199469,1.2472055586107746,1.3310054999067495,2.3259658219076647,1.3702313044875074,1.5230277282937594
gene_2413,1.3099556981057465,1.674164965798794,1.4864001901118244,1.3548412217816506,2.7286669156341787,2.1595940848077677,2.3169015398337844,1.4771736199054128
gene_2414,1.3288558792189291,1.4314161022997896,1.2158644831788807,1.4213316786205725,1.2032806353912382,1.4518246711278615,1.3664024775351615,1.516657613432458
gene_2415,1.9115346425624404,1.3648424657897131,1.5353216175035487,1.2355198382924464,1.5929997089930696,1.3464322621918339,1.883785414931598,1.6494304810070148
gene_2416,1.9040111846980132,1.6768181305223324,2.486029499754605,12500.48305048628,2.7498917335527193,1.2477468105263307,1.7795942293717832,2.0080655678944823
gene_2417,1.187858414650964,1.3767001972130657,1.6164144254646158,1.310962149990203,1.8841286673818405,1.99495576460211,2.8472887882897995,1.654561329285103
gene_2418,1.925456453874584,1.661156269731199,1.4191418882909552,7004.446597415146,2.0216267842821862,2.5616468488196906,1.8038747265202202,2.303934678784705
gene_2419,2.588609622657585,1.3170592570479989,1.499511335215826,1.278998293805816,1.2698188801819243,2.3130240210004174,1.5093746533476189,2.174118493693327
gene_2420,1.2338232834400267,1.723951359276464,1.7049902335354992,1.4436172420442952,2.4035423950709593,1.5088889614414045,1.6085564887043722,1.6071355553656226
gene_2421,1.327947453633844,1.9629278367130523,1.7025948829191724,1.7458717402449364,1.6388652401233383,1.6314764176194596,1.6020669332411601,1.7816477493369969
gene_2422,1.5082813076751476,1.416921439373449,1.3770878961161763,1.6877629879095462,1.377757052275966,1.2069759518034182,11258.03549302543,1.1691770446907572
gene_2423,1.9384853112630025,1.935522491869169,1.4358056214647275,1.266837882825023,3.1233416872964823,1.2119624729798426,2.9607273077242495,1.7304644649532277
gene_2424,2.735014421620058,1.6816636720860363,1.9051728530543763,58137.60777481158,2.297574962840149,1.3782640450868004,1.448048553802778,1.7836484012384486
gene_2425,1.8497725910057106,13723.808373206222,1.2777376303921206,1.445045412936088,1.5870653309532805,1.2723993391362445,2.0743447852415384,1.5533982161951976
gene_2426,2.9483607322662038,2.3332339016907166,1.9772686807010689,1.5226226670319853,8891.65501629225,1.4058615598424589,1.3654061790177374,2.1817412963770044
gene_2427,1.5986478807748998,1.6087536909532314,1.8656706634533322,1.953077687058267,1.3783292043226856,1.5413415227058194,1.2390893266997025,1.3389628713643051
gene_2428,1.3024797418928324,1.2022312669207222,1.1009345620626647,1.77940270345986,1.625412159621886,1.359627996655066,1.1843301020047499,1.2444148552025638
gene_2429,1.209506159531443,1.4050168246520716,2.412496377250531,1.4079439252937738,8478.79299058939,2.3165270033457825,1.7312662765687594,1.6222541023715886
gene_2430,1.3415768364434588,1.5269567747869761,1.5799772554645148,1.3286550437421536,1.4318115048941549,1.7773247088721982,1.8090528952939953,1.6396431352960796
gene_2431,1.5486541752108074,1.5814082793031574,1.6848042526017366,1.3541941321314026,1.6723569923762651,1.2556579841326931,1.7659830420609892,1.307129049201578
gene_2432,1.3009321381202092,1.5112510353986874,1.5815103595729683,2.1965271358732528,1.6335100596731684,2.013268075638862,1.9413267410176045,1.262329949362489
gene_2433,2.7689079235047127,1.4669111929009766,1.6360040408871988,14007.302038996177,1.8398983440563978,2.2053735098096925,1.5755952965770834,1.6727139988315745
gene_2434,1.8271320777416968,1.3457251002135837,2.867836402819906,1.6075658471296859,3.054919183958367,1.4166943528538078,1.5210277132766319,1.8942215279820356
gene_2435,14558.311027881178,12220.807443169562,11825.115094933564,1.6932328183143455,1.5911151789377393,13073.768343733302,1.9445012510289246,2.4169485802336816
gene_2436,1.7537571346410052,1.9915289820784294,1.8833882613157444,1.6401408110946079,1.4900383428840025,1.6290371739633143,2.6279051350827465,1.2545995178397868
gene_2437,1.120800913114743,1.3214443331439678,1.3810383473071557,1.6411830077699077,1.445185568949971,1.386636699182151,1.154516158785303,1.2611498562359318
gene_2438,2.5322924931867354,1.4902164286496338,1.8194415927390786,2.1183569924137133,1.193693442177338,11678.3956225909,1.6357124990570537,1.6918681074066908
gene_2439,1.9059216726419925,1.4179558472853062,1.5791423989823135,1.311427112631866,1.8559495994015691,1.4460476439515617,1.2551023678341315,2.076853687866451
gene_2440,1.2288115471743268,1.2865892395209269,2.055586145871741,2.201689099664923,1.4621193933484835,1.3666410124423012,1.276709176762439,1.5474011643260521
gene_2441,2.0320472924900574,1.519079948915971,2.716110256258655,1.8955939953654315,2.2002983462574544,1.854095935471252,2.54041341334798,1.918830943125816
gene_2442,1.481716779462161,1.3952800190035393,1.2570562268891252,1.8134375310238484,9696.392963138986,1.6581203881975397,1.61913062547344,1.3001413030946396
gene_2443,1.4623891348153157,1.460597971786017,1.6348621799803789,1.3210082066895465,1.8229725379787072,1.2533247048846774,2.028951195409965,2.0132294043143633
gene_2444,1.9130160557451696,2.517207710330978,1.2915701699761608,1.4316472881005116,1.693521570934412,1.2784192943384862,1.5585976429135537,1.3054072154271297
gene_2445,1.4285742470336855,1.8282871329492447,1.5321887979922024,1.769252039899143,1.1576069521964798,1.342155152130076,1.4897102841984515,1.6012265109502448
gene_2446,2.833677362903508,1.3968234519932785,1.3883079989303926,1.4027803067609115,1.461074419625405,1.248356777925189,2.4707649334372106,1.524364790282814
gene_2447,1.6875918460037895,1.6080857858351916,2.810385320470654,9394.329937297705,1.8076532380522936,2.1648366039588636,12626.902083834575,9061.337265087088
gene_2448,1.1351161433797563,1.4928887178447567,1.139471426596883,1.2132832385650478,1.134582717079137,1.366793773894555,1.1144329113516782,1.524689818490145
gene_2449,2.840433323326777,2.7192668955434915,1.7047629701572045,1.9738761689744304,1.866569674466479,1.5455229843767162,2.315887799613024,1.4561276750184073
gene_2450,1.5566228046954431,2.034231436785894,1.1596023652504273,1.113724383831633,1.4532662644879366,1.2533200196263543,1.7612542145890595,1.4660263523919606
gene_2451,1.2053772926596038,1.7138565275693396,1.6371433577250425,2.8350819446056565,1.822098765813996,1.848958102829578,1.464295966098519,2.1129706702232225
gene_2452,2.040913451221708,3.016638463029228,9296.56090233076,16210.79573282673,14678.401263331216,1.7033547861502951,10487.2514856215,11786.985257906259
gene_2453,2.6631278819353574,2.216373831931987,3.1357533799839903,1.4683316467905232,2.2918512872241896,2.051840858782232,1.4212864651162223,1.6116416699125302
gene_2454,1.7414687255650296,1.2735605958451652,1.5030410617907926,2.291423546126354,1.4340992055764332,2.0190795003910504,1.6472583264171181,3.665094767347232
gene_2455,1.7076791972896497,2.2653526665418133,1.9268733388815789,1.4643108958469127,1.6514167885795186,1.8586201332507704,2.1169126299412535,1.4115298051353513
gene_2456,1.1432275503823155,1.1649681512755927,1.6944060452538958,1.4432139125379337,1.2059477959317304,1.1296298621274234,1.4859535835097426,1.7598644077727925
gene_2457,3.297118474853818,1.6488659519882465,1.672363920577304,1.3528204018598706,1.6845106900195264,2.6463787980712516,1.3862855910078313,1.6640611339443976
gene_2458,1.740546749150128,11156.945912565143,3.369952437366318,3.602876987105403,1.7187008327412407,1.1738142846997368,1.127932702045084,1.6542676359523274
gene_2459,7207.990277188445,1.190112619247323,1.4514625571753164,1.4156899724019865,3.304758725128485,1.5521046414566602,1.9213334892555907,1.7862674995308057
gene_2460,1.6717785217689187,1.8166254262208827,2.1384584839799428,1.7798329174411576,2.1177502709061673,2.0583744499376713,2.3433963667955426,1.8608028874053752
gene_2461,1.299163500375721,1.4190500005230304,1.627470694967025,1.5723430323724934,1.5161433558432833,1.3810839539742774,1.6377743789130503,1.8916541222548775
gene_2462,1.590947589914244,1.8439859008328254,2.1260370051307347,1.4482717678921946,1.70352690400812,1.6315871116724063,2.130540218907854,1.098328051127598
gene_2463,1.6033274028713442,1.5157843728798008,2.2415841540413393,1.8509177479719234,1.3301838518270783,1.3189786418399359,1.890517649769566,1.3132336951121406
gene_2464,1.2498400388525928,1.8384927709822807,2.581918328033905,2.977539343699833,2.7219808358098287,2.245492835485995,1.5396401371645394,1.7195743315140197
gene_2465,1.3373692959417123,1.4279627710529923,1.4106599851899857,1.3830082034013707,1.3201696588404508,1.5451046580469394,1.2170381725871502,2.0033415544662714
gene_2466,11771.372120637532,3.0047592101266476,1.7065216046229568,2.8028635176047767,1.3018926208067216,1.3990454021146435,1.8802265973604089,2.2504220146891822
gene_2467,1.7105935937452867,1.6464569888698284,2.0931493848476426,1.602074340079162,2.355083729418306,1.1888114379558907,2.5250823541663756,1.7464557003939625
gene_2468,1.2336880556767913,1.8492157278023291,1.445298998455314,1.2509216395259308,1.4556231688190626,1.7366648437044467,1.9698415970050105,2.001262493399104
gene_2469,1.8889808713886702,1.5317252137646011,1.3885757737485422,1.2196314196657416,1.5067458299033794,1.6386608375818428,1.3041819761570175,1.6413250560683503
gene_2470,1.554899580491361,1.329400251677653,1.2238332096902655,1.5510386682877424,1.6185131824326848,1.6783000909199755,9822.626227111152,1.4314417166428786
gene_2471,1.7228434478383092,2.119429518514787,2.3822538174760073,1.3179428458333597,1.4611911910474042,1.3660540547540765,1.3229636009500287,1.9778319793987735
gene_2472,1.8140378644665645,1.521498442988464,1.7718220406250165,1.2331354254149691,1.397141223121085,1.9627291187836686,1.3903774731740133,1.2522490333294096
gene_2473,1.3771099945484975,1.3702469627008644,1.8895967223606187,1.594484845176179,1.9938754575042286,2.618844898326965,1.7512010516305272,1.2690344833066285
gene_2474,9758.032183731646,14182.939918649552,1.8502085612139882,2.766204166030921,1.3921191787841019,8302.676686866442,1.7667115895128953,1.6051525512968472
gene_2475,1.2792133243388528,1.2121397215867447,1.4496127360552686,1.7873912813872297,1.4001474480337142,1.9684052600458917,1.513334158076073,2.7492593775092673
gene_2476,1.364990394984343,3.3088084716131347,3.418702226946669,1.8649140782388387,1.528308126265043,1.4025809480234144,2.060565734036394,1.8321657650035663
gene_2477,1.5976842814388152,1.6635477585206335,1.8659772985358813,1.9269054862647435,11362.304027465687,2.825103045589457,1.6701811639722666,2.1999373009357535
gene_2478,3.050122564803159,1.5395001091426137,1.4829052835117613,1.3486602609851488,1.768643645545602,2.7976036033287266,1.323254976489014,2.66313183308001
gene_2479,1.708173838490415,1.489996691332586,2.693372938354253,1.3864005551539915,11246.070497130557,1.5949927168751277,2.682552071846841,1.672607516699077
gene_2480,13330.717785188035,1.495424210661237,2.9583366477679527,1.3966139337805858,2.2948023622533533,1.3188484040144333,1.6910901383380066,1.6454261277790578
gene_2481,10829.157349547482,1.6261020826580812,1.413762019443899,1.370028164756378,1.3361201390378152,1.596229494520492,1.9146347320515298,2.5764136448195942
gene_2482,1.570525027750302,1.7602653650161915,1.4554204260877799,1.8382306295142654,1.4250899262314265,2.5242394430749204,1.4955203079538075,1.5248393371268887
gene_2483,2.1893671633253278,2.1312133666557855,1.4933677993216992,1.5696300968128898,1.5083700160943547,1.2437535250991971,2.818300937200482,2.533275182732185
gene_2484,1.4280469322018594,1.1976150375883838,1.2575324210173482,1.249016805521132,1.5278520722611937,1.6893657995618239,1.1216182811620983,1.5779961950167742
gene_2485,1.2806790239544945,1.67054115349539,1.2351719972093986,1.600431235114974,1.3828974038665485,2.0357250531872033,1.4166542802326423,1.2264913173660712
gene_2486,2.409594146289579,1.3167087072361205,1.3675454087915597,1.1462393752107483,1.4731555001453192,1.4461671424655471,1.7043679855033949,1.6678665005801245
gene_2487,1.4596674173672712,1.73758030273078,1.9686264871880383,1.3725633069484657,2.2344611440232063,2.0402691867500784,1.7138719183930282,2.621501912669905
gene_2488,1.5607005475897855,1.7873528079016097,2.064665672039094,1.924410527181211,12637.483432938694,2.843584878814818,1.4040246891660542,1.3484036667263855
gene_2489,1.3826525410862636,1.4865480326741674,1.227737060291874,1.425980011065478,1.272512783389223,1.7466508709556792,1.2822530810307748,1.47324332062448
gene_2490,1.252798524713009,1.1699766872442052,1.213506149380522,1.177570020649857,1.621790030090655,2.0156828294320284,1.592556813027746,1.3936593120496195
gene_2491,1.2117631206629493,1.0696927833162477,1.3619552468809777,1.2174531329994427,2.575116022829463,1.950437091493097,1.8884367007925353,2.0631728620295915
gene_2492,1.30518229387901,1.389672550985994,1.555337278107529,1.3204234768653444,1.4102753052843948,1.5222817048004988,1.210438507570635,1.3880297044191459
gene_2493,1.3488264210875809,1.564351170489173,1.5509774753659682,1.742280451071316,1.435952726200232,1.7058640241634397,1.664948710169109,1.7170143115397618
gene_2494,2.3256086744066047,1.495162604789312,1.3825625806345534,1.3882483620769321,1.2695726058534653,1.857489421963806,1.5610739250156562,1.7922980877733883
gene_2495,2.363858419386221,1.5653480726745752,1.4771290768375986,2.11267677333255,1.8094502131788661,1.797049593337995,1.688529593396976,1.392928043025056
gene_2496,1.306617831388052,1.1975872444323317,2.1141648574711156,1.5891445051007944,1.6690462995611506,3.8345533029518872,1.658817217725069,1.3704211174651542
gene_2497,1.7266675336210335,2.6034917050537567,1.6520085913668479,1.5496699249682644,1.5602917858378176,2.1542747870296477,1.2573811141804525,1.8580169229679775
gene_2498,1.201137129629945,1.3416615122070745,1.2980441833613487,1.201415514664203,1.2772572534972444,1.5744159868589005,1.6001711363837814,1.1896187971995111
gene_2499,1.168979991490849,1.4913229925441107,1.7419215303120144,1.6098897420264842,1.6535789613570884,1.2805646997715388,1.3518170293284264,1.1089467603453116
gene_2500,1.9614596933537243,1.2410350149304747,14332.725479552972,1.2894588840416215,1.9887225112738631,1.82255329261668,2.8046385116166097,2.3046533415725436
gene_2501,1.6509758513410493,1.8970036383711737,1.9062364122335385,2.430888657739263,1.5731095490207492,1.6084152720580338,1.4063122067381315,27947.181758725743
gene_2502,1.1970849359180333,1.917672622204874,1.3217963367627494,1.1639262714455965,1.3486811501606735,1.9057168764066115,1.282838431819522,1.73611699906461
gene_2503,2.315678819279547,1.358973332657491,1.848068092025889,2.051049062824673,1.8642227176780068,12035.137691825596,1.4198907122607523,1.522374398188127
gene_2504,1.8849196186729809,1.577596611569946,1.2346649619569852,1.6025267492639221,1.248527604385563,1.357465299924211,1.8988992590987017,1.5218070486951027
gene_2505,1.6545598100919994,1.9747647410128708,2.8860544945408892,1.641473299217341,1.7135640499213418,1.0977306606180675,1.2669851529209277,1.416541698772116
gene_2506,1.1945297706064544,2.0753759220121157,1.7643983728254262,3.8802275650868303,1.208786580559445,1.7703897317488233,1.415353544983933,1.9347023344946526
gene_2507,2.4819821227152756,1.6395759731749886,1.4555006514740914,1.8048672143034306,1.4889617757834377,1.5894926841315777,1.7615796149235603,1.5879310173047756
gene_2508,2.769642836259571,1.9230029156000048,2.562993745741116,1.5416131650661056,1.1910835808303655,1.8572021069687643,2.30593830459167,62319.96197618542
gene_2509,1.4183329914182694,2.2820171465170414,1.4371091962644877,1.7672407662817413,1.5866954456441276,2.1015038130529846,1.5384198256773167,3.0771790254411173
gene_2510,1.7821419660579452,1.9371312404548797,1.6471058848654851,1.595556827390831,3.216599387923901,1.2310114803305858,1.5257278792918885,1.155164545264384
gene_2511,1.4119303106204455,1.2383507702876009,1.5902178723412077,1.2323621186471887,2.1770072595302286,1.3567803139762529,1.2156405578199823,1.437254684812581
gene_2512,13675.650358283767,2.6303104764338436,1.6226705988160945,11860.246955574887,1.6748389127066217,2.68205986510112,2.6745701138760887,1.6763244973530718
gene_2513,6856.056941241222,17443.836009178696,2.555550066088927,10394.930815961963,1.9789231383579269,2.317398488350081,1.3811180130567409,1.8503893592786615
gene_2514,2.299372761095534,1.4223147258268776,2.500639790705112,1.1993842251713285,2.596486539317763,33700.88311063554,11775.639910797972,1.3877126781544125
gene_2515,3.1606736468746615,1.8454828638990015,1.3834412204501212,1.515959932380904,1.4128229638072325,1.2988253839048547,1.3802878725448293,1.4005293562946879
gene_2516,1.7444266625371754,1.0969668966775061,1.3192188619437646,2.2078930023248207,1.4184586563194204,1.302546690528293,1.1426059251100837,1.1632885648639066
gene_2517,2.1094815437078682,1.3712575384666854,1.6695396273016554,1.4261784091195742,1.242979813172447,2.208241413960825,1.2821135909464996,2.6858373385985503
gene_2518,1.8399694570644605,2.1809544274260904,1.335809201186336,1.878609352773882,1.488873550691148,3.0889330150936667,1.3537878979757652,1.4266175809625485
gene_2519,1.2839684866189183,1.2170473681819758,1.507835674445043,1.9300673087161624,2.0321837811831993,1.3101128759066138,2.8378100821782946,1.184461474427364
gene_2520,1.341250811778354,1.36094244918059,1.423196172443863,1.8933157513166774,1.7084761435132303,1.463727833897956,1.8975695721200687,1.3974095042905075
gene_2521,1.3615782337361761,2.2317186524328156,1.2679768006284602,1.4285456235074152,1.3213941648433587,1.6365686854846433,1.510151413223651,1.790450188986879
gene_2522,2.550874148352304,1.3907217027595837,2.1185108331560802,1.4942015666162731,7626.916673084568,1.5592863678486095,2.0134220356705943,1.4396016876106925
gene_2523,1.2688639898692562,1.1727893773458034,1.32147476947489,1.246566496020295,1.7641809517928944,2.934367741022216,1.771257327393948,1.957466832191455
gene_2524,2.8747962667221723,1.276795900062717,1.6333941791063522,1.2917509744201037,1.9450768638415383,1.2801680013628527,1.5800368852066826,1.2443040902690472
gene_2525,1.5607941190368166,1.5098196258025591,1.7555747822442052,1.7238416868447224,1.372127487504883,1.2094106439777348,1.5059026494745475,1.681115181655747
gene_2526,1.6172443625955382,1.9433091960902793,2.9829773522966354,2.724478836012842,1.889276696273423,2.5312660225921104,1.652914304249606,1.6240287739236559
gene_2527,1.6386067495622338,1.9542540676073468,1.6187462011090876,1.3736006373140468,1.357045525113993,1.844397249286045,1.8880507211002224,1.7701167965197426
gene_2528,1.75691813774448,3.048931810088193,11152.771963012841,1.2914470738458261,2.6144131312771655,2.0612591783499212,1.3287563886702312,2.474750136415468
gene_2529,2.310129498918938,1.4327932283114717,1.5603860713579507,2.173328384890571,1.6965632663452064,1.6592728905419503,9029.715109687675,10001.585627448912
gene_2530,1.3150117562915449,1.4475451577740361,1.9349179417648388,1.8263896870972012,1.4025107975509088,1.6596021349089956,1.7773429292085647,1.3324477987868857
gene_2531,1.371381712060993,2.295521736557433,2.170049339561157,1.5075251342698526,2.578412717929127,1.6148410627898748,2.182267972705564,1.8457973441988058
gene_2532,1.4165056272934098,2.7501968671272032,2.372639953001583,1.8157207927477668,1.789157764880653,1.4420211795854394,1.4261811649818663,2.1450213550250563
gene_2533,1.555570235130381,1.450415631869092,2.3201015780388,2.323392729837826,13183.492540602014,1.8832824873960297,1.9404530487959724,1.3994814862601996
gene_2534,1.4159837729669578,1.4541199602958204,1.5105432319514915,1.3037137152290736,1.4018608882964783,2.545719100162088,2.0975177100848064,2.049468170649719
gene_2535,1.5993007373205859,1.2572668497291224,1.4904805277655886,1.8224007713077497,1.7235489776120476,1.2144226505774733,1.781879835652591,2.0092326105181786
gene_2536,2.070890710536334,1.9746884178682298,1.2697042515117836,3.296429488152386,1.619963972505131,1.278170983231689,1.3591750380863457,1.454444576487029
gene_2537,1.4154493744527539,1.3644000179851,1.9447939143901214,2.6580795459283673,1.8190546574911366,1.795201151392259,1.519825849418447,1.3999489315229368
gene_2538,1.4173601602869084,1.73801099383302,1.2621272309825604,1.4833947147514612,1.433743376155098,1.2671741360353226,1.2940422027779306,1.3174405469084411
gene_2539,1.2797867126538456,1.2188489207766358,1.2667916309754017,1.410803956364199,1.4666607533493081,1.2916073497668594,1.3271643467907999,2.7351110899433064
gene_2540,1.8023217316371216,1.9319225983525503,2.5863468723617626,1.885398974660627,8866.020846014762,1.2866987218381851,1.3731309548786157,1.4996185127213806
gene_2541,1.5265205813019485,1.4280367568718477,1.3622648126904027,1.9018564696437965,1.5166069285754726,1.3932105825019727,1.472098436246627,1.1764772242942405
gene_2542,1.5137663886803818,2.2973137187492387,2.302609073201784,2.6214094369349503,1.9313217334267372,1.9997324733857402,1.5021714394252879,8857.25762173014
gene_2543,1.385162181368539,1.6853291848236025,3.5888160926588384,1.4259243668629475,2.4490996752482244,1.6078953372214433,1.8042158230950058,1.7658934770474048
gene_2544,2.1645699849255484,9096.913762900405,8398.742516102151,2.621712107981013,47815.18065443011,3.335453384977389,74702.3619183794,2.5700505079560214
gene_2545,1.529658204761078,1.3759278447134997,1.4001144471824771,1.7786386680143522,1.6628776334281776,1.4192954410709344,1.6369874769359642,1.1794353719543818
gene_2546,1.1740252052076,1.1610753850406466,1.388603416798262,1.1342372222267292,1.2599990753853865,1.326605190909351,1.308881284959874,1.2448701865360012
gene_2547,1.6574301217107903,1.6107482971473972,2.415612994263715,1.2696606006965703,1.5544192918387814,10799.19308731284,1.7473802454690306,1.5664714055115105
gene_2548,1.2986514842270427,1.7466007787979412,1.4611062032261493,1.341910970337063,1.1792135675875903,1.5008644706213254,1.2524163773488879,1.5363275161829224
gene_2549,1.2474494195596513,1.0808213725306655,1.316312757189414,1.0764998411763544,1.513300647788726,1.7692053431665429,1.6967079762652388,1.7721766633583733
gene_2550,1.6724694166533394,1.5902242788240941,3.11855288099816,1.7846625378193415,1.2948118938553888,2.1168565347194135,9388.111341005337,1.20580750571953
gene_2551,1.756734502338505,1.4576507934941285,2.057786694192873,1.7179171401033733,1.9219466662550695,1.8731998896203055,2.339164768664134,1.8916044358033268
gene_2552,1.8275188538240528,1.3624061848926785,1.364915495413999,1.6345795582933045,1.3117830453031651,1.9321950737816616,1.7939474039036323,1.370963395736283
gene_2553,1.674393685563635,2.4118976556543323,1.378986112427547,1.7664529319030025,1.2549852915157929,11961.029540301903,1.5560601651159158,4.364250326119258
gene_2554,1.5867236120803219,3.0147597394383747,1.3469736657988973,1.7191542401796078,1.4080615846588675,1.8587389610736607,1.3199916505891203,1.4241149281254346
gene_2555,1.6010119855545817,1.364419042423644,1.5406284595358621,1.6115654812963387,1.5261366210847416,1.6309766956399314,1.5472347961121897,3.612987964932065
gene_2556,1.825931076102548,1.7676775703756165,1.485994651565779,3.24601266250507,1.3450166225674787,1.51958930596306,1.8553409496147393,2.7090558829372955
gene_2557,1.6118945363480834,1.6376106097939196,13145.362912874434,1.4786791927843772,2.6310340829993457,2.391639043502009,2.02465698624343,9295.851454169548
gene_2558,1.628173674310607,1.3689401930308271,9503.498921775283,1.9289045231989206,2.26673244360148,1.3914185349710135,2.0024459538399184,12876.24057255549
gene_2559,1.363941963255058,1.0946960918058977,2.5730634809968773,1.257285278658166,1.6840738575930865,1.4697486560860675,1.0801617560280303,1.5554825752455588
gene_2560,1.3867182044499864,2.1541800897219603,1.43457267454741,1.4942160861499925,1.3228421590431352,1.2982023715220519,1.972887331305199,1.1665134503724706
gene_2561,1.7278417857806498,10058.840166552907,2.580432056657752,2.6557438796240684,9500.764033128251,1.7521271255421318,1.662423799766816,9826.292874432289
gene_2562,1.242882244464528,11672.665375110142,1.1594060666688508,10820.249383106418,1.337596817027228,2.1490125498313946,1.3741512848225002,2.4938773091254367
gene_2563,9901.04550524045,1.2688194424757406,1.753404965782426,2.1718289205320485,1.4762229883973308,1.5889798030784599,1.9743290244753668,38545.05899275387
gene_2564,1.359494412336515,1.6840831299596413,1.3393716734431471,1.3815283342398934,1.584894822949377,1.4373412405193027,1.7863928047843092,2.649441595265773
gene_2565,1.1551026333599852,1.4072268706107156,1.3488816670645012,1.382466329940338,1.2653522087586946,2.1487538022312807,1.3572134192552687,1.2429646194875381
gene_2566,3.0998685057239292,2.1414394180947194,1.174693371143582,11450.589116259562,2.9346665434927783,1.5896070566128722,2.52689137037921,1.8550798454806208
gene_2567,1.4105180771790264,1.3515045352454114,1.3372588890148007,1.2872415842050013,1.3088230139206376,1.7004749082455386,1.2440688805818587,1.5167391491169344
gene_2568,1.8000316506405443,1.4239496720192815,1.9379908551040925,1.3705518927938904,1.21208050230705,1.1792006352495605,1.156110047729667,1.7387068424239098
gene_2569,1.6619088893342384,1.7796834907633226,1.7019214641168698,1.563980142320807,1.1642408410244707,1.7060449916991953,1.3294868960585404,1.2954804524654115
gene_2570,3.282173757759776,1.3819837580966854,1.5920745625671602,1.45399854248035,1.4904460129513073,1.8559261568496233,2.70890260718016,1.8349028403182668
gene_2571,1.2954697930798775,1.4910540734543778,1.0798727985506544,1.3550770678741184,1.3127254291770998,1.47502149196564,1.6344305069691327,1.5557664715501272
gene_2572,1.9078152945705302,1.3117173543743068,1.4063315741247324,1.355370417559242,1.3780297399585009,1.5803275210092953,1.3662692851813638,1.6804941517312153
gene_2573,1.838560271952347,1.3672900846651592,10842.136740315693,1.5868453115378054,1.382337123285621,2.0806113244595132,1.294743831110832,2.053351898625128
gene_2574,1.2467004147246226,1.2088322327225163,1.2345420432862524,1.4910832278996935,1.3633402969468782,1.2205622865188757,1.2854004484676027,1.1631999186573732
gene_2575,1.3990792996145178,1.3702547049984486,1.24885232103183,10842.122323573438,3.422231344775188,2.0132470140791425,1.4907740172883606,1.4620357639300272
gene_2576,1.6507253374324937,1.8680712221126186,2.492711288962059,1.6392547842362388,1.443461606743684,2.1717381615801754,1.9423592230361824,1.6096059992076976
gene_2577,2.542209604047302,1.748429727818703,2.645596483481603,1.9940077778962473,2.6849351334553453,2.0554954160835788,1.1761586827518002,11920.176543583766
gene_2578,2.069369287294789,1.115560745957078,1.416700714271928,1.1978346603949406,1.683287199912977,1.3802422716558245,1.772703869703084,1.8942015395232692
gene_2579,1.5697908789572192,1.6109486408297238,1.3466777259196914,1.8096044571495093,1.5609164088682328,1.5216101489882725,1.6958064613884514,1.2618279243311252
gene_2580,1.364165251392764,1.5121548646611973,1.3278742616628005,1.4655070926312812,1.3768441350277654,2.3754286036731544,1.2668626908760157,3.1879395081242063
gene_2581,1.6167255466521488,1.470325590822599,1.621457635399541,1.3967617267910817,1.2763086396853642,1.4960644715846259,1.3319923384914656,2.2681110517420358
gene_2582,14008.737058706973,1.8005690881329999,2.518046771923125,1.3500692724380245,1.414857174102447,1.8402279140240663,1.4433104673903356,1.48813749962117
gene_2583,1.9767678431409201,2.382529483271405,2.0977010035807444,1.4940842891951707,1.687346334131331,1.4716816968883293,1.567088607156561,1.2657899142990545
gene_2584,1.9654843493431042,57863.932832268976,1.561297049597358,74995.46398786936,1.602780277751515,1.7820720511775,2.1208786400487685,9364.40687839576
gene_2585,8735.911478227255,1.7504467999309965,1.6331475789023249,1.7554711209922567,1.9514834333014306,1.9487337566398153,1.2483679852901686,1.3175933843537069
gene_2586,1.6827389385005287,1.5677728936872415,2.277995260617144,1.5855194003257143,1.7539855330292469,2.3717010785543207,1.6433845823066606,1.2633352256524288
gene_2587,3.354030576990275,1.3436244361325,1.6441643991535004,9199.767564571894,2.3081104065802087,2.0931563213406412,1.418094428231894,2.291373140945071
gene_2588,1.6588838392589718,1.8783646052073062,2.7765264429520724,2.756899553606554,1.2728439636576254,13109.02162211812,1.5194188365352772,6781.6447174071745
gene_2589,1.3667481680675069,2.441055836479087,1.335293317218735,1.4841073755424832,1.9439492531912184,2.307640640395872,9763.758666514028,10534.548930401956
gene_2590,1.1668336288080596,1.3663622535078266,1.1425804856072095,1.5042951435351495,1.7092555564494494,1.8658461899074712,1.9054964354685737,1.6226723785469008
gene_2591,1.2925387484648994,1.3741804126370296,1.5427196882801386,1.6058543277404684,1.4221204662628164,1.940385432734998,2.0354948435426516,1.9438428265746595
gene_2592,10919.749667496038,1.5159943828882976,1.916409496093315,1.4873036463068832,1.5592883592506706,1.7823378981191949,1.7551238600374939,3.2610247996781516
gene_2593,1.3309237974249162,10593.901069288335,1.9509862243187075,1.2656309454565375,1.8868735434025028,2.1043538348616426,1.9492222314201546,1.485579097601268
gene_2594,1.5239852907689742,1.604019992964773,1.5416524801325242,2.276702211603437,1.4691382802989204,1.6102764473656148,2.2726764719809798,1.3297663608608394
gene_2595,1.4108075819902686,1.4175111369011113,1.9792841938386552,1.5727227077962664,1.4303234899323274,1.5408821877552688,1.3427729406322622,2.6220662789609213
gene_2596,1.6393060642576878,2.739555293010978,1.6288594151349578,12538.540751932196,1.8808154883717922,1.7111954758033674,1.3507598587757796,1.6859003609065675
gene_2597,1.9308896902118091,1.8172225060991014,14669.004536875773,1.5903009545538356,9831.632781403845,2.1091794631250504,2.1412908604782848,1.9525516993389496
gene_2598,8453.002313562745,12945.043676489364,1.2953593911481256,1.8176787838819648,14657.407240007142,1.546135502508092,2.860007144394179,1.6859333577071867
gene_2599,2.2532403519523383,1.5226372761818388,1.405057768757296,1.432425210454656,2.3492100881770384,2.4579729013507876,1.807168713362949,2.4309983439357965
gene_2600,1.8866368051050642,1.231604687079814,1.2823379677813758,2.125764747844016,1.275162132049217,1.3534801045796947,1.5028433822391019,2.6173793510765004
gene_2601,2.143066935877981,9838.65531465208,1.682785758796635,1.49917363387929,3.022096656997198,2.718847292049331,1.8626675979361553,2.3316620693479218
gene_2602,2.838333046654359,1.7612558296094512,2.169099058018942,1.5198796055645754,1.4151138677709434,1.9992509965515564,13486.763269426121,2.3343227872460317
gene_2603,1.28461839128674,1.5667032415263196,1.505025890382013,2.471364603701933,1.5683670946495065,2.141310566841114,1.7701450789504931,1.45490686220767
gene_2604,1.6891619289162931,1.4686583633408719,1.6680893503087517,2.4070815235351555,1.7793142644912465,8192.844432283327,1.7056257894662163,1.2358808208373346
gene_2605,1.7145889530025438,1.7127869573702514,2.2918507404975723,9998.54085829378,1.5507932230541186,1.8886708653017874,1.5455682253351537,1.7809423360132668
gene_2606,1.4563732858419047,11534.666199656549,1.3772325790456763,2.007534917833516,1.826278049681803,7950.398364926667,2.225749218355967,10259.726340171112
gene_2607,1.4769732973036382,2.794177085224284,13793.992432248488,2.1792176233023635,1.7057210403104153,2.0374005876072308,2.3203478996733726,1.243184335069827
gene_2608,1.5065500833993313,1.8099472491097657,1.7129339774017287,1.5391921403975866,2.7053394214279938,1.222744359270627,1.7557689856354217,1.7924791002281375
gene_2609,1.197632818895724,1.5427703123630023,1.5334118144818598,2.0754319304683637,2.65701224577416,1.3521242162373943,1.6276255946198772,1.516698673426061
gene_2610,1.2686487389842684,1.5494692732429773,1.5426123201749533,1.2265780154649102,1.5249064674800683,1.2146266194276332,1.5961373097093505,1.5059848691694895
gene_2611,1.8944519946395861,12570.020162796456,1.4858251646740612,1.5929020826586262,2.2374184513455755,7139.498608720039,1.9663932303635168,1.405155997474444
gene_2612,1.3242862657563979,10453.408104017786,1.1988352097085262,1.2241724135489358,1.834227222714427,2.976240162608376,1.2718333283218501,2.5227994300743424
gene_2613,1.560824581579398,1.2012650781730303,1.3606345492857619,1.766313393055864,1.2674682406328972,1.4125826781424848,1.4479466289300804,1.2356379874292438
gene_2614,2.696836474230427,2.140727900600966,2.677638058236084,9399.66396191046,1.4922349975887506,1.5909556103064635,11036.456792249031,1.6838037955728349
gene_2615,1.8325726060470808,1.5067319866806224,1.8103029603190597,1.244166847905462,1.8564093279555072,1.9534465093857825,1.3067783383951903,1.1976903941768529
gene_2616,1.3952927919210547,1.1885048079454845,1.4615546692445267,1.3577750477013601,1.4927573245076429,1.601682464298453,1.5505570118687957,2.2536582582776576
gene_2617,1.242693852773613,2.42305455055859,1.812109190000051,1.3038114339256346,1.974661559989463,2.720192599532247,1.2146988859941446,3.1811624582188576
gene_2618,1.7203752704309547,1.485318171453504,1.6303610476996522,1.5402451890419049,2.509369636917253,1.2637981084320555,1.390493231903936,1.7678047154885108
gene_2619,1.3223600856774524,1.1026802313650468,1.1458525571710274,1.658049649148499,1.5642883403963772,2.0719275763633087,1.2146597920831053,1.193330076785556
gene_2620,2.593264669538921,1.7242758056244503,1.3532511005944565,1.1952712570669506,1.2858088171033961,1.3460539706673351,2.877294214470783,1.8838183420111665
gene_2621,1.8462244984821286,1.6384757604581839,2.0789612557945003,1.418988035940606,2.9400359891001555,1.807835716798134,1.5388884294874736,12978.605395515491
gene_2622,1.3745730309609387,1.5321704863033958,1.5484472264263345,1.6301075103892178,1.9869288078877192,1.346817764790321,1.3230382698928815,1.4143322119945227
gene_2623,1.5737874747539737,1.509968388515111,1.3172407112570925,1.325604196550147,1.6927537513831188,1.8791193678598122,1.2393214297570674,1.6741730139910262
gene_2624,1.933946422677626,1.3791810675101295,1.2422162107224803,1.3110746287593185,1.648164450929515,1.4400148268582063,1.3126045123295402,1.4172638133658537
gene_2625,1.5360677159308231,1.3329648855311336,1.6241997300290307,1.492674560108354,2.651599149647913,1.2360902106011797,2.7797114097630424,1.51360753317112
gene_2626,1.5574542613338995,2.4325521106308985,1.247323570381398,3.0831891692101503,1.5703982462280501,1.4752246551487986,1.45898435425428,2.1650950918462035
gene_2627,14359.85738216052,1.611682328209629,1.6888187409598547,1.805582989790142,1.9403025096072752,1.9300600871058882,10515.566133971022,2.397792020587831
gene_2628,1.8559535890359975,1.2964178489812581,1.672354756909733,12560.999592673897,1.5949442392550772,1.6188238675064583,1.3147903726984542,1.5527541383737664
gene_2629,1.570181526082443,49827.89093828768,3.021988153538672,2.1989021501585944,2.886314686341682,1.4463076943550286,28969.16500333634,1.698226567563263
gene_2630,1.548711147286563,12014.339675860463,1.7718755482803972,13642.426161949521,2.7330437471946145,43696.51454099963,1.6959243054033375,9232.45129319878
gene_2631,1.5372206567503621,1.4040781823139692,10154.78560470658,1.2789004171506146,1.9552209979913455,2.0260014200602736,1.9081823569025989,1.4820590547873858
gene_2632,10229.474657764385,9034.680912229533,16134.991426343428,1.8484655429039842,2.115308531458217,2.3861509077065266,9501.72225564016,2.166623094415065
gene_2633,2.2447413587327003,1.4987732189143852,2.7330185225595587,12977.305423747339,1.9040517293046662,2.548956702145986,1.362950380913848,2.268417200100968
gene_2634,1.8512782696388181,2.364240821497671,2.882498176111959,1.413646406777271,2.165096107057324,1.8125335380079903,1.6356008498131243,1.7220396228201802
gene_2635,1.7058874638998953,1.3429486322853381,1.2714831629114423,1.4058735488303051,1.7124959421876254,2.0702425747191024,1.2871349759866233,1.6560667273163021
gene_2636,1.243807867875805,1.619946020661129,1.4775608060295962,1.5571641848625595,1.4358589261590993,1.405251915283364,2.49153495088981,1.2644895510464702
gene_2637,1.79187167335883,1.2947440235703005,1.4913351465722244,1.3443779542978076,1.3772227308916036,1.845571230387563,1.2830952427176399,1.2288192619725007
gene_2638,1.4696450235833096,1.6432739840258146,2.019372954069525,1.5265023300542147,1.191017361263248,1.3086980826913368,3.1399101395986273,1.2208553333623358
gene_2639,1.250497542896621,1.78805429468549,1.3077665275750394,1.458985226837099,1.754558849068096,1.1215890895431777,1.5746236939758265,1.2933303736500117
gene_2640,1.3670564874516402,1.2468427485156763,1.4309887239167176,1.9617286960196498,2.003377298038498,1.6308779946761154,1.3607629842190851,1.45659559736114
gene_2641,1.9565590029641269,1.3486632127767557,3.309846191733494,1.6055823572234387,1.8676529769918169,1.588581955000249,1.6107811459283103,1.957681432219496
gene_2642,12249.415329204263,1.218922857844413,8063.409281326746,2.747020449795389,2.8953268529200913,1.6719900485401897,2.530366981562926,1.8479596742606141
gene_2643,2.169544071823801,1.8513110394238759,2.1227520525698407,11812.65803659824,1.6846134589810755,2.0696287109487606,11095.831072802759,2.017282772446258
gene_2644,2.630673643517614,1.3459148085974315,1.599302607965708,1.3154522110745221,1.5597112742109862,2.7551372996918757,1.564378232297361,3.0364838672393715
gene_2645,1.743369140205967,1.8575642559458008,1.530834327227378,1.522067245394476,1.4044330262230937,1.4804856949255913,1.8412426168666587,1.823654598229246
gene_2646,1.5841504319298267,1.250535376841425,1.335816375755881,1.265243265580799,1.3838417290800478,1.7175942309611874,2.2752410848566353,1.8098426542862267
gene_2647,2.012519911775339,1.4903046519422698,1.1366492980380378,2.1467446359339717,1.4980151187338115,1.411650270893959,1.2027292960347957,1.2417333099064645
gene_2648,1.222533132483302,2.1590547238119946,2.486352455238218,2.41564084649633,1.3273153144554513,13306.25183254323,1.40494886960349,2.7832518933013874
gene_2649,9686.26489111264,1.995770427487479,1.4762484818077894,2.7167005193585054,2.7629052297951366,12801.44222653998,1.237986973968162,9968.53299224287
gene_2650,1.4182838463402174,1.2674321459824567,1.1733674513780206,1.2685373896219212,1.2753620907733396,1.4880088583284885,2.0017609395341176,1.4387769912121235
gene_2651,2.7135092254374924,1.9295685131649813,1.4479407512419844,1.885378687819124,3.095544419541956,2.77450291901101,12064.107192214991,1.7514223295971083
gene_2652,1.7442931248585973,1.5771588504802097,10632.120789929733,1.6168471088096334,1.4101055664722764,2.230326658377165,10808.91408667043,1.3548217670554858
gene_2653,1.6743154625748475,1.4223159064716813,13104.498233089958,1.3287852557605244,2.7604444470805674,12528.114136739829,1.4662203092142878,1.823659795154333
gene_2654,1.4064396357171165,1.2626629537301228,1.921778734851293,1.6943978162407736,1.5097100403965737,1.658366081486639,1.1955246067548768,1.263076342494787
gene_2655,1.7112596861599372,1.7151128562695384,2.357315797125892,11326.699421753105,10960.614410487517,1.6198452279164506,2.614788039516279,1.8927143031716167
gene_2656,1.3458584730294467,3.3067532881097943,1.7124107247944746,1.9875722293622182,2.3459553113403984,1.4288523576482848,1.3283365022412665,1.2364018570178552
gene_2657,2.212659825913706,12448.95574306527,2.3027022566380526,2.9120349813326927,1.411911643153414,1.4272588054390294,2.003688629104654,1.884391651922351
gene_2658,2.420778411474001,1.0963548958436944,1.4825273524961067,1.240281514514962,1.74649214389495,1.743515852334584,1.3563473980027783,8323.457051306212
gene_2659,1.1897544720639226,1.3488726364888906,2.0078190143036303,1.434520817590586,1.5337501307958947,1.6521062142867762,1.6292226590797396,2.7764204606984575
gene_2660,1.3994910310597857,1.3688443936199097,2.7950996059307873,1.4792886741915616,1.353691222154523,1.7414152375828142,1.432931255525934,2.3374539697561754
gene_2661,1.789187001248007,2.2555476023286127,1.1421942752358907,1.3076931105318268,1.4927721835479413,1.4468831775834379,1.2917299192989193,1.279351983162871
gene_2662,1.4343830751811242,1.3794929068955402,1.662572436170581,1.4082410518437716,2.117671339805623,1.6123451427845614,1.7332791106352774,1.307732984891314
gene_2663,1.214181886700904,1.2213089784932067,1.1560842488108594,1.236462970107108,1.660405506690111,1.4182348057025498,1.784321869969081,1.1203918066397678
gene_2664,1.3819974783380227,1.3000502686402018,1.9369873886788762,1.8842557350929945,1.2942648290830572,1.3941213125146334,1.2494683221825416,1.6389573267605644
gene_2665,1.4618195671145866,1.3145061315339666,1.3625990639313146,1.8289809344395365,2.0630273928879155,2.598779947096513,1.5000007450226835,2.827270326959433
gene_2666,2.355258019942075,1.3526164488450865,1.6245821600039507,1.812158377497843,1.2627057017288421,2.9953913556314298,1.6994569902225276,1.4147170702434007
gene_2667,1.284053981951488,1.3126706978477958,1.4067602753092345,1.093966786776534,1.215066687052542,1.2731637822144142,1.2980851046164816,1.0742832378773994
gene_2668,1.4523330803228678,1.4052822594743175,1.7374015610921683,1.2761547519477985,1.3635777759455803,2.503127532066479,1.3001009960946583,2.170815869720881
gene_2669,1.3437870790987945,2.507968486849066,1.492809946557252,1.228186206772429,1.2340478939383248,1.4401120110766978,2.327654531322853,1.6783410599838422
gene_2670,12331.812815939393,1.3420373460879509,1.664027905889321,8995.168396198522,8458.360249569876,2.0041234031860964,2.393250324103206,9595.187661039847
gene_2671,11525.978363572212,12726.350480830306,1.4555911971475668,10805.44397591278,1.637291918770849,11449.561073088253,1.5261675139989068,1.7563360316761052
gene_2672,1.3195057909104797,1.4667234938112987,1.4174670078741698,1.8304073608466167,1.5032674787007017,1.923929583221817,1.9831244071840688,1.4496859169127165
gene_2673,1.2350346633013483,2.028618958971225,2.1856593459506266,1.4786449292102501,2.0357832083606864,1.9574150112790647,2.353272912717543,2.098199576157274
gene_2674,1.8211625961091502,2.0150420237862035,1.8418137442767781,1.9549548162160473,1.304445418742967,13333.61749726111,2.0276734634813502,1.3470154022068566
gene_2675,1.8020620545318085,1.7318992503469461,1.5637316867041318,1.146260540235327,1.5277041826464857,1.909079628819787,1.3597672712532356,1.3358873935071802
gene_2676,1.260294579118585,1.263261705152406,1.1568956964681503,1.2436025631463083,1.508141120035397,1.2331256212874437,1.3741774919028764,2.2920140193528793
gene_2677,1.253027022546406,1.2466382746491653,1.4036248969937402,1.147426828145839,1.3643868795611291,1.2775050935038226,1.4723989274625333,1.4543330933714234
gene_2678,1.4605789507037858,1.363428210670667,1.9057171939072661,1.4269238392611434,2.5283540333661443,3.095488916180008,1.431185585090641,1.9707735911860884
gene_2679,1.2760164343476121,1.6866011897323363,1.9814930099320693,1.3315822860427893,1.3143947222510448,1.4050465312719729,1.2341558136437463,1.5459900763217815
gene_2680,2.7093452890315297,1.3420038781207448,14559.341247289896,1.380391374300742,1.5702542149351095,2.874944255045827,2.456742646523938,2.0475467104955443
gene_2681,1.2277837733867156,1.616340374348013,1.347021355885908,1.3525125258492878,1.8976230369057987,1.6466840353045424,1.92012079426613,1.5088075623601662
gene_2682,2.039910670950747,1.1076828958498692,1.511873727158257,1.5619340740031586,1.4132442060370582,1.2461141436717795,1.3649697440396298,1.3595060705470634
gene_2683,1.7040207882734775,1.116882503089649,1.3790968450753522,1.4826920139047197,1.2971589286948935,1.522942857234636,1.525735416576214,1.5376576249794793
gene_2684,1.630372992506455,1.1847518935103125,1.483588368666952,1.3607327725139025,1.9429330255714714,1.5536566623462627,1.5512415421050711,1.4872261655526078
gene_2685,9232.185423140776,1.5993221685934984,1.5755102080910672,3.121949403369567,1.2017831592127806,1.380275349352977,1.7505790136346826,1.51158959742118
gene_2686,2.66325213156138,2.486075150079979,2.7709666745015955,2.0984266240551865,1.9867768099712124,1.8511552795756807,2.204747519860032,1.4047335638451621
gene_2687,1.238264625468941,2.218663883791572,1.1548793155938761,1.6813832346224669,1.3827621864442097,1.5636612509564718,1.2251709948660745,1.4574453373354752
gene_2688,1.5212988327216663,1.4363862472767646,2.854182239125107,3.048931954009832,2.6356708381491396,1.801188972744564,1.6388297071813656,2.3858723376651914
gene_2689,2.0872247274082403,1.4486039649124705,1.4249576641241108,1.3744189874223025,2.444519085479905,2.365976963853692,1.6623472615581485,1.9585684749726384
gene_2690,14011.533009965387,1.7827125025962662,1.1645592961193123,1.332925477543452,1.843275085811674,1.9819143198372449,1.4314214382658579,1.3741323012687587
gene_2691,13429.360736903787,1.0974447843731017,14598.20189901715,1.7177921890286105,1.5321300941301728,1.4326877775678553,2.043547848246559,1.7544904082666573
gene_2692,1.4382211159090819,1.9462481783082313,1.6770958768418016,1.2666987998796047,2.1434096320586975,2.078005232544966,56156.505815838165,2.0286996160287285
gene_2693,1.3876179003691198,1.4258401033854036,1.356529457670212,1.2492527871439711,1.7610466316197477,1.5281626241270465,1.5557272975113334,1.3241116614915132
gene_2694,1.4404429151718536,1.409745462339342,1.2522293801608992,1.6870102957095885,1.963044409665933,1.2824640390577928,1.4394055949058793,1.3495286041101717
gene_2695,1.4352149520145172,1.505275506632806,2.323160397447688,1.6074291875899644,1.1363102405319632,1.6844429891294244,1.2422104350549013,1.4091696119733739
gene_2696,1.1058587102540103,1.1700562558830703,1.162927799511416,1.1261776636508714,1.2427183106561674,1.4816706819399976,1.0820574712636666,1.189543980953627
gene_2697,1.5982921600236841,1.670726873851049,1.7346572805900378,1.3163692693031952,1.4547791324060722,2.085882936488441,1.7204479925948595,2.3677474973257753
gene_2698,1.3641207114418596,1.5770271543049605,2.1568563665487535,1.2149672540803758,2.1934196656793796,1.2643150435484174,1.4331490873819095,3.6068090182051495
gene_2699,1.9499733760262823,1.2815388575304132,1.6273804375542544,1.938280125045734,2.2199883483467455,9842.871410630121,1.5955477707174983,2.3209054507152636
gene_2700,1.2962427513808983,1.2311156062350268,1.293593171639788,2.712561557737456,1.6458864549892724,1.2003770472554027,2.019181859725612,1.8757407444859406
gene_2701,2.44246447197332,1.791952992238269,1.3985972179678157,1.4155519763716913,1.4146867552829578,1.577874900173663,2.8123413972120446,2.436304177868859
gene_2702,1.7841447100940164,1.4483506650497235,1.5150789433041485,1.863565177807732,1.4166607704648861,8274.588097867527,1.7075282519294341,1.518068992822788
gene_2703,1.3226278113804382,1.4721649673626298,1.69241794598465,1.2751985847384728,1.6371971323019023,1.5564935182936197,1.9224861606426784,1.9247070856823907
gene_2704,1.6985419414990792,1.8666529172237087,10082.609464197376,1.365954414304643,3.125830239767341,1.7555774841801053,1.4025749314293514,2.115520736899021
gene_2705,1.337129180521492,8605.161314423192,2.1310145589025633,1.660259591461428,2.149497695788106,1.7008311658425612,1.299326991804303,2.4428536331926156
gene_2706,1.6187562670521054,1.2826912620553799,1.593214659165543,2.2727659665424644,1.5418707281975983,1.6128453444568245,1.2219600185837025,1.276841836311314
gene_2707,1.8335138542324687,1.2874746812203117,1.279438847365221,2.034528878907928,1.4706462452487483,2.3500021276906717,1.6280538969251532,1.3601175492778255
gene_2708,1.8416208146596047,1.2212528033505383,2.214551051908861,1.1604126457427806,1.3686582024303797,1.462806509819444,1.6345878321436516,1.2384370392716575
gene_2709,2.5862193142774244,1.2126530050904545,2.8932335888944727,1.2699940938433736,1.8720834575038032,1.6751918899264708,1.4175059130655263,1.2649430312653616
gene_2710,1.3423206517513746,1.5753466456138383,1.361564035004824,2.6457477653923114,1.425407320121857,1.5771469175089594,2.2863004678651713,1.839236846825512
gene_2711,2.3597678626607843,2.048998506147678,10700.248996430866,1.7104346707498894,2.294033090939536,1.474557627215152,1.1030032364310036,2.0313996067697255
gene_2712,11312.408677500403,1.8085410687132362,1.9762466797856193,12307.156807769406,2.2909397312520343,2.641857980040067,2.026952698402953,1.5248101087488641
gene_2713,1.2742149958144162,1.3200773765534946,2.78591634198397,2.9711044470930257,1.4121071170882322,1.8528800449574634,1.4936020175481308,1.2324171630084773
gene_2714,1.2540876030537123,1.516702770279036,12284.852825641192,1.5942057733733954,1.5833212438974933,1.7826444774631247,1.6723566579756857,3.38063569829778
gene_2715,1.861344222239798,1.8217028234968393,1.4565191088468592,1.3295950062890565,1.4904913135451243,1.717162715154935,2.9031131155951746,2.317812319950377
gene_2716,1.4923327731794895,2.074370017865522,3.0796645317991955,1.475341850692506,1.5347231874547658,1.4382750125488453,2.38184052627093,1.4433166116906753
gene_2717,2.2422300839488623,2.4603039814726158,1.5419860075708907,2.668322956967167,9937.74926918892,2.087252866676029,2.3209650807565727,1.9215147608223113
gene_2718,1.3268647780606688,1.313694678254675,2.1955442159464686,1.8648492337037843,1.5878033731183163,11020.445577790982,2.713497305605336,2.152675025132363
gene_2719,1.728710475151292,1.800781167201682,1.3715653750157926,1.6734617863787993,2.2405482801881975,1.2785847667817716,1.5723302691268348,1.7623621267440825
gene_2720,1.3908733218486842,1.6236263707291412,1.505102041781939,2.7115063914823216,2.318304682685031,1.4371655307706157,1.3428030299064988,1.440095351678485
gene_2721,1.3070998213436058,1.5195537325556283,1.4269608793174686,1.3269531748345762,1.6200079699444232,1.185907252215293,1.175775876553913,1.337835316145719
gene_2722,13512.11943439584,1.5308327895106804,1.6714218336551279,1.362910663524857,1.4643483968089799,2.53179128322069,1.8371496996444898,1.405004551957297
gene_2723,1.6620520705001636,1.7926883361910688,1.9098482585898617,2.290840015565496,1.2158230671723167,12449.681029580248,1.6559356300614785,1.5345796734550163
gene_2724,1.876808669729438,1.2499746973348331,1.285266690185337,1.464435189596916,1.572258820107443,1.300859421373648,2.944183522877878,1.2296201190390101
gene_2725,1.4238891018652238,1.3697086860584635,1.729070717625385,1.4373597756616514,1.6443305744477665,1.295410282603773,1.254253680415467,1.9607588054758442
gene_2726,1.1838682549909627,1.5982428247012894,1.528293128659916,1.5790574295396422,2.286924662383482,1.2004816820051287,1.5319476754148615,1.412518020935568
gene_2727,1.2176369768619142,1.639339780834791,1.2733433651461763,1.181733934329599,1.847730143743354,1.5921249177729677,1.3874388686118206,1.2541846676032726
gene_2728,1.3765441821226532,1.4194903098585983,10627.489917836338,1.7808815623125722,1.386970101425638,1.2233141344515135,1.5874793269589447,1.7728189336834748
gene_2729,1.8189722833332254,1.6005742693151452,1.5786610270280905,1.621518594476399,1.313107523660745,2.2485280499370908,1.600910807051865,1.592504988990025
gene_2730,1.6431807541256704,1.3544006368539572,2.6049597171606758,1.5469812790425568,1.7240051258881668,1.4873088097983835,3.0654742546888456,2.0256304067447592
gene_2731,1.6868166307470354,1.5003736579501368,1.6458715854284818,1.299387634368696,2.5320317527062723,1.430262086977641,1.9337196247129245,2.104382557860473
gene_2732,1.2836807533251322,3.863527962469646,1.6634546871338616,1.545344157657421,1.5095890012535949,2.6438956242223557,1.8789592841400211,1.8222901779058591
gene_2733,2.3508216211828157,2.4488038325692094,2.3839058261410293,1.876514375146045,1.7385932163163251,8811.370346856691,1.4247045925199733,1.9436813024827615
gene_2734,1.3181816860496611,1.2535739355545226,1.2832724493340177,1.3402963184033214,1.3976276595431352,1.3493615692073795,1.5958487318583654,1.406072001021089
gene_2735,1.6898593559499429,1.3522209912600194,1.3808958860459493,1.941605557053772,1.3662821940268284,1.2060163436116607,1.3102533454876353,1.2073856120924076
gene_2736,1.795492822470208,1.40257952446303,1.665486941681027,13049.986269140236,2.924221280853565,3.02249887025487,1.454170814168619,1.3446161299762005
gene_2737,1.8861478116910213,1.7295139020815395,1.1815337268358055,1.3895634480166363,1.163256102030437,1.0918763678967411,1.7931824755631462,1.2961726506404982
gene_2738,1.7060136892843243,1.3653070458140475,1.5813237436221326,1.6264784535186996,49295.36354561534,2.5435909417955354,1.5848582201339518,11075.928089819465
gene_2739,1.667111327095432,1.7591728286159853,1.292109231427859,1.0928071755965414,1.1684667174983692,1.2102312453400597,1.217644189696251,1.30344433662899
gene_2740,2.0317241940294894,1.3822269951634094,2.5886083305251697,2.6877864755865453,2.3360309176512266,1.462976243999485,2.2845333686455636,1.6691936716019418
gene_2741,1.4716892966048092,1.4445565996831427,1.4484161848623358,1.2021435539487273,1.2779355116796387,1.2858413263876245,1.4008203918283604,1.2241541757004062
gene_2742,1.2911286596926257,1.224087088138801,1.1571429671119537,1.413523327976678,1.3094044800044364,1.8542959117390336,1.5922832598062684,1.760241201177963
gene_2743,1.4445027405847592,1.7170872463302638,2.377924020233107,1.7207410334527793,1.878044107209976,14635.604966776298,2.6834922614809202,1.338862687513927
gene_2744,1.4851213184371983,2.2377938857085797,1.307531626459471,3.000993343281617,2.044780645922148,1.6112296633779364,1.3534515835252583,1.4381497520330215
gene_2745,1.314695821993539,2.5944770413306726,1.2154897486346412,1.3210712519201362,1.1555613205267548,1.2957630313227728,1.348173958838465,1.437783985449258
gene_2746,2.711910997923002,1.578616053747533,2.0558779019724462,1.4263515835243599,1.425842053766639,1.71396245844345,2.666611846040286,1.2728846739554873
gene_2747,1.69877789906355,1.4495403817352468,1.3815717486585342,1.5817537053188648,1.4279067423093932,1.5219487911965344,1.3722420156129846,1.4474536630929709
gene_2748,12311.795680073043,1.1921766021854565,2.2376120346765496,1.5281904716334072,1.3616943348666997,1.5570470189568535,2.8874001066832973,1.6002043409961668
gene_2749,1.6991578266999368,1.9698953010959552,2.9717707407082368,1.4655078827272343,1.738176216575761,1.31386709796442,2.1794951552582518,1.2429121392502682
gene_2750,1.4161567487736382,1.6299937184526074,1.1469795153135756,1.3242768833383334,9917.741234359122,1.1975367519974571,1.9275494266114452,1.2518551799585538
gene_2751,1.3269790266541297,2.0109570280140905,1.377176101283305,2.0476682311529784,1.6376419797974686,1.4515451380785669,1.9342618445542905,1.5825896479452275
gene_2752,1.7221524416345546,2.2675983963247157,1.6668821357208121,2.959762301276671,1.7511155140679482,2.0943790709063386,1.2114324589291428,1.7097678640904623
gene_2753,1.3207922795774678,1.294878822720838,1.2976150150540509,2.819772173137464,1.8181384254231958,1.4998373860956111,2.663672602142175,2.5150975886549762
gene_2754,1.1773644086078416,1.1604880029071303,1.31759266224247,1.3698163086393587,1.998631920707532,1.3772626148328806,1.913627453155294,1.4963748642301062
gene_2755,1.2507623863778694,1.627957677807991,1.3720798000461618,1.1946366062174911,1.2707285686938896,1.3949322005792226,1.3870069958607254,1.6027257054568498
gene_2756,1.8604526959663807,1.552498191924092,12402.629136478961,1.2833476091565024,10841.105413709098,12392.526473935415,2.5765582845864605,2.3942592219912724
gene_2757,1.4835713513340893,1.945296383236935,3.0785192047798398,13362.055613370758,1.1815141807743619,2.130813608398655,1.7933244093563452,1.9204700946608315
gene_2758,1.2328063899572048,1.9109024541708513,1.2088942376543597,2.7186674299229674,1.3995235768764063,1.297201070276768,1.4339662023604482,1.6506303508782336
gene_2759,1.2173140009597705,1.3216395076853749,1.2671739954479921,1.5682611220908098,1.390733683596326,1.3570280798419971,1.2035925849839422,1.709901698288328
gene_2760,1.426795874851218,2.080162443165411,1.7546564097879684,1.533195417862004,10243.917737599495,1.319807327102117,1.3973696087018925,2.128788730315627
gene_2761,1.6563521507886343,2.8909746873527133,1.7054296668599593,1.7780727695629477,1.6411943776200955,2.949790965484951,1.6631258552794792,1.35816904828624
gene_2762,1.4735238095720076,1.9737193763366692,1.4249325198092346,1.5602749138590952,3.293921275029535,1.2063478975041042,1.3561805924045758,1.4101055522593042
gene_2763,1.6684002263354705,1.5604481006023412,1.6565798413954538,1.3576070132195694,1.3326212521944096,3.1079306675301823,1.9511507949157827,1.7747718703046822
gene_2764,1.6722783522997722,1.1386865428314288,1.3476034813270978,1.3766026515725962,1.2319720339106235,1.7936475209493055,1.3458710736156687,1.4098945382059849
gene_2765,2.8651556011533037,1.8626912578711057,1.5868668948944387,2.4991599512421043,1.8217879134634987,1.6409453008456374,1.6702264996987484,2.498578084215698
gene_2766,12543.817774150553,1.722526349192845,1.5826021729980815,1.910356811786693,1.3342410682690493,2.0540831279697214,1.5654120601026227,1.6571617380103405
gene_2767,2.097017970716056,1.7405776074452832,10827.96825042773,1.56233161310757,1.6888204533435787,1.8976508852752756,1.4574457625763408,1.4219147929136697
gene_2768,1.3479878096794042,1.6566149361411118,1.8963362680653675,1.3932864660360431,2.6765195190030875,2.0449391432981328,1.4118895062092103,2.2697722283904147
gene_2769,1.3925995234899644,1.3908713096229275,1.7282386282078859,2.315854809102247,1.4085537040659994,1.404752942089585,1.2964898922426487,1.6952287538683293
gene_2770,1.4030496080016406,1.4252279661965372,1.9002481869741867,2.7482173101933074,9681.04963623332,1.5362418755091856,1.7253293492848456,1.5621250179722608
gene_2771,1.6841698611131017,1.3184286462702672,2.610078260599229,1.2018517704182077,1.2190406403213436,1.3738331874365775,1.4403366823472799,1.2821148836404002
gene_2772,1.5675039823096146,2.7383906084989964,1.373567825084802,1.4429495757532396,1.9842009893403643,1.4345718513147203,1.3189978435326701,2.0972331795178363
gene_2773,1.3009282092786283,1.5085053477638997,2.708097688389204,1.8042116041140734,1.324069029296737,1.6031890762739356,3.1002586803555583,1.6208368157191801
gene_2774,1.680425924930151,2.2511800814315817,1.3554470349437713,10712.14083109987,1.4677932410152097,11871.019855224871,1.7700369588077078,1.4389377176005875
gene_2775,1.8418992617908034,1.9365237533239548,1.4643149992153428,1.3458999040690314,2.6634402814793603,2.316855314376048,2.4516164164262317,1.557008946113798
gene_2776,1.4851627896994222,6357.15987926957,2.7294810258556645,2.22069633513797,1.4561320212860607,1.865886803458009,2.6060115568606568,1.7009784258310725
gene_2777,45332.765689846216,1.6066030216967064,1.6021247216668737,1.6326637282821461,10377.152945081254,2.9889660340510686,2.702200913155193,35805.36894479922
gene_2778,1.7556267168634698,2.878363486419872,1.6853666183087885,1.3130545978346042,1.6402106015614966,3.1352882631367116,1.6091805914799866,1.2977436240424132
gene_2779,1.465713769078844,1.379121536611719,1.3923575495831528,1.3145644395484968,1.6003207650796605,1.234788644435023,1.2013914292442398,1.5802775171073475
gene_2780,1.6190651346580553,1.6216553294201985,1.2507198259464412,1.461791605313056,1.8487393251022184,1.697721783783037,1.647613406357913,1.241932738775688
gene_2781,1.4216154562828958,1.294866392536294,1.2786631692568915,1.5424176516680546,1.458393694523584,1.2831562355401815,1.51985186778533,1.3828181107192254
gene_2782,1.3934144629028,1.7374232473495943,2.3732133610917168,1.9403439625772834,1.210376467919793,2.412356321121044,2.514024577584315,1.5802424178159549
gene_2783,2.585306929922801,1.3526677619952365,1.3482286462661408,1.2332011983986704,2.5429567335293437,2.7269872428297384,1.5372478850473783,1.5866663853367815
gene_2784,1.2964447281467253,1.8537013673412501,1.2764758371800415,1.2274272600935068,2.0081230549595004,1.652034671563612,1.692672605720805,1.5048866888141688
gene_2785,1.5088233463643064,1.5694087589363925,1.4765781939664893,1.6388982526173737,1.2473461921031512,1.9612686608536074,3.05228073303741,1.660946412956938
gene_2786,1.2278518346678442,1.1111352250592499,2.6384246635852224,1.3914905527753338,1.77851715479956,1.8808316390122213,1.3987442614401646,1.7191887084681672
gene_2787,3.2484794299663315,2.6096147685269786,1.8007880315596343,12816.038808735773,1.9591763066630026,1.3585258732796996,10843.73220807429,1.4646967522115515
gene_2788,1.3805986499393808,1.1772859804262323,1.1786932156089809,3.3847711968182175,1.5286178664231125,3.0060621560845098,1.3312076361947636,1.2866576470971487
gene_2789,1.3303382902327285,1.4419552192905107,1.3978286577842178,1.328183509837918,1.3812288137610331,1.4912565454660862,1.5083268907648693,1.0942946060380925
gene_2790,1.1654303590956392,2.824387150277852,1.4372153043332276,1.408020482445591,1.9014697006310353,1.945233474524489,1.2513908717843942,2.6067702749055215
gene_2791,2.9585708059664544,2.2802713989754775,1.7306291257458553,2.0771094142615603,1.3666826186879895,1.2203359814851569,1.5516956396131476,1.5488302442382218
gene_2792,1.2886856820835912,1.6626331161984802,1.7011381852662928,1.6063874330486025,1.579362078701753,1.4338514907628028,1.3154817186242718,1.2206123948542456
gene_2793,1.2684240009104386,1.639483325608103,1.8965353055595369,1.7466248644555278,1.2224010128773641,14521.26095601297,1.4639300464240268,1.6735614347606012
gene_2794,1.899193764723737,1.7978555273470542,15568.225693845685,36341.27839604419,1.8847384972227141,2.5001104230921496,2.2063774181341835,1.890191086785185
gene_2795,2.113139404243666,2.139213145690401,1.3808353038520456,2.255590306752024,10752.294427810968,9953.673139436132,2.1536165440190356,1.5446141771739073
gene_2796,1.419582674731499,1.11307733842349,1.4995944758563116,1.1229482757755667,1.8316283856969844,1.2494258399822478,1.21327891544335,1.2620417716375383
gene_2797,1.3293997439283765,1.3200227720579005,1.2052052997874627,1.4180237723100986,1.3285252739957585,1.5493842624690601,1.3180575191802606,1.6778808754068297
gene_2798,1.366946261993067,1.4675355445036662,2.398478016393765,1.8829393351924646,3.262897882803802,2.5204700954169295,1.880669141542342,2.963612288926429
gene_2799,1.6282377955562324,1.396880466230034,1.983435945954054,1.2449306683742323,1.380687042494235,2.1086111385956707,1.2762860382303327,1.4118822933087127
gene_2800,1.9349406961506026,1.548840787823385,1.874606704529214,1.4938613319626728,1.168199942243273,1.6899483736242504,1.2216236703815806,1.3614044477331841
gene_2801,1.820709902915266,1.5041055148059685,2.8291252611328623,1.558919404056105,1.26540454273129,1.4552382490176112,1.3700880247726481,1.7002217256435388
gene_2802,2.61983535681053,1.9683437637058185,1.428434237888329,1.3398035551489647,1.4548146977559746,2.407290870920087,2.5399581721970974,1.595169766349417
gene_2803,1.873296556306426,1.7025207540698843,1.3380779565311853,1.5925457415667101,1.2928167568009723,1.5892967079884204,1.6701444349391417,1.524599449237849
gene_2804,1.2967962008349845,1.742276610203465,1.5508043998386536,2.3619137942429522,1.2319604407445648,1.351999150913236,1.2386237472380301,1.5551122130123647
gene_2805,1.3636938786787014,1.9819426887794995,2.101643999059462,2.5632943977463754,1.6295929265597549,2.0720980924619194,1.515914594694529,2.9801023086481577
gene_2806,1.7230221469833595,1.3243141219100765,2.1660244417905523,2.860198314010416,1.4257356795266989,1.514185082234723,1.809396293124524,2.3066843492470808
gene_2807,1.329607945148442,1.5238910888710864,1.1526789230965209,1.1476815032729117,1.5140055937985217,1.5366129937626862,1.4266070851533297,1.270571496693132
gene_2808,1.3072022062314177,1.4316688050877213,1.6734018296944575,1.0750092815605645,1.762317782829732,1.493039092052126,1.0820274241192884,1.4939879820073398
gene_2809,1.2244372330626638,2.1055816861812477,2.4773810650788826,1.8004803517154142,2.1837668288608247,1.6521426174991136,1.824837401551864,1.3938519594839187
gene_2810,1.469556950663638,1.5343295803309585,1.1606128165131957,1.936552864612414,1.597524673219052,11631.259968396618,1.387488286035527,3.137245115118167
gene_2811,1.8416114832801174,1.3742018634589444,12726.244200984816,1.3742018634589444,1.9923523145888207,2.54728380735368,1.63053609773571,1.5529176878473336
gene_2812,1.6913812205255518,1.3840760756461647,1.7558673638458664,9903.409942451257,1.56062559995931,1.4366398763110755,1.5553581381539925,2.929614972405233
gene_2813,1.672182329282105,1.1479924842420446,2.840790806474994,1.594298627985008,1.6458279706265249,1.3636741296103894,1.279061081516805,1.6214352841066542
gene_2814,2.412937129990764,12546.142819413697,1.287953664127988,1.9445180497475498,2.4371301231376945,2.6913086934421178,1.679066560406328,2.417172317301293
gene_2815,1.7493890262442398,1.6976286762907329,1.2455037417272101,1.2609029645529137,3.1843592973490793,1.3881827178132788,1.0942072232743678,1.435461029925392
gene_2816,2.214434559685669,2.3303568646381607,11054.765811081457,2.1371059975940945,2.338560419725379,1.492309889122083,8873.713564681835,1.4937149058674957
gene_2817,9512.002972336357,2.2916909478418033,1.564689417695737,2.3762222259312695,2.1198207729244185,2.0740042817397093,2.1256458475602122,11367.668295844143
gene_2818,1.596361529437937,1.5399601237138825,1.6316316290296904,1.6916851290628865,1.496279671713872,1.4455667469384308,1.659460207138212,2.268640183774903
gene_2819,1.3389015204808692,1.7262080408197853,1.8290856985463246,1.345916616862222,1.6424472091440498,1.8349050608607893,1.7628495012201442,1.3493665196734144
gene_2820,2.131772374660281,13106.943129826313,2.2462877170361213,2.1384078055846065,1.7338117994226412,1.4334242573771447,2.0172483331821556,1.7382507156146778
gene_2821,1.1509993072833618,1.1568339003786623,2.0443473664764067,1.3989073933365181,1.1493289154239075,1.6875096707775845,1.3033717425077218,1.4561651158543893
gene_2822,1.6754103263879547,1.3402551711011665,1.1572166062466795,2.4369086503850315,1.7040039556152395,1.456233840012273,1.2652485309179597,1.7856160468305913
gene_2823,2.2254176897586135,2.0636396824031062,37946.90391895837,1.9078342563338415,1.519510812335348,1.8127256812172396,1.4355728901966462,11542.915871984776
gene_2824,1.4340961330920408,1.1964187369317354,2.2051064276530155,1.606796056749146,1.2533264913290263,1.3844582598830668,1.2802659095548587,1.450634402221973
gene_2825,1.5068897344354,1.674019697215337,1.5475019678354163,1.9527140138967,1.8796394122749407,1.9054681436166445,1.7818362151786646,1.7270078911334645
gene_2826,1.2941711680787158,1.7003330326975996,1.8796335277429217,2.0547049851392147,1.3938975461696375,1.4398691646944843,3.220364260026925,1.431395532629078
gene_2827,2.117448296555279,2.12227116646553,1.333308738983666,1.2037087690121657,1.3878506049158474,1.677028898417831,2.0005512663289764,1.5739136272181498
gene_2828,1.3992637577489495,1.2404555044248218,1.4506166740637958,1.1648063518192424,1.9651564383022555,1.557019353824206,1.6174039528966173,1.8241747807530238
gene_2829,1.5607366465544592,1.2782866533381714,1.5994912115665199,1.9618250986660297,1.4303760633210956,1.7766079244110282,1.9395229188160659,3.329335383043193
gene_2830,1.3215817747534082,1.5447677378244145,1.3918276783722183,1.4201643322430066,1.345958871893886,1.2885991740500862,2.101449251670815,1.3198624131425072
gene_2831,1.861446632046097,7238.714157016803,2.6081857807537228,2.4318523514231143,1.6050626957998904,1.8638935997059083,1.4455299333343823,1.808076698175699
gene_2832,1.1982675288254854,1.8455965646477435,1.7499566503347266,1.795716964677572,1.6216012366630284,2.4119366264411344,1.514795478890153,2.931537725859855
gene_2833,1.3934541299217555,1.4931105697679545,1.420097068404755,1.3220122670661132,8939.510010010035,1.8500641485694236,1.4327100130961707,1.7919394226548537
gene_2834,1.2895781608427228,1.542951221659419,1.430638108871209,1.2824029782851016,1.6419930425963196,1.8088729428356574,1.4564509486681578,1.3889729985162977
gene_2835,1.3427062253037012,1.2452779555670792,1.4076867899177314,1.5213738832648784,1.5135771272993919,1.229675323801141,1.171200070589467,1.4721398065496922
gene_2836,1.4613030811855514,1.4731035926376974,1.1374736629583664,1.3927524586475024,1.5454205490688773,1.3222599573182579,1.65427534756698,1.2774565226051986
gene_2837,1.2578226590197548,1.8025967973060542,1.6740528944265842,1.5885822840761723,3.156172097032964,2.853995733289132,1.4096994948402537,2.7409113877986786
gene_2838,1.3789743528393348,1.301988868135698,1.257219394104772,1.2034785605013165,1.4730887641729953,1.1160898385548856,1.4160346994911914,1.7101581181979097
gene_2839,1.340928242820204,1.999352286374134,2.102481352401492,2.0205716120720685,1.8633060061978435,2.045033199996085,2.3628027772294122,2.3337308453027594
gene_2840,2.2347033493925714,1.4809607223609338,1.7249028071207064,1.1989478364288189,1.390619121458786,1.4010228411148706,1.6040169629720586,1.9212604026595268
gene_2841,1.5031696221991722,1.6335154686307116,1.120871062350248,1.624979975635178,1.4279503718049527,1.6846959623492435,2.0882011741775397,1.3437821281137132
gene_2842,2.026096214742639,2.360609704892422,2.5110203401452083,7536.725991572062,2.2462092009513883,2.040643821236837,14477.225179390773,1.2731849861669844
gene_2843,1.8718004041561416,9511.142736389993,5677.128192771418,1.3875849905135662,1.6823397002713163,1.984615244824251,2.2740381500912745,1.7109679220827194
gene_2844,1.2237180907931784,1.8342035286933318,1.4647553253094947,1.5165712126466506,1.809510097702063,1.9650232672267496,1.2339458804204961,1.3713798002920163
gene_2845,1.5683030290596007,1.5207068934231998,1.8163347406125705,1.3840956087728629,1.3571130573823036,1.4097833995614153,2.172457516499066,1.6874270528563073
gene_2846,1.3632181296400447,1.643721284690984,1.8664519574679934,1.5405676032577424,1.2676270179536984,1.5711670874040404,1.8892685675401926,2.900797150465717
gene_2847,2.6167121759653713,1.6916257890408346,1.6088313451036664,1.651640484524785,1.4114132396534016,2.0006072995406363,1.5797713220411145,1.7419972098064223
gene_2848,2.1917147772912635,1.5397477347083104,2.5195385842476474,1.4369632900837304,1.5344890051444833,2.5841115623801727,1.8927016459528092,2.08838963357563
gene_2849,1.3834708078734443,1.5341671396383796,1.3454334174304345,1.3403094044126942,2.0005882932452663,2.0993647230667447,1.3997369970497329,1.2039888640023477
gene_2850,1.311382291325929,1.4654282726985366,1.4632626459800837,1.4477449373861924,1.3654877510926156,1.6045762743786185,1.428637623156141,1.119105627352197
gene_2851,1.5898555997698611,1.68381112145331,2.2757698169867977,1.661089416251366,1.4935994051992243,1.9959996670187807,1.3546553892792346,1.5468141182705548
gene_2852,1.5730616116285787,3.061699687761049,2.195997225985128,1.516159334866385,1.297724823939537,1.22984942694856,1.2792379478910303,1.2796517047535165
gene_2853,1.583562296678307,1.4896127357646494,1.46632194335842,1.2174889851424937,1.6667946490137904,2.4190136883332354,1.697219435471164,1.3289137585305704
gene_2854,2.5859241619802553,2.0504702665449144,2.902588659140123,1.9038743825130742,1.6270259277775305,1.8433705803492204,1.6689778529687815,2.2130743664527444
gene_2855,2.0494415650314877,13007.577886605233,1.8847364398685094,11805.327488977644,2.1414183710045442,1.4650139754735423,30991.34118676447,1.5810552689081478
gene_2856,2.0299327164112912,2.3151303565730736,2.1018067863818946,2.153611332818366,2.933898279639326,2.6011374346701364,1.9482416553297934,2.4596279863199615
gene_2857,1.333310110999306,1.3445311702472653,1.9179786586934842,1.2345212787019366,1.679541692620796,1.5197629310669043,1.6878370951950001,3.6212720071881424
gene_2858,1.5683941214537884,1.870978330577272,2.765966940564214,1.7536027374212315,1.522611285177581,1.7376495295352878,2.943487838529234,2.2528134408080636
gene_2859,1.4993864345470995,1.3046914850246185,1.467958575170059,1.4593046174369078,1.4995318050128823,1.340380970854493,1.6086462958189893,1.4038503564204339
gene_2860,7063.639293248062,2.2526804122602373,15218.59697736236,9503.068435337003,1.5446906311936528,2.491381921949589,2.347413103773722,1.453441073149179
gene_2861,1.8577144915150332,1.5339202272027173,1.7966601466837182,2.2389936495260327,1.3627187029866223,6621.784192972348,2.282970998435733,1.6880857591759955
gene_2862,1.4561331756693512,1.8401601201817968,1.8426714858729363,1.2668043190231018,1.5508871821471197,1.2388765261065482,3.5967894340932482,1.2957306668380713
gene_2863,1.3656019090149614,1.5368477019934155,2.0053716979387555,1.2628284947937705,1.1590607823938726,1.354624582592742,1.3642892578023078,1.3790541986100557
gene_2864,2.213523123093571,1.547073262235486,1.397421974804687,11305.220744365113,1.6154571212475133,3.104045660576142,2.1844078866211594,1.6223560863448345
gene_2865,1.869402943474275,1.5098867113996,9687.000391059908,1.3390198558829731,1.7308014290490226,1.450603094324232,1.7133784245076187,3.176888335682954
gene_2866,1.9736818645097562,1.580515083297096,2.197422403244826,1.191784243803494,2.300908329998327,1.5277819247026092,1.1390320067612287,1.2863914155182512
gene_2867,2.0035313192949604,1.6710288490507679,1.4294028457100991,1.7504337221346031,1.4236752372496218,1.4918916737605132,1.817337810889959,1.6631208617538853
gene_2868,1.2837974928794256,1.4693388184965688,1.2711965436370114,1.353870088914566,1.7941651726507934,1.2663414674718485,1.3879788115609326,1.2724355129559046
gene_2869,1.534147545752097,1.5157815382105435,1.9916405825791372,1.1826202174636846,1.5451540782500417,1.8408968838437163,1.2549885870257296,1.2621409436392161
gene_2870,2.15443861850306,2.3643951826997203,1.5340217962116063,1.8193781785557952,1.5865097654510472,2.191175922906199,1.6657407819252716,1.4470935809721224
gene_2871,2.9923066484973897,2.082940583120246,2.0291835763490003,13641.69154166878,1.192748197448799,12285.760834082987,2.769256649183022,1.2293419614751269
gene_2872,1.1634830180360116,1.2190190022341758,1.6684574814395272,1.535281792091107,1.2963035954364064,1.5956470422523497,1.3220259658712912,1.151688739856251
gene_2873,1.5339536825604703,13515.805171936126,1.5735656333002837,12155.105502603043,11522.760568885757,1.370851184381004,1.2629754405668394,1.4770527216847151
gene_2874,1.2549343923033012,1.4686821421494118,1.334768110572871,1.5636308992420438,1.7221992701520195,1.8111493719035405,1.1446651796515408,1.1516345910358734
gene_2875,2.0316692804791927,1.2759380607663569,1.8153602256515005,3.0478375067278836,1.4777018443196752,1.4172687101051142,1.3943550075304465,1.7473953190695837
gene_2876,1.8682367966686617,2.7708952053886344,2.3551616728134492,12061.617550893312,9725.1566592683,1.6133184778427576,2.629499122587335,2.1134612181440633
gene_2877,1.6108551440399066,1.8719489483728635,1.4951923303352161,1.6258177481739438,1.6647684184602822,2.560916885860295,2.1800558432334536,3.56914750006331
gene_2878,1.5516104858516435,1.5375591184219117,1.5078371881073442,2.5600572584589463,11677.933491530732,2.1987516568535415,13057.420340022947,11823.020686715408
gene_2879,1.2397764878866928,1.4795057463637464,2.370998946842247,1.6490758951991344,1.5352755682723733,1.2850774613868434,1.3251868883680216,1.6960676446348888
gene_2880,3.0534776879607324,1.8614237647924077,11166.998693264011,2.7083478001451096,2.097964135017757,1.8940779422468335,1.8392037309216651,1.822339361676888
gene_2881,1.4592529947555835,1.3459394925348376,1.792780562575217,51155.492044555795,1.206878778944933,9835.809869313052,1.7416933446181944,1.5932304249652425
gene_2882,1.638293882494411,2.583001125985563,14349.50416409834,2.141364250790673,2.3413260030816616,1.4813295464953755,1.5529641466693296,2.135432103064845
gene_2883,1.4814898690425713,1.4650806254178896,1.2763861163340566,1.7708282637842323,1.4182907784146386,1.3128551162643087,1.595664532339013,1.1166052664867085
gene_2884,1.302604039111682,1.6116296325368251,1.2353649626028527,1.5577146279089868,1.439526836479334,1.350408465571616,2.1552408390529734,1.5032891418809065
gene_2885,2.033204453422197,1.5055130182055976,1.6639968266590328,1.7283928512905051,1.2115549774975483,1.4921828719395307,1.4232846808736659,2.498981399140842
gene_2886,1.1140036568347462,1.318373377303187,1.56638055998275,1.3558392880043775,1.4906156410751337,3.7406994748318305,1.2192117323273763,1.3688642783404261
gene_2887,1.6520958904494298,1.3602004014383813,2.7798571759161455,1.3782382290855435,1.2201365914510296,1.5763051755173785,1.427439284982353,1.4548481268937008
gene_2888,1.5003298057178112,1.3134402671418477,2.511900976877859,1.566749893976326,2.216618801643499,1.3872843135931394,2.897047203201483,1.952777265500948
gene_2889,1.6684928933832701,1.6731344943989443,1.7533947085489094,1.6713944497597624,1.2820895866463073,1.2586933541052217,1.267687850159683,1.9277286215690503
gene_2890,1.8548139201896425,1.3383203298826836,1.3683919369119393,1.2888514035151137,1.6414394936660406,1.212106971322655,1.9950379013657165,1.276433497813452
gene_2891,2.976025928898962,2.663684436193499,10619.832672772909,1.6321499493580502,2.3608250243901097,1.7531381170309275,1.7186783949967432,10317.56011645433
gene_2892,1.5767028810777415,1.8493755852546248,1.2554918514778375,1.5339431951309201,1.6532365568070742,1.246763592718608,1.2194041407208225,1.4230280001768318
gene_2893,1.290148508957329,1.2355480498045934,1.4048550449365727,1.137715779463829,1.3315079531886156,1.9052864218302152,1.2014385964320793,1.181680567837805
gene_2894,1.8619952196359757,1.3693101041724323,1.8211044672259453,1.3112249760582417,1.8898377872308014,1.4429366528156509,1.5340683025666308,1.8124671500342902
gene_2895,1.5874111972831944,1.8024639721633042,1.6893557920554783,2.337644477055916,1.4676334750805218,10897.298354805956,1.7715907110959668,1.3628212276950138
gene_2896,1.513646092874632,1.8243195990498866,1.296948616961353,2.3905781179383374,2.267235946322014,14029.357813285142,2.3317604567219963,1.7808838281504717
gene_2897,1.5941382050583601,1.4419377165674228,1.2055477758433566,1.3340525802320367,1.130169686347321,1.4231124507162647,1.407397562601422,1.6036268749174853
gene_2898,1.5022829696641724,2.4888749401080097,1.2862856145949662,2.2058698056689923,2.1945605439103923,1.3492543296299722,1.2414572056591753,1.7067687242338847
gene_2899,1.5276903558585118,1.3254822093288527,1.295585753415677,1.9090817076024156,3.2248514031193967,1.4050219633486214,1.4707259791183442,1.8874607482979036
gene_2900,1.450460562285341,1.2068594391812673,1.3070407684236134,1.6715515116761241,1.262124047905133,1.499663946214949,1.4393984150855372,1.476308328342858
gene_2901,2.1545748862243763,1.362013783325084,1.3313310737882076,1.6129088264134166,1.7260705667469571,1.6882659129484214,2.3494214985816164,1.3427647142600225
gene_2902,8998.194083154702,2.482734812937648,1.2757521883676992,2.2849409516015213,1.7206889795670157,2.012149915948196,1.5895141190184672,11084.844662937476
gene_2903,1.5807968664315546,1.913630783116334,2.2414018006360017,1.324369073209413,3.398402215650105,1.4675506945356982,1.4593146635528176,1.4565026178246616
gene_2904,1.582411030480491,1.6625202781977027,1.8838749345923387,1.3047882873512324,1.60539802819496,1.4722540609151626,1.62114476848996,1.4287604230300084
gene_2905,1.2558289640181926,1.3631037262375016,1.783520205615747,1.1752360889307034,1.9848411881778507,8818.261896695622,12087.441776867354,1.9157829553572847
gene_2906,2.0608883852788678,1.3680074938440367,2.2429622269012155,1.3858655565465365,1.7764974728255478,1.9388083524756727,1.7208127120737418,1.3170494386522664
gene_2907,1.8832335664139066,1.0817181955100548,1.7033564823302307,1.4548006734575163,1.3709267097390236,1.4617678150164493,1.2801561734661262,1.5871929193427896
gene_2908,1.872625318469446,1.378404277249274,2.723052437623162,1.7720787833449971,1.869068636814572,2.130705623523923,1.2690639760435505,2.4770625424842754
gene_2909,1.2903438338773228,1.2528108319933409,1.4856970180234048,1.1937528910916286,1.0712890558347612,1.3114562175917854,1.5196686815324416,1.5035016436116742
gene_2910,1.7682437317913124,3.214411322909729,1.5944265690244563,1.3387804763405384,1.9545513498443332,2.1287557715036494,1.6467606004318198,7670.015246984228
gene_2911,11538.71256812388,1.1551698464404572,13783.44207046226,2.4734012200096416,14037.120926953881,9874.501686313799,1.670182589658505,8146.263486576147
gene_2912,1.3811204428940171,1.210734088595892,1.6698808301790378,1.4280765006398033,1.3730716616907754,1.2523533763078731,1.3840251803298942,2.099862661890499
gene_2913,1.578899819049803,1.6961062453165332,1.323100009695532,1.4648248091172213,2.3376769611599135,46272.11969075879,2.101708454647847,34347.07254925776
gene_2914,1.3749643383045544,1.3629798764903653,1.3412207700897518,1.1938152843739704,1.7212596405886764,1.7668916580029306,1.4665976210106082,1.3978128204901759
gene_2915,1.418126160862977,1.2243336667881117,1.4606804562201272,2.6676157608564144,2.0703862033139173,2.2789483678402704,1.8042836379455138,1.9405131309101809
gene_2916,1.5209219147235555,1.30875368426935,2.0874347713193404,1.5261707001108533,2.9524363509397635,2.1614200810708444,1.6638461795808872,1.867390464621451
gene_2917,1.2276713834152804,1.3428097881282708,1.4972167503410647,1.240797458434123,1.2951901799721537,1.1813906508028993,2.000952363933826,1.299295337573668
gene_2918,1.9254040811689193,1.6750653464370775,1.4658084903209054,1.6426332138835285,7885.368623745632,1.3993773344297455,1.4908247241392991,14136.201044776588
gene_2919,1.7810480293868074,1.6023923674775513,1.522949480010609,1.5471984329742998,1.3660773905846417,1.4702371884746817,1.3723509102571976,1.3504445757575108
gene_2920,1.328640019683034,1.2191351319144985,1.3099008491866044,1.2023010918743096,1.2474235308727084,1.1216704242704896,1.2959534505396282,1.2714950763803514
gene_2921,1.7127109347448926,1.1090410835576086,1.1407463288030366,1.3708287313412364,1.4492072675782077,2.0277251509285916,1.4075219153534115,1.1826184715481711
gene_2922,1.5995246909276244,1.7544730564004198,1.9322263986685162,1.2873440372454137,1.3742118179932568,1.6034712154042463,2.133345713138588,1.2645723909829318
gene_2923,1.830812035876912,2.1267010966166287,1.205795712243465,1.788732951965406,1.2344396037530345,1.8832284026466293,1.6108962150089274,1.4653885619163256
gene_2924,1.5648544618017046,1.6794617590091154,2.6314544951238585,1.2208089161190427,1.5181867741334814,3.0822157086687305,1.7208931096421833,1.5341155117970737
gene_2925,1.7215076876608992,1.6979032753245162,1.2209339832160822,2.097069869711106,1.4842461331080417,1.4505078352169702,1.4925538130567864,1.3055989471104439
gene_2926,11935.791633491559,2.2154037586095177,2.379470661957825,12834.154277890439,2.6188599888618933,2.3103129101257407,1.9256556523427462,1.6079231648895314
gene_2927,1.2439609738519952,1.3492999033628383,1.6002299435883123,3.1218637978346555,3.071410272404564,1.600450398796828,1.5357553750019053,1.6184836694615305
gene_2928,1.6545017162508013,11979.811844034793,1.4886294668681268,1.9915111384733886,2.3658628754547997,1.171102933083901,1.7167774730703043,1.5178419372177443
gene_2929,1.2453468637368124,1.4441780787122371,1.681125971624088,2.1080395231021476,1.4576430230858026,1.587464541578397,2.1573908300361775,1.4576237433527808
gene_2930,1.3307106834334743,1.30418521550925,1.4044212933206075,1.2763745873731025,1.402597999575433,2.5529674136532217,1.3288392717999755,1.5330264490943375
gene_2931,1.6396216732358921,1.6765872483234612,7908.01111774459,1.821831969068054,2.4649858441963666,1.9377499212946308,1.6638704602471177,2.4455756503175836
gene_2932,1.7968525330261993,2.5274496789002487,1.3518753533490346,2.077928165648625,1.4647033972337997,1.189960636750307,3.0651697090323706,2.2337584324065207
gene_2933,1.2789388847133734,1.3771224553306642,1.4296393937318954,1.544483248763717,1.2364890980243586,1.5261270009591712,1.1438009969915002,1.1609309226046571
gene_2934,2.640659281249704,1.858607083766382,2.8983075160659326,1.50653794842391,1.4590488084703273,10960.25452520917,2.0671575840927274,1.604604688865372
gene_2935,1.4709679414905856,1.3010369091517182,2.351311875165832,1.3634351006911956,2.299432773942928,1.6440929585844626,1.351508655015759,1.8897963706891208
gene_2936,1.4654007953224926,1.497291548692965,1.2814905191257804,1.3051312245066355,1.2975214360613159,1.3600260144012597,1.669085839193378,1.7418010137310826
gene_2937,1.4221103631388594,1.525517973477505,1.4576741325558134,1.6351869342762189,1.4140915573700814,1.6278801088194823,1.792079623621072,1.4642032146836692
gene_2938,1.7889485905323814,1.6302226247713545,1.3883520774275269,1.4627479173265885,1.4404887061939324,1.2142536570037896,1.176273787577402,1.4065618619475415
gene_2939,1.6207214911892838,1.478908956930104,1.3297093974073035,1.6783555706226652,1.3224634854254864,1.5494995672658378,1.4138837676103284,1.5253596545565216
gene_2940,1.731113211935292,1.4799588436946187,1.1798502891481109,1.6427154417119116,1.1664214498563366,1.323205492534247,1.8199324569383992,1.3255675299751553
gene_2941,1.4165914457842657,1.590353878490269,2.5816970930734358,3.228833302845108,2.019999235884506,2.0351810897228604,1.4638869205796785,2.762322534083969
gene_2942,1.9228098621003578,1.5475230846747008,1.7563382968141856,1.4688801260097573,1.2539724397320737,1.4534568658955167,1.3390253736132878,1.5211911096112618
gene_2943,1.5531890974090878,2.1146127359548297,2.0737309649805895,2.991550577462707,2.764718551599879,1.4020285148163454,1.1964516028485797,1.516328971118409
gene_2944,1.1882249080893166,9290.811092356593,2.159772946030337,1.9452640914661437,1.5473815596803053,2.5224964089717035,1.6560814796491679,1.7338947330617158
gene_2945,1.2443846522596143,2.309097576723217,1.5702159920338092,1.2697632592116297,1.3982880558965622,1.50670346387048,1.554748816991086,1.5557291399913094
gene_2946,1.3738224439135414,1.3174135424661944,1.6656655165712648,1.5712476414135093,1.2540699671292699,3.516414039097767,1.6117511976396521,1.5287965848698786
gene_2947,1.3565856110760588,1.4123228183472663,1.2087905238477714,1.443626109442598,1.5224004868196623,1.3379632069492673,1.5350287335003934,1.7939214670491774
gene_2948,2.0985248187220793,1.3694331243510791,1.4638994645527432,1.6217930770100235,1.3947823131563009,2.1513057820603425,1.6787259620801553,1.7487658311509995
gene_2949,1.371011338616675,1.3048008851751756,1.2827306401752032,1.437523679589374,1.4713040722265531,1.0643195868000996,1.6527385111213422,1.0831276755687715
gene_2950,1.3556261275009753,1.1400592175262456,1.2187922931410544,1.3539780103189614,1.2111982785137176,2.3142717984148016,2.1960634872325993,1.4054498141476468
gene_2951,1.4833876009930422,3.8319442733719193,1.5520259248978252,1.4613061457874685,1.2450044249434589,1.9299512051672125,1.5953738586653767,1.261426039781017
gene_2952,1.4267561281557402,1.4855414415368673,1.2279629088813628,11427.535759070905,1.8139083365610944,11381.185091275369,2.107311731297784,2.5070845060303792
gene_2953,1.6685884249647935,1.2621388946621772,1.725994350266734,2.5335179239949035,2.387712080748248,1.8985973608329905,2.2310161552346552,3.933110264208388
gene_2954,1.9034450647725767,1.9404213228631781,9874.563825799185,1.4490575083688448,12028.21352373034,1.6749487149123505,1.8747623528408528,3.3211982629544834
gene_2955,11156.779027757384,1.3859920489093345,9372.653585267884,11649.66073915885,1.8172168561869042,1.5993962283238885,1.9629125298278662,2.9412431791977607
gene_2956,2.1884726685671914,1.3151212829426755,1.2996593072587166,1.2701433546901784,1.5305535594873358,1.1819161718379334,1.1615946743460084,1.209048096060076
gene_2957,1.2046640519028062,1.6336691267477723,2.3266654595614416,2.0827619422442196,1.5197683976041376,1.8276591024555777,1.5704898145992974,1.3703521231758484
gene_2958,2.493018061871896,2.3061715897828523,2.0013125127422544,60851.02679157609,1.8217912146788993,2.3248481049853575,1.8102027421203866,1.4517247028438418
gene_2959,2.5253175328589847,1.7763824802682486,1.4481807608287294,1.3338691954577033,1.2100487577482184,1.5114163361166846,1.4569481324165428,1.5394315497311675
gene_2960,1.4006948899877478,1.8503925858817802,1.275325792908765,1.4976747578188527,1.8048062128115474,2.3704977709190733,1.4946162601523891,1.3015178287818447
gene_2961,1.3044003172397884,1.6259682232339645,1.256072585294985,1.3663711495555855,1.3773935857498916,1.424398205175188,2.1506500453337596,2.177099524737925
gene_2962,1.124432240633884,1.4220541006410958,1.2455653352394935,1.1719632273768448,1.3008804019382059,1.0755020842753953,1.3448005759100201,1.2104141871906842
gene_2963,1.8378168896478737,1.4746349789171045,1.1685426694293353,1.3608967400919947,1.410377239529337,1.6706427784210498,2.5093883739979517,1.2782216880084902
gene_2964,1.2676803281188385,1.6053726061864246,1.6632013671803934,1.2075776890145216,1.4606588010858077,1.2325015783507487,1.5177433967577878,1.9512737934726339
gene_2965,2.053788664811277,1.983674644226573,1.4797635624405423,1.3941629887272697,2.766031389692342,1.4952279524445156,1.2663514840120496,1.801046265824716
gene_2966,1.249034900218061,1.2299652399229837,1.506995416834121,1.2796138461998483,1.545300209008166,1.2316142877663596,1.3280562734670123,1.7984229405172107
gene_2967,1.4306661604640305,15369.761737150802,1.525772203207342,1.3876860063085539,9961.404481558026,1.7736517425480245,9592.77543558933,11634.671701289633
gene_2968,1.419195122380648,1.7525866771351772,1.4693909593391627,1.2459323537287397,1.5710085125407582,1.676194759959943,1.5044344835548913,1.6443593690378502
gene_2969,1.3912342740894141,1.338354341189685,1.3028488145575,1.1727812537211706,1.1990291126101438,1.1513202223055599,1.280856524302937,1.78285837917829
gene_2970,3.390523830151195,2.016151383654052,1.2806466085994528,1.289625494349323,1.2815401725481879,1.7118356449498613,1.685449987949708,3.5852488815974928
gene_2971,1.7431851468737616,2.6628502515484516,2.347811745775667,12870.692448583875,39523.3049917367,2.2143300869288938,1.1947792358680558,12709.633558850262
gene_2972,1.6823598158032815,1.3490018881153105,1.697890264608387,1.5181141746665014,2.349066729376434,10905.095921777436,15469.826863197677,11210.48938544057
gene_2973,1.9975850942640827,10011.59968279646,2.395724986983963,1.2399729165757074,1.5630518165018836,1.2774345128211078,1.501619171980643,1.6804946764348896
gene_2974,2.297907778222808,1.3643598688839584,1.8213736973620374,1.8210188213407361,1.3137446866839808,1.3988322376899485,14032.218694158753,2.121247489636232
gene_2975,1.6906299854311835,11818.799792281941,1.6860286966227038,1.411646821458085,14379.431607153143,1.3520085951319205,1.590430445450454,8716.171835445552
gene_2976,1.153593690392368,2.1534376980582213,1.2839227946000662,1.2863171891980605,1.6306273797826025,1.2766454754356686,1.4983186609546082,1.609492632089335
gene_2977,1.3357756379751506,2.2293109182642503,1.6927526843551925,1.6120551470728985,1.2578387299632947,1.2496714081780356,2.8608019154708293,1.2483827615630552
gene_2978,1.2993878755759007,1.1318734080838682,2.295149376299968,1.578804833787478,2.374320776631531,2.215983630487321,1.7051225346182972,10339.76943258346
gene_2979,2.344746779805602,2.11400682274108,9306.475924857079,1.4081424190588614,1.694014997240037,1.2877396986112357,1.4647004420928766,1.59968157404666
gene_2980,1.7106001865680682,2.531173620874191,12685.72122115361,2.3360183592867756,11167.106578540172,1.4881211417044762,13183.777374690468,1.1181337130003188
gene_2981,1.9997444979914523,1.5219847377396833,1.5748512660937124,2.140679436925588,1.8309243940671787,1.7570528321781764,3.5707830375335523,1.4975584634230532
gene_2982,1.3122488972418782,1.2856231183420255,1.8234582201369525,1.8744975808201378,2.1117374666366877,1.4562768868213485,2.22379416676451,1.2526130092661305
gene_2983,1.4606148322929602,1.771202980615119,1.2315281223348151,2.3266475803820614,1.795407991872148,2.4481632603128642,1.4967334278596567,1.5882865311469858
gene_2984,1.3997537756185872,1.4069477795377723,1.4952606081466238,1.745351029861092,1.3061900527616994,1.1726734374542203,4.149426732112303,1.1205240172472444
gene_2985,1.7190458236694917,1.4279269487278394,2.137210404274558,2.1124394357213814,1.9438271385588834,2.7602191231660695,1.6347508318094248,10841.949911731344
gene_2986,1.7321175259953778,1.8124417199442788,1.905743258553052,1.9645889768507936,2.4531433700456393,1.4345800183054316,1.9209969462237233,11783.072614228116
gene_2987,2.955574584012513,2.215346960719005,1.2672908770014182,1.5122218234535008,1.4034182357546532,1.6401847909753178,1.31832643376646,1.4234224790007985
gene_2988,12380.226803612608,2.654590853452196,3.561368081192395,1.6778108608553846,1.262952272277529,8133.92032182997,1.4007404054903454,2.297177809853294
gene_2989,2.579699750120836,10837.803369587502,2.1165087288354627,2.15112896169677,1.5270176392869153,1.5019406046291028,1.3001073331081063,1.545323478296756
gene_2990,8681.787144763284,1.2082938483956354,1.921673553308703,1.353267736928048,2.583283734399762,2.3063314195679303,1.8249379582620135,2.013946328885769
gene_2991,1.3878588175244613,2.226008509627031,1.5693251897256177,12038.480450569925,2.153505990671833,2.864967956394639,2.667919686610704,1.622741208189002
gene_2992,1.2872888612635203,1.4577161140856674,1.263690430176075,1.4822103331420042,1.4914072335408588,1.408105274191118,2.191248886710764,1.4594593190668526
gene_2993,1.373067979687354,1.4102260034171819,2.1434663934489344,1.3338285818357976,1.635056164503105,1.5926672520188085,1.235094548435548,1.69553711106802
gene_2994,2.350225204540783,1.3676944413443086,1.5576683781715226,11951.500223140989,2.696068190432419,3.3924534244798226,1.2603195756871814,1.3485375203623493
gene_2995,2.0937307628754644,1.440614959043563,2.056934406852924,3.1657521210792208,1.332171727628311,1.3840629513134604,1.3510752989894472,1.3017673896742779
gene_2996,3.1431360615143262,1.441189950953133,1.3407242633928402,1.8199737686184616,1.6643651898861442,1.4581634782953092,1.3934139420016762,2.2852412713196792
gene_2997,1.276901711935802,1.234962453817246,3.406265038731671,1.280542801072074,1.7892683882804874,1.1980486881046633,1.454957364363293,3.3951412319925534
gene_2998,2.0323028505011025,1.626730912109465,2.5869879100526165,2.2736532467171893,1.6909634167886778,2.798825466707149,2.592795863177619,1.9966958404010215
gene_2999,1.6726852899434985,1.5313414633892122,1.2602753619489404,1.691113860889544,1.2826836497996463,1.151700349027907,1.3245428584768917,1.2068166765775525
