,Psi_mean_cell_type,Psi_std_cell_type,Psi_valid_counts_cell_type,Zeta_mean_cell_type,Zeta_std_cell_type,Zeta_valid_counts_cell_type
gene_0,0.8080230942222962,0.007121739790804189,16,0.24943826537960498,0.043785405672726624,16
gene_1,0.8031360517065788,0.003970719512194452,16,0.2011239493058403,0.02789469983514491,16
gene_2,0.8107443127704486,0.009100504883954065,16,0.2708437854838095,0.055530524782231444,16
gene_3,0.8100631444507973,0.0075226444415328105,16,0.2952179874564431,0.05129151555509821,16
gene_4,0.808334744619876,0.007835286572225916,16,0.23925287428666384,0.054866260680415474,16
gene_5,0.8074120476950741,0.0038945409140002103,16,0.242645986801554,0.026818167599482263,16
gene_6,0.8114845041419793,0.005924982990584701,16,0.2754810547115023,0.03108571341855198,16
gene_7,0.8050042857144104,0.010177808535592279,16,0.22087603537863992,0.06637854688661847,16
gene_8,0.8179339814584424,0.008178191248881977,16,0.3311661708882862,0.04962345717299028,16
gene_9,0.807684217603239,0.005710916611005105,16,0.210324516163336,0.04266965101241736,16
gene_10,0.808242267345492,0.00868923633348313,16,0.2505358906301238,0.052121794468258986,16
gene_11,0.8090281462279677,0.004597822352167087,16,0.2556001806654919,0.03966551284819744,16
gene_12,0.8123015955521065,0.00853432693969211,16,0.3137068113622783,0.060181805139226455,16
gene_13,0.8023418670898904,0.007906252911571763,16,0.28163943713683515,0.0481924576968852,16
gene_14,0.815931879059929,0.007771856686154745,16,0.3310477838001101,0.04965681997171819,16
gene_15,0.804998294107608,0.006555255939004395,16,0.28018359792537223,0.04851292801064404,16
gene_16,0.8080116332694535,0.007842017908150036,16,0.2628891941009409,0.04324658632235398,16
gene_17,0.8104420603162481,0.009109219780735789,16,0.255792413405599,0.06750715573189191,16
gene_18,0.8072724482877986,0.004098304365373982,16,0.23676530660671255,0.024069573937000394,16
gene_19,0.8045624009399325,0.006711958346426603,16,0.20753997523565917,0.04214426323389484,16
gene_20,0.8044752356122219,0.005449897568405845,16,0.18032542343652036,0.038666172606544064,16
gene_21,0.8136944104687802,0.009954030362301719,16,0.32045144021324773,0.05944789952646847,16
gene_22,0.8115719654837218,0.01062102832464771,16,0.305574904490464,0.058989492918177,16
gene_23,0.8085467534131697,0.004654565747182321,16,0.22797623764181893,0.03268322997547025,16
gene_24,0.8102132594691401,0.009281611122819146,16,0.27483663771047745,0.07259589842779803,16
gene_25,0.8091728563354119,0.01562614935541951,16,0.2836555449353834,0.10053331660803765,16
gene_26,0.8103645694328669,0.009583872624097071,16,0.2828651292979248,0.0715719999056934,16
gene_27,0.818678147338906,0.007784035218733856,16,0.3188572940817503,0.041812694492427596,16
gene_28,0.8075286760957145,0.005941456358244992,16,0.24759927647526733,0.0394166289710678,16
gene_29,0.8092792464021249,0.008088473158513042,16,0.26606515676425235,0.05655938457353425,16
gene_30,0.8118829558993937,0.008227057099673273,16,0.2898495980440474,0.043386050844168814,16
gene_31,0.8060032570254106,0.006617298123913218,16,0.22571449071141356,0.043144531243914944,16
gene_32,0.8060403182738473,0.013397545478631954,16,0.278372410628726,0.08311666665495299,16
gene_33,0.8118225522461812,0.007622779071559752,16,0.29892070028406753,0.044066465595669915,16
gene_34,0.8093870036102798,0.004031434855502902,16,0.2379197951296434,0.03190371797048255,16
gene_35,0.8068115449634196,0.005575535473340794,16,0.23661020746179712,0.03269668968022678,16
gene_36,0.804836207193078,0.008151133850148545,16,0.2881957850282357,0.051487959589412234,16
gene_37,0.817455069734005,0.007830941482630758,16,0.31567345406653347,0.061312022550842595,16
gene_38,0.809288969606686,0.008179410833245263,16,0.2724194463075785,0.052989291682116565,16
gene_39,0.8074737746021334,0.007242203457365703,16,0.29239255192093244,0.05579664647523637,16
gene_40,0.8224366220810482,0.008825238499722752,16,0.42564000394000423,0.057570367910237945,16
gene_41,0.8041328161471123,0.007616354099466547,16,0.2521781866987464,0.067746133442429,16
gene_42,0.8046674199432307,0.005883875288195891,16,0.20698394440629686,0.0438901782167453,16
gene_43,0.8133161525084761,0.012580424941385265,16,0.3150256091651497,0.08059204253309282,16
gene_44,0.8134947295182888,0.00870710925905812,16,0.28142884422575404,0.055432169970612226,16
gene_45,0.8152122863314879,0.009722167153971034,16,0.32222093914738004,0.07116103144996476,16
gene_46,0.809667683603328,0.009424472805498615,16,0.2945087959420644,0.0534073179092625,16
gene_47,0.8075871906803122,0.005045915860786173,16,0.21609629655900367,0.04286421647053597,16
gene_48,0.812583195868706,0.00790188790489685,16,0.2738273436468728,0.04999489447319174,16
gene_49,0.806862659846627,0.004093671199267318,16,0.21408906315282683,0.029608485576050232,16
gene_50,0.8121106006244672,0.014360018244245445,16,0.3454124483053991,0.0769784128702634,16
gene_51,0.8096430367730071,0.0073339121550693755,16,0.2582928333744234,0.056612464115794174,16
gene_52,0.8121152952653937,0.00914526954091132,16,0.26559114990321686,0.05199084519772154,16
gene_53,0.8064399239648286,0.005317670637101694,16,0.23573640607902774,0.02528747561584262,16
gene_54,0.8077420541203265,0.005988289942440818,16,0.2519555941071194,0.044244898753474864,16
gene_55,0.8157642988866426,0.016779660909469536,16,0.3338682484894289,0.096184091176228,16
gene_56,0.8048682181512496,0.008018412365983997,16,0.19809495855931747,0.053984254933332074,16
gene_57,0.8073930573954234,0.0046912100426739056,16,0.2697800450814044,0.02229473359306236,16
gene_58,0.8150847604819969,0.0027373083430992226,16,0.2683873713312541,0.020990698588456962,16
gene_59,0.8128588670429442,0.007583120017876097,16,0.2796713154008732,0.05200924693471918,16
gene_60,0.8112323977894857,0.005461149866969818,16,0.2405776181019306,0.037325381324143946,16
gene_61,0.8177837948679737,0.009839240034263367,16,0.352461237397519,0.06320107943016992,16
gene_62,0.8099643081188747,0.010460440865054575,16,0.27320306588285576,0.0787746327848965,16
gene_63,0.8052050562229349,0.007874346362428402,16,0.21148030067116186,0.04932409673532877,16
gene_64,0.8078179979643394,0.009323968147667559,16,0.2814383042838604,0.07073679953376454,16
gene_65,0.8122811931534775,0.0089115990547915,16,0.30898697935345243,0.05311499989190102,16
gene_66,0.8110124564105176,0.006437762921984809,16,0.2827702483864725,0.03981809422149936,16
gene_67,0.8120065326578374,0.007690936261618513,16,0.27776916397317164,0.050268228701383,16
gene_68,0.8056878721907521,0.007445331983137387,16,0.2014013962402879,0.0613649326410842,16
gene_69,0.8174124789255209,0.01588001886279745,16,0.3645104174208476,0.08932221340999602,16
gene_70,0.8024159858546637,0.00886748846546989,16,0.23084443948518343,0.05941853601727014,16
gene_71,0.8087413839641426,0.00467654082481272,16,0.21769656711550847,0.03484684943102914,16
gene_72,0.8075664343314954,0.011803632678518966,16,0.252211920477442,0.06884425997577406,16
gene_73,0.8083634838588937,0.007214424620812235,16,0.2302878469405355,0.06216066116932987,16
gene_74,0.8079824511422365,0.0059223905649854955,16,0.254123073991922,0.038009448614588506,16
gene_75,0.8122768284436582,0.009546994202666876,16,0.28257595782166267,0.06339149791991354,16
gene_76,0.8084487844651893,0.003625362080304162,16,0.2221687459009296,0.029283705076074012,16
gene_77,0.8030830298425622,0.00334698060428618,16,0.20790806759584196,0.0207831105274869,16
gene_78,0.8144862953096581,0.008350853028280987,16,0.2965315205810614,0.05125397032642272,16
gene_79,0.8066260522608025,0.007593682269388047,16,0.26270055408917586,0.04615319232451839,16
gene_80,0.8120570153895602,0.01200656063420948,16,0.28332040479591425,0.07664137519334116,16
gene_81,0.8078361696025775,0.01054674237408001,16,0.2642572932850203,0.07023713254419735,16
gene_82,0.8161549278764215,0.011250108605060302,16,0.3326992765074046,0.06364744195780622,16
gene_83,0.8179410998574231,0.009309856617699489,16,0.2869597589987836,0.058371982548246604,16
gene_84,0.805130937183214,0.005587548593389526,16,0.2629843166168211,0.034631648270256506,16
gene_85,0.8162965684126641,0.008531255325745037,16,0.3180966364295738,0.04854473929747295,16
gene_86,0.8064877954798763,0.007066475004174637,16,0.2282551227044525,0.03931943151716924,16
gene_87,0.8136499988010268,0.011788574256783115,16,0.2864363567439814,0.06586747851426857,16
gene_88,0.8243985226115655,0.012623319321010093,16,0.4123653770880002,0.06715499459109348,16
gene_89,0.8107786889558705,0.009410738264012565,16,0.2579182350336446,0.06410294880650937,16
gene_90,0.8146049584866643,0.013135968807030175,16,0.3069233769161624,0.08231441729719494,16
gene_91,0.812653547447985,0.008049735212589362,16,0.29412225814136206,0.055293465561554414,16
gene_92,0.8115183721895858,0.008595366246011265,16,0.27676040525519047,0.048746320168762486,16
gene_93,0.8065799326811154,0.005200590890514756,16,0.20259974447206486,0.03923259572072863,16
gene_94,0.8087412377620605,0.0029886451654900386,16,0.2523779107194882,0.021556903209622457,16
gene_95,0.8222927769227629,0.01354908321683994,16,0.3742555271293292,0.07667401243195301,16
gene_96,0.8072544364977817,0.004423402056661297,16,0.21018058058302333,0.0336396618238568,16
gene_97,0.8053777536471814,0.00850433638822092,16,0.26102585278496876,0.04956079524206248,16
gene_98,0.8035397009488384,0.007086195432490619,16,0.24750296585117929,0.048937186658207885,16
gene_99,0.8104507512835859,0.0051531393530073145,16,0.25629963943571277,0.04182607910646008,16
gene_100,0.8070220660127023,0.005145831643773952,16,0.2479710718637038,0.031094974212214323,16
gene_101,0.8030915700972577,0.007690144149558881,16,0.2684748869037111,0.052911501748503,16
gene_102,0.8126372651704383,0.00684607533144489,16,0.2590096575333879,0.03568307427152788,16
gene_103,0.8132324745088424,0.011812374292212309,16,0.29248997729557996,0.06401627836576887,16
gene_104,0.8040336828012172,0.0030035908135760485,16,0.19010855141419533,0.020396862632024112,16
gene_105,0.8054837493177766,0.013846919155706775,16,0.2861152664305252,0.08473208452539066,16
gene_106,0.8006648426411612,0.006523683102436775,16,0.22963576766241475,0.04426415035741023,16
gene_107,0.8077349294913304,0.007576303981346759,16,0.2186419988650355,0.0537586917347053,16
gene_108,0.8077090964811118,0.008414471897539312,16,0.2553745503948921,0.05224013915543395,16
gene_109,0.8168526730374502,0.011008666543722114,16,0.3301151068162348,0.06445590398389206,16
gene_110,0.8097729173442768,0.003979872671071889,16,0.25799403100925544,0.028840566965291387,16
gene_111,0.8240924999776159,0.01592332493429166,16,0.433824696626872,0.08231100030803444,16
gene_112,0.806553210156473,0.006065396705781899,16,0.25113674420297266,0.054565836174021214,16
gene_113,0.8090017056892604,0.011066731078647456,16,0.2670795052183366,0.06756370427037205,16
gene_114,0.815825007418458,0.011622526560430458,16,0.3526152178246596,0.06605179093798223,16
gene_115,0.8086578840925407,0.007112416808804835,16,0.2503816162262761,0.04214745527380257,16
gene_116,0.8066040147427997,0.009834009612120274,16,0.25716838665431924,0.05811938197577158,16
gene_117,0.8126925073998339,0.007240100327969352,16,0.2550566219227181,0.05248738206440874,16
gene_118,0.8111523812214444,0.00882642555202353,16,0.26420016585295814,0.052424360760373115,16
gene_119,0.8130165093409428,0.0049756479170028015,16,0.2837461812004106,0.03930151473279707,16
gene_120,0.8051984743811974,0.0063918018094585895,16,0.24765701431141357,0.039325975199331974,16
gene_121,0.8082541794674369,0.008336111507844204,16,0.2364069082306926,0.054677286938220236,16
gene_122,0.8120729674541098,0.012750913550429635,16,0.30614129560858533,0.07297042851066395,16
gene_123,0.8050028340307871,0.0026898332153595175,16,0.2135265576812524,0.023992085174625716,16
gene_124,0.8063679249865601,0.0060998555279822555,16,0.2296777901854178,0.04170259001756537,16
gene_125,0.8118207610607788,0.005054909198770593,16,0.24148610550325336,0.03733730166758975,16
gene_126,0.8249365625664402,0.01181516745469418,16,0.3666380687221742,0.0720301984417423,16
gene_127,0.8081609688577187,0.004902457386962648,16,0.26594682541057385,0.024501550799146305,16
gene_128,0.8100427065191075,0.00804763629738737,16,0.29547240007866066,0.05341801188360266,16
gene_129,0.805734545978261,0.008171833493050175,16,0.2259087605138737,0.054301161761717905,16
gene_130,0.8130905129562873,0.007298602041761734,16,0.3089670866802851,0.04288295782980279,16
gene_131,0.8059408136757368,0.005081622954949096,16,0.2296779447941135,0.032665749073646694,16
gene_132,0.8065739519614789,0.00819906333065601,16,0.23344911800173784,0.05467685440248041,16
gene_133,0.802943515380893,0.0082730853772072,16,0.2382624627799321,0.05563127007391889,16
gene_134,0.8113305264807197,0.007739447377514987,16,0.2709078353000437,0.04782503902813623,16
gene_135,0.8090052195333524,0.00577499805396393,16,0.24996115733171842,0.04165150630546021,16
gene_136,0.8120419001557795,0.004806368913596894,16,0.2918950603077307,0.03909182117657824,16
gene_137,0.8101166929239302,0.006494711573524243,16,0.24400414339562307,0.046648043390525404,16
gene_138,0.8073449884845901,0.013668788952107123,16,0.3079301461627446,0.08398696325264345,16
gene_139,0.8341657268404997,0.014182774961087549,16,0.4426421621760063,0.07749675935748365,16
gene_140,0.8090584759430737,0.007015730984636784,16,0.27551955659100336,0.04509351095204787,16
gene_141,0.8074061413980856,0.005668947554401746,16,0.23833483172451922,0.04003966004610344,16
gene_142,0.8064648852015106,0.009102338875117664,16,0.26586511479659813,0.061454861718552016,16
gene_143,0.8051788519237663,0.004814455428351292,16,0.2266420067196182,0.03565692842762733,16
gene_144,0.8047847445998606,0.009677066370423766,16,0.24322834458525106,0.06311037235842776,16
gene_145,0.8120073538356671,0.009346753956227723,16,0.3013270706887775,0.06218230495714228,16
gene_146,0.8031672228700447,0.012065002283041137,16,0.2263222519406031,0.07143804668471339,16
gene_147,0.8105365953597782,0.008783256911182704,16,0.27642231180652077,0.057392658461471104,16
gene_148,0.8134989227470574,0.006679716890933888,16,0.2702341612809217,0.04268998002270077,16
gene_149,0.8006535843782476,0.004836356202192389,16,0.19131783996113183,0.03824472557091155,16
gene_150,0.8058706842027802,0.004137682867855412,16,0.23000659610321578,0.025199596808346818,16
gene_151,0.808409756248536,0.003399605810499572,16,0.22376556394268948,0.03154343431197341,16
gene_152,0.8094504178583302,0.011127297031832885,16,0.26891155851908133,0.07218754231259164,16
gene_153,0.8189646541764992,0.019533255995457022,16,0.36020839750747113,0.11084621651946588,16
gene_154,0.8210033965716027,0.011102645918882771,16,0.3641136565695881,0.06547475398557376,16
gene_155,0.8209242775912551,0.0065262304795357185,16,0.33619017096450293,0.04606414569750555,16
gene_156,0.8111918274629663,0.00428268676607585,16,0.24637072475659536,0.03037412137013551,16
gene_157,0.8050662304146223,0.007825296921823287,16,0.26795077858717875,0.04722356936302099,16
gene_158,0.8099072680372712,0.006307681828901168,16,0.290663210916017,0.053396519366275506,16
gene_159,0.8060769481381344,0.007698402701780311,16,0.23627847138890332,0.055923598831726554,16
gene_160,0.819024932333421,0.012220349236053621,16,0.3322580654750139,0.07368581216789502,16
gene_161,0.8114777643165396,0.0039251812173552785,16,0.2575811624226022,0.02413494079503485,16
gene_162,0.8077432177695115,0.004911476323252694,16,0.2754955706350768,0.04352211878689215,16
gene_163,0.8092308403373185,0.0038782274118467504,16,0.2789031746988415,0.023381161995819494,16
gene_164,0.8084104422784909,0.003850519535421067,16,0.2547080197225209,0.02025256883820431,16
gene_165,0.8134684721976613,0.009894001099114811,16,0.2889237979182292,0.07299845051662714,16
gene_166,0.8115810657327376,0.0076746318977466334,16,0.28578294256475456,0.049218372449735405,16
gene_167,0.8096628100150483,0.010065763154883785,16,0.2810520798353669,0.061249404161873335,16
gene_168,0.8129484553132507,0.007777504935624888,16,0.28320852754964354,0.04902224309913523,16
gene_169,0.8113575357769496,0.004353358530722244,16,0.28749275429347737,0.03953124475623697,16
gene_170,0.8117937678175038,0.008005349374287414,16,0.27178333763429957,0.05487465400050655,16
gene_171,0.8042754941792499,0.008088925826880068,16,0.26178083844679134,0.06135907258709352,16
gene_172,0.8097455843099834,0.011220137660496917,16,0.27116044329315886,0.06636378834124858,16
gene_173,0.803808468714333,0.0066216920696403085,16,0.21735217875007753,0.03642124745031124,16
gene_174,0.8053733173068832,0.008050957033315454,16,0.22982746128493936,0.05246501424613446,16
gene_175,0.8051186640333787,0.005812809665362572,16,0.1878069806719798,0.04237348131322604,16
gene_176,0.8058156314749476,0.007029542366734835,16,0.24790982411473386,0.03987472655024199,16
gene_177,0.8108120237929552,0.0049427761611259505,16,0.27452241757660156,0.02476683472422349,16
gene_178,0.8012767411915352,0.009102179811396622,16,0.23257393258137757,0.04613781923901557,16
gene_179,0.8109283715916796,0.009521323651116407,16,0.30961777242899685,0.049660087704162706,16
gene_180,0.8057295075874621,0.004095467275357585,16,0.22532225776766746,0.033712320872058436,16
gene_181,0.8131362997397962,0.008412595903118087,16,0.3337103453748658,0.047956956828802466,16
gene_182,0.8049532230954747,0.0063187236204447945,16,0.22246314248002383,0.04290095785944266,16
gene_183,0.8123294383253303,0.0060034147545407245,16,0.25499694934298855,0.03984271841626512,16
gene_184,0.8068390947236601,0.004240004644929772,16,0.2089982791469521,0.041233204384113924,16
gene_185,0.81189809959514,0.008914440712378097,16,0.2671053337083602,0.055073066918694034,16
gene_186,0.8024178162128809,0.007547016909266598,16,0.2042287042960442,0.03953859169464321,16
gene_187,0.8080679430047658,0.00597441491631049,16,0.2298295185734245,0.04012431898819238,16
gene_188,0.8133462611462615,0.006176085384681239,16,0.2743073492151946,0.05004676574478909,16
gene_189,0.8067592935253043,0.00808642947843952,16,0.2702469557843755,0.05193596185459569,16
gene_190,0.8077954456111931,0.0026232780666097764,16,0.2044905425668076,0.02223393305172255,16
gene_191,0.8174686777115137,0.006525192714212849,16,0.3242884058976781,0.03467407099923151,16
gene_192,0.8062482353192783,0.007102563165697729,16,0.2601962591190575,0.03745788650944474,16
gene_193,0.8111036381382596,0.00451385107274879,16,0.2520989838380825,0.020205864430118275,16
gene_194,0.8030173998603656,0.003730833764768369,16,0.16471373136283105,0.025823941984158195,16
gene_195,0.8060626163577751,0.006018818297702495,16,0.2281289004336599,0.03863858081374847,16
gene_196,0.8078337501385701,0.003523342717130745,16,0.22520373888609396,0.032225151722850086,16
gene_197,0.8141810246017004,0.006122782750554219,16,0.3126471250628967,0.03754426638093157,16
gene_198,0.8174253224393394,0.006178389239152685,16,0.31937559829962714,0.03430622060923352,16
gene_199,0.8105868619034967,0.009299494248741515,16,0.29244163238715537,0.06099586179073198,16
gene_200,0.817806701091081,0.008767808422000846,16,0.24223176096524016,0.044144833403310775,16
gene_201,0.8118878409684842,0.003950902919180101,16,0.17199410048270242,0.028954323744505687,16
gene_202,0.8122996007259697,0.004029820919713412,16,0.22466956998477858,0.025892520402102468,16
gene_203,0.811020990905567,0.00449535047056049,16,0.18182028047300314,0.02326438005475426,16
gene_204,0.8155671684838952,0.0024491822736891025,16,0.2043408535444749,0.015779520142386927,16
gene_205,0.8081197188103924,0.007484785755415715,16,0.17038665203224057,0.04344643964295114,16
gene_206,0.8132464092471571,0.003978955647166748,16,0.20711089637208405,0.031479297075038826,16
gene_207,0.8083623744004279,0.008555881562561759,16,0.26202379447167373,0.03248593094229688,16
gene_208,0.8153489914115573,0.004775134104318,16,0.2130321243244884,0.03443060981391007,16
gene_209,0.8059507215109781,0.006464803453676158,16,0.17829830313215417,0.03514068497986688,16
gene_210,0.8129774665511844,0.0080702950518901,16,0.24608757277079268,0.04386252288128925,16
gene_211,0.8158151217619986,0.0045665896727052286,16,0.21143615853791703,0.030762278432237257,16
gene_212,0.8114634173573886,0.006272457694218923,16,0.20496435754822967,0.044104288872002365,16
gene_213,0.8131817082001913,0.004454982116147571,16,0.20677323435967573,0.03306812632875503,16
gene_214,0.8088326932308558,0.004090600842947151,16,0.18181265035234281,0.025114446796217122,16
gene_215,0.8120603528401141,0.004771844683457968,16,0.1967705811587296,0.024560471927157768,16
gene_216,0.8064135958716105,0.004974303708560765,16,0.17721338970241554,0.027502820277717877,16
gene_217,0.8071291251479106,0.0052568669951118625,16,0.1763174307222854,0.030473237208593913,16
gene_218,0.8158659558657795,0.00644256712787066,16,0.22469749439503728,0.04202045541378664,16
gene_219,0.8104727789236464,0.004365601459003308,16,0.19789303871836597,0.023128120880488746,16
gene_220,0.8122483904100299,0.004042425571796398,16,0.18948798037905865,0.029210781589230655,16
gene_221,0.8102728587155338,0.003216926719154745,16,0.1733474600268762,0.018175462789085425,16
gene_222,0.8167611564026547,0.007358626678002639,16,0.23760697309770926,0.04227517627728064,16
gene_223,0.8133024617289869,0.005866329217646785,16,0.20757377604710237,0.03462877354443828,16
gene_224,0.8082777125249023,0.0022186178198642737,16,0.17795308014703284,0.017702162779401516,16
gene_225,0.8195867016279703,0.004415235047427872,16,0.26934588264281417,0.023865500929015303,16
gene_226,0.8152185274012798,0.003987236043295038,16,0.19274825489731345,0.023836835364619068,16
gene_227,0.8152826637833757,0.005524180865502373,16,0.23361118652199625,0.03416365252114655,16
gene_228,0.8105762456637193,0.001904372907338587,16,0.1852036125283933,0.01477555629050316,16
gene_229,0.8137956923817864,0.003119858555408032,16,0.20952049985757906,0.015570085195387747,16
gene_230,0.812239779594785,0.0045360779119449565,16,0.18317432896983277,0.030681672751356154,16
gene_231,0.8090008596300474,0.00859911355473993,16,0.23052833547722262,0.038436745047496744,16
gene_232,0.8118246266775462,0.00507463166817236,16,0.19618605920317864,0.032630072312350655,16
gene_233,0.8111812943837131,0.004779410487669868,16,0.18694440080474464,0.0302480686366449,16
gene_234,0.8121285975857514,0.006553945230353158,16,0.24768651097497685,0.0382293175097929,16
gene_235,0.8158278661148405,0.002866376346165429,16,0.21750926141613183,0.024079255156635435,16
gene_236,0.8027116556387113,0.006317262280554464,16,0.14825239811631113,0.03926086567355226,16
gene_237,0.8105386157182732,0.005940583363147596,16,0.22043546539784234,0.02966465259151744,16
gene_238,0.8121239932676294,0.006504304466801455,16,0.2197130876978561,0.03152391178991624,16
gene_239,0.8090384023158677,0.0073680103024866585,16,0.18380218587710934,0.04873432255660004,16
gene_240,0.811088249128623,0.006298493356262049,16,0.2085933580698523,0.03622254915747597,16
gene_241,0.8047183470016117,0.0043013387207190765,16,0.16106535795599672,0.027125080941376268,16
gene_242,0.812161216886262,0.00206603096220648,16,0.17462535946064794,0.015272457088191648,16
gene_243,0.811970620062821,0.0060684256074333975,16,0.1849519319814616,0.04348081101446659,16
gene_244,0.8107573416977694,0.006842670031735819,16,0.1894391653618669,0.029806805493304257,16
gene_245,0.8173479669691502,0.005556067355251623,16,0.22134002502577022,0.03157012474611841,16
gene_246,0.8071580624989914,0.00465071277125824,16,0.18610104647795267,0.03576152623580221,16
gene_247,0.8195127103956503,0.008442626189279037,16,0.2762037031538158,0.04342344932095552,16
gene_248,0.8120953216341894,0.004682917309924649,16,0.19670528259058975,0.030947666119845448,16
gene_249,0.8112534606728654,0.004015915932371422,16,0.20148337101689898,0.018279402714293666,16
gene_250,0.807613271844191,0.005650745153965299,16,0.16453564460022985,0.03575549580035418,16
gene_251,0.810299016939733,0.0029688145753170784,16,0.19532170506044538,0.018949283922945537,16
gene_252,0.8093286937136096,0.0038397475296725473,16,0.21848307394678124,0.025357674280284234,16
gene_253,0.8120068545410858,0.004800829109317418,16,0.1948935799055509,0.03092855172482131,16
gene_254,0.8160261775059426,0.012881208635252349,16,0.23626282135888882,0.06887169407818952,16
gene_255,0.8117645893825977,0.0077487850026181125,16,0.21079719720090195,0.032032853667659435,16
gene_256,0.8118974040816367,0.003537312640060192,16,0.19046170806583354,0.027833039173315508,16
gene_257,0.8146060426735723,0.005911825411875926,16,0.2118693391179572,0.03488863623206824,16
gene_258,0.8129067485897269,0.00560608920058247,16,0.17787005720566987,0.033508997542303624,16
gene_259,0.8116795725029315,0.008991644498665099,16,0.2039325150527993,0.05381848188905436,16
gene_260,0.8055578277637289,0.004012474381620745,16,0.16901055768973966,0.020230686729511102,16
gene_261,0.8107747350766716,0.0027771353318792906,16,0.20008133559298502,0.013810560938411806,16
gene_262,0.8119356532072854,0.005382187407378714,16,0.20961391186683237,0.03806695087447112,16
gene_263,0.814276598249122,0.006756998026818846,16,0.21261873941155018,0.045469916549520546,16
gene_264,0.8111918632904452,0.005242546997629404,16,0.20191683350784045,0.024747589305242554,16
gene_265,0.8116141986430979,0.0059568657391424395,16,0.19548223453984062,0.04052560435855496,16
gene_266,0.8075001644521062,0.004788796548953674,16,0.16458704904656782,0.03181947276204272,16
gene_267,0.8136096600502609,0.0066960340513625045,16,0.2039583958459037,0.034694934979008434,16
gene_268,0.8105939002193823,0.0050460543187538,16,0.199704409795755,0.035979316541090496,16
gene_269,0.811905621690852,0.006839698049840013,16,0.20582070918054585,0.0392220409595051,16
gene_270,0.8087613444068852,0.0038595020081890097,16,0.1696766724075873,0.02483948936291909,16
gene_271,0.8099582943354979,0.0052617398420163695,16,0.15605860108257935,0.03359420268848891,16
gene_272,0.8119235091498075,0.0067441765028255175,16,0.21632394758369256,0.03262186976260617,16
gene_273,0.8122383017997937,0.004285060108225976,16,0.20124517299808878,0.029865238352862228,16
gene_274,0.8088587279886663,0.00648863798019782,16,0.1839237047932944,0.040571447756197775,16
gene_275,0.8094308893594214,0.0022880319444888195,16,0.14920024207064025,0.01704892216418607,16
gene_276,0.8103193260695459,0.0033171767172940664,16,0.204543727413054,0.023364075736976457,16
gene_277,0.8090967099105624,0.0039058586551536036,16,0.14623151356090783,0.03051813084568826,16
gene_278,0.814050191954357,0.00445951944109016,16,0.2012008701528326,0.022912969487140337,16
gene_279,0.8176635125659312,0.005914171675382786,16,0.23207363268777467,0.03164157100867233,16
gene_280,0.8104282027365415,0.0071808125663834306,16,0.22508627799792943,0.03298688856637605,16
gene_281,0.8114501908378635,0.00872550952032735,16,0.21050730352237484,0.05313960037420524,16
gene_282,0.8063720140891089,0.00694308426303272,16,0.17818297506607678,0.04014061853306284,16
gene_283,0.8069124644474183,0.003340073085184643,16,0.15227284916223452,0.026617485675211758,16
gene_284,0.813008373381185,0.0049605786421581055,16,0.2122706661423318,0.032740511369120734,16
gene_285,0.8146104302320191,0.007227267311817725,16,0.20338889038723176,0.04229568118657311,16
gene_286,0.8074872106017098,0.006818581127852736,16,0.16802923384187174,0.04132703066064383,16
gene_287,0.8121608176682278,0.00829387442790488,16,0.2137014965549249,0.047380751665249285,16
gene_288,0.8225368006381035,0.004523220241152422,16,0.2574780368276313,0.02940702078065717,16
gene_289,0.8087305004763331,0.005973330748368625,16,0.16705757471111263,0.03599091026720136,16
gene_290,0.8178302140910776,0.0045303176395698015,16,0.24670639050493753,0.029604368106778328,16
gene_291,0.8152330531062013,0.005750613061716324,16,0.21170469407130563,0.03333541916038601,16
gene_292,0.8091025999697993,0.0035116309224658307,16,0.1544588830422443,0.026262478521562074,16
gene_293,0.8144050808365342,0.004039077312232974,16,0.20178183835046326,0.02906349057898785,16
gene_294,0.8112686357915189,0.0052779413210325265,16,0.16653534878781517,0.03944335820010531,16
gene_295,0.8141898901029311,0.0031190203526890673,16,0.21134499165127874,0.01942887240394281,16
gene_296,0.8091924611735647,0.004920338800403335,16,0.184845925407904,0.029948126237299307,16
gene_297,0.8151852488824013,0.00563079650148045,16,0.25172464255148863,0.027171076181256602,16
gene_298,0.8153313371407732,0.002735936308771837,16,0.2236470563026544,0.010997292154671358,16
gene_299,0.8129082674536999,0.004417987167952497,16,0.17359654994072718,0.02800081322214314,16
gene_300,0.8065808619519088,0.004588671895043299,16,0.20035837936926704,0.016490927425777964,16
gene_301,0.8068898062068833,0.005973911587555894,16,0.18825541042240143,0.04240067151627613,16
gene_302,0.8198018151553361,0.015134821130699447,16,0.2678484972101655,0.07201685554157142,16
gene_303,0.8090763974442213,0.00423182506692313,16,0.186666682433777,0.02739204922897149,16
gene_304,0.8181436237465456,0.006964758375588621,16,0.23657833744171325,0.0400075770767457,16
gene_305,0.8129859879729697,0.0017318705161391524,16,0.2155416490371706,0.009407038859442152,16
gene_306,0.8141865631307571,0.005094095394051117,16,0.20652752809085803,0.03405455937984533,16
gene_307,0.8103241321377748,0.005909063008893453,16,0.18725967971551638,0.03409531997277208,16
gene_308,0.8076579299965055,0.008374189486045007,16,0.18976381940489062,0.049868367734724146,16
gene_309,0.8114048252735154,0.006826162068747046,16,0.19982787346447006,0.03962062467178407,16
gene_310,0.8117746442780679,0.0036917759987146683,16,0.18032211304457257,0.021556201680185266,16
gene_311,0.8118452766328977,0.005430719483951897,16,0.206509672906782,0.03149175583515713,16
gene_312,0.8082188645699792,0.003277858481737165,16,0.16725523923269364,0.020738513166126123,16
gene_313,0.8111459556452705,0.005667572946682586,16,0.19303663599228982,0.032919668379858075,16
gene_314,0.8149315432285401,0.007272343830689074,16,0.20748641594759457,0.04344354191674474,16
gene_315,0.8069174666285339,0.004812817510986518,16,0.16872088197872742,0.04108713391254463,16
gene_316,0.8104455984926426,0.007361017722558592,16,0.21111908571449758,0.0371737343985248,16
gene_317,0.8101756423161033,0.0058478376346569015,16,0.2003410517043463,0.03426705924118752,16
gene_318,0.8144651909487173,0.003697091533468434,16,0.20989349365099605,0.025066579829642034,16
gene_319,0.8164055773588781,0.00512054978961634,16,0.22000204420543729,0.025864396598832003,16
gene_320,0.8124155044352107,0.006684562854412941,16,0.18674513762019807,0.042571833454948096,16
gene_321,0.8096531131256416,0.006544101799971059,16,0.21959217967624256,0.034135028985075054,16
gene_322,0.8201563964490379,0.007518953942391326,16,0.24992468564027204,0.04336934468355552,16
gene_323,0.8092386759807572,0.0033966829283805745,16,0.1854129616039854,0.02470144328313185,16
gene_324,0.8078117291293277,0.0051170638340092955,16,0.17667171978827811,0.031434595131392185,16
gene_325,0.8087230012684621,0.004731097737212571,16,0.1935030420842,0.03550485390993431,16
gene_326,0.8072072358378083,0.003638870150737281,16,0.18507602201434398,0.025819177783683204,16
gene_327,0.8102854269824776,0.006772295563712456,16,0.1794569042545113,0.043008471244018576,16
gene_328,0.8126612445287769,0.004031358239435301,16,0.19680289974279486,0.02485713723529587,16
gene_329,0.8172332253260131,0.008080476741414091,16,0.2080250821527692,0.051222925162414584,16
gene_330,0.8200985512066892,0.01031575056630178,16,0.2924117522577191,0.05015420173409507,16
gene_331,0.8105827409666401,0.0035887219810987183,16,0.17482960622731053,0.024632202843577852,16
gene_332,0.8103891595962309,0.004771410769515496,16,0.18459065106727746,0.027539536891046035,16
gene_333,0.8147856751797868,0.009345812322656931,16,0.21120881885609946,0.054237883183497725,16
gene_334,0.8141845492309561,0.007339424241113669,16,0.19619266798606086,0.04634479110181236,16
gene_335,0.8066842738900171,0.003797774212830148,16,0.14748301440345318,0.027451133829759736,16
gene_336,0.8103235686181498,0.004071281101468301,16,0.18641047542271766,0.027206799247885338,16
gene_337,0.8117375751025577,0.005403296850599505,16,0.2077728656786541,0.037282607521032615,16
gene_338,0.8124875690286094,0.00662946976899744,16,0.20232024870347373,0.04456695996148913,16
gene_339,0.8092561936995132,0.004133251516929588,16,0.17531849788753742,0.024846975145245764,16
gene_340,0.8145693949187867,0.0033665112265813687,16,0.2010354423235674,0.01736632604260098,16
gene_341,0.8111100220117851,0.007904303995327292,16,0.228755349445698,0.040961604106827386,16
gene_342,0.8094435682989103,0.003663063177465108,16,0.1829984380392618,0.020878281896633582,16
gene_343,0.8104088105919433,0.0032549137030926274,16,0.16462412469554394,0.020798629774131678,16
gene_344,0.8096615448899352,0.0040742247819736555,16,0.16866929148338905,0.03073190686037613,16
gene_345,0.8087891013780276,0.004723990323272748,16,0.180317789273213,0.032155527627735485,16
gene_346,0.8102926374084719,0.00443928264757182,16,0.16985298206214217,0.03022307624745545,16
gene_347,0.8111844914074198,0.0010306912730782176,16,0.21479013360302374,0.018097561870256414,16
gene_348,0.8113687962615502,0.003999083927836598,16,0.18702116930553228,0.021570351254194032,16
gene_349,0.8189355488876282,0.005246975431465424,16,0.23206967894256086,0.02883042336941804,16
gene_350,0.8118754004526968,0.004878044961567253,16,0.18586159664104332,0.03288215677458458,16
gene_351,0.8127581101434521,0.005594656429854283,16,0.20627388367734087,0.03226193712784444,16
gene_352,0.8136487228318419,0.00487100028822373,16,0.21095684817936863,0.03063180294254766,16
gene_353,0.8114421802564229,0.005638170633352725,16,0.20380777278686552,0.028996977577153134,16
gene_354,0.8088789300614048,0.0021033839925785514,16,0.19772685445870194,0.02025416152865293,16
gene_355,0.8151262105518216,0.009595584538454337,16,0.2378353942720754,0.04450894549969454,16
gene_356,0.8136054847669034,0.0066027472464856895,16,0.20002079968741052,0.047430670385651415,16
gene_357,0.8056708325566879,0.005650142009643156,16,0.14374592390719923,0.034113865838715306,16
gene_358,0.8058732531579552,0.003521954562590913,16,0.1426820499018393,0.020934899297978506,16
gene_359,0.807902913002341,0.0026001240206605337,16,0.15106035103792168,0.01991541724384546,16
gene_360,0.8125949705928591,0.002305791263175578,16,0.21681545236449684,0.020547462060588665,16
gene_361,0.8073002101531449,0.004271061423242354,16,0.16432693148205443,0.02854700497620014,16
gene_362,0.8116802833197091,0.006105202617112501,16,0.21661021414289458,0.036207720582009745,16
gene_363,0.8157910854787171,0.005963622734728035,16,0.24311725028227565,0.03728753143983215,16
gene_364,0.8133284060679982,0.007402290998738288,16,0.1983006588078857,0.041279323475865826,16
gene_365,0.8149313004181185,0.004725714269071894,16,0.22218642559134902,0.027649993479074354,16
gene_366,0.8080230868633518,0.0035866889539475535,16,0.1561746018866183,0.019932892413145605,16
gene_367,0.8062749527114665,0.005200032150548458,16,0.17150526170054228,0.03283279911281854,16
gene_368,0.8128404883718368,0.005474809959748158,16,0.19494345486574335,0.03134518237475084,16
gene_369,0.8105128143666293,0.007514900893698932,16,0.1840693050474563,0.049435508221011545,16
gene_370,0.807740389199428,0.0032810512767917693,16,0.14674474120518266,0.02856085381272889,16
gene_371,0.812139233525611,0.004846624210616373,16,0.18970948207131094,0.028949520219828953,16
gene_372,0.8142874248918952,0.009192200607225844,16,0.2171360717993581,0.05103319073445484,16
gene_373,0.817558591343286,0.0030790035496614516,16,0.2468523049355154,0.028020665038308485,16
gene_374,0.8120479068112294,0.0048889911767890605,16,0.21290630814257788,0.02447208412277232,16
gene_375,0.8154852682104501,0.004563832853592404,16,0.2302258621080965,0.029520867740691115,16
gene_376,0.8130556763275769,0.005611418620541811,16,0.2309377451633972,0.03835987587596783,16
gene_377,0.8138321344576178,0.005186036711527639,16,0.21641713810253954,0.025737680905321306,16
gene_378,0.8126852463253593,0.005322983082713341,16,0.21318326708919605,0.028703877212730336,16
gene_379,0.8130272848989647,0.0025929734415192822,16,0.2041243053285628,0.018463068832370574,16
gene_380,0.81580946971624,0.005906809067634445,16,0.23914087994492206,0.039617479032877975,16
gene_381,0.8076894177633474,0.003106446297808501,16,0.14221193184096645,0.02361971886134685,16
gene_382,0.8136564984339022,0.006559983606538371,16,0.22255299883706303,0.029458312606207532,16
gene_383,0.8069530328111985,0.004793919592999951,16,0.18948167966372725,0.02653349190023749,16
gene_384,0.8136891171070679,0.008064499410666101,16,0.2330274566380949,0.04392828206129823,16
gene_385,0.8144293624511527,0.0048897903369279445,16,0.21514756084787917,0.028792550213827355,16
gene_386,0.8147433843901111,0.0038610547695830354,16,0.2118685828762514,0.025644634899108867,16
gene_387,0.8140366528434109,0.00824227830610117,16,0.20265086342060956,0.05034410393017075,16
gene_388,0.807584047265282,0.005573768007843728,16,0.16964308463410122,0.03221359684973401,16
gene_389,0.8105153098917209,0.0042836728345246365,16,0.15332850502185916,0.027316592784457756,16
gene_390,0.8108342865948428,0.0048877782454690225,16,0.17239124998486616,0.034863318193205005,16
gene_391,0.8081230907940207,0.002949474314950356,16,0.14815967757739884,0.01950961225449677,16
gene_392,0.8116914742540088,0.006441466293034496,16,0.19387521580047257,0.03941286270114247,16
gene_393,0.8208964286905311,0.010216913022102352,16,0.24351978734425,0.061201707363823625,16
gene_394,0.8122795086237926,0.005345401524581402,16,0.1829071771801644,0.03509626697523124,16
gene_395,0.8136301485155057,0.0054922134773625,16,0.22115975558929685,0.031807001608092425,16
gene_396,0.809490784283658,0.004469321827761865,16,0.17774492286614862,0.02835697499187986,16
gene_397,0.8163994584555849,0.007161662483681425,16,0.2622121071709602,0.0323663598658998,16
gene_398,0.806592150314427,0.005829404563815985,16,0.2057895786511003,0.031394030767285946,16
gene_399,0.8156242780433116,0.0032395977819578313,16,0.22940097114556568,0.017529133667345733,16
gene_400,0.7980511388418491,0.0003956580866809284,16,0.0019504054290781373,0.0007944321498835623,16
gene_401,0.7984470652289677,0.00031939976459543633,16,0.0009687547523483812,0.00038780211270035157,16
gene_402,0.7988376825141122,0.00021371130200386444,16,0.00129505406815305,0.0005947955138034738,16
gene_403,0.7982295128200263,0.0002354866543335157,16,0.0013723472099906313,0.000636182226274061,16
gene_404,0.7987408078599466,0.00015165570585036278,16,0.0014584855287033127,0.00037963350758668415,16
gene_405,0.7985025954264652,0.0002883848979237196,16,0.0014505855653656626,0.00033160562981817483,16
gene_406,0.7980504555136011,0.000404081796543403,16,0.002393114074582419,0.0012121289951505026,16
gene_407,0.7980621223975193,0.00035526576323119115,16,0.00185144871655685,0.0008119325996803851,16
gene_408,0.7985013987834951,0.0001889606291612908,16,0.0007659323274985187,0.00021950207718222342,16
gene_409,0.7981253507298673,0.0003671695354271821,16,0.0014889395584880502,0.0006722984283693745,16
gene_410,0.7982340692571986,0.00038656873186127943,16,0.0023624212798906753,0.0006374999881718294,16
gene_411,0.7982792698544975,0.00031839048505371436,16,0.0020245329842694003,0.0008450375570255431,16
gene_412,0.7980513615174352,0.0005741837707702277,16,0.0013173461835673502,0.0004099846235572844,16
gene_413,0.7977624912597598,0.0006143430399362383,16,0.0017624644732650997,0.0010006211952781783,16
gene_414,0.7978380050186468,0.0003150678647679133,16,0.002470467613892319,0.0007823086345251868,16
gene_415,0.7984175537819367,0.00035463509097699645,16,0.0024500406403917996,0.001018844027834062,16
gene_416,0.79823898958698,0.00024986387422496387,16,0.0034886578474758122,0.0015319794962789309,16
gene_417,0.7982706423593968,0.00037163731084653614,16,0.0019621725397769188,0.0008601071469489169,16
gene_418,0.7984255826317078,0.00022636427151525112,16,0.001687117151482987,0.0005527907176094368,16
gene_419,0.7981844264723487,0.0002513719322272939,16,0.0012332129527709503,0.0006064581579968962,16
gene_420,0.7987834369356152,0.0001796767668791689,16,0.0016941534628501064,0.0006338848856686766,16
gene_421,0.7986513764866106,0.0001570281609938459,16,0.0018400378841012372,0.0009146099077736867,16
gene_422,0.7981227540401599,0.0004169332352989134,16,0.0013368047858669562,0.0004340113950868275,16
gene_423,0.7976477640560629,0.0005099138066964091,16,0.0027395728242545184,0.001096136680794969,16
gene_424,0.7974505087890522,0.0007331355917661487,16,0.002252170094022956,0.0007111276993964679,16
gene_425,0.798425555202336,0.0002940386263010377,16,0.0010411797867167312,0.0004516977999981812,16
gene_426,0.7977705131298335,0.000524408154188041,16,0.0022102496447887377,0.0009590209414821684,16
gene_427,0.7980193354497516,0.0004968029814223802,16,0.001618083655003075,0.0012490475900216,16
gene_428,0.797368927150643,0.00042535143135354135,16,0.0010538197313237935,0.00042334165025077167,16
gene_429,0.7984683596167124,0.0003807194823945497,16,0.0013159361583006,0.0005552310279719903,16
gene_430,0.7982559459220802,0.0001768158947294979,16,0.0011916034406437436,0.0004697653068243258,16
gene_431,0.7983902109720095,0.0002965092240265576,16,0.0011836613838510437,0.0004958417464498148,16
gene_432,0.7983874056013012,0.00029608532148788527,16,0.0019277782345504249,0.0007381577996907799,16
gene_433,0.7980122652351409,0.0002843517910805747,16,0.0023271654972351376,0.0007885524546404794,16
gene_434,0.7984413654553654,0.00039172131858700897,16,0.0019935309599431626,0.0010798319453204713,16
gene_435,0.7986303296928619,0.00020198762491612738,16,0.0011960314767275064,0.0005163213262134082,16
gene_436,0.7980636344307763,0.00032924332963523345,16,0.0020304250015216185,0.0006429661263952354,16
gene_437,0.7976418065837648,0.00032828835499630377,16,0.0010003626181074687,0.0005108340203963934,16
gene_438,0.7976768278245386,0.00041097906085056494,16,0.0026608710169898873,0.0008655784700676065,16
gene_439,0.7979012025627016,0.0004705933885806424,16,0.0009312384526260999,0.00045819268502906484,16
gene_440,0.798005122196707,0.0003298927302612238,16,0.00130153414762685,0.0005839558304108524,16
gene_441,0.7984323066560736,0.00030885424752104636,16,0.001953480113356206,0.0009588309924731325,16
gene_442,0.7981684012660165,0.00035856408582092466,16,0.0012334923627300752,0.0004696403713806708,16
gene_443,0.7981184770037939,0.0003307237255973925,16,0.0016902957140454372,0.0010167439639121201,16
gene_444,0.7981487726349586,0.00030016715926255253,16,0.0021078011310566537,0.0013837112127254739,16
gene_445,0.7980214239617491,0.00041432257588568485,16,0.0018098155430911252,0.0006892434028048974,16
gene_446,0.798146594653584,0.0002193260591131854,16,0.002425326921565213,0.0008028598038908602,16
gene_447,0.7983539925502725,0.00036550500991565816,16,0.0017568672559087938,0.0011021171239108476,16
gene_448,0.798848988866342,0.0002642603872937117,16,0.0023833117469126996,0.0007598711393842777,16
gene_449,0.7986462910704961,0.00025037180584437717,16,0.0016921575077149314,0.0006236374985359362,16
gene_450,0.797436565193755,0.0003703524108991502,16,0.0012720142947397937,0.00043464471370792195,16
gene_451,0.7984542684754757,0.0004987682630164727,16,0.001958864393749744,0.0006485156940319157,16
gene_452,0.7981784546444103,0.0003098822308630345,16,0.0020324882485629565,0.0006305462910153953,16
gene_453,0.7978285442010944,0.0004834189114247032,16,0.0012597731226124122,0.0007529199951320653,16
gene_454,0.7981325714772837,0.0002492059025437653,16,0.0017651880275550249,0.0004403852231143046,16
gene_455,0.798234520572086,0.00032550119783364444,16,0.0018861969861549562,0.000739934794097527,16
gene_456,0.7980300426141964,0.0003673406586370652,16,0.001837622694392169,0.0006325039681585509,16
gene_457,0.7977980407352417,0.0006699641127289026,16,0.0024435779088545625,0.0009583298537868591,16
gene_458,0.797906243304211,0.0005558577428219011,16,0.002053137499775669,0.0008171961447913986,16
gene_459,0.798440598838337,0.000261697476462848,16,0.0012073300546627437,0.000963746345289828,16
gene_460,0.7981354774428273,0.00036515937244195254,16,0.001867422752052769,0.0010571689740740456,16
gene_461,0.7981802587714758,0.0002304116497426829,16,0.0017935745649795937,0.0005937259058364816,16
gene_462,0.7985097650258273,0.0003438169488376012,16,0.0017373685705649124,0.0004601744904463606,16
gene_463,0.7986660963060737,0.00025671173121203663,16,0.0017483728573969121,0.00045561730314272475,16
gene_464,0.7983669912181119,0.0002481686664642169,16,0.001559814414341319,0.0005010664557940197,16
gene_465,0.7989486471467674,0.00021526004222077627,16,0.0014152297441672188,0.00043553771816858477,16
gene_466,0.797890922732029,0.00022340220011661714,16,0.0011219241677211,0.00043894923382248053,16
gene_467,0.7975835866331049,0.0003348294209805925,16,0.002062780186401219,0.0007562812177408591,16
gene_468,0.7984984243810345,0.0001703215990600575,16,0.0012797112425314125,0.0003445250342259991,16
gene_469,0.7986102680410746,0.0001781130388155856,16,0.001450452041676906,0.0006105112898980649,16
gene_470,0.7981580912314696,0.0005484955263030792,16,0.0022237854258060066,0.001464890215029002,16
gene_471,0.7988726351382368,0.00016529802065635415,16,0.0010774526136304813,0.0004615648783289299,16
gene_472,0.7981314415256513,0.00037489250520786587,16,0.0015460455477575561,0.0008195426058970869,16
gene_473,0.7981109095220933,0.0002560692442389339,16,0.0022341846682345503,0.0007977020255432165,16
gene_474,0.7974669629753263,0.0006014073640194389,16,0.0015347957234868501,0.0009072176218431682,16
gene_475,0.7981378908723196,0.00019260764343482977,16,0.0018133804868696187,0.0007816946284128147,16
gene_476,0.7981994908504751,0.0002608509437532212,16,0.002077594246362269,0.0008594855973662014,16
gene_477,0.7977000915582859,0.00027892817181322116,16,0.0015534850085725436,0.0006608980254606716,16
gene_478,0.7982503029888741,0.00015663279744489712,16,0.0023397239496535122,0.0007909022756926598,16
gene_479,0.79868952916424,0.00025111902217848,16,0.0017997828626519627,0.0007071925355139351,16
gene_480,0.7979200996555188,0.000247686410033565,16,0.0019981128688752623,0.0008348422188946106,16
gene_481,0.7985854619439038,0.00026661466842722105,16,0.0017244497965989627,0.000624721960523142,16
gene_482,0.7983961602684673,0.00017750546517365914,16,0.0013306699409544184,0.0004805200903857621,16
gene_483,0.7985417873765225,0.0005108840905781389,16,0.00200843893640355,0.000793083473946617,16
gene_484,0.7983601528621515,0.00031927752463982217,16,0.0021821428246319684,0.0005524692743816832,16
gene_485,0.7984628874217403,0.0003872129520966571,16,0.00224403752291715,0.0010377341107228777,16
gene_486,0.797203421874414,0.0006243232915383275,16,0.0015398774747847062,0.0010982200301617067,16
gene_487,0.7983447479967,0.0002760313650613143,16,0.00156536778053975,0.0006912114187984131,16
gene_488,0.7981876675821181,0.0006401856828273276,16,0.001437516051954219,0.0006212003732989495,16
gene_489,0.7981866104121415,0.0002589448927743454,16,0.0022325901848254874,0.0006379550504911518,16
gene_490,0.7978221397990797,0.0005176440405665235,16,0.0019601682447361124,0.0010357849145843962,16
gene_491,0.7984967762204618,0.00018084940239047084,16,0.001966568303079225,0.0007060989512483108,16
gene_492,0.7976443444182714,0.0005418054460214299,16,0.0020371198438579935,0.0007114994245787341,16
gene_493,0.7983641222545873,0.0003141665108510545,16,0.0020109955476221627,0.00098162284508869,16
gene_494,0.7976552412577051,0.0002712087586873447,16,0.0017511429576307375,0.0010689266007043248,16
gene_495,0.7972849074851905,0.0004831878870325662,16,0.0009157464462563939,0.00040372981810087537,16
gene_496,0.7977866833248825,0.0003630472202474532,16,0.0021656055282601623,0.000870629890743884,16
gene_497,0.7978710375365676,0.0002869336956123029,16,0.002287846538006137,0.000767810325605126,16
gene_498,0.798331844680284,0.0001723571188337689,16,0.0010547031778284687,0.00029652716945139187,16
gene_499,0.7986947057048447,0.000218747867652009,16,0.0012051947451692001,0.00037262512091700164,16
gene_500,0.798904901799891,0.0001601667756157381,16,0.0014025338901250874,0.0003269639273401209,16
gene_501,0.7987522924651986,0.0004097160884096084,16,0.0019512040856827376,0.0007304264918937859,16
gene_502,0.7980830082703865,0.00047466338007109987,16,0.0017121110058741808,0.0007820737740187123,16
gene_503,0.7980880138996764,0.0006352872863603322,16,0.002285428269902025,0.001428121192997797,16
gene_504,0.7981439491368998,0.00033926670390384424,16,0.002002494033096619,0.0008918116247632287,16
gene_505,0.798178881698761,0.0003908256377614572,16,0.0018393507437005439,0.0011086433479087806,16
gene_506,0.7983602726712818,0.00018529118057913522,16,0.001632176312948056,0.000760301528388469,16
gene_507,0.7980825756731754,0.00026188060993587506,16,0.0016628078344673872,0.0007978468644736077,16
gene_508,0.7980416554126545,0.0005008199388239761,16,0.001201070221384699,0.0009324424342559239,16
gene_509,0.7972851846865239,0.0005831315396743077,16,0.0017558834591197814,0.0008760683536612439,16
gene_510,0.79835576798823,0.00048575971237097086,16,0.0018360793405355687,0.0006959770165896364,16
gene_511,0.7978601116858544,0.0002882569194052997,16,0.002752720809898075,0.0014208966473143578,16
gene_512,0.7980023794711343,0.00032133931687199676,16,0.0021670024968013755,0.0008179793033530449,16
gene_513,0.7987021661924902,0.00012220907170644452,16,0.0024686008369057062,0.0009677175144788364,16
gene_514,0.7981917460939342,0.0002630043175696351,16,0.0022754225204279443,0.0011057615798081074,16
gene_515,0.7984101993187227,0.0003484388802264314,16,0.001379756512563794,0.0007550602196896306,16
gene_516,0.7984654711774406,0.0003614124734530938,16,0.0028697320328756617,0.0014320668618762406,16
gene_517,0.7986897726311708,0.00027636438960601214,16,0.0019588687676360375,0.0006113465606760447,16
gene_518,0.7982684846904243,0.00021948331666398903,16,0.0012180804973048436,0.0005639517934472912,16
gene_519,0.7980180013089976,0.0002510410301310707,16,0.0024108367248228627,0.001541422609699402,16
gene_520,0.7985053680523228,0.00025573280853673306,16,0.0011953687830241187,0.0007745529006582213,16
gene_521,0.7977043078205321,0.00035119454942547326,16,0.0014953302035026496,0.0008540472226483342,16
gene_522,0.7986934795059886,0.0003252957740770008,16,0.001239425191821506,0.0007420225424846381,16
gene_523,0.7982850531308154,0.0004793690875040099,16,0.0023537368979429374,0.001253957981891245,16
gene_524,0.7980604243047896,0.000694327728522361,16,0.0013678016388256815,0.0006502410582871183,16
gene_525,0.7982702335358279,0.00030127815425194903,16,0.0016113103351018815,0.0005909009391635424,16
gene_526,0.7986010276213348,0.0001187491888731976,16,0.0013615167692298564,0.0008127311078848778,16
gene_527,0.7979958200187989,0.00042277680867400014,16,0.002585780592108381,0.0008297275115067111,16
gene_528,0.7981458343669882,0.0004861178035905857,16,0.0018411844884323625,0.0006901394030557769,16
gene_529,0.7987543456819945,0.0002584939887958863,16,0.0021516387640926064,0.0010002292898437933,16
gene_530,0.7987529180070877,0.00021230857826100402,16,0.0018092738378963629,0.0010027896236883432,16
gene_531,0.7979499606535102,0.0004638833887363842,16,0.0026477380266105993,0.0007845326875934977,16
gene_532,0.7987245935189644,0.0003021236377909174,16,0.002070582432120106,0.0006770261755418184,16
gene_533,0.7982026929049245,0.0005170502199596148,16,0.0023358727107574504,0.0010884972187796447,16
gene_534,0.7983453714626549,0.00033109169301387235,16,0.0014079239863286,0.0002547520309050163,16
gene_535,0.7987134626479093,0.00023723557491481123,16,0.0018994360553809065,0.0005875873103291161,16
gene_536,0.7984556327078485,0.0003557597890359387,16,0.0023396189400903687,0.001069495371590383,16
gene_537,0.7978498450956782,0.0003323593307797811,16,0.0011663774515644878,0.0005821318799569257,16
gene_538,0.7978176874249892,0.0005879433262251517,16,0.0017964653388128,0.001470149566352906,16
gene_539,0.7979024778241776,0.0003142837683396069,16,0.002766519436348219,0.001663417400493201,16
gene_540,0.7982797377621056,0.00041809975942969416,16,0.00160388907697465,0.00033807571975982283,16
gene_541,0.797852516055906,0.00039968362520202417,16,0.0013984289966939437,0.0006028882613225516,16
gene_542,0.7977189927458421,0.0006140881192012144,16,0.002495568949304269,0.0007624708779732189,16
gene_543,0.798067361097276,0.0003166677652479864,16,0.0023790159878823752,0.0010822071503881186,16
gene_544,0.7977646514945442,0.0003460658450042964,16,0.001356817519522275,0.0007927973088218935,16
gene_545,0.7983666522156649,0.0002853282230129419,16,0.0009270704049798,0.00048341983039184205,16
gene_546,0.7983625874437661,0.00017908021135731883,16,0.0018803183783322498,0.0010859980476783807,16
gene_547,0.7981939830802468,0.00025476457822542467,16,0.001978766860370425,0.0009510689615101043,16
gene_548,0.7983153453402674,0.00035775601810734715,16,0.0014249129900339376,0.000537017203300947,16
gene_549,0.798363614670563,0.0002388316696534403,16,0.0023891504248725872,0.0008328142992756243,16
gene_550,0.7984181354661559,0.00021379333740890734,16,0.0028618280542077688,0.0008393300818921915,16
gene_551,0.798228951017151,0.00023044512430762037,16,0.00224396552273975,0.0010619679573904176,16
gene_552,0.7987147328486326,0.00017016792850470583,16,0.0016760908221699685,0.0005800664726966373,16
gene_553,0.7980409724024868,0.00025456207123622314,16,0.0016703621216261125,0.0006732966462505365,16
gene_554,0.797651213414846,0.0004387531692702747,16,0.0014051547711009934,0.0005211172398039363,16
gene_555,0.7986660449551094,0.0002923302266713862,16,0.001761954217050331,0.0008441272150796053,16
gene_556,0.798582686436301,0.0002404791241635795,16,0.0018283746990342999,0.000687169447611851,16
gene_557,0.7985379192653993,0.0003691038219515969,16,0.002361371239919775,0.0004567155251903099,16
gene_558,0.7988682701662023,0.0001491058704332046,16,0.0011509294662930124,0.0004214261307877468,16
gene_559,0.7989166821231123,0.00013976602062078366,16,0.0013977106776419186,0.00043858203170522457,16
gene_560,0.797877890196794,0.0004068076321448651,16,0.0015751313676862437,0.0006597071907326962,16
gene_561,0.7985613567294358,0.00022405402539601345,16,0.0015490257265007,0.0007010467257130159,16
gene_562,0.7983379582109486,0.00034365253565181615,16,0.0016269981231756497,0.0007941288826225654,16
gene_563,0.7973595173448168,0.0007488177856157584,16,0.0021635152618458436,0.0013535287576203349,16
gene_564,0.7979578056159438,0.00024789838243289707,16,0.0013316566292988189,0.0006521327952136676,16
gene_565,0.7984708641893549,0.00048153709915557593,16,0.0015205689444965126,0.0004790655504380135,16
gene_566,0.7978028438136591,0.0003090543798694984,16,0.0017734461249828374,0.0006516185477933666,16
gene_567,0.798599929091669,0.00027781665264644997,16,0.0014595267308107815,0.0007647805330419039,16
gene_568,0.7984456652272993,0.0003211194375453105,16,0.002444809698441362,0.0007454630179223097,16
gene_569,0.7986753271286255,0.0002343759518744547,16,0.0019379513233268625,0.0007272790455586816,16
gene_570,0.7982046580334287,0.00040574812836288384,16,0.0022798175275482624,0.00101848906903555,16
gene_571,0.7983633667229836,0.0006247631168291028,16,0.0017563761084432813,0.0005136935135289489,16
gene_572,0.7984485435165654,0.00023731322771962648,16,0.0011267249672885374,0.0006027446035054171,16
gene_573,0.7977949682196732,0.00020976955406501002,16,0.0014882105185910373,0.000399843321658329,16
gene_574,0.798161385176922,0.0003330252100505469,16,0.002487565333382925,0.0008565804902643988,16
gene_575,0.7984381010578838,0.0004880271588735647,16,0.0014893019995661626,0.0004343816960506201,16
gene_576,0.7984214090674344,0.00036137677538548504,16,0.0014121029881537248,0.0004527244732575469,16
gene_577,0.7983488606102597,0.00015016252336086947,16,0.002143133044249119,0.0006920618280541079,16
gene_578,0.7983613355555877,0.0006113790990793344,16,0.0012522157525296312,0.0007287398026912916,16
gene_579,0.7986604131195998,0.00019834177602650729,16,0.0012581537194785689,0.00039891420841900357,16
gene_580,0.7973767887360005,0.00044573718767336185,16,0.0025945004426412882,0.0017548208918321101,16
gene_581,0.7982676723665266,0.0002790107713394409,16,0.0016230865118970687,0.0009541331459476262,16
gene_582,0.7980616562279592,0.0004585119429454489,16,0.002725240664619694,0.000866849279487131,16
gene_583,0.7980603483098853,0.0003221938424676239,16,0.002696724832868144,0.0016714655109205348,16
gene_584,0.7986814555621631,0.00015506281383779671,16,0.0012511163423158563,0.0005900134925884466,16
gene_585,0.7981303027635397,0.00038604383431705346,16,0.002149776290104612,0.0009188836389442122,16
gene_586,0.7984192246164759,0.0003115342187262566,16,0.0014116084626899187,0.0007096107554304948,16
gene_587,0.7978393247007143,0.00021454974645760403,16,0.0013376731042913815,0.0005580281309315027,16
gene_588,0.7972902697094056,0.00040469934922751324,16,0.0015131076650597938,0.0012515169578233732,16
gene_589,0.797015629472087,0.0005443818946534236,16,0.0012421198172029376,0.0007119746692377445,16
gene_590,0.7985727083515128,0.00025988475958446395,16,0.0015047167705384062,0.0005651908221555425,16
gene_591,0.7988017539846158,0.0001578379186942487,16,0.0015383461876905063,0.0006063875709412032,16
gene_592,0.7988327031693514,0.00022566845341985938,16,0.002167608069260963,0.0006948723220365918,16
gene_593,0.7983284021601585,0.00030477120306458735,16,0.0017671607450158128,0.0007712626272660906,16
gene_594,0.7976005878212457,0.00039608018845399003,16,0.0013449519497103313,0.0007570948212874165,16
gene_595,0.7980415927257911,0.00046324495542136477,16,0.001926264715727331,0.0014218149094925613,16
gene_596,0.7982940936917313,0.0003176481672108977,16,0.00203527704321945,0.0009778203194219727,16
gene_597,0.7971054746587142,0.0006619514531723723,16,0.001719497130464075,0.000986837921546338,16
gene_598,0.7987248760748706,0.0002939171615320179,16,0.0010612963996539998,0.0004486629063805909,16
gene_599,0.7981474049791322,0.00032204303419008267,16,0.0016797500998546311,0.0007769943351429767,16
gene_600,0.7798961987713848,0.006617988076347697,16,0.14708368264953334,0.04057423502130242,16
gene_601,0.7746175525169863,0.00410691484739901,16,0.07700684430686618,0.024482651735768607,16
gene_602,0.7702737101669413,0.006416383375439551,16,0.11552285664200497,0.03778962331350869,16
gene_603,0.7805628482026009,0.004737575029405751,16,0.10884372688527016,0.03348334606053775,16
gene_604,0.7815523643259598,0.006946011964887247,16,0.15937587550606735,0.04471001328410489,16
gene_605,0.7730250106942951,0.005670859782672334,16,0.08674831006850967,0.03543371649659856,16
gene_606,0.7666195580764685,0.008582349116514834,16,0.1159073984052614,0.040821895567118606,16
gene_607,0.7727337028518889,0.00742572572652694,16,0.1446475321198583,0.05409752712674528,16
gene_608,0.7767648914296085,0.007382112649383884,16,0.10645744627344059,0.0457116688646106,16
gene_609,0.7715953282520501,0.005745449694085275,16,0.09755348746456712,0.03231987731509839,16
gene_610,0.7749951097094044,0.016795881251629126,16,0.188096813330883,0.09969586123022263,16
gene_611,0.7792870284407465,0.0068370860829167,16,0.1184452204954715,0.037165988906942414,16
gene_612,0.7778995609465399,0.007958808688086202,16,0.13919031168304846,0.04705076834764003,16
gene_613,0.7743675095898097,0.0044898957751115486,16,0.10183684837980382,0.031831111480441855,16
gene_614,0.7788072459319257,0.003985818240862237,16,0.1513093337017478,0.029765033678082586,16
gene_615,0.760422804769269,0.008636554798592832,16,0.12837263812515134,0.054079623893202915,16
gene_616,0.7781490665229035,0.006900628705600524,16,0.1381786020176281,0.03859004741703645,16
gene_617,0.7849640354451387,0.003949095152744398,16,0.14390726108826613,0.031763383707827275,16
gene_618,0.776930593005518,0.00795710832668437,16,0.1555137046981931,0.052757415036175474,16
gene_619,0.7777037961351871,0.0018116873146579802,16,0.09629491568856698,0.026352626885662717,16
gene_620,0.7748976508947492,0.01033726922938661,16,0.13307950096691967,0.04258318272150447,16
gene_621,0.7822783672612758,0.0054396875630938635,16,0.1432244313864884,0.05533626377755969,16
gene_622,0.7823494593045738,0.004815594058671087,16,0.14344412208457036,0.04742308636401307,16
gene_623,0.7738308711220765,0.00504690035785692,16,0.11596843351146967,0.05429847888660543,16
gene_624,0.7782998745935916,0.0021351556095602475,16,0.057292521155878164,0.020972155285686456,16
gene_625,0.7755699040398845,0.00822031501174865,16,0.0986227540851902,0.04467491729717441,16
gene_626,0.7673053998761373,0.006640274194637415,16,0.09527643606924444,0.05135476622833567,16
gene_627,0.7787950882400196,0.005811053226992944,16,0.10600917572485287,0.03220642459983952,16
gene_628,0.777099446538638,0.0034441462642721267,16,0.11527246348460723,0.03719904927966325,16
gene_629,0.7716758167038646,0.005493022548417309,16,0.08787083655459157,0.045676192622544826,16
gene_630,0.7710149227311843,0.013697400484602534,16,0.10740089325089955,0.06955131954980734,16
gene_631,0.7781610557895664,0.005973199709213996,16,0.13190297227408948,0.05143197377449984,16
gene_632,0.7759232376628964,0.01244873246483449,16,0.19424881969929467,0.08546808894950719,16
gene_633,0.7716195760348477,0.00740961223455122,16,0.11017539323076853,0.040917391495663744,16
gene_634,0.7661342761597242,0.008555155579454287,16,0.1292186547787442,0.053411866084545526,16
gene_635,0.7772798311193032,0.008324270857658503,16,0.20083436877500893,0.06439775769407492,16
gene_636,0.7652110481082449,0.014307289611910273,16,0.15110185943920929,0.053516689932909575,16
gene_637,0.777726618660897,0.006572295850926591,16,0.13210951325419407,0.036001265626168566,16
gene_638,0.7720986367050604,0.004174887512235364,16,0.11880459960056286,0.02597012730928543,16
gene_639,0.7757585542910017,0.005520979549913617,16,0.14627506401338491,0.03951917362546124,16
gene_640,0.7763587609441815,0.005283654048537484,16,0.1368421382899017,0.039087065391708815,16
gene_641,0.7809289900832496,0.0031398620671548782,16,0.09048133363477363,0.02490002852515598,16
gene_642,0.7718659136293242,0.0029059425989056485,16,0.06619360443611416,0.03389405074705673,16
gene_643,0.7683025213240817,0.012038935508686168,16,0.1432705183990854,0.07885534213690105,16
gene_644,0.7743584871048323,0.0075608247378185596,16,0.1355415807070229,0.06645815645335974,16
gene_645,0.7776398551295499,0.0023066361027621073,16,0.08716749861801598,0.028293909905816053,16
gene_646,0.7743530242093398,0.005919091260851222,16,0.12994937535610795,0.04975857098259067,16
gene_647,0.7742681110034335,0.011060068371056086,16,0.10840074705612955,0.053635093536984854,16
gene_648,0.7757096361285291,0.006384611492803237,16,0.12513418574208182,0.044260456871390075,16
gene_649,0.7780140055948055,0.010467836145671108,16,0.1669368618231233,0.05911552324027483,16
gene_650,0.7762133228198252,0.006026781098080173,16,0.10457159692118646,0.028828945976973337,16
gene_651,0.7758798582762618,0.00240730762211557,16,0.09076067512026857,0.008422988493346517,16
gene_652,0.7779859643986802,0.0088780897993698,16,0.15206687872211455,0.060285910422535186,16
gene_653,0.7696000646286448,0.0050503383369129955,16,0.06515427679187971,0.035872722376701284,16
gene_654,0.7774183960337078,0.00791338787886287,16,0.1591924297440228,0.0529453773654211,16
gene_655,0.7781942359101843,0.004480144478846686,16,0.1271574148846558,0.042838807077711955,16
gene_656,0.780661251710481,0.0045151553829598096,16,0.10107857585458957,0.035148911721776345,16
gene_657,0.7762823236320495,0.004364602942335346,16,0.08219963254652833,0.021356991583378584,16
gene_658,0.7724887586670747,0.014275803443976541,16,0.16485758054573374,0.09141555584024126,16
gene_659,0.7768197267994357,0.00805493709525453,16,0.13926980543767897,0.03950474200030503,16
gene_660,0.7727826331257985,0.010299226662823704,16,0.12574723522017928,0.06274904589877361,16
gene_661,0.7811245722776341,0.0032610267581234913,16,0.1311707485774445,0.02852546710477964,16
gene_662,0.7742114937141731,0.00866287754478434,16,0.10483229292462122,0.0535435201409316,16
gene_663,0.7719100005637093,0.005348561904530802,16,0.10988789727039451,0.04541870281271019,16
gene_664,0.7822610382168983,0.010680891232868198,16,0.21109977437023425,0.07223113905306744,16
gene_665,0.7785990754279365,0.00384965298542523,16,0.1022318214421518,0.025007918328890388,16
gene_666,0.7792495504587992,0.005550310881470185,16,0.12732188554986995,0.049753033121066846,16
gene_667,0.7663516409621364,0.0035123597389608075,16,0.1201393848760418,0.019420128279840493,16
gene_668,0.7845490911660383,0.004668581406216556,16,0.12533962059903656,0.03917694391652512,16
gene_669,0.7727691220244185,0.005542627829856005,16,0.13216859669558545,0.027354400222059493,16
gene_670,0.7754509817233824,0.007094821325257005,16,0.10375258458886769,0.0637301751746853,16
gene_671,0.7723426977550816,0.0008132864028079283,16,0.14365096730594817,0.011006781959257347,16
gene_672,0.7759292718403635,0.005641864330207131,16,0.12586204781571061,0.02884766512722054,16
gene_673,0.7774277113348504,0.003328258497247751,16,0.08720146675306142,0.026409850001301298,16
gene_674,0.77131969521272,0.004783958109185623,16,0.08943485676846041,0.02779758093718022,16
gene_675,0.7693775069149865,0.006286028469843105,16,0.08298181063919645,0.02508393946105897,16
gene_676,0.7787762968060491,0.005582780745532719,16,0.13382016727958498,0.04041205004027971,16
gene_677,0.7717916216208297,0.003499723517535783,16,0.0731427277178323,0.027003580340596252,16
gene_678,0.7777185083137008,0.006315916407738609,16,0.08152097688847766,0.03794735670586239,16
gene_679,0.7775949109347269,0.007196488208295048,16,0.08746771997216027,0.037905232717022425,16
gene_680,0.7774579161583829,0.005580672886818936,16,0.130517591366837,0.03172444719508362,16
gene_681,0.7825768485830669,0.0036796909828221277,16,0.11329012591102151,0.05136636348271831,16
gene_682,0.7748957003790721,0.005101801243235729,16,0.10467163503378797,0.042884005063458984,16
gene_683,0.7833804137127047,0.004632417296030743,16,0.13701712232664032,0.030800122629424748,16
gene_684,0.7751784987076453,0.004367605872775718,16,0.09558420506218246,0.019124859834008814,16
gene_685,0.7732370745775531,0.0035103360879496664,16,0.07755505084204868,0.01897658442299792,16
gene_686,0.7778495235921885,0.007288082599084329,16,0.1064162598078966,0.048387754392802754,16
gene_687,0.7823565558952479,0.006689593362341161,16,0.15770183305324847,0.06326335853130034,16
gene_688,0.7722668965506976,0.007064752682911414,16,0.11240964851677593,0.02428240776459278,16
gene_689,0.7804888035263703,0.002127439839132052,16,0.0895453692207859,0.02463396243378421,16
gene_690,0.781796694235099,0.004089596349903638,16,0.13501434804656914,0.037349482364135586,16
gene_691,0.7827236051684064,0.007625234596909375,16,0.1254440992840402,0.04354508125340381,16
gene_692,0.7767291124964244,0.008460920915789023,16,0.1787897226246885,0.048821108498215346,16
gene_693,0.7757036394306399,0.00407133351975829,16,0.09254958937327579,0.0248055437528075,16
gene_694,0.7739580666567119,0.00524601420212189,16,0.0856359755535831,0.027815753451695804,16
gene_695,0.781064073632334,0.011404040281362512,16,0.12783223280329542,0.06084977089774116,16
gene_696,0.7833971368847905,0.0036405916779182175,16,0.10505832722995807,0.038212365413904735,16
gene_697,0.782237996483527,0.00767354634391814,16,0.14227594652257627,0.05038167669129642,16
gene_698,0.7803974677403057,0.005956011819611364,16,0.12599776822904632,0.04030774179944184,16
gene_699,0.7754710374904816,0.008516005216098878,16,0.09651029774803581,0.04837104642478822,16
gene_700,0.7727039227005952,0.006606467714179124,16,0.06605488958411877,0.038865467739262735,16
gene_701,0.7688601292691805,0.008616516903820896,16,0.1034222433824699,0.05143078562153457,16
gene_702,0.7809290781105658,0.008748371755397168,16,0.2191167156410645,0.04090127429004803,16
gene_703,0.7731370662875979,0.004148626845521885,16,0.08902661505887208,0.029999132894368178,16
gene_704,0.781644278324685,0.003833830113655191,16,0.13099523947902092,0.03332686002881069,16
gene_705,0.7741465894435386,0.002929013502047231,16,0.1337802433553608,0.019666210623226002,16
gene_706,0.7714558899247367,0.0022798795097762354,16,0.08137196763013459,0.017449566121099047,16
gene_707,0.7763682505615506,0.008203135735334637,16,0.13773003659968142,0.05601497283360563,16
gene_708,0.7714000470200436,0.007257648744118189,16,0.15383378515315688,0.055762978734321594,16
gene_709,0.7729394184147247,0.008228874112213876,16,0.09472607391676968,0.031195932636402614,16
gene_710,0.7754104807634138,0.004960862035460804,16,0.13909617149344974,0.03236045891318538,16
gene_711,0.7657142734047439,0.008694013180333297,16,0.136980987865243,0.04146744941847777,16
gene_712,0.7790041133917599,0.005602248646653462,16,0.06334564336747607,0.0342194640473039,16
gene_713,0.7709106738363749,0.0066423025536511485,16,0.09752729057137398,0.04296682871378559,16
gene_714,0.7773836997166318,0.004717485444726272,16,0.09101158835991882,0.04086313644895535,16
gene_715,0.7720567003636926,0.006611935582338767,16,0.10384915334055858,0.03447578420493726,16
gene_716,0.7756184342415132,0.005664254433349896,16,0.07713760429235571,0.027108715159027193,16
gene_717,0.7763243018626974,0.006141841716985143,16,0.12783755791244183,0.04105194971338734,16
gene_718,0.7785982169063044,0.0059150575788542515,16,0.14036492179866414,0.03499561349989508,16
gene_719,0.7742022371198871,0.004291531050037291,16,0.10442046324231635,0.02424765021895999,16
gene_720,0.7771256333003018,0.005611660779140475,16,0.13493105397778787,0.03228577449589255,16
gene_721,0.7648707288594268,0.004656821755033667,16,0.08419744619230643,0.03632323118418457,16
gene_722,0.7731041167162521,0.0017237904236563038,16,0.09608095609553646,0.023595393235842827,16
gene_723,0.7684453213525819,0.005163691356522374,16,0.12960062893885482,0.040458098476058725,16
gene_724,0.7733666284071369,0.008161041644893069,16,0.13138330396335515,0.02580602070999662,16
gene_725,0.7772989073198074,0.0024544964440510646,16,0.09870879270137199,0.024516093637029245,16
gene_726,0.779926716107504,0.004774680453354635,16,0.1300454387670113,0.04077555594759298,16
gene_727,0.776976669435482,0.004614100352188092,16,0.15884927996158724,0.033407823801152314,16
gene_728,0.7700398329933288,0.00976004165219728,16,0.11158166286860784,0.06141390099530897,16
gene_729,0.7750210604542189,0.005693045035475211,16,0.09915712638016766,0.047084587496002,16
gene_730,0.779778656379927,0.004035710689588814,16,0.05789326387663115,0.02699605528299722,16
gene_731,0.7812283641000185,0.014027700615443253,16,0.18607963531656352,0.0945903442152443,16
gene_732,0.772404762849939,0.007083281233194324,16,0.10428642651272742,0.03893041946734526,16
gene_733,0.7738563811578635,0.006384105726237028,16,0.11237605910842006,0.041575210558222386,16
gene_734,0.7792727539612712,0.007488418205471219,16,0.12014963529351233,0.05998222192270462,16
gene_735,0.7733351798505256,0.005138813678903969,16,0.09199169765365497,0.03002039162438614,16
gene_736,0.7733920263193779,0.006920739887381436,16,0.11515844104127179,0.03821088586523837,16
gene_737,0.7762623180738599,0.0043586730954181694,16,0.130266788107328,0.0438389983690304,16
gene_738,0.7794949717879383,0.0048721073100803656,16,0.08500563261394312,0.04123296678116145,16
gene_739,0.7798410056446332,0.00518448346867411,16,0.15669444238004823,0.047085121532272504,16
gene_740,0.7751596206270726,0.00597966690472904,16,0.12108939022194935,0.026469990824073406,16
gene_741,0.7748858175654298,0.01031176302378824,16,0.20821821384214018,0.060062735901446236,16
gene_742,0.7796579136877133,0.009809232505884172,16,0.18474703498837575,0.05888749602498602,16
gene_743,0.7788588944898306,0.007467134409640114,16,0.1327370179279048,0.046596069442428306,16
gene_744,0.7775214621734691,0.012397157104115325,16,0.1556816244768384,0.06604927741754238,16
gene_745,0.7781306724568443,0.007852741469672755,16,0.12646924704339252,0.055138182648377936,16
gene_746,0.7786778666282955,0.005625929830322468,16,0.11927818417954787,0.041938956470428924,16
gene_747,0.7763949113910331,0.0024371163135418488,16,0.08565454844489374,0.030761848139268026,16
gene_748,0.7822446009670145,0.008531710228835669,16,0.1600233724628609,0.07132734289705012,16
gene_749,0.785263524424556,0.018412521210873944,16,0.25471048795200574,0.10801612920283953,16
gene_750,0.7756847579896622,0.004790622027529024,16,0.09166648898160534,0.027034281521621066,16
gene_751,0.7749960177221019,0.005315047344979642,16,0.10293892927470269,0.03820548921897505,16
gene_752,0.772571255589387,0.008219383802648186,16,0.10230331429588983,0.05123053625708247,16
gene_753,0.7788057728570381,0.0061719318709225505,16,0.1261036145265555,0.04273808607165746,16
gene_754,0.7793195198389913,0.006965329511458389,16,0.14711924723184205,0.05323795286364564,16
gene_755,0.7674132451428243,0.005460311508042381,16,0.1472192009333722,0.045468444732743564,16
gene_756,0.7755279262984076,0.002761184886002773,16,0.08310763331960998,0.02468735363112144,16
gene_757,0.772769563416099,0.004876237303746411,16,0.12237052514909905,0.026584748299167894,16
gene_758,0.7775999194236198,0.008926980783349771,16,0.17774191401009842,0.04912065643035692,16
gene_759,0.7803739136714787,0.009757327259245817,16,0.12595531287749037,0.08108689058587491,16
gene_760,0.7758499220681281,0.007473601256896421,16,0.0945355384964083,0.06568523002416109,16
gene_761,0.7783525595747424,0.004863289934214462,16,0.1333282996904051,0.04372428604120543,16
gene_762,0.7726074670574303,0.007111813002631587,16,0.13543533133476918,0.04653068730359536,16
gene_763,0.7769248868418958,0.006499734236860805,16,0.11938577241607344,0.04366275519716228,16
gene_764,0.7768903202528149,0.009286612014741865,16,0.12406687110110613,0.06409850211432712,16
gene_765,0.7759086546721099,0.004267450086668259,16,0.07431243985340574,0.021727615337891432,16
gene_766,0.7707761806094762,0.005447187243124443,16,0.10145904007866863,0.019030704617825342,16
gene_767,0.7667621485678988,0.006103599011644235,16,0.13361948425573533,0.03987079683409241,16
gene_768,0.7762726033069085,0.008207808963023075,16,0.15994101130234611,0.057102297131339415,16
gene_769,0.7761753823769901,0.005534937737297369,16,0.1358930016873158,0.027298068023214404,16
gene_770,0.7825869424346295,0.001989181859571351,16,0.10097523386921851,0.015752845239670906,16
gene_771,0.7768670754710952,0.00680680783375231,16,0.13362304894280413,0.049282127589723064,16
gene_772,0.7761336374953506,0.0037987150363389785,16,0.09013922852333069,0.024847655960322193,16
gene_773,0.7824373128276343,0.006524983823328684,16,0.1377841656252372,0.04424094476851798,16
gene_774,0.7733251868490143,0.010730595833101845,16,0.14998473703995024,0.07264192273327963,16
gene_775,0.7765532894826191,0.002705643010120636,16,0.08522564178922334,0.025192634158719,16
gene_776,0.7786194980603819,0.010712501499511973,16,0.15952183744297227,0.06557546448921475,16
gene_777,0.7725688428789818,0.01165228037116108,16,0.13697570111716725,0.06546270190186565,16
gene_778,0.7781727506872215,0.0033472596271392793,16,0.07751856357087612,0.021494093613556257,16
gene_779,0.7634311331628955,0.006299662606181211,16,0.09976508205599868,0.06801390837756713,16
gene_780,0.7859377364724256,0.009698338224867068,16,0.18090926536431168,0.06168371957611982,16
gene_781,0.7804260170774906,0.00657995596708091,16,0.10495932588831848,0.05758325791487679,16
gene_782,0.7738975996663152,0.006383785719571598,16,0.113896241223666,0.03605990340065135,16
gene_783,0.774180283369546,0.008002738728829534,16,0.09413339401367862,0.035935428576624656,16
gene_784,0.7775714969354008,0.005321998717444166,16,0.12150448082454361,0.02985728867651122,16
gene_785,0.7738572795370154,0.0033129634498530506,16,0.1351752480731083,0.03417972540458055,16
gene_786,0.7813666189088673,0.005870831232631036,16,0.09912144196556996,0.05684736617309928,16
gene_787,0.7808686243453687,0.006206639917660364,16,0.13015443330600296,0.045672083401020774,16
gene_788,0.7796811551541206,0.004855205140391895,16,0.08572136885407781,0.04478626414179267,16
gene_789,0.7758321398982525,0.0033586079573801435,16,0.07974402288161356,0.02255120559065083,16
gene_790,0.7789665761336357,0.006794860092268047,16,0.12283984194638226,0.05151962038693039,16
gene_791,0.7758822100291113,0.008242079390689685,16,0.14289417088189982,0.05201481684514078,16
gene_792,0.7612093745677053,0.012369743134917231,16,0.12123755849124208,0.07567913439600496,16
gene_793,0.7760538562871191,0.007100406486891234,16,0.11597023787930962,0.0331198624145385,16
gene_794,0.78002549375396,0.008360036469401316,16,0.12504145944757264,0.04692852453525601,16
gene_795,0.7750113993513513,0.005239000027543658,16,0.1150680825680003,0.03752697905662092,16
gene_796,0.7760709686436325,0.008033601264745066,16,0.126081107137166,0.060555558847343156,16
gene_797,0.7831048208976097,0.010958081742819436,16,0.1506106929590195,0.08309210797463237,16
gene_798,0.7782156005896439,0.004794207880895629,16,0.12024579402416595,0.04485522542898108,16
gene_799,0.776426494996136,0.009276392962316492,16,0.16440139962656605,0.0595686503345245,16
gene_800,0.7752377144517696,0.003922843199551698,16,0.07566044456767876,0.02400689601290694,16
gene_801,0.7816224361099454,0.008471320457206102,16,0.13222385787687252,0.059169698879153416,16
gene_802,0.7786392606194814,0.0031455452010161213,16,0.11182188148603807,0.025036917639766957,16
gene_803,0.7857607574673711,0.0030370813140261853,16,0.10156506903443512,0.025720462342811678,16
gene_804,0.7828887495865577,0.00418181451732831,16,0.09058704411428908,0.026822467050009097,16
gene_805,0.7814713879566517,0.004977438881833095,16,0.07282584058025039,0.030557415012291398,16
gene_806,0.7843129957291872,0.005863819302356006,16,0.14255662498838395,0.03668021796398842,16
gene_807,0.7756703164344344,0.0030978118558023376,16,0.07140660869733145,0.024861216642571734,16
gene_808,0.787624476030573,0.011749209471003134,16,0.1849305279483781,0.057437181759304574,16
gene_809,0.7869757624495712,0.002053871086966139,16,0.08508445055768793,0.01564648952563918,16
gene_810,0.7785862342539722,0.003457571364723685,16,0.07639835149585555,0.021026202767578304,16
gene_811,0.7835749229228969,0.008436719185927529,16,0.12805550235480398,0.06039200872496938,16
gene_812,0.771904614968861,0.006810150790556729,16,0.07563678285392655,0.030417878536509322,16
gene_813,0.7840739478738703,0.011459328242675785,16,0.13464986072908489,0.05983797463209155,16
gene_814,0.7863020909583037,0.009664379728244372,16,0.14805378482246145,0.050337858020861284,16
gene_815,0.7852891762043432,0.005661057480394177,16,0.1154292854904729,0.02839705804305437,16
gene_816,0.7859409987285659,0.003210508540862539,16,0.08456046941499357,0.02134983281851129,16
gene_817,0.7892986773403491,0.008819008385715778,16,0.13163269504685698,0.06143922706025898,16
gene_818,0.7827850023826908,0.004460448112555727,16,0.09887718435763611,0.035443248132230626,16
gene_819,0.7771446946459143,0.003680412162930143,16,0.07655718978171575,0.01911992556032067,16
gene_820,0.7844566678726625,0.006071478505503754,16,0.0877271212555761,0.030587875484198272,16
gene_821,0.7833524361484191,0.006688777295140485,16,0.1078594711747359,0.04060866024304197,16
gene_822,0.7840868622875304,0.004184277730621404,16,0.1193135992900147,0.023178576295469232,16
gene_823,0.7866600450998017,0.0038748224847885517,16,0.06867283132343932,0.026185360946076538,16
gene_824,0.7804082858555694,0.006915471634324962,16,0.12478195108580349,0.03283144272972562,16
gene_825,0.7834929259647458,0.002751005603481588,16,0.09424870702594974,0.026602414633368134,16
gene_826,0.7798325454981354,0.0034242543902176896,16,0.08653246234807072,0.02651734417727038,16
gene_827,0.7826815546140128,0.006229435607433546,16,0.08798017525361719,0.026957559625856872,16
gene_828,0.7837850190260371,0.008699853269441917,16,0.12513095813135716,0.03881668396988358,16
gene_829,0.7844063062369842,0.00457906381482513,16,0.09105231656212755,0.02014190085160113,16
gene_830,0.7820625472280807,0.005812194675313673,16,0.0969559084357614,0.03221788772243078,16
gene_831,0.7829322167235924,0.0027068725696036693,16,0.09449688086218352,0.01951027496065407,16
gene_832,0.7889153538368209,0.0038202431099157532,16,0.12360789311596673,0.02311209211060766,16
gene_833,0.7864512066297155,0.0033876786744538603,16,0.09419167360752828,0.013545981557512262,16
gene_834,0.7832544504670717,0.003946925168722345,16,0.1050751148543441,0.03165213893289672,16
gene_835,0.780026523492863,0.006205110561813118,16,0.11786640290813588,0.03896815494781833,16
gene_836,0.7829571298056284,0.011578139397122463,16,0.15696034314286916,0.06964839509417779,16
gene_837,0.7814641014190253,0.005642750350831159,16,0.09977072204585062,0.03258636425736952,16
gene_838,0.7805266671189929,0.006334730337684791,16,0.11206687691639709,0.041714741892588635,16
gene_839,0.7800092606916186,0.0070379371562545754,16,0.07652113216978516,0.03549541204573893,16
gene_840,0.7802682887699602,0.00935784584045379,16,0.12627008991456973,0.04906634971081742,16
gene_841,0.7798056493148041,0.005744149895861279,16,0.07554978258050372,0.034584614956476085,16
gene_842,0.7688822453325502,0.011537186638511719,16,0.09589560814058028,0.0678467932471999,16
gene_843,0.7819726287939072,0.00824532410491488,16,0.0963752739839485,0.0448787315804845,16
gene_844,0.786769924992506,0.004797686840429349,16,0.10353719392842689,0.037253479414026104,16
gene_845,0.7806998917749345,0.005793239953197203,16,0.09837737072453037,0.03234436207375839,16
gene_846,0.7829744397153376,0.00415067194525432,16,0.10111567212671102,0.04060906434207041,16
gene_847,0.7863729254273056,0.005574983443626844,16,0.09293641138107037,0.039596096970211235,16
gene_848,0.7771236814101867,0.0068188497273140684,16,0.13294566082562964,0.031108117786281628,16
gene_849,0.779460904040381,0.0030923361143394223,16,0.07981227475803937,0.027618337387889578,16
gene_850,0.7850694706163618,0.005210695417102065,16,0.09029790329304099,0.03387464370133851,16
gene_851,0.7771103334059392,0.005532497585468008,16,0.08431574130004767,0.040178528696954256,16
gene_852,0.7812451676384075,0.003587744558350363,16,0.06888307237390288,0.0316719844967966,16
gene_853,0.7846899575824032,0.0033461596266622963,16,0.10195309394301263,0.018816165868393773,16
gene_854,0.7819886244621892,0.005234461102884071,16,0.08467314939504533,0.03836032762594959,16
gene_855,0.7798510097341985,0.002071186549947869,16,0.06695455656953805,0.015901267608623204,16
gene_856,0.7880795465548464,0.003701498206328479,16,0.10407110933421858,0.02856879703208563,16
gene_857,0.7772631544728361,0.008412627121401577,16,0.1174455222563252,0.0459110464062474,16
gene_858,0.7844837189117476,0.0028544536876626346,16,0.09348741379786041,0.03045030736566506,16
gene_859,0.7843870117242302,0.0039102583939978515,16,0.0763860189415921,0.02145034495099861,16
gene_860,0.7834925117539028,0.005662662523952484,16,0.082367564818169,0.029429512270870633,16
gene_861,0.7829352970479331,0.005877329649228232,16,0.10526351441371103,0.03178445288831403,16
gene_862,0.7821121591648066,0.009436666658558223,16,0.10809474432169572,0.04971186391113099,16
gene_863,0.780171030502681,0.003858903325856688,16,0.11137096907000589,0.02307165004331057,16
gene_864,0.7802748015938882,0.007120898615979514,16,0.06924054483309999,0.03621271572506355,16
gene_865,0.7814574593288985,0.004720318506596777,16,0.09284226228089723,0.02393832357209843,16
gene_866,0.7863312550651733,0.006954462813537705,16,0.1307936449915022,0.03828010598261445,16
gene_867,0.7734018123353438,0.004437364688305325,16,0.0854222003111043,0.03636489707720989,16
gene_868,0.7844508038968606,0.006876465127860956,16,0.1256839624565301,0.03129749128822222,16
gene_869,0.7845256061693315,0.002958342023224709,16,0.05779153663948254,0.02018484904582924,16
gene_870,0.7822396793020312,0.005952061505576621,16,0.13553314472046143,0.03313358696135336,16
gene_871,0.7812963670927355,0.006178152724083043,16,0.12478597194129351,0.03359197497955635,16
gene_872,0.7807046169446991,0.005698183078402057,16,0.08152229343136999,0.05008156453638797,16
gene_873,0.7782875095517499,0.00537399497663172,16,0.11493564658427775,0.03413698557367106,16
gene_874,0.7748340080226158,0.005791534465158417,16,0.1186674925615182,0.032115855055315355,16
gene_875,0.783440189076377,0.00902741342360216,16,0.12077385085985028,0.044596068601498666,16
gene_876,0.7921924978468822,0.017874821742222678,16,0.1935166425212473,0.09701942804968604,16
gene_877,0.784622808949062,0.005213445261095264,16,0.11157197409102398,0.034359663325503276,16
gene_878,0.7782776771491391,0.002360128575034199,16,0.09480720110377208,0.027436838964635144,16
gene_879,0.7842956274607349,0.002843432121022601,16,0.10158411039409422,0.017449951417900993,16
gene_880,0.7763135041328002,0.006031992077032905,16,0.12637067651759207,0.03239670304260766,16
gene_881,0.7849786696107821,0.0063048227581342315,16,0.12411585093044537,0.042858836834568925,16
gene_882,0.7750155873677534,0.004462520377337761,16,0.07767505510110476,0.024530145192821953,16
gene_883,0.7774235078032093,0.00324149943926719,16,0.0836938388320819,0.03240347530976418,16
gene_884,0.7860751880261788,0.0027639518056390673,16,0.09497855199280818,0.018754057830105267,16
gene_885,0.7870338446105204,0.004114995772589143,16,0.08985213465023355,0.030768805458011906,16
gene_886,0.782389003032023,0.005948218114339302,16,0.1057672173798864,0.03747975322765598,16
gene_887,0.7829257487174689,0.0033118952429836575,16,0.09978935543926347,0.02094911941197857,16
gene_888,0.7813913389330928,0.004118820297929628,16,0.0795598933944815,0.030235982799619844,16
gene_889,0.783266600245793,0.002149796527069967,16,0.09306027065430338,0.01562645424224812,16
gene_890,0.7845770318224403,0.003077972389554119,16,0.09195854502986031,0.0222761234043028,16
gene_891,0.781180636724579,0.009415291574869283,16,0.13139785347706356,0.04562541134144142,16
gene_892,0.7857331081925049,0.004829987496901311,16,0.10922543252930751,0.02917137977939509,16
gene_893,0.7828134359969015,0.0034010800359360795,16,0.07868660693565444,0.024433907616784177,16
gene_894,0.7779749310623612,0.009736873543246786,16,0.1179027668363237,0.04902279851122828,16
gene_895,0.7823009524219001,0.007497137192928643,16,0.10581605677277336,0.03908858355224231,16
gene_896,0.7796896056553596,0.011805691372456231,16,0.14510964365472948,0.06296902030623679,16
gene_897,0.7818260506228812,0.0056526267802364735,16,0.16534868202915373,0.039412389360748666,16
gene_898,0.7787548135634665,0.004695420953366908,16,0.07280823009705277,0.02490712578486984,16
gene_899,0.7869047826246829,0.0030244084191396814,16,0.11388175335212752,0.021805036318898838,16
gene_900,0.7837926506960634,0.003997917193696246,16,0.093263691168403,0.02697652239519396,16
gene_901,0.7857075011514708,0.006934243063270422,16,0.12189202740853952,0.03730911363124049,16
gene_902,0.7876199205862082,0.0053735393972226125,16,0.16302062539063555,0.03576780668657198,16
gene_903,0.7865554695264074,0.004037457312303726,16,0.10468291489645264,0.015724739365423474,16
gene_904,0.781287947585169,0.005945313767021714,16,0.10146695361388905,0.030725845332115646,16
gene_905,0.7854152973686361,0.0040572552432383635,16,0.11755716902265978,0.026462386683050985,16
gene_906,0.7834752316502365,0.005601578198010433,16,0.11105535840859168,0.02965369094971706,16
gene_907,0.7896665926689135,0.003947300061518346,16,0.11441258590475274,0.026458581578288565,16
gene_908,0.782711202319829,0.0027941669555290463,16,0.06934386295391735,0.010401893077308782,16
gene_909,0.783758867638532,0.004980370469181114,16,0.09818811991599383,0.03342063093645961,16
gene_910,0.781296796630473,0.0047120585886153265,16,0.07378928014002191,0.024047663431336297,16
gene_911,0.7805337652303598,0.0037143951905433312,16,0.09167166231715693,0.032926904274816295,16
gene_912,0.7784734074383112,0.0043648527424796245,16,0.10125527831026909,0.020725098618750593,16
gene_913,0.7847840396491385,0.004451027743725518,16,0.12307310894620546,0.03687884472491351,16
gene_914,0.7898767959021101,0.0025189143713026073,16,0.12285694644221797,0.02069167370843056,16
gene_915,0.7857692361302334,0.003804358714729117,16,0.12152639721177455,0.027466988212207666,16
gene_916,0.7814716668989512,0.004175544234226549,16,0.11603117511762004,0.02544620803088257,16
gene_917,0.7845522260373888,0.006134330091602831,16,0.13512282180630167,0.036909078728948184,16
gene_918,0.7865378672434029,0.006052818123897375,16,0.16014106896105074,0.0351813478295658,16
gene_919,0.780974270146916,0.004838925821960132,16,0.08251071066753521,0.01890976623518042,16
gene_920,0.7847772257132464,0.006003897788514376,16,0.08960022571037007,0.05046536586299661,16
gene_921,0.7780392763903171,0.008653165221953037,16,0.10102558840165693,0.03841230632488502,16
gene_922,0.7901590470753518,0.0047947919769243666,16,0.13043401240048597,0.029032323013006296,16
gene_923,0.7804893799486442,0.006570562603519085,16,0.14528221394047985,0.037518775030166686,16
gene_924,0.7829759292355862,0.004031571585254572,16,0.08854305411337418,0.03425366365804003,16
gene_925,0.7776069766887674,0.003141953287845023,16,0.07682186638665049,0.023975682375433707,16
gene_926,0.7787756517413502,0.005162189824615941,16,0.10207702286692653,0.02870803751133046,16
gene_927,0.7780285941161976,0.006435793419223924,16,0.1020724741084117,0.046123927715323414,16
gene_928,0.7797533608138701,0.006680871675667799,16,0.1019565004601262,0.034528157866372984,16
gene_929,0.7781566799947918,0.0031147230623744444,16,0.07191791699642001,0.018966428521184603,16
gene_930,0.7829403862863786,0.003476504921995829,16,0.14545891276206138,0.028295425193630114,16
gene_931,0.7760671833774542,0.00458009805268594,16,0.08409856436332194,0.03206508803053412,16
gene_932,0.7799621032508594,0.008126882855948007,16,0.12223425661447893,0.04679427502982669,16
gene_933,0.7860950499478222,0.005575870433090097,16,0.10876851279726373,0.04177084281584432,16
gene_934,0.7843151310057739,0.004406431242281739,16,0.11161970768885715,0.036456079792660606,16
gene_935,0.7817188186611731,0.006591762196010921,16,0.08587808633722864,0.04174132101288941,16
gene_936,0.7838583176899456,0.006955233549514763,16,0.12846007260322462,0.034775342216449776,16
gene_937,0.7857121034032033,0.001234336408430088,16,0.06484171230782776,0.013189349451167145,16
gene_938,0.7805444965875344,0.005743886880349132,16,0.11575320330079665,0.030088395270697028,16
gene_939,0.774665457723413,0.0035956989938700935,16,0.0934135544633854,0.016830709733054013,16
gene_940,0.7866586815947598,0.0060894796753770755,16,0.11092087411680121,0.033227988903991805,16
gene_941,0.7846489071042505,0.006813536218586655,16,0.14273108196100595,0.03994669326027283,16
gene_942,0.7826947880945945,0.005216707133939365,16,0.08401049565234993,0.0329363540620469,16
gene_943,0.7861063303005675,0.008428102371053877,16,0.11623008798144184,0.052846104736655596,16
gene_944,0.782490660366202,0.005372600641912397,16,0.08986378070515519,0.028558854957839025,16
gene_945,0.7831265695432225,0.004548665346177653,16,0.07752795109955044,0.023320431961739396,16
gene_946,0.7891179949647414,0.006710734478114283,16,0.10750283081624197,0.04430856510232343,16
gene_947,0.7880965527681427,0.006408050331235688,16,0.12636155564055784,0.03856415008966471,16
gene_948,0.7818934281487174,0.0021705633354314573,16,0.08746252136697469,0.018241825123711156,16
gene_949,0.7851666979160161,0.0049509741353858504,16,0.13028158990012317,0.021202117175152142,16
gene_950,0.7719325265396657,0.006157271457361002,16,0.09417935747518238,0.03593222620698825,16
gene_951,0.7802157490335728,0.007520658267899654,16,0.10393686245665347,0.04767183406692714,16
gene_952,0.7785048069808076,0.004712711362498258,16,0.11268949932385781,0.01967393470765558,16
gene_953,0.7770680185173792,0.004677189441323147,16,0.09697302839837509,0.0332064256858203,16
gene_954,0.7827976855214623,0.003044259693786881,16,0.07326742757504985,0.025595085447003944,16
gene_955,0.7840906874766126,0.003385195981680823,16,0.10880181264254259,0.022211213489875342,16
gene_956,0.7820720527285615,0.0039026115717582213,16,0.09545853680770179,0.028149125840900496,16
gene_957,0.7833997296268792,0.007404046674477107,16,0.1190708364215923,0.04829166024747567,16
gene_958,0.783472492696438,0.002034449602313654,16,0.1182496484645612,0.032173865068076894,16
gene_959,0.7803358538377809,0.004218108730023351,16,0.10138217862975504,0.029405072472590846,16
gene_960,0.7887683764146028,0.005766145056661484,16,0.1167408395069386,0.03952613159656148,16
gene_961,0.7801432947914518,0.003945210017025243,16,0.08850577362474216,0.021379816424156553,16
gene_962,0.780297254990332,0.012353904949685468,16,0.1265478946967001,0.07494123137382909,16
gene_963,0.7762963973291546,0.006124891017542104,16,0.09848605237513483,0.027721629777818953,16
gene_964,0.793490095620851,0.007683751935167799,16,0.17240451242876736,0.0351368496989835,16
gene_965,0.7832440957720276,0.004625777883155447,16,0.12379348316187685,0.039658678106097404,16
gene_966,0.7833550736034285,0.004747307470200642,16,0.10719121618356764,0.02801592438458383,16
gene_967,0.7839743199262473,0.0044307606956188565,16,0.1242540291571889,0.03561065776525287,16
gene_968,0.7822046566103519,0.008612284144419708,16,0.13850909278747953,0.06092462193497142,16
gene_969,0.783007121722694,0.0014614472949230183,16,0.09722669156810408,0.014224267605635622,16
gene_970,0.7836618451741011,0.00892308951006127,16,0.12704466695019184,0.049391894504510814,16
gene_971,0.7767211078375815,0.003552840103310555,16,0.09320294945487781,0.022040180474642148,16
gene_972,0.7832617483230242,0.006532990363117204,16,0.11321139893989733,0.024348916618883075,16
gene_973,0.7779994978546807,0.002176623485624651,16,0.08911378080199,0.023672329870126657,16
gene_974,0.7805336898986879,0.005446076974271372,16,0.11594869649654752,0.027958300869480354,16
gene_975,0.781703711256724,0.0052835745230446615,16,0.1094659762388342,0.03519715603338335,16
gene_976,0.7780179419011517,0.00481564074655165,16,0.10851699689459451,0.016432748561918356,16
gene_977,0.7847191338546113,0.0033720899229256513,16,0.07020430133920257,0.02020523875305097,16
gene_978,0.7869003383853627,0.009544088552706408,16,0.11893064287598028,0.06394365577907482,16
gene_979,0.7838750465221497,0.0036836197066253858,16,0.10096301348257852,0.014680377644959107,16
gene_980,0.7852259157380138,0.0039166784970577195,16,0.08625982629421805,0.025318233766409834,16
gene_981,0.7865199479903828,0.006485488472950995,16,0.10021810210809509,0.04517460389466444,16
gene_982,0.7795612610869452,0.0022364804715542365,16,0.08278179581442124,0.020527492026733957,16
gene_983,0.7887482629058614,0.007114521474935647,16,0.11274486645724058,0.05915430022517438,16
gene_984,0.7718827961625905,0.00732937272380628,16,0.09991808618785294,0.043379992480447396,16
gene_985,0.7875662214068536,0.004261185452772199,16,0.10775913632238784,0.02358820226442381,16
gene_986,0.7841137740385551,0.003012328149988621,16,0.07128542016557043,0.01790464467035277,16
gene_987,0.790912446764343,0.011548833151511109,16,0.1515675327684865,0.0842006282931332,16
gene_988,0.7847681403102365,0.0040905853760252586,16,0.10198375210598269,0.033243208361560195,16
gene_989,0.7757693296167535,0.0032856579393203125,16,0.05638586675764825,0.022481058118365104,16
gene_990,0.7881824029380851,0.005534583421060068,16,0.16633068506525536,0.038772782024355724,16
gene_991,0.7837888055572795,0.005940716597895371,16,0.11708071959445354,0.038910212731122246,16
gene_992,0.7783044157057261,0.004722645680296043,16,0.07322072583933535,0.024077748267764067,16
gene_993,0.784293041961283,0.003922292128583119,16,0.09051799814698513,0.02130411853440951,16
gene_994,0.7862590215269168,0.006551477828779696,16,0.1021473318548197,0.04198001142215008,16
gene_995,0.7902994239825549,0.002508628181510757,16,0.12979808967149042,0.02757875951582733,16
gene_996,0.7818982232022937,0.006496851022756497,16,0.08900445961634877,0.04174963143896688,16
gene_997,0.7869512181340153,0.006407797209550926,16,0.11358164424827752,0.045106270390198204,16
gene_998,0.7794641561693223,0.004836627317480841,16,0.1042902855807359,0.02931300056287913,16
gene_999,0.7819598262411118,0.0054583344918254515,16,0.11102210535207367,0.03135776162577213,16
gene_1000,0.751642572332881,0.004078663769363991,16,0.017961757762267754,0.013307768981448411,16
gene_1001,0.7080786039328428,0.010204815325729854,16,0.05903778547968322,0.04366297471858422,16
gene_1002,0.7652168906187269,0.005083800811863717,16,0.011807314452799538,0.007510937749535653,16
gene_1003,0.7246105277926908,0.00948697860456757,16,0.04237992515207603,0.027904656633757827,16
gene_1004,0.7275633415973157,0.015601464016801337,16,0.06488822455988666,0.05700968596449823,16
gene_1005,0.755580641982097,0.004794267946873677,16,0.03768643588168481,0.02574361022463501,16
gene_1006,0.7428229224770723,0.005759680062238074,16,0.02358196218902107,0.014165904091429569,16
gene_1007,0.7480353452603625,0.0060910679113961455,16,0.025632564155766615,0.015869514730360752,16
gene_1008,0.7321965096737226,0.014846152205873953,16,0.04866086822079642,0.03603313287937502,16
gene_1009,0.7060182888561084,0.016363345496433843,16,0.04651463276116936,0.03669235789633715,16
gene_1010,0.7372179638746374,0.007491642286842737,16,0.037205522612933736,0.0237642174072551,16
gene_1011,0.7506449558517664,0.00692612808128962,16,0.03405273695184585,0.01770320128231856,16
gene_1012,0.7478018481129627,0.004771746263500445,16,0.05077289706960652,0.021872019296901777,16
gene_1013,0.7523712052075451,0.006600848664375656,16,0.024111787311835817,0.01953561187466879,16
gene_1014,0.73441901528729,0.008549655074923597,16,0.045850340709963765,0.03618883674772856,16
gene_1015,0.7281910217809072,0.01078660390277671,16,0.08795962506381527,0.06316355174378518,16
gene_1016,0.7220374268146916,0.0163903012608573,16,0.0757996093646087,0.07398548573761626,16
gene_1017,0.7536208511168562,0.005020834918312866,16,0.03062299835152803,0.020162095318121492,16
gene_1018,0.7452565199563848,0.009635890340777824,16,0.04238371526026621,0.0349989784495532,16
gene_1019,0.7388095325262178,0.004230736742100035,16,0.019942635351954473,0.0165584998036753,16
gene_1020,0.7389809836506344,0.006663816114870072,16,0.033988473942140454,0.026107907391181955,16
gene_1021,0.7318357496331053,0.00745951013733376,16,0.04534972844505027,0.02466957330048673,16
gene_1022,0.7304432629440717,0.0062173737024898285,16,0.029984035018179332,0.015803711117971256,16
gene_1023,0.7519004755637032,0.005098474963397901,16,0.025533085987311084,0.017001291434583083,16
gene_1024,0.7272205283807331,0.020093208384091284,16,0.09751562687399447,0.05159297842619138,16
gene_1025,0.7636076410423739,0.004244688480550468,16,0.012229163354153612,0.012051236431261943,16
gene_1026,0.7644224552155814,0.005027580000380423,16,0.02790770907493344,0.016859946831820828,16
gene_1027,0.7671068106173351,0.0042851916670310075,16,0.01153845823596089,0.007494383208033548,16
gene_1028,0.7657700094344779,0.002529118337331426,16,0.031209575309245903,0.022498232207613135,16
gene_1029,0.7249362480135468,0.005610207692928847,16,0.0176665084065766,0.014906330044048581,16
gene_1030,0.7532533701553105,0.00874730656152254,16,0.022500148833475748,0.015957067928202697,16
gene_1031,0.7357029063984841,0.00653391525583844,16,0.03765653806414601,0.026746825169162627,16
gene_1032,0.7450448521548153,0.012137982346972696,16,0.052341344360938104,0.04294674760383541,16
gene_1033,0.7436396291488214,0.005635947358311115,16,0.026386249199631485,0.019029476252814228,16
gene_1034,0.7347407396190224,0.008994707184267316,16,0.027079610121989357,0.02224121336923442,16
gene_1035,0.74932059495221,0.008313316818514166,16,0.06296031438816391,0.021966292749616603,16
gene_1036,0.7551001416369473,0.005371876514300151,16,0.02374098032403967,0.013397242244765375,16
gene_1037,0.7560180392767192,0.007365432980978522,16,0.03068575211065118,0.023431833599311048,16
gene_1038,0.7503764367557144,0.00858623096455965,16,0.04782408582874542,0.0268203007489985,16
gene_1039,0.7732242311523047,0.0032764177529774675,16,0.020114181102633286,0.01471538615656909,16
gene_1040,0.7699066753783852,0.002798683961658835,16,0.01611275787003302,0.0064864157466590746,16
gene_1041,0.7412495871238809,0.005459188113108408,16,0.026365888296143176,0.021609030389876424,16
gene_1042,0.7469463826250039,0.006085915351008367,16,0.05372617221444188,0.037934699615050096,16
gene_1043,0.7448453219668331,0.006169012796733268,16,0.03393064571341724,0.023731023647444532,16
gene_1044,0.7497497801943239,0.004727376598502461,16,0.013469948856907882,0.011385001525956846,16
gene_1045,0.7640405887305304,0.004054834247586089,16,0.034009189833286796,0.022710048844874604,16
gene_1046,0.7324308356951845,0.011224414446322472,16,0.05678022197537883,0.044850343202683066,16
gene_1047,0.7398929123090418,0.013849220578863787,16,0.0815892332391649,0.06200055651990344,16
gene_1048,0.7421212013487164,0.009022476051542072,16,0.05003010947101553,0.02814317724440186,16
gene_1049,0.7781533675210014,0.003888852275768879,16,0.012269420491026119,0.006787074818867134,16
gene_1050,0.7608771847755935,0.003505232797077968,16,0.01205396119691603,0.009598471227846385,16
gene_1051,0.6989371770834966,0.01641832448768953,16,0.06388751597254373,0.05717030004169684,16
gene_1052,0.7411659989637619,0.005652783955554089,16,0.08720328075412576,0.044035775885518554,16
gene_1053,0.6983916823429471,0.026090140792420474,16,0.08209905087153659,0.05939623891024985,16
gene_1054,0.7457941348616008,0.004598786854416324,16,0.040058010381395726,0.021119311241194524,16
gene_1055,0.7367781768600669,0.0034482943415622244,16,0.02160210852953023,0.017867810660302054,16
gene_1056,0.7624633131563942,0.004002380743667499,16,0.022486989087211424,0.010400006443074584,16
gene_1057,0.7564129513019969,0.004557512915551794,16,0.017281062113930205,0.014414365186655825,16
gene_1058,0.7654672799578893,0.00413587283287546,16,0.018425582683603038,0.012876836479848813,16
gene_1059,0.7454585467653074,0.00617022927949379,16,0.0419107315618787,0.030361493448984415,16
gene_1060,0.7550674178627887,0.006071260395698678,16,0.03962918794957061,0.03531948119898583,16
gene_1061,0.7574773219873456,0.004558183544187008,16,0.022205868464112107,0.013703738212902673,16
gene_1062,0.7500964229006363,0.006499628064472721,16,0.01698035733646642,0.01227286948151012,16
gene_1063,0.7187609700608542,0.011307967531346146,16,0.07172428246859318,0.04923282263485094,16
gene_1064,0.7155924500189919,0.017515529217357433,16,0.08983462428309999,0.07212777545493182,16
gene_1065,0.7454627258438575,0.0069550661818457895,16,0.019400467021531583,0.006156933848880708,16
gene_1066,0.7057524663253555,0.006929424588480342,16,0.0722512642274862,0.04651915156104623,16
gene_1067,0.7627232921073102,0.004660453507520426,16,0.01141946104749628,0.008492205818786127,16
gene_1068,0.7223874308351967,0.010790449524071582,16,0.05391083955063611,0.03232328666405089,16
gene_1069,0.7602152044944244,0.0070809724006051416,16,0.03579496450437587,0.02774054452905235,16
gene_1070,0.7366412110345311,0.00940934495885682,16,0.03185238473235071,0.016439234642104887,16
gene_1071,0.7171429796321976,0.013487407568482084,16,0.09383025510959851,0.09198879885272622,16
gene_1072,0.7391627630084413,0.007394750458454045,16,0.0413035058905649,0.03412412907483484,16
gene_1073,0.7416820627194727,0.007710576916592233,16,0.051498500311037254,0.035277940516183375,16
gene_1074,0.7188513426955964,0.0194712116697144,16,0.06040474641560236,0.05090584334547588,16
gene_1075,0.7572688941812985,0.005855365186152299,16,0.02872068640428064,0.017470202568576957,16
gene_1076,0.740138803217795,0.005822927965379113,16,0.04968675141104126,0.037505601069904235,16
gene_1077,0.73279507019147,0.005296617794251211,16,0.020910928269140268,0.019613785297767847,16
gene_1078,0.7686113617866819,0.0033035971300205543,16,0.013723950363608638,0.011179952490173575,16
gene_1079,0.7050675410829719,0.009591708849645686,16,0.05673531298585166,0.03138685109459606,16
gene_1080,0.7620652234344795,0.0059562825102616665,16,0.021097701442613227,0.013074529347464586,16
gene_1081,0.7504498877545827,0.0035036565022611597,16,0.02217542608152661,0.015492826677927549,16
gene_1082,0.7496261674614727,0.0058705450705661515,16,0.03819794370059559,0.030145188559022408,16
gene_1083,0.707869289399506,0.012512553797932053,16,0.09469053606079111,0.042490405241466286,16
gene_1084,0.7514038161361644,0.0037515448236158256,16,0.01942941349162301,0.014051485158438053,16
gene_1085,0.7393717606765579,0.0113517152655982,16,0.06662003652299056,0.03970101063279835,16
gene_1086,0.7593724472312796,0.004215753123401687,16,0.010050771400576338,0.007368816178705685,16
gene_1087,0.7453231270804979,0.011123077661810163,16,0.05442374619252789,0.04814255218842159,16
gene_1088,0.7067312914241732,0.021008425201375896,16,0.08093246833102448,0.060372249623583195,16
gene_1089,0.7323769111600796,0.012252756705427173,16,0.07903281069846622,0.06771661851749931,16
gene_1090,0.7298974730646842,0.011715844738828621,16,0.04953335699653952,0.0321515716892529,16
gene_1091,0.7395311245324153,0.005944241851810246,16,0.023790274254247425,0.016568032108403685,16
gene_1092,0.735517993257323,0.00807344649864682,16,0.025230449063438264,0.01858450287410248,16
gene_1093,0.7557934816119328,0.0048171427738819056,16,0.02550287731630475,0.017121467580469917,16
gene_1094,0.7514827251396409,0.006264291062818779,16,0.03175042603504143,0.02246781385196746,16
gene_1095,0.7288197886386,0.01343734965104522,16,0.06350781677541698,0.039980313784346064,16
gene_1096,0.7678990161975547,0.0031566362829530572,16,0.014841055257352059,0.013542196933591627,16
gene_1097,0.7460746869309485,0.009737092973629709,16,0.04243006762100077,0.018689470150541055,16
gene_1098,0.726933114825743,0.013458029826254962,16,0.13256354680493468,0.06159276719485445,16
gene_1099,0.738787034181119,0.014525975238768984,16,0.09168241085418252,0.06182341642338159,16
gene_1100,0.759005753553492,0.004852036978309107,16,0.024218893273930574,0.011604969466743081,16
gene_1101,0.7574006448822698,0.004989164909082909,16,0.020298584561373453,0.016504925859445428,16
gene_1102,0.7509251107121384,0.00316674372503244,16,0.016058086846023834,0.010367261634179314,16
gene_1103,0.7289262322738762,0.008310157244129188,16,0.05942052531564525,0.032024577886518364,16
gene_1104,0.7342275235177705,0.0068330894258885975,16,0.04777241152032836,0.038670551088562925,16
gene_1105,0.7365527565447372,0.010230416025614067,16,0.08280716092872989,0.04908072155394033,16
gene_1106,0.7602715666421159,0.004768574437851551,16,0.005892935462108188,0.0028327635763199677,16
gene_1107,0.7361532880280618,0.009678066201337635,16,0.053428296525405414,0.03887992531514967,16
gene_1108,0.7495909172497877,0.004801388247409888,16,0.0268177637624089,0.019411844867906418,16
gene_1109,0.7097035092633953,0.01722550304568897,16,0.06616228485830639,0.054858019590829976,16
gene_1110,0.7164902898437147,0.014109664181704661,16,0.1118013685905912,0.06809996842526789,16
gene_1111,0.7433262940574421,0.005025250246470886,16,0.027113906704329203,0.009085889957442946,16
gene_1112,0.7441296975164977,0.00706788790949316,16,0.02456227401760247,0.01077011108165452,16
gene_1113,0.745822348236993,0.009537255411424288,16,0.0498510855266037,0.045344919109407855,16
gene_1114,0.7454919258116863,0.005944525163703561,16,0.035065737688369715,0.02249822112103173,16
gene_1115,0.7312341576647143,0.009885120818902186,16,0.05909658642031287,0.03950531162765921,16
gene_1116,0.7436826887095335,0.004933224584115442,16,0.018608564128319863,0.01229556591830385,16
gene_1117,0.7530600196742673,0.00551539310953806,16,0.05037409151251014,0.026244130887422005,16
gene_1118,0.7326678210479106,0.013610418140947536,16,0.045849825223066014,0.030843125850718477,16
gene_1119,0.7195294759299542,0.013516307856355481,16,0.09217268832838531,0.05552386925094207,16
gene_1120,0.733527887118936,0.008023653949065245,16,0.033344389956222055,0.019514307686099554,16
gene_1121,0.7606002082170904,0.0039325678828042165,16,0.009787523870883176,0.007265550985583258,16
gene_1122,0.708398226841785,0.014443999712075294,16,0.11567074698499327,0.06305860590860654,16
gene_1123,0.7214236347211068,0.009390819152979754,16,0.042982573580515236,0.02522857328018502,16
gene_1124,0.7402605804258316,0.006304684827981048,16,0.03506219547811002,0.019126191282298175,16
gene_1125,0.7030628789573732,0.011247154153387123,16,0.0664968434185425,0.06395606439117915,16
gene_1126,0.763531105305423,0.0057951170034729925,16,0.02503879040771781,0.02163914443639206,16
gene_1127,0.7324767926985009,0.00843795497270669,16,0.05800247357188395,0.030837470453175267,16
gene_1128,0.7450793083215793,0.005312334611732417,16,0.03982314720923786,0.020880430635459645,16
gene_1129,0.7216718570572067,0.006387573129909717,16,0.07859726740940673,0.04405009578142521,16
gene_1130,0.7305040221960794,0.008218225187606839,16,0.048899844705697186,0.03008446457156662,16
gene_1131,0.733024567486958,0.006905900484694117,16,0.02856358539270066,0.01815827275759321,16
gene_1132,0.7316721147816607,0.0059653643607000565,16,0.03964774310457486,0.024781452298005113,16
gene_1133,0.7326728615166404,0.011238144667185113,16,0.06055228701394426,0.045208809678621634,16
gene_1134,0.7309157624337648,0.009725735636992128,16,0.07095969972770856,0.031253121828658983,16
gene_1135,0.7517719781556687,0.005928623823961271,16,0.03345652533335574,0.028422937725422984,16
gene_1136,0.7188328500290737,0.006274847281069838,16,0.05489725139947404,0.03139306564975443,16
gene_1137,0.7600768515054864,0.004651101634221814,16,0.021777306215049207,0.017962240666216808,16
gene_1138,0.7454160978845158,0.0054831956885836785,16,0.029113138460885573,0.02289573208758141,16
gene_1139,0.7357709501319102,0.00909439178824039,16,0.03421035430717738,0.026570665636493077,16
gene_1140,0.7521706824462306,0.004660116736735408,16,0.0415287006324516,0.020256997543179167,16
gene_1141,0.7035544043688102,0.020725303736165913,16,0.07103808304692966,0.03731982412769595,16
gene_1142,0.735928530106534,0.007653196061412708,16,0.044954077371804894,0.03790273885313955,16
gene_1143,0.7284114329762158,0.014694378074350853,16,0.08790944910139124,0.056069882809669375,16
gene_1144,0.7376334799476145,0.010407020036111646,16,0.023056704834040792,0.01590025011374629,16
gene_1145,0.7238924387935783,0.018892579882228713,16,0.0875563989073791,0.08305645916808578,16
gene_1146,0.7275897922483311,0.018458976509538868,16,0.16271071059988726,0.10833733105831847,16
gene_1147,0.706432647615512,0.016173509632600804,16,0.059096154223522095,0.03842247355498198,16
gene_1148,0.744620773335482,0.006239624176414604,16,0.029689907464207972,0.01908273439914482,16
gene_1149,0.7155903706142162,0.018900632707667828,16,0.02878321635116581,0.02126587829249436,16
gene_1150,0.7111702725709689,0.024240876054436145,16,0.1264182267232941,0.0910091324957739,16
gene_1151,0.731449262441333,0.006047090713094854,16,0.031925625401271245,0.022848855523681558,16
gene_1152,0.7498850112167639,0.009482399223090602,16,0.06680380334221145,0.04204558739576736,16
gene_1153,0.7398660860809956,0.008339097304325188,16,0.03648515130049801,0.03234542356291748,16
gene_1154,0.7131446951442245,0.024512932809471803,16,0.1444968709675134,0.08612058323966933,16
gene_1155,0.7538065624233902,0.0031621231153659587,16,0.018457407693288557,0.007900852728629178,16
gene_1156,0.7303012355266376,0.011371906185677065,16,0.041380990380535096,0.033431763081796254,16
gene_1157,0.7634397990791127,0.0041453820008976044,16,0.02995869510379012,0.014667583461228388,16
gene_1158,0.7331695731791201,0.0078530155008525,16,0.024275056958330113,0.01685070463544187,16
gene_1159,0.7591191068142621,0.004554731282011213,16,0.026206431367110615,0.021450217308623794,16
gene_1160,0.7079116753968788,0.01623088858300764,16,0.09782859223041049,0.09248328615447508,16
gene_1161,0.7321692109194922,0.004534943310672684,16,0.058799005801656416,0.03526205831259628,16
gene_1162,0.7387565608566958,0.012376335208534974,16,0.05693552438856833,0.026653896916394144,16
gene_1163,0.7666935660185739,0.004876056726832308,16,0.01984643197269451,0.017340424661629095,16
gene_1164,0.7287829698283769,0.010126729829480093,16,0.03341716975607418,0.01349599778714987,16
gene_1165,0.7191574839525244,0.010814783148723797,16,0.032141937872421006,0.017976545780528295,16
gene_1166,0.7202591022140445,0.009126184656835248,16,0.04390015692920134,0.028077062352171254,16
gene_1167,0.7249226454114118,0.015499323107867228,16,0.0735446802793108,0.0486818152942987,16
gene_1168,0.739892243400911,0.007267481124394873,16,0.04588954611521925,0.03787770104007057,16
gene_1169,0.725789447752851,0.012823342770992766,16,0.10942904470498444,0.06726232212402934,16
gene_1170,0.7359285113818901,0.007680748424522888,16,0.06738952588404812,0.04037818745217461,16
gene_1171,0.7463510615607614,0.0034608529961944142,16,0.015480235250377162,0.012033188128248176,16
gene_1172,0.7152955134627984,0.013812211670818395,16,0.12128925052999966,0.06812105134665981,16
gene_1173,0.7543063997521011,0.004356310545833956,16,0.036105522486305996,0.020303520732718912,16
gene_1174,0.7515302276301837,0.0028808714154399504,16,0.012186798150530705,0.009620317746037482,16
gene_1175,0.7578258773033503,0.0031100482211206897,16,0.027216562307349763,0.020892040496919936,16
gene_1176,0.7012036365234012,0.018027390531001504,16,0.10660530403915895,0.0714866507963415,16
gene_1177,0.7170895857681762,0.012513517910181467,16,0.08641727290249043,0.07420667983587194,16
gene_1178,0.7406226969451928,0.007447195879205107,16,0.032202815093771736,0.02538871692973889,16
gene_1179,0.7387731060013951,0.006925543892652624,16,0.019654717248830996,0.013323179332007528,16
gene_1180,0.706276508648594,0.011707651332358335,16,0.07101497117485576,0.04654801070604311,16
gene_1181,0.7557424569430473,0.00544083630020494,16,0.02585743969295576,0.01585199252103815,16
gene_1182,0.7678453268377028,0.0038923266582691876,16,0.01861019647887444,0.011717181760166853,16
gene_1183,0.7351487255673088,0.008260607852599845,16,0.06230468839973602,0.040828702476547296,16
gene_1184,0.7373535163581689,0.011312111512338957,16,0.05837874919556339,0.046379380862985806,16
gene_1185,0.7648407416031466,0.004961345498129188,16,0.02428434227077066,0.018433423318986026,16
gene_1186,0.7399056459555162,0.005530808755090715,16,0.01866426078668741,0.012054066878151455,16
gene_1187,0.7411013044285705,0.008025700189763124,16,0.029590170979757788,0.022525366017064286,16
gene_1188,0.7371481178411565,0.005291613279821256,16,0.01866213580128826,0.01569215623444999,16
gene_1189,0.7226538683604936,0.01927975794944227,16,0.12799197538431156,0.06583307022240265,16
gene_1190,0.726057366116529,0.017820552415459878,16,0.10918041188109294,0.057320817033774264,16
gene_1191,0.7603334399916304,0.004477192183600839,16,0.013918775988121763,0.010300876423418627,16
gene_1192,0.7126982245162783,0.009446460385578209,16,0.06984306513126742,0.045196297969815606,16
gene_1193,0.7592587321097473,0.0056022677933644386,16,0.01889533933236034,0.018193977979384775,16
gene_1194,0.7478922903821219,0.00405277986733978,16,0.023486925593142124,0.011655711767412869,16
gene_1195,0.7080376297280401,0.011564886976336402,16,0.05978532279238153,0.03543757811881687,16
gene_1196,0.7517414890903458,0.007102083632554337,16,0.0241803311198947,0.016030816803773752,16
gene_1197,0.7481591141857026,0.007614042749934464,16,0.04599179394507761,0.02460257541138794,16
gene_1198,0.769315572601058,0.0021989743051373622,16,0.007884642297619723,0.003952578620014475,16
gene_1199,0.7429958379182351,0.008138146969141493,16,0.02593244084810702,0.013891621027033129,16
gene_1200,0.7468193080759914,0.005842613852846271,16,0.05165387837799441,0.027666614175925475,16
gene_1201,0.7219292179293394,0.012803265300349408,16,0.07641876686691765,0.06365244349608376,16
gene_1202,0.7672315864147365,0.007064735188871115,16,0.010124038011917995,0.006907216205316074,16
gene_1203,0.7115388905491675,0.01086643802811682,16,0.06319965234561538,0.04282578123256485,16
gene_1204,0.7423289897643086,0.009780722095112444,16,0.046556409999726454,0.030272555911575013,16
gene_1205,0.743218432116025,0.005827979929486203,16,0.024066883142241906,0.012644956979026057,16
gene_1206,0.7441087933829929,0.004073780931712245,16,0.01702353341238756,0.008602149197434116,16
gene_1207,0.7421107232598576,0.003600468111965996,16,0.031087613932050232,0.021953893048654537,16
gene_1208,0.7435355173426244,0.006893939267589969,16,0.05886061535032491,0.033740017456085424,16
gene_1209,0.7651473453128337,0.005114786596230357,16,0.023344525245963754,0.016079174979486886,16
gene_1210,0.7517175950820647,0.004917261754512877,16,0.014481362431279407,0.015834633793080748,16
gene_1211,0.748144351336331,0.009506163416709288,16,0.01867638672525064,0.017073438109431797,16
gene_1212,0.7730089320774618,0.001475532806287952,16,0.007948304774204412,0.0038693309999692058,16
gene_1213,0.7282091425877911,0.02114910885076372,16,0.06033905768579901,0.0679156696997024,16
gene_1214,0.7357264012808917,0.003318291905736008,16,0.0180693945048202,0.01618659200741368,16
gene_1215,0.7451395465149749,0.007266471390566108,16,0.03952258417513588,0.023455821095239058,16
gene_1216,0.7225216438564301,0.010080277423127264,16,0.05713724398271146,0.05144466090509339,16
gene_1217,0.7574993957995477,0.0055408879398914255,16,0.017457386933301417,0.014380585106793128,16
gene_1218,0.7352262256027547,0.010196930135515689,16,0.09149264655013052,0.054910767605888165,16
gene_1219,0.7415603336748239,0.006294434054272254,16,0.04974445195076837,0.031784274111834515,16
gene_1220,0.7470295957028061,0.007426618190883456,16,0.024580518862180243,0.022077506908459964,16
gene_1221,0.7407121732550618,0.01144696919180725,16,0.05637677874511046,0.05317370806996809,16
gene_1222,0.7242142496934583,0.011393579186243522,16,0.05326867768545866,0.051921667131274864,16
gene_1223,0.7415447830917856,0.00804375874193468,16,0.03272684616122544,0.025713136461878526,16
gene_1224,0.7173587988217063,0.01547024679205874,16,0.08248682978290776,0.05342979490622922,16
gene_1225,0.7370952376586702,0.011093425527361436,16,0.02801138592709777,0.021737850434747026,16
gene_1226,0.7289944706015679,0.006940332979770552,16,0.04598504987462433,0.01984525583954457,16
gene_1227,0.7420784781182279,0.00809443221409476,16,0.025516855809306727,0.012012686526950842,16
gene_1228,0.754285287455993,0.006935850727155637,16,0.03405907834542763,0.02303856155740204,16
gene_1229,0.7333125420900404,0.008350443947308932,16,0.028013480365409602,0.0200123470931594,16
gene_1230,0.7535951120974665,0.003044048214270772,16,0.02881069868819306,0.017670744635189584,16
gene_1231,0.7522166190377455,0.008287491168187978,16,0.03253836734457922,0.02659327769202311,16
gene_1232,0.7493444541364206,0.0061767173549809274,16,0.027550673936877542,0.018257311190802438,16
gene_1233,0.7034190562809821,0.012492985845278883,16,0.05288094376073094,0.035689452593512465,16
gene_1234,0.7068227636560551,0.013690415276200161,16,0.05747312515153468,0.03791906179020592,16
gene_1235,0.7388563922152763,0.004215010640742226,16,0.0413773443333268,0.02353874484493868,16
gene_1236,0.6982181656522956,0.014133045969054016,16,0.05632103524935791,0.039221206907558544,16
gene_1237,0.7407497860135918,0.00268039974413486,16,0.015244335432718742,0.011276826327348622,16
gene_1238,0.7044765780707957,0.013319576474805372,16,0.04304668521426327,0.03351549775403524,16
gene_1239,0.7499610603502823,0.0105005813233869,16,0.036540493431215154,0.041962326308632496,16
gene_1240,0.7216472009624885,0.009069714379497449,16,0.06456762052097194,0.043452675176465116,16
gene_1241,0.719660529726706,0.022490434632932446,16,0.13279709753926658,0.10374189664999363,16
gene_1242,0.7069874013822508,0.01431631076933131,16,0.11268347620478415,0.07846741835429216,16
gene_1243,0.7476827130026829,0.006451209147322656,16,0.03854974758399127,0.019706820938882146,16
gene_1244,0.7115084190838581,0.01059532307424046,16,0.06824451715648204,0.04448532369797871,16
gene_1245,0.7511561731492222,0.005261309079218053,16,0.039510950342973916,0.02535133502818999,16
gene_1246,0.7451493567713903,0.004196442949087274,16,0.023553755694643307,0.015230367801069209,16
gene_1247,0.7594077620639285,0.005044729964887392,16,0.015026609246098948,0.009146966419123085,16
gene_1248,0.7572095499420805,0.006171069248757386,16,0.02220735860435621,0.0196317922194392,16
gene_1249,0.7630124248743393,0.0036887983150247976,16,0.013067235882923696,0.013328322544965387,16
gene_1250,0.7307549102853438,0.0176195530559443,16,0.10350122935213309,0.054854611385089895,16
gene_1251,0.7295542938466504,0.006599186480332213,16,0.03820936936111455,0.027474921460771917,16
gene_1252,0.7560865653998091,0.005523127708654315,16,0.030214501537237957,0.023769204280606256,16
gene_1253,0.7255138158300926,0.008500299686292347,16,0.024416740259047363,0.019415959328391314,16
gene_1254,0.739299486898706,0.006820934488918149,16,0.029970037897803867,0.014384633343293294,16
gene_1255,0.7199987298088535,0.012172281686055872,16,0.09549782001156135,0.05698883492308311,16
gene_1256,0.7480297607868716,0.004349372607450686,16,0.01343147325042695,0.006910034270758429,16
gene_1257,0.7425409069923449,0.005626898223546243,16,0.030847404212569318,0.02701145682287136,16
gene_1258,0.7263511514980869,0.010309158831524314,16,0.037421073922197956,0.015203289090060015,16
gene_1259,0.7571170473484254,0.005894250861019974,16,0.010636226504777033,0.00644865876044967,16
gene_1260,0.7207325182908528,0.01922124051394678,16,0.11985720772078805,0.08613768194893902,16
gene_1261,0.7446701083644058,0.0078110486658369395,16,0.029521899354691985,0.020196926447854206,16
gene_1262,0.7608507478327089,0.002577792316650482,16,0.01916966424350887,0.01723788276239385,16
gene_1263,0.7376155436476967,0.00871125869352655,16,0.03760330594301737,0.019090581788236263,16
gene_1264,0.7414571578108972,0.007144287555970466,16,0.04975734161883157,0.03871133460084761,16
gene_1265,0.7652988237865928,0.004299873800236778,16,0.05095303112122701,0.026406383428918902,16
gene_1266,0.7606712111265749,0.0052452048925459545,16,0.018001537657392076,0.011048412651350327,16
gene_1267,0.7390985173241897,0.009810118264134087,16,0.04639190990469424,0.0212438015682158,16
gene_1268,0.7299141697646312,0.010679352809253044,16,0.04551609348100861,0.031047698590495745,16
gene_1269,0.7238589612507053,0.020140329219064165,16,0.0997221546507553,0.05875839019734679,16
gene_1270,0.7276186087735586,0.016302766475688728,16,0.051930269432354244,0.025662458205757653,16
gene_1271,0.7632007316793515,0.003305387725465706,16,0.007974932714182995,0.005902994334820114,16
gene_1272,0.7115207161516166,0.0137669748614107,16,0.1383181974082092,0.07412368646016809,16
gene_1273,0.7241856883979388,0.010750419507686603,16,0.03755608855900656,0.029339269661455745,16
gene_1274,0.7155659969212084,0.012719462358290556,16,0.0893503316853541,0.05290646929690018,16
gene_1275,0.7156544520515046,0.01906508419089503,16,0.05935132960376689,0.029466586084313368,16
gene_1276,0.7331831198354286,0.01312125885848792,16,0.030845606606276235,0.02613941019964588,16
gene_1277,0.7340990505997649,0.008844414829478321,16,0.03204536010222436,0.013146404647024535,16
gene_1278,0.7356108621701302,0.009483759052446384,16,0.04053422560960532,0.03625590300735318,16
gene_1279,0.7427627112730446,0.005376072854348403,16,0.02065512240144162,0.013727387611644123,16
gene_1280,0.7471288744906084,0.005014387869643481,16,0.03920225918150238,0.02174603814683487,16
gene_1281,0.7096396129053764,0.01530325481083331,16,0.0646311574100909,0.03191500999725862,16
gene_1282,0.7418624409621412,0.005503430528990124,16,0.026786840519615128,0.016360332300201307,16
gene_1283,0.7304998860292623,0.017415161275494685,16,0.07140028119931073,0.07418596241713617,16
gene_1284,0.7280676077801602,0.010876742620485784,16,0.061570281917530625,0.03951253920424377,16
gene_1285,0.7330097474070776,0.01020261253605012,16,0.06060814101500338,0.037367566915434074,16
gene_1286,0.716892482892643,0.013207296198826202,16,0.06678727464692377,0.038691169477589694,16
gene_1287,0.7007913826840368,0.010252195646263326,16,0.059237657564071115,0.035030778098356,16
gene_1288,0.7351142888774456,0.0059084106028142215,16,0.03436854613942559,0.02326328518879291,16
gene_1289,0.7477839057014081,0.0068338982864702994,16,0.028789173296866893,0.023464235437065495,16
gene_1290,0.7295822195739788,0.006788638874919888,16,0.043945719558039324,0.027175786869946924,16
gene_1291,0.7200122468370237,0.014225678027014162,16,0.07800631765877715,0.04395159618913655,16
gene_1292,0.7366143730904608,0.009379071955792089,16,0.018897283163338656,0.011953164692625367,16
gene_1293,0.7616447508320409,0.003911139371245589,16,0.030402989259570197,0.01780624055833871,16
gene_1294,0.7406224387364577,0.00830258475216002,16,0.03141035296968225,0.021711603564978334,16
gene_1295,0.7617225817920033,0.0030028815360518832,16,0.010701647450978147,0.00638743335267917,16
gene_1296,0.7400951040407856,0.00990937949650793,16,0.07358898568131889,0.03430047601840001,16
gene_1297,0.7501521101396584,0.003788589927508208,16,0.05956148619935132,0.04052030377232782,16
gene_1298,0.7379138046451554,0.00541157799065871,16,0.032462906387104036,0.02157530598249479,16
gene_1299,0.7524743802872966,0.006590240586039351,16,0.03224982813012323,0.02269440924036804,16
gene_1300,0.7431589353273765,0.0038699493752517703,16,0.031897370976680786,0.02234998386420932,16
gene_1301,0.7554886075452653,0.0056599247017431005,16,0.03675139971262353,0.025986146071468832,16
gene_1302,0.7451282626071821,0.006519838444836955,16,0.036828427001147246,0.023011690746087672,16
gene_1303,0.7582857799699402,0.00898101356013668,16,0.05123243327377093,0.03879543308725722,16
gene_1304,0.7555273881286616,0.004793219045933016,16,0.03095884879827338,0.016594117823829465,16
gene_1305,0.7472812769646383,0.010580504619585557,16,0.08264805527840619,0.06262757474682834,16
gene_1306,0.7360411031295456,0.01425271858234665,16,0.06040223534472913,0.05223797739623458,16
gene_1307,0.7168002300494039,0.02254201595485729,16,0.11902735885618629,0.09075676512440634,16
gene_1308,0.7524518336367391,0.0060632930846482,16,0.016035737588835294,0.013521763902257792,16
gene_1309,0.7419145015351802,0.00832198657205467,16,0.03427655629781448,0.024557590786115607,16
gene_1310,0.7102286284722842,0.008295038630746744,16,0.02095165061108201,0.012510597680510934,16
gene_1311,0.7458454809624094,0.004302570097092262,16,0.035515537119558085,0.012655418341427098,16
gene_1312,0.7651945135663574,0.002739843520285123,16,0.01559224494079267,0.0074333282637936956,16
gene_1313,0.7496041151007826,0.0077145815805202776,16,0.04320898142267165,0.03913767979211016,16
gene_1314,0.7455665974495193,0.008066611051851347,16,0.026271972933229307,0.020538817024878777,16
gene_1315,0.7541450608281637,0.0057729124903142396,16,0.012370689025109339,0.006194509296364851,16
gene_1316,0.7510673623700608,0.007677514031216947,16,0.05345191732351359,0.0366671545336915,16
gene_1317,0.75441983067586,0.004603052581781064,16,0.015417549671561432,0.008533807130482044,16
gene_1318,0.7304855127111184,0.008481233922668719,16,0.03540789922295089,0.018867445031112564,16
gene_1319,0.7360116449926851,0.011086259941079896,16,0.03962234095431429,0.022698463603085434,16
gene_1320,0.7073220317026284,0.013320529377485759,16,0.053692105257265824,0.04440495485382196,16
gene_1321,0.7359558184030556,0.0056970208790970405,16,0.03799201628781004,0.0288075435650339,16
gene_1322,0.738112791818232,0.007513300132747791,16,0.0481048532440695,0.029299982499046247,16
gene_1323,0.737257993921236,0.009057182573858758,16,0.041049133458702716,0.025958589299111143,16
gene_1324,0.7342341387386866,0.006907988061245989,16,0.049787109099706024,0.023180366398162938,16
gene_1325,0.6994131209337564,0.0129234248967873,16,0.10465242177449172,0.05207920486321773,16
gene_1326,0.7394082539666211,0.00615866388168268,16,0.0342581895926201,0.028045591294126395,16
gene_1327,0.7508102371627065,0.004589066199469768,16,0.02562587894371853,0.008836201887329781,16
gene_1328,0.7570827015397772,0.006639673201768732,16,0.026218357871681315,0.014621611869185728,16
gene_1329,0.7405133843588854,0.009577341988287058,16,0.04301193195345694,0.025146751249223467,16
gene_1330,0.7517654140592681,0.005910154433805065,16,0.03587485446096072,0.024971434246858083,16
gene_1331,0.7418170290097629,0.012192164249223248,16,0.06594212943502184,0.05586603425773026,16
gene_1332,0.7494801545346567,0.006870113271846768,16,0.023649911006490366,0.013026425295004368,16
gene_1333,0.74621567705372,0.004997905844381433,16,0.019885476548866615,0.015176486322255442,16
gene_1334,0.7410666395955136,0.006092056215164441,16,0.041961681903509934,0.02564494401274613,16
gene_1335,0.7284699842281366,0.013349648385026133,16,0.1118561610540448,0.06772672237211466,16
gene_1336,0.7115092016184585,0.016681330387056797,16,0.1003443718670886,0.07333243781447452,16
gene_1337,0.7484009652967798,0.003928178110312324,16,0.019288085100997644,0.013045777989652525,16
gene_1338,0.7253105421103515,0.010807876815942566,16,0.09479452452805727,0.040246024913737924,16
gene_1339,0.7518522198140308,0.007457073254554833,16,0.03379777120734159,0.03130751239895186,16
gene_1340,0.7677901107689478,0.0036518000815324333,16,0.009568304383213343,0.006161267718743178,16
gene_1341,0.7564048798924256,0.008292464260809651,16,0.032621300821379665,0.022274948577339936,16
gene_1342,0.7390545070723403,0.012343528114486961,16,0.04828583925627694,0.04392027287873852,16
gene_1343,0.754200172769645,0.0102167408204432,16,0.02251555440170958,0.02034286678204968,16
gene_1344,0.7645430031754259,0.002643302327570873,16,0.020257839566558584,0.01985484970617196,16
gene_1345,0.741571861643915,0.009289771114617673,16,0.022811686972046788,0.01588035841868355,16
gene_1346,0.761008226651969,0.008300583265384817,16,0.039210855558480195,0.03364520217239883,16
gene_1347,0.7477092718351529,0.006626269081579339,16,0.03511180083744186,0.018424762689872625,16
gene_1348,0.7456683539184186,0.0068598119563503855,16,0.021253825825489667,0.015026549717717127,16
gene_1349,0.709921012941505,0.01360889187941368,16,0.09068011625202321,0.06809832571399359,16
gene_1350,0.7333550773392571,0.00767694982673043,16,0.026245403346917325,0.023560800303786388,16
gene_1351,0.729505407601282,0.012246116119170963,16,0.10331676415090765,0.06170838550040115,16
gene_1352,0.7284681162131966,0.005878317849136886,16,0.021614983182570754,0.01340884676890045,16
gene_1353,0.7332592071911296,0.01611990320014501,16,0.12300661814955635,0.06278218160415663,16
gene_1354,0.7502752179923552,0.005516396660839898,16,0.027335789921484145,0.01905736182044237,16
gene_1355,0.7271420338700798,0.009050972791152244,16,0.07218171266432316,0.03591976394912587,16
gene_1356,0.7278112109925087,0.01258464675417799,16,0.0533248680921382,0.04011899176012639,16
gene_1357,0.7478443404584159,0.0039318074925221,16,0.03791600590213637,0.02047855197669813,16
gene_1358,0.7347732096691376,0.005299173795276956,16,0.030410479052748247,0.021981604402794317,16
gene_1359,0.7197471405915097,0.008826127868900142,16,0.049851063570984636,0.05106508109546279,16
gene_1360,0.7549710161832813,0.006314150051852311,16,0.01138449729386346,0.008690555724842659,16
gene_1361,0.7323598767316,0.010392880260248358,16,0.05914396743587947,0.05781354006779682,16
gene_1362,0.7645059417874811,0.003860704845955714,16,0.02243716901858817,0.014602633664842712,16
gene_1363,0.7190487127784003,0.0107707745292319,16,0.06107728558889444,0.04803480904401716,16
gene_1364,0.6997862394699246,0.015607259683524416,16,0.08484263798441886,0.06073306165984375,16
gene_1365,0.7451112975997584,0.008340931990061055,16,0.04284827119973082,0.032468560151332225,16
gene_1366,0.7426524704440186,0.009685036794877236,16,0.03504710168939231,0.019065579173121742,16
gene_1367,0.7630384301665261,0.003312101309127329,16,0.02045384122518222,0.012782706636971888,16
gene_1368,0.7128906459893287,0.013676922447429874,16,0.033484339386744714,0.016830025879922515,16
gene_1369,0.7521242155783019,0.008080153971176191,16,0.054763364923926756,0.058706238440886176,16
gene_1370,0.7183457438598113,0.009769136615640973,16,0.06718029983968345,0.050438884574912704,16
gene_1371,0.7488011897024205,0.0057625854934419025,16,0.03704518133630573,0.02666867022658409,16
gene_1372,0.7583088749514526,0.004438850388632462,16,0.028268281629079996,0.026095543100341158,16
gene_1373,0.7445916202504022,0.007153573323985408,16,0.029419890215707473,0.017286092232878598,16
gene_1374,0.7311010391574086,0.012195350494190314,16,0.06842388932170136,0.03531553919224104,16
gene_1375,0.7556135143318544,0.006486848590051779,16,0.05195718219987985,0.039084204752839705,16
gene_1376,0.7644469549696623,0.0036763516527803923,16,0.01200115082299729,0.0074046464714662185,16
gene_1377,0.7526609980090848,0.009403260741076815,16,0.03030104007264227,0.027725499195086576,16
gene_1378,0.7203817373772088,0.009908346903835123,16,0.05640131243601075,0.03411620428542162,16
gene_1379,0.7162894582030942,0.010398386726971475,16,0.0844632556342325,0.05653460981688772,16
gene_1380,0.740178968140147,0.00568428135798119,16,0.03770807007683594,0.029082818936945178,16
gene_1381,0.7496827152890816,0.005839675839056675,16,0.03447651786994126,0.022364721554956883,16
gene_1382,0.7494163308887853,0.004491348928887625,16,0.039454774744543085,0.03847737767513562,16
gene_1383,0.7215625416810081,0.01200570770867147,16,0.09032283038645811,0.06724373707618558,16
gene_1384,0.7335904992693735,0.008811949864975839,16,0.09176040488907913,0.06760364271551862,16
gene_1385,0.7464606594564466,0.0066808271604881266,16,0.026335388251259303,0.016541192796289465,16
gene_1386,0.7417343732983175,0.013245789548852463,16,0.07041143031041572,0.056961434360556965,16
gene_1387,0.7126642604143857,0.020156091871187432,16,0.08586016651138334,0.06998026249234864,16
gene_1388,0.7254919561397845,0.010648505836837359,16,0.04651387083378001,0.02238877485795318,16
gene_1389,0.750494951140495,0.00796108907817448,16,0.032596912123959064,0.024006388383000756,16
gene_1390,0.7459195195297055,0.010085226885087503,16,0.03291186035127281,0.019062250795149,16
gene_1391,0.7340426933721048,0.006365438407245675,16,0.04073951044095558,0.030348701914146112,16
gene_1392,0.7472496473013474,0.003837053980352446,16,0.028389352725783277,0.020120501088648077,16
gene_1393,0.7312186366770077,0.006597953695813506,16,0.04494031968118191,0.031512541751661335,16
gene_1394,0.7234881876382868,0.018757295849608793,16,0.08220139880402084,0.07093384859535518,16
gene_1395,0.7547062586047393,0.0044669351661169344,16,0.020147266111077783,0.01002019326008491,16
gene_1396,0.737156794871958,0.00816821963816299,16,0.04165768804370903,0.027859774904488748,16
gene_1397,0.730092573060802,0.009362590686716774,16,0.05948262864708014,0.03243205898009942,16
gene_1398,0.7656605942305875,0.0035160535203891696,16,0.014261571907970123,0.010557161236425545,16
gene_1399,0.7590773714293269,0.004820745203592409,16,0.025595577179118395,0.01600881781274911,16
gene_1400,0.7402032413728407,0.006347923926353935,16,0.037967047608795955,0.022666362228124008,16
gene_1401,0.7125826299505315,0.015992893992526992,16,0.07057968268183681,0.02597748500508977,16
gene_1402,0.7565358026395448,0.0035765160554427646,16,0.022779274443708024,0.017591187340586997,16
gene_1403,0.7347900698046663,0.007691995746137513,16,0.048387156896825836,0.027029430316885057,16
gene_1404,0.7263231900673198,0.012763621868521577,16,0.05164486402029863,0.048595110373092915,16
gene_1405,0.7252117809322353,0.025605064382970614,16,0.1394136770900797,0.07191831243008488,16
gene_1406,0.7646103034572642,0.005653792581428806,16,0.01934208775296571,0.01349216399973135,16
gene_1407,0.7133491762601396,0.014848046877328516,16,0.06918188737033552,0.043273834302626005,16
gene_1408,0.7616676810157605,0.0037517706296464797,16,0.020225319376975297,0.016276974886501518,16
gene_1409,0.7445563910858516,0.007482822617397642,16,0.06926087909494502,0.039718338580549684,16
gene_1410,0.7189427432037117,0.01935392368119843,16,0.07452083818345488,0.03986998667514581,16
gene_1411,0.7470079654961207,0.005577190660593882,16,0.02418810120030267,0.014466283893815554,16
gene_1412,0.7317706628739317,0.009772867413397099,16,0.08391522358512828,0.06098752390308144,16
gene_1413,0.7197138834788734,0.007465186807810661,16,0.040860119971044065,0.03619265979444194,16
gene_1414,0.7378250308777773,0.009911658163796239,16,0.038593628344028574,0.025856205552685804,16
gene_1415,0.7318075597106843,0.00953037374456007,16,0.046139136611915724,0.02791990704429425,16
gene_1416,0.7167568897893921,0.012405867315635463,16,0.052755966259589775,0.02434322517812238,16
gene_1417,0.7437701747742421,0.007143280522346411,16,0.052766864708976194,0.0522393262555889,16
gene_1418,0.7481538743528648,0.008767058452027009,16,0.02546779154210764,0.019025696179247927,16
gene_1419,0.7593083564105324,0.006000737843880852,16,0.051609531242404645,0.036390623387096144,16
gene_1420,0.7196822504714325,0.015462812002386257,16,0.0632985226351973,0.05829606295332224,16
gene_1421,0.7307706211524131,0.014341643454221604,16,0.025532517254263212,0.025799189397774116,16
gene_1422,0.711770387891417,0.01730789070295399,16,0.039143428508587534,0.028659977757997872,16
gene_1423,0.7626662478464616,0.004571164270168641,16,0.03300770891727453,0.020717645865023112,16
gene_1424,0.7547878833940688,0.006008211155791201,16,0.03187262372806471,0.030333389099910093,16
gene_1425,0.7272898654897907,0.007278746619613584,16,0.0532567714828073,0.032490589835476986,16
gene_1426,0.7606117926024272,0.006596814360255984,16,0.018055075934786967,0.010265638996581604,16
gene_1427,0.7334837061973611,0.006912871902660445,16,0.062434710899465236,0.04233404515973287,16
gene_1428,0.7340483666670997,0.007231023493663118,16,0.05224246042816595,0.04417862538121764,16
gene_1429,0.7175209437083842,0.015156933809684301,16,0.04630954681619025,0.022878719014055866,16
gene_1430,0.7388942359764158,0.007527739332327187,16,0.044679283694127395,0.032397767833705744,16
gene_1431,0.7440539341569222,0.006170833885840548,16,0.02873321888629147,0.019601679039867377,16
gene_1432,0.7347004082400586,0.005821206063856331,16,0.06982102013639627,0.06078846676550631,16
gene_1433,0.7557102398421716,0.006583852206372861,16,0.02689797598923901,0.013527935005308848,16
gene_1434,0.7482895215550784,0.0039228909741882935,16,0.03990307838890877,0.022385253534070795,16
gene_1435,0.7638704508326843,0.002591103425298908,16,0.016158879543658286,0.012370651308426473,16
gene_1436,0.7219768161728621,0.00895311993892711,16,0.05708138611293337,0.04761502230734827,16
gene_1437,0.7580034126869619,0.006329729223328178,16,0.03632075919209686,0.03325447212866053,16
gene_1438,0.7401718436363457,0.0061602856353739415,16,0.05382590783165108,0.054227169147946126,16
gene_1439,0.7540949922355709,0.00421065593020676,16,0.028203484615182246,0.02426425097492652,16
gene_1440,0.7474906910074668,0.007990907935997226,16,0.04026788311985558,0.02566910104003228,16
gene_1441,0.7227730867085093,0.011551148702044206,16,0.0880000936382937,0.06293521392206708,16
gene_1442,0.7491422717866101,0.002469144533549199,16,0.04571578923205029,0.017257800964028017,16
gene_1443,0.7110512730038239,0.028358540632129985,16,0.1002670325952086,0.07436144480865416,16
gene_1444,0.7490704655050446,0.006296935364430023,16,0.020362991000017882,0.016567566641371486,16
gene_1445,0.7472399546459945,0.005352084554041271,16,0.027504261823537945,0.01809591541394322,16
gene_1446,0.7449648733914506,0.009357871852101579,16,0.06203901902663291,0.03972002473984834,16
gene_1447,0.7512998635810743,0.005738528583255013,16,0.03657836185191793,0.03140687959240814,16
gene_1448,0.7525017558287157,0.00846963553331062,16,0.02230851606998876,0.015045837502337466,16
gene_1449,0.7566263451454159,0.005653569809934505,16,0.020533716942753955,0.016090488410574137,16
gene_1450,0.7276241263049584,0.02085146473144025,16,0.12174494170921292,0.07165357071637365,16
gene_1451,0.750583847220416,0.0054610700714541145,16,0.022248888260592976,0.023884497974024428,16
gene_1452,0.7259105323649464,0.010880227555824908,16,0.05258757275154162,0.05760681256884884,16
gene_1453,0.7472745067374051,0.009878658668885446,16,0.07016212441605757,0.04909636653505332,16
gene_1454,0.7421388286346425,0.010509612158314335,16,0.07191370117247732,0.03579908136754624,16
gene_1455,0.7424056082580518,0.011070979020404298,16,0.04296024593277068,0.022056779768031956,16
gene_1456,0.7453938413547756,0.007152820056612073,16,0.046817524756279386,0.03346787044933789,16
gene_1457,0.7379140029727461,0.011085401759812466,16,0.04352985319803602,0.030517191288283053,16
gene_1458,0.7014435853785279,0.019338183969022985,16,0.10846041804937209,0.07654235532262807,16
gene_1459,0.7671721989269473,0.0031974523693998713,16,0.012374852260137022,0.007832784973290846,16
gene_1460,0.7430810851022808,0.005580623270061491,16,0.023940989439731036,0.022931320929904814,16
gene_1461,0.7357810206454651,0.012323955936745845,16,0.06619116093331326,0.04118666017182462,16
gene_1462,0.7584545914757169,0.003886120264254579,16,0.02990843101520737,0.011089411415414852,16
gene_1463,0.7284859090834169,0.012161776350394024,16,0.03762473148170104,0.01656840084598583,16
gene_1464,0.7331969920976565,0.007979576282902731,16,0.03575696900563499,0.019564737630955946,16
gene_1465,0.7668918907832442,0.0019413093804575452,16,0.020825305115729872,0.009959221303780873,16
gene_1466,0.737138971041774,0.009245300684045903,16,0.024312330426085674,0.019623763740104997,16
gene_1467,0.7662306910417835,0.0037284765355067935,16,0.01256855752645266,0.007696170818871738,16
gene_1468,0.7714025520823078,0.004362224794126179,16,0.020035525961944682,0.01246305118067165,16
gene_1469,0.7213674292649442,0.019942919150498176,16,0.07080455675129302,0.04517029063082328,16
gene_1470,0.7180657934139906,0.013035827849069348,16,0.07635469881735155,0.03946204936046057,16
gene_1471,0.7406635132198601,0.014537733043737969,16,0.052419597190586614,0.031076889737472108,16
gene_1472,0.760402457963342,0.0031971189589179816,16,0.01088677277833552,0.00611539604966045,16
gene_1473,0.731109515375061,0.013519698527896315,16,0.09075623718157026,0.05305834796977452,16
gene_1474,0.729316472734149,0.00453677045041816,16,0.02806040828765777,0.01754762817230475,16
gene_1475,0.7217594630073901,0.01658120007264563,16,0.08675538163009294,0.056288273977362135,16
gene_1476,0.7571143662174461,0.003982522628899122,16,0.01893008075382522,0.010349183798714493,16
gene_1477,0.7293466826907611,0.008712343660135029,16,0.03240114245232125,0.028004280849697725,16
gene_1478,0.726693788768251,0.015200883678322489,16,0.09086297327640047,0.06639284216103869,16
gene_1479,0.7534506682944215,0.005322590588191612,16,0.03078230152083574,0.01808351221806097,16
gene_1480,0.7488251954112243,0.008470563358095366,16,0.02947381124035936,0.02578942038810553,16
gene_1481,0.7430313642430946,0.009354948663564911,16,0.032137887186494775,0.02259578973698381,16
gene_1482,0.7173758357543547,0.007892946181602745,16,0.05309257020713458,0.033369984340237295,16
gene_1483,0.7408203650849223,0.009230071934029376,16,0.06518883830839953,0.0376841751626303,16
gene_1484,0.7262448454975301,0.008561144808202829,16,0.06689731643445443,0.03286569179975165,16
gene_1485,0.7300916583693691,0.007296128843574894,16,0.030741602066663844,0.024902392415814024,16
gene_1486,0.75942087048913,0.004389478130712049,16,0.023323893387192093,0.01573218765142911,16
gene_1487,0.7469752348257284,0.005646178363217422,16,0.040380634381758686,0.03603755992048681,16
gene_1488,0.7135835117926913,0.010306531682882867,16,0.04832812026262221,0.0341037996335242,16
gene_1489,0.7166051559872946,0.017542655142596755,16,0.10022796650198512,0.06842224797439449,16
gene_1490,0.7542138889582788,0.007799807641908338,16,0.04941779147882233,0.04581286530062956,16
gene_1491,0.7486320622150102,0.00802046586748335,16,0.031524254220541344,0.027867177249871054,16
gene_1492,0.7270393549502823,0.006616246768832096,16,0.03741089185410317,0.01799793962417988,16
gene_1493,0.7157435983254795,0.009454792756215226,16,0.04266082849149143,0.03267461267422354,16
gene_1494,0.7194052898088404,0.012092819893874332,16,0.1038284281518436,0.05743122626318503,16
gene_1495,0.7551731586451786,0.006547524934632484,16,0.03873066187137078,0.024764974747616526,16
gene_1496,0.7503223674970725,0.008911952486828814,16,0.02783946798273821,0.023381400965251712,16
gene_1497,0.7496149167993695,0.009301334341642351,16,0.04852580542720655,0.021287915379279418,16
gene_1498,0.7529980661670723,0.007948329155583297,16,0.03565614418036247,0.034241603192731125,16
gene_1499,0.7279998485254706,0.009340916878511577,16,0.05077686475109165,0.02642735241383045,16
gene_1500,0.7406415172445231,0.004347961156067636,16,0.03243802358676748,0.018081856017208936,16
gene_1501,0.7343060758575838,0.010750184551060391,16,0.05719850651329443,0.03287568865091388,16
gene_1502,0.7345650678714737,0.013321052006894875,16,0.0627206207064696,0.0339201065649119,16
gene_1503,0.7294170101650354,0.013192951724476966,16,0.14167261092835381,0.10232034092574635,16
gene_1504,0.7397471801259252,0.006352532910090103,16,0.04724358886842384,0.03705322307009185,16
gene_1505,0.7492231521285309,0.0070523074317240895,16,0.046370558103346865,0.044241447533203665,16
gene_1506,0.7528260718725532,0.0047847459703535345,16,0.019405528314976033,0.01369459411483758,16
gene_1507,0.720886158655598,0.010442028195060326,16,0.06856943268634114,0.048776202670041714,16
gene_1508,0.7653702683645621,0.004145455325531403,16,0.026003080882405067,0.013420908903841532,16
gene_1509,0.7611013494798301,0.006480832688432243,16,0.0357894451056844,0.024922941402348447,16
gene_1510,0.7211268217928722,0.011178358375167029,16,0.057025327582701915,0.0381603995377978,16
gene_1511,0.7301076441291365,0.007013945206707386,16,0.039934211473343986,0.036875884932535775,16
gene_1512,0.7505441829627238,0.006908223769507485,16,0.02178373929059582,0.011754435328262283,16
gene_1513,0.7361345846154862,0.008909771535787024,16,0.02479248893671699,0.013046982462638206,16
gene_1514,0.7320017301254466,0.00427387054647874,16,0.04291553101412522,0.028871887427160445,16
gene_1515,0.7334671363264575,0.004901167181926882,16,0.08137885801346759,0.03329974932546762,16
gene_1516,0.7313635323331781,0.00716964362172584,16,0.043946241719907075,0.01829673167447041,16
gene_1517,0.76156379617729,0.004859648225188603,16,0.019304948399718695,0.012994506116788079,16
gene_1518,0.7265068733110195,0.015009986246006005,16,0.052210288919752504,0.03474469219002698,16
gene_1519,0.7348669528778934,0.01153901805228883,16,0.01573491583350222,0.009271227523934437,16
gene_1520,0.7586810419205784,0.003675650527595639,16,0.04073499805854771,0.03250508660050037,16
gene_1521,0.7560801868432008,0.00392285785672741,16,0.008881046916065125,0.003137171604783707,16
gene_1522,0.7201701242152492,0.007071011402736981,16,0.034832392179696095,0.028280109160395545,16
gene_1523,0.7200040489943107,0.019360932256643256,16,0.07749027338031476,0.06374277353652437,16
gene_1524,0.7510641043807053,0.006969931748768013,16,0.03909848397020868,0.023588136923669612,16
gene_1525,0.7532485727060328,0.007858976941455976,16,0.05852494440660206,0.040752102409050465,16
gene_1526,0.7242927491306524,0.010264728802250244,16,0.05388889887134986,0.04946864765263652,16
gene_1527,0.7740740886941757,0.004472308754854772,16,0.009640622449359489,0.0070046970277392,16
gene_1528,0.7339176459671096,0.007141842293849978,16,0.047184677493442864,0.020902184462349364,16
gene_1529,0.7534525994949679,0.005008854550148227,16,0.02869268588773474,0.039731237122580275,16
gene_1530,0.7227175867481157,0.007169601020527502,16,0.0545655179715288,0.02991198743813068,16
gene_1531,0.754041055153431,0.004991549967676719,16,0.014898279529986763,0.01060007098294055,16
gene_1532,0.7692187272640354,0.0037950394015992964,16,0.01395380043493692,0.011079728154301626,16
gene_1533,0.7308857395112672,0.008033246245515364,16,0.03869836634295076,0.021059715763973613,16
gene_1534,0.7205413356700979,0.010519095800785484,16,0.11600661135012702,0.04698210213488079,16
gene_1535,0.7445371827737952,0.005365217547256793,16,0.01391471431886808,0.01019092494619512,16
gene_1536,0.7473230994504706,0.007078631848216212,16,0.02614206712751601,0.012968878156100613,16
gene_1537,0.7147317036794627,0.013683308580351019,16,0.09727502044329053,0.07255052937069219,16
gene_1538,0.7669139406988307,0.004194713583341291,16,0.016492315990862726,0.011897323984722074,16
gene_1539,0.7333537907467842,0.013694014191296653,16,0.09464568494836141,0.07287022267929802,16
gene_1540,0.7042709004919883,0.020911718708521862,16,0.09614306222445898,0.044983428664560295,16
gene_1541,0.7688205799583381,0.0038771241412822607,16,0.01405652997326174,0.010955156157747245,16
gene_1542,0.7467395194182905,0.0040066727234007666,16,0.04107417816683731,0.025236254066729944,16
gene_1543,0.7497141847470417,0.007452572285906311,16,0.03869169992576047,0.02364052781174905,16
gene_1544,0.7475236885845595,0.006656106687059466,16,0.033909218379327935,0.02296352316983482,16
gene_1545,0.770841923739055,0.0022074117695097383,16,0.006936285337946163,0.005028688598365867,16
gene_1546,0.7374023391260203,0.006819177365695311,16,0.032199149806089164,0.01766830304840769,16
gene_1547,0.7223156015016058,0.008965758535137588,16,0.06795324310085395,0.034508396409833844,16
gene_1548,0.7093095774480657,0.014746766095413305,16,0.038698349192267396,0.02222832519762783,16
gene_1549,0.7300073799985539,0.01276114392326296,16,0.04740898550940244,0.04019106318735794,16
gene_1550,0.7638542644915377,0.003623951634957553,16,0.02641990135203767,0.017692189593645255,16
gene_1551,0.7241187119959098,0.005674743454602589,16,0.026043838992210088,0.018656040375966937,16
gene_1552,0.7287856518675833,0.010371856132321909,16,0.05805052290780247,0.032578224822027935,16
gene_1553,0.7624357682079158,0.0040993303489061045,16,0.022736702151694734,0.012469721471966571,16
gene_1554,0.7511281551491104,0.006857306621018582,16,0.039603068503025196,0.02015675109674999,16
gene_1555,0.726207392203586,0.007752835397456481,16,0.034558855751367856,0.026035214696275778,16
gene_1556,0.7516528051813307,0.005272625644057784,16,0.04518470465435156,0.024071058471365446,16
gene_1557,0.7442586419689656,0.004387805975443634,16,0.03423750316947324,0.020451917983233696,16
gene_1558,0.746365420936572,0.009802757800241903,16,0.046197475474401124,0.02050671785870687,16
gene_1559,0.7381005933766139,0.012219411101824054,16,0.05517482319055467,0.03879062165020472,16
gene_1560,0.7474757073502386,0.007539287027619033,16,0.04843980666445466,0.05772122472329435,16
gene_1561,0.7156301864999144,0.011300328173800011,16,0.03065560261496591,0.02797681915497357,16
gene_1562,0.7507043155450478,0.004433460179133649,16,0.03291760334400287,0.024013999816860074,16
gene_1563,0.7531416168858222,0.006034357824518001,16,0.023678339247690507,0.021489022207723592,16
gene_1564,0.7494827788862366,0.005049790359097687,16,0.019574598848848462,0.01863033079491592,16
gene_1565,0.7503085888456626,0.005456089938879589,16,0.024483186541370328,0.01655223025675813,16
gene_1566,0.7473167441481554,0.009277336742349032,16,0.028955395400270076,0.017755017317887402,16
gene_1567,0.7249706626383092,0.012897575896059747,16,0.03248532973345819,0.01710596092967427,16
gene_1568,0.711288300375988,0.012476297156346369,16,0.06201306035311072,0.07171251356161534,16
gene_1569,0.7453708347736377,0.0050151655197492335,16,0.02107411535638712,0.018101584361226754,16
gene_1570,0.703163087860817,0.01391468005835003,16,0.14260510006011204,0.08418325004389388,16
gene_1571,0.738286282346629,0.007799224506310315,16,0.02820795476698269,0.015444097736406264,16
gene_1572,0.7516569904302566,0.006045740832714298,16,0.024464917788596347,0.02005365164591087,16
gene_1573,0.7487407062250266,0.005959898012459586,16,0.021966457834159545,0.015320874258812487,16
gene_1574,0.7309164274925297,0.010396272919458771,16,0.03770761314762304,0.03029130956641707,16
gene_1575,0.7524209011709226,0.009246008696254806,16,0.020940580828834668,0.011898527087672939,16
gene_1576,0.7641780035298142,0.0032717644042410906,16,0.025914208355715104,0.02369390095961338,16
gene_1577,0.7379776529136103,0.008041901829819962,16,0.04474325516772855,0.03956981317238324,16
gene_1578,0.7461109259031398,0.012033391084434578,16,0.08631560397063492,0.054632909230517494,16
gene_1579,0.7602691944038243,0.003302474558729483,16,0.028328127957370088,0.020916309426455167,16
gene_1580,0.7376023451437138,0.010485271250532294,16,0.014993586560486138,0.011664390180075037,16
gene_1581,0.7701154557677318,0.0032940617015994366,16,0.014613048960569095,0.010573770531970476,16
gene_1582,0.7414219947465439,0.0060636481086236895,16,0.0267996962223045,0.014648378189459474,16
gene_1583,0.7473792793822012,0.0053462807178823275,16,0.018313915647651346,0.015327805250484848,16
gene_1584,0.7108693235089778,0.017182354225909965,16,0.0379794190528456,0.023471132235908194,16
gene_1585,0.7434021114217794,0.009375091279425507,16,0.04323287688048691,0.032470773560284744,16
gene_1586,0.7261087152990108,0.011934212813636998,16,0.03168718536243324,0.02306674686644895,16
gene_1587,0.7064808471723077,0.0436179132368502,16,0.12835972221162262,0.13428391802321923,16
gene_1588,0.7232201385255862,0.014120623948096551,16,0.1260951916891917,0.05456602661999054,16
gene_1589,0.741860208652085,0.0067296370013557125,16,0.014942308279168953,0.009761302819584497,16
gene_1590,0.728332762316115,0.012224882803844896,16,0.06375884172436828,0.05745977885638228,16
gene_1591,0.73585164267731,0.0048943453293312155,16,0.03155750134496994,0.02118890174102325,16
gene_1592,0.7392504902579824,0.009008755476363848,16,0.033480650896767175,0.017535881928858937,16
gene_1593,0.7279973177629991,0.00953931500061622,16,0.03259122756973567,0.018689101467630125,16
gene_1594,0.7628707386669357,0.006465287383830352,16,0.016144852860708016,0.009746994473851878,16
gene_1595,0.7290382164100816,0.00712358993681443,16,0.04579660205296151,0.04392259845053382,16
gene_1596,0.727880918990893,0.00847275881517077,16,0.055346404955024096,0.048657619206546474,16
gene_1597,0.7208286141082718,0.011186297787209289,16,0.06315154511514598,0.06031419515866501,16
gene_1598,0.7537389516749036,0.005315701880093823,16,0.044196364477423894,0.043356425642037184,16
gene_1599,0.7337628020003514,0.009594814678217194,16,0.053239232762523875,0.03844138178537922,16
gene_1600,0.7556361564096722,0.005270661926033819,16,0.008728618285062256,0.008589736830626978,16
gene_1601,0.7480640988519267,0.00626340114857694,16,0.02491854849586191,0.01589656505839701,16
gene_1602,0.7296158302826692,0.006940622684337765,16,0.02839985082685195,0.024785756270214756,16
gene_1603,0.7547543422854555,0.00460156032628863,16,0.05686117520495773,0.02813795306458189,16
gene_1604,0.7499485495417629,0.008646062986602311,16,0.03806418261023432,0.02674772975384137,16
gene_1605,0.7302505147362792,0.010500340088700568,16,0.08231305180705761,0.043434891106511754,16
gene_1606,0.7500601552698081,0.003658622120504934,16,0.04936030283394082,0.036292047977323855,16
gene_1607,0.7503867597280608,0.007620606164706209,16,0.041610334759926586,0.024410946788798044,16
gene_1608,0.7431390987568416,0.008966570254744365,16,0.048500597436612405,0.031119689439755585,16
gene_1609,0.7495203742655663,0.006346813968928768,16,0.029298174728486254,0.023515849534286894,16
gene_1610,0.7428532027132572,0.00961300454318955,16,0.03555326710603693,0.02725151485127786,16
gene_1611,0.7628220651557248,0.004219982572037867,16,0.0158342213603324,0.009422491402860212,16
gene_1612,0.7737131291603803,0.0035226146230542105,16,0.011253064535455513,0.006863030468761496,16
gene_1613,0.7277920840946221,0.009457280748738573,16,0.02213781523771056,0.014556174969363922,16
gene_1614,0.7060020533460449,0.010097792686552606,16,0.06096313510699094,0.06629101004152442,16
gene_1615,0.7463997215220373,0.00588266238398657,16,0.02750568613302768,0.027238208376719527,16
gene_1616,0.750165131924459,0.0029939064221440313,16,0.032809361158224915,0.019617992056601915,16
gene_1617,0.7444761356362378,0.00484324959673417,16,0.04685200208838735,0.03721688721153773,16
gene_1618,0.7199809032967682,0.01189125337589709,16,0.08155101780424891,0.054286136172666255,16
gene_1619,0.7491613661048575,0.005196295081231903,16,0.02842490391749765,0.02809485239793076,16
gene_1620,0.7584663473840089,0.0058022533409230765,16,0.05783170439405628,0.03494665380887618,16
gene_1621,0.7243221891077488,0.01255457466063048,16,0.034944324039105065,0.030178763666886467,16
gene_1622,0.7634630429976602,0.004750855821859699,16,0.014527572549665751,0.008253065395461326,16
gene_1623,0.7181823132098146,0.00921293510282489,16,0.08819656430105213,0.06365557242501446,16
gene_1624,0.7526993988839203,0.004146366674072785,16,0.030113453134864594,0.016074242877287013,16
gene_1625,0.7425872621097414,0.004753148901323063,16,0.046419776459511126,0.026413036694012126,16
gene_1626,0.7127120061722871,0.009507510465538204,16,0.06922960047291055,0.03732972292938564,16
gene_1627,0.7449257872635474,0.008544992533693533,16,0.0501129422080715,0.03078548901420871,16
gene_1628,0.7406996345817402,0.011936081956222885,16,0.03414730414742309,0.03622028866985383,16
gene_1629,0.7761630832602829,0.0022632610789264595,16,0.006254725385082813,0.004058373853795357,16
gene_1630,0.757364849247191,0.007413780462952085,16,0.022836225142105523,0.019301832846451438,16
gene_1631,0.7693538553606944,0.004003386409053912,16,0.01257644938879909,0.008806216501025978,16
gene_1632,0.763485707308895,0.004383353509139133,16,0.0231976494928802,0.016204066398548125,16
gene_1633,0.7437668768410303,0.005077270905887963,16,0.0404143137661179,0.017705448968141975,16
gene_1634,0.7290596981798101,0.008141151279820645,16,0.08015178026007332,0.08641571259012454,16
gene_1635,0.764359841743998,0.00397033694755266,16,0.013061947552379743,0.007820195298543612,16
gene_1636,0.7123787531603493,0.011742302808586501,16,0.021851322657180337,0.018136905532709677,16
gene_1637,0.7521878167964448,0.01285772198766018,16,0.0720890430155068,0.07220690711378722,16
gene_1638,0.7264975856546406,0.013394485722239374,16,0.0292389216706216,0.02091623963463113,16
gene_1639,0.7532188791623334,0.002325154486152836,16,0.03250033081064419,0.022615897090762612,16
gene_1640,0.7701479716268453,0.005014901233201216,16,0.014766317317845173,0.013964068833455873,16
gene_1641,0.7413105342469073,0.008011080649924882,16,0.03166435191872678,0.023077954715117466,16
gene_1642,0.7255476358022137,0.017802265744780717,16,0.07612421371061039,0.06766614348441033,16
gene_1643,0.7592770318645133,0.006661438451036714,16,0.02246747806562982,0.01773643655208983,16
gene_1644,0.7156256060390865,0.010477553410625506,16,0.07293829777647803,0.04055597429483263,16
gene_1645,0.7501861032372348,0.008016675858486137,16,0.049323808046237316,0.029329843641441387,16
gene_1646,0.7278250159266767,0.0076765807294618075,16,0.04915939939759393,0.03156984022732226,16
gene_1647,0.7424538119738798,0.00769633823533392,16,0.027356114293337626,0.016519736928082084,16
gene_1648,0.7434246487346866,0.006236734105490289,16,0.0203324722608202,0.015938009238894754,16
gene_1649,0.7149316336577949,0.009911976438925559,16,0.0419720203245678,0.023536129483214794,16
gene_1650,0.7713108416884519,0.002600906372430795,16,0.025357921218553448,0.018324412224669396,16
gene_1651,0.7579113067565197,0.0046679378468652095,16,0.01363251970924623,0.009717541796837545,16
gene_1652,0.728719525521655,0.00978596665835841,16,0.06599846653060858,0.0464091951046938,16
gene_1653,0.7258217566642654,0.016198596292563417,16,0.09713513132903304,0.04935491906263515,16
gene_1654,0.7324352669736046,0.010518511906406342,16,0.04698752261942609,0.022876616441409384,16
gene_1655,0.7312067730265653,0.018307754203671527,16,0.10562759673703802,0.08502357869611114,16
gene_1656,0.72790952155778,0.008163275934076442,16,0.05177923865581364,0.03067366320637668,16
gene_1657,0.760756743832529,0.006255601219082888,16,0.02793814833837526,0.02610943313109306,16
gene_1658,0.7387208027271562,0.007948768454529857,16,0.018071829801352867,0.01614092455274472,16
gene_1659,0.7502724137160425,0.0031882730582873473,16,0.017347863026640438,0.008057950965046391,16
gene_1660,0.7728851984093028,0.0033712045681380375,16,0.025732873428228806,0.018527002461316413,16
gene_1661,0.7354316232722065,0.005752937306170624,16,0.024025121120817977,0.017176498103353314,16
gene_1662,0.729292884067884,0.008549394999178906,16,0.05650223645585456,0.05656939158743971,16
gene_1663,0.7450105056498644,0.009156700416356361,16,0.05222230000847667,0.03607549394064881,16
gene_1664,0.7587744219327033,0.0039319731357026644,16,0.033709127730597616,0.01897864412388148,16
gene_1665,0.7434532284908748,0.007409666903236825,16,0.024092695470544975,0.01369263039433153,16
gene_1666,0.7378339327950184,0.0424952985262727,16,0.18669621534912623,0.16201610520397397,16
gene_1667,0.7289947453882,0.004247039213115005,16,0.030665034818064797,0.023863794607591315,16
gene_1668,0.7224797183873973,0.018356050529621467,16,0.10804520956329965,0.09771563648738384,16
gene_1669,0.7179551861328888,0.01544680942042139,16,0.07402061208937429,0.04604227462776249,16
gene_1670,0.7168621773872681,0.009272067111314326,16,0.09096281386740056,0.05167806576320107,16
gene_1671,0.750307760277429,0.007428842299767988,16,0.028057059006684693,0.01600500940068824,16
gene_1672,0.7549531098294686,0.0049874734838190335,16,0.024866412415778874,0.013433881004817213,16
gene_1673,0.7443917034520737,0.009284177366249603,16,0.040525879738906125,0.021169781280982947,16
gene_1674,0.7265440496846283,0.008434921085518425,16,0.05625432138651501,0.04108995009041921,16
gene_1675,0.7419142261308633,0.01167579991962243,16,0.03848199856416729,0.058437402485214986,16
gene_1676,0.7374141691953796,0.016835653005231013,16,0.07415646270846872,0.04936560428829958,16
gene_1677,0.7155044116133932,0.015617276523927555,16,0.056449976064894,0.04055269916625604,16
gene_1678,0.7200869568289614,0.012862984421752204,16,0.027321992771544536,0.0207687895677467,16
gene_1679,0.7366796469775552,0.007737834296890008,16,0.0417750367598967,0.030319176144141296,16
gene_1680,0.7382641922143868,0.008063570416950815,16,0.03068595885684855,0.020893943080226938,16
gene_1681,0.7330462048082429,0.022136613793719652,16,0.0977678937464303,0.06666677783527732,16
gene_1682,0.7395114719351711,0.012712054464136872,16,0.07041517989925426,0.06470223569645135,16
gene_1683,0.7454173938682943,0.006573969157368379,16,0.02430991328502095,0.013583156084296033,16
gene_1684,0.7481419083194417,0.005694287507311483,16,0.020075331256309347,0.012134759889971326,16
gene_1685,0.7598397611125915,0.006558529875328433,16,0.023872471672338712,0.015204091543623776,16
gene_1686,0.7315846431213333,0.012495507170968216,16,0.03680819766587862,0.03113508221666059,16
gene_1687,0.7489240444081238,0.006082110501382279,16,0.03878238754335747,0.027495418358212717,16
gene_1688,0.7496323645496931,0.007600370310443654,16,0.044282704194179706,0.030580331729131372,16
gene_1689,0.6997420071300081,0.024514536866233613,16,0.13272311283067345,0.12345609496382463,16
gene_1690,0.7411526076215157,0.008960471342881325,16,0.048056298317641584,0.04102835542978398,16
gene_1691,0.741548836672131,0.009335947539117179,16,0.05771573172616184,0.030234333304146984,16
gene_1692,0.7441481687986284,0.008192570624918159,16,0.03172406902289867,0.023683977121468608,16
gene_1693,0.7697894787604804,0.00536129583597147,16,0.022579585394665518,0.012495849069893088,16
gene_1694,0.7396615253580713,0.008990760691476096,16,0.04277750177079517,0.03665358231472712,16
gene_1695,0.7502005945781551,0.004513382945167383,16,0.038368130537254456,0.01581025387537173,16
gene_1696,0.7540627433821818,0.00686119590147483,16,0.023001951600609263,0.01956109952464209,16
gene_1697,0.7457796388200084,0.004050649890411287,16,0.021914144699251473,0.01326174487267641,16
gene_1698,0.7522488988167233,0.004428519159864615,16,0.02439784789390573,0.013579080775099159,16
gene_1699,0.7161197606798814,0.007562218553332138,16,0.06441888542471554,0.057198072523075204,16
gene_1700,0.7283216756182186,0.011062974662514437,16,0.03346165953979829,0.01924759756326777,16
gene_1701,0.7407590796520471,0.008776828007170305,16,0.04552895829709126,0.025719075930641714,16
gene_1702,0.7340500066638194,0.009588605291489898,16,0.026290370002622195,0.02036778797210666,16
gene_1703,0.7317382517134907,0.012720180936986132,16,0.05172997314707258,0.029981836988034416,16
gene_1704,0.7481406914311547,0.005889429866098491,16,0.031080177624561712,0.028948869145088832,16
gene_1705,0.7411413568792635,0.004982640313580367,16,0.02867481732026162,0.018255578796173125,16
gene_1706,0.7237272157488173,0.013549632679651832,16,0.08545071963193376,0.0534705592659944,16
gene_1707,0.7285133220507528,0.00857838019970803,16,0.04357271203273566,0.03426425493158303,16
gene_1708,0.722024983971171,0.013020002128823446,16,0.07700734943902897,0.03786769987159483,16
gene_1709,0.704016683480249,0.01021503221773684,16,0.046000426643352736,0.03342743317017791,16
gene_1710,0.752186764021036,0.0076451178015612764,16,0.05310984147465082,0.04325843084458246,16
gene_1711,0.7527689444399646,0.007489523118894479,16,0.04777776980600579,0.02124723039943808,16
gene_1712,0.7601558615394615,0.006065137736951189,16,0.018942705737964798,0.011794156528031384,16
gene_1713,0.7152871556039174,0.008005131218635,16,0.03760578514125853,0.030349471732324367,16
gene_1714,0.7504009616128063,0.009890464560439545,16,0.024935200644897744,0.018984939702449136,16
gene_1715,0.7474609518276095,0.004778156135232258,16,0.021958364046756343,0.02315768231619391,16
gene_1716,0.747286089350064,0.007196405409614817,16,0.027112743685944768,0.01737537626552042,16
gene_1717,0.7518130683932156,0.006479536740070993,16,0.032892104911400384,0.022129360703947363,16
gene_1718,0.7446385619648971,0.008325457605183741,16,0.03608084456137402,0.023321702302005975,16
gene_1719,0.7453205314880145,0.006638315654135747,16,0.05409032414643523,0.03084974264994946,16
gene_1720,0.731505413824932,0.013649276551095628,16,0.07893219923982189,0.054745723167469076,16
gene_1721,0.7552123733149516,0.005978616636809719,16,0.02559742673234438,0.0278414542351244,16
gene_1722,0.7264546927422441,0.018914477594584058,16,0.09126102914785077,0.07657564119066583,16
gene_1723,0.7195548758435034,0.010877667077581447,16,0.04559402508907477,0.02660877279894842,16
gene_1724,0.7414622095771494,0.010937853740299621,16,0.06616283466986375,0.04741108264436207,16
gene_1725,0.7328432609590062,0.010898345537435648,16,0.10264769286816455,0.0504055996128981,16
gene_1726,0.7402243190069213,0.009163030016845188,16,0.025216013671979016,0.012491654922904294,16
gene_1727,0.7254458498286233,0.0063450308445200205,16,0.04937813636191668,0.03517107413635877,16
gene_1728,0.7584281790520994,0.003175720932897893,16,0.01733227062635264,0.011305798937213084,16
gene_1729,0.7225277774986242,0.0032199726279572806,16,0.02471011862464098,0.012720871281758682,16
gene_1730,0.7329444863515926,0.01301434711244138,16,0.08083769723840187,0.07222976896946395,16
gene_1731,0.7396919132379183,0.014985549478662942,16,0.07603246792927547,0.06900187627190096,16
gene_1732,0.7478207379159383,0.007911948528595027,16,0.03889803361329,0.036988435451175944,16
gene_1733,0.7285198891835516,0.01866027312814895,16,0.09247928031233275,0.06364329601643572,16
gene_1734,0.7287221534677107,0.007500863259394169,16,0.06326679693424554,0.046720405899622924,16
gene_1735,0.7264204222129684,0.01889042643943266,16,0.07498298180247315,0.04555124151692246,16
gene_1736,0.7012832429118216,0.02037359940278884,16,0.08080096585766011,0.0409416752772069,16
gene_1737,0.7374199019726261,0.0029881592059545145,16,0.032421087530217926,0.016849357437841193,16
gene_1738,0.7433482470958578,0.004710521234776786,16,0.03332969968354442,0.024326700222991084,16
gene_1739,0.7179579522617933,0.006839259913059195,16,0.06735200808888357,0.05149363586159333,16
gene_1740,0.7431461877697625,0.006569661313179337,16,0.017099871321263067,0.012423448414122868,16
gene_1741,0.7557106154029821,0.005275897234153307,16,0.017200803125658068,0.01126128841066378,16
gene_1742,0.7224372171761784,0.012997524719110521,16,0.10703262176789409,0.05261791341196792,16
gene_1743,0.7666630721603584,0.0031975992068915106,16,0.006653078948466394,0.0036675804208059193,16
gene_1744,0.747373173606461,0.008777740250612603,16,0.05581594287320277,0.025688286034581103,16
gene_1745,0.744127767622209,0.0062802465835718425,16,0.03496096958744073,0.018333631767686456,16
gene_1746,0.6832834063792439,0.022788209289505625,16,0.04915647951013446,0.03534059674065576,16
gene_1747,0.6967536338589524,0.020611272680403095,16,0.08363016248605758,0.05192030251223173,16
gene_1748,0.7671321566296919,0.005045170271949007,16,0.024251182002044545,0.024676742805668235,16
gene_1749,0.7396098905226396,0.004810584922896822,16,0.043224594660249,0.01593367494306629,16
gene_1750,0.7581098264979231,0.003087177877982597,16,0.019210261507044638,0.011958419551635338,16
gene_1751,0.7529515525686454,0.005195959222571659,16,0.019001332287132605,0.012917445372955222,16
gene_1752,0.7083870514427176,0.012751435844491345,16,0.07622974221545016,0.058581402372323885,16
gene_1753,0.7352727396554611,0.010409192137835074,16,0.04418651532498993,0.03094826546576453,16
gene_1754,0.7374732045439549,0.00820058331991738,16,0.03820887702223316,0.030087427001060593,16
gene_1755,0.7407880671386938,0.004137258866957332,16,0.020472286391252273,0.022828890163256052,16
gene_1756,0.7370797953071219,0.007369196731018323,16,0.028487455190830163,0.016668129378823327,16
gene_1757,0.7498253528299869,0.004158786033029517,16,0.022692284250905626,0.015703195032494177,16
gene_1758,0.7238909845703243,0.016814396514786126,16,0.07724721955297414,0.04768291572373248,16
gene_1759,0.7208047758675942,0.010191603292023763,16,0.060595240733251156,0.046452892938320584,16
gene_1760,0.7304994720196585,0.003520831338152491,16,0.035128080304342876,0.02799604076983659,16
gene_1761,0.7415671004978681,0.009237466306290605,16,0.03782404679808816,0.025126528870850446,16
gene_1762,0.728638297281102,0.01066709563502607,16,0.050755203591216186,0.03912578540198449,16
gene_1763,0.7358985540021695,0.008407703917755024,16,0.060564317321197006,0.03032079291882771,16
gene_1764,0.7504735327517664,0.0060993638593967656,16,0.029561390498837194,0.01636928499043389,16
gene_1765,0.7525118176388053,0.005576012551597761,16,0.043298859088915065,0.030349988139664722,16
gene_1766,0.7259544591143486,0.005893978559372341,16,0.04611793601291491,0.029501977203616917,16
gene_1767,0.7117952963587179,0.011933466395750584,16,0.06561802265335787,0.05181649746590754,16
gene_1768,0.7216925435525676,0.01403609897620263,16,0.09659914260506096,0.05795961674290201,16
gene_1769,0.7351266912352733,0.00707466910536508,16,0.046019216716050776,0.02366737973817039,16
gene_1770,0.7488697213032844,0.0038407186903232494,16,0.024932867892503194,0.024725561860831635,16
gene_1771,0.7171587184992699,0.011673714437721076,16,0.028365945555367342,0.014066744427028773,16
gene_1772,0.7450060016619782,0.009987566843178817,16,0.03378216193110997,0.025312010304727194,16
gene_1773,0.7315142203335846,0.007396844133580532,16,0.06519344821898065,0.05087367877780866,16
gene_1774,0.7441329462423881,0.0058880069563296035,16,0.02532127318881025,0.01562236266359878,16
gene_1775,0.7193614134956383,0.011282235381020625,16,0.07072100209687984,0.05970487858715055,16
gene_1776,0.737066587262685,0.004768889123466115,16,0.02041391134544006,0.018868027322391966,16
gene_1777,0.7403937881306799,0.008214916288129781,16,0.03433042480131435,0.019337386483547294,16
gene_1778,0.7489988869371622,0.007397281391874241,16,0.04163780462293797,0.04353134971581433,16
gene_1779,0.7233891357379845,0.008722631255187031,16,0.06219948824741371,0.029849463613623877,16
gene_1780,0.7389440655631994,0.005260825455933338,16,0.032918330943082615,0.02753608695983988,16
gene_1781,0.7186554672389229,0.011371645462572823,16,0.08523579743120603,0.05068833503827286,16
gene_1782,0.7352173564671235,0.016079290639288403,16,0.0658643677979154,0.04672679905446897,16
gene_1783,0.7108857942246507,0.013971012927951833,16,0.051740653786149685,0.031342169741956645,16
gene_1784,0.7252618538302044,0.011652178899694762,16,0.03984810893157319,0.023232366194902047,16
gene_1785,0.722048396857405,0.02178744053806865,16,0.09291563958032983,0.08446018309460153,16
gene_1786,0.7439802981218548,0.009669522228052844,16,0.03718884562270454,0.025208246920112944,16
gene_1787,0.7315226841513088,0.009841206264049183,16,0.09833019394669268,0.07220750973083642,16
gene_1788,0.7412855187502784,0.010977200956165544,16,0.03069924688613894,0.01637533448186625,16
gene_1789,0.752384735476867,0.004167156910906124,16,0.0441600046797631,0.03448241811116368,16
gene_1790,0.7269843388400463,0.015599944969463842,16,0.060743852388890504,0.0487059458871818,16
gene_1791,0.742780403962869,0.013431843961774772,16,0.04108837822651267,0.01941070375434508,16
gene_1792,0.7710000372071202,0.003925283523993226,16,0.0248732763427247,0.020337275936590717,16
gene_1793,0.7295034440508705,0.011961521329017505,16,0.04947690958449232,0.03373893291696097,16
gene_1794,0.7188531389771892,0.01186909683992374,16,0.09082788067069857,0.05532551939655865,16
gene_1795,0.7349211837876232,0.005525341828990473,16,0.04103895531708715,0.030524452107959937,16
gene_1796,0.7438158657636444,0.006307800909465345,16,0.03443105809813063,0.021878542617708573,16
gene_1797,0.7465942876538031,0.005907009884880335,16,0.02346197800177701,0.01406294727363319,16
gene_1798,0.7404006273441145,0.008721429871139542,16,0.03446227446903255,0.028520040333056596,16
gene_1799,0.7363378683352789,0.007346822813120943,16,0.04946331571870273,0.045018149122065844,16
gene_1800,0.7424463590925215,0.01384106909476712,16,0.06595272783963173,0.047022674932544556,16
gene_1801,0.7066712465782625,0.015285249164419425,16,0.052677088681795256,0.022512473045211694,16
gene_1802,0.7522849681592665,0.005350625361940653,16,0.0362631330162098,0.025231251152450722,16
gene_1803,0.7473404610628286,0.004546883960405057,16,0.034724830357016796,0.03043651634106036,16
gene_1804,0.7483256900768143,0.005121071406453037,16,0.037600339489083354,0.026813628550119716,16
gene_1805,0.757956050770792,0.005240368832495962,16,0.0347063979480392,0.013411646747753884,16
gene_1806,0.7442887025471284,0.005950012088001048,16,0.009425111185886193,0.005184270256268548,16
gene_1807,0.7561028405367441,0.002716114690433434,16,0.024038094156748364,0.012845993115419658,16
gene_1808,0.7384852867989968,0.010536441723943126,16,0.052360171403744264,0.04347603535949191,16
gene_1809,0.7261721544635483,0.006768289686486913,16,0.049067562033800374,0.031617947239145336,16
gene_1810,0.7496145860763562,0.0038722396610145885,16,0.03279711638262236,0.019817193703897413,16
gene_1811,0.715776771433584,0.013713334746081905,16,0.08539942802397299,0.060632525372738964,16
gene_1812,0.7604451088457072,0.0036175857138490597,16,0.04009710320580568,0.03218485690155904,16
gene_1813,0.7325197344294042,0.008774281490482837,16,0.047046096608404746,0.03267651494184246,16
gene_1814,0.7487469092271767,0.005338968299196071,16,0.03415326967852702,0.025556778837191808,16
gene_1815,0.7345478799334998,0.007895194696982568,16,0.06722451756907943,0.0369016521065014,16
gene_1816,0.7335033187560469,0.008882088472355502,16,0.03537948590061838,0.020717788863388004,16
gene_1817,0.7532429295394585,0.006360400321621872,16,0.02154220913192453,0.009835566243358651,16
gene_1818,0.7180714283480295,0.013965317329740575,16,0.054863361579330146,0.045208884631252014,16
gene_1819,0.714451171355021,0.010346360402298192,16,0.037811569585734554,0.033380796008413344,16
gene_1820,0.7412949931743714,0.011735977955980742,16,0.05190900193201953,0.03802877361056533,16
gene_1821,0.717527585673911,0.019224885327804,16,0.10222630830811202,0.06882199003376101,16
gene_1822,0.7635828813239744,0.0050962689347800235,16,0.01845060410670312,0.00864437612632651,16
gene_1823,0.7363718183113862,0.009251097358477293,16,0.05828345549017979,0.03160589132551561,16
gene_1824,0.7425739615388864,0.008546535639977405,16,0.052130157829067963,0.025916549089602652,16
gene_1825,0.7418215083008152,0.013710462342937614,16,0.07800594015815099,0.05913418524783422,16
gene_1826,0.724982532336497,0.009047462542824873,16,0.04362309526978726,0.03029177293578642,16
gene_1827,0.7213017015025683,0.011215599319595999,16,0.050125811642619596,0.04652758327091812,16
gene_1828,0.7688074462510353,0.003562079582566512,16,0.006805808685493507,0.0035696854736382458,16
gene_1829,0.7644643791710315,0.002862460542530557,16,0.019784609103417162,0.015484789645314094,16
gene_1830,0.7288271645910949,0.007086607805935431,16,0.055861135044915244,0.03595336547712986,16
gene_1831,0.7396396304354518,0.013163965895903367,16,0.03979822952502984,0.03094655595588782,16
gene_1832,0.7468241088283188,0.0061428282418578735,16,0.021377544315173923,0.013096670964174828,16
gene_1833,0.7359389151389515,0.011493211315565808,16,0.03983070874253516,0.020425313339253993,16
gene_1834,0.7296781148435331,0.008972268807670113,16,0.08325342915950502,0.051817662869702616,16
gene_1835,0.7411991530195281,0.007958823046362973,16,0.043947613312859964,0.025992339664894372,16
gene_1836,0.7508231678011017,0.004639279838723563,16,0.02198208315906997,0.013110219365061671,16
gene_1837,0.7598376539084734,0.00392442152769091,16,0.02024531097139449,0.011932158410482455,16
gene_1838,0.7602776663603791,0.0059564426378858094,16,0.027384300496624082,0.02747840611066637,16
gene_1839,0.7506302480084757,0.00636682114475685,16,0.022467085896371974,0.00892081632552001,16
gene_1840,0.7489867514361508,0.00610431472474282,16,0.023935394428039363,0.014703514033747278,16
gene_1841,0.7439697047387792,0.008559852926429662,16,0.043912292502336234,0.025019588603971785,16
gene_1842,0.7646127233686429,0.001717879287815514,16,0.014395355763684937,0.008746022727809853,16
gene_1843,0.711233312613061,0.01743938283235534,16,0.07906261239437828,0.0636188845423194,16
gene_1844,0.759534270760746,0.003613213820245843,16,0.02287235133617318,0.00987474178809369,16
gene_1845,0.709339605782698,0.01214912534726857,16,0.08721275063521708,0.07300125762201327,16
gene_1846,0.746281599385671,0.006620093231267762,16,0.040929980189454554,0.030014753289633243,16
gene_1847,0.7557735472899016,0.0062113315317834615,16,0.0206961795329197,0.013631729356865203,16
gene_1848,0.736770543353471,0.006296238153571371,16,0.02611526811856269,0.018112426200912902,16
gene_1849,0.725653574761411,0.009831223893650631,16,0.047608545559482525,0.04360682438319783,16
gene_1850,0.7486715480797174,0.003502165293096909,16,0.017062355799917762,0.011062295665444007,16
gene_1851,0.7376462092885098,0.008881958541635709,16,0.03939183711346676,0.01947369447094989,16
gene_1852,0.714778745870484,0.018489506854579556,16,0.055503126815678296,0.0293738053386103,16
gene_1853,0.7250430763357413,0.022282955207932133,16,0.10819430941532181,0.08713819322875335,16
gene_1854,0.7272634510904447,0.006105171597473134,16,0.08150109850778826,0.027533008904804413,16
gene_1855,0.7441137291346275,0.0039605808427877745,16,0.034301132284543574,0.025173291207241086,16
gene_1856,0.7204053556274668,0.011547663687082129,16,0.04976244430797641,0.04127812547522815,16
gene_1857,0.7432492864207169,0.005949695061258632,16,0.022298492704590975,0.017132081782748398,16
gene_1858,0.7247937711247097,0.01035016727642518,16,0.05773142810984872,0.0401606731746111,16
gene_1859,0.741817647005554,0.007474844526492075,16,0.016242445450267668,0.008719517912642697,16
gene_1860,0.7384560173458045,0.009924173081116967,16,0.04777200442011109,0.0290276546049043,16
gene_1861,0.7260480486203992,0.010812064475104537,16,0.06471358330125714,0.04363813208545938,16
gene_1862,0.7451680747757315,0.00967020430710447,16,0.07770379686705374,0.07889035550875183,16
gene_1863,0.7338060336340346,0.009334566970931261,16,0.05499984879574506,0.024437847444339106,16
gene_1864,0.7444570969240144,0.005748971096514632,16,0.014880564636402284,0.015274262365520078,16
gene_1865,0.7219319432218356,0.012962169683649844,16,0.06893433867362193,0.028825904839577157,16
gene_1866,0.7114533755130626,0.018632858064149126,16,0.07384296190418768,0.07124971790359864,16
gene_1867,0.7198362208873418,0.020186213473568682,16,0.12353889030492812,0.061360725609282955,16
gene_1868,0.718377514440679,0.013878800045235725,16,0.1112793658238975,0.075346059082657,16
gene_1869,0.7553846941456112,0.0073654741327333325,16,0.03142031340396697,0.02003482878927745,16
gene_1870,0.742815934584268,0.006777042447146844,16,0.04271006724732012,0.023769593374358293,16
gene_1871,0.7247319210643228,0.009460961114332447,16,0.06519632150272872,0.04950498576099714,16
gene_1872,0.7303591593929181,0.01513387607768807,16,0.06133876288132672,0.039004402068747494,16
gene_1873,0.7540421605338675,0.005447491583555936,16,0.028060108602823656,0.022343755144135426,16
gene_1874,0.7215934485290371,0.0150532659537095,16,0.09448034316602866,0.0658413670455744,16
gene_1875,0.7461228471157652,0.0077127794020754445,16,0.04539912155215091,0.03815419720962729,16
gene_1876,0.7508334890752819,0.008352988368092359,16,0.03650207051362542,0.02352972161279781,16
gene_1877,0.6957959006145117,0.011905535893614554,16,0.05962694234705421,0.04874334659257333,16
gene_1878,0.7314601214354518,0.010162920926303994,16,0.05487168329871091,0.04027406684732586,16
gene_1879,0.7223707710776998,0.019918802439240012,16,0.15265545845254772,0.09583385497111824,16
gene_1880,0.75122419238426,0.005574592592722,16,0.01357554839826085,0.007694115372729555,16
gene_1881,0.7269407504035019,0.012318118903384016,16,0.044375889378140264,0.034412469891584994,16
gene_1882,0.7196152349806465,0.02038699598519369,16,0.15073753403093798,0.0894856543856012,16
gene_1883,0.7409690242451594,0.00677713245390994,16,0.04884546010361177,0.03915805886852653,16
gene_1884,0.7360848926466439,0.008304460164381636,16,0.05048992989749477,0.03345073949471889,16
gene_1885,0.7444368088962958,0.005885153185873241,16,0.025250001935883906,0.016998493716202864,16
gene_1886,0.7134629037312592,0.012772087561824042,16,0.08002893710288589,0.05344505454021693,16
gene_1887,0.7684551872568227,0.004992484303602778,16,0.021815775671908438,0.011887860157288667,16
gene_1888,0.7445207997674074,0.008386484729126507,16,0.02566536072337602,0.014191375763624454,16
gene_1889,0.7109632126103949,0.009570762683304798,16,0.07079150560515099,0.044463505132215905,16
gene_1890,0.7588129222941231,0.004352593867644367,16,0.026369654970869287,0.01767133496380974,16
gene_1891,0.7397258888027322,0.008854944702035456,16,0.0302379677362742,0.023622273364662376,16
gene_1892,0.724457814275736,0.011828085346765804,16,0.04135435553891829,0.02750756526628818,16
gene_1893,0.7373284573006835,0.006014021542530216,16,0.018596938651457933,0.012773704805117046,16
gene_1894,0.7529822468825328,0.005364525348068683,16,0.03803469391885307,0.01787702632485915,16
gene_1895,0.7509338389499668,0.005698924514061538,16,0.04822087722594918,0.04466487168912728,16
gene_1896,0.7456450119080482,0.010011366098460777,16,0.02324978140767258,0.01282496851222009,16
gene_1897,0.7456531352947751,0.007554046339828084,16,0.04158463199496841,0.02892752310332104,16
gene_1898,0.7546647241564511,0.007994976355473067,16,0.035898630736341634,0.026137047190588153,16
gene_1899,0.7387760906203974,0.010555648616384352,16,0.06514184656591035,0.0413253713123634,16
gene_1900,0.7338205192392113,0.007807932591199811,16,0.022866523364206155,0.013036683374070851,16
gene_1901,0.7390572894719244,0.006579418899691313,16,0.03747649666864841,0.02968241561063529,16
gene_1902,0.7593347097447827,0.0029333792609613283,16,0.035337946679503206,0.01902586752117533,16
gene_1903,0.747740293576733,0.0058034382672960145,16,0.02778140463379299,0.0126665927948954,16
gene_1904,0.7221485773649842,0.007213083669246448,16,0.1126573966729375,0.07012881453059744,16
gene_1905,0.7188801671923136,0.018193589442075008,16,0.09980544419698163,0.07113299670646776,16
gene_1906,0.7192614962085588,0.008449755075940334,16,0.05951281091974196,0.044005783052652105,16
gene_1907,0.7390079267628404,0.007329449319515572,16,0.05510246744556603,0.03888056825270384,16
gene_1908,0.7661638440745563,0.005740367966519694,16,0.024489873231292304,0.010351259448377847,16
gene_1909,0.7161307972306168,0.021305091315293765,16,0.1419817935816986,0.08435264815661533,16
gene_1910,0.7153790047013151,0.016615419630684265,16,0.10261950350102422,0.07025564960458408,16
gene_1911,0.7146534228482668,0.017809784993482528,16,0.10533392134644654,0.06536455225457817,16
gene_1912,0.7451258823561735,0.009904812297742135,16,0.07849657232540261,0.04217874832498754,16
gene_1913,0.7307554216957927,0.016216653497422472,16,0.08288734857800187,0.0456728272532875,16
gene_1914,0.7495770281691673,0.005600934061058039,16,0.03150073117866235,0.016296573548908035,16
gene_1915,0.7110000497574407,0.01722891980503096,16,0.09865917628051611,0.0708491892084328,16
gene_1916,0.7496104082804796,0.004355082744324731,16,0.02364130824283121,0.014268188675363494,16
gene_1917,0.7247094559699581,0.011542791983137705,16,0.05425213498828466,0.03669058291723499,16
gene_1918,0.7580164274958011,0.007739752308637458,16,0.058031924919284085,0.04049857588513994,16
gene_1919,0.7384852071859622,0.006661111940203131,16,0.015033067460129518,0.012295249366347941,16
gene_1920,0.7219558800915513,0.006980257177508933,16,0.05308978138620034,0.028320686094703375,16
gene_1921,0.7188604424632752,0.014322841479378824,16,0.0981821599341367,0.0688016137633943,16
gene_1922,0.7609189550891301,0.004311692483320913,16,0.03584640862637607,0.021996470534235563,16
gene_1923,0.7329352262996858,0.006638714232779464,16,0.03446069064940005,0.021082499623603916,16
gene_1924,0.7129476522679138,0.005232625216815457,16,0.056270581037548804,0.04150336500882531,16
gene_1925,0.7278810355273044,0.019448151161943997,16,0.11714684515693952,0.11744721380192742,16
gene_1926,0.7402789404754431,0.005399555886784217,16,0.03656458170270742,0.025036268071549794,16
gene_1927,0.7425226146654673,0.00651644179952319,16,0.027818237378185076,0.02316323733828824,16
gene_1928,0.7261738046335884,0.014468504370315455,16,0.07770002347004734,0.0347100400545799,16
gene_1929,0.7455344397832612,0.011445879025182654,16,0.06278082683616686,0.05750351587996377,16
gene_1930,0.7329097506986135,0.009309514710077594,16,0.05543329249807153,0.04693261274485418,16
gene_1931,0.7571304766218413,0.005153678678492166,16,0.027314833881177517,0.02507752042920375,16
gene_1932,0.7195544004947989,0.012260515081820439,16,0.03908236717502447,0.024544471515670706,16
gene_1933,0.7239024930991712,0.005475822106506877,16,0.03953480343436876,0.023958646740975188,16
gene_1934,0.7057825282757131,0.009299654072966334,16,0.08830335840996212,0.07128730484811456,16
gene_1935,0.7330687322885152,0.011041501386900316,16,0.061817945340686464,0.03965403134747844,16
gene_1936,0.7465833488915469,0.004453846057400555,16,0.028129080706931042,0.01901389839286117,16
gene_1937,0.7347685534050238,0.008131528348251765,16,0.03212767283385414,0.01735069619643129,16
gene_1938,0.7402080444681408,0.006609272300169387,16,0.03249781042433551,0.029895095905717643,16
gene_1939,0.754463252174669,0.0052607864017556235,16,0.021159565990316508,0.011491188584623975,16
gene_1940,0.7587586278036007,0.007717149587818622,16,0.041044107534866266,0.028366797433036602,16
gene_1941,0.7418676119629226,0.006897673983360742,16,0.039959465486330115,0.029250682124691993,16
gene_1942,0.7645420088975179,0.005321424112417073,16,0.015419827826441981,0.012243366171472462,16
gene_1943,0.713123769188635,0.01300233629521221,16,0.09201276634221059,0.06029688537464506,16
gene_1944,0.76037763366631,0.006052412318241302,16,0.03955598610285215,0.03243287740423702,16
gene_1945,0.7541932893127693,0.007076798511489032,16,0.048282895922038584,0.03204995390835507,16
gene_1946,0.7124505514682223,0.011735220269371826,16,0.0972316798455882,0.057235896324672034,16
gene_1947,0.7582038769558479,0.0052719138529161245,16,0.017719292536718535,0.01028536905474744,16
gene_1948,0.7578920800302914,0.005481163647013936,16,0.024052889762400907,0.019669926876950267,16
gene_1949,0.7354907028102058,0.007135420760754671,16,0.037416605314329526,0.02928486964845032,16
gene_1950,0.7349830492722956,0.014258966173790204,16,0.0856548833234008,0.05149313466649987,16
gene_1951,0.7253473185731736,0.009128479835271392,16,0.042204335643065395,0.03188457013835722,16
gene_1952,0.7632114101627635,0.004387311821766382,16,0.02682476157775012,0.014869135350401748,16
gene_1953,0.7412361142872267,0.0034734040410688356,16,0.016353875282301124,0.01480508858279158,16
gene_1954,0.7274598586374261,0.014854546044636348,16,0.06771738520051901,0.06830076226972046,16
gene_1955,0.7640407553700199,0.005797348916711685,16,0.02590998551259016,0.012456570639404151,16
gene_1956,0.7529173921605459,0.006152305203951908,16,0.035957451570679325,0.023888230282779938,16
gene_1957,0.7056727221320598,0.008719841785080458,16,0.05816324719314142,0.0336815810295408,16
gene_1958,0.7453121989989279,0.009450068140486965,16,0.05723831690054721,0.03582473329110777,16
gene_1959,0.7371004428866866,0.007836605636476814,16,0.025919254154833805,0.01865296326172287,16
gene_1960,0.7371591121529583,0.00963680033296708,16,0.03944657609702098,0.02673326977728319,16
gene_1961,0.7484059543986006,0.006139398724287763,16,0.04414650605550923,0.044479560555038114,16
gene_1962,0.7455450209369012,0.004732830481135379,16,0.02437569509067356,0.021384440294552515,16
gene_1963,0.7568185586690985,0.0035217899929670944,16,0.03358466738234307,0.02112030154832964,16
gene_1964,0.7402435966624318,0.010837537079980307,16,0.08865454295131732,0.06795668992852995,16
gene_1965,0.742511405044229,0.009488509793910072,16,0.08156417273552724,0.05331066736474859,16
gene_1966,0.7461998936384172,0.005501144944297662,16,0.040447212646099795,0.026684192091763575,16
gene_1967,0.7093708578554749,0.015685322320495715,16,0.10271771738409943,0.06635860982692508,16
gene_1968,0.7308990439717485,0.004881724887332024,16,0.05185147737712403,0.046218886862417694,16
gene_1969,0.7559735322700948,0.00337861991286987,16,0.02005266146159197,0.010401189303318504,16
gene_1970,0.7218663073775796,0.014002474901355167,16,0.057168417722102946,0.06455039514851418,16
gene_1971,0.7250390944074787,0.007894610069061538,16,0.03848226535411085,0.02755981362293946,16
gene_1972,0.7532831254135598,0.006638905833007546,16,0.028915280257853886,0.021732049228477428,16
gene_1973,0.7740819650933073,0.002632848653867643,16,0.011104487765211564,0.009457296237846583,16
gene_1974,0.7308470088527217,0.01192506279549989,16,0.0681449835427628,0.043827402805446565,16
gene_1975,0.7476123341428086,0.004414608192646888,16,0.0180138221323933,0.01216710273527779,16
gene_1976,0.7318165724036414,0.006127796127203676,16,0.03763703803898813,0.029157924907702082,16
gene_1977,0.7133932503301067,0.017413692672517012,16,0.05081478453998213,0.04583592216962571,16
gene_1978,0.7340300288158577,0.005713190260398819,16,0.06562354657900063,0.028070474685700654,16
gene_1979,0.7292566772852089,0.012932643853302037,16,0.04607007530806154,0.02835809280211465,16
gene_1980,0.7343782333472166,0.013421265884885012,16,0.06585020173798302,0.05624779770497872,16
gene_1981,0.7213606977607999,0.016241964020730394,16,0.09269054994176446,0.06949384619162895,16
gene_1982,0.7209071299172735,0.012187957164909521,16,0.10889431120161727,0.0761662902110675,16
gene_1983,0.7209998640080596,0.01992564671247888,16,0.11741341619703785,0.07970369659373279,16
gene_1984,0.7309662175722174,0.013347432592205027,16,0.020876056312071057,0.014755750968437599,16
gene_1985,0.742393923288693,0.008659669254862829,16,0.02415038734598097,0.01790335079100149,16
gene_1986,0.7546173899745071,0.00921991975274736,16,0.03324939135501877,0.021012131281969167,16
gene_1987,0.7538609193903858,0.006170762026241794,16,0.03005907805688993,0.0149903938920837,16
gene_1988,0.724959528709255,0.009003431959593975,16,0.06897340756033268,0.05306006588089934,16
gene_1989,0.7310917129995594,0.011255125561684657,16,0.04259898029704591,0.017752860075643574,16
gene_1990,0.731362990167007,0.008278871560745072,16,0.08947950405120872,0.05602049001593476,16
gene_1991,0.7193182217310775,0.014689989849489096,16,0.07106435873883632,0.04093252279506123,16
gene_1992,0.7287790470352092,0.012029899777559803,16,0.08517870400862078,0.05952340512524032,16
gene_1993,0.7188997538079205,0.01597289130872992,16,0.07181248096726646,0.053816384531632025,16
gene_1994,0.6971624670135042,0.02102773642678438,16,0.10023066773762121,0.07355211417496818,16
gene_1995,0.7442402818783547,0.009591659026463112,16,0.03214737407855238,0.023897229587909123,16
gene_1996,0.7384015423229251,0.00829213919113498,16,0.01864911461195673,0.013877838107632873,16
gene_1997,0.7295117980880343,0.00855375456402819,16,0.06481740541971326,0.040201139044553164,16
gene_1998,0.7435264797080537,0.01072549873571383,16,0.037787205222001574,0.028813189022676742,16
gene_1999,0.7520603888076967,0.007618858817596977,16,0.03992176051946857,0.029529095264544298,16
gene_2000,0.7580833020636533,0.00753724732931695,16,0.019604180637117278,0.009146966099852445,16
gene_2001,0.7358473658491291,0.010769647260178015,16,0.044281331364324265,0.03232241187907622,16
gene_2002,0.7447519634894104,0.0064939107173046145,16,0.03903951413021474,0.02761867854540316,16
gene_2003,0.7322652612515959,0.005941489866262089,16,0.0455952805889255,0.02581632076368782,16
gene_2004,0.7219329349821598,0.011856443952944511,16,0.0468878380558147,0.03675226914395559,16
gene_2005,0.7583565108275437,0.006662045598975445,16,0.02442762594554787,0.012273574757016419,16
gene_2006,0.7475191176436861,0.00494506918597329,16,0.03313714355189185,0.031249161762610656,16
gene_2007,0.7129662841045136,0.009077218974206215,16,0.04225139052865908,0.03292744120285971,16
gene_2008,0.7382296690892144,0.009266068807949857,16,0.04543766585421586,0.033672423891997705,16
gene_2009,0.7474961380136605,0.007305670021482807,16,0.036319811475769015,0.02746942305558259,16
gene_2010,0.7418801544020545,0.01165122681797391,16,0.06240144039751796,0.03679993538212524,16
gene_2011,0.7345066450830618,0.007376008312657334,16,0.04329491637907188,0.03327059236156391,16
gene_2012,0.7724617681418746,0.004315551660363554,16,0.014578422156807581,0.011976412550718048,16
gene_2013,0.7285366463875663,0.016117450503733324,16,0.06773390194365225,0.04076640365013847,16
gene_2014,0.7292983797320166,0.0067698213431887245,16,0.07252900613442029,0.04234501559290193,16
gene_2015,0.7620651253150842,0.0045051476311855805,16,0.0307286004482002,0.022397292642276367,16
gene_2016,0.7379442843535896,0.01273432870409629,16,0.03416659841607689,0.03318623580605685,16
gene_2017,0.7352464701058856,0.005412527930611811,16,0.024470738335395436,0.01783619836751353,16
gene_2018,0.7164206623071459,0.010895143765108257,16,0.060801588960416875,0.06266443768064188,16
gene_2019,0.7393220160869901,0.007681656206169112,16,0.03582742301678141,0.03265517183287277,16
gene_2020,0.7446314999258923,0.00661471444315043,16,0.024497132189808254,0.012810428860062744,16
gene_2021,0.758736793641886,0.007395731434849515,16,0.035826852642357625,0.023938953163244948,16
gene_2022,0.7630662559058435,0.006481589813503704,16,0.03905625810565727,0.01807929439828104,16
gene_2023,0.7451575208837812,0.006069097627074894,16,0.021103404447239495,0.015809332468864446,16
gene_2024,0.7326667971509069,0.008017622304971859,16,0.03602187222130777,0.01992188902233173,16
gene_2025,0.7268208704692927,0.01703272806317678,16,0.09518780545884316,0.06714685904743196,16
gene_2026,0.7616501600421952,0.003850755893516806,16,0.010346345633098133,0.006584275134971597,16
gene_2027,0.7292219720061166,0.012311944870524696,16,0.08116647671286288,0.06093487659687883,16
gene_2028,0.7571449159905353,0.0042701678026769935,16,0.01791117588401822,0.012099982781517443,16
gene_2029,0.7524089607585113,0.004712822425448324,16,0.04230338131285799,0.03556604086387687,16
gene_2030,0.7366566824600803,0.011490874904629788,16,0.05009074636051206,0.05133714375157082,16
gene_2031,0.7606060360436885,0.00589999474751197,16,0.02241763168434759,0.014134304698571187,16
gene_2032,0.7380632127897758,0.007590347019636006,16,0.03898307600359216,0.0254614440636662,16
gene_2033,0.7602846686918815,0.0080329754005231,16,0.008634490658335301,0.006133321548367498,16
gene_2034,0.7382241826497791,0.005861864745851198,16,0.03559788784540431,0.02238710231416879,16
gene_2035,0.7427763950579889,0.006693834984110904,16,0.04837509997958408,0.03329465289551167,16
gene_2036,0.7493713829739568,0.014882396059010407,16,0.08730131020658459,0.07338807504877837,16
gene_2037,0.7716269252036607,0.0043729969616550565,16,0.01824827698921284,0.012162293650041848,16
gene_2038,0.7492552659534046,0.008269708550695897,16,0.05107375733064632,0.022020033723542356,16
gene_2039,0.735955182593822,0.006015730528256632,16,0.026519682870861278,0.02157439036277701,16
gene_2040,0.7005211315683816,0.01405087390426259,16,0.09658350699589177,0.06446510337196981,16
gene_2041,0.7222256715693663,0.015500472483630156,16,0.06903660722350778,0.044049302330218934,16
gene_2042,0.7197093225311556,0.012197070589413394,16,0.09103158456802472,0.04491889659023149,16
gene_2043,0.7139350218202526,0.018763191031418366,16,0.08818228031268718,0.04864943292336878,16
gene_2044,0.729266712797415,0.010554271140807432,16,0.04502308199953168,0.03050164446722026,16
gene_2045,0.7704997041638928,0.0027165554404918286,16,0.0259349817399948,0.015560656008256589,16
gene_2046,0.7608780406183294,0.006059932115477702,16,0.027167897093114346,0.02308875085085835,16
gene_2047,0.7548829783649423,0.005170611550532377,16,0.017904315981465482,0.015470044976860138,16
gene_2048,0.7454869635328958,0.012162515086363799,16,0.08967559377946412,0.05161872825765052,16
gene_2049,0.7157856055290099,0.015858829185683102,16,0.04560472500324259,0.03605639669039776,16
gene_2050,0.7175531933987372,0.014070378169674266,16,0.10082064141314745,0.048848182491394075,16
gene_2051,0.74979419148071,0.009174316050262176,16,0.021630530830368186,0.012675066666817263,16
gene_2052,0.7269621857288926,0.00809829851871956,16,0.058261510993504496,0.05118302636245131,16
gene_2053,0.7332985180774416,0.009028854518361043,16,0.0550827430369269,0.03215332332532813,16
gene_2054,0.7543353252154517,0.007347345021304267,16,0.049745803919518314,0.027751463203704932,16
gene_2055,0.7236574105494461,0.011263794933411266,16,0.06714096966566617,0.04867123062017133,16
gene_2056,0.7504187429240086,0.003666331489408682,16,0.018930744974777442,0.010012088930024284,16
gene_2057,0.7194599142302843,0.014966553592884737,16,0.10434577974000178,0.08390167210160902,16
gene_2058,0.7089045551884048,0.014349910768762963,16,0.1043843974034425,0.05553920173418991,16
gene_2059,0.7520308873944265,0.008091286810470428,16,0.027746105489271575,0.019614156956193996,16
gene_2060,0.7475659260019939,0.007117927966185717,16,0.03349237974393492,0.0274901250535542,16
gene_2061,0.7521258028781868,0.007716111731952321,16,0.0684244438223879,0.03706181636646232,16
gene_2062,0.7250704633675238,0.011671366601208743,16,0.09972791797415789,0.05911766015335709,16
gene_2063,0.7542390509087716,0.005033200099334099,16,0.03384395945378415,0.026354189829321237,16
gene_2064,0.7593556656656777,0.003395021137374312,16,0.014278545128960735,0.009055173230649097,16
gene_2065,0.7254516210464669,0.013221587943552047,16,0.04891276189952104,0.029851118280402333,16
gene_2066,0.7375907581445972,0.006470026985222376,16,0.049637216232838635,0.047063073489938614,16
gene_2067,0.7647519493799876,0.0029806732046372933,16,0.01635166589933553,0.012326964917957232,16
gene_2068,0.728686874927594,0.010170822766317996,16,0.07936016419010851,0.047837978083353376,16
gene_2069,0.7032216725451413,0.011754043315830714,16,0.09146549255433675,0.047431988523799457,16
gene_2070,0.7488489740442466,0.006732655662261692,16,0.02269840838134496,0.01895174922842058,16
gene_2071,0.7267235873282601,0.006958784260746903,16,0.07452122846212525,0.0503014472758546,16
gene_2072,0.7524445406244261,0.007523127596804974,16,0.04158345456309003,0.021880041487996656,16
gene_2073,0.727503017278748,0.01092425648886136,16,0.06512208037862842,0.06106393063584626,16
gene_2074,0.7421852173384316,0.008509899025467773,16,0.050202093671823676,0.04373019464142644,16
gene_2075,0.7292506261999475,0.008611206760213527,16,0.06496128425082938,0.03530406575600037,16
gene_2076,0.720765625431551,0.013587708358626537,16,0.07216257810851327,0.05162345899272527,16
gene_2077,0.7438878090643585,0.00797712449274365,16,0.03542688422849552,0.0223763724154979,16
gene_2078,0.7633484560027493,0.0035675850376999502,16,0.02640462829098052,0.01918725296840977,16
gene_2079,0.7137143357503137,0.009212233725301219,16,0.05750188350189977,0.040450238285461675,16
gene_2080,0.7489262516312927,0.00816022179626,16,0.042718902157778633,0.022653702766458984,16
gene_2081,0.7234399578678009,0.0072833198654396,16,0.04752941709469105,0.03001075301166668,16
gene_2082,0.7329902927179242,0.006901838315521123,16,0.037937412065970705,0.029929622528559022,16
gene_2083,0.7539337391675957,0.006716420723336043,16,0.029677473040830966,0.025432943234416028,16
gene_2084,0.7403970549637601,0.006692927993634928,16,0.05665263596916478,0.03188450033085818,16
gene_2085,0.762536632018084,0.004982673432812369,16,0.01717465856376785,0.008068684024552727,16
gene_2086,0.7012368049974589,0.022783705089033688,16,0.11546508823422079,0.07686933418542205,16
gene_2087,0.7101540007866178,0.008943479866662019,16,0.07421428338582563,0.043501438798108055,16
gene_2088,0.7332890323826118,0.011097774498285572,16,0.05350558908424498,0.03451453897838408,16
gene_2089,0.7438111460110033,0.009147633166009249,16,0.01599840319860725,0.01082492547022831,16
gene_2090,0.7565353219466189,0.005133722093331141,16,0.017169336442747575,0.008695347799695583,16
gene_2091,0.7296878694260155,0.012346677665161312,16,0.06429818814068143,0.05143184340477962,16
gene_2092,0.736744851134086,0.008012358399159694,16,0.03916247693375057,0.027745031329667547,16
gene_2093,0.7141880846798763,0.010047129899243334,16,0.0611548421711156,0.04350611189298526,16
gene_2094,0.7527515662270753,0.005781800647318496,16,0.016182660544879282,0.008235667665911729,16
gene_2095,0.7543043712035877,0.006634492042473609,16,0.021165421187450007,0.023908008703674665,16
gene_2096,0.7428912044669201,0.008501132569640399,16,0.015304177485525467,0.014102049878956023,16
gene_2097,0.7393485714790079,0.009297719542129712,16,0.04303151804170515,0.03322299695683076,16
gene_2098,0.7324573648356706,0.010052958157268277,16,0.027932945930365986,0.024565514090014732,16
gene_2099,0.7187810530361,0.007226795079860977,16,0.04592505498864815,0.02768464896841833,16
gene_2100,0.7151557068308901,0.016986279904484373,16,0.11668644593583472,0.06844669678397837,16
gene_2101,0.7553608642416597,0.003743029665906243,16,0.01649240425925547,0.012259416840336827,16
gene_2102,0.7534723642765493,0.00539386736041131,16,0.04230958896193603,0.029339146042397443,16
gene_2103,0.7488714671989245,0.004798028704026684,16,0.04159555406833257,0.022296685229889573,16
gene_2104,0.7326354302404888,0.011030702018767402,16,0.05664260259387351,0.047351782109858666,16
gene_2105,0.7265977179378966,0.020082051877473986,16,0.14272956106300438,0.10098781917751662,16
gene_2106,0.7544878522733934,0.0021645745262718367,16,0.018044046825909606,0.01712483946018922,16
gene_2107,0.7433348826761679,0.012203092448862102,16,0.04000822978898848,0.023779717895845917,16
gene_2108,0.7335782370397607,0.012032487935931995,16,0.05035790989709621,0.041699835320926526,16
gene_2109,0.7585058225635801,0.00401300832572516,16,0.024962220682499373,0.026406740007148665,16
gene_2110,0.7633057148932428,0.004629215138340388,16,0.026429326291940215,0.020955824288740203,16
gene_2111,0.7611110488266071,0.004242250168510915,16,0.012964194654403518,0.010905128888572244,16
gene_2112,0.7332702326115602,0.009404781845145,16,0.03654508765180269,0.01938070416190622,16
gene_2113,0.7509246258051695,0.004883487693196137,16,0.03887013042284618,0.03127000094290841,16
gene_2114,0.7515024302855049,0.005973559490478011,16,0.01771451887557374,0.014249017242691335,16
gene_2115,0.7148553248445139,0.010629242317784542,16,0.06646393080524675,0.03829747273075404,16
gene_2116,0.7747647191469148,0.001979560278671228,16,0.013164680360716876,0.009207240608603737,16
gene_2117,0.7281877695204532,0.009522504892954217,16,0.03494573120654694,0.018598644649264463,16
gene_2118,0.7563386117387851,0.005134667573213368,16,0.024793044742928573,0.023019240894101952,16
gene_2119,0.751975504933071,0.0048710424565768795,16,0.019566069160497794,0.01953486751145329,16
gene_2120,0.7580414640816339,0.004682535881233603,16,0.02962139602156223,0.01548363002427899,16
gene_2121,0.743511760459739,0.010289634578323732,16,0.04258383799137873,0.024823866988492604,16
gene_2122,0.7132789434447672,0.014692650643220034,16,0.03557001562102762,0.022370352653954633,16
gene_2123,0.739555800347363,0.006800113685444505,16,0.017797758051518193,0.014367416858448613,16
gene_2124,0.7461879563416247,0.0065563437015788185,16,0.022847749238160915,0.018590739585691792,16
gene_2125,0.7101548606550525,0.006553147874450267,16,0.033633629631607175,0.02258878856765381,16
gene_2126,0.7587940865303725,0.004962838498288776,16,0.016742988082538157,0.009537710426086483,16
gene_2127,0.7213353177856218,0.018936062932604154,16,0.1384910551321441,0.05955226935397848,16
gene_2128,0.754047085795684,0.004366910127163144,16,0.029178502678170962,0.01908428126065853,16
gene_2129,0.7553855112095107,0.0060298183277041045,16,0.021444792082195907,0.008329266451174306,16
gene_2130,0.7317835099482506,0.01320310355745302,16,0.052908350093355525,0.02924254754906447,16
gene_2131,0.6973163899064673,0.02002032396103053,16,0.09920636476640152,0.06279016315090984,16
gene_2132,0.7397125415133169,0.008206743604032158,16,0.045979350642886295,0.02997655336935937,16
gene_2133,0.7388216430341957,0.010548032332873346,16,0.042393903740057734,0.029055381887877627,16
gene_2134,0.7408739984747719,0.011323649744575965,16,0.0715050152395298,0.037169642525496004,16
gene_2135,0.725314998466574,0.018165408424534145,16,0.1163291914179688,0.0906767687778556,16
gene_2136,0.7775231787602797,0.0019802674881374605,16,0.013095319497447657,0.007562838721092673,16
gene_2137,0.7372544808457637,0.0072103754854599645,16,0.05380138756795289,0.03769848429093656,16
gene_2138,0.7254232958354975,0.008508570410462126,16,0.059463589662428484,0.04440478587410703,16
gene_2139,0.7297406661562685,0.010065377863117562,16,0.05046916282372864,0.023429092504542313,16
gene_2140,0.7453001500453426,0.0035147849973339667,16,0.015557777827122806,0.014894501781488895,16
gene_2141,0.7423837446664614,0.009877232934843607,16,0.057494553232438884,0.047734962266615784,16
gene_2142,0.7195227594798982,0.013071744932664886,16,0.0783170895515148,0.07225760411404374,16
gene_2143,0.7319825580305459,0.004241375161478511,16,0.045285944116269974,0.030168012476519086,16
gene_2144,0.7476999310452769,0.008231535140864724,16,0.03179754285273933,0.017199186286781756,16
gene_2145,0.734056104141377,0.005586157203429863,16,0.03311960147823474,0.021007903404722205,16
gene_2146,0.7469723401703894,0.00643250913199529,16,0.024024670718205347,0.017939900436317623,16
gene_2147,0.7504351732231542,0.006461644976785025,16,0.03898096807529714,0.036396352210729434,16
gene_2148,0.7599075042457,0.003722754672353117,16,0.026163071979227494,0.013701653669171879,16
gene_2149,0.7545682573674602,0.004538389209953384,16,0.043091187495194264,0.02418415875577804,16
gene_2150,0.7533726544151331,0.009066401384199634,16,0.04986860043172646,0.028302472363896058,16
gene_2151,0.7597710512170405,0.003769411923717122,16,0.019996403796986237,0.013885879403489919,16
gene_2152,0.7092052317298174,0.015941834377281625,16,0.0813976964196643,0.04681765834008364,16
gene_2153,0.7152680824707097,0.019533933393107633,16,0.15940832832577712,0.09410871855003088,16
gene_2154,0.7285083610524691,0.01654827907511548,16,0.08234978091061461,0.06007778713270269,16
gene_2155,0.7317415007918476,0.005862477288907849,16,0.048134474315240594,0.03248564502885709,16
gene_2156,0.7289240062977793,0.009289057930041228,16,0.046487703913422426,0.03722472517369835,16
gene_2157,0.7064693965775106,0.01536756865324985,16,0.08600263952826474,0.05522347885246625,16
gene_2158,0.7607179555789274,0.006322250456267409,16,0.018013564807756795,0.015019729212299111,16
gene_2159,0.7435365132479543,0.00550839119796916,16,0.032730368888132785,0.026525373776897385,16
gene_2160,0.7461617251813348,0.011446114784966514,16,0.04535251052974386,0.04841611127531309,16
gene_2161,0.7277288844163348,0.011582566910519725,16,0.1375529536059537,0.08606916017843476,16
gene_2162,0.7266961540360515,0.015107796360308009,16,0.05654034135092985,0.029625884113240793,16
gene_2163,0.739953183335214,0.018295919371617727,16,0.12215248979617789,0.10611476073245465,16
gene_2164,0.7480922600616539,0.007098608157519834,16,0.05979138517711937,0.03599885381463471,16
gene_2165,0.7571598610034319,0.0074553368802052706,16,0.02841107889602509,0.0268889510049869,16
gene_2166,0.7346570173786543,0.006276189255528107,16,0.01632980200608494,0.011902958743411199,16
gene_2167,0.7281595856900256,0.008601253754244984,16,0.054556594552477744,0.03395447472909432,16
gene_2168,0.7435140160781115,0.008094808768710991,16,0.018158146890421206,0.016519487758489285,16
gene_2169,0.7451779866558912,0.0072761540720620915,16,0.05683028342601885,0.03765032024569373,16
gene_2170,0.721105906333427,0.009758031471023002,16,0.056985758580501464,0.04834429460190903,16
gene_2171,0.7369262454653944,0.008556217225804772,16,0.03671599832643707,0.023546322977541844,16
gene_2172,0.7275074774592627,0.017647129594330326,16,0.12681964194474338,0.09518400800663877,16
gene_2173,0.7382371063400675,0.01003852495184925,16,0.04173367619006025,0.02867395628909033,16
gene_2174,0.7318463699163494,0.021991720832254404,16,0.17490146241990218,0.09641338854190021,16
gene_2175,0.728735760978292,0.009560611744894539,16,0.04009938046955286,0.0175383921706526,16
gene_2176,0.7463396560575033,0.00501429771938835,16,0.039310543462186584,0.02743982532098661,16
gene_2177,0.7250992521069154,0.009067104107351258,16,0.08202874622347808,0.06315783032004922,16
gene_2178,0.7372220966811946,0.008705728436364196,16,0.050666771298051756,0.025834228859301773,16
gene_2179,0.7470956283489172,0.009946267186686477,16,0.05665155682822956,0.05308830594511547,16
gene_2180,0.7252316809509962,0.004903893079552741,16,0.015668929221522285,0.008247548692509044,16
gene_2181,0.7033085710551201,0.017938803999840398,16,0.0638158222861142,0.043765412244252795,16
gene_2182,0.7179041507663182,0.013195112142073782,16,0.06611101609999111,0.07758514230108177,16
gene_2183,0.7188682253129399,0.006346057682553955,16,0.0742338230469659,0.05344761467894883,16
gene_2184,0.7410583829531427,0.0064272257756273505,16,0.02435091843270763,0.01916488245874507,16
gene_2185,0.7529362690723104,0.007037108924423613,16,0.03769846189744156,0.026510033247145376,16
gene_2186,0.7343061011707379,0.01433130665664412,16,0.1193320055588048,0.07118573645723264,16
gene_2187,0.7323352718748767,0.011712362813733133,16,0.06236300441113095,0.039306132689292776,16
gene_2188,0.7335927575396074,0.009560291510199536,16,0.07203918695791223,0.06407870428138784,16
gene_2189,0.7602126798945329,0.005290303228904671,16,0.019257679585155996,0.008153071184251341,16
gene_2190,0.7340961621602524,0.0064415066034742095,16,0.031427604711744814,0.017972931878303545,16
gene_2191,0.7547537022288993,0.003865718796723504,16,0.021147486986098522,0.019104303404991977,16
gene_2192,0.7309957969562445,0.010445765809336486,16,0.03689880181800529,0.04159529732137552,16
gene_2193,0.7300329093507015,0.010043862309338647,16,0.037924243459839864,0.03705017918132347,16
gene_2194,0.7447156375757731,0.009756383573023211,16,0.09556013379607123,0.05786771338466773,16
gene_2195,0.744546956477296,0.0053827162192624685,16,0.05945214984684315,0.03248970605442228,16
gene_2196,0.7188939976037659,0.014492260398742487,16,0.07436477689760924,0.07209236894054459,16
gene_2197,0.7346663113788151,0.005837691348493738,16,0.04280490675071001,0.031689584627954064,16
gene_2198,0.7212328180126886,0.0067682566918174395,16,0.05643210857713251,0.0446497979653898,16
gene_2199,0.7334864505947123,0.007353034212798431,16,0.05379746764502079,0.03550384438306387,16
gene_2200,0.7159440895866096,0.022195237558870075,16,0.13761173271299984,0.10733880477572,16
gene_2201,0.7251397304617302,0.013607358192560934,16,0.06706383901192582,0.055023357599764317,16
gene_2202,0.7393077719473826,0.0074974014659972355,16,0.05216306546300216,0.03551427888218471,16
gene_2203,0.7368494398418054,0.0118179116326246,16,0.061821518827168784,0.05168610473496984,16
gene_2204,0.714968899187141,0.026837563357326035,16,0.12389074602551753,0.14023431674646797,16
gene_2205,0.7401462713259481,0.010101815348857528,16,0.020072438891523096,0.019708481367471723,16
gene_2206,0.7055312583280577,0.014418506689702766,16,0.11137047661831397,0.07021853695751995,16
gene_2207,0.768246829788647,0.005525988547037757,16,0.02111377006436458,0.014054776011347442,16
gene_2208,0.7621731605481519,0.007343551072996786,16,0.03593092102583495,0.03249419244698224,16
gene_2209,0.7650573428979346,0.005001679218921435,16,0.0179984916745972,0.016284132211053792,16
gene_2210,0.7434276734987697,0.007789915587140639,16,0.054996255573407114,0.0450913006600438,16
gene_2211,0.703846517283575,0.016450668933911033,16,0.09491198837678967,0.05158533952231986,16
gene_2212,0.7657396119124282,0.006392088288572489,16,0.019923784404490077,0.014878746937684772,16
gene_2213,0.7377624851326574,0.007964589006872054,16,0.03325127919943945,0.024611422625026913,16
gene_2214,0.7679583733556307,0.0036759446469182737,16,0.017112816309810475,0.0109739582790065,16
gene_2215,0.7589036703900572,0.002547249084479493,16,0.020747694937784996,0.014513775811940036,16
gene_2216,0.7484514298437068,0.005633668148112018,16,0.04031077234832973,0.01881088788222474,16
gene_2217,0.7197508712503944,0.014655215106209466,16,0.03887909275950426,0.023389025905952873,16
gene_2218,0.7217163129888949,0.006225219292910266,16,0.050344470264457944,0.028902371358869756,16
gene_2219,0.7376412616201568,0.006039900982694358,16,0.05846293794564874,0.028783913237465576,16
gene_2220,0.7393301690043554,0.006598920192235859,16,0.030565700019497773,0.02417781600038724,16
gene_2221,0.7367916872493186,0.008766758550692026,16,0.039237282620101226,0.027397945002719543,16
gene_2222,0.7447057299303491,0.007459663178878794,16,0.028454460899317587,0.021971662191727668,16
gene_2223,0.7648864252158107,0.003003615949904889,16,0.022127882516876054,0.013168242171019045,16
gene_2224,0.768499598552466,0.0027051860987114167,16,0.01878078748170437,0.01620598649008178,16
gene_2225,0.713098988529233,0.006796517631284638,16,0.06167328112288849,0.044146199506255555,16
gene_2226,0.7488750595427607,0.007263607140267928,16,0.04555097485137685,0.03936388634760071,16
gene_2227,0.7544853927099722,0.006019159443777376,16,0.0201681321397427,0.011883253524257014,16
gene_2228,0.7425174087190554,0.006622984537755798,16,0.027411279906307158,0.014712740842348776,16
gene_2229,0.7489874345328792,0.00722063418758865,16,0.0267220899633687,0.013517503165680567,16
gene_2230,0.7365505149262062,0.0053459162787579595,16,0.06547906503689079,0.03756538539211269,16
gene_2231,0.7362962254008868,0.00644747650752904,16,0.029999454257523935,0.0181104286024511,16
gene_2232,0.7431934196519824,0.010836488991569766,16,0.05885713620057348,0.03716967484205283,16
gene_2233,0.7302972540191303,0.01003617176695407,16,0.08160257995504462,0.04558965427363608,16
gene_2234,0.7451660437262356,0.014131852375125634,16,0.0948856028393233,0.06935311817668606,16
gene_2235,0.7470919460336646,0.0059498920946440695,16,0.0389089563006994,0.03149132261523814,16
gene_2236,0.7357446535587553,0.008353372673036555,16,0.03741843036537613,0.033210710808769354,16
gene_2237,0.7425382162088427,0.008877768540702867,16,0.05162383475560491,0.04153644867378391,16
gene_2238,0.744101433350789,0.01076829345205514,16,0.08507324156510856,0.0464261691822638,16
gene_2239,0.7286666910941259,0.012354769929342358,16,0.042898152078604423,0.03214196430143713,16
gene_2240,0.7237275604114268,0.00743325097298661,16,0.08201452478901707,0.050196506394549915,16
gene_2241,0.7314135734782607,0.02080620685986672,16,0.11883512787507759,0.09020230898791999,16
gene_2242,0.7427402156483017,0.004463669463662386,16,0.032619568338666444,0.022527963032168436,16
gene_2243,0.734582358507274,0.007025888491103188,16,0.05129751570713907,0.03365302036681403,16
gene_2244,0.7121499598432314,0.014294107902072457,16,0.06040013771700567,0.05612666592760932,16
gene_2245,0.7318448526962597,0.009103452554200595,16,0.025651058726867754,0.017800202641417122,16
gene_2246,0.7493510971015116,0.007345621805149475,16,0.029625135630705863,0.019112595526986843,16
gene_2247,0.7452599647833885,0.005427005853754553,16,0.03259067336404246,0.030158416575658112,16
gene_2248,0.7128519291394017,0.013452643223108728,16,0.03623826600163985,0.02197996828121032,16
gene_2249,0.7523346105190389,0.0048006827387494806,16,0.02753228850680886,0.02010322114002351,16
gene_2250,0.7018408186052952,0.010850618274185413,16,0.03875444562633772,0.02957232989123531,16
gene_2251,0.7350763919245843,0.010611282384730842,16,0.03920778562894624,0.0735936865360521,16
gene_2252,0.7569134875534135,0.00419004896522651,16,0.03587058551682086,0.023660289664615187,16
gene_2253,0.7234559944176896,0.010493122954688745,16,0.09898813303313526,0.04191861225477407,16
gene_2254,0.7534995758428269,0.004945482405816228,16,0.02117293360961601,0.01621652546009911,16
gene_2255,0.7516303373853995,0.006046242222740716,16,0.04305521144586342,0.027137453253154482,16
gene_2256,0.7681048890398011,0.003233403691313879,16,0.024415425602074887,0.016552597073647774,16
gene_2257,0.7643991093787733,0.0017802541862229112,16,0.017168529000552945,0.007792591561790688,16
gene_2258,0.750905574556509,0.005784554147292924,16,0.035470168080569034,0.019459190166756575,16
gene_2259,0.7400088836232906,0.010352393964287237,16,0.06700029941271271,0.04786043390174529,16
gene_2260,0.7599537154123057,0.005552130682776208,16,0.011782249574718807,0.008655341833848916,16
gene_2261,0.7476661631015503,0.004067546948257679,16,0.024399455626808186,0.015897640384446673,16
gene_2262,0.7509165874596272,0.0063173574507002575,16,0.028610793146351326,0.014944037431599078,16
gene_2263,0.7524944095051821,0.0045030080847636485,16,0.03247171528785336,0.016551295310781356,16
gene_2264,0.7513383236992804,0.007609988431719142,16,0.03875676858109261,0.034914323808519554,16
gene_2265,0.7293305945821569,0.00835669222703124,16,0.11524303549108245,0.08102484329239575,16
gene_2266,0.7558887312671042,0.0052418758445197675,16,0.02963255816861611,0.02349799483795386,16
gene_2267,0.7372983806696822,0.005875708952372638,16,0.07756543894133715,0.05249052352647589,16
gene_2268,0.7640410703612837,0.004726699483004355,16,0.025368296716208875,0.014778503475142233,16
gene_2269,0.7262864297718027,0.003992633510117275,16,0.03744332436314362,0.02543558653307332,16
gene_2270,0.747438386206108,0.005332083352268302,16,0.046294637969490814,0.03598325443334063,16
gene_2271,0.7638709667793078,0.00493035394800299,16,0.018954504110838925,0.020518533771519337,16
gene_2272,0.7536920994331167,0.005854822449954507,16,0.05642261938153595,0.026099012069037808,16
gene_2273,0.7238881270298401,0.015316141730615537,16,0.04720275250630903,0.03223276313292139,16
gene_2274,0.7531492783813625,0.006182941422490632,16,0.04159954863773858,0.028478192157377225,16
gene_2275,0.7408217687801009,0.009076201726309466,16,0.03321600792683395,0.02846111096049126,16
gene_2276,0.7527332915019116,0.00887773057189088,16,0.04287354351988799,0.026972018428032915,16
gene_2277,0.7370989152978197,0.006943010894846736,16,0.03743875487162589,0.026685861572612206,16
gene_2278,0.7452294306317446,0.005611910582169082,16,0.01869290477935138,0.013337565440221797,16
gene_2279,0.7608973621079544,0.0031984605846842365,16,0.014957000679437438,0.008347651151191848,16
gene_2280,0.7384006916983225,0.00847479217489451,16,0.04256220909151081,0.029194835115891927,16
gene_2281,0.7704976048835773,0.003543084885426632,16,0.013011826185104134,0.008136701072206511,16
gene_2282,0.7581813102864856,0.0036508002174897346,16,0.021629667766430438,0.015713707139673544,16
gene_2283,0.7548506734554157,0.005117076264347308,16,0.04049009126581441,0.023551638737713824,16
gene_2284,0.7382157429325855,0.01220037741003631,16,0.04054325203911811,0.026026230571320832,16
gene_2285,0.7302892429143819,0.014474976486223676,16,0.050310689400868844,0.025645286625843613,16
gene_2286,0.7483137196743513,0.004442545381675847,16,0.01136122582878578,0.007085442856021564,16
gene_2287,0.7419187575455942,0.004145156536329393,16,0.026208835138082785,0.022797667796815642,16
gene_2288,0.7483477415654614,0.0033024582686555963,16,0.025089919882009495,0.019594233440494168,16
gene_2289,0.7585996648516217,0.004835186128973907,16,0.014654269211592704,0.013117252642804533,16
gene_2290,0.7339101789147712,0.00834579236411425,16,0.03703076434881185,0.021524097649174616,16
gene_2291,0.7514057449088898,0.006430553802641213,16,0.0432903627668161,0.019850000993086477,16
gene_2292,0.7105964642191755,0.011206979340499384,16,0.07691753673450127,0.043061503853594904,16
gene_2293,0.7596911527447441,0.003802274619748186,16,0.027432480113962605,0.013287352427010535,16
gene_2294,0.7242839697172758,0.010894051854656157,16,0.0637084417859658,0.056030664269637195,16
gene_2295,0.7398232532437563,0.005200329069675506,16,0.023682986777247516,0.013845876783418955,16
gene_2296,0.7455078507779317,0.003908077846958293,16,0.04283362519025967,0.015781798257054,16
gene_2297,0.7510571437231377,0.0052321895679117705,16,0.040535368597623606,0.027409124813145107,16
gene_2298,0.744678883580793,0.00791149480611045,16,0.021290422705092262,0.011850982267475822,16
gene_2299,0.744962378135286,0.006451886038639316,16,0.029368174572703062,0.01707164230017751,16
gene_2300,0.7709005835384114,0.002347236857498921,16,0.014742008681642119,0.012277911538230947,16
gene_2301,0.7593839955771415,0.0034783844169498698,16,0.011244811424533277,0.0057003066880029945,16
gene_2302,0.7585098221692078,0.005926127302281193,16,0.05268165981407501,0.028539953010082705,16
gene_2303,0.7107731603105705,0.01774709544935147,16,0.10575328210152728,0.04840456787552533,16
gene_2304,0.7321858107479076,0.00846801125517532,16,0.04990405340201515,0.03227290951176304,16
gene_2305,0.7648516605556274,0.005088720646671162,16,0.020242883312546662,0.018505712663587293,16
gene_2306,0.7195849016540542,0.012417444493522807,16,0.1112709343886713,0.07217247247585722,16
gene_2307,0.7367046239633144,0.008138684984198162,16,0.035404869754271116,0.024402953676729372,16
gene_2308,0.7312836110406079,0.009897196831278392,16,0.05146553154721094,0.03955115585059585,16
gene_2309,0.7701532112375125,0.0040014305717052485,16,0.010876313639440399,0.0070062149534156765,16
gene_2310,0.7280902973273355,0.0056943715903182745,16,0.05278300588943612,0.031921905671819295,16
gene_2311,0.7387158382257143,0.007270497706511098,16,0.041989119556006434,0.026270424599883574,16
gene_2312,0.7213601402087999,0.014291386229857884,16,0.04112504393800881,0.03514687311204771,16
gene_2313,0.7255531957971113,0.023041380868973504,16,0.09435270012301543,0.0773215661103761,16
gene_2314,0.7344597309427416,0.01174452530136484,16,0.020404415026074398,0.013084320459263152,16
gene_2315,0.7226471318710963,0.008747769838426943,16,0.05510236593790721,0.04451700586282478,16
gene_2316,0.7246762949829156,0.0108883724179216,16,0.07072463276440154,0.044181289911410564,16
gene_2317,0.7317567444949471,0.009687139306946304,16,0.03683268260675428,0.03238501634492684,16
gene_2318,0.7352217859380102,0.006339024539668285,16,0.05141295545489301,0.041396470516501346,16
gene_2319,0.7330630880897332,0.0074071367994940455,16,0.06036423389090913,0.052539524650453855,16
gene_2320,0.716862392924501,0.009110624324668,16,0.038638334482823396,0.02326643994783787,16
gene_2321,0.7403085450248157,0.009719363079962505,16,0.09244756153903488,0.04622085498690651,16
gene_2322,0.7427728898766398,0.0037470768467691294,16,0.04359866710185759,0.024683051377433388,16
gene_2323,0.7299101009602097,0.0071144596886054835,16,0.023417848016712102,0.023780528718058244,16
gene_2324,0.7567637755578808,0.006522812247819093,16,0.03936557712785905,0.02639541994431779,16
gene_2325,0.7348007402081723,0.008454484986256632,16,0.0760893973692569,0.03937720478526099,16
gene_2326,0.7563609283850711,0.0039362550701305555,16,0.016079677276269758,0.014608669073479257,16
gene_2327,0.7358330246317287,0.006059261890341898,16,0.02368194870630092,0.016374824873209473,16
gene_2328,0.7311676505333813,0.007421769228780142,16,0.055495581602211845,0.040443004011122885,16
gene_2329,0.7615698908347928,0.00483699272260254,16,0.024795354743532044,0.015382766665954384,16
gene_2330,0.7484940308723245,0.007769596832121941,16,0.05291652262920193,0.036190292983723726,16
gene_2331,0.7651126650375439,0.00510216529049752,16,0.01576414016824365,0.007890351765993583,16
gene_2332,0.7597786965718624,0.002638401394615438,16,0.01433174363121627,0.010417312486528066,16
gene_2333,0.7396771274887659,0.007392600390324505,16,0.06766896192724191,0.04211468697964383,16
gene_2334,0.7535599361863222,0.00348674541840186,16,0.03219003047357352,0.02075901256188723,16
gene_2335,0.7400070776760248,0.00934444763621379,16,0.07245054040878597,0.07262595874352412,16
gene_2336,0.7334123523091981,0.01719257785999759,16,0.06819192072815498,0.04327623182123372,16
gene_2337,0.723904963644205,0.013333736876720206,16,0.0433780110181607,0.02241597674680159,16
gene_2338,0.7667197646204681,0.0036674485526877465,16,0.014614872854569107,0.010126417651794886,16
gene_2339,0.7618599805425881,0.005421982739048431,16,0.014332413791916162,0.010903065365383421,16
gene_2340,0.7656426351878881,0.004133924381285866,16,0.019187695638701388,0.012352539628539229,16
gene_2341,0.7225595613696029,0.02305771220834909,16,0.083193758209062,0.09527885871794194,16
gene_2342,0.748145123336942,0.005716841259356164,16,0.02140550672467162,0.01666521158350058,16
gene_2343,0.7375435981127271,0.009332062118037526,16,0.04659675733364541,0.02654636964096199,16
gene_2344,0.7350229659157147,0.011355565508034335,16,0.05590893160049503,0.04182170760058836,16
gene_2345,0.7342915766195257,0.007964840370993721,16,0.04390811487908636,0.032020208728681915,16
gene_2346,0.741437181806854,0.0047833657101272195,16,0.03717588337271576,0.017550247731606336,16
gene_2347,0.7438134688220189,0.01231701443171045,16,0.06985572857360535,0.06363423994283962,16
gene_2348,0.718671361047951,0.01772459840659545,16,0.09293513229776405,0.05188443138100377,16
gene_2349,0.7306671206897087,0.007590197365731055,16,0.019283321236618595,0.012343357159362375,16
gene_2350,0.7506022209853325,0.006252652757672823,16,0.04245785157517483,0.035709952116594466,16
gene_2351,0.765125355514908,0.0037886029219818384,16,0.01932032502794097,0.011119063441379005,16
gene_2352,0.748516515909557,0.005272693203055298,16,0.02173163317492484,0.014329682840354362,16
gene_2353,0.7289673051476879,0.007042721324353453,16,0.027237460443685253,0.019992591153857577,16
gene_2354,0.7703265016742936,0.005343939691432479,16,0.03067199250386465,0.01778925466512524,16
gene_2355,0.7574989049973646,0.0074168134417222555,16,0.0400973332916909,0.02703113212910742,16
gene_2356,0.7406316145719923,0.012883242015554984,16,0.07166591338613973,0.06105581694025445,16
gene_2357,0.7260913144463511,0.016437592525549362,16,0.08550626450350766,0.107716553942489,16
gene_2358,0.7260260141432628,0.020280728464950486,16,0.13240536841768338,0.07028327974528832,16
gene_2359,0.7654596457625028,0.0028760070138247364,16,0.016645881783759805,0.012943153416003017,16
gene_2360,0.759698327759631,0.003978830234844363,16,0.05355660245212046,0.030510178465435644,16
gene_2361,0.735014457728379,0.007990673854316097,16,0.05345378210372666,0.0326104593585349,16
gene_2362,0.7486541003049111,0.003864227585716311,16,0.026384507738213565,0.021480861275207996,16
gene_2363,0.7185641348179762,0.011702795423995544,16,0.04602037495309573,0.0368023993811153,16
gene_2364,0.7597162052792844,0.0050847851590413405,16,0.023615837159560768,0.01391909232398139,16
gene_2365,0.7256713081506024,0.009005793426608445,16,0.053396349485058316,0.03251264108555624,16
gene_2366,0.7196624164736843,0.015574131535771904,16,0.07090249690681041,0.058083794996900806,16
gene_2367,0.7600588851628011,0.004446494006257608,16,0.026840219411448957,0.01724721326501918,16
gene_2368,0.7302699218786575,0.008043613297941253,16,0.07717326852996079,0.046768930672243615,16
gene_2369,0.7332410131791569,0.010647360378958741,16,0.016790334021980883,0.011870648846748901,16
gene_2370,0.7636242483944305,0.006663317782153951,16,0.0385633786579549,0.01572272069438993,16
gene_2371,0.7447552468765103,0.010564350985178625,16,0.028693440266825444,0.02104562979670307,16
gene_2372,0.7539014856329767,0.0034329838153242336,16,0.014971161254623047,0.009208519639194028,16
gene_2373,0.7201672389146341,0.007692475106720984,16,0.05555273020814708,0.044276738591889124,16
gene_2374,0.7346166335348163,0.008923232301191483,16,0.03239264596920078,0.013325078944132577,16
gene_2375,0.7552232730661128,0.003036263529649891,16,0.015705176109986247,0.009524875002075928,16
gene_2376,0.7469956140679669,0.008083181715947924,16,0.04695240557386315,0.0295069236352705,16
gene_2377,0.7497765002392607,0.0043673674188316955,16,0.029935757035977638,0.018409186617273757,16
gene_2378,0.7309004743922818,0.004713316982635875,16,0.03509364883766747,0.029029005031027653,16
gene_2379,0.7346308583320831,0.007444682292794553,16,0.06690803306505723,0.03939069618965144,16
gene_2380,0.7315149398113634,0.014031404366905184,16,0.10247491719122287,0.06647787193388285,16
gene_2381,0.7519139046421196,0.004698965048100938,16,0.029115522740663383,0.024566653010032247,16
gene_2382,0.7217493644071478,0.01662064285939729,16,0.08016690269857557,0.0692782358873964,16
gene_2383,0.7466793255076017,0.007197953106918694,16,0.04746256632553877,0.03451622289064347,16
gene_2384,0.7431981652740732,0.0069576518457637355,16,0.037507941395038824,0.031617457201567084,16
gene_2385,0.7357059229710334,0.011313069546012914,16,0.05872637104182863,0.04586158683556676,16
gene_2386,0.7463788745296792,0.004600224180477703,16,0.015207256891145486,0.0093723317378716,16
gene_2387,0.7217612727490993,0.010653542388924101,16,0.05241750639010429,0.03716367524652451,16
gene_2388,0.7556912396231334,0.003655910575235417,16,0.029323418209725442,0.0165685976903776,16
gene_2389,0.7600013459866208,0.00759883886700589,16,0.017268097989510015,0.013820553863059387,16
gene_2390,0.7274607890038028,0.015568349759695269,16,0.07195098406229655,0.05744247418439354,16
gene_2391,0.7149083816062416,0.007988912728991979,16,0.05376905984928976,0.033517412032297425,16
gene_2392,0.7195367469811823,0.011443434115541922,16,0.0976456415965365,0.06616949942024769,16
gene_2393,0.7468952143673876,0.00822220086015301,16,0.043983322163502855,0.018397435851539624,16
gene_2394,0.7695244059699256,0.0027399425341368485,16,0.008262063625028267,0.005447289314310156,16
gene_2395,0.7388839882004814,0.008303796502929667,16,0.040488358567534015,0.02603031376172975,16
gene_2396,0.7420079230854101,0.007353532674497653,16,0.021106829683134206,0.00914426853925682,16
gene_2397,0.7203108184477856,0.01454311311757405,16,0.0835395576377908,0.03701685554941691,16
gene_2398,0.724465481594366,0.012432698538313058,16,0.055254689952958166,0.039995149811760916,16
gene_2399,0.7576959690870031,0.0032793739220920663,16,0.03234159586534885,0.025047604515613338,16
gene_2400,0.7541486847453609,0.006042336257425217,16,0.010423599814600244,0.004878759406377748,16
gene_2401,0.7532325180431911,0.006337807945845602,16,0.02122363021124572,0.014809795795115554,16
gene_2402,0.7603299265155544,0.005929615001363136,16,0.03769555675382519,0.021230664635439888,16
gene_2403,0.7377425019622419,0.009619406205472693,16,0.044563705362871645,0.03711947968733836,16
gene_2404,0.7219514694928796,0.005594625863910006,16,0.02236824107117603,0.012524160484420024,16
gene_2405,0.7686568353563598,0.00418518805367845,16,0.017632165991397757,0.01979324914071462,16
gene_2406,0.7259151152614103,0.008741624695858766,16,0.04832999535064447,0.03433632741002406,16
gene_2407,0.7427068043738542,0.011049355071065838,16,0.04895449218469003,0.02042115747789225,16
gene_2408,0.7309380228838734,0.00853068770084804,16,0.037896538552233724,0.022816937728036328,16
gene_2409,0.7285909370952688,0.012770821422199657,16,0.051195788618856965,0.030317328755306443,16
gene_2410,0.7388517885073409,0.007406335634500249,16,0.05260115752329603,0.043349920665028255,16
gene_2411,0.7358665075999713,0.005890742643838732,16,0.028927863697512875,0.013561190705893195,16
gene_2412,0.7416882807374289,0.006644432531241189,16,0.02694717780036222,0.012161086490339213,16
gene_2413,0.7383711952171984,0.005485328934102433,16,0.048943650466057316,0.03126112958778044,16
gene_2414,0.7541906907596339,0.005844840876625627,16,0.02386487427211714,0.01860038935279742,16
gene_2415,0.7340203996651449,0.01554785992483641,16,0.0493935900162288,0.04690643629441167,16
gene_2416,0.7274743188625952,0.010971113996098384,16,0.05744357627851242,0.04568154119617859,16
gene_2417,0.7389708623505981,0.012496653901363878,16,0.047655670015399144,0.03398480622227246,16
gene_2418,0.7155723302470166,0.019096988846596403,16,0.10189990842934965,0.06229357773257245,16
gene_2419,0.7318449189298719,0.007779433420549551,16,0.04602905788784459,0.026030192207938625,16
gene_2420,0.746816438756625,0.005935532169172842,16,0.03431558795941591,0.023343373109395577,16
gene_2421,0.7517175909955274,0.00723712501167606,16,0.05070242734879315,0.03753355978988142,16
gene_2422,0.7364986065432978,0.00535648050871996,16,0.028871781186783064,0.018267154502856018,16
gene_2423,0.7480753082551074,0.007631602396625786,16,0.037534841086777536,0.02651394887680622,16
gene_2424,0.7157661232851122,0.014045224055694638,16,0.06940195397075477,0.039243439729028017,16
gene_2425,0.744536421974481,0.00833367686589213,16,0.029339608036425727,0.034830632975204515,16
gene_2426,0.7299407518294823,0.01473717766599447,16,0.07387491502189023,0.07395888642852179,16
gene_2427,0.7414382848621666,0.005950561840265713,16,0.027530818065137193,0.013473840708847046,16
gene_2428,0.7631327578730986,0.005752290032766488,16,0.01454326787673763,0.015225756850862306,16
gene_2429,0.7166258718837784,0.014634266605659354,16,0.04579124947440911,0.03281250220583854,16
gene_2430,0.7677977843206834,0.003737100938026863,16,0.03751755629942459,0.02266176639373017,16
gene_2431,0.7247822590740943,0.008178553617957654,16,0.03550434618599738,0.015241588964681582,16
gene_2432,0.7499707408107363,0.005611207608374774,16,0.027966950842694405,0.01885464998189769,16
gene_2433,0.7305250906420193,0.010238141318326736,16,0.053531265188641375,0.04279450306243214,16
gene_2434,0.7361097035956565,0.007982492160312125,16,0.0572809468796744,0.03817361595366891,16
gene_2435,0.7335797417459108,0.01733897275576456,16,0.09561566408769798,0.07632159504872073,16
gene_2436,0.7601964919916404,0.006411449948520447,16,0.05200865504374939,0.033827375908283816,16
gene_2437,0.7679057188682799,0.0037314449543842405,16,0.014941351124715209,0.010487070178903303,16
gene_2438,0.7350058778577879,0.010666729881024918,16,0.06849432608264316,0.07189382042238536,16
gene_2439,0.7372180545816194,0.00733082986820468,16,0.03431905398521841,0.02125732583978876,16
gene_2440,0.7612525622440849,0.005865526565221422,16,0.026924891809292223,0.018404197579433137,16
gene_2441,0.7257472628195762,0.015003129080950629,16,0.06667317029315595,0.029622120153820493,16
gene_2442,0.7113029661228197,0.008707644148837025,16,0.040929237434819174,0.03574088676974136,16
gene_2443,0.7525897138845998,0.009173284938712264,16,0.022399139542753126,0.014783207074919055,16
gene_2444,0.7452835495302823,0.008343563736204165,16,0.03590288499419617,0.023785183639012882,16
gene_2445,0.7590920057616322,0.005372638369185175,16,0.02727918384456213,0.01835966951509622,16
gene_2446,0.7376531453132389,0.006172851498557023,16,0.028800623648096782,0.015224068171483234,16
gene_2447,0.7096398523272963,0.02914012583271115,16,0.11492223832286816,0.09658602580814113,16
gene_2448,0.771157242881225,0.004316031219332564,16,0.00850041680141013,0.005524082754750836,16
gene_2449,0.737939828654726,0.014711910004174803,16,0.046807985262022185,0.03989253631788608,16
gene_2450,0.7530067726201461,0.002716960364172637,16,0.020607399889197887,0.01574524460732472,16
gene_2451,0.739251072244481,0.006925202060824557,16,0.03652259273890727,0.033281772554672566,16
gene_2452,0.7159846313249454,0.02603432874096156,16,0.1420056502935614,0.13817095286416753,16
gene_2453,0.7261341488461476,0.008571153222188727,16,0.11067144456665103,0.047323693225265744,16
gene_2454,0.7529436130766711,0.009086633717596247,16,0.02505826342217744,0.022457157901468208,16
gene_2455,0.7510372317714997,0.0063711281903216475,16,0.05195673957681807,0.028565713434058417,16
gene_2456,0.7662521409810685,0.0042103900612398965,16,0.008097165049718443,0.006952985783827685,16
gene_2457,0.7371529271443542,0.010931420936979193,16,0.027383872623719843,0.023492178002187634,16
gene_2458,0.7464450156228033,0.008750484560808984,16,0.06604961840504292,0.04043643944102971,16
gene_2459,0.73656540419695,0.01741592984687156,16,0.07071316713090035,0.06729978728870724,16
gene_2460,0.7076621024788311,0.018014776067320305,16,0.062114237999297425,0.05193076286089874,16
gene_2461,0.7467401003092458,0.0071926584676017,16,0.02913710355487317,0.022872407340151682,16
gene_2462,0.73529959600647,0.007999730401098745,16,0.046991642576677775,0.04121382756126711,16
gene_2463,0.7370903611784964,0.004670879791885441,16,0.03703753302208993,0.02278042541583496,16
gene_2464,0.7391559805471619,0.00893538530242547,16,0.034737595080808974,0.023765347255432626,16
gene_2465,0.7569940857410025,0.0033474756894059793,16,0.017850174753410084,0.012174332088843751,16
gene_2466,0.7336264042196583,0.00926405115455864,16,0.0431216132880901,0.023765614672595064,16
gene_2467,0.7214980841873493,0.008735768823664548,16,0.08293862503006326,0.053518150754655866,16
gene_2468,0.7434045691375614,0.008272335865977793,16,0.03792355234303048,0.018080629303617413,16
gene_2469,0.769621742567824,0.0037316121968951448,16,0.02443356075311164,0.01469874972078139,16
gene_2470,0.7435853056392948,0.010367021232780856,16,0.03802398332623051,0.025978092919507728,16
gene_2471,0.7432946544896781,0.0073949711135118,16,0.030402109177924592,0.013655015139537404,16
gene_2472,0.7323292954992171,0.005431540016470034,16,0.034908319578369595,0.02164413118491476,16
gene_2473,0.7381278103173656,0.007711396030646321,16,0.03609352708836734,0.029909087907320473,16
gene_2474,0.7236315296753838,0.012047996154134077,16,0.09022051043252227,0.06087309754241116,16
gene_2475,0.7250822394398101,0.008479103228085316,16,0.023610751474602135,0.02370851710534292,16
gene_2476,0.7458108138553005,0.013703159749449011,16,0.065202554802544,0.045648750048767395,16
gene_2477,0.7141849658783674,0.011764584296870518,16,0.06327098224272595,0.0378620159202768,16
gene_2478,0.7361174558160218,0.00974074519402775,16,0.030801662692276403,0.021143357629901965,16
gene_2479,0.7233701194270253,0.011385243726861697,16,0.043565517802247045,0.027832687169902257,16
gene_2480,0.7241446444056838,0.011780532098275169,16,0.06402301464614586,0.06180997655119537,16
gene_2481,0.726318078060253,0.008648110966022821,16,0.030994336575805165,0.016712601314474444,16
gene_2482,0.7386650737920161,0.011034351609074816,16,0.050060656007912846,0.03371747376239665,16
gene_2483,0.7368959879786464,0.010642213893163898,16,0.03952092246183998,0.032422328719893666,16
gene_2484,0.7608834354244721,0.003941971364513837,16,0.018299011532995835,0.009239397775478221,16
gene_2485,0.7609793499589256,0.006033333842023798,16,0.016958583549335025,0.00862563534505402,16
gene_2486,0.7316029936215115,0.006595166762201456,16,0.03462954481596422,0.026792156184015776,16
gene_2487,0.7363314111167679,0.006655327231893904,16,0.08615341405050048,0.03192609413519956,16
gene_2488,0.7246685967739358,0.012987224010222558,16,0.05259256038654684,0.03878208548674114,16
gene_2489,0.7657628309493661,0.004426542148212642,16,0.020394280987793438,0.010819208232431437,16
gene_2490,0.7622805279998751,0.0030918517108263557,16,0.03178317863085395,0.0256901464334573,16
gene_2491,0.7241535523991749,0.007744805793950452,16,0.03932718776258052,0.024651983566539703,16
gene_2492,0.7350824765137127,0.0038693614349046114,16,0.020721990606535175,0.013475577889029927,16
gene_2493,0.759884049914334,0.0070957526595856356,16,0.021661316523761985,0.0170467459534025,16
gene_2494,0.7356124106538653,0.006640987291798981,16,0.04570243776996057,0.024853774746491267,16
gene_2495,0.7329053335549071,0.009375474205859628,16,0.06311777835700204,0.03405808021791531,16
gene_2496,0.7609827228493365,0.003279779182586967,16,0.03574675835468855,0.02366534357113218,16
gene_2497,0.7304865450345946,0.008868937190803687,16,0.08652079323524439,0.05401019601266834,16
gene_2498,0.7711868367638189,0.003638758209372463,16,0.010067293244356526,0.00666160074871069,16
gene_2499,0.7464697832563967,0.00596335961771711,16,0.02542693839350044,0.017067335659063522,16
gene_2500,0.7358319884759691,0.010355398825816889,16,0.060036441558352645,0.04104760118781881,16
gene_2501,0.7131697393414074,0.010220159858328227,16,0.09237939984352789,0.08151109183988052,16
gene_2502,0.7518627022179273,0.005469476892432395,16,0.030906697685038738,0.022650587442455787,16
gene_2503,0.7161445761637274,0.01310988120661812,16,0.07545721047842317,0.041287380382930686,16
gene_2504,0.7427324371152781,0.006550097156839099,16,0.023093531405521398,0.016177453210372585,16
gene_2505,0.7461760018907002,0.00638162355147717,16,0.03190048314499863,0.024035796642980868,16
gene_2506,0.7553660473979711,0.005220155753332159,16,0.046816029934947566,0.031293845173641664,16
gene_2507,0.7143640024407162,0.008576949063282302,16,0.039726327561985984,0.02450711867477448,16
gene_2508,0.720780359878469,0.008804296239635067,16,0.07223197368107642,0.03811288950764927,16
gene_2509,0.7505390865128392,0.009113072836188776,16,0.05280145473037852,0.03135069975547493,16
gene_2510,0.7504884455471,0.0040740018170841745,16,0.04950131323456825,0.02961421852715641,16
gene_2511,0.7661719039984173,0.004378175309046362,16,0.019269395107982062,0.01066016395765525,16
gene_2512,0.7213080145729891,0.009033166104918946,16,0.05212842048434214,0.05646572541912541,16
gene_2513,0.7231193009584876,0.022912694274009205,16,0.13850427790738665,0.1128482737203409,16
gene_2514,0.7116714938522254,0.017996145486589496,16,0.11687359397330947,0.07198489179432001,16
gene_2515,0.7410921667623834,0.004791730124796267,16,0.027498382758480114,0.025725208468466997,16
gene_2516,0.7566415380145383,0.006494936101425358,16,0.01822208299709732,0.013364430683655473,16
gene_2517,0.7337358136433217,0.007535815833454365,16,0.03462760738856703,0.019710183262401614,16
gene_2518,0.7361011716876301,0.009122202507858591,16,0.05587005433290321,0.03761538238775199,16
gene_2519,0.7482130127038444,0.0074853244221775896,16,0.037486712485781185,0.01804826053801482,16
gene_2520,0.7451405428731959,0.007082456532255327,16,0.03682053092598269,0.02045122947873134,16
gene_2521,0.7364759075864342,0.007856612546777459,16,0.04718296145053585,0.01792772218729429,16
gene_2522,0.7377275480065195,0.011057321482734785,16,0.07422802178320372,0.04462324572658764,16
gene_2523,0.7402473908558054,0.0044275657033409025,16,0.03759133064468789,0.015310090962078238,16
gene_2524,0.735382288868758,0.005275083689003546,16,0.033903283167953165,0.028642808964240013,16
gene_2525,0.7458839760985324,0.003707773396712834,16,0.025869758167422895,0.017581514560499136,16
gene_2526,0.7312720220390962,0.012621407775039187,16,0.05752958520716249,0.03298857340620979,16
gene_2527,0.74777233803937,0.009422906057427722,16,0.045758670409827215,0.03130962978958092,16
gene_2528,0.7327821198227507,0.009994842521007897,16,0.067170062703228,0.0398304315535299,16
gene_2529,0.715025308977176,0.016287548567377193,16,0.07290153377438674,0.056530258371009834,16
gene_2530,0.748506063362734,0.008632802367192124,16,0.0256240194140244,0.01970072131670694,16
gene_2531,0.7378549883134771,0.007379942269775269,16,0.057205390178053976,0.040228213819065065,16
gene_2532,0.7234348368197316,0.011122578908233755,16,0.06782886883390209,0.030833134232974048,16
gene_2533,0.710546552744229,0.015062731349075572,16,0.04533893493275516,0.030342847533266448,16
gene_2534,0.73785373716231,0.007085469712885437,16,0.03790002330657363,0.017126318293250058,16
gene_2535,0.7597639549418356,0.006432128128806376,16,0.04661019623966363,0.03505313082421761,16
gene_2536,0.7423212216704529,0.006477526388591555,16,0.03216615370925394,0.02623947740775073,16
gene_2537,0.7586703833431777,0.006850663351348255,16,0.03273465853383438,0.01803739266924076,16
gene_2538,0.7453273184167,0.006356863058951532,16,0.01447971480774584,0.008442033419710386,16
gene_2539,0.7585367022876779,0.004161122975831623,16,0.024306047818492736,0.014610584935041712,16
gene_2540,0.7421333888134432,0.01076694066232904,16,0.07273804909408363,0.06412308605077009,16
gene_2541,0.7567857494965446,0.004386009588989809,16,0.03451457138398512,0.016000162197340965,16
gene_2542,0.7095395587855613,0.010473424643085169,16,0.06903083533196339,0.050573792957784566,16
gene_2543,0.736437539126342,0.01146595005929539,16,0.041868667475088384,0.02505507579426993,16
gene_2544,0.7209407515826073,0.032779356197208474,16,0.17341967675482373,0.1188565267805437,16
gene_2545,0.7572595591725215,0.005563730675344225,16,0.03272828966144985,0.02249720216876845,16
gene_2546,0.7782018561873508,0.0026187162081045844,16,0.017169624040335275,0.013897723743092973,16
gene_2547,0.7346655002299105,0.006767775006938664,16,0.03780233662718707,0.026110228266998704,16
gene_2548,0.7608418402562728,0.0036405644897231286,16,0.013928526315216974,0.01290402040819414,16
gene_2549,0.753165534986458,0.007122673524114128,16,0.018058380136911398,0.02018613173050762,16
gene_2550,0.7424171265848175,0.012306001659547402,16,0.06918909877075391,0.04907507065590033,16
gene_2551,0.7397797402787073,0.0076175029146835545,16,0.051254797046113514,0.03637102089278631,16
gene_2552,0.741166929291085,0.007830821456568347,16,0.017225206465625885,0.016378594886172628,16
gene_2553,0.7506990017822062,0.011888156242170178,16,0.0609460535704708,0.038847377357156286,16
gene_2554,0.749882709726172,0.004082173381419241,16,0.042730530298364704,0.03419380134624129,16
gene_2555,0.7299586556178334,0.011737446976346768,16,0.03067690970232461,0.016460656196606752,16
gene_2556,0.7344727324279774,0.012312444820247835,16,0.058509118681181714,0.02972618330392605,16
gene_2557,0.72649320647594,0.010613667169098584,16,0.08292274911820818,0.05198635368571565,16
gene_2558,0.7177164950546779,0.01612005130545713,16,0.05927248866214713,0.04869426796794346,16
gene_2559,0.7377324471704965,0.003866978715950112,16,0.025458155851036654,0.019140076510121316,16
gene_2560,0.7397023038636146,0.007655783017676375,16,0.020288071081421426,0.012234430806581676,16
gene_2561,0.724464760875927,0.013607086675176887,16,0.08341170041550838,0.048349729873107455,16
gene_2562,0.7265481186527678,0.010787988035304995,16,0.07065294664976104,0.058409884628961455,16
gene_2563,0.6901587596943102,0.01562225360118579,16,0.06480718781101613,0.03999131595450118,16
gene_2564,0.7399664370990302,0.008835557341728355,16,0.021925022767857214,0.018360443020575955,16
gene_2565,0.7561248466442628,0.006449496527096708,16,0.018690720881772205,0.019383601405709855,16
gene_2566,0.732715945678462,0.009752260584352907,16,0.06936079100064346,0.05839126230491851,16
gene_2567,0.7406327516086392,0.005604079017369423,16,0.030585120964651647,0.01289458875139144,16
gene_2568,0.7394217914212102,0.006384914394567669,16,0.02222009000737308,0.011297718677413459,16
gene_2569,0.7398646896197326,0.0065207743596322814,16,0.03705218659288022,0.026543061748880277,16
gene_2570,0.7428826812315023,0.007907014718616667,16,0.03860886738331863,0.030249707706516554,16
gene_2571,0.7683260170124308,0.004287803866338879,16,0.018741600098564803,0.014179697765383093,16
gene_2572,0.7521083160167893,0.006993180105409693,16,0.017201655005285244,0.009996471027744657,16
gene_2573,0.7466875327192078,0.005722510803549606,16,0.034833554189265065,0.027531344060505756,16
gene_2574,0.7648210212567744,0.0033154384672617696,16,0.009395311096135827,0.004000991678441709,16
gene_2575,0.7139782380873537,0.009830520979843637,16,0.057695678187368205,0.034423301294474996,16
gene_2576,0.7472488986391161,0.007910772467725122,16,0.04365909402165819,0.02445473925844546,16
gene_2577,0.7141787501510558,0.013066483554524305,16,0.11778720465024944,0.05999345914568059,16
gene_2578,0.7649538117660758,0.005528273445307713,16,0.02029106352350034,0.014446155383544847,16
gene_2579,0.7517792459720187,0.005604696461829116,16,0.02529684620696272,0.013543588667035455,16
gene_2580,0.7371243257319964,0.007102142129007379,16,0.037545865895698735,0.01593969904793414,16
gene_2581,0.7287148441784862,0.006705497006266616,16,0.021901409409245485,0.018091022694291022,16
gene_2582,0.7257787850009048,0.006695307855753314,16,0.04715935961512099,0.024915198606275762,16
gene_2583,0.7331362911659687,0.004596384055088964,16,0.03816866791652456,0.025030965607436288,16
gene_2584,0.7113120489253304,0.03227148646276881,16,0.1413592118958027,0.1327806450944013,16
gene_2585,0.7372086083238965,0.009289902014491936,16,0.060397790771998784,0.041019071072412955,16
gene_2586,0.7267837085895386,0.007809459612069561,16,0.03381703415737855,0.02419403622841738,16
gene_2587,0.7402085381757129,0.018679636916658075,16,0.12936791669105585,0.09861269492865529,16
gene_2588,0.7359984782454462,0.01330224067728951,16,0.0962455588274181,0.08280457664897742,16
gene_2589,0.722130279781998,0.010654263943446832,16,0.03195774730050206,0.03326883087604565,16
gene_2590,0.7502788487743037,0.004728419154076967,16,0.045666603377835735,0.019069909504817798,16
gene_2591,0.7527720017607434,0.0087019373294377,16,0.025375996244554888,0.013667410898643359,16
gene_2592,0.7351165873776718,0.010020324618536075,16,0.04520298751446878,0.040210958397360504,16
gene_2593,0.7152793365634499,0.01472553065732129,16,0.09596758035322539,0.061751427635723076,16
gene_2594,0.7321757727231462,0.011081963046197336,16,0.019028569720346826,0.011129165441340745,16
gene_2595,0.7309624610692196,0.0064390034494743046,16,0.04409572921404924,0.019485090432652268,16
gene_2596,0.735848812359627,0.0071037241910628934,16,0.041343273250437,0.028698481924176653,16
gene_2597,0.7091580349066028,0.008991095319607687,16,0.09987087831492052,0.09036303541992029,16
gene_2598,0.7367888466104164,0.014246705747940533,16,0.08807754149774187,0.06900855145363222,16
gene_2599,0.718468118196847,0.00875579929612754,16,0.06433558854110928,0.03287194852413575,16
gene_2600,0.7458546536837763,0.006034465831107704,16,0.03478317605986941,0.018829470151581987,16
gene_2601,0.7305712062402993,0.015276786918543452,16,0.08582310634908198,0.05025680630644953,16
gene_2602,0.715529848523893,0.01168608233283908,16,0.06009278530135953,0.0323164345953625,16
gene_2603,0.7328564555018491,0.00954117866701225,16,0.02325918881718098,0.018336038664428497,16
gene_2604,0.7485134026566647,0.007691169845181976,16,0.04874858237779907,0.023561380808410998,16
gene_2605,0.7185442467134217,0.015015080221127287,16,0.04009584617833223,0.02143075423824313,16
gene_2606,0.7229843926071164,0.01706517350299974,16,0.10506025547229862,0.07923221427394132,16
gene_2607,0.7196050800725217,0.0165256220585088,16,0.05213358538153723,0.04237480647659918,16
gene_2608,0.7423152831779657,0.006513181811160085,16,0.04716982744265391,0.040887859595027595,16
gene_2609,0.7410355569811174,0.008223332640607721,16,0.027485853917401125,0.019527252249159965,16
gene_2610,0.7604466843937782,0.006478483248413514,16,0.018579615506281295,0.010409705856181176,16
gene_2611,0.7268737832494888,0.018465153822998074,16,0.11109372303513755,0.0828149354796244,16
gene_2612,0.7296325618151572,0.009212760223620322,16,0.09109292866793173,0.04414555271758504,16
gene_2613,0.7512122898581748,0.00669911455224423,16,0.014720342239471513,0.007636197078812563,16
gene_2614,0.7294688681075396,0.015039788001921833,16,0.10613362431990546,0.060758372396087466,16
gene_2615,0.7404460947641403,0.0048270181187909465,16,0.028588590348014992,0.0233146527354246,16
gene_2616,0.7467457851889021,0.007152145514317475,16,0.030695831519448692,0.02547056576504869,16
gene_2617,0.7326779746115807,0.008126986087915362,16,0.04135207905334902,0.0391039011636433,16
gene_2618,0.7514547779572608,0.008462225035721482,16,0.039755086363958844,0.022940113513103755,16
gene_2619,0.7610608064919245,0.0037588113267497834,16,0.016716326409043736,0.012436946960222614,16
gene_2620,0.7481027218867835,0.0066094113112814155,16,0.02481505121025029,0.015935592290715353,16
gene_2621,0.7536177695730468,0.008600004782968528,16,0.047344384039600645,0.030241958064380948,16
gene_2622,0.7651858699812417,0.005825446488881875,16,0.03078118797343899,0.01606400539733759,16
gene_2623,0.7566416157268896,0.006504137485305508,16,0.025193235715342908,0.02058273636617856,16
gene_2624,0.7599278432126935,0.0052596989559584514,16,0.02093593242358767,0.014070419200260377,16
gene_2625,0.7352901234277833,0.009234845013805936,16,0.053468974056867,0.034804420521497716,16
gene_2626,0.7251748729008405,0.00922602170729473,16,0.03430759331587079,0.028367320014064227,16
gene_2627,0.7379710053387308,0.013141927983427648,16,0.07832074972740065,0.04271437876143759,16
gene_2628,0.7354828564281392,0.007889989703187885,16,0.0701374653568967,0.040249642380228594,16
gene_2629,0.7225097613728673,0.014500709245375427,16,0.08787997336097471,0.057968661556762544,16
gene_2630,0.7258294163059451,0.0219677308893296,16,0.10673392449520382,0.07488120188878378,16
gene_2631,0.7492027110147564,0.013332991885888795,16,0.06324193786911696,0.06488998380893525,16
gene_2632,0.718421340117205,0.014113959261360732,16,0.09926016788278258,0.09387358140787819,16
gene_2633,0.7353311794947278,0.009079818187847548,16,0.05502606786215499,0.05131347281176367,16
gene_2634,0.7273420614701914,0.009465844204193193,16,0.0484821927088246,0.0377340058474241,16
gene_2635,0.7506624897621734,0.006495278352994309,16,0.023802505600357206,0.01629548569304894,16
gene_2636,0.7589006074488799,0.005985059336257898,16,0.022877702724258642,0.017021187013959497,16
gene_2637,0.7493036611818374,0.007378880745316808,16,0.027990391091413127,0.023860987578178162,16
gene_2638,0.7522522625259016,0.004428853452459375,16,0.03735524513846692,0.043585856995347456,16
gene_2639,0.7605065522994509,0.005388146766311723,16,0.02177351855188115,0.011184704569529155,16
gene_2640,0.7520109586305381,0.003118935874727177,16,0.027764265566668913,0.016768695216859825,16
gene_2641,0.7430445921841276,0.009145850805506905,16,0.03642414177179543,0.026710820113252584,16
gene_2642,0.725253716610039,0.016283385132665047,16,0.12321547607954093,0.0777809163380006,16
gene_2643,0.7158644452017576,0.015139693831635673,16,0.09144400083297796,0.07467737471520917,16
gene_2644,0.7336629438663523,0.010952043575573707,16,0.026881922475133352,0.014822116715554149,16
gene_2645,0.7564745787738222,0.007889486912294123,16,0.034858153014370966,0.021145831979285334,16
gene_2646,0.7425664504875783,0.0066875752328174965,16,0.029032400371177196,0.022472033180577902,16
gene_2647,0.7422865500730618,0.00488992124733334,16,0.019896335059830086,0.013657667679894011,16
gene_2648,0.7301819160809595,0.014619661991755403,16,0.06541801210849334,0.06050027542483216,16
gene_2649,0.7263042016341632,0.009364734394425814,16,0.0880824526736539,0.05606593629646521,16
gene_2650,0.760213698755729,0.003044036715408911,16,0.013199843399732576,0.007960606579506273,16
gene_2651,0.7365651343989761,0.0071041378114749,16,0.06037648938220913,0.04969362161307076,16
gene_2652,0.7387208799558183,0.008524774313467563,16,0.05887589354916532,0.04074689165345939,16
gene_2653,0.7336850027824797,0.008273523529235426,16,0.06177011652200475,0.04934391614513494,16
gene_2654,0.7633314825365277,0.006637283028981169,16,0.019085861093770192,0.014552592452065917,16
gene_2655,0.7186289271570796,0.012799149034686994,16,0.05443004235218549,0.04546568968724079,16
gene_2656,0.7556813377615696,0.004179930471385445,16,0.03137127993600706,0.021737702136567463,16
gene_2657,0.7107256513347608,0.005869939693893421,16,0.06392413941290226,0.021898365581923165,16
gene_2658,0.7174981688357713,0.006609134220371739,16,0.04944359652378777,0.04159996295178434,16
gene_2659,0.7413099958498743,0.009542776024097473,16,0.037859947520227574,0.023956875340212843,16
gene_2660,0.7286982880239292,0.007796690695058144,16,0.03105901004072754,0.017370381891753446,16
gene_2661,0.757136632089369,0.005336423236529824,16,0.03878830875148739,0.019081203717113634,16
gene_2662,0.7511731180129005,0.004930669661875929,16,0.03542605705196787,0.02217036667639172,16
gene_2663,0.7565011601758986,0.003908933076046317,16,0.021742175301260578,0.012623170439847233,16
gene_2664,0.74319153310472,0.010103538779777651,16,0.03815034591453042,0.020832332248568543,16
gene_2665,0.7367157571795041,0.006284684372539967,16,0.042892020666666336,0.025258916367620968,16
gene_2666,0.7355427405605373,0.007700371362412654,16,0.0362886839610575,0.025351957496323563,16
gene_2667,0.7706436647284876,0.0023656926115102595,16,0.008596277137233682,0.009503878542479706,16
gene_2668,0.7281161283142611,0.006870690595211564,16,0.025479965230895307,0.01582277998307266,16
gene_2669,0.7594974170903359,0.004202320995910111,16,0.04677486164359491,0.023266657338194198,16
gene_2670,0.7263507539165538,0.020286143023984755,16,0.16298720406724182,0.10674584238630158,16
gene_2671,0.7171921303457316,0.020229301582157213,16,0.10293431150209452,0.10099108928574117,16
gene_2672,0.7395306602106859,0.005505057506897697,16,0.03139130212113339,0.026658100167383764,16
gene_2673,0.7189568195849964,0.010959038937621157,16,0.049855718483654485,0.04952703980885356,16
gene_2674,0.7040589718843094,0.013497265537657259,16,0.08328465704995208,0.06573600747004396,16
gene_2675,0.7639167159772755,0.006197056782601163,16,0.016695648976956537,0.012144073436071389,16
gene_2676,0.7561906422475345,0.003377328292205882,16,0.01322768349552704,0.008412355636445306,16
gene_2677,0.7572607643428402,0.002420395632928071,16,0.010376946640739617,0.005410593390412766,16
gene_2678,0.740640767056151,0.012281414276697473,16,0.04260862132016104,0.03331170227596762,16
gene_2679,0.7554608648933789,0.007044495533602915,16,0.022782757161585013,0.016550180192290525,16
gene_2680,0.7323176289033954,0.01482344580942532,16,0.09625701925468144,0.06494751757215515,16
gene_2681,0.7541284853913249,0.006042989046814727,16,0.03126357183512667,0.017508428317167566,16
gene_2682,0.7449684904798686,0.0071657277019354535,16,0.025318293576556933,0.018922036182645853,16
gene_2683,0.7613998291844226,0.004253282437479095,16,0.013589444989072698,0.008832603572170838,16
gene_2684,0.7573293787960116,0.004960981874467212,16,0.025501591535301103,0.031136045721372525,16
gene_2685,0.7297598910768763,0.01004676027859096,16,0.061532345599595174,0.03692847474418507,16
gene_2686,0.7306838977299255,0.01389824869584974,16,0.08978399367359209,0.050058446488405996,16
gene_2687,0.768910569620025,0.003331011527862437,16,0.02518211654462539,0.01960988074246058,16
gene_2688,0.7301837699517164,0.006314265169914841,16,0.0568690430297035,0.028202694973001027,16
gene_2689,0.7237200929308044,0.012526078409871853,16,0.043881392273321516,0.029149047762369408,16
gene_2690,0.7484299801029758,0.007691690680938546,16,0.04467133195732711,0.04460966943316658,16
gene_2691,0.7154693589967778,0.012180006164564765,16,0.07416859174822193,0.0727169894811086,16
gene_2692,0.7188035765911626,0.008557166188235574,16,0.1057396235639908,0.04281354370310011,16
gene_2693,0.7495304108536022,0.0049523961583654375,16,0.027676606146653883,0.018547954086263405,16
gene_2694,0.7545075133291486,0.009206665177283977,16,0.033800507742318575,0.030653119951274458,16
gene_2695,0.7515748680658146,0.006145632831786924,16,0.038670785529066394,0.023313768985574423,16
gene_2696,0.7740576709220998,0.0017176988954012012,16,0.008354121474618037,0.006181643794053243,16
gene_2697,0.7495556154097253,0.005700856881205808,16,0.042974726422150084,0.02427409740135821,16
gene_2698,0.7557560025401423,0.005000995600718185,16,0.03598722202655794,0.01846586024021395,16
gene_2699,0.7228955225883785,0.00932660356465439,16,0.04740584217211621,0.03537487817019688,16
gene_2700,0.7397973427786994,0.00724772806085695,16,0.043143081754099574,0.028464173894759474,16
gene_2701,0.7277856728835225,0.007918779262730895,16,0.04572266629023824,0.02059843055357562,16
gene_2702,0.7410997340868809,0.006744204971183202,16,0.039742690140113564,0.02152111735935812,16
gene_2703,0.7477051020286092,0.005407935850811976,16,0.030123647772567257,0.0148655255791239,16
gene_2704,0.7389338819202328,0.008950735152744447,16,0.04354286627036664,0.03678193626917691,16
gene_2705,0.7451870726136738,0.009005016323511745,16,0.05693191825818257,0.036493045142691305,16
gene_2706,0.7470270505933959,0.006877741068326132,16,0.03481751999609128,0.029940857563659603,16
gene_2707,0.7414570488444645,0.008665474625154674,16,0.031236283132859,0.016974395737852966,16
gene_2708,0.7517283880938661,0.006295196542257793,16,0.031600008261583185,0.013714235439561219,16
gene_2709,0.7379811778761409,0.006616785379394547,16,0.0460167072686685,0.03873016649991859,16
gene_2710,0.727582854800238,0.008425703445091696,16,0.0353263434371315,0.025987929428891946,16
gene_2711,0.7290093683837371,0.014212169997379797,16,0.06936010980986747,0.031195909970298308,16
gene_2712,0.7199880335245488,0.012028308996853476,16,0.08964398568885158,0.06284794234074627,16
gene_2713,0.74924084170502,0.009839995706841369,16,0.03706785773606553,0.02639727677351028,16
gene_2714,0.7479039327256526,0.010227487517221455,16,0.0520581012658056,0.02514076908650227,16
gene_2715,0.7280135163868027,0.009118658603875984,16,0.04952350043407114,0.026608603710832745,16
gene_2716,0.7459216097092379,0.008542193388757667,16,0.03909845517490859,0.03844711192722804,16
gene_2717,0.7230578641383196,0.014444586903301429,16,0.10410353134508392,0.06675486456510715,16
gene_2718,0.7427026062164404,0.011506508216779813,16,0.04793805433031517,0.04493891881572821,16
gene_2719,0.7353938084891305,0.012897148651413592,16,0.0375097090587611,0.013334522369956223,16
gene_2720,0.7134477709729411,0.013045178389807881,16,0.039765292079226654,0.02305508714677619,16
gene_2721,0.7475533408454554,0.005649928620294445,16,0.016073976955987713,0.010300302230893812,16
gene_2722,0.7238279632747386,0.0073983378819077504,16,0.07395263549037176,0.051606995028022046,16
gene_2723,0.7519669073963355,0.01212170787597799,16,0.05210066473336409,0.046525989423447656,16
gene_2724,0.7380118042123663,0.0063319110698827445,16,0.032836096084384044,0.023509302199434468,16
gene_2725,0.7505290659458045,0.004875325369869857,16,0.022873999631865646,0.014445934427846247,16
gene_2726,0.7521961815951956,0.0057348084416141525,16,0.027595122628575375,0.02579895328839367,16
gene_2727,0.764038342409636,0.002657925389704176,16,0.018768900380336465,0.015706660765625883,16
gene_2728,0.73067990803117,0.00834041741651924,16,0.029636353405497397,0.02980001321675175,16
gene_2729,0.7562842970018324,0.0069433173560942574,16,0.05464953246003517,0.024714158344966288,16
gene_2730,0.732599785077414,0.010990434519154945,16,0.04919272560729357,0.03760651763420234,16
gene_2731,0.739976698157553,0.011421927111181484,16,0.04180376014446124,0.025626830717179663,16
gene_2732,0.7403657483701297,0.013523010798831031,16,0.05472616508920854,0.04193614266725398,16
gene_2733,0.7214035632560947,0.008351587627164878,16,0.08198099762603644,0.048935449834219005,16
gene_2734,0.7396545108178368,0.007672303016412206,16,0.01256305795427737,0.008777753677838429,16
gene_2735,0.7586835565603041,0.006145889220163702,16,0.02503198715109101,0.012509145869171812,16
gene_2736,0.7375163685302504,0.005154405730660355,16,0.058703518333848424,0.027813225527371928,16
gene_2737,0.7574270049253019,0.004047540469552842,16,0.025371834309140136,0.019023740127590984,16
gene_2738,0.7088387601806786,0.021992689664593196,16,0.08471959772222462,0.07131166110630167,16
gene_2739,0.7619644589526635,0.00455959570008208,16,0.008038811200371062,0.002965594985882287,16
gene_2740,0.7257876441721747,0.01747105855675819,16,0.0880827907935032,0.047584411078666976,16
gene_2741,0.7479494970038002,0.005718091753730755,16,0.016621404163356283,0.011839308548943654,16
gene_2742,0.763603438944565,0.005126095283181934,16,0.023914160845295684,0.01623275672499878,16
gene_2743,0.7134371589155466,0.01654794774544468,16,0.09371298132663264,0.0511227206860439,16
gene_2744,0.7430259702693938,0.0047407648716939355,16,0.050671955009454275,0.02366842512944351,16
gene_2745,0.7595581617099296,0.004510445433563199,16,0.01464796895211513,0.019699310073176025,16
gene_2746,0.7440660714549405,0.005724575335452377,16,0.045241787927029424,0.035163415881198985,16
gene_2747,0.7451822200417219,0.008842863436929638,16,0.03924801503288597,0.019126002913318223,16
gene_2748,0.7350867891386375,0.011415339149426251,16,0.023670806860529244,0.027395017326940965,16
gene_2749,0.7401326917144008,0.007774835898279171,16,0.025729609706215347,0.021007871259404308,16
gene_2750,0.7500023640403635,0.003954845497900289,16,0.031006313539899532,0.02511735933693355,16
gene_2751,0.7490702938471259,0.006677990320456865,16,0.027533624036609302,0.011428644052601016,16
gene_2752,0.7349521168099097,0.007486773368701734,16,0.04830012345532154,0.03131640208532629,16
gene_2753,0.7298404663369737,0.008161111909833572,16,0.04369873354369295,0.029405297265184947,16
gene_2754,0.7523242608226286,0.008279968037762002,16,0.023366052225547187,0.019469083470920214,16
gene_2755,0.7612906644888817,0.004621331091750265,16,0.012645574532428419,0.008214396405295603,16
gene_2756,0.741711184443849,0.013907696213661634,16,0.06831770076095281,0.0483086270059572,16
gene_2757,0.7361893820815734,0.009018384392201557,16,0.05635587160525224,0.04166003977343607,16
gene_2758,0.7492280734433252,0.005129252057634435,16,0.03295662969699941,0.023747564750277957,16
gene_2759,0.7576356430499522,0.004742545228793507,16,0.016716181423257384,0.015854397854267954,16
gene_2760,0.7477232919069898,0.005813556098956549,16,0.056226207010965035,0.04193874011815733,16
gene_2761,0.7418609340029977,0.011675477629451066,16,0.04906853865022105,0.03617087147926344,16
gene_2762,0.7555420023891399,0.009449439263436507,16,0.05260139585870799,0.034441192793909434,16
gene_2763,0.7518646489741968,0.00540327139349532,16,0.03126658041675981,0.02459503899804767,16
gene_2764,0.7556198922435743,0.005025004209752414,16,0.02526049002448177,0.013042755225567207,16
gene_2765,0.7422121304785304,0.01133362455971059,16,0.05879793864394218,0.019224392534427488,16
gene_2766,0.7427868416155203,0.010270725076374644,16,0.06283319095179093,0.03446615391431122,16
gene_2767,0.7364630132805852,0.011714185504194688,16,0.06921702452026882,0.033980013342318365,16
gene_2768,0.7176614404118145,0.007181621895566309,16,0.03664727285800267,0.031792210768570195,16
gene_2769,0.74833201337003,0.009022970639600997,16,0.032054582139441144,0.023438883885884852,16
gene_2770,0.7374022697460615,0.009906647093748184,16,0.0712750648187879,0.03851694777244098,16
gene_2771,0.7650234091686673,0.004958898507306611,16,0.02295518473042826,0.022237779231190864,16
gene_2772,0.7198899456334023,0.0072485514918839864,16,0.040909373478113194,0.027340839173793253,16
gene_2773,0.7400012700120064,0.004977474327172923,16,0.04108152379573067,0.03251078615459996,16
gene_2774,0.7219199822981034,0.011465067646152582,16,0.04680127460613461,0.03251405019420505,16
gene_2775,0.7328486418573055,0.009940403661223679,16,0.05240875716719153,0.038404281963892804,16
gene_2776,0.7259314531311298,0.015345739893516277,16,0.09879367809020208,0.053223866943924385,16
gene_2777,0.7319902506437496,0.01582301887167348,16,0.13349957368749996,0.060357150494657216,16
gene_2778,0.7498407054219283,0.00894300374107106,16,0.07533887482877127,0.055833590245522986,16
gene_2779,0.7488879644859818,0.004083698310589322,16,0.027197467880993628,0.012363225596159386,16
gene_2780,0.7679709695046111,0.00387278863076903,16,0.031234413955683132,0.013011242420190534,16
gene_2781,0.7651276705488791,0.003858188154153076,16,0.020191306405464328,0.013151951077608573,16
gene_2782,0.7088809021843923,0.015846824362795157,16,0.0749312202830402,0.03977513540735394,16
gene_2783,0.7281089872589418,0.007880065506760922,16,0.04862168106270751,0.028080003688520233,16
gene_2784,0.7719389563578354,0.005306432579864794,16,0.044839456437102576,0.033290798794735434,16
gene_2785,0.7320329213408608,0.011741682264312736,16,0.04839454491593073,0.025458259320478564,16
gene_2786,0.7327703308300442,0.004235442883743928,16,0.028639677409168063,0.021370064297180906,16
gene_2787,0.7278998425995462,0.01343159960293505,16,0.08461371283015444,0.053538342386682695,16
gene_2788,0.7476120736025053,0.00696671997851877,16,0.03310504526243356,0.02579931402516172,16
gene_2789,0.7554853788876889,0.0032967619243262198,16,0.02097576226802113,0.01729561868261258,16
gene_2790,0.7421374775731816,0.007213159280643063,16,0.051082507226914216,0.03312473122846798,16
gene_2791,0.7246240317810686,0.006250605769627577,16,0.042386051544248134,0.015586855138580399,16
gene_2792,0.7508300379661146,0.00529188917230017,16,0.02144341787162661,0.015500465542250054,16
gene_2793,0.747714688701513,0.007897155790432573,16,0.04256329773204239,0.04680365598513584,16
gene_2794,0.7231307093358113,0.021475657522716338,16,0.12008148932302372,0.06630570547161216,16
gene_2795,0.7248834600598392,0.009718197945116839,16,0.0849586731826049,0.07431608301452676,16
gene_2796,0.761549335918308,0.003914130708447292,16,0.022674673925064247,0.01756308367864279,16
gene_2797,0.7628874422551841,0.0033598253499007385,16,0.022547875485781334,0.015401257522434956,16
gene_2798,0.7422314659851744,0.012094656154071739,16,0.08217908358711006,0.0354173925055868,16
gene_2799,0.7500916784155983,0.005597966932245361,16,0.02501458919453673,0.016356005030452717,16
gene_2800,0.754141223016492,0.00424926908441189,16,0.020696418310579914,0.014147195924001642,16
gene_2801,0.7311996894620235,0.007054558812801816,16,0.04689216041789044,0.022119065181099504,16
gene_2802,0.7358729655136715,0.007745191164883764,16,0.044393151591453336,0.04079303281964164,16
gene_2803,0.7456829622743413,0.0055520580200617104,16,0.02973273746603643,0.012221742039092234,16
gene_2804,0.7533103907279951,0.0056246354250235955,16,0.02795400906893688,0.0126893892360658,16
gene_2805,0.7164105029098752,0.009558925936783431,16,0.06027460241585885,0.031236632288979767,16
gene_2806,0.7417508546228399,0.005914923630064679,16,0.04343111762484626,0.032999195236225895,16
gene_2807,0.7514722584873341,0.005088219258460346,16,0.01565202079142447,0.012861668138550221,16
gene_2808,0.7649698835020488,0.003847276850563944,16,0.021965449363407885,0.01082655844297052,16
gene_2809,0.731998773581395,0.006951198045274631,16,0.05029821623294787,0.041337632657828985,16
gene_2810,0.7218507149926906,0.012109005465329658,16,0.06232040501069943,0.04313699955935971,16
gene_2811,0.7308392175612277,0.007830234635112772,16,0.042585822720297206,0.02443631254576409,16
gene_2812,0.7249971732233221,0.008086354334191682,16,0.046460235547693095,0.03995219126941174,16
gene_2813,0.74280499478524,0.007434477391266357,16,0.047427736843911134,0.029496888199441483,16
gene_2814,0.7161704206245872,0.016056520369062237,16,0.06630622895888177,0.05776668097258128,16
gene_2815,0.7544834501493257,0.004847147621408836,16,0.037829587486178914,0.029079177701821963,16
gene_2816,0.7147589216944432,0.0174089199216693,16,0.07157751924178038,0.050409170535566095,16
gene_2817,0.7140322376005048,0.021555332124140528,16,0.1149334608622307,0.04789094792812542,16
gene_2818,0.7227872578950567,0.01485106128242925,16,0.01795908608914367,0.015701439193973064,16
gene_2819,0.7460124656012032,0.01094699352141258,16,0.02470756949095445,0.01839030497149296,16
gene_2820,0.724550592354333,0.012230940434284817,16,0.07228203710432893,0.06664649045265876,16
gene_2821,0.740050481475689,0.006630052813226855,16,0.019315283967488765,0.015074575916433993,16
gene_2822,0.7337200847803794,0.0053607178750095545,16,0.02759795760116006,0.020937664782848243,16
gene_2823,0.7138838999464461,0.02108147438110143,16,0.0767500981869664,0.05139906489934688,16
gene_2824,0.7583460111005695,0.005258963358893146,16,0.01755356764204279,0.015893156244135166,16
gene_2825,0.7392030876808389,0.00838120238350394,16,0.042838057240170334,0.03265281027906039,16
gene_2826,0.7423512516086065,0.007840669510715555,16,0.042804303903825155,0.02762975643762345,16
gene_2827,0.6945162558743163,0.009072672754384042,16,0.02400636465945166,0.016978737158019726,16
gene_2828,0.7338390340327479,0.0077360745355775145,16,0.028097071696959887,0.01842891099189466,16
gene_2829,0.745615569188882,0.007490787260621794,16,0.040026401497295507,0.034696772262152606,16
gene_2830,0.7332676762842961,0.009233256768500073,16,0.027888193659836094,0.008980929102973734,16
gene_2831,0.7262632601478028,0.015885233462512038,16,0.09604516184198732,0.04975900784878302,16
gene_2832,0.7417920652224567,0.008555432841964736,16,0.036074979187726196,0.02424314686333496,16
gene_2833,0.7361650531486258,0.010883499478389496,16,0.029420969858779934,0.016541182498413656,16
gene_2834,0.7557589612723661,0.0052884680410731294,16,0.03652107950253014,0.022241744771693123,16
gene_2835,0.7539963681128772,0.005109352087487003,16,0.016468302698616686,0.009668447766119038,16
gene_2836,0.7577993681508759,0.004544391614493221,16,0.023718051734493296,0.016748689852844813,16
gene_2837,0.7424071170562455,0.01020770189940457,16,0.03459772344248039,0.0320433278680329,16
gene_2838,0.7668667412710396,0.005407276401507634,16,0.016150581044118442,0.010725777712436158,16
gene_2839,0.7078863140881341,0.012508896057209524,16,0.06760997602404949,0.04323106960731658,16
gene_2840,0.7487853616006923,0.0038672564540503233,16,0.025625989913212615,0.018947820409740596,16
gene_2841,0.7294867108897937,0.0095889542842877,16,0.04586433145859982,0.029946017411260354,16
gene_2842,0.7163635885729406,0.017057644952190847,16,0.09894311995837139,0.06329754548523561,16
gene_2843,0.7250661550669444,0.018209563745555185,16,0.11825821114656956,0.07552537682145304,16
gene_2844,0.7437947093884818,0.005267769154675873,16,0.03547875894623706,0.03141084363252494,16
gene_2845,0.7446133151020404,0.006422792493237902,16,0.0328012487010601,0.02187634794860435,16
gene_2846,0.7323353664484347,0.006834909816686183,16,0.03783044831216302,0.023778208371345425,16
gene_2847,0.7397928511216961,0.01187789869605072,16,0.047732207549839645,0.027935013915906474,16
gene_2848,0.7393025288625554,0.00824597355738412,16,0.06485433233202025,0.03893898794341768,16
gene_2849,0.7464785091706624,0.006140610142494266,16,0.022404879110194342,0.020028921008065477,16
gene_2850,0.740200849936519,0.002880892318142597,16,0.02178143647542304,0.012834575454984513,16
gene_2851,0.7122357181091667,0.015470136867152439,16,0.034939402303428325,0.025758036478972905,16
gene_2852,0.7438500313723279,0.007698617188201612,16,0.05078493574731775,0.03573763284075674,16
gene_2853,0.758140040552404,0.00354992999302068,16,0.023386746320031203,0.0134422742296211,16
gene_2854,0.7272734749209191,0.007921779756016689,16,0.05900130834633043,0.037130414261744855,16
gene_2855,0.7085958268615503,0.014003205012455264,16,0.10564448029315993,0.05166457860062793,16
gene_2856,0.7297061412885878,0.014255663214253523,16,0.05572971748466382,0.035253034691672645,16
gene_2857,0.7505886985541529,0.005590403399631937,16,0.03398691976833497,0.017586476267467985,16
gene_2858,0.7376184512536483,0.012494522660352106,16,0.05342228856629575,0.02730816359717643,16
gene_2859,0.7461318675108775,0.010156613834677265,16,0.02651406307987183,0.02083951246962624,16
gene_2860,0.708837117889589,0.009994811529015352,16,0.07320249145462919,0.059240651709845805,16
gene_2861,0.7210587228245839,0.00682185212185552,16,0.04457539806487509,0.03243315969484156,16
gene_2862,0.7473184270376578,0.0093204040244405,16,0.03980209318182415,0.03808743839423834,16
gene_2863,0.7407155270336832,0.0034653804518200355,16,0.021577414759350814,0.01207409654583635,16
gene_2864,0.7407358253100098,0.010010858944974993,16,0.05154521368991068,0.03134961744688874,16
gene_2865,0.7294207311823715,0.009200727584524287,16,0.07064429945658958,0.04407442777415409,16
gene_2866,0.755613088801838,0.006583437928894948,16,0.05047533775392432,0.032913266608712174,16
gene_2867,0.7410611256357627,0.010517224613228935,16,0.04193337093524827,0.028263233046260362,16
gene_2868,0.7664643038275342,0.0030299375436144203,16,0.014844667916242655,0.01418710079145504,16
gene_2869,0.7409143994028219,0.006671115541320803,16,0.03358002356229065,0.022598433610748758,16
gene_2870,0.7431288938084645,0.008826511952008127,16,0.04565463821498129,0.03660773347104125,16
gene_2871,0.7372471493323008,0.009797529009298677,16,0.07561352993189507,0.05222632840144317,16
gene_2872,0.7574871250390922,0.004789073202382991,16,0.009289515260617618,0.006861316227081206,16
gene_2873,0.7135174615009511,0.012418705418284623,16,0.05931566831496555,0.059936509639820904,16
gene_2874,0.7487426603266745,0.005582121939032505,16,0.01530988323612725,0.008810112043827803,16
gene_2875,0.7356016826255328,0.009129103866372655,16,0.03772393012782455,0.026419520027194523,16
gene_2876,0.717909329928856,0.023597990309824547,16,0.10831878163195617,0.0566878293620359,16
gene_2877,0.7451890952622884,0.011090486834946732,16,0.058710878586764374,0.023746829073204037,16
gene_2878,0.7180779356723576,0.00900754169417663,16,0.05016478820288264,0.04636351584162823,16
gene_2879,0.7599143626577871,0.0048164614388925536,16,0.018426724080369786,0.013051660076622333,16
gene_2880,0.7333137139196991,0.010437214637033015,16,0.06641286979171153,0.04896691438833128,16
gene_2881,0.7185162805457257,0.00834190754819931,16,0.07146421658463306,0.03652292095168752,16
gene_2882,0.7139811311887457,0.009912736592814303,16,0.08117865723495295,0.04772218047603705,16
gene_2883,0.7652462791493653,0.0046727199221257955,16,0.015213986644263894,0.014241095202186313,16
gene_2884,0.7358299435843655,0.007696037093523534,16,0.01836659556695218,0.008703068222731992,16
gene_2885,0.7317842159233886,0.010429937367924242,16,0.030244996422561825,0.020675211982119183,16
gene_2886,0.75164666177308,0.007197673516460905,16,0.03405499173017913,0.027262383120626673,16
gene_2887,0.7413587961062851,0.005553341635667213,16,0.0316354432649055,0.017899422081743294,16
gene_2888,0.7372359758472916,0.011554543442322618,16,0.06288897494952389,0.05909817478317324,16
gene_2889,0.7569042247026969,0.006040335084404463,16,0.028311172621845387,0.02461705647253168,16
gene_2890,0.7437052996780706,0.005953157788975117,16,0.023868463068058645,0.016575310424674458,16
gene_2891,0.7206690807304045,0.010556850793375473,16,0.1292832309534037,0.08352571787935005,16
gene_2892,0.7419172829579835,0.008970155796079085,16,0.03729480231096902,0.023583886325039695,16
gene_2893,0.7513622882455254,0.003668424032062715,16,0.014089473065410214,0.013136675511065204,16
gene_2894,0.7451557893718046,0.006797423891340155,16,0.03620463931912339,0.020711791015239883,16
gene_2895,0.7455273611797117,0.010278096443446242,16,0.04749533583540043,0.03152040971223095,16
gene_2896,0.7134876207869576,0.014179744839827813,16,0.0910313865457024,0.03411252211942825,16
gene_2897,0.7600175473225758,0.004311354513329469,16,0.029896335594877577,0.016741443781824048,16
gene_2898,0.7309390453456789,0.0071484746835739545,16,0.04958904576318613,0.03173921815182562,16
gene_2899,0.7391976998637924,0.007585369937046378,16,0.02740144396205417,0.025466164931829224,16
gene_2900,0.7496251587829933,0.0038245252501270754,16,0.016281562068252223,0.01082750228313184,16
gene_2901,0.7546935520321193,0.004991764560205102,16,0.0253488076553048,0.027831847446459536,16
gene_2902,0.7266454174472272,0.01455667040379453,16,0.067407071447106,0.03927225448794432,16
gene_2903,0.7436215503449274,0.007232617902699071,16,0.032989636886284916,0.020239928232963004,16
gene_2904,0.7309966555708821,0.005320410321926017,16,0.029959138606528622,0.022390323099169853,16
gene_2905,0.7322021277233162,0.008608614581840394,16,0.04123359090168427,0.026832268261153838,16
gene_2906,0.749434085466361,0.005804134257694753,16,0.04414770965225679,0.02524579297006924,16
gene_2907,0.7560191066297115,0.004550406178691033,16,0.029542410827531965,0.0197737953445299,16
gene_2908,0.7345894037693732,0.00735624196797105,16,0.05584508920487757,0.033682718181123075,16
gene_2909,0.7616482306390752,0.0052178088474976875,16,0.017112165079763864,0.005607630379040389,16
gene_2910,0.7421060714864203,0.006750876274677222,16,0.05370260362946124,0.04256555931420443,16
gene_2911,0.7108183332755825,0.020414208300359383,16,0.10111195560788615,0.05121255075269781,16
gene_2912,0.739585824936025,0.008387474410635413,16,0.02990073931516804,0.022893902065461262,16
gene_2913,0.7115530474016231,0.010104185357752277,16,0.11643456074364361,0.04976511363551476,16
gene_2914,0.7402236322591194,0.003701231269163747,16,0.021752261974843548,0.013288527149210683,16
gene_2915,0.7360200475989737,0.009914041840141578,16,0.037834533099409706,0.022587842870454282,16
gene_2916,0.7408350421394302,0.007373499996495462,16,0.06152112081889273,0.04246421274974495,16
gene_2917,0.7734071154453268,0.0035545395229163506,16,0.012910925739327665,0.00837655555188567,16
gene_2918,0.7379546410624387,0.006694880162664745,16,0.07728715053814958,0.03235108534308458,16
gene_2919,0.7437925443888234,0.006227738367335547,16,0.02017307635840166,0.016415714979460115,16
gene_2920,0.7794939064699405,0.0021956263644221413,16,0.006906799120208444,0.004008495599611052,16
gene_2921,0.7592492830719813,0.003984636100067304,16,0.03944039920628433,0.020018551147204983,16
gene_2922,0.7451158645674427,0.00728471010254301,16,0.024296919365589975,0.014397472764814491,16
gene_2923,0.7400235476632857,0.0073346410821306055,16,0.023458645148786483,0.019742391108632042,16
gene_2924,0.7399414190521659,0.0071678808997283966,16,0.04485650517937297,0.035310916877194176,16
gene_2925,0.7559472179721703,0.003676193643987491,16,0.021476978408668308,0.015620744102884084,16
gene_2926,0.7151407415950746,0.013262742047014865,16,0.06574772646725155,0.0506511238580712,16
gene_2927,0.7438987652535154,0.011075624862088691,16,0.0371298053168629,0.031967256926847334,16
gene_2928,0.7218183600562483,0.011008943107561057,16,0.03348865250923074,0.018732158347427353,16
gene_2929,0.7460296907139191,0.00923270191489789,16,0.03411690783819592,0.02747115801400514,16
gene_2930,0.7591790254094792,0.005075756558467592,16,0.017200421618851037,0.008129939384069626,16
gene_2931,0.7248454101847,0.015105153994748901,16,0.06914096771012905,0.041236204610896485,16
gene_2932,0.7402305900981996,0.006939283586025892,16,0.0534843105826579,0.0296466476464841,16
gene_2933,0.7495661506914231,0.0036437428753104233,16,0.01908794214222637,0.018049964376741594,16
gene_2934,0.722417345094685,0.010614275435194963,16,0.06517539979814457,0.030902104709854092,16
gene_2935,0.7489109872848435,0.005317714089033468,16,0.037216593466796975,0.019378243153138422,16
gene_2936,0.7496929756638258,0.006735163718770891,16,0.02637955936839601,0.018016490354533825,16
gene_2937,0.7412599022939688,0.008455642197634018,16,0.03577278293326244,0.027791147142302033,16
gene_2938,0.729553541957968,0.006725746021403876,16,0.029278178214575908,0.02268702830597243,16
gene_2939,0.7537396173025679,0.007752416691465254,16,0.019644948990762457,0.010361480035719876,16
gene_2940,0.7661711071021967,0.003945655768556599,16,0.021452496095356332,0.01358559262864024,16
gene_2941,0.7419909267652931,0.010259821286436217,16,0.04166799881394493,0.03769660475731883,16
gene_2942,0.7545902128046965,0.005390405793949343,16,0.019972352483107556,0.008953240711258912,16
gene_2943,0.7433625138314398,0.011254010822921991,16,0.04494486989198734,0.02609368437398098,16
gene_2944,0.7192128465759848,0.010645191980533346,16,0.058779958672721414,0.04356943488974167,16
gene_2945,0.7521793280619601,0.0076215385682873995,16,0.029659286956684603,0.024751130506822296,16
gene_2946,0.7557908674952883,0.004880494636926126,16,0.028945751020125914,0.01743917623907842,16
gene_2947,0.7579778585767813,0.006072071717478066,16,0.021731801670679077,0.02012420358110057,16
gene_2948,0.737020014620394,0.00576348490329198,16,0.03031482066377776,0.02358780637696627,16
gene_2949,0.7772987588961591,0.0037608415711749684,16,0.013237813136637258,0.010006409467035803,16
gene_2950,0.7480368581992677,0.004981757682232795,16,0.02808428452518315,0.01769562282493327,16
gene_2951,0.7437878564650429,0.006340670164953065,16,0.052962132427014336,0.03490768924942488,16
gene_2952,0.7177426769298894,0.011107877333318491,16,0.05579699746886241,0.0434509762675378,16
gene_2953,0.7293520588496533,0.009614013827390043,16,0.07293681994884219,0.03991734962065091,16
gene_2954,0.7321012240171808,0.012387492385183425,16,0.07936057922515226,0.04080854098866346,16
gene_2955,0.713098562752019,0.016313813158492677,16,0.0909338055989236,0.06040167452703317,16
gene_2956,0.7674201721372598,0.0020640484609910476,16,0.022285272860723286,0.023284068719679085,16
gene_2957,0.7516215341103276,0.006151581227579724,16,0.030688603346121647,0.019092346418160135,16
gene_2958,0.7064006969585667,0.018074798317122782,16,0.06085916444792742,0.032485969852203485,16
gene_2959,0.737574612896321,0.0069575813082427464,16,0.03737507961217648,0.02252392491466233,16
gene_2960,0.748446069540451,0.008294565696571077,16,0.05340278613034374,0.028053831413580636,16
gene_2961,0.7416169648312311,0.0061074429114067975,16,0.03652734264905047,0.020511055543897795,16
gene_2962,0.7775441875846913,0.003848242766334945,16,0.010139510572797756,0.006383303522309257,16
gene_2963,0.7269493271567549,0.008269004955217263,16,0.025020465887273927,0.018177248339646564,16
gene_2964,0.7626652353394247,0.005872905179798781,16,0.010629226782037064,0.007119542628982199,16
gene_2965,0.7319524892187715,0.005642537442479585,16,0.033418551063893985,0.021184192943281478,16
gene_2966,0.7726117384263167,0.0031349911962953243,16,0.015846240895953694,0.012752634477119933,16
gene_2967,0.6947915263801809,0.014821386931754648,16,0.07699521754585888,0.049860939604913085,16
gene_2968,0.7460135032131089,0.006096874138839017,16,0.028987976315195566,0.02390659693473925,16
gene_2969,0.7710793161304191,0.003266841677922934,16,0.009401685291608333,0.005490608235303128,16
gene_2970,0.7528532670023781,0.004555273268364684,16,0.04259627057303401,0.029464904320429888,16
gene_2971,0.7299427144334534,0.012454801835917519,16,0.09978509892340598,0.07099807544778111,16
gene_2972,0.7190700339187317,0.018593116161280506,16,0.1344862045877438,0.07505420153510564,16
gene_2973,0.729638396005935,0.007194270088461826,16,0.051299823276818285,0.028292947628419437,16
gene_2974,0.7147492366193327,0.012192784733825315,16,0.059721223389594916,0.04926606557278548,16
gene_2975,0.7172856060663579,0.015163647460750626,16,0.08159448360970678,0.04339528287522192,16
gene_2976,0.7640396378729188,0.003450413851643203,16,0.014673541174985292,0.011395772250649912,16
gene_2977,0.7441032370256568,0.006983291859151174,16,0.03146510391720118,0.028118664941062514,16
gene_2978,0.7210506144177768,0.011369296072888075,16,0.05763431564537278,0.033417623248278794,16
gene_2979,0.7206838720201318,0.008572286632908467,16,0.03534321042563734,0.02188776505205596,16
gene_2980,0.7194319913775242,0.011185567671633532,16,0.07315633562437125,0.04547570303462493,16
gene_2981,0.7446300993248884,0.009540426765950958,16,0.05000855252626493,0.03776347548526008,16
gene_2982,0.7476542710881962,0.007992075931477952,16,0.04410464917342585,0.02958174933362236,16
gene_2983,0.724263577811129,0.004409217342175961,16,0.040892518902754686,0.03544337222397574,16
gene_2984,0.7654826761268358,0.0035973944628629653,16,0.01929267190613693,0.019850175454011403,16
gene_2985,0.7189369169401502,0.012270156991279325,16,0.06810186661505964,0.033467112554659735,16
gene_2986,0.7219053967101818,0.014745135785600709,16,0.06214142247023343,0.04100664370422726,16
gene_2987,0.745966673874429,0.0058679457943587865,16,0.030076294556605637,0.023011413272842726,16
gene_2988,0.7210526350090649,0.011985571756438032,16,0.09282159533185629,0.07509392243388971,16
gene_2989,0.7525346151436328,0.00503538277403221,16,0.052009903049740014,0.028183831902969216,16
gene_2990,0.7193375755572836,0.017280310704395115,16,0.08550294069673131,0.0537794746699894,16
gene_2991,0.7197744126855732,0.012018620609973241,16,0.052103721728372854,0.04637215928269543,16
gene_2992,0.7662067699124335,0.006453663069270622,16,0.03191331163873959,0.018709526709865937,16
gene_2993,0.7366895211689081,0.006203236564189058,16,0.02844028994056208,0.022084051033185875,16
gene_2994,0.7484009813940251,0.007563578746897446,16,0.0575748352658439,0.04563569142714212,16
gene_2995,0.7302186039703746,0.009979082939597051,16,0.040172772616470134,0.02436865407487514,16
gene_2996,0.7572901679260996,0.006980569123281697,16,0.04412361233463635,0.038936093708484616,16
gene_2997,0.737638403543476,0.00557654737607916,16,0.059145061943467823,0.0362951983557879,16
gene_2998,0.7259945293934777,0.019843836099368923,16,0.09124195848696702,0.09293089425479652,16
gene_2999,0.7651838326551536,0.005341282975206361,16,0.020002974618604587,0.01655897822379708,16
