,Psi_mean_strain_celltype,Psi_std_strain_celltype,Psi_valid_counts_strain_celltype,Zeta_mean_strain_celltype,Zeta_std_strain_celltype,Zeta_valid_counts_strain_celltype
gene_0,0.694047535328365,0.0066807803198343785,16,0.18479942137501107,0.02992762957616906,16
gene_1,0.6910564844601034,0.0034283621458110905,16,0.15092117939994878,0.016801986546739287,16
gene_2,0.6962153608002408,0.008997896596161514,16,0.19971693907982457,0.040719815570237995,16
gene_3,0.6918152327506621,0.006682655276326182,16,0.21232951822025048,0.03605834801351707,16
gene_4,0.6961787506706594,0.006468411335520237,16,0.1802619652465715,0.03447054412022387,16
gene_5,0.6926817190612626,0.003929388187138089,16,0.17598201691262208,0.01767684755212256,16
gene_6,0.6976305996228586,0.008071742295448898,16,0.2014148384140517,0.022491141320218167,16
gene_7,0.690985220916544,0.009682773693177637,16,0.16051309173614325,0.045983554560156736,16
gene_8,0.7017979455002024,0.00847758526007544,16,0.24206082109367405,0.03592445979391745,16
gene_9,0.6956764304598653,0.004968315417777885,16,0.15313858924344495,0.028165951854754866,16
gene_10,0.6938447491055568,0.009309349385627852,16,0.18347464541734068,0.03786959744951654,16
gene_11,0.6952386840155503,0.0037012395390311334,16,0.18857606275780242,0.028905672559101616,16
gene_12,0.6946210884848136,0.007769090504714985,16,0.2296808873920625,0.042143839053293115,16
gene_13,0.6846553897750992,0.008543626711765584,16,0.21334362674631702,0.03527836674971951,16
gene_14,0.6997877725279718,0.0067312194827477065,16,0.24466570059136797,0.03338675731238376,16
gene_15,0.6889765205122415,0.006020073861506235,16,0.2132532996911383,0.034702678209577696,16
gene_16,0.6930281787650802,0.006760924835829781,16,0.19533446163115784,0.022879982799090974,16
gene_17,0.6976551693851545,0.00842789728869733,16,0.19000577632411852,0.047561441995999466,16
gene_18,0.6945022173095625,0.0038981005181515874,16,0.176894619846739,0.016324539168399623,16
gene_19,0.6925834792550586,0.006420171243477506,16,0.1545915906992526,0.02906600358018407,16
gene_20,0.6944664453074124,0.005531993145765725,16,0.1357528330523864,0.02849443846050195,16
gene_21,0.6973273920031885,0.00974566563840433,16,0.23871885210899194,0.0436594357222961,16
gene_22,0.6946071096456958,0.010884742831471115,16,0.22609121371712565,0.0393822687415693,16
gene_23,0.6956648623642046,0.00496663306305594,16,0.1660734783922796,0.02224760467915513,16
gene_24,0.69701082826336,0.009413940832070413,16,0.20544437635180113,0.054322273704086016,16
gene_25,0.6942683847140465,0.01629949124099708,16,0.212433190681138,0.07185515852008924,16
gene_26,0.6954831341742597,0.008448418910572963,16,0.21004531388133976,0.05103741452784481,16
gene_27,0.7047323875388978,0.008475945747864496,16,0.23424247777315235,0.029075731391368348,16
gene_28,0.6942047145731687,0.0055009644642236765,16,0.18455280223835693,0.027485204285150982,16
gene_29,0.6936279190859524,0.008272884141099645,16,0.19333094430591105,0.041508039672147015,16
gene_30,0.6966249710529415,0.007986913393253308,16,0.2133257229463652,0.028039721050330615,16
gene_31,0.6933596400212867,0.006623879425838689,16,0.16779619100242557,0.030356893737601847,16
gene_32,0.6901240351173434,0.011072505652785667,16,0.21121256597641905,0.05342288886162702,16
gene_33,0.6979488424353835,0.009118952264657976,16,0.2252080328389619,0.0316122049944301,16
gene_34,0.6964965635712268,0.003977405872470188,16,0.17338735021592355,0.023268553428613233,16
gene_35,0.6936684270401169,0.006308896273513958,16,0.17585058860334524,0.023700470651523736,16
gene_36,0.6867165052236114,0.008497679267225179,16,0.21676136838685817,0.04036706935940795,16
gene_37,0.7022269464704238,0.006656557322013128,16,0.22979463823106588,0.041293956770198766,16
gene_38,0.6943081793075235,0.008234424670209092,16,0.20227879176596106,0.03749875883234732,16
gene_39,0.6902201767522868,0.008247256538305223,16,0.2183643953234876,0.04126157064443854,16
gene_40,0.7041331966389284,0.011330491600745004,16,0.31112099311276314,0.04228893307977444,16
gene_41,0.6902872145833793,0.006124398778757874,16,0.1946372308867936,0.046589607290048594,16
gene_42,0.6924606616421765,0.0059066938114216965,16,0.15381670733187483,0.03170131461056664,16
gene_43,0.6968672778227926,0.012307734744511623,16,0.2335232547920091,0.05687376377478499,16
gene_44,0.7000152286650542,0.007546173770724855,16,0.20815989025289391,0.035434179372358245,16
gene_45,0.7005523523751898,0.009154536116918827,16,0.24095536511133264,0.050404691921026264,16
gene_46,0.6950857448194889,0.008191380221754628,16,0.22665094454045237,0.031206289997376353,16
gene_47,0.6951266633173327,0.004079591594901395,16,0.1572586737192325,0.029223418505511085,16
gene_48,0.6996598294771683,0.007411610717347599,16,0.20360784401843973,0.03337776172255091,16
gene_49,0.6940990283023512,0.003847178891032912,16,0.1555826498531816,0.020197051068040914,16
gene_50,0.6944665583560521,0.017427851676633136,16,0.25582216174788464,0.05608347791473907,16
gene_51,0.6957610491370473,0.006269641292961825,16,0.19093484381739972,0.03813002811068907,16
gene_52,0.6975710483891261,0.009309085140647603,16,0.192042731895158,0.03649841875770968,16
gene_53,0.6917453145832824,0.006081927002965215,16,0.17119046762199974,0.017323333533315343,16
gene_54,0.6932329092418742,0.005718899583513465,16,0.1862847004163899,0.030182002972223645,16
gene_55,0.698827708552903,0.016764993349938494,16,0.24561357314608565,0.06647239692344539,16
gene_56,0.6947560721530712,0.008866920377612577,16,0.1512363160541381,0.04203165191267548,16
gene_57,0.6904161550559693,0.005452131680662792,16,0.19616941296235318,0.015525898271398537,16
gene_58,0.7018936490602284,0.002415765763533962,16,0.19354900882434256,0.015111145106945995,16
gene_59,0.6984395536494051,0.008020800794420352,16,0.20387793700089862,0.03811636970797225,16
gene_60,0.6979227888030965,0.004689611674143681,16,0.1723832105593198,0.024975341834307396,16
gene_61,0.7009850481546732,0.009594846011220817,16,0.26122640410490194,0.045193964647493624,16
gene_62,0.6957060336242352,0.010432698239026542,16,0.20392606002222302,0.058854404772911775,16
gene_63,0.6919980978906194,0.007755972415684798,16,0.15420507918644727,0.03442600167169573,16
gene_64,0.692008289421441,0.008210351506909927,16,0.21029307723139556,0.050534355791757,16
gene_65,0.6953671206103117,0.008022800797235765,16,0.2278264173398298,0.03436505791971503,16
gene_66,0.6952865126345068,0.006121872756179749,16,0.20627332785284466,0.026878765196685687,16
gene_67,0.6983512398424431,0.006384175483123005,16,0.20580367239101938,0.032242456592534996,16
gene_68,0.6954510382011925,0.006689642582201514,16,0.15210565587903796,0.045196245602082075,16
gene_69,0.6982889427102437,0.015831964542261535,16,0.2679237238514328,0.0636561310028427,16
gene_70,0.6869078238534114,0.008626898666588419,16,0.1706264339650189,0.04269441936259534,16
gene_71,0.6970226927082681,0.004974865618412353,16,0.15943724994177588,0.02905456939557765,16
gene_72,0.6926381792422825,0.012151482877804634,16,0.1839380699153225,0.04817918212829287,16
gene_73,0.6960528360294834,0.006404963747242652,16,0.17039723107084204,0.0444412476097482,16
gene_74,0.6929246175910785,0.006577798016266092,16,0.1853464916308146,0.029044674212851587,16
gene_75,0.6979060631204124,0.008836924938666658,16,0.207432110613407,0.04462333903331725,16
gene_76,0.695806178736271,0.0028655123305825684,16,0.16065322026091677,0.020610951299862783,16
gene_77,0.6897252998412692,0.004042185838425465,16,0.15433238941643515,0.017594650676199846,16
gene_78,0.7001017550151745,0.009452023786381639,16,0.2177184446263475,0.03832289978903111,16
gene_79,0.6912469735032775,0.008261742219613673,16,0.195349097098537,0.032434698651888354,16
gene_80,0.6980546312135516,0.011126878308244449,16,0.21091868079250015,0.0524796827381324,16
gene_81,0.6931628763864077,0.008855482621182588,16,0.19772590167165702,0.04706153166712801,16
gene_82,0.6981556916399791,0.01173961475086501,16,0.24010741319755488,0.044550899348157764,16
gene_83,0.705658646266266,0.008202009273611645,16,0.21006640386969558,0.038342705962467215,16
gene_84,0.6903434674810642,0.005186449654073758,16,0.1967052839291453,0.02127302072939814,16
gene_85,0.7044977026125064,0.008453827669786473,16,0.24173963060224674,0.033943077366174454,16
gene_86,0.6926553180554482,0.007393984611265761,16,0.1671584636308862,0.02692585077942111,16
gene_87,0.6986155178707522,0.012320788889742426,16,0.20878862096408768,0.04605909291844028,16
gene_88,0.7097170069435962,0.013283186546389908,16,0.3053237509306167,0.04640717997046259,16
gene_89,0.6978342206926708,0.010480838037858653,16,0.19088189920056306,0.04903069848487982,16
gene_90,0.70237915095705,0.010485694471456855,16,0.2339477440828749,0.0519276932186383,16
gene_91,0.6958970232707052,0.006778107492449497,16,0.21287517435457948,0.03774102279989797,16
gene_92,0.6957873176391043,0.008996405535109662,16,0.20040994289151226,0.03480537023541062,16
gene_93,0.6963758468813481,0.003220567282697084,16,0.15304484773254465,0.02205543138939347,16
gene_94,0.6939877843967241,0.0025065423243269785,16,0.18332052545783903,0.015484285860878836,16
gene_95,0.7030127812458521,0.012223347698091755,16,0.2705101787265474,0.0512958756726516,16
gene_96,0.6949139370433696,0.0035239963188015947,16,0.15232822945230295,0.022263176812759345,16
gene_97,0.6922459992054588,0.008704229234269254,16,0.20138232321177055,0.03743750981120619,16
gene_98,0.6881250324769991,0.006515606712570579,16,0.18371336100470606,0.03530810662318739,16
gene_99,0.6976749815992334,0.005244303908238033,16,0.18941156675442233,0.03151337018345419,16
gene_100,0.6927636714941587,0.005376186903612426,16,0.18391778351884908,0.02119684834158359,16
gene_101,0.6874460423286822,0.008105979392994357,16,0.20525620403242836,0.04162946155681811,16
gene_102,0.6995020391465316,0.006313817683275819,16,0.1883383477280555,0.022301640892451718,16
gene_103,0.6990916388903049,0.01135607859068178,16,0.21672347425767483,0.04153047199038091,16
gene_104,0.6913286447735982,0.0037648646178546122,16,0.1369585966275644,0.014360695808366054,16
gene_105,0.6924687105158109,0.016990903011635482,16,0.21715889860137863,0.05922252197777409,16
gene_106,0.6849127824571581,0.005563425166911181,16,0.17246978554752287,0.02979798819119556,16
gene_107,0.6965938770382749,0.005826198909173687,16,0.16381991654100356,0.03623215514691447,16
gene_108,0.693511208195368,0.007988349413487226,16,0.18996192554801733,0.03588569578588259,16
gene_109,0.7012099314199619,0.010893535876345416,16,0.2438588816712985,0.04467871069822867,16
gene_110,0.6957727148481819,0.004178455336098396,16,0.1902776300539297,0.021203023803445516,16
gene_111,0.7039762074062846,0.01778579228946216,16,0.3199434983413746,0.0624667226066357,16
gene_112,0.6910888106294347,0.004944958385599398,16,0.18479855283261867,0.03633027592461284,16
gene_113,0.6945332736252945,0.009292438686548625,16,0.19878509620639312,0.043015763394702984,16
gene_114,0.6978119525146136,0.013225886789530612,16,0.261286361098978,0.05086626975476533,16
gene_115,0.6941902088039659,0.006723831290967908,16,0.18329817887613908,0.027117136220806606,16
gene_116,0.6897905468610568,0.009994517187756465,16,0.18595418192854765,0.041374577838098225,16
gene_117,0.6997848532065213,0.0070315033263281465,16,0.18498883040166467,0.038457015604933864,16
gene_118,0.696907726015884,0.00804680787076581,16,0.19301900372364408,0.03518419113245375,16
gene_119,0.6972575780730409,0.003676757169321588,16,0.20429277989164846,0.027407903833278464,16
gene_120,0.6900451277270013,0.006960108851314311,16,0.18380881938333463,0.028493167214277734,16
gene_121,0.6951267652542279,0.0075159572412415165,16,0.17364218286336075,0.03812810312129772,16
gene_122,0.6991726919381874,0.015498569228678013,16,0.23178936693218322,0.05535181288437468,16
gene_123,0.6913840387744523,0.002714988664798579,16,0.15527742379663867,0.01777800311064903,16
gene_124,0.6932543205458487,0.005486525610151561,16,0.17009078958165388,0.028969283778571955,16
gene_125,0.6987128814096899,0.004510264975002763,16,0.17265981914431897,0.0261528695956128,16
gene_126,0.7090451882682989,0.011440933745237924,16,0.2658427689964265,0.050792910148499466,16
gene_127,0.6923226020812215,0.005118964034603265,16,0.19474746746819657,0.016232750594761494,16
gene_128,0.6933410515038552,0.0069188604741114235,16,0.21749552574546543,0.03448541970681808,16
gene_129,0.6915528125238048,0.007713699075585404,16,0.16469289212544005,0.03791898861797381,16
gene_130,0.695757766021567,0.007862842346765254,16,0.22393329755904504,0.03132835416226873,16
gene_131,0.6917121285567257,0.004942201987151095,16,0.16743281782299133,0.022405997108770302,16
gene_132,0.6938333419685968,0.00808868636761006,16,0.1751517307627192,0.03781287457535462,16
gene_133,0.688945476995768,0.008590627859558496,16,0.18072401979790434,0.04134615510784422,16
gene_134,0.6967959115197542,0.00675379970078061,16,0.19793711092578153,0.031701929321775735,16
gene_135,0.69710530719345,0.005196851746384436,16,0.1892104597738911,0.028825574814027435,16
gene_136,0.6967889916342123,0.004066204560187689,16,0.21377484053710988,0.027825365773174168,16
gene_137,0.6968825756050533,0.006079909884196959,16,0.1782083228931129,0.033549009417246506,16
gene_138,0.6901400159707494,0.013117026479098317,16,0.23266072590766534,0.06000080849163968,16
gene_139,0.7167198958434623,0.01217960780625575,16,0.3207730981645865,0.051801735420561906,16
gene_140,0.6932672688985492,0.0076881857020996945,16,0.2019042799851502,0.03225776952043205,16
gene_141,0.6927416504992181,0.005705481414502271,16,0.1726389941867978,0.02990213289782776,16
gene_142,0.6924848820521443,0.007182040796435159,16,0.20165430895714903,0.038386377195079535,16
gene_143,0.6922512335463572,0.0053491460469691976,16,0.16881652733469374,0.027823107027828486,16
gene_144,0.6897468036962339,0.009252667896828054,16,0.18024496896487532,0.044859638014869536,16
gene_145,0.6973062837551197,0.007459399249665331,16,0.225060169284977,0.04041606714275083,16
gene_146,0.6896337792428235,0.011916270402411113,16,0.1723404439473598,0.04902476056004587,16
gene_147,0.6977637289159172,0.010203597338919823,16,0.206500241121381,0.040508643587239136,16
gene_148,0.7004880422899517,0.00624709396694223,16,0.1982903071295827,0.0291338343813502,16
gene_149,0.6866887448836283,0.004406254540522664,16,0.13981866090633044,0.027575935733973947,16
gene_150,0.6941251478312621,0.005550558273341457,16,0.17509799089784392,0.020577237146484472,16
gene_151,0.6955894298515204,0.002323295914771516,16,0.16194207923942555,0.021154131685764452,16
gene_152,0.6957896475520449,0.011155508762082557,16,0.20003818333948858,0.04962488431033412,16
gene_153,0.7016871765549728,0.017278254226131377,16,0.26824250128645755,0.06782353401472441,16
gene_154,0.7038849828779139,0.010806818379493634,16,0.2652315390011299,0.04529143161691555,16
gene_155,0.7066477303723219,0.0050822756954599264,16,0.2465667603861761,0.031287200191418195,16
gene_156,0.6984823719319868,0.004187437983168234,16,0.17958857564549557,0.022754460115903267,16
gene_157,0.6873175598462271,0.007594272630156092,16,0.1967456599226395,0.03083569218854453,16
gene_158,0.6953096255284915,0.006675668420098053,16,0.21579004801192928,0.038149609542106604,16
gene_159,0.6916126280652528,0.007100337768761577,16,0.17307080066078184,0.039414106671496446,16
gene_160,0.7045162047968401,0.013939070416083622,16,0.24147699682583101,0.052735659265655974,16
gene_161,0.6980214842309977,0.004090941087337566,16,0.18867309355915712,0.018480820617482383,16
gene_162,0.6926412436158921,0.0034157125419734583,16,0.20846260326600374,0.027994058693736005,16
gene_163,0.6943299493693609,0.004999820150389654,16,0.2095082783496426,0.013752274325658648,16
gene_164,0.6949437297676091,0.0055619887270005434,16,0.1882113078146136,0.017723705540628208,16
gene_165,0.6991108771001612,0.008621381424047492,16,0.21390573111722128,0.04953674769307538,16
gene_166,0.6976263805223791,0.009243724001129031,16,0.21014537768864505,0.036392116711422354,16
gene_167,0.6937404728397143,0.009939230441744084,16,0.2061776008217251,0.042088177233378,16
gene_168,0.6983903406322666,0.008258342736648383,16,0.2068397258658106,0.03537706719412678,16
gene_169,0.6959484394842518,0.0033998659190184305,16,0.2115806173605881,0.027941456797808566,16
gene_170,0.6974197455021329,0.006538491027278997,16,0.19818333880450775,0.035780393355280674,16
gene_171,0.6875793860603158,0.006650545551863086,16,0.19450158225377992,0.0416902816218243,16
gene_172,0.6964451251049713,0.01194161528629021,16,0.2075325344873288,0.049784094030264264,16
gene_173,0.6896063301695003,0.0069400964286853144,16,0.1592604112798601,0.02517696431366652,16
gene_174,0.6924935614691603,0.00668160183632597,16,0.17410743196456693,0.0322744389990573,16
gene_175,0.694179117516299,0.006211550669279725,16,0.13885095163248354,0.03321456099924151,16
gene_176,0.6908114753856691,0.007493051694632849,16,0.1833743435564298,0.028359148025057332,16
gene_177,0.6960019336187107,0.005608180154780995,16,0.2023313537475241,0.01739785756204609,16
gene_178,0.6877245192329758,0.008625172867939328,16,0.17926467404545238,0.029613677861047828,16
gene_179,0.6946094868999665,0.009172539755853365,16,0.23195562583967871,0.031524663532775055,16
gene_180,0.6926109237620357,0.0031410405739347507,16,0.16692135237091535,0.023484494739337648,16
gene_181,0.6940348120291151,0.008592948107202363,16,0.24386291070702307,0.033457821390578325,16
gene_182,0.6914663330672703,0.006322917375621206,16,0.16429715097863168,0.03039791179346574,16
gene_183,0.6996554799936175,0.005416780571408705,16,0.1877311649507725,0.027930272413834133,16
gene_184,0.6952560328226597,0.004030109249091782,16,0.15470631451208497,0.03137943130582193,16
gene_185,0.6992649063435152,0.00819672517242842,16,0.19827887482430553,0.03780909532459201,16
gene_186,0.6891361272242404,0.00840523181805784,16,0.15243777240253753,0.02938471177708961,16
gene_187,0.6955006613440076,0.00638977006359364,16,0.1695006432846162,0.028119555297303606,16
gene_188,0.6992195386562651,0.005816681250802962,16,0.19919160590496413,0.03677377961352425,16
gene_189,0.6907326205904324,0.007428675004131515,16,0.20010497882809855,0.036396703452085205,16
gene_190,0.6959407723725102,0.0028820265597269347,16,0.14761763285260202,0.015061859434596616,16
gene_191,0.7013876262668506,0.007634055799363551,16,0.2353840276640209,0.026482190542391308,16
gene_192,0.6901839044425736,0.007923564680526924,16,0.19170324798130936,0.026234086527214324,16
gene_193,0.6971215181310773,0.006109659145738108,16,0.1820805425752068,0.014619585374403995,16
gene_194,0.6915627203800437,0.003509750550418505,16,0.11761989958688542,0.017233182082267037,16
gene_195,0.6928949507732519,0.006089641632889139,16,0.16933176084561985,0.028529892220745118,16
gene_196,0.694826176000751,0.0033432578389965702,16,0.16341069173985134,0.025055174590831637,16
gene_197,0.6994206836501788,0.0066030516621675295,16,0.23298484196725233,0.02635634615339413,16
gene_198,0.7026063101743037,0.006746459820103323,16,0.23417880058714677,0.025092845730278514,16
gene_199,0.6946318864903895,0.008383509577100644,16,0.21638746594584785,0.04222019023350118,16
gene_200,0.7078051495050663,0.008184169365922932,16,0.17398917747342857,0.028055088121689747,16
gene_201,0.704853295790771,0.003754174743548171,16,0.12387402425195906,0.020360348258676744,16
gene_202,0.7011795381735931,0.003924472467449858,16,0.16310660597851476,0.01941058437765922,16
gene_203,0.7022483960434464,0.004326597568275529,16,0.12985536730287475,0.014231116083850456,16
gene_204,0.7068816491955019,0.0023327403848594336,16,0.1442469414715473,0.010714858577179704,16
gene_205,0.6997263966400464,0.006780966735724501,16,0.12448907235822183,0.028039343231945058,16
gene_206,0.702829463264304,0.0029436219668565154,16,0.14628252467044808,0.021029398018250867,16
gene_207,0.6928306351425881,0.010625398386913489,16,0.19458358963221986,0.02158608226031004,16
gene_208,0.7064842240808773,0.004496462402575155,16,0.15217853189277564,0.024089375375865644,16
gene_209,0.6958452145432378,0.007146029128235481,16,0.13019392696698665,0.025087549389455722,16
gene_210,0.7037646208587331,0.0098831813448282,16,0.18099825918706272,0.032336724039394645,16
gene_211,0.707385026171783,0.0053032633072498895,16,0.15052709434065364,0.02260174458949564,16
gene_212,0.7020776645318106,0.004775916930601558,16,0.14938474214712646,0.028563216321563955,16
gene_213,0.7038673252474642,0.0037163198830477313,16,0.14888755005810483,0.02356680250348594,16
gene_214,0.6988126111327057,0.004356256916948782,16,0.13025053107134407,0.018309247563819436,16
gene_215,0.702943812879707,0.005012177928525165,16,0.14201666662238135,0.016227697188132335,16
gene_216,0.6965349922634461,0.004230365611466467,16,0.12940257469286295,0.01644629229485921,16
gene_217,0.6966049125146268,0.005287114054203167,16,0.12573646228213073,0.020818375669503397,16
gene_218,0.7064867286447345,0.006689297675954093,16,0.16165199475789466,0.029876738565648688,16
gene_219,0.699577645022616,0.004904504646600989,16,0.14038917229609754,0.017091948380959995,16
gene_220,0.7036210686505658,0.004280257796323677,16,0.1358643890036185,0.02278743355253628,16
gene_221,0.7018201373968195,0.0034361614049116837,16,0.12375904781670362,0.013073236302520917,16
gene_222,0.705600042119322,0.007366675011189391,16,0.1683247992030875,0.029365001636846216,16
gene_223,0.7042116378296385,0.005404802167662828,16,0.15103360928291049,0.023691193710495006,16
gene_224,0.6987783509758049,0.0020712967646114703,16,0.1289171507671016,0.013856553508075386,16
gene_225,0.7074094484081563,0.004483625252706644,16,0.19238070154733192,0.015964648849848384,16
gene_226,0.7073394782631652,0.003983997707154734,16,0.1362064782925613,0.016387220467590505,16
gene_227,0.7044989597982196,0.004861559880372297,16,0.16795405612009118,0.022388189486144364,16
gene_228,0.70117713373948,0.0017801710887799332,16,0.1316029783839961,0.010921183130340566,16
gene_229,0.7041577491330446,0.0038095497211525216,16,0.14951452970288057,0.011638700837985093,16
gene_230,0.7036882663814295,0.004266582546865893,16,0.129728318514037,0.02173795346543798,16
gene_231,0.6955777732146614,0.008707070916265413,16,0.1677487369672519,0.0256358176249782,16
gene_232,0.702282820468633,0.005112753920604415,16,0.1399534064269686,0.023686161832743274,16
gene_233,0.7019611929798365,0.004524647464844687,16,0.1332610566428244,0.02102735424283435,16
gene_234,0.7002312551272147,0.0063964640446164825,16,0.18129799464661137,0.025042042134363448,16
gene_235,0.7071708389410708,0.0021738554587953816,16,0.15751518383156007,0.015828494792554503,16
gene_236,0.6930271494411886,0.006349361359486865,16,0.10863708798779029,0.02589857501841555,16
gene_237,0.6994003472846615,0.006323815064067302,16,0.1620665433832566,0.02038473173069494,16
gene_238,0.7015333913220456,0.00714201134513783,16,0.16028088197450488,0.022710640107391794,16
gene_239,0.6996283488232233,0.0066025627341590835,16,0.13336900959987524,0.033394766201426826,16
gene_240,0.6999174398423069,0.0064698598608222725,16,0.14858519795989455,0.025466223635079364,16
gene_241,0.6957128232356993,0.004307897612851559,16,0.11977962122933407,0.018885762147799807,16
gene_242,0.7042559967209128,0.0018253214038006854,16,0.1234926532300377,0.010849549484458303,16
gene_243,0.7035264180280081,0.005231557270990398,16,0.13290207762147094,0.028588033486416507,16
gene_244,0.7019941214480044,0.0078041913746188804,16,0.1377528377376602,0.0205271979928568,16
gene_245,0.708628940282975,0.006195022042708193,16,0.15737384638846727,0.022917243271160216,16
gene_246,0.6970360304626941,0.005131692427798014,16,0.13696979425410827,0.025487739006612994,16
gene_247,0.706159813761786,0.007816889870368616,16,0.19741617616974336,0.027857476124591,16
gene_248,0.7023558901441597,0.004133961885314709,16,0.13928155718350782,0.02124421899718586,16
gene_249,0.7016068168486856,0.004699439079460574,16,0.1466278034396572,0.013894044788894397,16
gene_250,0.6985678122122776,0.005257728465255304,16,0.11716051316467933,0.02449805298874317,16
gene_251,0.6994445366404135,0.0030019054555014183,16,0.13755795459333528,0.01309192015456646,16
gene_252,0.6986259796087689,0.005478190091791619,16,0.15899297855992575,0.020546067358527417,16
gene_253,0.7026786015071238,0.004606553610852765,16,0.1391954449472931,0.021137369954466315,16
gene_254,0.7055566218083335,0.011585057333919745,16,0.17105348930481334,0.04497885222591938,16
gene_255,0.7020162128579893,0.008731011819115174,16,0.15500223432252203,0.020325944093522865,16
gene_256,0.7029462006816929,0.0031217554625294092,16,0.13634559531618667,0.018725670936141036,16
gene_257,0.7055848067564137,0.005766935787256395,16,0.1522371340780616,0.02413908250934677,16
gene_258,0.7055097467065451,0.004758378050151558,16,0.1271059223151189,0.021193861565985368,16
gene_259,0.7021028401779056,0.008634374932713918,16,0.14851272377677646,0.03747217897939325,16
gene_260,0.6952444571095463,0.004305017788052835,16,0.12154445486316756,0.013511818491868617,16
gene_261,0.7003998072106634,0.002835049121466711,16,0.14302707500676717,0.00998348664588679,16
gene_262,0.7016641758602944,0.004831660496996032,16,0.15127697076049249,0.02565871887392234,16
gene_263,0.7045467250281807,0.005604171930885497,16,0.15217337072612633,0.03087095276612837,16
gene_264,0.7015687084499281,0.005563712306741859,16,0.14699994469782024,0.01670720425723549,16
gene_265,0.7025498414113627,0.005224096248936985,16,0.1416652183617345,0.02767640867077565,16
gene_266,0.6987039221038369,0.005119391093284222,16,0.11927381011308866,0.02460947907596071,16
gene_267,0.7043947661703648,0.007933179217841632,16,0.14559666737908142,0.02595456550529331,16
gene_268,0.7000373405243937,0.004283621900059388,16,0.14235829080984078,0.024083132763202706,16
gene_269,0.7015412898755385,0.007330317616183716,16,0.1471195896996949,0.028197045154173782,16
gene_270,0.7007721234928328,0.004238070560221772,16,0.12368705157346743,0.017783719007138616,16
gene_271,0.7026151146707522,0.0049455084324364395,16,0.1110544918336586,0.02297694677345796,16
gene_272,0.7025558804362281,0.007433108906532882,16,0.16014594325693154,0.023929338187537487,16
gene_273,0.7031366423922107,0.004223412815708223,16,0.1453421999497531,0.022145985141517822,16
gene_274,0.6989501931348986,0.006191181768518318,16,0.13189671858234042,0.027370355740815283,16
gene_275,0.7031071003089214,0.00205928349278184,16,0.10829120122314928,0.012745252955758247,16
gene_276,0.6992995885451202,0.0027414919831935253,16,0.1463892234050673,0.01521255632715808,16
gene_277,0.7023544402640489,0.00304092263997449,16,0.10470342672190709,0.02013005561171549,16
gene_278,0.7055811139641007,0.0043639962675741505,16,0.14429874038441415,0.015491196514831468,16
gene_279,0.7083565839108892,0.00587753038127126,16,0.16651127736067478,0.021147079790752726,16
gene_280,0.6987987771437287,0.007436065894349108,16,0.16420290491826192,0.02192544460189195,16
gene_281,0.7003586525445755,0.008170811303236679,16,0.1505088897088798,0.036082311505406195,16
gene_282,0.6964589928130862,0.006863599533256599,16,0.13000011968519448,0.027238240616514985,16
gene_283,0.6989453543069156,0.002777848298964969,16,0.11079887247766043,0.016764304996595914,16
gene_284,0.7028117656232777,0.004618702022507188,16,0.15264898707202956,0.023199685275741636,16
gene_285,0.7054455742503855,0.0070565509880383456,16,0.14380375823457944,0.028847104548797582,16
gene_286,0.6984976133586278,0.00617531838007336,16,0.12134056500697388,0.027017049362369285,16
gene_287,0.7018125345766526,0.00859600134440637,16,0.15437278961368625,0.03360187677620235,16
gene_288,0.7129759802911716,0.003643263700100858,16,0.18339140137841142,0.01984539531584574,16
gene_289,0.700487701816368,0.005530715464572014,16,0.12115662919496664,0.022509598028750074,16
gene_290,0.707456335385043,0.0041081349490568655,16,0.17717303582426683,0.02046152308006934,16
gene_291,0.7074399092896003,0.007244390797688639,16,0.1522322669918667,0.02247720839662272,16
gene_292,0.7015960172442737,0.002689437703062032,16,0.1103016819221387,0.016915276550501335,16
gene_293,0.7055129236187433,0.0034410978212182667,16,0.14367796447515027,0.019975508137265223,16
gene_294,0.7038596290785296,0.0043729402159178995,16,0.11896429534675002,0.026404303192622654,16
gene_295,0.7046285474588984,0.0031580401755638204,16,0.15174484237738778,0.012464505768047359,16
gene_296,0.6999405267252969,0.0050237799396770436,16,0.13415488752320892,0.021642564928307698,16
gene_297,0.7030518131475054,0.006818086417859538,16,0.18237957003283778,0.01963136089315412,16
gene_298,0.7049239192475547,0.00285995198993551,16,0.15966125779566723,0.007624411791379237,16
gene_299,0.7054791422337136,0.004240496594523839,16,0.12296617075104291,0.01927232250553637,16
gene_300,0.6953067418210332,0.00494126515492848,16,0.14736353211946687,0.010929483320343134,16
gene_301,0.6961662965318637,0.005809064383302496,16,0.1360918049298352,0.0306942907717917,16
gene_302,0.7084004672181016,0.014067765361418542,16,0.19245663055635168,0.04682609404342068,16
gene_303,0.6994886988776637,0.004364411552012366,16,0.1356401789207547,0.019820524225525497,16
gene_304,0.7081573276733377,0.006614278710237833,16,0.1679852196205056,0.027342610163936854,16
gene_305,0.7019184629944167,0.002252754924669887,16,0.1531818416076975,0.008607476730257699,16
gene_306,0.7051664083264313,0.004121834894698831,16,0.14780006778276683,0.02241155291232143,16
gene_307,0.7010389509043662,0.005579321846992329,16,0.13500416733394469,0.022331976855490567,16
gene_308,0.6981278826959718,0.008667652562724289,16,0.13840090952319367,0.03313748801882115,16
gene_309,0.7010130183968911,0.006745361192147577,16,0.14212445107336166,0.027796587556994514,16
gene_310,0.7033371664176005,0.004142808905258904,16,0.12794703958341047,0.015906615158999365,16
gene_311,0.7016309400769007,0.005154985835312608,16,0.14829739846264806,0.021334656150953986,16
gene_312,0.6995218921651079,0.0033733470739782823,16,0.12045271973276794,0.015035294036273895,16
gene_313,0.7018454630189682,0.0061767227765599,16,0.13858823551622568,0.02314192861845322,16
gene_314,0.7070668883339893,0.007866123844218023,16,0.15029155129134875,0.030671265176014782,16
gene_315,0.6987355651512416,0.005328552556146164,16,0.12504926983610454,0.03381624290607328,16
gene_316,0.7003774466693071,0.007521414154258356,16,0.1568633281967668,0.024283942494303812,16
gene_317,0.7015657961735606,0.005949351450922398,16,0.14999356366964686,0.024975009038254066,16
gene_318,0.7051332743634918,0.003940728158838091,16,0.14975811352166962,0.017732497291297247,16
gene_319,0.7069867053893721,0.005190822969257168,16,0.15689813237410716,0.017572757245798574,16
gene_320,0.7047263278178237,0.007736661077492504,16,0.13564005556277237,0.03186453471223701,16
gene_321,0.6981528254725504,0.006894571009508273,16,0.1620949070947667,0.02346311192400283,16
gene_322,0.7103634441113277,0.007532521729061026,16,0.1790382239985086,0.030518706605792877,16
gene_323,0.6994597709844353,0.0032077589674545074,16,0.1334596163699517,0.016355400366098498,16
gene_324,0.69808206916399,0.004310859733756382,16,0.12718274797803678,0.01925018398780902,16
gene_325,0.6984904343789808,0.004540593934564448,16,0.1406926901272816,0.024182717511551516,16
gene_326,0.6967209067461432,0.0029023426566937892,16,0.1338888817677604,0.01766706344482003,16
gene_327,0.7019429080025487,0.006393666831039325,16,0.12971863502003422,0.02928031700858573,16
gene_328,0.7035328976554904,0.003475607302318148,16,0.14034862312758697,0.016347437864906146,16
gene_329,0.7090658556728178,0.007086459207813126,16,0.14714752942724463,0.03440712434392055,16
gene_330,0.708339208001648,0.010768562606914953,16,0.2120479764588424,0.0342328862762886,16
gene_331,0.7019922467399191,0.003306792328284729,16,0.12438408302540516,0.01699970470481268,16
gene_332,0.7033737843002228,0.00567528004117551,16,0.13806761711939053,0.021554469468134642,16
gene_333,0.706319645889943,0.008961361506408314,16,0.15238832254328774,0.03661809352505786,16
gene_334,0.7075782688140131,0.007542761652358576,16,0.14251311205803222,0.030943596307100953,16
gene_335,0.6988556696064347,0.0036796171111416697,16,0.10632010936001032,0.019610080086252375,16
gene_336,0.7009543612474269,0.0033002248204017062,16,0.13341006455518464,0.017274297118209166,16
gene_337,0.7012535179490011,0.0052857094708951245,16,0.1492703848761233,0.02555563513521619,16
gene_338,0.703073396482548,0.005885095645551365,16,0.14587895509586438,0.031228643412830912,16
gene_339,0.700502271317121,0.0037920657569005603,16,0.12628694199865365,0.01636014714052288,16
gene_340,0.7054689716524508,0.003732093717123927,16,0.14242690927974438,0.011196341752056983,16
gene_341,0.6986867116166018,0.0078035809115886215,16,0.16561581031383435,0.02619759052844034,16
gene_342,0.699673124989831,0.003985283956979088,16,0.1301696307664792,0.014485213459582485,16
gene_343,0.7026239583091605,0.0029681509003685927,16,0.1173013776276796,0.01315155190714186,16
gene_344,0.7018925929295179,0.003463029028826696,16,0.12235970252316286,0.02049868714938697,16
gene_345,0.6990941780405245,0.004479048395297068,16,0.12914302942800593,0.022448579111495885,16
gene_346,0.7029298426039521,0.003964031077010848,16,0.12436910912637546,0.019505765783373454,16
gene_347,0.6995679728122465,0.0024321391960214806,16,0.1540516208164503,0.014064597613968794,16
gene_348,0.7022222173360174,0.004069920062146362,16,0.13315337983530623,0.014109134063796179,16
gene_349,0.709353450011799,0.005343637735432371,16,0.16368084472026437,0.01993904964877652,16
gene_350,0.7034010075602855,0.004220506157527249,16,0.1335043507938285,0.022098625830233944,16
gene_351,0.7034935701326862,0.00668774878900066,16,0.1482791435176542,0.023789355454948344,16
gene_352,0.704406070348516,0.005036014321800319,16,0.15273772270673483,0.021624942817938593,16
gene_353,0.7014826091841183,0.006223513641193471,16,0.1463033711182563,0.02071437978493789,16
gene_354,0.6976555480474131,0.0024229946550241204,16,0.1418931089319394,0.013277319816515492,16
gene_355,0.704904303272837,0.008281476339028383,16,0.17380482059622387,0.025336408728810062,16
gene_356,0.7046911076474093,0.0057005525934829245,16,0.14272314502044645,0.03275899104727524,16
gene_357,0.6980347904020808,0.005170241112964898,16,0.10477249014158992,0.022720055744683585,16
gene_358,0.6977326183263093,0.003502854535482822,16,0.10215384816244909,0.014811000578414587,16
gene_359,0.6998013657061508,0.0027783305183625142,16,0.1070291423519149,0.014607505342472666,16
gene_360,0.7022889645266999,0.002869693919764084,16,0.15701306911752141,0.01632757274884156,16
gene_361,0.6988636417073388,0.004139449747961849,16,0.11990549964110675,0.01987312180911981,16
gene_362,0.7028361886006077,0.006042887280954119,16,0.16144005564741654,0.024271517226172098,16
gene_363,0.704386595129796,0.0058632440464179945,16,0.17440507704032926,0.025361295252784057,16
gene_364,0.704806926109319,0.00688192919234283,16,0.1428223250441288,0.027496979422358552,16
gene_365,0.7051678678121702,0.005274111145877091,16,0.15888369339008246,0.01915179475022506,16
gene_366,0.6995588067582084,0.0035222317352492636,16,0.11065549828948111,0.013688099993680584,16
gene_367,0.6960889329961321,0.004902535257282441,16,0.12354775709189457,0.02310066251734093,16
gene_368,0.7036166520641864,0.005266830020380349,16,0.1383209823604255,0.02109373795507918,16
gene_369,0.7016345968651885,0.006193847262096148,16,0.13340353232646543,0.03207512870013243,16
gene_370,0.7007199325847664,0.002497735510454815,16,0.10629735794959191,0.019550562248698666,16
gene_371,0.7028801178608527,0.00475577752420059,16,0.1345739577097863,0.019271868832858967,16
gene_372,0.7044096648295508,0.009151255989462247,16,0.1554822345018322,0.03472875139220976,16
gene_373,0.7073187495657817,0.0018587488809361263,16,0.17944420499428151,0.013681721714616969,16
gene_374,0.7012942945177001,0.005715386764536794,16,0.15212269540859635,0.01745875876914966,16
gene_375,0.7051447467824127,0.005178657999046672,16,0.16509070055686445,0.022588938627941826,16
gene_376,0.7024977760876167,0.0038039311472736486,16,0.1699097576997526,0.02314705100674523,16
gene_377,0.703419602950439,0.005317032764243028,16,0.15469816409442533,0.016973498977771142,16
gene_378,0.7029937179936266,0.005585879139030253,16,0.1549958612758019,0.01913666459091,16
gene_379,0.7030802418626997,0.002876839916910348,16,0.14467649057159818,0.01376004105628413,16
gene_380,0.7054789580884916,0.007614449042619007,16,0.1706132662809251,0.029613670155107248,16
gene_381,0.7004335179341329,0.0030225054370931342,16,0.1012935093642817,0.01724512812337033,16
gene_382,0.7027947844015914,0.005745426224475102,16,0.16011207399578514,0.015243010286600177,16
gene_383,0.695796005739232,0.00518816237406621,16,0.13726719817446523,0.01855500112290713,16
gene_384,0.7025785090437051,0.008757823818785345,16,0.1662368513449716,0.030209453624201747,16
gene_385,0.7045331755865148,0.004537327966307237,16,0.15420307305782902,0.020161783558518928,16
gene_386,0.7053067646216126,0.004622207858045895,16,0.1510120509731062,0.019587105200171855,16
gene_387,0.7056481341447572,0.00764170068523354,16,0.14582152418505098,0.0341788871373605,16
gene_388,0.6986200991718677,0.005364986902862682,16,0.12292227220178194,0.02153636953481379,16
gene_389,0.7034182048174407,0.003971369423039881,16,0.107970933336514,0.01880879037416558,16
gene_390,0.7040577578399447,0.0057261424653910886,16,0.12679079868069348,0.028409048615011607,16
gene_391,0.7005432745993468,0.0028654520487206613,16,0.10547882810096859,0.01379566508789387,16
gene_392,0.7029428077623932,0.006242418862609627,16,0.140592085706473,0.02696309809873703,16
gene_393,0.7122319010226008,0.009231096228884017,16,0.17443788289702591,0.04104385131811126,16
gene_394,0.7038772385853325,0.005298155640536731,16,0.12986133982394665,0.025341799215653816,16
gene_395,0.7029635979884999,0.005595162118179103,16,0.15834401256027245,0.02268156017230071,16
gene_396,0.7008275834577793,0.003939689788282629,16,0.12940176678119017,0.018861692930233313,16
gene_397,0.7042370779452481,0.00806550198321533,16,0.1901072956035606,0.021094093375686667,16
gene_398,0.6940165030061488,0.005987448330929058,16,0.1493568130688262,0.021314809381841625,16
gene_399,0.7049484796070704,0.0035646824306007087,16,0.16334654147839514,0.011727531300648263,16
gene_400,0.6970486857445383,0.0006330815152675366,16,0.001923542418624369,0.0005912594907030284,16
gene_401,0.6976932368626757,0.00047660667112523863,16,0.0010862012343186376,0.000253031376136576,16
gene_402,0.6982359201727643,0.0002933276911083983,16,0.0012395310523547376,0.0005261030708794894,16
gene_403,0.6974146770842307,0.00027183834219995755,16,0.001739298078032125,0.0007101219347208292,16
gene_404,0.6981094281052459,0.0002623976828263496,16,0.0015014952446169001,0.0003692717511087804,16
gene_405,0.6976686989277074,0.0004089450219309568,16,0.0011987752497374376,0.00026984474757516804,16
gene_406,0.6969686553207596,0.0005708839052756909,16,0.002123324875424119,0.0009943214127431364,16
gene_407,0.6970499604190407,0.0004534899734424596,16,0.001753555148433669,0.0003584869437118715,16
gene_408,0.697786830145108,0.0002564218126373473,16,0.0009238300467575626,0.00017984069363271877,16
gene_409,0.6971679655771708,0.000509983392762537,16,0.0014787554542165125,0.00038646675293779124,16
gene_410,0.6972470971761301,0.0006263322934174913,16,0.002044717822074581,0.00030289324782552013,16
gene_411,0.6973326897500932,0.00043510163446802333,16,0.0017542224058631247,0.0005486388746235447,16
gene_412,0.6970570806293793,0.0009031337348666442,16,0.0013128956242720127,0.00037036413480712237,16
gene_413,0.6966701435545265,0.0008538396614261576,16,0.0020378561468563498,0.0005528080863053137,16
gene_414,0.6966992282016067,0.00042244540294336745,16,0.00234373768766355,0.000575244186259604,16
gene_415,0.6975766795479215,0.000522049345152416,16,0.0023152052831244504,0.0007405565124915312,16
gene_416,0.6972305248515084,0.00048473032731207225,16,0.00304750958433935,0.0010666379865614712,16
gene_417,0.6973499633551138,0.0005038506610816832,16,0.001839877811723894,0.0006090330772978756,16
gene_418,0.6976187478023914,0.00036956758541062856,16,0.001679068228301356,0.00046815794899134555,16
gene_419,0.6972520662688395,0.0003445741176118821,16,0.0011804796000018751,0.0004997394915742878,16
gene_420,0.6981411089268392,0.00020006624718490654,16,0.0015996147307927187,0.000555857525462925,16
gene_421,0.6979002547015934,0.00030475439799795004,16,0.001608543917194544,0.0006730579650273595,16
gene_422,0.697149086006271,0.0006411053562554676,16,0.0012546197426921875,0.00024433652137249737,16
gene_423,0.6963003541194522,0.0007009056847084484,16,0.002219218574357875,0.0006768756429085731,16
gene_424,0.6961584798125249,0.0010588604334976321,16,0.0022989008197896316,0.0007529652071331677,16
gene_425,0.6975940121731773,0.0004255315262126739,16,0.0009277375008475876,0.0003477983149595947,16
gene_426,0.6965614053917576,0.00075894270758811,16,0.0019506195022017249,0.0007588437825308997,16
gene_427,0.6970079803695165,0.00073955353256711,16,0.0016270590020514314,0.0010893309570739846,16
gene_428,0.6960815930673371,0.0006641208034361846,16,0.001282493390355456,0.0004312103321799512,16
gene_429,0.6976695360266784,0.0005440313275666397,16,0.0012722558028608,0.00044818233586804414,16
gene_430,0.6973419873100957,0.0002709468295130356,16,0.0011006212808819876,0.00029873787667927836,16
gene_431,0.6976051497357638,0.00042786168539424356,16,0.0012854602600206252,0.00041972800523683453,16
gene_432,0.6975267513409381,0.0004511249092097072,16,0.0017938513666597624,0.0006096713869054973,16
gene_433,0.6970565529578455,0.0003756366051005822,16,0.002528549368409681,0.0006250262783763469,16
gene_434,0.6976024945656906,0.0005172030884038524,16,0.0018805599830861875,0.000757634744899787,16
gene_435,0.6979187747500981,0.00026687767996691383,16,0.0011274234144738502,0.00033478925808899966,16
gene_436,0.6970926243469634,0.0005108305872265738,16,0.0020975150028201936,0.0006733479839042692,16
gene_437,0.6965332491577351,0.00045236033191733917,16,0.0013536227455384438,0.00042357049700524177,16
gene_438,0.6964026281696323,0.000614706309636841,16,0.002344478153306425,0.0005144672983733368,16
gene_439,0.6968763847731343,0.0007257162108552419,16,0.0010334485906590876,0.00030853346909480125,16
gene_440,0.6970084288948051,0.0005191583807495494,16,0.0013803430152116122,0.0005977835099247982,16
gene_441,0.6976310420923253,0.00042187108910601563,16,0.0019746644103459375,0.0006713539377681271,16
gene_442,0.6972537956386369,0.0005397523878504311,16,0.0012950457170933126,0.00040773396048686357,16
gene_443,0.6971593916406129,0.000514929756036901,16,0.0016706667937836752,0.0009485989661794933,16
gene_444,0.6971342768039952,0.0004622264605215979,16,0.0018675838248258501,0.0010392732123912986,16
gene_445,0.6969362397445183,0.0006192873518398186,16,0.0015410768723685437,0.0005667271162829644,16
gene_446,0.6971732516671318,0.000241601883283392,16,0.0023777221646690376,0.0007106233134170981,16
gene_447,0.6974956730743243,0.00044920432401688795,16,0.0016716832799419002,0.0006336977023302016,16
gene_448,0.6981589513392984,0.0003533574335608001,16,0.0020223437005473435,0.0006036273564375039,16
gene_449,0.6978889633335689,0.0003443459378977046,16,0.0014632202558350436,0.0005058189134812438,16
gene_450,0.6961420864041512,0.0005570131948788631,16,0.0013669097211568438,0.00040623362133156225,16
gene_451,0.6976088658649372,0.0007190444106475318,16,0.0017597341621313875,0.00040818765557570577,16
gene_452,0.6971914932659247,0.00039521213031994465,16,0.0018259068044550186,0.0004211824914429413,16
gene_453,0.6967653154963619,0.0006875991724752635,16,0.0014105751951186435,0.0006205323162967508,16
gene_454,0.6971516710791644,0.0003282587242847804,16,0.0016506188680620625,0.0001833257495543394,16
gene_455,0.6972893945697439,0.0004389363691732653,16,0.0017342233141195873,0.00042425089375263124,16
gene_456,0.6969626426315246,0.000542016307728248,16,0.0016063633854679436,0.0004401960520551576,16
gene_457,0.6968078622494532,0.0009278227159437045,16,0.002971214688212875,0.0009156866695053746,16
gene_458,0.6967984766312739,0.0008644755379326166,16,0.0019324350576399437,0.0004966872794309799,16
gene_459,0.6976695042422526,0.0004400417807876671,16,0.001309732100710525,0.0008393144894152491,16
gene_460,0.6971954872840469,0.000518234933067608,16,0.0019206546707655123,0.0012003358343753937,16
gene_461,0.6972014181342289,0.00035686534796495995,16,0.0015824756079817186,0.0003442625266978491,16
gene_462,0.6977161936285172,0.0005097619484891282,16,0.0016467249078198371,0.00023418709106006225,16
gene_463,0.6978814449603981,0.0003904144691566325,16,0.001389495716644275,0.00036176496541836275,16
gene_464,0.697544785510171,0.00035876280472354235,16,0.0015946825979182562,0.0005543049662484863,16
gene_465,0.6984116784864765,0.0002808082561772144,16,0.0014259825862045065,0.00035854312189238286,16
gene_466,0.6968447848834842,0.0003006949141111324,16,0.0012030020392465688,0.0005024861719542799,16
gene_467,0.6964005794455781,0.000483543310612665,16,0.0022979276569417566,0.0008937762704210322,16
gene_468,0.6977276891828352,0.0002730975157343537,16,0.0012508732878058063,0.00023544389479377933,16
gene_469,0.6978996234651029,0.00022016252296305964,16,0.0014610288092544688,0.0005463336478044332,16
gene_470,0.6971455634149778,0.0007065339738091255,16,0.001957547437622232,0.0010361419973983399,16
gene_471,0.6983625406465184,0.00022206567995310147,16,0.0012765116351338998,0.00036923137060038987,16
gene_472,0.6972538209418538,0.0004703091550567054,16,0.0018234681575398063,0.0006410486966235041,16
gene_473,0.6970716690992639,0.0004186569471242183,16,0.0019380499647853248,0.00041892073863875116,16
gene_474,0.6963260279564252,0.0008483315793561393,16,0.002125133569264993,0.0007401666639679437,16
gene_475,0.6972872339322747,0.00023896866538518789,16,0.00217446306480245,0.0006478177832088511,16
gene_476,0.6971624991428734,0.0003681066934045501,16,0.0016379525743481997,0.0006075831401865014,16
gene_477,0.6966270562857259,0.0003402964615545738,16,0.001933746970803375,0.00040007602118989215,16
gene_478,0.6973087342956086,0.00021655776866294905,16,0.002190233254335638,0.00062347840978512,16
gene_479,0.6979287054187195,0.00037044550977119217,16,0.0014723743354969187,0.00047574231145719584,16
gene_480,0.6967648119809924,0.00030349194488603045,16,0.0016343349577652938,0.000516421612776094,16
gene_481,0.697812089733395,0.0003969806628243379,16,0.0015238411713737001,0.0005196039999943895,16
gene_482,0.6976304529121475,0.00022263912403503873,16,0.0015460267577011187,0.00042311805802635715,16
gene_483,0.6977559038245867,0.0006753698036892713,16,0.0018570151870444314,0.0004105668739750859,16
gene_484,0.697442440496979,0.0003927001361185919,16,0.0018960922926998189,0.0002543408474470328,16
gene_485,0.6975831014493138,0.0005170517271485152,16,0.0019399238846404434,0.0006286428834379064,16
gene_486,0.6958126267150883,0.0008777679300148167,16,0.0016293437756725875,0.0007220549473310022,16
gene_487,0.6975050886444971,0.00036503300280846983,16,0.0015618957356296874,0.0003814985288599831,16
gene_488,0.6972886516772479,0.0009842386436888547,16,0.0015109410790875685,0.0006584320181335407,16
gene_489,0.697185041825719,0.00041279398737862895,16,0.001923916807297925,0.0005505199708076297,16
gene_490,0.6966841097271039,0.0008009622719749356,16,0.0018593503039673496,0.0007630625348035963,16
gene_491,0.6976686134754531,0.0002508458529986853,16,0.0017498574713093,0.0006392895891003111,16
gene_492,0.6965511482603196,0.0006428220105228896,16,0.002427215239680875,0.0008584247571431775,16
gene_493,0.6974672802623247,0.00043506365595398115,16,0.0018092818536721879,0.0009625514799628961,16
gene_494,0.6965100659546566,0.00037742165705708253,16,0.001912843449660325,0.0005909153921360274,16
gene_495,0.6959351550785849,0.0007784950810809558,16,0.0010166374918235313,0.0004050868007177085,16
gene_496,0.6967108022765625,0.0005538789145504357,16,0.0024018935474384813,0.0008724622669961569,16
gene_497,0.6968040242350388,0.0004930207995110155,16,0.002361786568110037,0.0003703516232752904,16
gene_498,0.697461536771978,0.00023630255001277103,16,0.0009550734741953937,0.0001224772273635093,16
gene_499,0.6979970053965611,0.00029213209754089974,16,0.0010920985619297374,0.0002611955991012639,16
gene_500,0.698290598872842,0.00026176044924076323,16,0.0011908530589504625,0.00024067446836556928,16
gene_501,0.6980096871969095,0.0005881568109050632,16,0.00157040200979515,0.0005387933603269175,16
gene_502,0.6971339218214145,0.000627307214568134,16,0.0018239323776704315,0.0005011400381866434,16
gene_503,0.6971169096928406,0.0008744245280687319,16,0.002336114545475594,0.0008369182269493652,16
gene_504,0.697153164026042,0.0004613083863404758,16,0.0018675970974207686,0.0007426694842043308,16
gene_505,0.6972341689568433,0.0005263962355582437,16,0.0017839726709943373,0.0007859586942034674,16
gene_506,0.6974670031423672,0.00028058908298927185,16,0.0013943215777043,0.0006441087395991637,16
gene_507,0.6970552860978781,0.00039967091665633306,16,0.0014662220412317189,0.0007282135966865163,16
gene_508,0.6970612207973219,0.0006947238398795851,16,0.001258430890457094,0.0006452855221872753,16
gene_509,0.6958704047620968,0.0008838854053827886,16,0.0016663667156882939,0.0005096613631670814,16
gene_510,0.6974689479882857,0.0007516649895345064,16,0.001654457117477975,0.00038983361875378987,16
gene_511,0.6966763493423249,0.0004111276741179676,16,0.0024691754000207185,0.0009423922714209246,16
gene_512,0.6969607001930729,0.0004733417719612862,16,0.0021001361849146125,0.0005607539363892789,16
gene_513,0.6979417173823408,0.00020588580401523595,16,0.002121444282715444,0.0005303947441684376,16
gene_514,0.6971888645931813,0.0004760740565678484,16,0.001974159026934406,0.0007767776177746285,16
gene_515,0.6975841795395014,0.00042671206255567157,16,0.0013463778312664315,0.0004602367788244248,16
gene_516,0.6975888214190324,0.00044388228213286925,16,0.0025655381460053875,0.0012833578836547283,16
gene_517,0.697939565092073,0.000374271171802947,16,0.001671040659018,0.0003691570007596738,16
gene_518,0.6973297532991098,0.0003316218420879786,16,0.0010055250378739687,0.0003733868189126315,16
gene_519,0.6969559914602498,0.000373953763970623,16,0.002243565682721256,0.001055792467178195,16
gene_520,0.6977925249058563,0.0003744812674077542,16,0.0013835885913833937,0.0007182154025110573,16
gene_521,0.6965008512281604,0.0005634688394761703,16,0.0013648340875898936,0.0005147459752424916,16
gene_522,0.6980406269740267,0.0004157453474338364,16,0.0012821573547605563,0.0005244197395162467,16
gene_523,0.6973846608663284,0.0005763732300083795,16,0.002318235503272338,0.0009486848799051416,16
gene_524,0.6971389614153264,0.0008745608714166295,16,0.001652588543943069,0.0005730854998006775,16
gene_525,0.6973479402700702,0.00044038610906012315,16,0.0014678994955333127,0.00048646654041140905,16
gene_526,0.6978705599546011,0.0002260703714138134,16,0.0012916598710837875,0.0006346007020835447,16
gene_527,0.6968933378334821,0.0005646048385322623,16,0.002259024209420669,0.0006358747198657869,16
gene_528,0.6973217981195209,0.0006098162948973165,16,0.0023516103936270815,0.0006821271542338629,16
gene_529,0.6980414904689161,0.00030624350624495073,16,0.0018486099976967939,0.0007006912946711376,16
gene_530,0.6980456249670699,0.00029662858139551827,16,0.0015340428259267497,0.0005766171472401732,16
gene_531,0.6967439999028493,0.0006235913057358114,16,0.0020576411934494,0.0004528695110607176,16
gene_532,0.6980315604119806,0.00042407982669578063,16,0.0019107144241456062,0.0004392774624487244,16
gene_533,0.6973844427176119,0.0007518409736852075,16,0.002740813008503325,0.0007199032741040816,16
gene_534,0.6975375276742452,0.0004984956659504527,16,0.0015165612439464876,0.0002365733384432227,16
gene_535,0.6979614344562437,0.00034635978862254457,16,0.0015304584760045246,0.00044148727895935264,16
gene_536,0.6976905771843558,0.00047863465594199725,16,0.0024468844217679004,0.0012123913874524423,16
gene_537,0.6968261647942943,0.00042555169316840547,16,0.0014136446107728127,0.0003786835768341707,16
gene_538,0.6967837667972354,0.0008439805831510123,16,0.0021226078459814935,0.0016751645682335612,16
gene_539,0.6966883688704291,0.0004254678927661297,16,0.002238458935955331,0.001247276703972143,16
gene_540,0.6973766407199177,0.000616290738300674,16,0.0015160575298560311,0.0004134295032897961,16
gene_541,0.6968150601413634,0.0005097987860897589,16,0.0015896662312892998,0.0005215077057649923,16
gene_542,0.6966119823778811,0.0009396080212564642,16,0.002713471558530844,0.0009082061588472409,16
gene_543,0.6969904751995262,0.00043183718977433884,16,0.0020432013704156063,0.0008474894299768152,16
gene_544,0.6967147799198262,0.0005264409755697687,16,0.0016897503394945187,0.0005429418290066081,16
gene_545,0.6975909054042435,0.0004139196224413105,16,0.0011055720555711438,0.0005976289108843845,16
gene_546,0.697502301546455,0.00023973458146232888,16,0.0017697415602313123,0.00064981119650918,16
gene_547,0.6972877898086508,0.0003973537027364065,16,0.002040303962489644,0.0010517380079709071,16
gene_548,0.6974680019526266,0.0005483482578164982,16,0.0014680909489716688,0.000637543527144265,16
gene_549,0.6974212850467817,0.00035313841781959345,16,0.001997907041388662,0.000614688336683699,16
gene_550,0.6974515934801204,0.0003401892104660659,16,0.0022940193329096257,0.0005067748215098227,16
gene_551,0.6972285577699102,0.0003488267528133404,16,0.001888598838833631,0.000675209598214827,16
gene_552,0.698009423394824,0.0001975792449668283,16,0.0014860545288185997,0.0002505287390822717,16
gene_553,0.6970856932388249,0.00026663563675163236,16,0.00184823314055275,0.0005890748238891486,16
gene_554,0.6964005110528596,0.00062534615657112,16,0.0012145534572997499,0.00039739254571107197,16
gene_555,0.6980016681977085,0.0003440053620237364,16,0.0018169828965293997,0.0006994611252298295,16
gene_556,0.6978331809461428,0.00028396177273777123,16,0.0017364407737374438,0.0006759024050722234,16
gene_557,0.6977754369224809,0.0004379591542327346,16,0.002320308599631775,0.00041922193045388,16
gene_558,0.698261216225955,0.0001844794704192527,16,0.0010280882850816813,0.0003086725836787698,16
gene_559,0.6982892842431172,0.00020004102817935458,16,0.0011208706237634562,0.0004310812888982299,16
gene_560,0.6968304096686577,0.0006552497133180725,16,0.0016711015541191936,0.0006721879635431769,16
gene_561,0.6978048879711162,0.00036351983318362536,16,0.0014716854314781374,0.00040384241646955563,16
gene_562,0.6974654656801703,0.00046059285022556623,16,0.0015321180886313061,0.00046183363005896375,16
gene_563,0.6960027887668885,0.0010618184432834791,16,0.002186054731640375,0.000939936684954967,16
gene_564,0.6969767437564472,0.00034220698448557825,16,0.0015375765768987065,0.0007033352864756743,16
gene_565,0.6976657732201265,0.0007318843095040698,16,0.0014289680794230502,0.0004373123140023672,16
gene_566,0.696640897544139,0.0004121822092932497,16,0.0015812635646946878,0.0004039894121602675,16
gene_567,0.6978725664535493,0.0003795435233119986,16,0.0014168904225211499,0.0006722816828393317,16
gene_568,0.6975567341374757,0.00042938195341876223,16,0.002123452076694381,0.0006326291540165226,16
gene_569,0.697946451595706,0.0002757744569460717,16,0.0017546452165609937,0.0005825039421882179,16
gene_570,0.6971892576232198,0.0006223200536381777,16,0.0019247722352214501,0.000694460216308496,16
gene_571,0.6974693269012804,0.0008750514434364701,16,0.0015324984235772,0.0003179608788542521,16
gene_572,0.6976593709966589,0.00038467556075277474,16,0.001102951422619825,0.0003790128014190976,16
gene_573,0.6967117679556563,0.0003259754148250372,16,0.0016279104896061002,0.00036491966848529225,16
gene_574,0.6971167571978529,0.00048089172311882534,16,0.0021174519145551996,0.0006741356029193695,16
gene_575,0.697585824073897,0.0007418516690501786,16,0.0012897166988907,0.00032398349677698643,16
gene_576,0.697709863510023,0.00046602121387009427,16,0.0017968323861315316,0.00044839256572497407,16
gene_577,0.697435006532241,0.00024616182833297405,16,0.0019104645338926499,0.0006177742840349253,16
gene_578,0.697634862577054,0.000738832491700479,16,0.0016527443327584873,0.0005555536777913519,16
gene_579,0.6979365362436672,0.00025318286480430343,16,0.0011003596249268188,0.0002310369377682168,16
gene_580,0.696058977508677,0.0006006225152490511,16,0.0026899575773335813,0.0016892962357296546,16
gene_581,0.6974362230676941,0.0004353666379184004,16,0.0018043552585013062,0.0006359212661702664,16
gene_582,0.697039599943736,0.0006553363129265052,16,0.0025979461627064376,0.0006598618416371738,16
gene_583,0.6970712665846226,0.0003446669139781997,16,0.0027141033548687497,0.0010901813912035385,16
gene_584,0.6979728881150666,0.0002519553172873835,16,0.0011071280491765,0.0003922187986820496,16
gene_585,0.6971374106350541,0.0005086286813776291,16,0.0020518986121293,0.0006337838126095143,16
gene_586,0.6976073212290341,0.00041319557114883763,16,0.0013793979469074876,0.0005118446202331998,16
gene_587,0.6967703424047059,0.0003435573246514037,16,0.0014442077055859938,0.00042718340136209957,16
gene_588,0.696018219258183,0.0005059885954406602,16,0.001969415479988519,0.00043132968030475,16
gene_589,0.6955590669789113,0.0008213702852109896,16,0.0014490255396051503,0.000627232856689545,16
gene_590,0.6978531702634864,0.00037444897037037774,16,0.0015358869677874999,0.0003724741673916057,16
gene_591,0.6981470522887612,0.00020456018392702585,16,0.0013827340075721814,0.00045821251468828087,16
gene_592,0.6981012766792951,0.0003501739118628338,16,0.0016753120579324561,0.000505656627579215,16
gene_593,0.697493454827602,0.00043693404031862446,16,0.0018455534893603563,0.0006988997902777916,16
gene_594,0.6963832788724058,0.000578045648997892,16,0.0013255083358811876,0.0006374678891923242,16
gene_595,0.6970576765839955,0.0005931828053812001,16,0.002006840180172737,0.0008485278320348274,16
gene_596,0.6973826343965196,0.000424366686211069,16,0.0019020007076652374,0.0008599505485204533,16
gene_597,0.6956748772122585,0.0009722510989290002,16,0.0018860190496049563,0.0010382435925739984,16
gene_598,0.698096799180287,0.0003922760131296737,16,0.0011442794381090375,0.0002789707845941024,16
gene_599,0.6972944859149287,0.0004286162984145229,16,0.0020153754862279063,0.0005049251122094191,16
gene_600,0.6763601583441036,0.008398856441071684,16,0.18398394699566417,0.0512145844257598,16
gene_601,0.674302390889677,0.007133626368308732,16,0.13632698727287346,0.029190889151905264,16
gene_602,0.6708657132421932,0.006264013849256941,16,0.18813196922588615,0.04612583711290964,16
gene_603,0.6802463837339744,0.004154355359124576,16,0.15735343818254965,0.028629564570133267,16
gene_604,0.6855620285386158,0.006883978134260832,16,0.22173428113169322,0.03595095783855092,16
gene_605,0.6720099441363196,0.0032400786798623886,16,0.14579826670610366,0.025863427126819594,16
gene_606,0.6669691422146449,0.013378398562094716,16,0.19744170772317143,0.048871095237698316,16
gene_607,0.6727940053733392,0.012230832774753729,16,0.2101375967125472,0.07849247952118159,16
gene_608,0.6785223532561082,0.009532303096641874,16,0.17250809020156638,0.03869177467321451,16
gene_609,0.6695774652207852,0.007065741140545373,16,0.15529967120021942,0.03467600441117238,16
gene_610,0.6770908612493869,0.011342159670500793,16,0.25499329064840653,0.035832341563551626,16
gene_611,0.6777483409835185,0.003911853114469627,16,0.16451983005835205,0.016187607986330104,16
gene_612,0.6714480799441078,0.01230578623603833,16,0.17133870967331077,0.05186693950704644,16
gene_613,0.6744323318226174,0.00611515186418932,16,0.16526091340032628,0.034001781425288424,16
gene_614,0.6713495255050294,0.0023780499266205825,16,0.17785591233792206,0.022262397679514247,16
gene_615,0.6566486120894969,0.013795950894879148,16,0.20292331769379018,0.04855254977910472,16
gene_616,0.6811162348426132,0.006638213795349225,16,0.20291543001620124,0.033604854730414344,16
gene_617,0.677578866091054,0.005924194078482846,16,0.15539429562101387,0.023576000701698022,16
gene_618,0.6781153527739473,0.006024138842026199,16,0.21162688701914747,0.03798641751408211,16
gene_619,0.6765518941154729,0.004077423906370642,16,0.14629260251841042,0.043112791292494054,16
gene_620,0.6775288811398891,0.01649164707868816,16,0.20671124338357424,0.05602198712465731,16
gene_621,0.6820633686920943,0.004404068992453777,16,0.19019894634560175,0.043880400787522776,16
gene_622,0.6773243377028371,0.004423306274060498,16,0.1719252025206039,0.039841740015879444,16
gene_623,0.6811758385545481,0.005109459041798147,16,0.21043853579859126,0.0380815163580976,16
gene_624,0.6797918360981784,0.00195593136264594,16,0.11487773943310034,0.021517889249479557,16
gene_625,0.6728320346708637,0.00948358985522462,16,0.14505014453285084,0.03728100151260218,16
gene_626,0.6655351609753157,0.005234474582628009,16,0.1649553483380401,0.03468637312835277,16
gene_627,0.6734562357600283,0.005444720179315888,16,0.13673491071688126,0.03269166472309937,16
gene_628,0.6771958423095583,0.005248048910110875,16,0.17352585055543854,0.0427077055289475,16
gene_629,0.6719747345605231,0.0062020593087818016,16,0.1555719050013597,0.038032445064338394,16
gene_630,0.673772982892009,0.02002925026491478,16,0.18798907707894866,0.07114637801674713,16
gene_631,0.681288288014724,0.007961129275880717,16,0.19968532278449494,0.046269759268514184,16
gene_632,0.6800163900009781,0.019532039467636465,16,0.2712385071368517,0.08605387206865169,16
gene_633,0.6716901444105816,0.004293232615182449,16,0.17758827103708047,0.012820816746052947,16
gene_634,0.6721401537614119,0.010585803101759345,16,0.23091490446506777,0.06525882305811644,16
gene_635,0.6707160487892261,0.009546928214115472,16,0.23506135403712342,0.06269946950581258,16
gene_636,0.677991238981433,0.022952399014679537,16,0.2746104008860081,0.061632767231406316,16
gene_637,0.6788377856371324,0.008706930262990705,16,0.19397712189742977,0.036512823263245966,16
gene_638,0.6747971202140357,0.0072481832465410454,16,0.20026506273353803,0.03564585334634864,16
gene_639,0.6789182046583758,0.009876362670944272,16,0.22202513820220438,0.05446914064108589,16
gene_640,0.6737435061683272,0.006232500978680383,16,0.18686887673738087,0.03599230463939224,16
gene_641,0.6793395770880193,0.0019499232466748534,16,0.13248607827213235,0.023553622817213637,16
gene_642,0.6721596995611198,0.006875441458783321,16,0.13150622584108146,0.027717513652397784,16
gene_643,0.6679711351405251,0.02040585456061872,16,0.21829223273379653,0.09083236097612499,16
gene_644,0.6712488827603301,0.0049395160570733015,16,0.18635240899873684,0.04040816984093603,16
gene_645,0.6800207895168096,0.004147900609913532,16,0.15132649350405927,0.02044009344974817,16
gene_646,0.6739751750179549,0.011150347356042173,16,0.19354986192192075,0.08084577894219232,16
gene_647,0.6737934375304518,0.008852849151055294,16,0.165472039013812,0.04653492188521974,16
gene_648,0.6809802774823751,0.006371048483837256,16,0.2073410139978696,0.03987576148980594,16
gene_649,0.6848323639533034,0.0177756078848011,16,0.24711160424840162,0.0655613550239082,16
gene_650,0.6782994053640733,0.009975743571727085,16,0.16198749661772932,0.0423245398194524,16
gene_651,0.6765623317015745,0.004642802845070538,16,0.15214781913366082,0.015797105794056222,16
gene_652,0.6777902309297454,0.006638706335213233,16,0.20780215668882107,0.037190063432622066,16
gene_653,0.6709106604419462,0.0037373790048959125,16,0.13948456422375743,0.026518823366390755,16
gene_654,0.6793177733983478,0.0021755654490678102,16,0.22690057066618588,0.016988881845655425,16
gene_655,0.6759863980890347,0.006934490838972229,16,0.17078066067291306,0.03774322685376163,16
gene_656,0.6811427729760089,0.005201704169007468,16,0.14941350850863272,0.03161809645374143,16
gene_657,0.6717738888926402,0.005773334667309165,16,0.11837595269142698,0.0350770095024375,16
gene_658,0.6830891206927191,0.015700706406008416,16,0.27423107986511414,0.07066198371136738,16
gene_659,0.6700567564376658,0.007641083103240043,16,0.17110906025004263,0.025328789234531038,16
gene_660,0.6725953033387001,0.013105593355689551,16,0.1892249935511734,0.06044709418232803,16
gene_661,0.679525011800689,0.002622310974814083,16,0.17459799640976315,0.024040459585423002,16
gene_662,0.6735260169719975,0.013525553052975104,16,0.16635461561565887,0.059403503755374884,16
gene_663,0.6697373197961485,0.0066567812036166666,16,0.16516684124035852,0.05173999326570709,16
gene_664,0.6873389980794907,0.01384614165491201,16,0.2783617147869262,0.06526760801367,16
gene_665,0.675531297647417,0.005540204858943734,16,0.1432655063640422,0.021385080622580786,16
gene_666,0.6853401291823166,0.006749743051429381,16,0.20413658173198565,0.04969072952872344,16
gene_667,0.6642808322840089,0.006165558409062453,16,0.1866602385938601,0.051427803108332754,16
gene_668,0.6835900437926018,0.006578971158547142,16,0.16285581199125207,0.041262016461140645,16
gene_669,0.6697337210949421,0.008345497911811812,16,0.1890974264642302,0.032824217316784206,16
gene_670,0.6737975912753975,0.01330547885035033,16,0.15629220718349646,0.08175715236063334,16
gene_671,0.66730591375763,0.0031907291108084963,16,0.19243159874842256,0.019039870180876484,16
gene_672,0.6770450176111256,0.009228709232517555,16,0.1911058919728692,0.045657191094055374,16
gene_673,0.67969408066538,0.00494320043317176,16,0.15229764993736658,0.018295604551456943,16
gene_674,0.664703989883016,0.006191161963212071,16,0.1292174560857721,0.020934984677437717,16
gene_675,0.6680333889954008,0.0055409977519095014,16,0.1453319374952996,0.042339800848149436,16
gene_676,0.6800324121603157,0.00787795847143322,16,0.19323643570118612,0.042335175120770306,16
gene_677,0.6711830117181077,0.005250179037703417,16,0.13636683785803388,0.02204553201855033,16
gene_678,0.6787317703412633,0.0028378753456066498,16,0.13869568749937083,0.03048758881348792,16
gene_679,0.678486686088823,0.006336269244697261,16,0.1440789265801068,0.030637000623809023,16
gene_680,0.6778099730963534,0.0051699218675171025,16,0.18648763519730752,0.027670856010086717,16
gene_681,0.6821322070243885,0.006695081564925878,16,0.1576239995339956,0.061225326764619614,16
gene_682,0.6778524039238275,0.009031295884759254,16,0.17853205419336263,0.05237064538495311,16
gene_683,0.6795988094781305,0.0031411741405558452,16,0.16824261053838616,0.022406243876621178,16
gene_684,0.6730417405629877,0.005760735415798527,16,0.14551439145437783,0.02815477881500667,16
gene_685,0.6732801897540565,0.007490833512505808,16,0.1423667728868474,0.025555754351022718,16
gene_686,0.6791174506105881,0.007160258210498135,16,0.16470018307651124,0.03228142953479533,16
gene_687,0.6815393132606807,0.007817180272875625,16,0.20458752255312784,0.05564960121894323,16
gene_688,0.6716201524099972,0.015560343127782214,16,0.17473860911213399,0.04733895704192139,16
gene_689,0.675309764414295,0.0031187480795353286,16,0.11657462412670797,0.013179866238767568,16
gene_690,0.6772191071132969,0.005260622188835503,16,0.16137596324395642,0.038263532013809914,16
gene_691,0.6825757713815436,0.011105573698130984,16,0.16878903377004054,0.0640065843921461,16
gene_692,0.6753144969155191,0.011004747055332215,16,0.23669813217868999,0.0687716722842328,16
gene_693,0.6813076976940097,0.0042832087872097776,16,0.17289503386514196,0.03886791926784755,16
gene_694,0.6712281909778129,0.005186030443928135,16,0.1362617559873213,0.014273137024121686,16
gene_695,0.6779718860453342,0.016435816425517273,16,0.16316767697324802,0.06552400359217694,16
gene_696,0.6833452079430079,0.006623491417863733,16,0.14702541575431705,0.040290140375643796,16
gene_697,0.6794574304245252,0.006199823585653003,16,0.1791697164239747,0.04469523315054184,16
gene_698,0.6790511788795239,0.0036349904265756783,16,0.17111008562280766,0.012498827748065065,16
gene_699,0.6765294670313794,0.007108839208968243,16,0.15945929952833787,0.031725579317026374,16
gene_700,0.6738830366113303,0.012920067488914822,16,0.13441109674932056,0.05371637475274801,16
gene_701,0.669715942101951,0.011579227119586047,16,0.18162170420692011,0.046379865415306164,16
gene_702,0.676289067636967,0.01130862980434258,16,0.2591575317413553,0.03289629170400602,16
gene_703,0.674566033777957,0.00383193942036388,16,0.16053843027144424,0.02787500607775424,16
gene_704,0.6801487141052451,0.005610010701378963,16,0.17242882042832858,0.037917036993418356,16
gene_705,0.6777911087352103,0.006459044550967768,16,0.21358934022133694,0.048443121373356705,16
gene_706,0.6750400952512853,0.006146072752267394,16,0.16309108221354437,0.03405338949073638,16
gene_707,0.6802827324787007,0.011193699131532429,16,0.2102313885715749,0.05940318312477671,16
gene_708,0.6652942663919387,0.011759266269451387,16,0.19640144820229585,0.05925379092744206,16
gene_709,0.6741104022056326,0.011870236534573437,16,0.16473272216528498,0.04437064513142215,16
gene_710,0.6773165137272514,0.007023584340489356,16,0.21003724671440258,0.05038586302554848,16
gene_711,0.6632491286583665,0.00886690749025385,16,0.21378692141277916,0.02936753186387126,16
gene_712,0.6761732451335787,0.00657742951066903,16,0.10107294264456654,0.026761225132349777,16
gene_713,0.6765703460322772,0.006738924350132984,16,0.18948684913282596,0.037711330735787224,16
gene_714,0.675628155789637,0.0069433133813903355,16,0.13975814542781068,0.044764862731648335,16
gene_715,0.6707850068094554,0.008782941762444528,16,0.1647155165492252,0.036884139730280555,16
gene_716,0.6778444008104858,0.0077122233774888195,16,0.1446455396819644,0.03025662858774751,16
gene_717,0.6752105553899307,0.007736093200831891,16,0.18104768435075122,0.04122364360698102,16
gene_718,0.6779484553048835,0.0061795524154436695,16,0.19273460303877116,0.03735289928520488,16
gene_719,0.6722800331659526,0.006589406207573514,16,0.15882043389753614,0.01888450759226044,16
gene_720,0.6849363463267384,0.009042493603753584,16,0.22276533459907685,0.04265787421668733,16
gene_721,0.6611407701888964,0.005577528594786717,16,0.14890081389434806,0.03304509590833239,16
gene_722,0.6755479776202036,0.0038007232715124096,16,0.17208964993898046,0.02632556048497797,16
gene_723,0.6781949427850604,0.009973836820257894,16,0.24161827182546824,0.056946338110568685,16
gene_724,0.674061082943287,0.008026481360072779,16,0.19537234089432193,0.031796446853756835,16
gene_725,0.6787189543672798,0.005960878529719397,16,0.15823298484768378,0.04460119384794352,16
gene_726,0.6836868388534535,0.0068794525894241695,16,0.19738056751669864,0.04293663848739249,16
gene_727,0.680398491985459,0.006523071552825017,16,0.23311556278044712,0.038402727329311874,16
gene_728,0.6757429908547324,0.008368954757500772,16,0.20548245698490647,0.06051337412978866,16
gene_729,0.6804825762452414,0.009685057347983047,16,0.17875001588938244,0.05166113643979747,16
gene_730,0.6816017798926353,0.005455144260992532,16,0.11256384640900519,0.028027497909178654,16
gene_731,0.6796102351219045,0.016054016325097842,16,0.2350164162404654,0.08470765985767724,16
gene_732,0.6683481361170268,0.006296129013637105,16,0.1503464209361395,0.027762139095233517,16
gene_733,0.6793369872886034,0.012657054493541512,16,0.19441152622991745,0.06572906349049704,16
gene_734,0.677252368979264,0.014904558540104145,16,0.16157639597950896,0.07152563143304638,16
gene_735,0.6673891585413599,0.0032516144416700095,16,0.1292353101684296,0.0155777577925345,16
gene_736,0.6761960301701114,0.009534895397820434,16,0.18942192242380357,0.04472873840966286,16
gene_737,0.676699359176649,0.0023234895276862976,16,0.18995847325607204,0.03592477017143302,16
gene_738,0.6775806722363565,0.006770687659535772,16,0.12488889546469566,0.03947700325621081,16
gene_739,0.6744727810942168,0.003911233124065507,16,0.18917675705052317,0.04304010351009315,16
gene_740,0.6774765089156756,0.013236682516660422,16,0.19173755241179255,0.04883671720168174,16
gene_741,0.6727997955904439,0.008752058598275833,16,0.2578820686006435,0.029011410473004328,16
gene_742,0.6796368279670719,0.011915777499705292,16,0.2392453919595779,0.06009486791637758,16
gene_743,0.68061498102556,0.010941722066080885,16,0.1942601187288168,0.05996666982870939,16
gene_744,0.6804608542807773,0.01594403656751442,16,0.2244094142705321,0.06261592678178625,16
gene_745,0.68074473359839,0.011076828260795013,16,0.1915637216343574,0.05667060102092372,16
gene_746,0.6797934267665804,0.005133227427957028,16,0.1765950580460639,0.03679278458085388,16
gene_747,0.6797388578450454,0.003850838278542983,16,0.15681271299320707,0.03444525556574554,16
gene_748,0.6803475828850919,0.009084768352818542,16,0.19793448324225443,0.06027867523156039,16
gene_749,0.6942058240084487,0.025070078965586013,16,0.3200623153477215,0.09363878699212376,16
gene_750,0.6760758226299823,0.007539091986395479,16,0.15073871487387175,0.032719244761221546,16
gene_751,0.678257474131707,0.004975400573293183,16,0.17663365978011084,0.03374783578671336,16
gene_752,0.679382661219816,0.0116042975235159,16,0.19188147192900062,0.05602423674969469,16
gene_753,0.6807342587710624,0.013369568283450975,16,0.1828013372486637,0.06384991495198017,16
gene_754,0.6794337919844754,0.0036805075769366894,16,0.20166502643934905,0.030817805662012285,16
gene_755,0.6640181527402299,0.004912520101296643,16,0.21174402962419314,0.04282785564162923,16
gene_756,0.6723201255805896,0.001643113213336445,16,0.129385205720823,0.023478139366763778,16
gene_757,0.6744082616679684,0.006895466980939889,16,0.19418467407277884,0.025625561335261723,16
gene_758,0.6715604356293357,0.01118447287905145,16,0.21593058541112692,0.05509073915586175,16
gene_759,0.6817600239368837,0.008108895591339496,16,0.18097975611442235,0.059184683727569715,16
gene_760,0.678801513142339,0.009515978159685475,16,0.1624443853346244,0.054549734951677115,16
gene_761,0.6860942707669044,0.009286337425988713,16,0.22027284019440185,0.0518882412532004,16
gene_762,0.6805262038720895,0.01258371808412907,16,0.23530456668884575,0.05691223792135633,16
gene_763,0.6801566769576203,0.006469676817705566,16,0.1889285102311786,0.05293435784359595,16
gene_764,0.6768817557082603,0.011874611122428658,16,0.18224251445626846,0.054227721714372075,16
gene_765,0.6751591996257583,0.007901426875265774,16,0.12717649219140767,0.025972663848494084,16
gene_766,0.6747827015288772,0.008895808237570154,16,0.18685194740166228,0.040797347259717134,16
gene_767,0.6613298791369,0.006859454060741069,16,0.19154857112810153,0.041640382742690246,16
gene_768,0.6764221888272418,0.007560166650456288,16,0.22059425431957805,0.03997289488421445,16
gene_769,0.6758228956342394,0.008042066789521088,16,0.19335651382202748,0.03914902863878956,16
gene_770,0.6798984840922866,0.0029501045994794334,16,0.13502417562379715,0.01921356901869042,16
gene_771,0.6710768975695452,0.005819958968248577,16,0.16890924187082607,0.03919744500412482,16
gene_772,0.6775026063408709,0.004642933667450609,16,0.15416033641215549,0.02155524034461037,16
gene_773,0.6769774306625378,0.005167976842675507,16,0.16281680155263265,0.03430556772958254,16
gene_774,0.6744226685609925,0.01102582700061335,16,0.22273174131696094,0.06055416570588138,16
gene_775,0.6778879544927856,0.0065979802509143195,16,0.14560369273490195,0.03728089566179509,16
gene_776,0.6816520062958324,0.005619353468059683,16,0.2242364124487386,0.03765028951747291,16
gene_777,0.677772787925173,0.008877572658708201,16,0.21583119386407282,0.044400651086741696,16
gene_778,0.6790533479770464,0.0050515001737101075,16,0.1338581069146532,0.034706384786513764,16
gene_779,0.6707494588800988,0.011754403700025595,16,0.2108323923159496,0.08223713483082162,16
gene_780,0.68692814361037,0.011963584451109921,16,0.2237351222381392,0.06462083924042952,16
gene_781,0.6754902301053992,0.0045015089554684955,16,0.13387517194707152,0.04115716210646353,16
gene_782,0.6707582940195785,0.008666031899257829,16,0.16476311300374238,0.0347116818969189,16
gene_783,0.6843747845186556,0.011873838073607127,16,0.194595724428582,0.037815643831209673,16
gene_784,0.6762866535494743,0.006490409513304588,16,0.17340028740942973,0.04201343725249874,16
gene_785,0.678023408336121,0.004431620254164927,16,0.21502103199827208,0.030940640103618765,16
gene_786,0.6817765085555697,0.007457354130921306,16,0.14616310740236374,0.05387677407547438,16
gene_787,0.680835918993818,0.00560873364806887,16,0.18001705159632522,0.03147633188829271,16
gene_788,0.6808488117950013,0.007630902689477665,16,0.14029882333173674,0.045878379673846094,16
gene_789,0.67649886914002,0.005096479130228055,16,0.14005187535639316,0.048092136582984044,16
gene_790,0.6766842790329188,0.007045811657223009,16,0.16657478628946945,0.05011923732667638,16
gene_791,0.6785845738451223,0.006496737929968573,16,0.21435215932904286,0.045977237022067165,16
gene_792,0.6681627293869533,0.021825786749292662,16,0.22878242850850702,0.07052933043662261,16
gene_793,0.6805013568230059,0.008707105050324264,16,0.19307454992826661,0.04507816422798331,16
gene_794,0.6752901131617093,0.007354373998592492,16,0.15665529192029815,0.038793254904544355,16
gene_795,0.6778591250555812,0.013953581520655234,16,0.18436774905696432,0.06576017760014086,16
gene_796,0.6739835258852026,0.009990715469202223,16,0.17476474215267226,0.05199405970642565,16
gene_797,0.6828413724024822,0.01058633156901454,16,0.19628855040466797,0.06255370069446516,16
gene_798,0.6752543105738336,0.005131402597243856,16,0.16313973254827185,0.04266041150497429,16
gene_799,0.684487771406587,0.011278129362113379,16,0.24788877929216332,0.05065437760947161,16
gene_800,0.6996122224599285,0.007937650293177143,16,0.22560577155362144,0.029820800424012233,16
gene_801,0.6988879583829118,0.015087582297372682,16,0.2379832937962901,0.06940361710700453,16
gene_802,0.6941599965119232,0.007601414427582697,16,0.22425774462656825,0.039780498278443016,16
gene_803,0.6970728843365044,0.002975956074382339,16,0.18305731692068217,0.019037737538584024,16
gene_804,0.6937594197920949,0.007712510172726873,16,0.17484503459561157,0.03699443695109509,16
gene_805,0.69260089799518,0.006941317800965748,16,0.16113996384824417,0.027938727802399026,16
gene_806,0.6964697639433703,0.014776342719702733,16,0.22989313532296685,0.05820325175083803,16
gene_807,0.6828175606035214,0.001913201241549237,16,0.155917411669904,0.022725946088773156,16
gene_808,0.6974650406169451,0.01801081156177074,16,0.2588311267381833,0.06794068110720469,16
gene_809,0.6953930263671307,0.0037195751541444096,16,0.15210712657077768,0.02742038778401032,16
gene_810,0.6870567741701656,0.004521056725650465,16,0.1602161433575421,0.016451964079321382,16
gene_811,0.6920272804176303,0.013284329167903808,16,0.1976852812424891,0.0576107415440985,16
gene_812,0.6813527067535394,0.013326400294247238,16,0.16915833693442828,0.036259330165422,16
gene_813,0.7048207280907446,0.019432161089845454,16,0.24606407225440405,0.07001776891275754,16
gene_814,0.7014897238160189,0.013027053683800215,16,0.23809779030108266,0.0450071244399324,16
gene_815,0.697575599495523,0.006588399292841628,16,0.20213987747121312,0.02563623523743796,16
gene_816,0.6935707541693216,0.004143918246615549,16,0.1495518208911344,0.028651388573358264,16
gene_817,0.694626385301169,0.006170487180960915,16,0.18223461003669433,0.0383212849121555,16
gene_818,0.6994932660589469,0.010998124312945112,16,0.20473328710939837,0.05497161353406164,16
gene_819,0.6918450660123618,0.008418393542009303,16,0.18510176599487171,0.03155292706060593,16
gene_820,0.6992776747120685,0.008351825420344083,16,0.17908214684087875,0.029768883586407502,16
gene_821,0.69419282504055,0.010498557741112892,16,0.19123642556584847,0.04608323312324709,16
gene_822,0.6906502167714947,0.007324436271169205,16,0.18664134592230294,0.034302546858901085,16
gene_823,0.6969396458404661,0.0019205666406064685,16,0.14159441423054492,0.010256321304564253,16
gene_824,0.6952169884381305,0.006405814810486327,16,0.22621908334630147,0.029015312094786843,16
gene_825,0.6953299118147631,0.006063559127606765,16,0.18268754785687427,0.03751119973942422,16
gene_826,0.6928837458012207,0.00755919669729154,16,0.1871618945627311,0.03624958919902902,16
gene_827,0.6966572796910082,0.0033753258800524565,16,0.185094046158048,0.015357969546994293,16
gene_828,0.6978497988766199,0.005757828680940271,16,0.21894542528868852,0.03422530339595292,16
gene_829,0.6950134289273632,0.004478190206615205,16,0.17218872867904841,0.013218585416836175,16
gene_830,0.6942821605347969,0.009535903305213997,16,0.1859728407364811,0.04413003052106043,16
gene_831,0.6942791616790622,0.004939225937525476,16,0.18275361770175816,0.026371064304238495,16
gene_832,0.7017651146980035,0.005174843054146524,16,0.20392275710420166,0.03287020125728578,16
gene_833,0.698530344155454,0.005094397046205238,16,0.17509285071874484,0.022587582180117773,16
gene_834,0.6978795621278701,0.008729679982633468,16,0.2019187186249911,0.04102418038674807,16
gene_835,0.6999142556135356,0.00892619143537707,16,0.23937437976210715,0.03435687418854789,16
gene_836,0.7080247997075275,0.023627436348248237,16,0.28428327677781057,0.08910933979270737,16
gene_837,0.6901553681233371,0.00554794769913209,16,0.18071549355080385,0.03447263658610961,16
gene_838,0.690496678203661,0.011514726955388408,16,0.20075656891664118,0.04594029529326895,16
gene_839,0.6917018462598887,0.007454084836879281,16,0.16670084373569943,0.04008903634015302,16
gene_840,0.687959142171482,0.011675943091675805,16,0.2048624659741212,0.045206576391300345,16
gene_841,0.6933710785642393,0.0064163073952707445,16,0.17781282626523215,0.027167816562771292,16
gene_842,0.6905355394695949,0.017242791397600973,16,0.24065479123290098,0.07025747070820701,16
gene_843,0.6916529807771605,0.009435241114275565,16,0.17803722667678196,0.03663387805657249,16
gene_844,0.6980744611916534,0.008932636093263838,16,0.18276244191605098,0.04857491797551983,16
gene_845,0.6982695545771176,0.006028826960502036,16,0.21162927542186827,0.03673536087549756,16
gene_846,0.6988608218192333,0.0057609255545394205,16,0.20696717803845968,0.032462002240100825,16
gene_847,0.6993269557492532,0.0049028547378687495,16,0.17851983593441567,0.024632983498145404,16
gene_848,0.6877737194310655,0.012254032421943164,16,0.2278320604270587,0.03654263771920244,16
gene_849,0.6907116864122272,0.005756340384196411,16,0.17225219424930996,0.03803133851597838,16
gene_850,0.7006808019514118,0.00591979976816353,16,0.18927720245411034,0.03539231425627059,16
gene_851,0.6912878193088499,0.00684826691788814,16,0.19014662962757556,0.049893155955832616,16
gene_852,0.6906489453259406,0.003781307331702557,16,0.14928224676717455,0.029589267753326792,16
gene_853,0.6970302183593904,0.005294245542830517,16,0.18933480701557495,0.026702463015310755,16
gene_854,0.6983306275867877,0.006115342915536684,16,0.19028115001157853,0.02893535664340139,16
gene_855,0.6912822587427576,0.0033894528501067635,16,0.16144021199606595,0.023284010308828516,16
gene_856,0.7007687608467983,0.007729354092438097,16,0.18550476976174107,0.030312310412246118,16
gene_857,0.6835935486467805,0.005477732110833882,16,0.195806092553334,0.02059566922370447,16
gene_858,0.7001904202738898,0.005188468180858483,16,0.19542341393695625,0.03542458517145576,16
gene_859,0.6968159155153376,0.006084821115779868,16,0.1623784396405539,0.02862790951808159,16
gene_860,0.6962053304882441,0.008608409525003762,16,0.1723397674095483,0.03508696887311196,16
gene_861,0.6933147026936075,0.005455821704672538,16,0.18820901007174448,0.030970900450382807,16
gene_862,0.6975339315711755,0.010755959425967477,16,0.21089982693378392,0.042132784802180974,16
gene_863,0.6961268272413307,0.009369591762852942,16,0.2209206308563465,0.04231013692304882,16
gene_864,0.6887416634585318,0.008612144327052143,16,0.14903886565018995,0.02871404119368989,16
gene_865,0.6878048765775859,0.006653717966615021,16,0.16279652138364217,0.03144105308266058,16
gene_866,0.6946709820296518,0.005241871489967065,16,0.19867156941100933,0.02259786428077689,16
gene_867,0.6903093837314687,0.004597195647009258,16,0.21004123076336748,0.022923133096778462,16
gene_868,0.6998190425921312,0.006822089897567889,16,0.22566408716381725,0.030694814870173084,16
gene_869,0.6945439403446014,0.0046162436216412904,16,0.13320582514998053,0.024954432071885576,16
gene_870,0.7020340178497249,0.016896477910794582,16,0.25410566862069833,0.061073099130542284,16
gene_871,0.68992535467962,0.0074518142317967885,16,0.20706132900385707,0.030220170620137196,16
gene_872,0.7005209686120415,0.009083151574926559,16,0.20270211293590165,0.05371802479104304,16
gene_873,0.6954551582362852,0.012721672731101509,16,0.22956863417544737,0.06049970286249496,16
gene_874,0.6901940820606568,0.011990609644871853,16,0.23121439064825428,0.042611032099338676,16
gene_875,0.6990680746407396,0.010425450269647718,16,0.22365632580745515,0.03948825495849739,16
gene_876,0.708489020705133,0.02476419598620961,16,0.2797289510258926,0.09139983399042903,16
gene_877,0.6950234481523111,0.007457964188622396,16,0.1907884074623531,0.03815560074770162,16
gene_878,0.6950096083438543,0.0041675242526858875,16,0.2127355981661608,0.035444548807572925,16
gene_879,0.6929015152308097,0.005150786254434453,16,0.1725897169921467,0.02976930539791108,16
gene_880,0.6924862798422917,0.010716648634254871,16,0.24445159196739324,0.04673066498357453,16
gene_881,0.6960635997468306,0.009269124487233913,16,0.20495340515997137,0.039570623786963535,16
gene_882,0.6856759352121433,0.008237743076760274,16,0.17697130072201184,0.03730539072587577,16
gene_883,0.6912016296402466,0.011115602085063745,16,0.1886878313466586,0.05965987006172227,16
gene_884,0.7001748035773379,0.0035076967770101305,16,0.18689054627625315,0.020816994789986727,16
gene_885,0.692302348539962,0.003444737249063136,16,0.14411233795520167,0.02211430570345683,16
gene_886,0.6933913175969119,0.007361870997785634,16,0.19150030200331308,0.03921908185116642,16
gene_887,0.6950558232470742,0.005062258619758602,16,0.18927809503788812,0.02319534821005764,16
gene_888,0.6925939695620091,0.006106523752577434,16,0.16801446807234133,0.036289936939656806,16
gene_889,0.6978624553269507,0.004965256384202415,16,0.19046185740792484,0.023722403540328035,16
gene_890,0.6960230236642496,0.00816417137861859,16,0.17523294321486466,0.04013353279480982,16
gene_891,0.701914190163538,0.008611583027130106,16,0.2552552334337208,0.02556395410523115,16
gene_892,0.6903830831569436,0.004452833037383263,16,0.16262689708004993,0.01881574628098267,16
gene_893,0.6911396353903692,0.005021766491703339,16,0.1533123256955838,0.028977265454948907,16
gene_894,0.6934787960382954,0.01574637268447082,16,0.2142140890917671,0.048498114451477836,16
gene_895,0.6904854288883053,0.00617653259600079,16,0.18173917856175648,0.026646733020016234,16
gene_896,0.6982077561399992,0.009945948475141768,16,0.2610955651492533,0.03952173328123834,16
gene_897,0.692185653053522,0.010851415908696342,16,0.2534702019294412,0.04669887930696739,16
gene_898,0.6820405456969534,0.007172137393369198,16,0.13617635909280518,0.027848471841014487,16
gene_899,0.6983265997049477,0.006027103819363105,16,0.19533392310965267,0.02985293344964689,16
gene_900,0.6938402484321715,0.0031480072186240928,16,0.17257372545379535,0.03504629400030322,16
gene_901,0.6991004042314071,0.010280080205059106,16,0.20448187238715265,0.04949915925469438,16
gene_902,0.7061775073844724,0.012668297269400391,16,0.26665171930761333,0.052538411359036946,16
gene_903,0.6953599730940768,0.004495415857231028,16,0.17409851601598958,0.031787325220820443,16
gene_904,0.6903236750468728,0.00950153219789908,16,0.18271303088774404,0.03300319742792911,16
gene_905,0.7023387925178518,0.005428334140010458,16,0.2222336057988505,0.02335520435451214,16
gene_906,0.6998713242593102,0.0114695261917526,16,0.2137661493625549,0.04361437461808087,16
gene_907,0.696967840454211,0.005641635217258267,16,0.17313927855763114,0.02819687394098947,16
gene_908,0.6901398469798614,0.00656812432260289,16,0.1393563160366148,0.029124477030240823,16
gene_909,0.6906517274234841,0.007711986671187953,16,0.1661013312464017,0.037555029253607715,16
gene_910,0.6962437605455688,0.006175055269384502,16,0.17706478685442045,0.031563261483238216,16
gene_911,0.6912458220422251,0.011532435507086023,16,0.17827381690193242,0.0588051324040513,16
gene_912,0.693944158798986,0.008042287581694096,16,0.2116775751644413,0.03405926360088433,16
gene_913,0.6993426742424741,0.006955149803225503,16,0.21616729140170976,0.03750507019445657,16
gene_914,0.6987473047822991,0.0071783258386508555,16,0.18645058798449607,0.03813674608241918,16
gene_915,0.6954214876129611,0.005566422656986878,16,0.19236411517696894,0.03066032132106263,16
gene_916,0.6954077521623631,0.005854404537476436,16,0.21486633780737002,0.036193514282784216,16
gene_917,0.6984013368991898,0.005530257141421759,16,0.2300193843585109,0.03446645197728239,16
gene_918,0.7043280464319293,0.007547309862893053,16,0.26147896900367007,0.027749069247114073,16
gene_919,0.695960189341886,0.007796519832197705,16,0.1870820434779351,0.037312359192074054,16
gene_920,0.6973340870538163,0.011585516308391629,16,0.17682479052226854,0.061381310460325494,16
gene_921,0.6898275490451677,0.009125465068680502,16,0.19986244718155527,0.022128284644477775,16
gene_922,0.7048224790712219,0.007225974969371234,16,0.21033059775753826,0.026699576299371,16
gene_923,0.6974884153857074,0.007212011444886062,16,0.2568788941619613,0.037741107014786,16
gene_924,0.6906937947755943,0.006702112887682181,16,0.16116805105634802,0.03738294751546232,16
gene_925,0.6869849393685332,0.004825271936468835,16,0.16486393620161865,0.02784386502111176,16
gene_926,0.6964702944216772,0.009813417395641108,16,0.21920730752995168,0.0417463183406554,16
gene_927,0.6900638500813892,0.008493153479837924,16,0.20132557173092136,0.043608571391497784,16
gene_928,0.6932853025792084,0.00805958324267334,16,0.20271532737887937,0.031540238906945295,16
gene_929,0.6902587775701181,0.004165228983552963,16,0.17248705296231923,0.020456861907676687,16
gene_930,0.7005965458733656,0.006683070242417631,16,0.2587449098568943,0.014622814758141811,16
gene_931,0.6949012211137814,0.007256159004980958,16,0.20440723854322979,0.02715386303906907,16
gene_932,0.6813369406089025,0.00878282093251077,16,0.1762244830015313,0.03237565404629188,16
gene_933,0.6978794189022697,0.007729576530149906,16,0.1898740037922347,0.04628821548474575,16
gene_934,0.6911303372628455,0.005429195399268814,16,0.1762453066064687,0.036783510064216374,16
gene_935,0.6901371096933521,0.005658109048766965,16,0.1629553584814634,0.032805799260991635,16
gene_936,0.6974056646504306,0.00470509017266036,16,0.22293160946264573,0.018865956878984926,16
gene_937,0.6900294426971942,0.002315202592848512,16,0.11652437975028944,0.020538414483197903,16
gene_938,0.6967618436048282,0.009583370094921165,16,0.22600190833768863,0.03890852546864961,16
gene_939,0.694212240858367,0.011645757693902506,16,0.21803704859381398,0.042208180500404584,16
gene_940,0.7014554461635649,0.005447561559426213,16,0.2030100779509317,0.022269162843855567,16
gene_941,0.6889508943545504,0.011080818144380802,16,0.20164747840577465,0.04410727193460872,16
gene_942,0.6942364999592874,0.004129320964466095,16,0.1727775358579723,0.029589508718721454,16
gene_943,0.6971107653456131,0.009178069579172186,16,0.194776163734604,0.05360328759604365,16
gene_944,0.6899374488529559,0.008419214933256385,16,0.16160114518210006,0.038084018233300765,16
gene_945,0.6936019823365546,0.005504569571085981,16,0.15996166657419567,0.016272294800698042,16
gene_946,0.6961289058884932,0.008148507850298548,16,0.16203997512282778,0.04100151679695153,16
gene_947,0.7012235596870083,0.008010001645149527,16,0.21038620841893474,0.03738801257085691,16
gene_948,0.6960627850039601,0.006855146468610339,16,0.1886899084740277,0.037871150049317265,16
gene_949,0.6966439409929759,0.008495654358505793,16,0.2127550393803284,0.03370629519997424,16
gene_950,0.6825306577096085,0.0055385681053859185,16,0.1975936445420524,0.022913261197878454,16
gene_951,0.6968053384098447,0.007891027519950026,16,0.211285574111543,0.04300651164771971,16
gene_952,0.6851941199949555,0.008279902480436639,16,0.19390837939833616,0.030312306626180376,16
gene_953,0.689696071991523,0.004352199704352871,16,0.1986438362975973,0.02885163611812095,16
gene_954,0.6896989778801483,0.00325778711085748,16,0.1417432180177777,0.021321038109513673,16
gene_955,0.6950049981259461,0.003571963367041721,16,0.19284325101336533,0.03481538718599756,16
gene_956,0.697911650187307,0.006789670321084143,16,0.19913954634990194,0.028054592163858912,16
gene_957,0.6974567632039439,0.012182673192091886,16,0.20825182307549264,0.04949530620394404,16
gene_958,0.7030289200809364,0.0062153406728155626,16,0.23517923274101235,0.04483604307829043,16
gene_959,0.6984906797486641,0.010413982568001284,16,0.21848127697460876,0.04806654772066406,16
gene_960,0.7010995285661443,0.006154192727121103,16,0.19523221570303753,0.03837895380780588,16
gene_961,0.6868215899318952,0.006786545148384424,16,0.16216529946002511,0.028645203599063918,16
gene_962,0.7020454618591115,0.018941621474766954,16,0.2574689187777244,0.08017685397249157,16
gene_963,0.6813754018562594,0.010830505980629387,16,0.1744922323011014,0.02775492407616028,16
gene_964,0.700360411511147,0.007155598598841477,16,0.2245553311056708,0.026979096480263087,16
gene_965,0.6936964799155391,0.006653956185115442,16,0.2064401612997459,0.03329507890633568,16
gene_966,0.694412598738219,0.007215329383656352,16,0.19066706996432525,0.026453960375210403,16
gene_967,0.702972792073685,0.006723397196906951,16,0.23979713688336068,0.03924286035244079,16
gene_968,0.6964888135504205,0.012044156291630333,16,0.23612846718684138,0.056958100714416406,16
gene_969,0.6935416988523366,0.0045817691858643945,16,0.18065956562488536,0.022124800616399782,16
gene_970,0.6948460433443853,0.011761964566995685,16,0.2079279847853392,0.0408570893672276,16
gene_971,0.6885731070733744,0.006698134157465241,16,0.19321190248750303,0.032946597001108524,16
gene_972,0.6955474772284306,0.005201060587391905,16,0.20372122176764093,0.02323403692582953,16
gene_973,0.6896919932753834,0.007513071844262651,16,0.1877483754159327,0.039391296893262484,16
gene_974,0.6952967395978067,0.005889933626784249,16,0.22263492493296427,0.016992737437770362,16
gene_975,0.6942904585020793,0.007711325063661121,16,0.2049343518228066,0.03772871443061343,16
gene_976,0.690549324051702,0.01050063791803036,16,0.20198303554115854,0.0418113466609095,16
gene_977,0.6950249500452396,0.004734957249516733,16,0.1479028606481044,0.019524199972277997,16
gene_978,0.6979802354133143,0.009457628953027906,16,0.19674921405985202,0.046928578304257694,16
gene_979,0.6945528380977121,0.005593468250893399,16,0.1833577420533175,0.01948099790443953,16
gene_980,0.6950312167219657,0.006230560188448955,16,0.16257883899914666,0.030266066304720618,16
gene_981,0.6961907597529938,0.005664277334069971,16,0.1743437382422363,0.03801850921465551,16
gene_982,0.6910555233196627,0.00519080228528054,16,0.17574338540640658,0.030681050308783424,16
gene_983,0.699384597487425,0.016433453946689245,16,0.18427631149767387,0.08402051273668797,16
gene_984,0.690175103011039,0.012879842222302627,16,0.23247834057570954,0.057895906197389164,16
gene_985,0.6952260507189646,0.00798925311762094,16,0.1709190214370564,0.032714900669362175,16
gene_986,0.6981503594329526,0.003736227801498126,16,0.16384606369603422,0.015373079068065053,16
gene_987,0.7045994975180876,0.0128577415535524,16,0.22680088060710726,0.06551334465028145,16
gene_988,0.6924521286218687,0.004970956148635763,16,0.17030597237362677,0.03692489010021005,16
gene_989,0.6921947904751047,0.007912522986691985,16,0.1750507252917787,0.03411953632277287,16
gene_990,0.7101924983066529,0.011098148635675787,16,0.28172073074396103,0.046636845920609925,16
gene_991,0.6888973658227449,0.006878217479142073,16,0.1796196837012315,0.028881458076119904,16
gene_992,0.6958405124200008,0.009042322127889564,16,0.19252970145904466,0.03703411828192863,16
gene_993,0.6991338868711745,0.005063465958677652,16,0.1877656293792557,0.02739887820279457,16
gene_994,0.6956344256919977,0.00875420357989919,16,0.1748368353957217,0.04169545562074375,16
gene_995,0.6947335353820127,0.00505935038252017,16,0.17375317946628394,0.04050095428087695,16
gene_996,0.6920549338143531,0.005596111444365109,16,0.1703964489973245,0.029624990224831026,16
gene_997,0.6999129655232809,0.009522726328736833,16,0.19558427245081816,0.04867568722597103,16
gene_998,0.6951680157000983,0.0064363105647434185,16,0.21285720777378875,0.02697134891662985,16
gene_999,0.6917453666421203,0.009765565398886535,16,0.19413644754282067,0.04069051597349895,16
gene_1000,0.6311598774224184,0.006322273534774498,16,0.03394818460484751,0.017182604681010735,16
gene_1001,0.5776857107869681,0.011894156001217538,16,0.11314172050824567,0.04250179803802977,16
gene_1002,0.6518103119095623,0.006976834423824961,16,0.029076805647363563,0.012412774386370572,16
gene_1003,0.5901195880906986,0.014235104540880247,16,0.05978725376241534,0.022755879216090593,16
gene_1004,0.6025687599150376,0.018049740316907932,16,0.10592166073582797,0.03961975230872197,16
gene_1005,0.6361294515082273,0.006092588155343552,16,0.050396537922624406,0.02260568939003468,16
gene_1006,0.6189444585768301,0.008941206581301505,16,0.04536832468346108,0.01780805716360178,16
gene_1007,0.6280300123578484,0.011550438614558275,16,0.05063558812184001,0.03503964859713632,16
gene_1008,0.612644189949699,0.02015952396891536,16,0.0967694738224584,0.03739307165521198,16
gene_1009,0.5735622993577364,0.013488514073604586,16,0.09501525720948756,0.045295018111023946,16
gene_1010,0.6123882669524687,0.007590684082393477,16,0.06613988417811499,0.018787229759191726,16
gene_1011,0.6285102324748427,0.008196412836634328,16,0.04743067177316246,0.014150118432994681,16
gene_1012,0.6268905978551332,0.005203207082447272,16,0.07237154196607291,0.022625179837010873,16
gene_1013,0.6365719637527623,0.009251629232844548,16,0.05612223975781825,0.03608992625852681,16
gene_1014,0.6089181777346915,0.011766171905837024,16,0.07659708918059938,0.0299847662980769,16
gene_1015,0.6126645566973851,0.016095551854827025,16,0.12982810770848402,0.06023850492763592,16
gene_1016,0.5917132884247416,0.024352230324452464,16,0.10982016999725588,0.05713840279792741,16
gene_1017,0.6336495220785581,0.005126603416240173,16,0.04593102266428817,0.013464143395069322,16
gene_1018,0.6243361525568798,0.015935782701287288,16,0.07013495815965329,0.03767429603240671,16
gene_1019,0.6146366867374395,0.004326070428358413,16,0.044890859090338964,0.017330380827073208,16
gene_1020,0.6124826978155908,0.007673757631219885,16,0.05225745738906802,0.026853969084232883,16
gene_1021,0.6076597752207885,0.012614757537585815,16,0.07588044072476685,0.02974646205302739,16
gene_1022,0.5986211035761709,0.007271370551900867,16,0.04268354230584154,0.01511514269264305,16
gene_1023,0.6365741266481816,0.006794531221691387,16,0.061640425838090714,0.028716346745788702,16
gene_1024,0.5976975724959666,0.026249812999016794,16,0.13036684618295177,0.043943828689716975,16
gene_1025,0.6478290021183886,0.004945001669583714,16,0.022664416129651182,0.02566139668198047,16
gene_1026,0.6492510897274213,0.008381838765554822,16,0.04073730424992888,0.012016210121054836,16
gene_1027,0.6527004888959241,0.006173562201014828,16,0.020831378257789808,0.010565173407272265,16
gene_1028,0.6505220468860283,0.0020623341902994492,16,0.0395587023953344,0.022428175806776193,16
gene_1029,0.5891294244168093,0.008502757759821448,16,0.025478494997131257,0.014277394487037883,16
gene_1030,0.6370660117655784,0.011315694350968413,16,0.0533447793764773,0.020988463764958887,16
gene_1031,0.6100032787979398,0.008738367142307682,16,0.06279204273619171,0.02163465493686365,16
gene_1032,0.6242823860143356,0.019238893207552153,16,0.07418001657509615,0.031965271808248354,16
gene_1033,0.619300231643108,0.00797948379323951,16,0.042956097402631156,0.019164557919070523,16
gene_1034,0.6175323817266313,0.01679984621582378,16,0.08597418111013591,0.060770609260087725,16
gene_1035,0.6262427353225033,0.013188002824042205,16,0.07691325142913451,0.022570643765530043,16
gene_1036,0.6357198329570838,0.007216494335132116,16,0.03700441027832484,0.012038182653774845,16
gene_1037,0.6405546238425607,0.00951628816531544,16,0.057747650800421886,0.024609116429291922,16
gene_1038,0.6297372575636604,0.012396632924127576,16,0.06839888642126397,0.02667679985145563,16
gene_1039,0.6622071699517373,0.0035415298724123024,16,0.03147282966217085,0.007496703354234465,16
gene_1040,0.6574116320870137,0.004014200149803297,16,0.027483604210922195,0.010455498213817055,16
gene_1041,0.6143297752698497,0.008465692648027053,16,0.03787595385868324,0.021353339162043686,16
gene_1042,0.6281889950715442,0.004337577259865452,16,0.07784533551480066,0.042539567203102535,16
gene_1043,0.619886796524481,0.007243094314326974,16,0.046730942992472276,0.020740457264991834,16
gene_1044,0.6271211823536054,0.0061477553798463805,16,0.025553673435589466,0.010290782988944976,16
gene_1045,0.646465713000295,0.007534561049256068,16,0.039068171495898044,0.014226852374033266,16
gene_1046,0.605772103573377,0.011793300661759114,16,0.08799606998974607,0.032007735465734904,16
gene_1047,0.619405657370931,0.017505366348702363,16,0.12613144044823463,0.053155195503879746,16
gene_1048,0.6154580730099575,0.011975034177109467,16,0.06364610620193364,0.02255543397252693,16
gene_1049,0.6692857339730038,0.004824133016287007,16,0.02255479224719692,0.01275977369547761,16
gene_1050,0.6434593383022194,0.004955262659041085,16,0.021495128616620507,0.008781307665619752,16
gene_1051,0.5663307173727411,0.02346582514150173,16,0.13031533786900873,0.0471666174862277,16
gene_1052,0.620543039560708,0.012186478080798493,16,0.11928300409144812,0.055733133184612406,16
gene_1053,0.5702592809063047,0.03250812972112192,16,0.163400862487743,0.04297181570654259,16
gene_1054,0.6214546497008471,0.005940258507182162,16,0.05498625459403987,0.01611764352022089,16
gene_1055,0.6092728217287451,0.007594475052120301,16,0.037564318622652776,0.025382345040451372,16
gene_1056,0.6459202068378523,0.008493959989345186,16,0.03349439367629762,0.010894123380145173,16
gene_1057,0.6362201940577114,0.006111402675793486,16,0.024990512554065644,0.009422701041526938,16
gene_1058,0.6512983435456964,0.005143969878984266,16,0.03226747144548435,0.013500751698784319,16
gene_1059,0.6233656553336517,0.0065807695502243056,16,0.06666903114246794,0.026896759694284553,16
gene_1060,0.6370435513090618,0.007389113557538775,16,0.05931779583273866,0.025256015981980164,16
gene_1061,0.6378215909588105,0.007197697329822498,16,0.029855912788399445,0.013831405485374124,16
gene_1062,0.6277630057299213,0.008596171211707858,16,0.02873349129065728,0.012115698768502705,16
gene_1063,0.5935065448636955,0.012704451434335452,16,0.10955364579902777,0.048066023161085825,16
gene_1064,0.5902832175934891,0.01853786120025863,16,0.14134220444396564,0.057607016024665815,16
gene_1065,0.6216510125310036,0.01013386378890542,16,0.03509141318554694,0.011438024323117848,16
gene_1066,0.5714913196336523,0.012359993395006826,16,0.11485520587974452,0.05968961968641527,16
gene_1067,0.6491926046236554,0.005990812570185545,16,0.03295793067180344,0.015991382467500762,16
gene_1068,0.6001876219287613,0.021572894552405734,16,0.10829255315124,0.045808565951745,16
gene_1069,0.6433507087520298,0.00947619531648515,16,0.05062991910332476,0.031790984847029385,16
gene_1070,0.6132103671982606,0.012082969643981856,16,0.06418406838199966,0.03101453031616988,16
gene_1071,0.5958572634807308,0.02416139556155532,16,0.13848649178384856,0.08875608025400958,16
gene_1072,0.6166242325467789,0.012038116206696049,16,0.06446034960313465,0.03970890708053011,16
gene_1073,0.6216867670541989,0.008479927632222231,16,0.08044584274798874,0.03302095041218985,16
gene_1074,0.5948808094383704,0.025903675095038596,16,0.1166478844983425,0.05023219235339515,16
gene_1075,0.6409822665537431,0.005222997058118691,16,0.05209878439482219,0.014943381551893937,16
gene_1076,0.6146400374328748,0.007312731913706125,16,0.07169993019760182,0.032074572138622054,16
gene_1077,0.6102099926965526,0.006168359450443736,16,0.05467211461375266,0.0317295242422398,16
gene_1078,0.654477673093181,0.0036404028172661988,16,0.021654033991822415,0.008128570317502231,16
gene_1079,0.5722155512947091,0.014867542943557285,16,0.10697673595953773,0.034712339005991605,16
gene_1080,0.6466089254930371,0.008496405485399771,16,0.037479485864664965,0.011170817656562967,16
gene_1081,0.627668743027168,0.004758092600813926,16,0.03253519469687936,0.01636430435722252,16
gene_1082,0.6258732586928607,0.006042484476256176,16,0.04612486710715028,0.02126130882163846,16
gene_1083,0.5820024815294825,0.023488996282939954,16,0.14514534013023986,0.06490675767725472,16
gene_1084,0.6312418911547304,0.005972511253321132,16,0.03838520397677958,0.011659372772633838,16
gene_1085,0.6127335926654484,0.014653456924604171,16,0.08681781453882172,0.03338182565808708,16
gene_1086,0.6415118588824966,0.0065347450587801515,16,0.02180823227219594,0.010631328971474207,16
gene_1087,0.6266087087109283,0.017123169496458982,16,0.09021374380692168,0.06215184748243205,16
gene_1088,0.6080334402727428,0.03218183813683146,16,0.18468641588672158,0.11231430037182537,16
gene_1089,0.608265871266833,0.014542496652714657,16,0.11758258396819768,0.04927889304329767,16
gene_1090,0.6003413425173136,0.014481612942808463,16,0.07485537152342557,0.024295696289839082,16
gene_1091,0.6119030429625559,0.008644349410687494,16,0.03713245057556948,0.017706427434650843,16
gene_1092,0.6094899441974609,0.010464902514247108,16,0.05187158183745094,0.026866874622003607,16
gene_1093,0.6375467696305719,0.0054729983553126445,16,0.0424539060576103,0.023278612045497724,16
gene_1094,0.6326230681142426,0.008729083117872669,16,0.05406371970392235,0.026671435106279586,16
gene_1095,0.5999305255069567,0.015346999221734105,16,0.09654825809199016,0.026820718312507024,16
gene_1096,0.6532593099073177,0.0046901306162444815,16,0.02171609980752534,0.00844277917946128,16
gene_1097,0.6286041310529219,0.008112804247264098,16,0.07438180140394442,0.03659430614806184,16
gene_1098,0.6019290862973455,0.01565061850277644,16,0.1591726358470975,0.03296792607431641,16
gene_1099,0.6177191056620575,0.021832228896154937,16,0.12626144838142667,0.05345277617206741,16
gene_1100,0.6400374723180178,0.00832859029011917,16,0.033037281664344255,0.011076716964110436,16
gene_1101,0.6388917816856633,0.0076298780889523105,16,0.034102036960573935,0.021741456518247694,16
gene_1102,0.6280323734441026,0.00416474248763309,16,0.024734750827157488,0.007495278752736678,16
gene_1103,0.6016262267574375,0.014943687356671934,16,0.099973304895904,0.024538792971598597,16
gene_1104,0.6040922568504954,0.00856233758485371,16,0.06300491025561274,0.029882951966773378,16
gene_1105,0.6115980151183583,0.01816899282121847,16,0.10723102569815436,0.046790336339061205,16
gene_1106,0.6431283668389983,0.006435403960605651,16,0.01743098204658038,0.00812447106739046,16
gene_1107,0.6133771876159154,0.012252332335896152,16,0.09265189440998009,0.03578491510062224,16
gene_1108,0.6308505206072131,0.006998743400103148,16,0.054721240301743315,0.02244161343169288,16
gene_1109,0.5773147390911034,0.017854308081087903,16,0.10925267393057567,0.03578207607272392,16
gene_1110,0.5972282415614901,0.01693131465659415,16,0.16118853684422674,0.03867676122304387,16
gene_1111,0.6168741531057178,0.00913483853003376,16,0.03697828254033324,0.011871616114263444,16
gene_1112,0.6209281250301065,0.010829699573395716,16,0.047245258309633685,0.023922665351027772,16
gene_1113,0.619961574011035,0.011575395469583603,16,0.060040504590878147,0.038056086601848615,16
gene_1114,0.6262472180364127,0.009570960225062625,16,0.05962948780145161,0.022971026560003917,16
gene_1115,0.6055724131665536,0.010694954696368776,16,0.09417534830029037,0.032144094451442964,16
gene_1116,0.6191836007114219,0.006752349352971634,16,0.03460627554394952,0.0193197140267545,16
gene_1117,0.6337382067060372,0.00791015046150357,16,0.06988833376898541,0.024137560496941404,16
gene_1118,0.6133179903419466,0.01859798529648737,16,0.09302872910606504,0.04238253561429307,16
gene_1119,0.590525657818387,0.01625527324199679,16,0.12046196807856435,0.039854897270347044,16
gene_1120,0.6061615060672432,0.01511986794283896,16,0.059926962180764654,0.02604739995456406,16
gene_1121,0.643151849199288,0.004819966543176982,16,0.020693079277368485,0.006215638875459884,16
gene_1122,0.5820531661066584,0.015084102073778749,16,0.16027970718266957,0.057952435929452206,16
gene_1123,0.5874059967388376,0.015242461398535117,16,0.06965821343559735,0.025202968701451195,16
gene_1124,0.6147422461538231,0.009099508620162367,16,0.055431768352309695,0.010229805084511729,16
gene_1125,0.568546300192376,0.018994518331601006,16,0.10638478090912518,0.05782486086424989,16
gene_1126,0.6505148685391062,0.006651225439283794,16,0.04967911234148815,0.030477960467763972,16
gene_1127,0.6112215607069795,0.016172364332860695,16,0.10145878288762272,0.04268678184004701,16
gene_1128,0.6224902183042903,0.00826261008056998,16,0.06172239024571603,0.01930531713229052,16
gene_1129,0.5902727020021498,0.010060555110617252,16,0.11297344852305896,0.051728065788100824,16
gene_1130,0.6019887108762576,0.015065060901848169,16,0.06891485760365555,0.027103435825030466,16
gene_1131,0.6030880381840283,0.009233948380203248,16,0.04417670430652198,0.019772085908176657,16
gene_1132,0.6092896356921111,0.006509825963550152,16,0.0913030525774903,0.026633980600742808,16
gene_1133,0.6082951801396115,0.016411130237226984,16,0.10100766319287471,0.04492347599928333,16
gene_1134,0.6047150180112375,0.010199055277575511,16,0.10599879537940672,0.037278739499251215,16
gene_1135,0.6312869911420299,0.007637447418518067,16,0.05122979813860415,0.02042061506311631,16
gene_1136,0.5921448284648392,0.013828899442527296,16,0.0873144468547596,0.0349205683112337,16
gene_1137,0.6430566027592658,0.005501952967809343,16,0.03517853684283386,0.018523418128316458,16
gene_1138,0.6251333276552535,0.013260375403101501,16,0.056557736920455785,0.03810200951323931,16
gene_1139,0.6134595596974863,0.01219993901986039,16,0.07337769179190753,0.033395220544908726,16
gene_1140,0.6355260046469973,0.011369913188770637,16,0.06410351431601095,0.02839246241186212,16
gene_1141,0.5736205684374873,0.030912140738761276,16,0.13270597721877314,0.06681111109450215,16
gene_1142,0.6156611787853298,0.014864168192259575,16,0.0816754027700215,0.03814826311315216,16
gene_1143,0.6040181827039215,0.01814674041311519,16,0.12813161295545922,0.03575325322742215,16
gene_1144,0.6188063355310667,0.013876254383599906,16,0.07362715296384216,0.022969116816165366,16
gene_1145,0.5877772868656176,0.023029869583549023,16,0.0989805395702075,0.05711241485846634,16
gene_1146,0.6214641308262272,0.032716317607396614,16,0.21570628516576673,0.14322594906360755,16
gene_1147,0.5692043079113758,0.023364558880898882,16,0.08992445225831687,0.03656634523126708,16
gene_1148,0.6223294337480029,0.0085734841008135,16,0.05335321660576321,0.023766815750548467,16
gene_1149,0.5839387866167267,0.02727324998686335,16,0.07539144732644867,0.04024917106766868,16
gene_1150,0.6114148734349482,0.028066069297725413,16,0.2124168634061034,0.0695733909026834,16
gene_1151,0.6020111103602134,0.007863022332069166,16,0.05198746359816806,0.03878898861902615,16
gene_1152,0.6274111392629655,0.011840255312097925,16,0.08342830570898903,0.03515733813897613,16
gene_1153,0.6172683016165933,0.00974280745539553,16,0.06920207280517046,0.028351501444366777,16
gene_1154,0.5880718816748742,0.03654708644254544,16,0.1926782617872249,0.07315408695334157,16
gene_1155,0.6340318484649006,0.0023844659400553336,16,0.03406320616237136,0.011336780851676036,16
gene_1156,0.5992058431907195,0.01934484533918391,16,0.061718702543196516,0.021132507555134974,16
gene_1157,0.6465362377975941,0.005494897502733511,16,0.0383541978437712,0.012303793125137363,16
gene_1158,0.604598521977881,0.012339403457374396,16,0.046216746206594994,0.01611426808633992,16
gene_1159,0.6397077084110153,0.006138074220092915,16,0.03344433252468353,0.019260843105287355,16
gene_1160,0.5812048049351364,0.014752276730549664,16,0.14049795774127727,0.06739584202344034,16
gene_1161,0.6050545489760464,0.006245992048481135,16,0.08918882700806793,0.025068921980360006,16
gene_1162,0.6148953644630518,0.01713275212789949,16,0.08544849136376806,0.019822291970498687,16
gene_1163,0.6518529491240488,0.006952563233164883,16,0.02897696900247692,0.011788863549602359,16
gene_1164,0.5990644368677798,0.01693952806436275,16,0.06013287789532033,0.02323729359587318,16
gene_1165,0.5887216065574714,0.01313959384911134,16,0.07396707629810478,0.03568599866069539,16
gene_1166,0.5928405554971772,0.012165615229834496,16,0.08667029808093225,0.03534973140070135,16
gene_1167,0.5985202450849793,0.02236261071324887,16,0.11510624518524093,0.0371194425700129,16
gene_1168,0.6210039905857374,0.011537134552080422,16,0.08157964836126719,0.03721763467457365,16
gene_1169,0.6036028355242855,0.013595120103356331,16,0.14169299839429722,0.05609137549371191,16
gene_1170,0.6055729825108241,0.012102128499477935,16,0.07791420284529246,0.028520546669511673,16
gene_1171,0.6248232248960688,0.007587049959243213,16,0.03691976138406307,0.020686213583550224,16
gene_1172,0.5983425423549986,0.010203041856470094,16,0.19098812890706107,0.06195096700125351,16
gene_1173,0.6328344054358497,0.0059980102876793905,16,0.04498425813401965,0.015966063058681215,16
gene_1174,0.6284458138691196,0.0033541665820429863,16,0.01811400569988761,0.006464118847725305,16
gene_1175,0.6398001184905852,0.005439256349035645,16,0.04119960510676504,0.026007968732489478,16
gene_1176,0.5741008484742729,0.02730436523276068,16,0.16200900811995259,0.05322692535496238,16
gene_1177,0.594826452859595,0.020513706746403435,16,0.13109004650371248,0.06853537826900409,16
gene_1178,0.6158334025801577,0.009352057937532772,16,0.05553059842288779,0.02037483861474707,16
gene_1179,0.6157869189537256,0.012233956234911582,16,0.052081277049770607,0.025008496962766524,16
gene_1180,0.5749389800470593,0.017289276663956733,16,0.12474291678164703,0.05828353537894604,16
gene_1181,0.6357554233323449,0.007047592883461384,16,0.03778441646377963,0.012199011355506788,16
gene_1182,0.653428002051752,0.006341077362686307,16,0.027541896976039572,0.00876860037186406,16
gene_1183,0.6210308665852202,0.013951788681262815,16,0.10641308776979107,0.0544256647662209,16
gene_1184,0.6142544619229702,0.016499681209807663,16,0.09405101208502123,0.04868150271103714,16
gene_1185,0.6498749807298858,0.008225011313616068,16,0.036568721618546074,0.020937926953228533,16
gene_1186,0.6125272265177937,0.007692594447330179,16,0.03209712708776653,0.01639627795776147,16
gene_1187,0.615889300723206,0.010693186216875476,16,0.050660592576948826,0.01344885578585744,16
gene_1188,0.6091040695170651,0.010589203506314818,16,0.03400775043992028,0.02883298691393845,16
gene_1189,0.6148406643475778,0.026370710382759923,16,0.22143636247513954,0.05725923445682903,16
gene_1190,0.601023210176738,0.025068253809858432,16,0.14224629826553273,0.05165426394959935,16
gene_1191,0.6445444105537784,0.007520629927483032,16,0.03172322176287893,0.014860651763855282,16
gene_1192,0.5835686674977303,0.009104327432554512,16,0.10675930810419311,0.043438461494766864,16
gene_1193,0.6415055731324819,0.008004523975057888,16,0.03130739882844245,0.014213372417261198,16
gene_1194,0.6250805243609423,0.006446406932917907,16,0.037476625532039926,0.013722274396178943,16
gene_1195,0.5762865429613262,0.018126954873832903,16,0.10815125121695357,0.03930376357974022,16
gene_1196,0.6329504007133283,0.01098763795686347,16,0.04805710238170311,0.024690669294335235,16
gene_1197,0.628962049792859,0.011132692877546828,16,0.07590986188664442,0.02160373824857787,16
gene_1198,0.654241734636625,0.003412915623093443,16,0.009765999592617251,0.004176606024857659,16
gene_1199,0.6167617458396292,0.011373794983752163,16,0.03839642144756332,0.01751570671824139,16
gene_1200,0.6218632637066006,0.004580002082796975,16,0.06259422231041188,0.01977033284636265,16
gene_1201,0.5901674669931828,0.021515953124417186,16,0.10122143874690095,0.0597126067462751,16
gene_1202,0.6551993025664299,0.006490317176950384,16,0.029673065894037155,0.019421765734069084,16
gene_1203,0.5761918147929911,0.015696149921656233,16,0.09101962352906905,0.031047676668903505,16
gene_1204,0.6234609099758454,0.0059757315049012395,16,0.08763439716637754,0.03401806314473182,16
gene_1205,0.6180457874512079,0.009327083075650503,16,0.03918772951138123,0.016401672052748527,16
gene_1206,0.6232913230134993,0.004622013859406939,16,0.049391435063842457,0.024661803009011787,16
gene_1207,0.6180612991058902,0.003908725103533675,16,0.052192889751736755,0.01747338844395271,16
gene_1208,0.6184323903453561,0.008146588612976778,16,0.07569397760618293,0.036033562726130675,16
gene_1209,0.6518169389650075,0.00865099775204538,16,0.041569325754145854,0.017486955291693352,16
gene_1210,0.6311159408541392,0.006823019945342127,16,0.029264859291091867,0.015995542481127806,16
gene_1211,0.6301387413190436,0.012707331851887304,16,0.052337794275171864,0.023137153752890185,16
gene_1212,0.6604725556072829,0.0023233185357894814,16,0.012660366386912907,0.0068055685389590065,16
gene_1213,0.6060760774597149,0.023301337332052058,16,0.10752320511455976,0.057659760626106955,16
gene_1214,0.606686726532413,0.0032724670111201667,16,0.031135405550902752,0.017433404428471615,16
gene_1215,0.6228388637056376,0.011605870904881868,16,0.05460835610768588,0.02157523838850516,16
gene_1216,0.5961482602149485,0.01665207434320855,16,0.08776654325008744,0.03860129766515169,16
gene_1217,0.6389346341582169,0.007597879212466851,16,0.03067194080728251,0.012301642214176406,16
gene_1218,0.6130751329230074,0.00986496607320864,16,0.1338633010518346,0.029144558155948297,16
gene_1219,0.6150230872697002,0.008861501490974557,16,0.06658385540273033,0.025315048189460634,16
gene_1220,0.6288469192941825,0.0106313102354204,16,0.05007133657396186,0.03340210231258789,16
gene_1221,0.6174175524510056,0.011133399889675316,16,0.07750907095142703,0.0381175587151433,16
gene_1222,0.5951011339183911,0.012007589022867686,16,0.08787868321440834,0.04251422569438573,16
gene_1223,0.6175598709559311,0.010491292991851755,16,0.05479545467676049,0.025202955717119845,16
gene_1224,0.5880749754012664,0.018649473225113636,16,0.1271268237871929,0.05375215179210569,16
gene_1225,0.6151836944217581,0.01463912069807116,16,0.06754559530713994,0.04046118923644279,16
gene_1226,0.6006000636448487,0.01133351835809667,16,0.07698684612301857,0.017928755902426423,16
gene_1227,0.615093613221831,0.011049703942036469,16,0.03631890099286086,0.00819051062674594,16
gene_1228,0.6340473504189321,0.009681552037481023,16,0.047406799492582426,0.021022016483226116,16
gene_1229,0.6039412532667482,0.012481195854194299,16,0.04804126215957873,0.019136085068642582,16
gene_1230,0.6335376258316495,0.005380858748426835,16,0.04414826362129037,0.014532932475241732,16
gene_1231,0.633211120226237,0.011057316372018622,16,0.05580410470192108,0.028750771416912697,16
gene_1232,0.6291271310557686,0.006941305740352182,16,0.04856047064736295,0.017864501029217102,16
gene_1233,0.5752477525781902,0.020464113776727924,16,0.106984168336957,0.05680646589359844,16
gene_1234,0.5738364151901676,0.014720091505308747,16,0.1054272558256206,0.055116742283355884,16
gene_1235,0.6122789534185059,0.005598634803291775,16,0.06066051378216469,0.019189889216503483,16
gene_1236,0.5714685196094768,0.009147351610364259,16,0.12147583281273895,0.059094288224226084,16
gene_1237,0.6130980588331351,0.0036363026877645503,16,0.024654451689558834,0.011381782539877029,16
gene_1238,0.5722162676269861,0.016363672563414262,16,0.08917953440661616,0.04087285247875803,16
gene_1239,0.6337732679057356,0.017850484070269887,16,0.0688814904816281,0.03920189800155569,16
gene_1240,0.5957072311829398,0.01697375512098019,16,0.10808080114144758,0.04526544250873985,16
gene_1241,0.593558901170813,0.024464498219794434,16,0.1783835305346624,0.05733789977690357,16
gene_1242,0.5867682399548816,0.0354513744971673,16,0.17093549023187743,0.04655288533616543,16
gene_1243,0.6298564461858325,0.010196475728361848,16,0.0723794178753906,0.025701159195721874,16
gene_1244,0.5804935882144722,0.012504063784569301,16,0.1164844616383882,0.03625997429040389,16
gene_1245,0.6326596860356415,0.008400247517769738,16,0.06733493802463675,0.02945224295808391,16
gene_1246,0.6212887942337276,0.00643792896709122,16,0.03835391489509498,0.02427921426459157,16
gene_1247,0.6425849861456915,0.00797610760053744,16,0.030942533152552847,0.009852380447758232,16
gene_1248,0.6411975458359682,0.007854149437404733,16,0.04603844436035499,0.017241772272692843,16
gene_1249,0.6464478024514707,0.006233665041575381,16,0.02216834844938994,0.007335105657772613,16
gene_1250,0.6089363505990226,0.017762646247151296,16,0.1344201259988956,0.04300943634824975,16
gene_1251,0.6025625620926229,0.010557874066021657,16,0.0711348496493709,0.034499304438771035,16
gene_1252,0.6388372793714555,0.0057786180851969815,16,0.05267012153637216,0.03593859208044137,16
gene_1253,0.5947069565582407,0.011770667712435524,16,0.05240712611751942,0.025650345610831966,16
gene_1254,0.6141105368715943,0.009501332167253445,16,0.05310945372892044,0.021698391273222574,16
gene_1255,0.604580941902084,0.02901719189890209,16,0.1644913224918057,0.0770404564631004,16
gene_1256,0.6248517495923098,0.005319126664125435,16,0.025384382083455094,0.009063507088833127,16
gene_1257,0.616327197834469,0.01026462675638942,16,0.04375356462487097,0.022430564416414663,16
gene_1258,0.5945228110136824,0.017462021977995536,16,0.06259481732383615,0.023760882790815778,16
gene_1259,0.6390129351174507,0.00890732560277059,16,0.024990101820745996,0.016811200782198405,16
gene_1260,0.6012776833636103,0.01943592354857988,16,0.18127001304556345,0.0591665643477949,16
gene_1261,0.6215020962694995,0.010806552386036977,16,0.04857059786400944,0.01861440604505427,16
gene_1262,0.642879653075668,0.003064911572166615,16,0.027056270194418565,0.01594651781705344,16
gene_1263,0.6152730449980323,0.012863540275771303,16,0.07779995635757253,0.03017249161221165,16
gene_1264,0.6191795287931696,0.006115891738240693,16,0.07930046454721595,0.0419454404292486,16
gene_1265,0.6491396475216792,0.0036335207131700845,16,0.059783351124310685,0.015326173633525106,16
gene_1266,0.6437250599309122,0.0067294402546767525,16,0.030979173953864222,0.011959921185897369,16
gene_1267,0.6116655875969875,0.01202833546898421,16,0.061769950153516245,0.01994622233821856,16
gene_1268,0.6045723575449415,0.012674105024490115,16,0.08380275719230049,0.029018329196755274,16
gene_1269,0.600389153642618,0.02716474479681234,16,0.15641700387323404,0.06476664481526694,16
gene_1270,0.5998434832072794,0.01584708071469336,16,0.08873981048916776,0.030049201178946265,16
gene_1271,0.6469187031320015,0.004120318550616927,16,0.017258323154180532,0.007854493505828206,16
gene_1272,0.5879551480209811,0.019650986581697595,16,0.1960800174858491,0.04192371243777159,16
gene_1273,0.5946395135030527,0.015052382530012303,16,0.07530157767001297,0.03899855156387217,16
gene_1274,0.5932817643995018,0.010852931446573047,16,0.16244219584130223,0.04507902599408643,16
gene_1275,0.5824404556836483,0.028438048357282933,16,0.09214664160360023,0.026025906735052028,16
gene_1276,0.6065531720151319,0.013332884096879216,16,0.06178795988714545,0.03608434998513013,16
gene_1277,0.6137335416773301,0.009574703392163212,16,0.07202716510429803,0.03396872462089243,16
gene_1278,0.612802308749171,0.010842448521012538,16,0.07979173205726545,0.028466327825378987,16
gene_1279,0.6195501668171853,0.007047050525824588,16,0.044273791106486556,0.01271929040697713,16
gene_1280,0.625948562086612,0.005062865529911312,16,0.06490382194033611,0.02790372565303861,16
gene_1281,0.585299864924917,0.025134096580334452,16,0.1298082394365426,0.03919317672386719,16
gene_1282,0.6180668599339358,0.008712458321433142,16,0.049235947256058205,0.012474975607238816,16
gene_1283,0.6131892357260197,0.026823214827252934,16,0.12418582169786993,0.06467857841796715,16
gene_1284,0.6005811875218566,0.019230569503925734,16,0.10116830127276297,0.03767785026379454,16
gene_1285,0.6043611916663109,0.01332588155159893,16,0.08442575329299958,0.03259352731453301,16
gene_1286,0.6003900383884568,0.021376048961650473,16,0.14495200017927226,0.062071439848627716,16
gene_1287,0.5649627138134762,0.01697672502146647,16,0.10382313541231653,0.047121509311026155,16
gene_1288,0.612643013483332,0.007996586015214425,16,0.07366044080757377,0.02807420388962375,16
gene_1289,0.6319949866186303,0.007554928776713118,16,0.07159551151339025,0.024148710201627357,16
gene_1290,0.6010643629897224,0.009226332938795162,16,0.07288801475209221,0.023515572070291865,16
gene_1291,0.6010670039177605,0.012948984489705858,16,0.15458426823715804,0.06164210176514009,16
gene_1292,0.610846393815486,0.011168620671640277,16,0.043161871009345786,0.022098391490026154,16
gene_1293,0.6450479629192005,0.004325714620989131,16,0.043471792744938696,0.023644935637974058,16
gene_1294,0.618028007365356,0.009911954444675047,16,0.059148834586833884,0.022553065366747914,16
gene_1295,0.6460367950991736,0.002033510322087219,16,0.02523585318563787,0.013437944042843741,16
gene_1296,0.6147291406700853,0.013040150556390214,16,0.09632326994434101,0.028598607431337745,16
gene_1297,0.6270515691644502,0.004807202608863165,16,0.06977989797570532,0.03573621913412588,16
gene_1298,0.6123313464807805,0.005541556793882503,16,0.05556760040020044,0.02101578409461206,16
gene_1299,0.6367597546843791,0.011716282897585898,16,0.06649262103362129,0.02965939280473141,16
gene_1300,0.6211749429419247,0.005112064233075156,16,0.058752647621995446,0.03384746326156544,16
gene_1301,0.6364435367291108,0.009895210557573624,16,0.052129374289079516,0.019003824335284775,16
gene_1302,0.6202822358527212,0.011820406143571258,16,0.04976907480946433,0.030332893498399117,16
gene_1303,0.6413213835122494,0.010740888965362344,16,0.067680460276742,0.04036838253225654,16
gene_1304,0.6369179744481218,0.006038487692337666,16,0.048086922346013486,0.018181133626677157,16
gene_1305,0.6240610876978939,0.01038691850508491,16,0.10215769805199515,0.049517249890675706,16
gene_1306,0.6167463106808462,0.02277895197039728,16,0.09916238068267674,0.06744710773411859,16
gene_1307,0.5898346784866546,0.017666152153441382,16,0.16470256351619025,0.04605666012416728,16
gene_1308,0.633028807222767,0.011010569351248374,16,0.03564927401569613,0.015919042023877297,16
gene_1309,0.617703149544267,0.011171380723578645,16,0.05784048135760309,0.015264598596859982,16
gene_1310,0.5716011164215034,0.010981908796319707,16,0.048175665765329626,0.02402401013025658,16
gene_1311,0.6219634076247598,0.004910912545148611,16,0.05231884456144632,0.023102943794610253,16
gene_1312,0.6492150022101538,0.004333491556247445,16,0.023210184189533488,0.008387570322390207,16
gene_1313,0.6341144314521985,0.010137204191050997,16,0.07403653275911903,0.03980097590418958,16
gene_1314,0.6226567959007707,0.009075848413027577,16,0.0451972620689185,0.025644831622698424,16
gene_1315,0.6341792042538955,0.008127418577209847,16,0.026241432155032333,0.01110986234270398,16
gene_1316,0.626839511590319,0.01064321436671715,16,0.05807485642373792,0.030095172861887485,16
gene_1317,0.6374469095340631,0.008068396475118594,16,0.03928973489270999,0.017269416492409206,16
gene_1318,0.6036006668523574,0.009938954063773922,16,0.06569650906997809,0.015601341647454412,16
gene_1319,0.6077567885312594,0.018272187022973542,16,0.05957555107678515,0.021714365288880797,16
gene_1320,0.5766046595095803,0.02017897694885495,16,0.10754411494639557,0.03828659285160707,16
gene_1321,0.6107524227646416,0.010297280103735732,16,0.06348102512436468,0.023750974364942206,16
gene_1322,0.6112990206395696,0.009835040393055744,16,0.06967226435081508,0.025578325282184632,16
gene_1323,0.6193057083324244,0.010041548546726706,16,0.09488337161371298,0.0408048976635338,16
gene_1324,0.6098863972492831,0.009076896436439465,16,0.0859434417852024,0.021828980108023446,16
gene_1325,0.5806928763328023,0.014834652340184502,16,0.17918340848253556,0.04596906080303466,16
gene_1326,0.6120560752876499,0.007999865039247931,16,0.04903398271073825,0.020171582735004117,16
gene_1327,0.631335521214448,0.007257289569064747,16,0.04492976656492674,0.014567509228740064,16
gene_1328,0.637678937428656,0.01062946449182146,16,0.037030933012196905,0.01487240966004187,16
gene_1329,0.6151689875529653,0.013907411983651512,16,0.06573626461822779,0.024186307100351117,16
gene_1330,0.6298027601997146,0.009684229117868448,16,0.046856581941515846,0.027920855907165778,16
gene_1331,0.6291737347774755,0.030129778478251813,16,0.11401018521023618,0.0834793452887898,16
gene_1332,0.6270578477269916,0.009969641982941719,16,0.037918601788902585,0.018761636583690854,16
gene_1333,0.6237471054003452,0.009820442153829954,16,0.03957467961506845,0.01679267969027641,16
gene_1334,0.6142243528577379,0.010471743365783463,16,0.05575002420140058,0.02960691055331243,16
gene_1335,0.6061873233724384,0.013967505591361763,16,0.14779179091223865,0.037956232984393955,16
gene_1336,0.5864570790831051,0.023903306470918744,16,0.15333147126435148,0.06515624986206442,16
gene_1337,0.6250180695119554,0.006367650652707461,16,0.031186665187072974,0.017824825672973943,16
gene_1338,0.6082551807428156,0.01337777849707024,16,0.1436751095504355,0.05010906071669749,16
gene_1339,0.6325914806286183,0.010843150716986348,16,0.05305632546805482,0.03709635842615799,16
gene_1340,0.6536807333233757,0.004850695859153744,16,0.01851180133582044,0.007178810952470622,16
gene_1341,0.6412940948931474,0.01038862427284689,16,0.06255395286506402,0.0120961180048266,16
gene_1342,0.6105417158036923,0.016510206262009882,16,0.06262584884323419,0.03535819184839895,16
gene_1343,0.6359199253269753,0.015364788712422138,16,0.04296166123926577,0.022466961583276872,16
gene_1344,0.6481658701187936,0.0036548265746990864,16,0.027790930642919022,0.0160100936767893,16
gene_1345,0.6165811879257295,0.012977381145775329,16,0.04326803131857028,0.018268698591940167,16
gene_1346,0.6431287363028183,0.00974939555831759,16,0.047323464017103564,0.023820771640448584,16
gene_1347,0.62624766933006,0.009699852999093013,16,0.05562026190485751,0.023580490068816268,16
gene_1348,0.6220982307110815,0.00973610248339926,16,0.0384299768038731,0.01247482407283735,16
gene_1349,0.582716458186317,0.01714220409831944,16,0.13705159391115987,0.047108463443999396,16
gene_1350,0.6096741429551082,0.012032156635111608,16,0.06679718359324077,0.021259203054565873,16
gene_1351,0.6127501092205759,0.026934423162748973,16,0.1495215270419975,0.09094981976629693,16
gene_1352,0.5983100723536929,0.0076079536938476735,16,0.04613287589371666,0.015326993985360903,16
gene_1353,0.6182742196575427,0.012456633241138184,16,0.15906728602662384,0.043582290343257286,16
gene_1354,0.6273448452305149,0.0063112606792354335,16,0.0376533859985352,0.010332598585866262,16
gene_1355,0.60496504183294,0.01479512234809042,16,0.1056977462594713,0.05875858749939327,16
gene_1356,0.6055398356695822,0.021559236941698114,16,0.08997597851717223,0.04397751183989623,16
gene_1357,0.6255544950488366,0.005124171084196614,16,0.0569748275523123,0.017200251025178213,16
gene_1358,0.6057008153775151,0.00814912348695992,16,0.04701244158572472,0.007673718129432551,16
gene_1359,0.594124148986288,0.01954737855283324,16,0.10951520898393272,0.09342232902087114,16
gene_1360,0.6357899015001244,0.011513650366424568,16,0.026497436215790794,0.01128215221053873,16
gene_1361,0.6182314213065909,0.009631708811168245,16,0.11772055137440035,0.040900047565427325,16
gene_1362,0.6505243996422995,0.004694611664926039,16,0.038242292327949935,0.014522026956729843,16
gene_1363,0.5852956000137588,0.013062677440239367,16,0.09224450009119725,0.045390374347061176,16
gene_1364,0.588354718471307,0.020518340227041104,16,0.16401605182291915,0.08635211103617846,16
gene_1365,0.6232379006014773,0.010789991958262097,16,0.06624877131017788,0.033988935650563934,16
gene_1366,0.6288639982834969,0.009358321404659859,16,0.08769359628119092,0.03779358816805096,16
gene_1367,0.6451297688921628,0.0037802161725563293,16,0.0249340001338713,0.008878854893120245,16
gene_1368,0.5899408331126388,0.018416289706654362,16,0.08759911398495589,0.061748226186884685,16
gene_1369,0.6331876966116082,0.011841172397805846,16,0.07153830565822711,0.04591298421815389,16
gene_1370,0.590936436174001,0.0175792450759217,16,0.11451607248207328,0.040401171831426066,16
gene_1371,0.6258875051254481,0.010610314496527846,16,0.05127797115893709,0.01766038438080446,16
gene_1372,0.6403940812079407,0.00716579711287334,16,0.0419076934854375,0.029788967200257557,16
gene_1373,0.6221038150202519,0.006054217704420198,16,0.05298038926574394,0.01795899101952945,16
gene_1374,0.6086232551899569,0.01607912682230853,16,0.12131235311473583,0.040503439812155685,16
gene_1375,0.6359306284109401,0.010186680611514344,16,0.06578796037322825,0.03712137617206871,16
gene_1376,0.6479651184618458,0.006054833305350599,16,0.01857213356306347,0.007681634677558414,16
gene_1377,0.6319442996061178,0.01207281198261844,16,0.044269071409939235,0.028550433339171698,16
gene_1378,0.5948305482104327,0.016153136326051084,16,0.10381682049199639,0.045573089994460414,16
gene_1379,0.5886454629635551,0.011109446426170972,16,0.11811771521074388,0.059600279632382215,16
gene_1380,0.6145655193665438,0.008224691916769337,16,0.05696157503323094,0.015022897621116653,16
gene_1381,0.631405305194579,0.010884112204374024,16,0.06231113615335605,0.026050705859336883,16
gene_1382,0.6283768640800238,0.0069279789421790245,16,0.06056239701870828,0.029667957197515932,16
gene_1383,0.5960883184214044,0.019259709623302992,16,0.12778900020622094,0.05685951420015867,16
gene_1384,0.6112208852015106,0.013101189131031499,16,0.1217795935371721,0.059977484340141135,16
gene_1385,0.6259617035512556,0.009204949293025712,16,0.055103941367512906,0.02691647295761101,16
gene_1386,0.6214218123795602,0.015178010567220223,16,0.1014363972914144,0.0609484879666983,16
gene_1387,0.5945885137811376,0.02484550016121163,16,0.1447468424520911,0.06359213227021769,16
gene_1388,0.6008460651370887,0.010766269030793385,16,0.0974737113310282,0.048595173729158295,16
gene_1389,0.6310924390901195,0.011402468377478296,16,0.055525347297434566,0.029263365362996608,16
gene_1390,0.6290845222951171,0.00905163389659519,16,0.07349524784086833,0.032972285695027546,16
gene_1391,0.6083585266878295,0.007307837385099005,16,0.07425571317532706,0.019367531083657675,16
gene_1392,0.625235859904391,0.00408168964269832,16,0.04651599765099523,0.015517443987134684,16
gene_1393,0.6070148610089844,0.0069424058682055105,16,0.08781723283460281,0.020825004938712765,16
gene_1394,0.6029744540355497,0.024235417997143054,16,0.14912419012097283,0.06843236444691973,16
gene_1395,0.633792167246401,0.007421192872736327,16,0.029729973657779043,0.0037957347738693304,16
gene_1396,0.6175321055812912,0.012498480038781252,16,0.07641685233761446,0.049283343218531825,16
gene_1397,0.600146612005286,0.012859880527688106,16,0.08319022203048287,0.025320514334399215,16
gene_1398,0.6501857810300512,0.005023628506315337,16,0.02302909620535559,0.009860379749495468,16
gene_1399,0.6424501506981154,0.0050500887950179025,16,0.04344953824939206,0.011719643860218043,16
gene_1400,0.6138687649899179,0.009071842846143607,16,0.05436557384288993,0.014873730504611512,16
gene_1401,0.5940907856346713,0.023292176240501814,16,0.1367781992502338,0.053613220716056974,16
gene_1402,0.6369713955814023,0.0052075439545815096,16,0.03187251305757561,0.019186395631266836,16
gene_1403,0.6095001956505071,0.009084301288579054,16,0.0775969013976126,0.03797068748610972,16
gene_1404,0.600271886941103,0.013067378644000812,16,0.08718187552294902,0.032202276394618,16
gene_1405,0.6014407434557685,0.03194260431019954,16,0.17395143904508717,0.055777211923288036,16
gene_1406,0.651587799891756,0.006225644565825857,16,0.039284284275494054,0.01791459287545141,16
gene_1407,0.5839129069974373,0.019075421286498064,16,0.11561732779535705,0.05585325661758285,16
gene_1408,0.6448683253643132,0.005732364407071314,16,0.030564613959915547,0.013691607283329424,16
gene_1409,0.6221659825824684,0.01106681630217319,16,0.09403216273995145,0.03498022057064362,16
gene_1410,0.6039829417482865,0.027553167452974515,16,0.14596585934178455,0.0589544871065173,16
gene_1411,0.6239317555341727,0.008904899440177456,16,0.04018969535294326,0.01260925911666541,16
gene_1412,0.6061185028690894,0.011349757473156209,16,0.1140262673906851,0.05682746262634236,16
gene_1413,0.5861335238245696,0.00725832604914531,16,0.06961417452567867,0.02386727809109213,16
gene_1414,0.6110676424794801,0.011926004655944048,16,0.0591300620061606,0.01732255732355356,16
gene_1415,0.6065670227022278,0.013641073937649418,16,0.08128480031839935,0.02937730957353048,16
gene_1416,0.6020761358422064,0.025845435829498914,16,0.13510471465342058,0.06287218557954824,16
gene_1417,0.6237677557313909,0.008402013273917826,16,0.0801999931168806,0.04216269897646371,16
gene_1418,0.6292164118835786,0.012673322126596772,16,0.05455550064299447,0.026360351505890632,16
gene_1419,0.640820019697314,0.006637572093409152,16,0.06451807297202852,0.031686719404921314,16
gene_1420,0.5857878895112987,0.019112530936464724,16,0.0866162250043815,0.039441391340491364,16
gene_1421,0.6026538851839947,0.018882874712530383,16,0.055552947810311934,0.029842057820216688,16
gene_1422,0.5789897080748831,0.02497315605587385,16,0.07939546942970593,0.03892994229754733,16
gene_1423,0.6468246521219134,0.007258173743496706,16,0.0456987640463514,0.019127619960459377,16
gene_1424,0.637831063670654,0.006007180063164651,16,0.05614905106744322,0.02328177905793843,16
gene_1425,0.5960937367479022,0.006787232486943444,16,0.08016852040449327,0.017503310033101783,16
gene_1426,0.6431387326624416,0.009845570523699717,16,0.029549281422623613,0.008663051142108177,16
gene_1427,0.6071409793864071,0.006245980714296239,16,0.09314915108938461,0.034090002236459804,16
gene_1428,0.6044072359594956,0.008191014462501043,16,0.067817947992842,0.03489167436157229,16
gene_1429,0.595103948805359,0.01171483989487415,16,0.08456438151121334,0.041467825495023425,16
gene_1430,0.6165048239914149,0.014471728149819594,16,0.0800498837226106,0.02556922977567979,16
gene_1431,0.6243381532684966,0.006806321404392642,16,0.06179953402847363,0.02729484829464451,16
gene_1432,0.6094613214862934,0.00894854501516834,16,0.09251080285053799,0.044397977856787715,16
gene_1433,0.6354625252907772,0.01006095941971777,16,0.03698684711851472,0.012022820876823269,16
gene_1434,0.625573883834186,0.006480342804965295,16,0.05323679124835775,0.021475839685170254,16
gene_1435,0.6465685301499511,0.004782168459839471,16,0.021089199072944088,0.008355523691384951,16
gene_1436,0.5896695994957224,0.012903877236254684,16,0.08383510437934799,0.03635473427313919,16
gene_1437,0.6383382467043629,0.0077439797570465355,16,0.045138857855917244,0.02262841347353583,16
gene_1438,0.6167235727290861,0.01200337482717446,16,0.07364287359446395,0.05144352499849643,16
gene_1439,0.6374298605842458,0.006004528701442756,16,0.054243243196065785,0.03424311945067393,16
gene_1440,0.6272671261939347,0.009055008470047312,16,0.06647108825703016,0.025356619311870162,16
gene_1441,0.5940247621065223,0.014155486225472037,16,0.11591153780682792,0.04668183947243854,16
gene_1442,0.6270856160302751,0.004425921065219927,16,0.06314557911440959,0.008290992900268454,16
gene_1443,0.593856337505388,0.02843580521470009,16,0.16063796229434898,0.04305565313267062,16
gene_1444,0.6284667313260253,0.00826616159618485,16,0.04313046240212201,0.024649770057331596,16
gene_1445,0.6272754402215395,0.006837290395956113,16,0.0532776171230034,0.02273944953073881,16
gene_1446,0.6191218589362991,0.00950248994859546,16,0.07257593753627457,0.020920640486564994,16
gene_1447,0.6315639035466515,0.005623303170080853,16,0.057708763658175934,0.028302187508923833,16
gene_1448,0.6367785045994793,0.013465188356038535,16,0.05819052570391253,0.030026652651328097,16
gene_1449,0.6374753376435348,0.00825759879294383,16,0.03265314208669577,0.01369622165241194,16
gene_1450,0.5992083717542098,0.024434818570867038,16,0.1482521626489533,0.03786972830854049,16
gene_1451,0.6291538620597434,0.007063413971037059,16,0.03600107444207393,0.021350562141034212,16
gene_1452,0.5998323471752524,0.008406257169241189,16,0.0918695640841892,0.03384823416265054,16
gene_1453,0.6243318093266051,0.012309543282109262,16,0.08547026896656008,0.0405068945598771,16
gene_1454,0.6210828592867461,0.015545050495173615,16,0.09903596740803758,0.036849563819153865,16
gene_1455,0.6199068798137045,0.01424164095475589,16,0.0715620690458555,0.020848029805369404,16
gene_1456,0.6300728110058991,0.017613736535698837,16,0.08813463218927177,0.052755421808633254,16
gene_1457,0.6169038051002416,0.0210318126025714,16,0.07879316698870037,0.035719828080480444,16
gene_1458,0.5694321380805789,0.016863818538867963,16,0.14386126772250413,0.042189898430755934,16
gene_1459,0.6516559699157659,0.004154954467480196,16,0.017091259944794858,0.005982407594175109,16
gene_1460,0.6196169888109117,0.009914772874617811,16,0.04573805813039413,0.03293602571177258,16
gene_1461,0.6126788963888951,0.019404187639650572,16,0.09668058840733806,0.049687413862296845,16
gene_1462,0.6399703254886755,0.006214882683751415,16,0.0424143857157667,0.012955713129549054,16
gene_1463,0.599555830982801,0.01833483987057483,16,0.06733829170847724,0.03619233029375791,16
gene_1464,0.6071948948987992,0.01638704877631568,16,0.06712385906759655,0.018631511639483293,16
gene_1465,0.6512003075859814,0.0033159795864939182,16,0.02604401054029604,0.005893792748766878,16
gene_1466,0.6149386727447986,0.010647858872517641,16,0.06069442690407409,0.022324172704759913,16
gene_1467,0.6513796243359782,0.00583388859123619,16,0.021779126142593825,0.010460965661249669,16
gene_1468,0.6587354101647178,0.007335845677521592,16,0.028920519577918403,0.018841542350869232,16
gene_1469,0.5933466249620467,0.02416459587031906,16,0.10106892063587038,0.04213023226222053,16
gene_1470,0.5939479828004366,0.018038920358518937,16,0.13619752956407968,0.04613041451616029,16
gene_1471,0.6235565543312511,0.01966091270592465,16,0.0966432687505534,0.04046149813562942,16
gene_1472,0.6423049433509358,0.0045392153060782,16,0.018535302155282152,0.006782968092475688,16
gene_1473,0.611179672990293,0.015159653585967126,16,0.1432991012712682,0.05930040020174516,16
gene_1474,0.5995189594511053,0.009146591831509059,16,0.053897607102354514,0.013608344519132813,16
gene_1475,0.5872424785318463,0.02374257699459338,16,0.10674175436542321,0.050261925380396255,16
gene_1476,0.6367259764962641,0.005271690386450925,16,0.02504305205441424,0.005699908097978648,16
gene_1477,0.6071337840388635,0.015136756315481458,16,0.07792078151260752,0.03297878964570617,16
gene_1478,0.6252993709733702,0.02830512358406917,16,0.168231875553491,0.10842820012561054,16
gene_1479,0.6325090231823502,0.009555918525848004,16,0.04360543484423278,0.014622208825406673,16
gene_1480,0.6286025069421577,0.014482508495926034,16,0.05114141643449726,0.02673567337164931,16
gene_1481,0.6189525376878122,0.011911151271623802,16,0.05145714281766966,0.019082236991555562,16
gene_1482,0.5908186984544067,0.017217541367142566,16,0.10303825934494856,0.0330496660775474,16
gene_1483,0.6129878021911009,0.011585629623700022,16,0.07622583672438488,0.028837445168958677,16
gene_1484,0.6085856265201042,0.014115241360088357,16,0.13249660995691465,0.05201196152264269,16
gene_1485,0.6041158381413996,0.010984115063710675,16,0.06750581632633616,0.04192080796457507,16
gene_1486,0.6408462813083455,0.006646197798018217,16,0.03195257341933603,0.015822903274168368,16
gene_1487,0.6227006865911793,0.006017523436975201,16,0.05300016468926356,0.029634140039090102,16
gene_1488,0.5818830513456907,0.013510306359021207,16,0.0852289632796577,0.06422768017746601,16
gene_1489,0.5878301910868402,0.01915883535672044,16,0.13395037063363507,0.04239814376888954,16
gene_1490,0.6376168634717702,0.00918856587519914,16,0.07299646100232021,0.045270694725488676,16
gene_1491,0.6289230444131433,0.011444555660055745,16,0.05753898990494012,0.0330450463317851,16
gene_1492,0.5966263376958938,0.0067045267789276755,16,0.06552179925079342,0.01602728585140251,16
gene_1493,0.587895862065147,0.019198601601327643,16,0.08941389942212027,0.04454071562037938,16
gene_1494,0.5893646154348572,0.019937998890681086,16,0.13930340541286984,0.055737716049565254,16
gene_1495,0.6339800703237172,0.007893865240920502,16,0.047520569623066646,0.0215574744771888,16
gene_1496,0.6292515119684643,0.011530585752931324,16,0.04726083117550236,0.018094233427637284,16
gene_1497,0.6309225979695922,0.010789495231838827,16,0.0773883150215657,0.03554864627884654,16
gene_1498,0.6372210354550071,0.008405553115161342,16,0.066730021457355,0.04412966780097313,16
gene_1499,0.6032642532690108,0.016723066395895478,16,0.08885224309255965,0.023570763378855202,16
gene_1500,0.6228190273956151,0.011036317985464165,16,0.07030187909130295,0.023306767197722157,16
gene_1501,0.6104406842043398,0.015925695040195913,16,0.08761938342593657,0.038734179949114475,16
gene_1502,0.618585525467921,0.016004276466391822,16,0.10241540200976434,0.05458477122476032,16
gene_1503,0.6027623794871257,0.010790579306682478,16,0.147900291709245,0.05844839042085182,16
gene_1504,0.620029695833827,0.008734916645502858,16,0.07868086732638545,0.04489360508112557,16
gene_1505,0.6304788472852436,0.010005664867938996,16,0.07342805589050291,0.05696879002347988,16
gene_1506,0.6312706063463019,0.007217695997802128,16,0.029135500574153015,0.009330634454684612,16
gene_1507,0.5905904456476634,0.021161213549206442,16,0.10215282666327151,0.04393746064472738,16
gene_1508,0.6505226490919324,0.003971204265844205,16,0.03767363259474727,0.015691962892201136,16
gene_1509,0.6444335927763707,0.00878230116814287,16,0.049609743699954544,0.019311805588319655,16
gene_1510,0.589550222196943,0.017046535500133724,16,0.09352680778812775,0.039709162288619086,16
gene_1511,0.6047627968535159,0.009996165540717633,16,0.07905453341621682,0.05494795799632668,16
gene_1512,0.6304029361768573,0.013381251742282286,16,0.043109053995822516,0.0232131080910672,16
gene_1513,0.6164762777298923,0.009609354294885802,16,0.07374332807064289,0.033901286786196465,16
gene_1514,0.6048897452901877,0.006741735174438312,16,0.07346831298786521,0.029265708011356768,16
gene_1515,0.6021260653210703,0.007410265702760346,16,0.08848286490327265,0.02825445033421889,16
gene_1516,0.6073616119297084,0.011073917205343467,16,0.08780006203932811,0.02826963374277588,16
gene_1517,0.6443777718874677,0.006957735568948214,16,0.02921343447659261,0.013139990442096714,16
gene_1518,0.5938895097477369,0.019533036807609816,16,0.07248727974791863,0.026702449874699833,16
gene_1519,0.6103448293595429,0.016073256686159124,16,0.05235160901507872,0.03062765413292753,16
gene_1520,0.6425537513872924,0.004516808979344597,16,0.059826211663398576,0.0335027231630801,16
gene_1521,0.6378733717376002,0.005456147296215817,16,0.0247967550936619,0.01553105488598998,16
gene_1522,0.5861917863622892,0.009724038835458363,16,0.06030256276533415,0.019600295963584282,16
gene_1523,0.598931222938277,0.028029538429933415,16,0.1329424600922559,0.05017095653539345,16
gene_1524,0.6330406380163789,0.008168585035684801,16,0.06537583559568726,0.030497818505967864,16
gene_1525,0.6332987995421286,0.008455274455127476,16,0.07460492155595447,0.021034473481932055,16
gene_1526,0.5956259487019927,0.01047040061639338,16,0.09077422156523246,0.04823269716802427,16
gene_1527,0.6622391683319957,0.006722393657490328,16,0.015730735749383443,0.006207665069376491,16
gene_1528,0.6091137340118681,0.012421738612996582,16,0.08010534492661099,0.0392452779364108,16
gene_1529,0.632478016842498,0.00617639535425585,16,0.04024888806595186,0.033011667537907415,16
gene_1530,0.5894460526963367,0.0071146295817500265,16,0.08128851864712464,0.04323781530298579,16
gene_1531,0.6366729384361485,0.0075563498486849335,16,0.037964889904329446,0.025632119370167735,16
gene_1532,0.6566392880741286,0.0067571311114181035,16,0.027001632204298652,0.014290460297381794,16
gene_1533,0.6039325912214546,0.010156373265138427,16,0.07001652885202793,0.028583354412087224,16
gene_1534,0.6117903534108967,0.018418736203802084,16,0.21403812641931907,0.04874962602328389,16
gene_1535,0.6194700120825198,0.008946525626486767,16,0.026744914754463587,0.01468938850787125,16
gene_1536,0.6249542795872622,0.011800816691970344,16,0.04437359739114511,0.01508822299968765,16
gene_1537,0.591809119509772,0.013484372119421169,16,0.14856884643052062,0.05065848924797656,16
gene_1538,0.654202232054801,0.004811443548882669,16,0.03350235463726082,0.009167516320281791,16
gene_1539,0.6142415509893123,0.02483935768848055,16,0.12358641913797332,0.08474162358982472,16
gene_1540,0.5734778810443395,0.030272186195904056,16,0.13151596698050397,0.055968925311764416,16
gene_1541,0.6557401945097955,0.005181835866716464,16,0.025590835058027905,0.005957954966276417,16
gene_1542,0.6219691931263184,0.004689557747006367,16,0.05274063465211987,0.01934671421692136,16
gene_1543,0.6284827194778204,0.01243823421088722,16,0.05899761155047748,0.015714890815604645,16
gene_1544,0.6248999629987473,0.01001393676939212,16,0.05249568289781066,0.025873570151944813,16
gene_1545,0.6574931155976873,0.004057375162747735,16,0.012902575916514315,0.0075894411616573435,16
gene_1546,0.6151104785329892,0.014308419902085017,16,0.07189989504544936,0.039970588264021036,16
gene_1547,0.5977557945638808,0.01801778799146792,16,0.11843109874786274,0.045283683652901786,16
gene_1548,0.5819490858411226,0.014165830352155965,16,0.08809384459559079,0.04202730995697372,16
gene_1549,0.6042616753147905,0.016703749359940703,16,0.07670186241273297,0.0347622960200096,16
gene_1550,0.6497122306746218,0.004910482036680027,16,0.04364805618705274,0.020564485939977617,16
gene_1551,0.5913382691852611,0.010448423030693725,16,0.04772748373557547,0.018816951506433723,16
gene_1552,0.6057570993290181,0.013579493370549593,16,0.10984561840771381,0.03308942829846074,16
gene_1553,0.6452826279359631,0.005709963242331914,16,0.03109116303129622,0.010032339727158298,16
gene_1554,0.6299106452360295,0.011742602077167732,16,0.056049279293783894,0.020421114248483103,16
gene_1555,0.5942752397061926,0.008916158444069575,16,0.05521588238747125,0.028368009849229072,16
gene_1556,0.6315098695054161,0.008098693036223823,16,0.0640088597086192,0.03253241242630224,16
gene_1557,0.6186465991056372,0.005863390582239554,16,0.04736214721491612,0.014634349913243421,16
gene_1558,0.6228761891746318,0.01283481759512412,16,0.06212915427058568,0.019072007605767726,16
gene_1559,0.6185389711766153,0.014947636647786559,16,0.10252278444472415,0.028850451038013578,16
gene_1560,0.6321619062457073,0.019889633644490586,16,0.07945769802371214,0.06690643493377686,16
gene_1561,0.579788666335273,0.015094306865605032,16,0.05903226940069951,0.02340587353951692,16
gene_1562,0.6280223084717258,0.005995445800597754,16,0.040952932783263084,0.023005981183417634,16
gene_1563,0.6322179812785925,0.008752529266228482,16,0.03470158802010235,0.018833445297622476,16
gene_1564,0.6267246500961505,0.007096270323800595,16,0.03142320294685745,0.01683730166027011,16
gene_1565,0.6284949535205719,0.007274768726257698,16,0.039375979059382414,0.011633079206675305,16
gene_1566,0.6301772644389302,0.013643349076779518,16,0.0667709420367974,0.02188358057934272,16
gene_1567,0.5962053929947466,0.01926765992930796,16,0.0690115239178315,0.029199230310922555,16
gene_1568,0.5947921661839414,0.01350214632222659,16,0.13811974680996658,0.052302024463069224,16
gene_1569,0.6205747787582004,0.00731939877246017,16,0.03399280557650959,0.01599505299887601,16
gene_1570,0.5802215231605795,0.012431044589127816,16,0.20197001111992646,0.038509242783438105,16
gene_1571,0.6116692520682178,0.012244164855266408,16,0.04907923478460782,0.018558639330188826,16
gene_1572,0.6302274841568201,0.009589629232928094,16,0.038148658698455004,0.018411212599192088,16
gene_1573,0.624216563047001,0.007719538925949148,16,0.029855475382908073,0.01130843043326263,16
gene_1574,0.604511002562827,0.012556116074595348,16,0.07383642099652749,0.0333708984185598,16
gene_1575,0.6350174685418184,0.011147726389406554,16,0.04705221783104222,0.025268331705197152,16
gene_1576,0.6491417725640294,0.005363440226870537,16,0.03963739970153065,0.020217469934137648,16
gene_1577,0.613929605556559,0.011441922412936064,16,0.07843580697850981,0.033970045796590576,16
gene_1578,0.6263258364036259,0.008827634641535647,16,0.11309794256133733,0.026783260425519952,16
gene_1579,0.6409250564763922,0.004651354725108576,16,0.03224808832054832,0.015062672957940221,16
gene_1580,0.6111881694264854,0.017562298251741586,16,0.037114389741566965,0.02364951607374302,16
gene_1581,0.6567196037243186,0.004665662146139223,16,0.022435863774365856,0.010574507729356291,16
gene_1582,0.6143563466244636,0.008252518093544353,16,0.03882760757710835,0.01117371261145436,16
gene_1583,0.626208072477336,0.006883218011396049,16,0.04180289782769391,0.01977346948517113,16
gene_1584,0.5889556961387746,0.01820037581067428,16,0.10115963444390391,0.0481231948766314,16
gene_1585,0.6197763479520033,0.013590685100724599,16,0.06662612186363046,0.02213726637820636,16
gene_1586,0.5949900088289626,0.01642460298900408,16,0.057045386515156137,0.02177156575559692,16
gene_1587,0.5952884989628286,0.03484340104862926,16,0.19968886719933557,0.11085558642246249,16
gene_1588,0.5935229435797374,0.013192914498727441,16,0.15711479869563982,0.032563179964265214,16
gene_1589,0.617416754883862,0.011853668497167319,16,0.03451206296151227,0.02122813846014885,16
gene_1590,0.6059867426223936,0.015010553242166543,16,0.1123583715497193,0.03297347022383725,16
gene_1591,0.6092410788142577,0.007083341321363239,16,0.0554473643446582,0.02727140430331339,16
gene_1592,0.6156220962164416,0.009696374613247412,16,0.06288481377375955,0.01388996626322882,16
gene_1593,0.5985506710772215,0.014976564960338508,16,0.060170810097658074,0.024334419147526716,16
gene_1594,0.6457434595264661,0.009984994621617407,16,0.02367785794115273,0.012378807323183673,16
gene_1595,0.6049398589583452,0.007652801818411514,16,0.08004310184372716,0.05826373213082122,16
gene_1596,0.6000607738775574,0.012360213897626569,16,0.07876161072322933,0.05102806772874838,16
gene_1597,0.586920058370566,0.015768510537906365,16,0.08001954686635698,0.049010794827097,16
gene_1598,0.634332934737652,0.005400260468920271,16,0.060210158532398146,0.03447807004514987,16
gene_1599,0.6076743694333542,0.010528028875187487,16,0.08313147986357522,0.02032707616973861,16
gene_1600,0.635613693002709,0.008455569867477458,16,0.01855625652109286,0.008917242683761982,16
gene_1601,0.6283406226848675,0.00904387882856909,16,0.050730715063547885,0.023065385973932036,16
gene_1602,0.598230862977186,0.01024485355876119,16,0.047461930961747195,0.026100850158836033,16
gene_1603,0.6324303052564139,0.006909166481279638,16,0.06347598353553849,0.01972361403038929,16
gene_1604,0.6299302131606356,0.011938469090604266,16,0.06199985203296109,0.030803245869543854,16
gene_1605,0.6053890355775456,0.01604012517864007,16,0.11869621011389975,0.037278586340911406,16
gene_1606,0.6294810708296533,0.005542492094753887,16,0.06916168640398339,0.0351329155324448,16
gene_1607,0.6296021457889769,0.01011865857345612,16,0.06101771861144758,0.028422617247683662,16
gene_1608,0.6217548264147899,0.009563774452032145,16,0.0778799240641802,0.03828003922530771,16
gene_1609,0.6265975268287854,0.009640649042136793,16,0.041771675264362707,0.018778868201378897,16
gene_1610,0.6212470384611426,0.009223006455690472,16,0.06475787100232913,0.022286383098334986,16
gene_1611,0.6468111017639302,0.006405298878858113,16,0.02756091542006883,0.012807239725301492,16
gene_1612,0.661922719275887,0.005938393262879203,16,0.018382606132113094,0.009367766346995076,16
gene_1613,0.6006542284277421,0.009019951350865932,16,0.05603915328152563,0.02536895557020032,16
gene_1614,0.5685623004513188,0.01368560918769522,16,0.09049053013746082,0.05582625216215923,16
gene_1615,0.6264794010293085,0.005971823836891216,16,0.05588256480368017,0.028337224018347474,16
gene_1616,0.6282371023404049,0.004887486286918336,16,0.04624309165596855,0.013224567975973522,16
gene_1617,0.6248105137376365,0.008036110944847439,16,0.07551882688780952,0.031099283193550802,16
gene_1618,0.5906615075928705,0.011988481179380086,16,0.12982434873375023,0.05012696735840835,16
gene_1619,0.6253767984051006,0.006394148984797343,16,0.03666657613647023,0.024953991534676135,16
gene_1620,0.6399007227449099,0.008291114419454295,16,0.06929921670194529,0.03569193859276402,16
gene_1621,0.5992312705382236,0.018046965580085676,16,0.06722737300918741,0.026903526132205903,16
gene_1622,0.6463435649753512,0.007656778119220555,16,0.020953218471571375,0.005745458077710956,16
gene_1623,0.5986974595215867,0.017670721099327182,16,0.13584741626444807,0.07692936978955617,16
gene_1624,0.632832458312198,0.007188912291913876,16,0.04564369263465583,0.01978168844031172,16
gene_1625,0.6210741001261397,0.011570822840363747,16,0.0696124890495222,0.03458738104503741,16
gene_1626,0.5884114576259459,0.017843452878415215,16,0.13194586472688327,0.054636988588484266,16
gene_1627,0.6295535173725462,0.011045413384896596,16,0.10044046750512407,0.05489492251295151,16
gene_1628,0.6155374004528007,0.018634476849863583,16,0.05536758776438418,0.041457023231888185,16
gene_1629,0.6660335876608978,0.0027621666349860194,16,0.014244394182981414,0.007599089461029265,16
gene_1630,0.6397360868270934,0.008890491672552615,16,0.039387622617336165,0.015831906295587766,16
gene_1631,0.6559918672487874,0.004151864042998017,16,0.022127169510502986,0.011767840991221948,16
gene_1632,0.6474712358545648,0.006590975940929211,16,0.034813185315367666,0.019334489415122228,16
gene_1633,0.6199499903443981,0.0060563661751962695,16,0.05969592882604183,0.019814146771081335,16
gene_1634,0.6048164883293292,0.008650648750961219,16,0.12036828466946109,0.05050280883129517,16
gene_1635,0.6494330756143337,0.005359047139860371,16,0.0260287569949167,0.006135019130295297,16
gene_1636,0.5758822568281761,0.019544983623987044,16,0.054753116396040746,0.030377326204699205,16
gene_1637,0.6313391277417569,0.010635106405492162,16,0.08346704538453323,0.05120724145695461,16
gene_1638,0.5936590599661958,0.020085848723512545,16,0.04865570324675922,0.02186556722608599,16
gene_1639,0.632178444712483,0.005578706044978322,16,0.0440167829964724,0.019323843833291186,16
gene_1640,0.6559092027046073,0.006947456252332503,16,0.01913190935158578,0.012609212205830684,16
gene_1641,0.6154699386106793,0.01112841315733752,16,0.04840750026089202,0.013318076524426762,16
gene_1642,0.5973537007582365,0.018281169733733043,16,0.09715245534681448,0.04553105040179442,16
gene_1643,0.6430131896091632,0.008020970671647336,16,0.04117702862294489,0.021900612250520163,16
gene_1644,0.5787088552408496,0.010598199208859507,16,0.08957253553947876,0.02957569812350462,16
gene_1645,0.6274732459439234,0.012917827471579805,16,0.061139136306089255,0.02278278593809956,16
gene_1646,0.5960891972163368,0.009128755595264682,16,0.06897179406582553,0.02984635332661108,16
gene_1647,0.6197181220875926,0.01362835642902081,16,0.05353080538941686,0.02628268638668478,16
gene_1648,0.6200380137887815,0.010597641557910186,16,0.04006254387509894,0.025331947864867373,16
gene_1649,0.5817511296110499,0.017813356594109674,16,0.07949523364545096,0.0373966079154129,16
gene_1650,0.6572606371056651,0.00405139432886432,16,0.0285388511101774,0.01419192335174793,16
gene_1651,0.6396545954685631,0.006525470133825284,16,0.025003335700539298,0.014696036226434162,16
gene_1652,0.6069966807011009,0.015551141255602304,16,0.112831993396459,0.030026725090077463,16
gene_1653,0.5998289340074565,0.026993724098142817,16,0.1316117707627923,0.04040927072453836,16
gene_1654,0.6065598285494439,0.015306584917640179,16,0.08267832864723319,0.024774969101683527,16
gene_1655,0.6101365088846026,0.02783930362964385,16,0.1482224254133175,0.07060086657661928,16
gene_1656,0.6016439567941108,0.020328574297860138,16,0.08981880718275188,0.06003867401408614,16
gene_1657,0.6456757160897819,0.008370517229751545,16,0.048082000170938596,0.028927159585326562,16
gene_1658,0.6139490564523071,0.009924833232376012,16,0.041884160618164426,0.02567970412735202,16
gene_1659,0.6300091881990634,0.005339044008283363,16,0.03725911880522256,0.015638849919585966,16
gene_1660,0.661390312742554,0.0027660371438620237,16,0.03596592442513672,0.012977092485250377,16
gene_1661,0.6102293538050261,0.007524227044750634,16,0.05336671814942564,0.025761056329244466,16
gene_1662,0.5965384307285988,0.00845446334777991,16,0.07085509698197262,0.03955366309929421,16
gene_1663,0.6222857946077001,0.01471197903466755,16,0.0738857426972615,0.039394334907186995,16
gene_1664,0.6389327251659247,0.005544931832970867,16,0.03990198298190987,0.01828735164672981,16
gene_1665,0.6228785172786753,0.007067310874363522,16,0.05454865142086848,0.025100029653079718,16
gene_1666,0.6197951507502123,0.03471968345549074,16,0.23139260501661615,0.10279211506057984,16
gene_1667,0.6018448857705629,0.010409843634945598,16,0.0652406693763217,0.014255703826722631,16
gene_1668,0.6081122943819643,0.030210544933235075,16,0.15724716578968825,0.10161830142914895,16
gene_1669,0.5910895773174477,0.020403044375142985,16,0.12660753215649434,0.03912518038681087,16
gene_1670,0.5973784719500079,0.018599199768413587,16,0.1401347366953535,0.05603398919539459,16
gene_1671,0.6299587163320425,0.010769949537543573,16,0.050340253080612817,0.014179860202512762,16
gene_1672,0.633496389398648,0.006416988739676183,16,0.03232958187276965,0.011195866151455576,16
gene_1673,0.6221566640938972,0.012080942362381927,16,0.06682508216024283,0.015538479296911106,16
gene_1674,0.5941894794187271,0.011976911716467618,16,0.074681185032162,0.034601248559255164,16
gene_1675,0.6194309374716932,0.019063524403894885,16,0.0671693710041194,0.06703252754771959,16
gene_1676,0.6257819575008389,0.01177053900222212,16,0.13136834769944278,0.05824034964286438,16
gene_1677,0.5914008807371881,0.024218150801679925,16,0.12036097912060012,0.059557829785692906,16
gene_1678,0.5981597472362189,0.013724519620636642,16,0.08643607968810742,0.04717639190022862,16
gene_1679,0.6117642468169933,0.014945369972584365,16,0.07220821002736226,0.03123617178240834,16
gene_1680,0.6124608735385423,0.00849282962691115,16,0.05216941578717936,0.01514243638472047,16
gene_1681,0.6087460541993057,0.02427115049970001,16,0.13405820724368356,0.04373654631338992,16
gene_1682,0.6166211717083075,0.016373709623113776,16,0.09878709893216148,0.04983377148736318,16
gene_1683,0.6231338563954631,0.009887121039310756,16,0.046185511486804345,0.017913203393075516,16
gene_1684,0.630745062401213,0.009375704796569727,16,0.054627656264422945,0.026032059554889523,16
gene_1685,0.6456337014233294,0.007656454650069005,16,0.04781239064648253,0.016386732137663274,16
gene_1686,0.613645534829751,0.024361322737066343,16,0.09255617751662394,0.05430761853412251,16
gene_1687,0.6300155563513957,0.010540874200784683,16,0.06422744300678897,0.03219052347071442,16
gene_1688,0.6322763524332546,0.010811255484053681,16,0.07698420323199535,0.027772414550768825,16
gene_1689,0.5829438357093369,0.023012630766859988,16,0.1967244992685641,0.08648936084460411,16
gene_1690,0.6215274510728214,0.015913211755729142,16,0.08026776566914656,0.03153016714812518,16
gene_1691,0.6196579172945786,0.006972285310304357,16,0.08948597383522691,0.028202722194200554,16
gene_1692,0.6203229195810815,0.011962584096832093,16,0.05102554297825448,0.025156623385576306,16
gene_1693,0.6599994947946227,0.007602082930257857,16,0.04531013777928226,0.02728627099033847,16
gene_1694,0.6222684872710654,0.012658719364409774,16,0.08334258573618764,0.04771425915173869,16
gene_1695,0.6304226980031555,0.00630673931879034,16,0.0600252395110377,0.01706700700198501,16
gene_1696,0.6364229005979883,0.011044076080507793,16,0.045525466823072944,0.024585324247725346,16
gene_1697,0.6206175703425217,0.006515883527088158,16,0.03190184541774716,0.014388018140181461,16
gene_1698,0.633045084214263,0.00623191657857963,16,0.045715720998396644,0.013604003816982251,16
gene_1699,0.5884944392902084,0.010237246255578132,16,0.09967855589287834,0.05359535860878534,16
gene_1700,0.5998896919152634,0.013955956296407957,16,0.06344498888549498,0.02369855428743147,16
gene_1701,0.6155050866973412,0.013594681968242565,16,0.06643601437725584,0.030612352829014762,16
gene_1702,0.6169674294769945,0.010798999659907795,16,0.08251709271401364,0.03783508113635677,16
gene_1703,0.6101289677325281,0.017853168181855034,16,0.09787976065134399,0.014406681540967437,16
gene_1704,0.6255486828973543,0.008050144497082383,16,0.04589036359631727,0.01817957061882167,16
gene_1705,0.6163670113647608,0.007276855568086851,16,0.049318094188968424,0.023847729914926175,16
gene_1706,0.5909400994465307,0.01975302086847803,16,0.10745532393959559,0.04763491005038761,16
gene_1707,0.608243443638487,0.013991024362468766,16,0.09602754799789856,0.030450484293754836,16
gene_1708,0.6023015305163683,0.01663529686015824,16,0.147504132079114,0.05472829993032398,16
gene_1709,0.5782820283322173,0.018264392248495694,16,0.12345283255221046,0.06691422111370748,16
gene_1710,0.6372425430840554,0.008370919333812458,16,0.08283492208865871,0.02758823482948707,16
gene_1711,0.6326181163103664,0.009195490556163217,16,0.06594919247009792,0.015573373909099436,16
gene_1712,0.6426370523466867,0.008400489973076405,16,0.03125579808348501,0.012315688534053902,16
gene_1713,0.5821328837992407,0.014485166226806925,16,0.06694640194596849,0.037268373145379646,16
gene_1714,0.6293746457951362,0.014180913751591369,16,0.044286138844978326,0.023922223713537943,16
gene_1715,0.6283295862094522,0.006593818888261977,16,0.05343276934225447,0.023353250014875326,16
gene_1716,0.6243485074398838,0.010253953739796328,16,0.04437116711140595,0.014522107716153195,16
gene_1717,0.629453702750266,0.009730572542784451,16,0.04258956907177708,0.018833154661426602,16
gene_1718,0.6206611056281205,0.00965210626076905,16,0.0536065683909885,0.027635554694667743,16
gene_1719,0.6245813629498718,0.006615867803110743,16,0.08184892509365703,0.030430416025627394,16
gene_1720,0.6157671029835317,0.017594761191676453,16,0.1404829880034855,0.052409294545585614,16
gene_1721,0.6351163845695857,0.008215876224974219,16,0.036596059189891984,0.0245812066856347,16
gene_1722,0.6017779057729961,0.019795996524994423,16,0.13042940359943342,0.04526932534819332,16
gene_1723,0.5901547031163212,0.019160831342300236,16,0.0901986587282186,0.02212420950944256,16
gene_1724,0.6160899166936562,0.014853051764156532,16,0.07954327793690176,0.03744745060170828,16
gene_1725,0.6070634295265932,0.013642318592371392,16,0.1311200905391759,0.04519112629858948,16
gene_1726,0.6140952504340694,0.01230958114775177,16,0.04370164157074667,0.016937889958150768,16
gene_1727,0.6056033861891783,0.010423998294857623,16,0.0950235757616247,0.02878892457245947,16
gene_1728,0.6419998443707605,0.00415324555619253,16,0.036513094919826995,0.014281306777580351,16
gene_1729,0.5934281062758779,0.004012372006083425,16,0.06510530948500093,0.008726494796015673,16
gene_1730,0.5993632265795461,0.013770418796615922,16,0.08645072423851786,0.057940202723055466,16
gene_1731,0.6194226085497426,0.023756953172078776,16,0.10878052630637086,0.07609386678317341,16
gene_1732,0.6263469002047412,0.008449168519466841,16,0.059975335718862,0.032928875622971754,16
gene_1733,0.598708879210495,0.02555417850874614,16,0.11672271638141415,0.04742070652515747,16
gene_1734,0.6023517006217181,0.006818287064141433,16,0.10402428558565222,0.03036149572296631,16
gene_1735,0.6080941904775371,0.028251244927366716,16,0.13284225069060587,0.043913544072418965,16
gene_1736,0.5720403453339543,0.018499871570235436,16,0.1315217126101982,0.04956576003721926,16
gene_1737,0.6096423633256393,0.0037622579523646604,16,0.04807503518753902,0.018420089606014885,16
gene_1738,0.6205028522492753,0.008709264070801684,16,0.04798211675336518,0.028220369034613765,16
gene_1739,0.594546085357177,0.01037533094653728,16,0.11845193897985457,0.056914425177666574,16
gene_1740,0.6208888134418719,0.01090987971147065,16,0.044355939479571754,0.015962325754786337,16
gene_1741,0.6358316697500035,0.00673209798432429,16,0.028241234056056642,0.013136712932882795,16
gene_1742,0.5967938324193017,0.0208821851143482,16,0.15772792668335403,0.04921845209397635,16
gene_1743,0.6514906088915051,0.0037148152398209385,16,0.013759798440654563,0.008336299192485123,16
gene_1744,0.6290198452886364,0.012542056466285596,16,0.08819853266024116,0.02749840904517756,16
gene_1745,0.6214259420194321,0.009751630555032835,16,0.05638520644889836,0.027553359993354752,16
gene_1746,0.5397352982217457,0.03544756878716718,16,0.10086534133408372,0.03558783706644028,16
gene_1747,0.5617123870455638,0.02724162764908601,16,0.12470727390076289,0.05742235891091937,16
gene_1748,0.6519744960626919,0.006432828428617058,16,0.03154857961136909,0.016604206562596556,16
gene_1749,0.6177758839524771,0.004999442522628712,16,0.07566443354352843,0.019425622238643223,16
gene_1750,0.6381164203894709,0.004048242382348808,16,0.024364640521098838,0.00845551416365703,16
gene_1751,0.6337421609479532,0.008422485460155761,16,0.03677645290398968,0.01927235723346499,16
gene_1752,0.587239042737986,0.02958431615717964,16,0.13032169009673497,0.09509194682682866,16
gene_1753,0.6116937260899269,0.012934406162276153,16,0.08254241599635065,0.03794498139815448,16
gene_1754,0.615927020897459,0.010957155245394068,16,0.06905148247759758,0.01731307561555437,16
gene_1755,0.6150775477681838,0.007081105093200614,16,0.0376092685305953,0.0162845199841848,16
gene_1756,0.6117557576425168,0.011865494836889241,16,0.05351018335706673,0.021829383684845813,16
gene_1757,0.6293726207656279,0.006928908019309702,16,0.043133831176501096,0.02145886793625588,16
gene_1758,0.592956061405532,0.0250680816762864,16,0.10359801531716034,0.04299147250610684,16
gene_1759,0.5873763981646476,0.014834924353108011,16,0.08393056056057274,0.02663822774709769,16
gene_1760,0.6045843940898292,0.0056066263140910795,16,0.0740665918031162,0.02753491573326298,16
gene_1761,0.6171672918137607,0.009385006127520547,16,0.05880156525699541,0.02025724358735705,16
gene_1762,0.5992400730291007,0.015532433117325425,16,0.08011475387667402,0.04183966502898008,16
gene_1763,0.6117115519923698,0.008838551504388076,16,0.09586688018507195,0.012732372403288247,16
gene_1764,0.6311454477802015,0.00774211601289631,16,0.05439917551901519,0.016367419335191,16
gene_1765,0.6325779864023049,0.008272683427910744,16,0.06421603251488847,0.026885750775918458,16
gene_1766,0.6023294841323565,0.012701563308424304,16,0.09972852242966151,0.044319549141549834,16
gene_1767,0.5883836920675103,0.014025509760053243,16,0.12283615211191472,0.04546651653762982,16
gene_1768,0.588570284569066,0.014361437867399822,16,0.1074624062354564,0.03389021221473556,16
gene_1769,0.6056472219359924,0.010075007670540238,16,0.06134382764838,0.013705020639306094,16
gene_1770,0.6261981801812688,0.0037921489580439076,16,0.038175497916333075,0.020371939789733527,16
gene_1771,0.5858936838782524,0.01637355304733411,16,0.06913012490596947,0.026136980540134993,16
gene_1772,0.6239172001594284,0.015695683633495397,16,0.06172000596547907,0.03386480498715101,16
gene_1773,0.605340221153,0.010107730068672705,16,0.09269234747949014,0.0535019677876623,16
gene_1774,0.6239387279251514,0.005741827904704654,16,0.055489324110275615,0.03579587305629922,16
gene_1775,0.592671099392299,0.013819733884599235,16,0.11335601819814718,0.051252273648932416,16
gene_1776,0.6107472471510494,0.005933998338961336,16,0.045305665666194386,0.02276923981730934,16
gene_1777,0.6198459826936993,0.01576040475707235,16,0.06359892776365532,0.028114385670554437,16
gene_1778,0.6291897410479439,0.011273333608728987,16,0.05888595024612006,0.037623157167163544,16
gene_1779,0.598131021304705,0.012520097412953197,16,0.09385140763206902,0.04513602477761063,16
gene_1780,0.6137573629193577,0.008042511861088892,16,0.05408773666159423,0.02604283970768418,16
gene_1781,0.5918247305460577,0.01584428245874534,16,0.12743613051653307,0.04942244469588322,16
gene_1782,0.6128892185774877,0.023847434817456756,16,0.10331035614286808,0.04565679389493815,16
gene_1783,0.5818597429125707,0.011669764821082148,16,0.10298580306935722,0.04964984066181722,16
gene_1784,0.5965709655333292,0.014132695016650562,16,0.0781221642590116,0.025397613726587026,16
gene_1785,0.602543715853952,0.030383990530803897,16,0.16214029879785996,0.06661339672926626,16
gene_1786,0.6199102326911125,0.01463624720550761,16,0.058762135862649424,0.03419950325021776,16
gene_1787,0.6089225120828063,0.010465867032205449,16,0.13694854857787017,0.05741547927844845,16
gene_1788,0.6187674050400856,0.01533366924287281,16,0.06259298280105052,0.019553212632001948,16
gene_1789,0.6343721828407849,0.007189287750427855,16,0.0717797461112876,0.0465984861768474,16
gene_1790,0.608122497458121,0.018127495580186687,16,0.12482827984741195,0.05458711959697738,16
gene_1791,0.6172611030615194,0.01820821834992412,16,0.05748590093445044,0.019084718117575384,16
gene_1792,0.6577696024489126,0.005021861967610442,16,0.03281498379688346,0.01851075207210309,16
gene_1793,0.6003012711295698,0.016352323006776723,16,0.0785858075596961,0.024214243124747226,16
gene_1794,0.5937860802855754,0.02064421681344615,16,0.13182551383029023,0.058948869881017,16
gene_1795,0.6116175583710353,0.00846258303558136,16,0.07332545680271238,0.03213041871385809,16
gene_1796,0.6204718049774971,0.010155510736438292,16,0.05530353522966254,0.02262445288453761,16
gene_1797,0.6224160390746256,0.008962304531358102,16,0.036697251670733164,0.009754751485994568,16
gene_1798,0.6168449515289409,0.012053627169708231,16,0.062256693200275263,0.024010354721575075,16
gene_1799,0.6148912625175537,0.012888805704815983,16,0.08952613366892542,0.04525457100255678,16
gene_1800,0.6150829207121168,0.01569320995759031,16,0.07673199005670955,0.03133557474180921,16
gene_1801,0.579046751779103,0.016419514350187386,16,0.11528903937223658,0.04348489431789864,16
gene_1802,0.6324064077324679,0.009431309114738062,16,0.05551485478738115,0.03024195253895429,16
gene_1803,0.626868527698819,0.005150314743735108,16,0.06113930276285302,0.02622778817066544,16
gene_1804,0.6299090153045286,0.0069746754031961705,16,0.06982242014763144,0.03084596182703957,16
gene_1805,0.6403582734101544,0.00930002329374295,16,0.05163466858532946,0.010594209104349859,16
gene_1806,0.622079339080825,0.007265640607815378,16,0.03246072597159741,0.014296173503667407,16
gene_1807,0.6347130184275923,0.004708857121915208,16,0.028833639489815713,0.006580698776173858,16
gene_1808,0.6193232713595532,0.018385294131809823,16,0.09427138838783841,0.04738712458672869,16
gene_1809,0.5966236121734162,0.010978434570887053,16,0.08214230433380362,0.028803827929751745,16
gene_1810,0.6269795158549862,0.0049761588415638104,16,0.043956396671580994,0.015259683037387074,16
gene_1811,0.5847210155728917,0.018642476138132774,16,0.1148517928053022,0.04121366470806057,16
gene_1812,0.6429099080130664,0.004618525244706211,16,0.04984688208340646,0.02870216313628788,16
gene_1813,0.6072552879847866,0.008510852976615706,16,0.08505295717684593,0.02329407590223026,16
gene_1814,0.6293036780891229,0.008054866196517118,16,0.057232980945259984,0.027818585890899677,16
gene_1815,0.6092499703184117,0.014941110595576295,16,0.08985534328762901,0.042645657266097876,16
gene_1816,0.6090986672576516,0.01485803909176264,16,0.07143612155583282,0.03807900207157233,16
gene_1817,0.6321118807993691,0.008349663582152809,16,0.03214077656959639,0.015858967282781244,16
gene_1818,0.5963034492584839,0.018922482682754926,16,0.11535715022497917,0.05016755945188515,16
gene_1819,0.585913324030509,0.021773239102742956,16,0.07573676647646364,0.043566794430046366,16
gene_1820,0.6244237879800271,0.014887641441426916,16,0.1018841671494891,0.0385616521948556,16
gene_1821,0.5976634204700659,0.029710599706116787,16,0.15734632393537146,0.061180044565906526,16
gene_1822,0.6483274135824026,0.004545180433429424,16,0.0321571437414811,0.016875705668825167,16
gene_1823,0.6144935048930611,0.012125225890308147,16,0.10320908854738726,0.041341783383347264,16
gene_1824,0.6211910711886718,0.014034258068919581,16,0.0820988554706536,0.03275359938881995,16
gene_1825,0.6199389909508821,0.01296091306623704,16,0.1125773176139676,0.031247450095332988,16
gene_1826,0.5973223521663036,0.011164339736285049,16,0.08124391493418745,0.03240114519314796,16
gene_1827,0.5937134833456637,0.016002324066888136,16,0.10054159071916764,0.05443212007164348,16
gene_1828,0.6547824800324509,0.0046394895938424,16,0.014209816230553677,0.005863868019246019,16
gene_1829,0.6496156999037342,0.004972052101032974,16,0.032007416727692084,0.016454232318864247,16
gene_1830,0.5992158768384755,0.010332366037472411,16,0.08226442892250847,0.04649036038127669,16
gene_1831,0.6255111313534262,0.01329891580534335,16,0.09521446653256786,0.03563934428493004,16
gene_1832,0.6321333219522057,0.0076178709395517945,16,0.06493352395052877,0.044857185566468984,16
gene_1833,0.6214391337501812,0.010974785650227447,16,0.0951622645589237,0.05193799344025482,16
gene_1834,0.6004962311850315,0.014773013281195313,16,0.10527783218938605,0.04434222131956772,16
gene_1835,0.6176322433172872,0.010927871420999498,16,0.06860726206966654,0.019886048819436338,16
gene_1836,0.6318899979122264,0.00850860348704081,16,0.045920385279015506,0.017281878649567366,16
gene_1837,0.6417346315175855,0.004345978886926661,16,0.030155890004727175,0.010176389807603731,16
gene_1838,0.64419987998007,0.008173106485618559,16,0.04386013833454162,0.02096512548293442,16
gene_1839,0.6304081633722338,0.008755564170075713,16,0.041747090725240805,0.01790685979158369,16
gene_1840,0.626875438814861,0.008036656863524968,16,0.040128456262954984,0.011237364642338776,16
gene_1841,0.6267718137356301,0.010209466925778926,16,0.0842269467327817,0.03255766439511928,16
gene_1842,0.647932903598295,0.001717807902606188,16,0.01937542385378025,0.0068444295746351285,16
gene_1843,0.5881714396763108,0.025777343186378344,16,0.13744510312503017,0.05088503710741664,16
gene_1844,0.64039593639222,0.0054191864952566286,16,0.028702686025436987,0.011429893287907184,16
gene_1845,0.5879220458744631,0.02411230020732993,16,0.1383596282564026,0.09300895847752053,16
gene_1846,0.6219350312750153,0.006871428706296473,16,0.05488606757958662,0.022080992678957637,16
gene_1847,0.6368087480276293,0.009610247808542645,16,0.034588835069230515,0.018010308921446273,16
gene_1848,0.6089679567405238,0.011867387363719733,16,0.042445146912699065,0.02223300207279561,16
gene_1849,0.6048132113027397,0.016091230613734357,16,0.10104116479941129,0.04942630151503604,16
gene_1850,0.6261741399152263,0.0043528296761909295,16,0.030681574966702506,0.010609720386714644,16
gene_1851,0.6124076107066552,0.011397226512200431,16,0.06429728915243638,0.020439728420998043,16
gene_1852,0.593205497918255,0.02352251936532653,16,0.11728114245336702,0.048616052352034554,16
gene_1853,0.6053712293186133,0.02563541344334626,16,0.16130934626975968,0.06529835318312625,16
gene_1854,0.5956404274181846,0.01227964154340572,16,0.10845958147841961,0.03552291538015672,16
gene_1855,0.6193674021075346,0.006388198560282033,16,0.0494917968839527,0.0224044351519624,16
gene_1856,0.5879415684077447,0.013956086154329757,16,0.0852652064910466,0.05092862449479295,16
gene_1857,0.6187863213496443,0.010085102979317265,16,0.040932736831696105,0.026238716575238408,16
gene_1858,0.5989102912776006,0.014228114515274913,16,0.10309472147572965,0.048455313052868314,16
gene_1859,0.616702953588157,0.010657245109310941,16,0.034318830219101225,0.009891630087824031,16
gene_1860,0.6147413852960298,0.01259672405156783,16,0.08039944172425167,0.026367994112961077,16
gene_1861,0.6044900629698402,0.019600713479784364,16,0.11935769915020515,0.0328992492692746,16
gene_1862,0.6315773169560267,0.012196701971725156,16,0.1218500135165052,0.060548850279719284,16
gene_1863,0.6093723233349301,0.017835842700485705,16,0.09184888857935021,0.028357258785327997,16
gene_1864,0.6243435563792449,0.008664630694172807,16,0.04629561578059636,0.012571100751421154,16
gene_1865,0.5957020188329741,0.020168308164293408,16,0.12327664378018331,0.042178123272091486,16
gene_1866,0.5916502008486922,0.01675624788268776,16,0.1303941779506623,0.05065037126927715,16
gene_1867,0.5990214211381193,0.022273055591883653,16,0.17186624982745852,0.03902920977453272,16
gene_1868,0.5865979440288966,0.01445913866950138,16,0.1397125881676671,0.06063684067615264,16
gene_1869,0.6361317484195305,0.008748393799903807,16,0.044929458706854025,0.018535670324697502,16
gene_1870,0.6196371393200121,0.00672155269574664,16,0.06603053512703044,0.01358372491734949,16
gene_1871,0.601485706474987,0.01621567812700642,16,0.10391485477671814,0.027503189583977933,16
gene_1872,0.599292704619072,0.018831350083913866,16,0.08111416104265987,0.017023187691835112,16
gene_1873,0.6352554243872321,0.005090050889764169,16,0.04830086841847578,0.014808774864888775,16
gene_1874,0.5963458776419658,0.0186395940458013,16,0.13360214175509993,0.05559175160564274,16
gene_1875,0.6270781500826503,0.010852980944837472,16,0.07131933849329887,0.04009356119629283,16
gene_1876,0.6284876262073845,0.011957435158309528,16,0.048176016479068946,0.0240266860150904,16
gene_1877,0.561285418569368,0.012248679511949162,16,0.12244887042681579,0.03770254937500822,16
gene_1878,0.6017817964610095,0.017211307292484785,16,0.07592429843878878,0.04944704805825899,16
gene_1879,0.6035502002424409,0.03342911079644362,16,0.19311376038186182,0.06387254085690405,16
gene_1880,0.6312425771116924,0.007780836445577271,16,0.033692451174458425,0.017818746795016344,16
gene_1881,0.6033828391210283,0.019708006950939896,16,0.0874677928569034,0.03139321132505905,16
gene_1882,0.6198761600847029,0.024690205709201093,16,0.22786305194882292,0.09062734192887331,16
gene_1883,0.6169321540306542,0.0056438462531518,16,0.07357481533767049,0.03427261326575632,16
gene_1884,0.6093237003310283,0.011377868087469406,16,0.07612758695757593,0.02370465938502829,16
gene_1885,0.6210513282559491,0.008150692405563504,16,0.04601064902252057,0.018893162742246946,16
gene_1886,0.6092353211668373,0.010699502166813729,16,0.17105653440055407,0.04164539108912739,16
gene_1887,0.6547921379322308,0.00604885021294767,16,0.03310321446783052,0.009355482743319975,16
gene_1888,0.6221166740576345,0.01429057695364823,16,0.05170910082169519,0.017574890569048707,16
gene_1889,0.5838314795970527,0.014361215792636642,16,0.121903019287623,0.05069352667565133,16
gene_1890,0.6410204722884493,0.009500906141755486,16,0.0405490784733377,0.03316696784527911,16
gene_1891,0.6125837965754554,0.012577701365090808,16,0.0461813252187883,0.016821744294627083,16
gene_1892,0.5941656749417124,0.013997946416733827,16,0.07775393537758787,0.027534876849734508,16
gene_1893,0.614763691496665,0.00996194337231551,16,0.05323821757742764,0.023481555512061165,16
gene_1894,0.6329647094511875,0.00623956992417646,16,0.055222557525187475,0.01553658028091831,16
gene_1895,0.6361211067332275,0.010664299664892914,16,0.07614199113972334,0.04580722265219524,16
gene_1896,0.6258045826353966,0.01240595459371436,16,0.055890191609044626,0.022754705899093203,16
gene_1897,0.6229136003562579,0.010094558292325794,16,0.06212930645868158,0.02745461975211156,16
gene_1898,0.6363068023995827,0.00876012468388303,16,0.05683183807630838,0.016730729590707264,16
gene_1899,0.6135373476181154,0.013045954767727174,16,0.0886371076589081,0.03932765404461535,16
gene_1900,0.6093470404045259,0.010429784317599264,16,0.059812073759233766,0.037575530633841954,16
gene_1901,0.6143068248883424,0.0074220438686833975,16,0.06120273578978072,0.03421223924295788,16
gene_1902,0.6443845634436955,0.006597693379375592,16,0.059001183141571205,0.0242669339369964,16
gene_1903,0.6262119282688184,0.011013101792718765,16,0.048116124547051414,0.01633761320798779,16
gene_1904,0.5992454268492942,0.021513464938427426,16,0.14826934043262482,0.06353021926739955,16
gene_1905,0.6063316471585818,0.014570716336459935,16,0.14625937435894915,0.08309459672439666,16
gene_1906,0.5967529028452342,0.009898478172163635,16,0.10613912798136611,0.03977796970323686,16
gene_1907,0.6149242002178708,0.008095213730266929,16,0.08387047557282769,0.026552786707331223,16
gene_1908,0.6518768157748489,0.008035941134405823,16,0.03727838741010672,0.012431858373810455,16
gene_1909,0.5927910926865424,0.02749821832510238,16,0.18632636217044551,0.09475920283194318,16
gene_1910,0.5837003388641732,0.020308752493176773,16,0.1241455560515991,0.05337676881476028,16
gene_1911,0.584931402882756,0.025799504795510714,16,0.15235558699404583,0.06765632305001644,16
gene_1912,0.620416161700727,0.013549729389227081,16,0.09676561349285627,0.03411898546482402,16
gene_1913,0.6007467107580022,0.02093891843695311,16,0.11039880619187793,0.038837473969825446,16
gene_1914,0.6261827998542293,0.008449052798911413,16,0.04095686705953736,0.0164307150703167,16
gene_1915,0.5801057586731416,0.024604708396446576,16,0.13849090519780116,0.06144893522641389,16
gene_1916,0.6249484840437927,0.008396332916930042,16,0.027724103515444968,0.01326231696251319,16
gene_1917,0.5962692179433126,0.016455334908459428,16,0.09440374257263467,0.039530218979180055,16
gene_1918,0.6430960750373813,0.006666883073835524,16,0.0850321641142158,0.03001823338105565,16
gene_1919,0.6150099302374126,0.012267744375043198,16,0.042394167004970146,0.033643442432125824,16
gene_1920,0.5889670854536135,0.009707098604308852,16,0.08039123725842699,0.0220990790433214,16
gene_1921,0.5975594377442008,0.024312107649357505,16,0.15422716784916937,0.06460750959750705,16
gene_1922,0.6439978834294326,0.007068612905389099,16,0.046783218464075155,0.015114257427461981,16
gene_1923,0.6039411937491583,0.007981255151925467,16,0.054144452277562025,0.02055864993692482,16
gene_1924,0.5811815129223916,0.010684664925203584,16,0.0923983773141779,0.03519264651526036,16
gene_1925,0.6087378365681742,0.020408982688405422,16,0.15990755188820316,0.06776363357696133,16
gene_1926,0.6170041218904719,0.009695061981792149,16,0.05792586624766732,0.0322299273674853,16
gene_1927,0.6170894238062056,0.010528962998501973,16,0.043076712038300956,0.020716716853815712,16
gene_1928,0.606012281599867,0.019008970949930516,16,0.12779200799672494,0.04744236126372216,16
gene_1929,0.625459138345594,0.010582397749302128,16,0.0952747010641218,0.03183474587817635,16
gene_1930,0.6010670094478487,0.010084281864353603,16,0.0661113122166486,0.033879178242285715,16
gene_1931,0.6412306736656438,0.004957014125104382,16,0.05015898113244067,0.04088686484242896,16
gene_1932,0.5864727964600774,0.01376726546870521,16,0.07146710940851372,0.0343662840379756,16
gene_1933,0.5911778211967642,0.010273693827679283,16,0.06442936209941849,0.030515360339739745,16
gene_1934,0.590752858990925,0.022724533565364146,16,0.16031600788184108,0.06996304651334735,16
gene_1935,0.6081471561432504,0.015106347370491028,16,0.10110501214258444,0.030492664896810358,16
gene_1936,0.6224888493506756,0.005712518512330113,16,0.040441357829232236,0.018328087280267552,16
gene_1937,0.6073098989504304,0.010018894522712245,16,0.05502481694502179,0.015558013706851097,16
gene_1938,0.6147315441159512,0.00958761452715855,16,0.05323374042750542,0.030053017255312425,16
gene_1939,0.6328488274814448,0.007844794142487304,16,0.02810439463326634,0.007477745663160595,16
gene_1940,0.6422693628356138,0.011011383443092203,16,0.06109335841785317,0.027158204949153938,16
gene_1941,0.6154925541158303,0.008203246135552593,16,0.0544161695383809,0.02493962353767688,16
gene_1942,0.6506696368537735,0.0072803807745447915,16,0.032955485439554934,0.012551611596085874,16
gene_1943,0.5808727787523604,0.019664036079957568,16,0.13615344686751157,0.06997436113373023,16
gene_1944,0.6450629361359146,0.006637708809274873,16,0.06154046646070525,0.028748616721259872,16
gene_1945,0.6366772656758948,0.011745997391344057,16,0.06588462563166458,0.02738831609659955,16
gene_1946,0.5768468358003037,0.011888467840743518,16,0.12559541988107317,0.03962183360418543,16
gene_1947,0.6395350051184863,0.007943008803572025,16,0.029187321445074722,0.0062918610809298585,16
gene_1948,0.641649257988688,0.007344255242221933,16,0.04661768701360586,0.014846149474985934,16
gene_1949,0.6112323989525249,0.009821680389581488,16,0.07356793897366386,0.018286752585180446,16
gene_1950,0.6120790283809713,0.015849710068624363,16,0.12110321491228561,0.042834012724520816,16
gene_1951,0.5975815957413831,0.01641258801693977,16,0.08127019521815165,0.029088921309547617,16
gene_1952,0.6473654736275632,0.0040583514955533214,16,0.03832071982134792,0.012687300809369096,16
gene_1953,0.6148089971293436,0.004646574436640666,16,0.029969090370964145,0.014640189582206609,16
gene_1954,0.5997734255533792,0.02157243875516631,16,0.10277366828854824,0.04494011993766521,16
gene_1955,0.6481244684409416,0.009403222220614568,16,0.03650688034931775,0.01293046652577645,16
gene_1956,0.6318335952783681,0.010454305341073084,16,0.04883634152298305,0.030389022674798028,16
gene_1957,0.5730659225947463,0.011559644432326306,16,0.10693939193346746,0.03118558435387709,16
gene_1958,0.6238113503455331,0.012886184148999315,16,0.08908424735882536,0.04437678189006137,16
gene_1959,0.6195676719244426,0.013837749256728909,16,0.08065326016425005,0.02282299243909439,16
gene_1960,0.6102823216417488,0.011518673317978569,16,0.06027390581728932,0.018689387876403153,16
gene_1961,0.6267259807008317,0.006954972734892019,16,0.06434822676076594,0.03544164634577906,16
gene_1962,0.6229375859394201,0.004763880760798561,16,0.042804106524348164,0.020833678666750323,16
gene_1963,0.6383561268457049,0.0064141073861012496,16,0.04910357407102668,0.02422359391638683,16
gene_1964,0.6269509285406988,0.012414783408071419,16,0.13881787352765468,0.06688888934889971,16
gene_1965,0.6193170052721396,0.0076290725646241606,16,0.10912537796622117,0.0395333968568544,16
gene_1966,0.6205703546119772,0.008930599244696184,16,0.050224707837217705,0.014344981189655458,16
gene_1967,0.5762110640484845,0.020333974588586032,16,0.13292787130411785,0.047069664126409894,16
gene_1968,0.5996352570159412,0.007504232241010617,16,0.06980163748775171,0.052890321054982724,16
gene_1969,0.6366458854715429,0.0056470819238468506,16,0.03236851730224064,0.01293846407853183,16
gene_1970,0.6163409849158112,0.010948098982981408,16,0.14885594459485027,0.048525337779378855,16
gene_1971,0.600946954884366,0.007833947042688687,16,0.08266686120715701,0.03135556840029714,16
gene_1972,0.6359757763225606,0.009784403816059054,16,0.05407940503752254,0.024195830447481196,16
gene_1973,0.6631428502149356,0.003041606213617574,16,0.02089817408203312,0.008589055965475519,16
gene_1974,0.6019709334946146,0.01718709659169407,16,0.08480524034942237,0.04149409595441633,16
gene_1975,0.6249669461322457,0.006394384559888862,16,0.0337415640052438,0.0182453133593931,16
gene_1976,0.6042565739634255,0.008826854985892797,16,0.05471534922526282,0.03352597800625569,16
gene_1977,0.5770726801681612,0.020973855877332512,16,0.08449679679385545,0.04900757611470278,16
gene_1978,0.6035010913772245,0.006553538019460755,16,0.08002746447269149,0.02274502722356655,16
gene_1979,0.598984042828015,0.020268632443879473,16,0.07302423467817319,0.029349179149334097,16
gene_1980,0.6110171678365741,0.016808107426816196,16,0.100708032038621,0.03017209012109148,16
gene_1981,0.5955820149295845,0.022614839953153342,16,0.1436181147474531,0.06652706876954159,16
gene_1982,0.591337174984914,0.011020186023401416,16,0.15089805116104782,0.04002518600468887,16
gene_1983,0.593086445683799,0.025692308895953614,16,0.1620687797458789,0.05247859327457516,16
gene_1984,0.6037190374070049,0.018991192654959837,16,0.0526733897804187,0.022934791779677936,16
gene_1985,0.618595557080486,0.013526482168325533,16,0.04755120166332233,0.010326097818692414,16
gene_1986,0.6368045086328691,0.012672586740575972,16,0.056374506452709285,0.030594715871579775,16
gene_1987,0.6336774682117623,0.00754640875635112,16,0.044525043384922684,0.009117622521013903,16
gene_1988,0.5977362234192951,0.011473308276167153,16,0.10510375069961057,0.03837341313391111,16
gene_1989,0.6053230045798834,0.018188091943488548,16,0.07985081013850304,0.03418719548853288,16
gene_1990,0.5979120622804304,0.011953229438280786,16,0.10013832913218335,0.05323012362151198,16
gene_1991,0.587437181602432,0.016660122208188625,16,0.10949773725952729,0.03444153835399421,16
gene_1992,0.5976298179163133,0.010385819334293658,16,0.10888277763410871,0.030023590804728696,16
gene_1993,0.5976821328727817,0.027957328797067003,16,0.137043178366855,0.059730884427420985,16
gene_1994,0.5692194003731548,0.03284242825482013,16,0.16043798536477585,0.0696241980545283,16
gene_1995,0.6241965867407913,0.015624552591975111,16,0.06387527352479691,0.03493778006774552,16
gene_1996,0.6168071109376136,0.009018481978778206,16,0.0579746802860437,0.04135748525605372,16
gene_1997,0.5969119138784239,0.013445441056130276,16,0.08072340131816425,0.032169957091698384,16
gene_1998,0.6281262466630847,0.0090700686875537,16,0.0888895522785982,0.04676969677483097,16
gene_1999,0.6324199563553482,0.008602768934077217,16,0.0582048322728965,0.02962984606957034,16
gene_2000,0.6416587977039946,0.009785173090543785,16,0.03831698722876629,0.02612288086872017,16
gene_2001,0.6075435870891287,0.01564123023474711,16,0.06443181328740379,0.03369250296968814,16
gene_2002,0.6237137850221666,0.011360990421811112,16,0.06795272857546546,0.03362378304446322,16
gene_2003,0.6100346297602162,0.007295691627387169,16,0.08452013087514043,0.041581729804013416,16
gene_2004,0.5956788881098933,0.02109716764807461,16,0.08827361637349732,0.050522351564709245,16
gene_2005,0.6406739861529641,0.009305192881207116,16,0.03934820220919579,0.011518610692718543,16
gene_2006,0.6253718753973285,0.007075206109795373,16,0.0512929300170186,0.02544449644480692,16
gene_2007,0.5781225332789077,0.012899279043318028,16,0.07969529220325627,0.03659357441459047,16
gene_2008,0.6128237011177062,0.011674879718901335,16,0.07310779057319679,0.03197239710073377,16
gene_2009,0.6301618399708786,0.011663423447336478,16,0.07261596927784716,0.0487432735171732,16
gene_2010,0.6178332107057816,0.018353379676837207,16,0.08682930240114368,0.03659775157844012,16
gene_2011,0.6104737913742642,0.005675807873314721,16,0.07692867625950563,0.03218817234241323,16
gene_2012,0.6595615840360871,0.0056761227107602254,16,0.020206668995819386,0.008074624828416366,16
gene_2013,0.6060632986239687,0.02968204066112174,16,0.1270159527062863,0.06194269384407578,16
gene_2014,0.5981335408424826,0.008022297813490495,16,0.09479907797667525,0.0326605534319446,16
gene_2015,0.644897726854879,0.005100635143761533,16,0.04048886350184173,0.016385887189307866,16
gene_2016,0.611743260539344,0.01811556662366422,16,0.056200319944631906,0.03375382066437217,16
gene_2017,0.6095321328092763,0.008480324850710751,16,0.051310320336023,0.011360005994274107,16
gene_2018,0.5821146678747798,0.006972130370213036,16,0.08906841815622912,0.05994373509577719,16
gene_2019,0.6158208961478847,0.011269251342990765,16,0.06536198411881373,0.03511272782554891,16
gene_2020,0.6244715299824805,0.01230655865639266,16,0.05438968287033929,0.02138778172349698,16
gene_2021,0.6442590977523172,0.008703900651612952,16,0.06042829022703328,0.02908213571117824,16
gene_2022,0.6531073120022924,0.009665881225128911,16,0.07339897636199422,0.030406663391130427,16
gene_2023,0.6224842100152113,0.006699187545563613,16,0.04283697338106061,0.012684687726073975,16
gene_2024,0.6039512389744695,0.008819967279119751,16,0.06087110654811416,0.017775147843078744,16
gene_2025,0.6024401080230133,0.019472531886277115,16,0.13637256039713155,0.056393983522973125,16
gene_2026,0.6445687346052686,0.005339154394975512,16,0.020462984520142898,0.008828455944783061,16
gene_2027,0.6035880951416158,0.017592437136053216,16,0.1146187076467972,0.057573248553438795,16
gene_2028,0.6416003533227825,0.007006746531506615,16,0.04005080995904758,0.018255970609835102,16
gene_2029,0.636045025624786,0.010143946705024663,16,0.0740077166583197,0.05201320599481158,16
gene_2030,0.6074742119812567,0.01520988710122033,16,0.06469239854440474,0.04573957859830761,16
gene_2031,0.6455294009418873,0.00851131756253224,16,0.041644908164112156,0.019967164222002162,16
gene_2032,0.6130515185167007,0.009774130899926329,16,0.06255397335003052,0.03389883865259681,16
gene_2033,0.642738900011873,0.011921784323000709,16,0.020143715067663753,0.009017805307545031,16
gene_2034,0.612725447809679,0.009586108094169668,16,0.05862030279321567,0.025682377733244128,16
gene_2035,0.6213015353764091,0.0068713395034520185,16,0.07603203898196526,0.022201925786058976,16
gene_2036,0.6304546926227763,0.021377882166532417,16,0.11029455170065018,0.055502308435763384,16
gene_2037,0.6585441131608984,0.006649407743443908,16,0.024521816059991562,0.011048997114109586,16
gene_2038,0.6257633482434172,0.007778941130038302,16,0.06278100598402718,0.015105517242562974,16
gene_2039,0.6109323174939658,0.006870997647396675,16,0.052967259363579676,0.024732211922965694,16
gene_2040,0.5683340623314095,0.02056358084872362,16,0.1405246277773086,0.04825118305553046,16
gene_2041,0.5920215440184208,0.02770771577810338,16,0.09967198976178487,0.05028225592918654,16
gene_2042,0.5907708922701915,0.014547571028822448,16,0.13364532065918366,0.03558240044761143,16
gene_2043,0.5837812746474915,0.027502785636686126,16,0.13261706442450377,0.04603124594641865,16
gene_2044,0.6050675478711349,0.013007904952165682,16,0.0889491211688222,0.034890681815820244,16
gene_2045,0.6573661820520549,0.003683798137284693,16,0.034687669827257295,0.017774516137127695,16
gene_2046,0.6507816651461149,0.008663397420297156,16,0.059668092183128005,0.030441855933958158,16
gene_2047,0.6346624683272529,0.006582257988331196,16,0.029037935214214137,0.012620984569602405,16
gene_2048,0.6217545277998543,0.015273395919080383,16,0.10940708824440175,0.04575606652128606,16
gene_2049,0.5930211386093266,0.01807741504892858,16,0.10050817631743916,0.046171580411780426,16
gene_2050,0.5895290412395705,0.026034942686877647,16,0.13000087210746983,0.0648693322741647,16
gene_2051,0.6316156828687065,0.012134731699823573,16,0.052919327526788865,0.01721230576692948,16
gene_2052,0.6053764999590032,0.019251094623040713,16,0.09774325401976611,0.05308626820300231,16
gene_2053,0.6036703363360446,0.01220054190936208,16,0.07359532648231298,0.0327056070450744,16
gene_2054,0.6318486889614651,0.007741374611354022,16,0.055862718379861266,0.019331250158346292,16
gene_2055,0.5930191730386007,0.01244037011817938,16,0.10077819262074941,0.034129795043919324,16
gene_2056,0.6298375278779788,0.0038692856746482007,16,0.03628211606072479,0.019070449818897908,16
gene_2057,0.5850760411161025,0.017347558157481433,16,0.1287364078509213,0.04957241880689312,16
gene_2058,0.5832385787691424,0.02338266486471456,16,0.15516502201293203,0.03385168998316067,16
gene_2059,0.6362849169428032,0.007545401193525538,16,0.0635730625555848,0.035042187550229295,16
gene_2060,0.6270006314114711,0.012053917837921924,16,0.05780430882365462,0.02574853365329047,16
gene_2061,0.6331423177116374,0.010422851891196412,16,0.08306810177510027,0.0290460884348622,16
gene_2062,0.6129031058796065,0.011413233393588438,16,0.1705291001414643,0.060614790981928596,16
gene_2063,0.6346169701334707,0.006944328659915847,16,0.050104031730480295,0.03223234176449016,16
gene_2064,0.6415887702666005,0.0051374484381733225,16,0.02612479513947414,0.009002896027705168,16
gene_2065,0.5926117830767174,0.014764646727714336,16,0.07257648716508418,0.04367161377385195,16
gene_2066,0.6125188717805908,0.010716439910143738,16,0.06591424789988917,0.043331644600980525,16
gene_2067,0.647120546937112,0.004375474524024363,16,0.018387642486302494,0.009696889397989388,16
gene_2068,0.6025511533380464,0.013379997287181169,16,0.11424462613697968,0.046662996426204695,16
gene_2069,0.5625413462888889,0.00814736027906669,16,0.12432480990761163,0.04430381993168362,16
gene_2070,0.6263708826900547,0.007239008911040271,16,0.03698969267579692,0.016137777064222574,16
gene_2071,0.6026303259624933,0.018557931855244583,16,0.11714492509293556,0.06446940134386966,16
gene_2072,0.6354447720184704,0.005571893315751013,16,0.06997388969626299,0.036001408469669385,16
gene_2073,0.6018378619199072,0.017860076084656912,16,0.10298414050733863,0.05298640648393541,16
gene_2074,0.625509387888127,0.0156937649736602,16,0.09130816193718097,0.056781746049208166,16
gene_2075,0.6034292957604344,0.015789033911731903,16,0.1085934948152641,0.039983338591108857,16
gene_2076,0.5884164295316413,0.019133622470895895,16,0.10866134184392219,0.040177106275383186,16
gene_2077,0.6238584133303934,0.010893197278122274,16,0.06648682531978407,0.02995218991374919,16
gene_2078,0.6452487894511615,0.0040030666650186855,16,0.02915671300254508,0.01258951987699932,16
gene_2079,0.583035046751435,0.010884260619099822,16,0.09947111605735351,0.02122340291810546,16
gene_2080,0.6283397993719739,0.010633477270045108,16,0.06429726923872335,0.02380349822586844,16
gene_2081,0.5953191714351513,0.008895381804100351,16,0.06857602822594616,0.03402292604902821,16
gene_2082,0.6104856955019308,0.0077092218751749955,16,0.08184699606130744,0.04449474288259944,16
gene_2083,0.6331852760222485,0.01006451861862386,16,0.0414256974192817,0.018818235368570465,16
gene_2084,0.6193432419831559,0.012651400500249295,16,0.09249068330817681,0.040181483362164365,16
gene_2085,0.6443337108846998,0.007036930198692192,16,0.02135283536615354,0.009531492247910653,16
gene_2086,0.5772920599443927,0.027620784755896258,16,0.1641425855905165,0.06258556280391209,16
gene_2087,0.5845929426618527,0.016613269358247085,16,0.12282774911851585,0.036596405244472954,16
gene_2088,0.6109239507844015,0.016970847630391965,16,0.09901522273069187,0.033180952959881015,16
gene_2089,0.6211702192013753,0.015333962268723784,16,0.040009444341582184,0.018841499606262666,16
gene_2090,0.6387511511140817,0.006799906698714127,16,0.03535670058965437,0.007587591225981622,16
gene_2091,0.6096321551404718,0.013131563423655717,16,0.11466789343084828,0.043675893064116476,16
gene_2092,0.6096874474237132,0.009961817781621488,16,0.0615934409549468,0.02041736663016816,16
gene_2093,0.581181248633129,0.01524242390221189,16,0.10732177565421198,0.05259914194222942,16
gene_2094,0.6324732388155978,0.0074746482143737015,16,0.030451269876788433,0.010101124971567763,16
gene_2095,0.6373254599923404,0.009527101567287392,16,0.04686226412130572,0.020215775465562347,16
gene_2096,0.6239765224045628,0.008789923457622917,16,0.044894301624915665,0.034798772157110566,16
gene_2097,0.6165600442481398,0.01677060526394155,16,0.06770552999978931,0.04573754626550253,16
gene_2098,0.6041190886246572,0.016327348865809006,16,0.0535824297757241,0.024056041988705278,16
gene_2099,0.5851264144558446,0.010118977618065409,16,0.07951179135950179,0.03931870786865747,16
gene_2100,0.5835370094049891,0.01763487190343324,16,0.1383755262335747,0.04749981587188767,16
gene_2101,0.6388831086690129,0.004986883466897739,16,0.041442235110295086,0.022146159018369447,16
gene_2102,0.6332363190356695,0.0070164067826426965,16,0.05682808394996193,0.024312380773548685,16
gene_2103,0.6261143751670591,0.006688588035874308,16,0.05539188492984973,0.014712099906617516,16
gene_2104,0.6057065459790842,0.015428241967361986,16,0.08679539061699112,0.0429714725474224,16
gene_2105,0.6108184919639948,0.02163726282352029,16,0.20868698556686435,0.10055466373177553,16
gene_2106,0.6355942588077278,0.004253522366432596,16,0.03296502333418188,0.030434237850920115,16
gene_2107,0.6306192921129761,0.013320462073254817,16,0.09303825669509248,0.036246199391217954,16
gene_2108,0.615023217069051,0.014030911306301656,16,0.09016476692416156,0.045488341526166425,16
gene_2109,0.6408510698343417,0.005077101943564055,16,0.040120883475599486,0.020626436157685613,16
gene_2110,0.6464492899072195,0.005923275889663276,16,0.03449036216713252,0.015090510259221566,16
gene_2111,0.6439232136348793,0.006643268883911641,16,0.024101205647529444,0.006457577385220658,16
gene_2112,0.6073746313064936,0.013834600262498099,16,0.0702270710642417,0.023212535920902663,16
gene_2113,0.630503224644757,0.006175373091171055,16,0.05732554412055715,0.03611487901615889,16
gene_2114,0.629778688444054,0.008862989744977914,16,0.030131781742239492,0.015805781375106923,16
gene_2115,0.5853260875509865,0.013850975565713148,16,0.11186241534189838,0.033977256787690376,16
gene_2116,0.6623548940367109,0.0019734835691937926,16,0.015020880004309824,0.0059208588230666315,16
gene_2117,0.595766598383448,0.013396371972926507,16,0.05430583628845359,0.020461621433200065,16
gene_2118,0.6359215816405798,0.00658559255885725,16,0.032923810725142624,0.019162779850173978,16
gene_2119,0.6308581390647959,0.006949586122502343,16,0.032563677399080344,0.015448643167562892,16
gene_2120,0.6435390220247977,0.006103265262796393,16,0.05828306514650395,0.032073946503933456,16
gene_2121,0.6228269783397478,0.011398419898853002,16,0.06774295942763967,0.022945835378913582,16
gene_2122,0.5870369594491097,0.02479436871882868,16,0.09231834924219412,0.04687606841908514,16
gene_2123,0.6187686011477191,0.0068537998228974965,16,0.055043453684764425,0.03108236060582466,16
gene_2124,0.6247552980829963,0.007648323523008052,16,0.045729561267452805,0.02805304518566086,16
gene_2125,0.578442698221106,0.01080964155011081,16,0.0889616758447543,0.035558508328232985,16
gene_2126,0.6437804674453877,0.007811678349995252,16,0.04215096773400541,0.021309978208185854,16
gene_2127,0.6019888881197784,0.017475290357271966,16,0.17903569740247446,0.08003836585258842,16
gene_2128,0.6343852429004792,0.005222972554446628,16,0.045214740029260334,0.014095039166355553,16
gene_2129,0.6349458450186912,0.010305439802078901,16,0.032424107223316914,0.009284933462805282,16
gene_2130,0.6091422489677003,0.016135915274980858,16,0.10300611060010986,0.02962557448510387,16
gene_2131,0.5701759664835673,0.02713433051247962,16,0.15932747613961384,0.05207954919262271,16
gene_2132,0.6199490063230401,0.010078819337972063,16,0.0873537343581401,0.02268540280631194,16
gene_2133,0.6122297004534129,0.013739264535354036,16,0.06312848979616074,0.021451006999502264,16
gene_2134,0.6324805595189803,0.01439993073248534,16,0.1388853643620755,0.05236361911804439,16
gene_2135,0.6011667451216872,0.01911474655865953,16,0.15221860902621276,0.07319311877152031,16
gene_2136,0.6678299534861551,0.0030491030008399913,16,0.020126375513548077,0.007344011754807711,16
gene_2137,0.6153989313010338,0.013682732969167149,16,0.08649830365867925,0.04454101419331724,16
gene_2138,0.5947763800815897,0.00908902111402518,16,0.09078025749597263,0.0327641901526067,16
gene_2139,0.599621550550009,0.012888962423245633,16,0.07807670738695327,0.030889850467624557,16
gene_2140,0.623626221170399,0.005754885858803692,16,0.03982509574614838,0.018195936368661864,16
gene_2141,0.6173465343229795,0.014703515770269364,16,0.07631230518188205,0.05063398519790564,16
gene_2142,0.604872934689279,0.017516395938202117,16,0.15886542346722046,0.06997176338214095,16
gene_2143,0.608040897946568,0.009551577454330707,16,0.0837831322735199,0.029593146255980286,16
gene_2144,0.6247188699848781,0.009976542142026248,16,0.04789927156695623,0.016947887036940525,16
gene_2145,0.6085919107591596,0.009084957985096115,16,0.06223130672202579,0.02807464345353482,16
gene_2146,0.6252301941136946,0.0078073323567509016,16,0.04511628007314068,0.020858430345048484,16
gene_2147,0.6288572743513844,0.008509610859386061,16,0.05381907691009593,0.032360783663420496,16
gene_2148,0.6421157841014311,0.005321929783963619,16,0.03759452002615809,0.00712268251910598,16
gene_2149,0.63465645095994,0.005126311963293473,16,0.05780398294864487,0.014005478125477968,16
gene_2150,0.6340321040246875,0.009626532947152275,16,0.0691530499401205,0.029494158875655194,16
gene_2151,0.641923950060159,0.006057728028742432,16,0.030813374177006754,0.009966145670967676,16
gene_2152,0.5818168106279203,0.020172854617283284,16,0.13420822613577638,0.04663659519855554,16
gene_2153,0.5956233582199205,0.023291562776099686,16,0.20459289892925037,0.058400430909067866,16
gene_2154,0.6009366778040792,0.023751673750596194,16,0.11388805591669166,0.0660720107878879,16
gene_2155,0.6024585013777193,0.006300604969722256,16,0.07000788298449408,0.03297119373920551,16
gene_2156,0.6032657334993226,0.01220700700570161,16,0.08948633827745378,0.021981150096745138,16
gene_2157,0.5792506818191833,0.017412565508304282,16,0.14429565268237918,0.050591443014645604,16
gene_2158,0.644653758373995,0.007129215052385068,16,0.03424025233592362,0.01355776897838482,16
gene_2159,0.6232890715557793,0.009586070364532516,16,0.05885279469899192,0.031969267884848794,16
gene_2160,0.6251007033205922,0.013526722177506516,16,0.07231319924245183,0.039761761455209314,16
gene_2161,0.6109590943672571,0.014493136540511925,16,0.18272617049925563,0.08015216596983926,16
gene_2162,0.5992772519985666,0.02146291995410295,16,0.09727024894289832,0.026396370399594096,16
gene_2163,0.6207222696509903,0.015113377576031001,16,0.15215299756677328,0.06574310656112298,16
gene_2164,0.6281641718556512,0.008656183409917818,16,0.08779618868192929,0.03559699772357677,16
gene_2165,0.638787364291031,0.011739363984011921,16,0.04388530110557444,0.029680010670167633,16
gene_2166,0.6067852021820074,0.010834007541938466,16,0.03686288972273139,0.016851769516323667,16
gene_2167,0.6052033844280856,0.014672027271942601,16,0.09343932062066398,0.05186371680776413,16
gene_2168,0.6195407229284664,0.011245716982230156,16,0.03803717508303003,0.014462718564164855,16
gene_2169,0.6258046044290101,0.009803857198418711,16,0.08810793509745109,0.03461041515442673,16
gene_2170,0.5931732323734314,0.011800869844043018,16,0.1021528183805465,0.0340148575017681,16
gene_2171,0.6148329255471284,0.01349128339596556,16,0.07663214956254381,0.02436214076768378,16
gene_2172,0.5959658481282337,0.019235900149933625,16,0.14431811740235562,0.06489677646286013,16
gene_2173,0.6147059428436418,0.011884280356182381,16,0.0742520385532313,0.018158675813175977,16
gene_2174,0.6001372502195935,0.022749289189232785,16,0.18457586258020695,0.06268916351313975,16
gene_2175,0.5996099554326072,0.017797239003253057,16,0.0699122398031544,0.02798994879945789,16
gene_2176,0.6257600241443614,0.010083787645571884,16,0.06950264839031818,0.033752596402574706,16
gene_2177,0.5983259424470599,0.01355594981360884,16,0.12030182371501158,0.06170648042871418,16
gene_2178,0.6170174812459571,0.009415028731045449,16,0.08582501295771902,0.037330498280565026,16
gene_2179,0.6292015775091016,0.010464451614003464,16,0.0852761136220884,0.042058663966643386,16
gene_2180,0.5966676795714833,0.008592297770076092,16,0.05140440164309044,0.02017036655299424,16
gene_2181,0.5766323333062761,0.029035207943614715,16,0.13016419780574162,0.034879035209951385,16
gene_2182,0.5873228946224117,0.012499994049450782,16,0.10686016343628554,0.05165743259888435,16
gene_2183,0.5943078581065578,0.013974333991130121,16,0.11685416142693901,0.04579864634896239,16
gene_2184,0.6162847656346092,0.008669512506316809,16,0.04462433879303586,0.030262810175465168,16
gene_2185,0.6303148946991125,0.008457239787965394,16,0.04296178426401094,0.023045264291576963,16
gene_2186,0.6088315131186239,0.01106727961636623,16,0.15239738982845963,0.05067058573050409,16
gene_2187,0.6088765435622333,0.02054672396644057,16,0.09704372410614347,0.04872758679151243,16
gene_2188,0.6094040102186628,0.018614389260564922,16,0.10168304580228893,0.059549101340816736,16
gene_2189,0.6446246703123568,0.006724549430472103,16,0.03889703669452943,0.016416431036649387,16
gene_2190,0.6084615722343004,0.009733039731522692,16,0.06303048199294661,0.018298912913783487,16
gene_2191,0.636329734381538,0.005676535644264062,16,0.03823755248062468,0.01741872930006234,16
gene_2192,0.6079893121031262,0.01885332645515939,16,0.07171861883915982,0.05562317720007513,16
gene_2193,0.6051619889529577,0.015094039377473096,16,0.06891147070693596,0.04650911192445366,16
gene_2194,0.626432594809392,0.012413941160593828,16,0.12243052884003493,0.043903294517928806,16
gene_2195,0.6237124314791104,0.0065037855292108425,16,0.08079178314395966,0.022043089928759366,16
gene_2196,0.5933719575056475,0.027094705037039327,16,0.13703924544170465,0.09512762714532702,16
gene_2197,0.6110062404932831,0.009389201075109987,16,0.07940117376021096,0.040488974360275466,16
gene_2198,0.5932912486467488,0.011917415644475338,16,0.0913722680021378,0.0642005575212629,16
gene_2199,0.6030887372744398,0.004279489236005596,16,0.07055464551417588,0.01538429302935677,16
gene_2200,0.596073622738792,0.031793221919306884,16,0.17982245968580352,0.08551160541781735,16
gene_2201,0.6081881553574922,0.007010995174643225,16,0.12514769753501592,0.049017347190830535,16
gene_2202,0.6143421933116964,0.012791780223885853,16,0.06917285871499987,0.02818435013710794,16
gene_2203,0.615527310098921,0.011267509937879462,16,0.09519630552489039,0.0358722308421187,16
gene_2204,0.5982568115650845,0.028159975852678217,16,0.1968080890020225,0.08641147712291557,16
gene_2205,0.6184260495850417,0.012484546059822061,16,0.05509780426651525,0.01752890873689193,16
gene_2206,0.5768219582998665,0.010152357867685525,16,0.15702348378494166,0.026756075540345252,16
gene_2207,0.6557352615333214,0.005448352891682638,16,0.03595843752801173,0.011668030200802024,16
gene_2208,0.6491360929701058,0.008622272393975353,16,0.06115994753739642,0.026661356911311624,16
gene_2209,0.6489848432331379,0.006947312731324511,16,0.025037026237220247,0.01615507116474914,16
gene_2210,0.6203335940132487,0.015646148535196108,16,0.07223276847401085,0.04347204944527878,16
gene_2211,0.5780010771950272,0.022950639166434465,16,0.14857543882383825,0.05721242421374155,16
gene_2212,0.6521352178976628,0.009053933822499804,16,0.03705386854396924,0.020890964745295018,16
gene_2213,0.612929534480764,0.012066286390144919,16,0.06237136164903335,0.029899610059927067,16
gene_2214,0.6539141999398491,0.004065885439813326,16,0.026410624944608628,0.00802748499938881,16
gene_2215,0.6400808975441641,0.003953823871798637,16,0.028711691302192355,0.016549046202089773,16
gene_2216,0.62591197400749,0.008246809797855447,16,0.05605988262093144,0.013124671387018536,16
gene_2217,0.594685648374086,0.01587762338307642,16,0.0908595951039807,0.055824598866149974,16
gene_2218,0.5897524160071784,0.012446104782004657,16,0.07935702663803723,0.026239881114453464,16
gene_2219,0.6131893550619972,0.008059221137660392,16,0.08968587817418176,0.0302325683098663,16
gene_2220,0.6162896322972615,0.007750621549650268,16,0.05933655751246296,0.023535899342847603,16
gene_2221,0.6122197984738497,0.008108228565980452,16,0.0718766905942302,0.030295654501852145,16
gene_2222,0.6227204702275443,0.010696523543294669,16,0.05181259836343921,0.018145332093447403,16
gene_2223,0.6498111468479473,0.005874748599806606,16,0.03360354612579627,0.011172076475862075,16
gene_2224,0.6538547054141562,0.004371937930952773,16,0.02457422914975982,0.016381052332636283,16
gene_2225,0.5863411595375903,0.009825258463958618,16,0.10608558695717107,0.04992122481914763,16
gene_2226,0.6278373131719934,0.01054386712255769,16,0.06562803573957494,0.028121040626722195,16
gene_2227,0.6355928543583097,0.005314518148813262,16,0.03762096561186226,0.019004591549184897,16
gene_2228,0.6214090049450046,0.009572383691684958,16,0.06255807433147462,0.018169757427331328,16
gene_2229,0.6300875087035691,0.009216417133960169,16,0.05474073003840283,0.017650147847563552,16
gene_2230,0.6131803367367016,0.008731782745564175,16,0.09413397745124306,0.020117884281984733,16
gene_2231,0.6123677036229878,0.006911226318218126,16,0.06197090128834842,0.02798064268113739,16
gene_2232,0.6239143003819677,0.01297409936527465,16,0.08820813233863094,0.024823317137202747,16
gene_2233,0.6016323288827711,0.015532029174818916,16,0.10911513042980682,0.03525356219003482,16
gene_2234,0.6262366844685956,0.007328151549799451,16,0.12323812849937478,0.04269530874697864,16
gene_2235,0.6289373304826432,0.011567003630696255,16,0.06822511230394404,0.049287339521820184,16
gene_2236,0.616202708029334,0.012326922000791806,16,0.08151029341144483,0.03418507512185955,16
gene_2237,0.6247948260890263,0.017359061378725973,16,0.08958413791720178,0.04576565460191743,16
gene_2238,0.631756018774587,0.010684738901018164,16,0.12384971503639211,0.03739556572543827,16
gene_2239,0.6079421817115772,0.014991085107040752,16,0.10280457923141752,0.03708836412769239,16
gene_2240,0.594628027672853,0.010208265777842992,16,0.10991727582168978,0.041163813525699734,16
gene_2241,0.6059483346704814,0.020457821458175866,16,0.1393878973619859,0.05160810322725476,16
gene_2242,0.6189451941403195,0.0054920197315386,16,0.054792912592392023,0.017657026441250705,16
gene_2243,0.605225616976218,0.007245425694387934,16,0.06870637580225493,0.023366085710772304,16
gene_2244,0.5914928616616479,0.018133171113303953,16,0.11274416739316268,0.0752106931879819,16
gene_2245,0.6059973463437129,0.013214303279189373,16,0.06008219134974305,0.03724812367741066,16
gene_2246,0.6319220884056932,0.00895075497123259,16,0.06244174992885098,0.02225866272032984,16
gene_2247,0.6200282628842566,0.00701966954243087,16,0.04405311534741435,0.024459655003550716,16
gene_2248,0.5753911798633483,0.016090697563979923,16,0.0648038595272838,0.019935588744162756,16
gene_2249,0.629029502559658,0.006393598553945,16,0.03265667566748912,0.015382080311884573,16
gene_2250,0.5651977843503495,0.015259445401480252,16,0.09500733977711158,0.03243870494933584,16
gene_2251,0.6206143859046998,0.01358078093675283,16,0.10111182498763048,0.06545064856060297,16
gene_2252,0.6365262156429418,0.006811586404333395,16,0.04411070665243433,0.025374221279527192,16
gene_2253,0.5853509957260331,0.011723848771278755,16,0.10769416186204163,0.028715368324834203,16
gene_2254,0.6350714554247929,0.005657969195649344,16,0.04241930885071928,0.02097326161119489,16
gene_2255,0.6318433397995127,0.0081685528180146,16,0.06095509017550163,0.025520815023931064,16
gene_2256,0.653527958918148,0.004641261891767418,16,0.03223861790790072,0.0098464348493627,16
gene_2257,0.6484997812802668,0.003042383708200051,16,0.025356010642623567,0.011385275549141812,16
gene_2258,0.6319847421902183,0.009729290676963619,16,0.059786499609499055,0.03221634271439522,16
gene_2259,0.6198259268534242,0.00868332703065643,16,0.09339012365221712,0.03224616069183316,16
gene_2260,0.6449783576760404,0.00828260140308432,16,0.033146827373557175,0.0174045265214102,16
gene_2261,0.6262514961126592,0.00580000598725815,16,0.044012817357347495,0.018534405582074365,16
gene_2262,0.6318912106487967,0.005212802294930714,16,0.051683946086524046,0.017960952116035628,16
gene_2263,0.6306148296458702,0.007017959899838318,16,0.04349226807266773,0.016895121464565198,16
gene_2264,0.6314965120766769,0.011754933829683411,16,0.05923916648125942,0.03190360848296404,16
gene_2265,0.6068744853102339,0.010206664982662695,16,0.15303826498025525,0.04559441501296972,16
gene_2266,0.6369748503038144,0.008725655642891765,16,0.043773831853504475,0.029615849628371976,16
gene_2267,0.6138817581451129,0.011894220963558945,16,0.10468592581979948,0.041830119312252195,16
gene_2268,0.6476880708190251,0.006406976113213615,16,0.034503510422543675,0.01220317218347081,16
gene_2269,0.5929103285345682,0.006891282405346789,16,0.05585415826862066,0.016869626517835846,16
gene_2270,0.633121008876968,0.01116200014298922,16,0.08706539561351642,0.05840091831764861,16
gene_2271,0.6484505777212375,0.006801183297220837,16,0.02961779324184564,0.016108120373838655,16
gene_2272,0.6314206717493694,0.004309439966560763,16,0.06182850843147075,0.021703687625249584,16
gene_2273,0.6005517187564383,0.019152792894259568,16,0.09812146609760221,0.058998366017462125,16
gene_2274,0.6300474126896792,0.007836425303393518,16,0.0462431989953092,0.02221488592952639,16
gene_2275,0.6165012346364699,0.012669842200303722,16,0.05681629394809227,0.024159657247623305,16
gene_2276,0.6346329383902952,0.006519669917915449,16,0.06738723095247284,0.03278940460391736,16
gene_2277,0.6129665706756432,0.010917314364580754,16,0.05825289719086029,0.03520306738967482,16
gene_2278,0.6210395825942395,0.009058739167540316,16,0.03422887037910544,0.015758896502141625,16
gene_2279,0.6431044090774506,0.004346872976878303,16,0.023462601981221354,0.007400182833560497,16
gene_2280,0.6168618935591258,0.010420771822667298,16,0.07877829406991654,0.03555672001743965,16
gene_2281,0.6578578453408563,0.005020071188466073,16,0.023356600297005918,0.01007454987574352,16
gene_2282,0.6414479084805987,0.004253236888976557,16,0.03811041269457303,0.02177867334603584,16
gene_2283,0.6357725802997177,0.007449772704887164,16,0.05768688750788281,0.019921120023634793,16
gene_2284,0.6181011239698949,0.011317743281552009,16,0.08408892646739081,0.035064529920165115,16
gene_2285,0.6094670704687363,0.014776829051758322,16,0.09912066766770775,0.027919735787915692,16
gene_2286,0.62555338729693,0.007400555822055466,16,0.025023616253491577,0.013330407486208652,16
gene_2287,0.6144230813621131,0.004975571173124853,16,0.035004437117694284,0.02302508676004622,16
gene_2288,0.6280397966865747,0.006934358731937152,16,0.04867986893351671,0.028257501731176547,16
gene_2289,0.6401415983753419,0.006857609098633341,16,0.026112104458370908,0.011787699166383092,16
gene_2290,0.6076461716554639,0.011273964592747137,16,0.06654305105635319,0.03626968285878381,16
gene_2291,0.6309147359124985,0.007712226044529932,16,0.06154516631065774,0.01529665283581098,16
gene_2292,0.5824285830756231,0.016952837901380732,16,0.13363641336107143,0.04814166911359534,16
gene_2293,0.6416167363429206,0.004891242914166215,16,0.03736159082980275,0.01655170793480146,16
gene_2294,0.5953574786773569,0.014127165694301237,16,0.09465075526375699,0.0386232052521095,16
gene_2295,0.6146822178654942,0.007829293856196792,16,0.042696891481517875,0.016866759231741874,16
gene_2296,0.6212307515447122,0.007878442542551798,16,0.056347491040764114,0.024437387582302978,16
gene_2297,0.6352673414679122,0.0078638604428631,16,0.06629747060825265,0.038182790394841015,16
gene_2298,0.6213242294569717,0.00962709451858853,16,0.04086282785671241,0.015512841040370307,16
gene_2299,0.6220332994678784,0.010914165958811348,16,0.05101384330469305,0.02167600725489677,16
gene_2300,0.6568717862327459,0.003130887213826484,16,0.01834598188619925,0.010676364730252158,16
gene_2301,0.6409393591359733,0.003726255578415749,16,0.019499529509915972,0.005019352830771112,16
gene_2302,0.6392422521528532,0.007236942252651262,16,0.06299112313903214,0.024159351505315868,16
gene_2303,0.5927657777905305,0.0198900925512716,16,0.16814133273404153,0.0369639356272197,16
gene_2304,0.6089240885698722,0.00966779700452064,16,0.08395699429379166,0.028975681297301794,16
gene_2305,0.6503314143478565,0.007821466664227323,16,0.03417206481741737,0.016329258634243442,16
gene_2306,0.5984030371534913,0.01779905714412507,16,0.17341744707182882,0.054642713754262426,16
gene_2307,0.613223644800948,0.015935002630496957,16,0.059809367449626366,0.03845319274965164,16
gene_2308,0.6165273386847292,0.012522318074111378,16,0.11632034398298091,0.05035902838479423,16
gene_2309,0.6573911769159354,0.004121704854853039,16,0.021231469020598685,0.008350296923261518,16
gene_2310,0.6051716605595311,0.007396061950239821,16,0.08846571826222177,0.022347303932951458,16
gene_2311,0.6137180490693724,0.008960322064403533,16,0.0696051886978301,0.020753471678326706,16
gene_2312,0.5915549839587598,0.015206928922448713,16,0.07930009319978013,0.03570191362762539,16
gene_2313,0.5985767949687516,0.028692535218464505,16,0.1292619699539871,0.0660568037200866,16
gene_2314,0.6113362651311363,0.017231695177603257,16,0.061489924905841715,0.02906516043270347,16
gene_2315,0.589100573040119,0.011321236720060654,16,0.0786296686836458,0.032549485389216946,16
gene_2316,0.6039880959716473,0.01567682269284124,16,0.1192594844691362,0.07631565530951769,16
gene_2317,0.6061402964090126,0.012048075652460221,16,0.07155942971215806,0.03207140136421761,16
gene_2318,0.6047613656046539,0.011134913365849451,16,0.06408898287510421,0.028783071815379164,16
gene_2319,0.6105601956325144,0.011551747189393669,16,0.11044510418542748,0.06534143454322407,16
gene_2320,0.591805022957955,0.012027684860839945,16,0.09275991765872157,0.04630412238765241,16
gene_2321,0.6174518685536353,0.015442840268454086,16,0.10723470112395116,0.03380673415727998,16
gene_2322,0.6198521516975384,0.005791870711702707,16,0.06698348676416416,0.025237273353671645,16
gene_2323,0.6027065917188561,0.00537284865224174,16,0.05572102665283875,0.02908051865712189,16
gene_2324,0.6413911139837324,0.006711278182956896,16,0.06657551511224194,0.052776204407624955,16
gene_2325,0.6070399976011736,0.010641633354676935,16,0.09283937798295197,0.021573213294474924,16
gene_2326,0.6380913353370735,0.004536945977859869,16,0.03063381063126023,0.021836602357984927,16
gene_2327,0.6114835453663108,0.007259061637403023,16,0.057086963741792236,0.015061285345459937,16
gene_2328,0.6088508756401496,0.013584999632808249,16,0.09437590916636902,0.05167029797533935,16
gene_2329,0.6444232777401027,0.005544409256227914,16,0.035212493165886295,0.014715826908560893,16
gene_2330,0.6271710430654418,0.009521704403740538,16,0.07472433564339656,0.030087744483665843,16
gene_2331,0.64962765847031,0.007070995174261185,16,0.02610291140046271,0.011220500726103892,16
gene_2332,0.6412220750724138,0.004071718353582477,16,0.021819261548127133,0.012332028960161352,16
gene_2333,0.6189733924274198,0.008431352420395244,16,0.09905490772392862,0.03707326825167772,16
gene_2334,0.6340636191580372,0.004630193899359029,16,0.050181443582982425,0.021343210508085804,16
gene_2335,0.621974301735758,0.015541199179803712,16,0.10727910153633373,0.06258239407911816,16
gene_2336,0.6152947331450331,0.02633233267891949,16,0.12135757984649559,0.035765952070469696,16
gene_2337,0.6048812396031563,0.010358475266341975,16,0.10556506344112403,0.037228497519762746,16
gene_2338,0.6531828586767577,0.0037706249196627238,16,0.02854177833093323,0.012043217347964017,16
gene_2339,0.643523010158224,0.0071798656568341085,16,0.018853638252780087,0.006774506446656051,16
gene_2340,0.6494135113234513,0.005459480411411041,16,0.02499310465051834,0.010222336938629735,16
gene_2341,0.5937418821284263,0.02298445164348599,16,0.12391962052134355,0.0662685268931998,16
gene_2342,0.6249052428396316,0.007236204479722621,16,0.03502795045832878,0.01154193078675383,16
gene_2343,0.6124949249337237,0.013271703789380333,16,0.07438533241311737,0.02270651006060031,16
gene_2344,0.6135486878537983,0.012844951665835807,16,0.09803550960482692,0.04834140318692755,16
gene_2345,0.6069000020173991,0.011647113604744803,16,0.06929217383598323,0.024151995794789254,16
gene_2346,0.6193685466971979,0.005259486726359968,16,0.06802599090660699,0.027693808258068962,16
gene_2347,0.6341302169067823,0.013842276004716141,16,0.12976979875643543,0.06653094807151029,16
gene_2348,0.5882641657445681,0.018143706815551358,16,0.1209842728818962,0.041481753283937564,16
gene_2349,0.6037821253455266,0.008593952279517583,16,0.053364287140548264,0.016623752068851468,16
gene_2350,0.6315567777546472,0.008730939721146252,16,0.06671150702946357,0.03498932272751839,16
gene_2351,0.6486892179216486,0.005449669888370414,16,0.02517763580797084,0.007360952844120992,16
gene_2352,0.6249017248994142,0.008638612295079744,16,0.031644601496247794,0.014883668102706669,16
gene_2353,0.6052658416479152,0.011543472859088985,16,0.06651568755323468,0.04149446475050969,16
gene_2354,0.6569426080481297,0.005537683909309488,16,0.0384590801181994,0.01630109437702215,16
gene_2355,0.639358717411598,0.009650845751568111,16,0.05414482716985863,0.024578632681076653,16
gene_2356,0.6217284246759348,0.01114861537654129,16,0.10869992516578057,0.049459310484659964,16
gene_2357,0.5990775610827153,0.015377169419926607,16,0.11510757028570456,0.08833803769041941,16
gene_2358,0.6082587123418075,0.023562668230298494,16,0.17847915992855629,0.05392433528520975,16
gene_2359,0.650135729325333,0.005188794709312483,16,0.025775927214390194,0.012456621433791825,16
gene_2360,0.6422988698102368,0.0072156262932375785,16,0.06422478625329932,0.03780415270198548,16
gene_2361,0.6124238649364242,0.010973450534745384,16,0.08532809118211732,0.021086113721883248,16
gene_2362,0.6293009145319348,0.006109933661276135,16,0.05376266878902267,0.030845879352993943,16
gene_2363,0.5848747578202855,0.020696951899530733,16,0.07602942196249135,0.04037783470671198,16
gene_2364,0.642095314597946,0.007785645462919147,16,0.03735738437629069,0.01482839302820027,16
gene_2365,0.5945581549220356,0.012842168307426419,16,0.07192444825735762,0.021645612931147664,16
gene_2366,0.5918872883353966,0.015609158492032591,16,0.1149302451537708,0.055630891516237777,16
gene_2367,0.6437674847901471,0.007510550999328373,16,0.044787666450597834,0.018039449914744706,16
gene_2368,0.6019898596105727,0.009015413666301963,16,0.10061730141215022,0.019412161751346333,16
gene_2369,0.6044950565294459,0.017375175198600226,16,0.03816465858979756,0.01543770850296397,16
gene_2370,0.6485659015371716,0.006254524119208457,16,0.054777603111670514,0.01798560093623615,16
gene_2371,0.6243363706737985,0.015600011032747671,16,0.057847539410489535,0.03611232020598295,16
gene_2372,0.6329508458500981,0.005084102202703311,16,0.02595023820159366,0.011592044138581527,16
gene_2373,0.5958576548847088,0.012030693440589319,16,0.10925836054416069,0.05466895847086684,16
gene_2374,0.605217805776071,0.012804902033088999,16,0.04802304370714975,0.012347227335727498,16
gene_2375,0.6344956066953118,0.0035107309669825254,16,0.023264782807442264,0.010313076164308384,16
gene_2376,0.6212647953936243,0.009441860387921287,16,0.053857107626183565,0.025752322823306324,16
gene_2377,0.6323140346608518,0.008424044604404862,16,0.05204965636158042,0.03489856624644752,16
gene_2378,0.6018210576028754,0.008828348771429202,16,0.049042908778984526,0.028333383648538102,16
gene_2379,0.6068505795367785,0.011324683058189679,16,0.09075540136305876,0.03950256347001316,16
gene_2380,0.6042053299823291,0.017492584472585712,16,0.13822962084022963,0.04570303033771498,16
gene_2381,0.6311220907151107,0.008426202482875575,16,0.0447552366373651,0.024946487993887535,16
gene_2382,0.5947260162103412,0.022101209980238495,16,0.12751414040460868,0.05014916000662028,16
gene_2383,0.6246669012059141,0.007152850488425921,16,0.06928407216723431,0.020418471643209382,16
gene_2384,0.6228928486203726,0.017490097391943633,16,0.06252155179593936,0.04250183454383148,16
gene_2385,0.6081803296135977,0.011396917704796734,16,0.07823115022303102,0.043963818607538584,16
gene_2386,0.6222129035859635,0.0052051928757713565,16,0.026806458120922576,0.01226107145276831,16
gene_2387,0.5957945947136015,0.01597183430930542,16,0.08688570152389116,0.04563862223776689,16
gene_2388,0.6357560713485774,0.00387762782192134,16,0.03994243921293847,0.010456379063140378,16
gene_2389,0.6442542566000076,0.012177745507636917,16,0.03650043181135801,0.010991944666622865,16
gene_2390,0.6081245552478561,0.011745524961035172,16,0.13143339700150145,0.04749729666623759,16
gene_2391,0.5913232353189765,0.020180449228428037,16,0.10678649324841337,0.060811214253950245,16
gene_2392,0.5977540857258404,0.02388760353129438,16,0.14126339301898752,0.06223387981541182,16
gene_2393,0.6237178930865986,0.012984718537604372,16,0.06031414841253953,0.01795801100153992,16
gene_2394,0.6567209791192478,0.004268610055733978,16,0.01895147987637989,0.0043060276398409454,16
gene_2395,0.6136630221044048,0.012966214155799639,16,0.06483635945324304,0.03287279277740043,16
gene_2396,0.6169367245261382,0.01292244537162878,16,0.038658471980109445,0.020179499427445218,16
gene_2397,0.5956423579079012,0.017509489524638742,16,0.1403622730968571,0.04342713170182983,16
gene_2398,0.6035196330451579,0.012359583185872738,16,0.10254039155889394,0.041838916462732315,16
gene_2399,0.6389717211321685,0.004986532986683371,16,0.04499015148648983,0.023420472477703378,16
gene_2400,0.635865350925967,0.005285146929596326,16,0.0302145440279281,0.02017754981334254,16
gene_2401,0.6328098790324658,0.009444544793170912,16,0.03514875213550409,0.016056812688667293,16
gene_2402,0.641510361282488,0.009415244023510757,16,0.045447287575603824,0.020731241500905277,16
gene_2403,0.6184379271110714,0.016438284390023396,16,0.0852084390764325,0.050009915813304086,16
gene_2404,0.5864153031082666,0.008348495758993232,16,0.03827569551096713,0.008490478044761806,16
gene_2405,0.6558968344911666,0.006715356015903562,16,0.03061572100738761,0.02539631847783401,16
gene_2406,0.598073601109726,0.010500817812113579,16,0.08547590258105321,0.01707474582744177,16
gene_2407,0.620468080795801,0.01102162198084496,16,0.07858112395439693,0.020417242474996544,16
gene_2408,0.6035782809281808,0.012945605098128156,16,0.06890300202630675,0.015131647888011308,16
gene_2409,0.6003454583405875,0.018289335016782517,16,0.08599430146145433,0.0400591698224474,16
gene_2410,0.6200830828527801,0.013486948910112899,16,0.09152999232808717,0.04293420116812445,16
gene_2411,0.6091415095589592,0.009688474271905176,16,0.052325570634060604,0.015060817819729807,16
gene_2412,0.6173417655547558,0.00721282513323334,16,0.050880557747090924,0.023294300759439314,16
gene_2413,0.6139372651158158,0.006553854078123926,16,0.07757297948676356,0.017923231490955573,16
gene_2414,0.6327366331884259,0.008069888512999886,16,0.032684681328284775,0.016950375405262556,16
gene_2415,0.603179682487082,0.018759046359010337,16,0.06438061360327989,0.03618472940977375,16
gene_2416,0.6029582172487947,0.009814440656820586,16,0.09578771458357388,0.05521657175156096,16
gene_2417,0.6179849399407144,0.01803089476430497,16,0.09054693475138477,0.028671566017684235,16
gene_2418,0.5840759054494963,0.03141252998669125,16,0.1428692432844028,0.05812510472931064,16
gene_2419,0.6032050083930899,0.00961282158990604,16,0.06766321355037,0.036511583525404144,16
gene_2420,0.6244331969530728,0.010856750734878096,16,0.053621750929071295,0.02689782698922396,16
gene_2421,0.6303724997665943,0.008048207695931384,16,0.06575913740713357,0.023458465036339787,16
gene_2422,0.6107826869614262,0.00975773946710672,16,0.0456561383131866,0.027286945682242263,16
gene_2423,0.6328057372758865,0.006903103693153452,16,0.07980699692686853,0.04242387257486604,16
gene_2424,0.589615898965333,0.01773437876805454,16,0.11456297840788976,0.03200447883167099,16
gene_2425,0.6265404922963546,0.01219852525679132,16,0.06034042421190394,0.03882173318582656,16
gene_2426,0.606127055984535,0.018376157364869274,16,0.11559945828859616,0.08103570412794404,16
gene_2427,0.6207889922383458,0.01385557695312999,16,0.06460360965052313,0.02264816732000801,16
gene_2428,0.6455240349586657,0.007137317440321361,16,0.019315809248227588,0.013124785025603988,16
gene_2429,0.5849258286148085,0.024962559057993213,16,0.07964536026166563,0.0377683214378522,16
gene_2430,0.6540048127920262,0.003530623398099951,16,0.04975257139291454,0.01825682785266836,16
gene_2431,0.5932552745994352,0.01292854074163735,16,0.06606835907097645,0.030477864438235715,16
gene_2432,0.6299199686043927,0.006318222091019471,16,0.049424102326555704,0.027841673677484052,16
gene_2433,0.6090921882351106,0.011311723602927549,16,0.09849468496538367,0.05146943772308396,16
gene_2434,0.6112907963085542,0.01094727510287118,16,0.08943663257007074,0.02180426126015288,16
gene_2435,0.6213646446531382,0.030203374840664498,16,0.1514570210299744,0.0923308928374869,16
gene_2436,0.6451134704173074,0.0071915800747109565,16,0.07308858668691053,0.04100020947873129,16
gene_2437,0.6533299155059543,0.0046885160176507405,16,0.022448413430128312,0.008905929998961858,16
gene_2438,0.6097263548011368,0.012433816039309356,16,0.09203273031307341,0.0523686564914314,16
gene_2439,0.6096058384553867,0.008445974456873173,16,0.052332426719677395,0.008982208712239008,16
gene_2440,0.6446688961676379,0.006399950565590948,16,0.039754250196476944,0.01657244608774711,16
gene_2441,0.5981596711238206,0.02239711072517473,16,0.10929928246917607,0.044676650401474914,16
gene_2442,0.5822168201314397,0.011516485791262167,16,0.0924618804483039,0.06315140491680167,16
gene_2443,0.6365992576105565,0.008853072770953683,16,0.05658028870375494,0.040176731243964106,16
gene_2444,0.6313829683785182,0.015014162112239562,16,0.08971167146747491,0.03635442410980691,16
gene_2445,0.6415081116785499,0.005536504848973252,16,0.041211575220815345,0.013439720152075521,16
gene_2446,0.616236188675815,0.00827621690461082,16,0.0696480611636158,0.04380446405772066,16
gene_2447,0.584406478585988,0.01988690456252735,16,0.17201595161242125,0.05684463580747996,16
gene_2448,0.6587819579546532,0.005749878459178318,16,0.017791435168526805,0.006519656250556861,16
gene_2449,0.6175728753584717,0.019163188350411222,16,0.09095933300285441,0.049014434884652534,16
gene_2450,0.6326196096182706,0.003494812822864509,16,0.03505820555861245,0.02744939535650688,16
gene_2451,0.6170825648110267,0.010085123766694869,16,0.07270372749263332,0.031175628910898753,16
gene_2452,0.6039801108016722,0.04106799289187191,16,0.20931829957784037,0.1303073618591238,16
gene_2453,0.5897090297813352,0.007858249229535008,16,0.12284729738504266,0.038151351186141595,16
gene_2454,0.6442033330304197,0.009057628359398126,16,0.08325853683159164,0.04872533828442378,16
gene_2455,0.6321862842840651,0.00766881112562242,16,0.07816180781862522,0.02905171065999415,16
gene_2456,0.6521535067795183,0.00671031586306788,16,0.01992060799560054,0.010512796678164078,16
gene_2457,0.6125859301625167,0.015282099859353967,16,0.05600667607599833,0.04079794065434127,16
gene_2458,0.6259019190834889,0.01760657881911165,16,0.08345873960051893,0.053689069275598134,16
gene_2459,0.613842216665025,0.014134286191762623,16,0.10822955492327849,0.03712101382509789,16
gene_2460,0.573332749337593,0.025709562547436872,16,0.11716832611999342,0.062471057301064,16
gene_2461,0.6222513356706263,0.01125594491714896,16,0.041369357406896276,0.022802441385145446,16
gene_2462,0.6072301641974318,0.00878366700591517,16,0.0691062366511609,0.030848692301666578,16
gene_2463,0.6088006383830299,0.004273851427117787,16,0.053316456939686424,0.012836857341365337,16
gene_2464,0.6179845035001559,0.012314298594417374,16,0.07118859747086434,0.04279664717819243,16
gene_2465,0.6380200936690481,0.004835048064372525,16,0.029972200994719266,0.009482672923947645,16
gene_2466,0.6158073161411626,0.013308203870719817,16,0.0967174865674741,0.02100822914241363,16
gene_2467,0.586657104266704,0.011409888542156152,16,0.10776473521440388,0.039846432870019724,16
gene_2468,0.6187455719329491,0.011272369119826606,16,0.056148967083138095,0.012168968455656067,16
gene_2469,0.6580464286553241,0.006033625781813691,16,0.04140799867346476,0.0207785963755987,16
gene_2470,0.6233041692382971,0.01642312653339676,16,0.06530205549363434,0.027231592690278972,16
gene_2471,0.619611393050706,0.010522205966860139,16,0.05044247468710512,0.014881048661417144,16
gene_2472,0.6034236488199826,0.007560093575317631,16,0.05924988925702461,0.009787045616615324,16
gene_2473,0.6114840964439044,0.009297186986647894,16,0.05659808164934308,0.02785312285517593,16
gene_2474,0.6037007815479734,0.011362352632184039,16,0.149110035475906,0.040043535891702904,16
gene_2475,0.5956855600054984,0.013483079153711887,16,0.05534517141954715,0.03532982665588545,16
gene_2476,0.6233131198361901,0.020021371923974674,16,0.08797126407241285,0.03643310252402873,16
gene_2477,0.5877561907434857,0.014542727355857467,16,0.12169828731693749,0.05600275827595487,16
gene_2478,0.6146501099971369,0.010728119747810601,16,0.06986116469356203,0.032107106636571396,16
gene_2479,0.5987880209752158,0.014986036384533524,16,0.09189245576501864,0.029100536457211224,16
gene_2480,0.5951772776295184,0.013707633792530954,16,0.09797651971095349,0.04503922201699217,16
gene_2481,0.6048921249163088,0.008671010093613303,16,0.08093516100200092,0.041556488204680615,16
gene_2482,0.6125228739133228,0.01625523610488067,16,0.07347921067748171,0.040876568226045615,16
gene_2483,0.6114835529374814,0.013920727963772845,16,0.06646094291789287,0.02702101921365689,16
gene_2484,0.6429346118417072,0.005668011016676644,16,0.025740002068883067,0.010658096731641574,16
gene_2485,0.6459570591384317,0.00738715419753738,16,0.03747180660638501,0.012154758538043773,16
gene_2486,0.6022884105439159,0.007373646656839157,16,0.05551339778694389,0.022289225158825945,16
gene_2487,0.6132679584491346,0.01346673344373969,16,0.1273850556162031,0.04156847377406859,16
gene_2488,0.5967677345365214,0.016363593484492834,16,0.08613475945969312,0.035792639623668805,16
gene_2489,0.6503393175059916,0.005592128279103815,16,0.0287728536978054,0.007453571200555129,16
gene_2490,0.6445899224728261,0.003282551035353436,16,0.03963700631426184,0.017011668468352514,16
gene_2491,0.5966672683388283,0.004616359697489951,16,0.08495455780492005,0.023094358914789444,16
gene_2492,0.6040212625472898,0.0055484720170257676,16,0.02947821234345025,0.010226580596485202,16
gene_2493,0.6452024130616649,0.010434346875431814,16,0.044763598513105206,0.018913471224519834,16
gene_2494,0.609139110328025,0.008484956357151434,16,0.07075874949478111,0.027870065522704702,16
gene_2495,0.6030872964262384,0.009624347675025333,16,0.08533702032716234,0.016287365744569737,16
gene_2496,0.6468694422952012,0.0047625068621701344,16,0.05789585417381884,0.03307413697501841,16
gene_2497,0.5951772207311674,0.010686674690245293,16,0.09255145523750855,0.03429600059754963,16
gene_2498,0.6595947949213219,0.005830758123006816,16,0.022462199923568054,0.011404399504743364,16
gene_2499,0.6237315382657059,0.0070185159304315846,16,0.04525694258033557,0.016695218334149876,16
gene_2500,0.6124169381468363,0.006323339837374817,16,0.08704390019778768,0.027521485367794613,16
gene_2501,0.5827280201571563,0.019232341237000492,16,0.12604161305001912,0.06170413675595133,16
gene_2502,0.6325425763468429,0.006778790322709916,16,0.05381285818435584,0.024320441602562665,16
gene_2503,0.581683994033738,0.01823288052973136,16,0.10232097408504426,0.04036614669493638,16
gene_2504,0.619752967164196,0.00885651916453448,16,0.04647797366035653,0.017173379677022135,16
gene_2505,0.625346569506279,0.011739584413942341,16,0.057108132527481835,0.02488814874005658,16
gene_2506,0.636175773301018,0.0058252841398715735,16,0.06030122945257693,0.02013503019646125,16
gene_2507,0.582256856561643,0.015786894616565232,16,0.0856550170319001,0.038604655375133995,16
gene_2508,0.6009303919626747,0.007767814860482989,16,0.12777640502303128,0.031542674113824325,16
gene_2509,0.6315100324416743,0.012267843530183314,16,0.07934137337744265,0.021821398644921552,16
gene_2510,0.6280268971664928,0.0052026284108332415,16,0.06167182906501499,0.027994221943146318,16
gene_2511,0.651134380031216,0.006082321505365786,16,0.028746008561043396,0.009052165600161305,16
gene_2512,0.6030996479183103,0.01908959306100812,16,0.1109970557237701,0.06322913109560838,16
gene_2513,0.604877085489835,0.03040319213608399,16,0.19074899133204523,0.09177793689883736,16
gene_2514,0.5777160911167128,0.01822202145248697,16,0.13442473448459993,0.04012837183320693,16
gene_2515,0.6181324562650228,0.0077287500094023005,16,0.05540773506898911,0.022905354474435313,16
gene_2516,0.6377563760823514,0.007478782297086576,16,0.030719275223288225,0.012538965467716129,16
gene_2517,0.6081970706072601,0.009753938053596837,16,0.0651646450313698,0.015136997309752155,16
gene_2518,0.605208901358805,0.008266704884729689,16,0.06595342507852799,0.024638384703079417,16
gene_2519,0.6262348433929279,0.00935858884155036,16,0.0539693554762489,0.022062823048527604,16
gene_2520,0.619862985400354,0.009366242815758413,16,0.04892157266232836,0.009765796039850628,16
gene_2521,0.6070248948390878,0.011443572624027794,16,0.06123729258843669,0.025516418839171655,16
gene_2522,0.6128736805372919,0.01991034885982119,16,0.09920357623693181,0.03570112536117558,16
gene_2523,0.6155077413934908,0.006800264133045481,16,0.059691589828986195,0.020416164814217572,16
gene_2524,0.608212763907475,0.005896096882913124,16,0.05741879919287324,0.02822949144231901,16
gene_2525,0.625909798533581,0.002882128372282677,16,0.05680990778795348,0.020515048385713722,16
gene_2526,0.6068898923671572,0.016763438989059708,16,0.10109010496092152,0.033606816308470656,16
gene_2527,0.6271201390681904,0.016667065151011753,16,0.07038229103893223,0.025610678218340278,16
gene_2528,0.6115706615916389,0.015724802002825517,16,0.10653596171545483,0.03797050555293512,16
gene_2529,0.5904875992373038,0.02420198814512096,16,0.12955756924553272,0.04227256067023466,16
gene_2530,0.6286695486218467,0.013548174288835218,16,0.050928355937193824,0.027490412000135155,16
gene_2531,0.6114207954085181,0.01047703947925696,16,0.07865627881289011,0.027332175039793037,16
gene_2532,0.5908541833277299,0.013152483007039846,16,0.09568938185284435,0.020822112141889698,16
gene_2533,0.5826279668243594,0.019147474277585355,16,0.10137441552399185,0.056898220639836884,16
gene_2534,0.6149619932922836,0.010083108783206824,16,0.07162034245953894,0.023388361496261105,16
gene_2535,0.6414136938438249,0.008580916008786122,16,0.05750960298485566,0.025480805010998163,16
gene_2536,0.6192161148934208,0.0067253533354419415,16,0.05481178788641824,0.027193550860269384,16
gene_2537,0.6446794446028655,0.01045801819530356,16,0.06259798845980248,0.02122192840375674,16
gene_2538,0.6241855762222247,0.008152861575162762,16,0.04014968736982324,0.017593188279454705,16
gene_2539,0.6423806346709237,0.006542833172001388,16,0.044636248437161165,0.018372224583018886,16
gene_2540,0.6166944188421902,0.01379279290279488,16,0.08489401968774239,0.04442366119466381,16
gene_2541,0.6366526896909588,0.0049848906231929,16,0.04281315266952315,0.006338773730812701,16
gene_2542,0.5795881615235348,0.01321241966422493,16,0.12213516863168138,0.06454036071825241,16
gene_2543,0.6149107737896509,0.014558991435678431,16,0.08579097586331978,0.03319416782339554,16
gene_2544,0.6148753367404469,0.029026610603502465,16,0.25780143997913846,0.0712541919872872,16
gene_2545,0.6387255874493407,0.006794520130491493,16,0.04699827888582309,0.014376203391310132,16
gene_2546,0.6674198697894566,0.0030300355752833305,16,0.018776264537763543,0.009352024422087176,16
gene_2547,0.6117942502443304,0.013881120287732253,16,0.06749884639151285,0.03501579377352339,16
gene_2548,0.6442801855585216,0.005954454939154108,16,0.028152306540304543,0.0098989139626376,16
gene_2549,0.6328971239320413,0.009991145860230968,16,0.03265906658116158,0.02224046632091703,16
gene_2550,0.6221146516778777,0.011298310700777926,16,0.09772897732952904,0.03141339831772406,16
gene_2551,0.6173260096797542,0.007808187024100675,16,0.0841256342753207,0.03671190692078179,16
gene_2552,0.6189725294249431,0.010925741757867063,16,0.04856048333019789,0.023875366836218402,16
gene_2553,0.6346513274774735,0.014666069563422573,16,0.08945944904269662,0.018048036748662198,16
gene_2554,0.6265634134899968,0.005904482919771234,16,0.0514366814734522,0.026936011855095972,16
gene_2555,0.6036781860900415,0.017017540902650664,16,0.07299034253021798,0.03308768214175748,16
gene_2556,0.6106218474228626,0.014630666595611854,16,0.10089948290123676,0.031598545214734104,16
gene_2557,0.6032710740248582,0.015614671610348624,16,0.11623382539130174,0.047472425003791785,16
gene_2558,0.5947722830508243,0.01626545876710268,16,0.11143940120169069,0.05766709384114767,16
gene_2559,0.6116694789221927,0.004032702696848117,16,0.04761588460655559,0.01582320707877679,16
gene_2560,0.613167200224609,0.012368167627173425,16,0.036258726573689684,0.009954822145802279,16
gene_2561,0.6094303921912466,0.023335251641294814,16,0.14108266554367188,0.06848621341685598,16
gene_2562,0.5985343305305555,0.013289671820621839,16,0.09138623987458278,0.03911546302891995,16
gene_2563,0.5670694419482235,0.03323970424183604,16,0.15435134412496207,0.05923604524387437,16
gene_2564,0.6171057236584775,0.006539909901699891,16,0.050684879401133004,0.033412565160040875,16
gene_2565,0.6363949452104304,0.009051539573056804,16,0.02911347016876493,0.019079268890760084,16
gene_2566,0.6087939876220779,0.018543123545148137,16,0.10038717826264662,0.055856283555973905,16
gene_2567,0.6116455462927315,0.007516885291347869,16,0.03640535230978905,0.009753825750507022,16
gene_2568,0.6128119426913917,0.0095711164261629,16,0.03845243033709445,0.011151667830642507,16
gene_2569,0.6110776901788625,0.010869229246103564,16,0.045721054226461055,0.0222301552502063,16
gene_2570,0.6213667693290821,0.011656535765262165,16,0.06568127574181205,0.03535315113674868,16
gene_2571,0.6548748272007768,0.009276931472164197,16,0.03038753487499774,0.020721164678641102,16
gene_2572,0.6353460988341095,0.010834930232981991,16,0.04734321191211886,0.016021938390637935,16
gene_2573,0.6289677590502575,0.00850917645691379,16,0.06172174679857447,0.03076361470148514,16
gene_2574,0.6489233871434145,0.006054632692016833,16,0.01737180014625256,0.0077266089079368536,16
gene_2575,0.5860460154962527,0.010492537905914888,16,0.11191646707117668,0.056421905242083716,16
gene_2576,0.6257837267821734,0.011396359778143265,16,0.06489950376217364,0.017455169711579833,16
gene_2577,0.5841298939425804,0.03291095625601188,16,0.16489746673655623,0.0914587364656566,16
gene_2578,0.6514541888133022,0.005784698732032254,16,0.037840598517057296,0.014874772475169374,16
gene_2579,0.6309570612546159,0.008099425028213302,16,0.04050135751214431,0.018577917152131643,16
gene_2580,0.61108136897801,0.011499348852341126,16,0.06049276072402629,0.028084509756195402,16
gene_2581,0.6003549086990987,0.009862601027045163,16,0.05229323629343757,0.032390791930406816,16
gene_2582,0.5986726144282949,0.011236336826701568,16,0.0794952076288756,0.029990364150044826,16
gene_2583,0.609847710717644,0.009746920452811341,16,0.0797934898950833,0.02534799849040299,16
gene_2584,0.5903884469510317,0.02790684766280541,16,0.19345884938673663,0.06742320228104057,16
gene_2585,0.6104558537958015,0.0118894491882389,16,0.07630207849190898,0.0402911172217832,16
gene_2586,0.5999983477980789,0.012191567516693178,16,0.07560734042650581,0.046501696169663605,16
gene_2587,0.6126740803428653,0.02591566721917873,16,0.13625794784109801,0.07328125829331436,16
gene_2588,0.6158935162862536,0.021857686965395726,16,0.12555628485723952,0.06326074588603943,16
gene_2589,0.6056318905537571,0.022191945509186625,16,0.09425778527008222,0.07389089546944667,16
gene_2590,0.6272068586328334,0.006164863644086374,16,0.055269000724162666,0.016180349644780396,16
gene_2591,0.6331977830608628,0.011048867885594007,16,0.04359433137827819,0.01881154880761543,16
gene_2592,0.6126751840328221,0.013329181838113113,16,0.07949007476975453,0.034214844755319884,16
gene_2593,0.5718812389577754,0.017619368086197785,16,0.09459968917648397,0.040029040293901294,16
gene_2594,0.6082157578024973,0.015973342265091797,16,0.06026665410109972,0.01926949449091498,16
gene_2595,0.6000115563558036,0.0066385885581720875,16,0.0610750365485779,0.022333140200976334,16
gene_2596,0.6139356111401069,0.012842204803974706,16,0.0748673513228717,0.04404615182339454,16
gene_2597,0.5747208927429551,0.018253010422399064,16,0.13129662932026598,0.0824580377266537,16
gene_2598,0.6180550781724873,0.0169966842882145,16,0.12603006079506418,0.03544443132827369,16
gene_2599,0.5858885890129848,0.014824830977736625,16,0.10169542948322746,0.047754862004972816,16
gene_2600,0.6239065611253591,0.010362557530058391,16,0.057602904035611496,0.01453891296168625,16
gene_2601,0.6081358667047335,0.020065790913383747,16,0.13234531902735305,0.049783369159282116,16
gene_2602,0.5883723783297607,0.009920629451147297,16,0.11103832909873496,0.05343902434458771,16
gene_2603,0.6062180102148452,0.013807126944606365,16,0.05152992378463669,0.02392534504567322,16
gene_2604,0.6312761960137112,0.011721139252003705,16,0.07719882947453605,0.03720676945977631,16
gene_2605,0.5927849209901231,0.02237237382863152,16,0.09221571673426757,0.04865544868296635,16
gene_2606,0.6042678112648514,0.020539865222465523,16,0.16277920495008846,0.07279678726660072,16
gene_2607,0.5939853348324505,0.013080958135842929,16,0.09895869878963313,0.03096313309515029,16
gene_2608,0.618400935118036,0.009589228519533796,16,0.07058657478626204,0.04927506251981016,16
gene_2609,0.6165460418683997,0.010485285663915886,16,0.050814693649293766,0.01749295651535579,16
gene_2610,0.6432514538856512,0.011269929163899307,16,0.03167917056153971,0.01342103514119231,16
gene_2611,0.6030872000595373,0.02116990146522799,16,0.1585077834436627,0.05852812663131764,16
gene_2612,0.5984015513528618,0.013172020538263773,16,0.10444436185337141,0.02730388417023965,16
gene_2613,0.6292235024416684,0.009474441522821736,16,0.02605852021785073,0.012066925398110162,16
gene_2614,0.6057011179795287,0.021910028854372498,16,0.13655824458558788,0.03773623129898548,16
gene_2615,0.6136306730612309,0.005145013534093689,16,0.04352397230890146,0.017961997251344584,16
gene_2616,0.6230432936276239,0.009439444144051946,16,0.0453511269926727,0.01908802000115017,16
gene_2617,0.6047627766762972,0.009522309856091057,16,0.06523428311252641,0.03688603241172424,16
gene_2618,0.6317153920545002,0.011940121991555247,16,0.062237379114570765,0.02132477628106442,16
gene_2619,0.6447128669685983,0.002970962321270526,16,0.029794409581231255,0.013170924854632221,16
gene_2620,0.6303712548190528,0.009325614791119801,16,0.05641226902021677,0.023051734626394416,16
gene_2621,0.6401398101781824,0.013179612194583343,16,0.07933570483000987,0.025421373747308098,16
gene_2622,0.6497522127321497,0.007079977017793928,16,0.04144798752832142,0.01268951526866668,16
gene_2623,0.6367216735633969,0.010606436113394895,16,0.03518734134616832,0.02220377566640671,16
gene_2624,0.6429198673459562,0.0073651750690609166,16,0.034464273241911515,0.016989195278550973,16
gene_2625,0.6060772195348754,0.010552427059438315,16,0.07047917921788008,0.03304705088383686,16
gene_2626,0.5969644912482652,0.0160319442526721,16,0.07395741934239468,0.03368959829785609,16
gene_2627,0.6235977387139184,0.013923017608943461,16,0.12719675198211047,0.039395403870068325,16
gene_2628,0.6082392980058501,0.012773078439251916,16,0.08419913534286885,0.03938553759225563,16
gene_2629,0.6101334789753299,0.017957058511049614,16,0.15021315925765785,0.044628779804109446,16
gene_2630,0.6065612388447901,0.017549308388662737,16,0.14656487984792993,0.04953965276273523,16
gene_2631,0.6346392106268364,0.026077492509365082,16,0.10414120102217694,0.0812662978230684,16
gene_2632,0.6095510856715607,0.01588668151865094,16,0.18765607681608182,0.10112081319607269,16
gene_2633,0.6165087974927588,0.013381839690066174,16,0.09725356532369178,0.05287904185410602,16
gene_2634,0.6024184235503677,0.009216007080304189,16,0.0948949580264447,0.030577363539095164,16
gene_2635,0.6300686601576914,0.008992998177697664,16,0.04167650562129904,0.014306933766559629,16
gene_2636,0.6425315669822271,0.008713472714735673,16,0.04158898779428245,0.01812859918518654,16
gene_2637,0.6263535941974028,0.011966151265896088,16,0.04014067942138611,0.025900633989587092,16
gene_2638,0.6326769927022798,0.003238079875933449,16,0.05797989076622409,0.041093830141066476,16
gene_2639,0.6434274704564592,0.006532749616113335,16,0.035255849882619913,0.006936279196218563,16
gene_2640,0.6306520897984205,0.004030024405571136,16,0.04110318908198098,0.014448914032300853,16
gene_2641,0.6234091054878699,0.010074671904360651,16,0.07219901548767765,0.018532129624223192,16
gene_2642,0.6003544921217862,0.01634374347757187,16,0.16110957864854014,0.047627418326069156,16
gene_2643,0.5895477313868586,0.018206132556253453,16,0.13649588886073152,0.05530908891552896,16
gene_2644,0.6124232856355406,0.015736443148786923,16,0.07521933809527279,0.036251670524250025,16
gene_2645,0.6412312290910434,0.00755504875580739,16,0.06461141457660588,0.02296792249660213,16
gene_2646,0.6197269363380351,0.010002463651975966,16,0.05334203574560366,0.021733865874208665,16
gene_2647,0.6184179619164174,0.007619507994454479,16,0.04106775928081557,0.01521173827679527,16
gene_2648,0.6027169516648285,0.0228370750630068,16,0.09538649365887181,0.05830383838956386,16
gene_2649,0.6046831138022185,0.022575001949968126,16,0.12379200103136373,0.07022622731075251,16
gene_2650,0.6442626854579013,0.0034704754858243514,16,0.02904619436771546,0.011662591789928204,16
gene_2651,0.6166907727518287,0.014165701398597732,16,0.09628364108648989,0.06014765904557739,16
gene_2652,0.6225859167905521,0.008859818175882803,16,0.09801906432041127,0.03788175019124272,16
gene_2653,0.6127916567070536,0.013869032713613994,16,0.09258953520599322,0.052722099787806585,16
gene_2654,0.6481200290542394,0.008867633688107739,16,0.03391192644059004,0.01494294558522017,16
gene_2655,0.5972475600967312,0.016568318919585642,16,0.11124570331394153,0.06893683057352418,16
gene_2656,0.6427301957746363,0.00697467545919976,16,0.06763448577114761,0.037032342091352734,16
gene_2657,0.5753987061516042,0.008113828894964993,16,0.0945498178306888,0.02951501030910707,16
gene_2658,0.5933696885255396,0.012068155970016816,16,0.11268540104060146,0.05740250613793622,16
gene_2659,0.6164791666252208,0.013312414271343144,16,0.0586966917228489,0.023558550524538237,16
gene_2660,0.6005772951241174,0.01356019493113788,16,0.06280413069580285,0.021387170178748152,16
gene_2661,0.6367611001691523,0.008857749574665844,16,0.04564052662483295,0.014945302470308059,16
gene_2662,0.628560234099292,0.007954702095127981,16,0.04634305219072831,0.023859626645012292,16
gene_2663,0.6368588887482952,0.004449812777428496,16,0.03257659240985577,0.009985856076221784,16
gene_2664,0.6194643416598675,0.011399925277213535,16,0.06052588528777487,0.015898843766370067,16
gene_2665,0.6114371027438296,0.00812517218399563,16,0.07057627625075333,0.026430096291627993,16
gene_2666,0.6095310388005112,0.013110105322116735,16,0.06280659174273648,0.03291551569354104,16
gene_2667,0.6572863223505545,0.003071429035123819,16,0.014674103099782926,0.007361521460834022,16
gene_2668,0.5982640881811493,0.006030679804723849,16,0.05056646237806177,0.02503780860136189,16
gene_2669,0.641748120426523,0.0032966917806343033,16,0.05879046233673466,0.01566785519847846,16
gene_2670,0.5983498297636125,0.012462727459791984,16,0.17967335647799157,0.08368701773702297,16
gene_2671,0.5899301330218599,0.03411102917181538,16,0.12416674496062675,0.08848549413920362,16
gene_2672,0.6123810518633672,0.006894613415209074,16,0.04556976139421999,0.019697744552946934,16
gene_2673,0.5877191864047716,0.014690380182429501,16,0.08993453302463783,0.058943342552552326,16
gene_2674,0.5650996688635546,0.014867409011234607,16,0.11621424758119792,0.04918947604759289,16
gene_2675,0.6521169709086222,0.006895427248819668,16,0.04442166757716126,0.023846986104520847,16
gene_2676,0.6372442865538717,0.0074645278533278575,16,0.0251138763821673,0.01641059111222217,16
gene_2677,0.6377286791164719,0.004203992120855365,16,0.01948209562823014,0.006356702423004404,16
gene_2678,0.6161260534346941,0.01791110383175118,16,0.06807735031706848,0.03442243571959524,16
gene_2679,0.6369675476308776,0.011360580936546646,16,0.04000933777215064,0.016932023572398303,16
gene_2680,0.608369721901406,0.018618769841738967,16,0.13102448721309348,0.06186610879110713,16
gene_2681,0.6350939350653415,0.010011257097578856,16,0.04977982214699566,0.012004023478718363,16
gene_2682,0.6195416719514667,0.009911284381159988,16,0.035977669521650685,0.018141793852554832,16
gene_2683,0.6455300940798465,0.005451168989930109,16,0.028890018339820626,0.011595539325468402,16
gene_2684,0.6396782944672162,0.006885956699581038,16,0.04164871027256899,0.029813417756381636,16
gene_2685,0.6109682559504924,0.018353095400417248,16,0.11953142094190296,0.061252557706808645,16
gene_2686,0.6010828070239966,0.01885946698417064,16,0.11983929611574806,0.032292755027236525,16
gene_2687,0.6555702358710298,0.00451373075004289,16,0.03617574907376802,0.019237481225269363,16
gene_2688,0.6028127386002691,0.00859886874085245,16,0.09033114550829136,0.03566891238781664,16
gene_2689,0.5924825987554729,0.011785618602029327,16,0.07504917973547191,0.03812869506249793,16
gene_2690,0.6265021144955927,0.010678846433611165,16,0.05748944986504626,0.0310511419361766,16
gene_2691,0.5868073132427728,0.022405851569335933,16,0.11038282991747983,0.06127564261631996,16
gene_2692,0.5853277051824749,0.009310213484347615,16,0.12168766789052957,0.0412662104815201,16
gene_2693,0.6275264352262105,0.006955495823269803,16,0.043314082181432505,0.014601035568620241,16
gene_2694,0.6330719029777259,0.011827229101714375,16,0.0430900023133799,0.02426762392330476,16
gene_2695,0.6315483606591954,0.00875925460156281,16,0.060166938338880954,0.026858572046716822,16
gene_2696,0.662419482414595,0.0017519961030136636,16,0.014594776813645313,0.010529980730138623,16
gene_2697,0.6320426031654462,0.010620077354853341,16,0.07534782526394036,0.021085641562429074,16
gene_2698,0.6387387283585668,0.008607165219970507,16,0.057466791509871405,0.02539757581977199,16
gene_2699,0.6014721431160684,0.01503699927853082,16,0.10498857731592247,0.0779073921173583,16
gene_2700,0.6148936992204522,0.007856551865844377,16,0.0659496657715879,0.026182767114121288,16
gene_2701,0.5992558653355479,0.009348806220181995,16,0.07817944900097473,0.0183742525894145,16
gene_2702,0.6205121210059581,0.006250977563602922,16,0.06861217897022565,0.030295932794599294,16
gene_2703,0.6261606238950395,0.005280229709161405,16,0.05098174301331268,0.019224827266847547,16
gene_2704,0.6240119171611084,0.011971473994630463,16,0.09802296755542428,0.044071668230331484,16
gene_2705,0.627223094871261,0.010420634516197614,16,0.08743433883291352,0.0316119794702838,16
gene_2706,0.6225134717103322,0.010254517322999023,16,0.04486053918114804,0.02928027415194742,16
gene_2707,0.6178947430831796,0.014407490944540368,16,0.05619851294101593,0.019386448028144893,16
gene_2708,0.6308248271306914,0.008593229266317613,16,0.04754710954195766,0.012318561432125508,16
gene_2709,0.613269332860569,0.011058350633477881,16,0.0746192327894976,0.037672698693318546,16
gene_2710,0.598998273511869,0.011286292153836745,16,0.06838134375597978,0.02355218215707248,16
gene_2711,0.6060985374701272,0.02194203425130665,16,0.11147291650245264,0.03820370092022967,16
gene_2712,0.591543728768108,0.012303125150621676,16,0.11968306964225175,0.04478435328395936,16
gene_2713,0.6394116139708809,0.003276291825799263,16,0.0990111212508604,0.04690226450072906,16
gene_2714,0.6312281929646296,0.011096428426946659,16,0.08132121163203888,0.031224753889407098,16
gene_2715,0.5981174356310379,0.013419183810300973,16,0.07769820649791488,0.030300350721936705,16
gene_2716,0.6281065560904386,0.00964514303472543,16,0.07831575083952005,0.03160318494732105,16
gene_2717,0.5912853855636798,0.01574510905970152,16,0.1337446957658229,0.03819819156553611,16
gene_2718,0.6249078937435613,0.020180084147227748,16,0.08501958385158284,0.05606345880587317,16
gene_2719,0.6123966472664408,0.015848206733137183,16,0.07737558299101921,0.027181514405242455,16
gene_2720,0.5767556888128648,0.01690589747773655,16,0.07105306693221206,0.030371531913806742,16
gene_2721,0.6243552147672872,0.008023245111757848,16,0.0318298611601873,0.008736905861267748,16
gene_2722,0.5920765923924343,0.013461831769431306,16,0.0957181544920876,0.050538118672517285,16
gene_2723,0.6341862408620859,0.01751417154684113,16,0.07502522490188893,0.041598367951372,16
gene_2724,0.6110870119711982,0.00915782137424431,16,0.052235202396116724,0.03265897833309784,16
gene_2725,0.6297226116060799,0.007734688251750278,16,0.04095535998333298,0.01687639273250818,16
gene_2726,0.6305309164629328,0.008406252935734616,16,0.03842445302641962,0.021142386673407423,16
gene_2727,0.6482831522296483,0.004146322012178801,16,0.029403467119179592,0.015281852969413022,16
gene_2728,0.6037831758921852,0.011499521844518084,16,0.052403206674280105,0.033514680843486404,16
gene_2729,0.6362441131352703,0.008278400704908753,16,0.06753861199937158,0.02109814964189671,16
gene_2730,0.6045845918526214,0.01631553730551065,16,0.0731166569430931,0.03596407172492368,16
gene_2731,0.6159891566824937,0.014702739141237169,16,0.07157032112583925,0.016417943675509514,16
gene_2732,0.6176781693047931,0.015507012370533549,16,0.0864237316929141,0.029527158516706082,16
gene_2733,0.5958783095756418,0.01804534706391017,16,0.13243971456389117,0.05185463668274776,16
gene_2734,0.614168239243828,0.012403396155437755,16,0.03414866595248389,0.012538576166429465,16
gene_2735,0.6406727142030679,0.0064938584450409675,16,0.037733802190025124,0.009972974781448636,16
gene_2736,0.6166189634018119,0.011778727819235123,16,0.08939213262613165,0.03791583820675602,16
gene_2737,0.6398786309801806,0.006730700071693429,16,0.04145405139306864,0.021862379635320048,16
gene_2738,0.5788919841526231,0.038187909337843405,16,0.11964551377172977,0.08159677968858048,16
gene_2739,0.6453827591753392,0.00634860527166798,16,0.018828404016968076,0.0075210278977991905,16
gene_2740,0.5905699184701777,0.025473801037604722,16,0.10458124429657849,0.045137702813716575,16
gene_2741,0.6244324853010988,0.007923995615454786,16,0.028834210234868197,0.013256451522798281,16
gene_2742,0.6485357280444163,0.004614965871503282,16,0.038622373893793194,0.010633164139632384,16
gene_2743,0.5823812228510465,0.02092955310419657,16,0.1346912441007014,0.042479618670688384,16
gene_2744,0.6162501733037353,0.006256067571567623,16,0.06225845080115505,0.010756140232235466,16
gene_2745,0.6431344903107111,0.008149624545941613,16,0.03135425635835444,0.03209846066121142,16
gene_2746,0.62293631198817,0.005814620171467007,16,0.07393770494771754,0.027812010017157444,16
gene_2747,0.6217065374936132,0.010494686077953324,16,0.05811954708165071,0.020353616229731412,16
gene_2748,0.6155753897218585,0.007916127387746654,16,0.06423430205613798,0.05275226543723806,16
gene_2749,0.6168085271323189,0.010531703199906808,16,0.053551488585280256,0.0195084072464398,16
gene_2750,0.6307856639251529,0.008044001191500382,16,0.05099793344238438,0.030999087359190228,16
gene_2751,0.629630190330348,0.0067709201206208125,16,0.05307237160620726,0.023415181900802166,16
gene_2752,0.60986777850319,0.007125493731464728,16,0.0786514170630185,0.02957886815731478,16
gene_2753,0.6004954204316026,0.012574533865372474,16,0.07000181511997236,0.021422119561093404,16
gene_2754,0.6318669897884358,0.010624633059080808,16,0.03972967399896429,0.017023232471638342,16
gene_2755,0.6441668830583842,0.006402190303750984,16,0.023738109696296594,0.009462536652175134,16
gene_2756,0.6330761069223465,0.02110900782074996,16,0.12530158668077906,0.058749238179692395,16
gene_2757,0.6205942748686823,0.02195225878422081,16,0.10960364087844265,0.08296008970854014,16
gene_2758,0.6284965080762904,0.005845253194391984,16,0.052888126841691224,0.015406160696448512,16
gene_2759,0.6397819622975804,0.0062473461759547265,16,0.03273469248043456,0.012336956530672951,16
gene_2760,0.6265028794909124,0.008374366246652474,16,0.07151647806399473,0.035578682318818514,16
gene_2761,0.6184807532890066,0.017191241012300497,16,0.07612010869132095,0.03045331329914407,16
gene_2762,0.6355077865626004,0.01288058284936904,16,0.06650906259040035,0.03005894887378377,16
gene_2763,0.6353456523181893,0.00944565541033211,16,0.060622636453451284,0.020252093782739008,16
gene_2764,0.6351158627217643,0.008636767430163414,16,0.03373017931241991,0.016883097913632298,16
gene_2765,0.6222470834674065,0.019163600019918483,16,0.09941952226614502,0.04214684978526874,16
gene_2766,0.619789696927928,0.012437115831793332,16,0.08152997461041027,0.026417683544701046,16
gene_2767,0.6157301241748052,0.019653522376410357,16,0.10159746136219103,0.05811467432287626,16
gene_2768,0.5853354398197776,0.012050378073253553,16,0.07260665932740393,0.03208183008599617,16
gene_2769,0.626268408446675,0.01215732868915202,16,0.05000422597478558,0.01671216836562785,16
gene_2770,0.6109090742664877,0.01299272958468211,16,0.08848729113608193,0.028945042481939222,16
gene_2771,0.6498490266475179,0.006721726794370713,16,0.03329271645074013,0.01957591185492912,16
gene_2772,0.5918535508184447,0.013648405141093195,16,0.08960640319848252,0.02209368893587049,16
gene_2773,0.6157179971313517,0.005547453108927897,16,0.06373332777844534,0.027710637105444868,16
gene_2774,0.5980131547807895,0.010791642316528093,16,0.08671246603139479,0.031850867733261665,16
gene_2775,0.6072926976572554,0.012577405104801521,16,0.08906921821731728,0.06247269205658262,16
gene_2776,0.5983425446797669,0.021258739145826794,16,0.13489249372819845,0.024942510988686883,16
gene_2777,0.6186152717064602,0.023098119278361265,16,0.1749476886845769,0.04100096431823173,16
gene_2778,0.6277534818372513,0.007630317183639296,16,0.09190256551745822,0.038123719075966365,16
gene_2779,0.625388201004553,0.008065409997656462,16,0.039001153601703406,0.014922622052911949,16
gene_2780,0.6532913965922946,0.006042291797129274,16,0.03925027685618658,0.012135354296920886,16
gene_2781,0.6494450291470066,0.004500598097694311,16,0.028786479109914703,0.00814126658675687,16
gene_2782,0.5691734817569617,0.021292572372410064,16,0.106733666846218,0.029013817222476094,16
gene_2783,0.5971501143948363,0.014305485452584997,16,0.07280452508049846,0.032528691045797455,16
gene_2784,0.658803096654436,0.00576859420038411,16,0.05116778033831181,0.02107107399719374,16
gene_2785,0.6023163630804433,0.014897001253368238,16,0.07002736016297076,0.015920064782114805,16
gene_2786,0.6027670666640833,0.005531173131270005,16,0.04430962519012702,0.020884776906420287,16
gene_2787,0.606211429256594,0.01658083700667744,16,0.12413244194372364,0.04366079284992008,16
gene_2788,0.6254964512630119,0.012557232380983498,16,0.05054292267423591,0.03068010504583257,16
gene_2789,0.6347067721093346,0.004115198560536922,16,0.02912697414115706,0.016464639988818013,16
gene_2790,0.6207823390054905,0.011074471050801973,16,0.0856921975480401,0.054022361336742215,16
gene_2791,0.5956586218077555,0.009005723702325807,16,0.07806355497183111,0.020059643685467345,16
gene_2792,0.6312191471242083,0.004744889813668783,16,0.04458401456071345,0.015792054458925755,16
gene_2793,0.6258001410423286,0.010121895411121358,16,0.0558353927035192,0.03074569218921066,16
gene_2794,0.6093356294934061,0.0227890390703356,16,0.18523536270465107,0.07173659353909917,16
gene_2795,0.6017231202476542,0.012423661063097306,16,0.13072927704746481,0.06745241035108664,16
gene_2796,0.6433397349427216,0.005116899407132099,16,0.028894081947303345,0.011416672162009535,16
gene_2797,0.646881371172868,0.004005436879039754,16,0.03435747773891375,0.015117780401073281,16
gene_2798,0.6207539718851665,0.013735309331431623,16,0.11518602306908717,0.029531656925798174,16
gene_2799,0.6286802536279312,0.010282095447479716,16,0.04081665795935097,0.019964414554391154,16
gene_2800,0.6344904481165519,0.005498674673143758,16,0.03607237011503016,0.014420908170759663,16
gene_2801,0.6015027448752913,0.005989528827806702,16,0.0683734063896092,0.027918771912875767,16
gene_2802,0.6160201982278408,0.014301242583068939,16,0.09415373857881346,0.04528038497431325,16
gene_2803,0.6224877373045553,0.008231597727710642,16,0.04753523677414795,0.018938776851672993,16
gene_2804,0.6336818581681677,0.007779462465699172,16,0.045310850740300675,0.018876368404940905,16
gene_2805,0.5833009231373849,0.017732073789731406,16,0.09905162625129363,0.05004276931283734,16
gene_2806,0.6163722124523107,0.008045381812565196,16,0.0604140421733049,0.028717266081170582,16
gene_2807,0.6286003766321563,0.007890393595244299,16,0.023396871121944655,0.009236522731176193,16
gene_2808,0.6495678558758181,0.004104967667090755,16,0.033282762408257685,0.00764111357909101,16
gene_2809,0.6038244507101254,0.00942901679643574,16,0.0763702824518018,0.03674918105962889,16
gene_2810,0.5913609054267345,0.01905335566173151,16,0.09344494816609966,0.04191834641817259,16
gene_2811,0.6053376525244588,0.008542937803778796,16,0.06848227103579689,0.03585883426866531,16
gene_2812,0.5994146653755212,0.01191971059465786,16,0.08655220050221449,0.03704221313488963,16
gene_2813,0.617136031501472,0.008671938340227045,16,0.06333090053243813,0.02237572213496158,16
gene_2814,0.5903239397351734,0.02548169901452208,16,0.1214630902017953,0.07957450779677178,16
gene_2815,0.6334016181542351,0.004448692857228825,16,0.04722132934670158,0.02668992760978466,16
gene_2816,0.5850776048079062,0.015844595789619463,16,0.11109284578531187,0.03276097319550271,16
gene_2817,0.5779785360609301,0.03667375501189068,16,0.13527216134679643,0.04989277162999422,16
gene_2818,0.5919090891599226,0.02043003091667454,16,0.05027982340502405,0.027073238246894237,16
gene_2819,0.6241342632818857,0.021082252187159818,16,0.04840352674716774,0.01982856654012279,16
gene_2820,0.599046567633845,0.020956004372559615,16,0.11384578683242326,0.0501707778302765,16
gene_2821,0.6161381257464171,0.010799110550328206,16,0.044165686052584203,0.016689306204135036,16
gene_2822,0.6088348996544585,0.006133216857187107,16,0.06278735876807347,0.032339834932432886,16
gene_2823,0.6046646267427641,0.03464565130338839,16,0.17707391136690395,0.07135724774690205,16
gene_2824,0.6398006581319309,0.00678709024814943,16,0.027616040630971027,0.018684023989519325,16
gene_2825,0.6169401886711126,0.010336381888142664,16,0.07815808996844804,0.02672324291566018,16
gene_2826,0.6186405486895371,0.009210042374988873,16,0.06607089458285301,0.023018262680653167,16
gene_2827,0.5527810804513469,0.016724641314642904,16,0.07148681998884145,0.014059642427740207,16
gene_2828,0.6051838866063192,0.009927428593845076,16,0.04759635728789626,0.01935476362629121,16
gene_2829,0.6296789911445738,0.013767984687206428,16,0.08484514252976283,0.03754705001299516,16
gene_2830,0.6027643459217396,0.013215120427575186,16,0.041623033690357754,0.009103944136854423,16
gene_2831,0.6000158026064819,0.026107277681240163,16,0.14044492154412408,0.05569400033370578,16
gene_2832,0.6234241858721069,0.012888762029324796,16,0.07975796645239798,0.04987170223664473,16
gene_2833,0.6166261378897019,0.006508409570155942,16,0.070330120433902,0.04287698513758575,16
gene_2834,0.6353201338376995,0.009559045304990636,16,0.04658488724595315,0.024956392774661485,16
gene_2835,0.6329467169342493,0.006817042131924216,16,0.026024730531353724,0.011155301108069747,16
gene_2836,0.6379967375288698,0.005484877524694519,16,0.0315469051715742,0.008607482039169511,16
gene_2837,0.6214571485876448,0.013680971993608917,16,0.06688591736490503,0.03055311490351852,16
gene_2838,0.6517880370442286,0.00653270546095646,16,0.023626195679388055,0.009228003534534105,16
gene_2839,0.5687879645543144,0.018122941676955027,16,0.10657649411891697,0.027926212699876784,16
gene_2840,0.6305691027583965,0.005983766789877795,16,0.05606749945800007,0.022472455112047998,16
gene_2841,0.604247376521647,0.010419429054985881,16,0.09055142196815179,0.022496711685100854,16
gene_2842,0.5901147554354936,0.02380951584866093,16,0.1430347638926092,0.03798252180887016,16
gene_2843,0.6020021853097122,0.0206543278493618,16,0.16487384048294038,0.03691710857950912,16
gene_2844,0.6184076586798057,0.00903304463858669,16,0.049499312499406325,0.025412720151623318,16
gene_2845,0.619287117196112,0.009646936285369927,16,0.045320532486277196,0.013572640198594891,16
gene_2846,0.6106750230644667,0.009350933874856061,16,0.0839904046224562,0.019670343220644735,16
gene_2847,0.6218886001855508,0.015521515157773105,16,0.09971834188722827,0.0441992079797986,16
gene_2848,0.6150975848317001,0.012468811570240261,16,0.09135527517690512,0.03873307868676612,16
gene_2849,0.6249491218344844,0.008991558736611607,16,0.04607342485719359,0.02075352551270975,16
gene_2850,0.6121829728903466,0.0045270550305503,16,0.03171706628199263,0.008068718795247726,16
gene_2851,0.5777394359897525,0.022971623720257385,16,0.07421703811759342,0.028346321585555237,16
gene_2852,0.6199791218911307,0.009222248107565702,16,0.07245356259443604,0.02635624388983621,16
gene_2853,0.6399857416874044,0.005647590992932361,16,0.035671786052899064,0.013892569705147647,16
gene_2854,0.6017793811332571,0.007507880863787632,16,0.10311951904582844,0.04790289419697486,16
gene_2855,0.5964150316903686,0.025570167722607656,16,0.18921555139245694,0.08173899978731333,16
gene_2856,0.6083566178516813,0.015221260324192874,16,0.114076548998306,0.07450844430832745,16
gene_2857,0.6313726983674193,0.008279942201764515,16,0.0571803072167545,0.02494313660427193,16
gene_2858,0.6212104533609509,0.015504210276208772,16,0.11401153652687769,0.028166009154006334,16
gene_2859,0.6216534980428842,0.01340766075146899,16,0.039859700539408204,0.014492407897885078,16
gene_2860,0.5903417112106192,0.008823699437927117,16,0.14539188739685804,0.03549930800095481,16
gene_2861,0.5994457138871905,0.015253853431305739,16,0.10431140623225474,0.05017017374711079,16
gene_2862,0.6257994206330338,0.011305036193237371,16,0.06036235951006064,0.028040369563221403,16
gene_2863,0.6128707655906568,0.004951770634646881,16,0.03105685944961984,0.010047513716830733,16
gene_2864,0.6214008399535923,0.016393555399707195,16,0.08320728289092302,0.04319586093510659,16
gene_2865,0.6032796804320721,0.011648885244034367,16,0.10135875732626175,0.04477473810174192,16
gene_2866,0.6343745404677411,0.007326543808413122,16,0.05778287877661235,0.02535818682235728,16
gene_2867,0.6167637735249123,0.01183753942417175,16,0.0664824676382745,0.024063545690527943,16
gene_2868,0.6514339081742087,0.004816336093051009,16,0.02354335066671601,0.012090213591786306,16
gene_2869,0.6141674426558785,0.008904487552367639,16,0.048580763619889014,0.017025093352580217,16
gene_2870,0.6209882738263884,0.010990504500137345,16,0.0731178488694267,0.026035334846501522,16
gene_2871,0.6206286895180017,0.014611318466391984,16,0.11705101916343016,0.03966393517033698,16
gene_2872,0.6384196921683181,0.006711312799753697,16,0.01996686917115788,0.009937292556202893,16
gene_2873,0.5862740434852963,0.01841301590500864,16,0.09003619705934812,0.058157961045388507,16
gene_2874,0.62833145879724,0.0060160958968307875,16,0.039144828178736116,0.014256740376573394,16
gene_2875,0.608880112084596,0.012649329495017986,16,0.06158966038018163,0.02545492329019081,16
gene_2876,0.5900959607435872,0.037583763493413136,16,0.15233635028867706,0.051532079781760366,16
gene_2877,0.6274994534611653,0.013452277289459684,16,0.10199367231800162,0.03458670322436791,16
gene_2878,0.6007280153903394,0.013998884944861453,16,0.10359137149420145,0.07799078486040517,16
gene_2879,0.644112932431702,0.007275474600122942,16,0.03636357719215262,0.02538509559652934,16
gene_2880,0.6092420574131396,0.012365781444105176,16,0.0969469325018101,0.03872745851940608,16
gene_2881,0.5972109019944997,0.01584159205808711,16,0.11247492358194723,0.044380883008863045,16
gene_2882,0.5827532220753273,0.018810868683856074,16,0.12291505536715942,0.05119412149274484,16
gene_2883,0.6511111466633854,0.005254575086060596,16,0.03046494562006784,0.021755568231550556,16
gene_2884,0.6083259200705363,0.012216167375111433,16,0.03844942081659337,0.011530730195418743,16
gene_2885,0.6059323720104348,0.01584548524289863,16,0.06485513398811989,0.027803543715686524,16
gene_2886,0.6288534349604912,0.011805995024284801,16,0.04072644684162449,0.031237465457472517,16
gene_2887,0.6173426842775169,0.005960110943254938,16,0.05426964870150292,0.015500715431363422,16
gene_2888,0.6108904693522668,0.013174879493153626,16,0.09029893519963174,0.04404937991657392,16
gene_2889,0.6381497141537208,0.007100038973699652,16,0.04183243866898614,0.019163792501720137,16
gene_2890,0.6194088062091442,0.008418239599878023,16,0.04212748191493356,0.015729745557568786,16
gene_2891,0.5947230996133045,0.02048391875016055,16,0.16477178130571646,0.09490578111882068,16
gene_2892,0.6155890836164712,0.010914095535312088,16,0.05188335867981931,0.01825150288267251,16
gene_2893,0.6290217961738289,0.0056186607072764945,16,0.023839737547275395,0.013519850718412631,16
gene_2894,0.621798021574417,0.009648228519014644,16,0.0574080848337521,0.02106721058660612,16
gene_2895,0.6290257105483301,0.011268109400950315,16,0.085279533658819,0.044649601487110904,16
gene_2896,0.5794256203566057,0.022509523635199202,16,0.12789687154071813,0.046701080791096555,16
gene_2897,0.6439497990422871,0.008413689491978158,16,0.04775105244189256,0.02028706317570667,16
gene_2898,0.5991737920238317,0.008521124818933995,16,0.06489227328081605,0.02062625092910841,16
gene_2899,0.6152579846900367,0.008090969307217161,16,0.05278959677525743,0.020578147319476728,16
gene_2900,0.6274405990014943,0.00662835604232858,16,0.029802080803625317,0.009004159798396987,16
gene_2901,0.636785828403936,0.006995602596754488,16,0.04494798829410154,0.02592876248108121,16
gene_2902,0.6095773038027383,0.019485358363530526,16,0.12871961021019077,0.04369639047706869,16
gene_2903,0.6212069043288564,0.011895317191757375,16,0.058773949971810464,0.023851617221032125,16
gene_2904,0.5997069469250838,0.008429784659004127,16,0.04491578183563736,0.018216742531342936,16
gene_2905,0.6139022857083141,0.014693007860406681,16,0.08537785496685873,0.028690145635126268,16
gene_2906,0.6292959310005938,0.009567298412542119,16,0.06806847156245939,0.026341273053079955,16
gene_2907,0.6363987084838747,0.007906773922239946,16,0.042088967251709526,0.026986532243948765,16
gene_2908,0.6065944933135881,0.010230300424439617,16,0.07813133879824713,0.03936410388534505,16
gene_2909,0.6440417626764596,0.006920965305320565,16,0.025478607641821402,0.009477795177547862,16
gene_2910,0.6252540116442045,0.011132911332221879,16,0.09213155922632392,0.04948568530923887,16
gene_2911,0.5942973954128566,0.017039571894717963,16,0.1615489026559925,0.027735753950452347,16
gene_2912,0.611460044730886,0.010737841979868587,16,0.04187058444952171,0.019593422703060148,16
gene_2913,0.5931041872661955,0.01714599694019567,16,0.17319550165791678,0.036856363502416375,16
gene_2914,0.6128080546852775,0.005554257122098749,16,0.03469425760377738,0.0136414661648619,16
gene_2915,0.6122590524150352,0.016825463162116035,16,0.07254962006576479,0.03678801543688593,16
gene_2916,0.617456546821515,0.01005106975780336,16,0.09145500862393481,0.021877266809090936,16
gene_2917,0.6625937820437895,0.00613428101585417,16,0.024152121419159494,0.013695182553886428,16
gene_2918,0.6142452985741296,0.011892347805507455,16,0.09546677988362363,0.019741688577114586,16
gene_2919,0.6189182838633303,0.010525797792912848,16,0.034835015978476665,0.017668671026496382,16
gene_2920,0.6700596520394605,0.003402541860822802,16,0.01098570080294972,0.004308089567731722,16
gene_2921,0.6399427249646835,0.005564196527038768,16,0.045596493570958956,0.019516415075967238,16
gene_2922,0.6258412615698031,0.008942551010876158,16,0.06007411871647199,0.02115511658089967,16
gene_2923,0.6148548112003548,0.01152827140513949,16,0.04523031181826818,0.02079012857534987,16
gene_2924,0.615662609797271,0.00490420301828333,16,0.0695441499946163,0.02900708441329652,16
gene_2925,0.6383971339443034,0.005812686508142478,16,0.03997547733988829,0.014937544967534288,16
gene_2926,0.5972014761174615,0.017464640967620442,16,0.13591785139777113,0.08196058687032497,16
gene_2927,0.6211387158146957,0.013275198711471977,16,0.058896563383577856,0.03681725115785279,16
gene_2928,0.5999337368956043,0.006123453176256818,16,0.08925737969209596,0.042506016911362236,16
gene_2929,0.6234831497932237,0.011876117456301597,16,0.05522255124090512,0.02409659870737059,16
gene_2930,0.6427798228392624,0.006262287740132721,16,0.03421511035602079,0.01649694436136198,16
gene_2931,0.5990932181365157,0.01814985478189429,16,0.11105614561496972,0.03075862534792404,16
gene_2932,0.6176284315058468,0.011390376466564102,16,0.08429972903701764,0.030096882227329803,16
gene_2933,0.6264687496536936,0.0032110963707487916,16,0.029835687419530993,0.01446310057189338,16
gene_2934,0.5984196333959104,0.012643840825568678,16,0.11730757728280353,0.05341780330836405,16
gene_2935,0.6298134535364956,0.004503991439486993,16,0.06331960313373243,0.030694647071208638,16
gene_2936,0.6288064423089577,0.007992239988752,16,0.047200124872027065,0.009757952876807648,16
gene_2937,0.6156893317005134,0.012476889420524691,16,0.05515777920313743,0.019899234076250577,16
gene_2938,0.595626832622804,0.009024306450118874,16,0.03804804747697797,0.02223123132010448,16
gene_2939,0.6332175974975116,0.011247104418182071,16,0.03409514896522115,0.008705555644293284,16
gene_2940,0.651399522265289,0.00393396200909797,16,0.03197322716648982,0.010544010205023263,16
gene_2941,0.6255219224622521,0.015208895476078768,16,0.09090936331293985,0.044641790738446194,16
gene_2942,0.6360658270922716,0.007861460362082396,16,0.03796067388927072,0.013570236548784096,16
gene_2943,0.6219584544485277,0.009815928444064516,16,0.07473153946294536,0.039547125865430015,16
gene_2944,0.5892151540533976,0.012933045640744692,16,0.09355605038486123,0.04293682811441541,16
gene_2945,0.6321483411424714,0.012841735922594001,16,0.04868875553027541,0.024456626502189063,16
gene_2946,0.6378842082683461,0.0036757305067684483,16,0.04615377754000524,0.023454059267162423,16
gene_2947,0.6390946011350459,0.008447265081268867,16,0.032593045896000095,0.014176811935744993,16
gene_2948,0.6145846123395691,0.007303168795135254,16,0.06620601017967148,0.040561114189426796,16
gene_2949,0.6677265424261333,0.003365219402085636,16,0.021707394610226187,0.01153318279432301,16
gene_2950,0.6289526810853652,0.006831957221944777,16,0.05606964651218335,0.01736439117779935,16
gene_2951,0.6182567271219556,0.0071024882346953115,16,0.0651713452986958,0.03152460941292449,16
gene_2952,0.5951345014090971,0.012502921552957923,16,0.10524383485344965,0.04219414065138666,16
gene_2953,0.6034393871619805,0.013897269916855054,16,0.1142220200530516,0.03214387992794615,16
gene_2954,0.6145592400718292,0.01228254779221422,16,0.12431526296043828,0.0440499746132539,16
gene_2955,0.5901351730521047,0.022077027048825935,16,0.14645245794937892,0.059285529459472346,16
gene_2956,0.6508688210159455,0.003207309356987973,16,0.022860480428873328,0.017008604409362322,16
gene_2957,0.6315719328217742,0.01019410891421834,16,0.050164789265744504,0.023743792131682834,16
gene_2958,0.5813541325679568,0.01815735383220298,16,0.1229300171032216,0.04994186062143298,16
gene_2959,0.610298431944425,0.009461969346284797,16,0.05384493350087901,0.021652953812605465,16
gene_2960,0.6241279831820628,0.007226016018044476,16,0.06289555738850466,0.01610716225158619,16
gene_2961,0.6174502746705669,0.00843940649308393,16,0.05941014021644369,0.018836433867122027,16
gene_2962,0.6676297257725359,0.004017689597217562,16,0.01673642907377093,0.005757837431078459,16
gene_2963,0.5958713971519422,0.012555914667283454,16,0.04882074310763101,0.029148937705869033,16
gene_2964,0.6485676150972899,0.00804532589793017,16,0.029717577158251712,0.014151516169443752,16
gene_2965,0.6042122458609572,0.005410285715963481,16,0.06083805696486717,0.018935766183310096,16
gene_2966,0.6600659067473483,0.004167640453207881,16,0.022201733169224927,0.011977575777151922,16
gene_2967,0.5687837387942797,0.023582028984805065,16,0.13225759450570548,0.0577861762499281,16
gene_2968,0.6236685499738908,0.010289944129454318,16,0.05096697669301181,0.023629672925177085,16
gene_2969,0.658348468140781,0.004505920627436862,16,0.01697832584766609,0.006847682427921809,16
gene_2970,0.6352271215121098,0.008719243658198466,16,0.06333480435757573,0.03470115990912644,16
gene_2971,0.6169405981135024,0.016838378599191798,16,0.1543179180507992,0.0724646645587625,16
gene_2972,0.593191559324834,0.017430559941813126,16,0.17148788834086154,0.05448480791387778,16
gene_2973,0.6057055323526888,0.011578390658879325,16,0.08753596819412603,0.031071779112598535,16
gene_2974,0.5786972955274282,0.017615930444457542,16,0.07985670060626818,0.04047804296341321,16
gene_2975,0.5908227782949524,0.021360378986622037,16,0.11563355443815884,0.03729551325576192,16
gene_2976,0.6486997129526115,0.005173491108170412,16,0.026617829117489097,0.01566761554624542,16
gene_2977,0.6205152726653079,0.011294939955852446,16,0.050790541903767285,0.0317640082708639,16
gene_2978,0.5938363989058176,0.013777874256902271,16,0.09633978125367541,0.05454582938126804,16
gene_2979,0.598427460791893,0.012011218941467438,16,0.09377266526259409,0.03346057760331076,16
gene_2980,0.5987401693515756,0.012579213694744526,16,0.1212977876432763,0.04475160269124929,16
gene_2981,0.6238526606672337,0.012593080246544094,16,0.07785747741881718,0.03471973366718702,16
gene_2982,0.6243428725819345,0.010826575370844483,16,0.05982994739647043,0.027098022653773885,16
gene_2983,0.5910692692230807,0.006419936018802014,16,0.06340781357048737,0.03188635047926561,16
gene_2984,0.6520779483178902,0.005437935274291711,16,0.034396702608411656,0.02647302168623495,16
gene_2985,0.592412019294332,0.01489772258028526,16,0.11237799251707224,0.05402610701152055,16
gene_2986,0.5989234554249401,0.01726332541046641,16,0.1179941862590099,0.07107567331252528,16
gene_2987,0.6242431017173069,0.01046219831605678,16,0.05132765322260885,0.034140718501980555,16
gene_2988,0.601113192214058,0.01972618441753255,16,0.14874963289009194,0.07970256570162393,16
gene_2989,0.6369782368653059,0.00849675764679857,16,0.07885327503768877,0.029667023702829632,16
gene_2990,0.5860896084365846,0.018117855099830844,16,0.1121716195499902,0.050551423254078805,16
gene_2991,0.5977921444410187,0.017672021035691925,16,0.11222736835462346,0.0549914052635396,16
gene_2992,0.6511331441612704,0.008823121216488192,16,0.04216570471452916,0.01766797313478576,16
gene_2993,0.61153726254878,0.005338540378495303,16,0.055119669886142086,0.03176990244386196,16
gene_2994,0.6293604477474981,0.008475643566531464,16,0.07582773126626986,0.03729347571328759,16
gene_2995,0.6003313174548519,0.013296555495035554,16,0.06451493321037587,0.01904835666497025,16
gene_2996,0.6421040636660154,0.007434230636952378,16,0.07259219076884835,0.03835892449606732,16
gene_2997,0.6123966395933444,0.011111100401607244,16,0.08572179941075703,0.02504191071655153,16
gene_2998,0.596308661248167,0.02296565183641572,16,0.12358076125627958,0.07903215720368574,16
gene_2999,0.6497578256472433,0.006584420407667952,16,0.03011623765867887,0.010782381323754423,16
