,Psi_mean_strain_celltype,Psi_std_strain_celltype,Psi_valid_counts_strain_celltype,Zeta_mean_strain_celltype,Zeta_std_strain_celltype,Zeta_valid_counts_strain_celltype
gene_0,0.6614472532459248,0.005719661293603393,16,0.0864908216205053,0.0201261363791895,16
gene_1,0.6630158524681974,0.005684349727005678,16,0.06395609977951291,0.011959909571672835,16
gene_2,0.6577927740298406,0.005525481453733363,16,0.08721327084280758,0.026327334147437324,16
gene_3,0.6500288956883055,0.003754336311677611,16,0.09218763717850369,0.027772276382987342,16
gene_4,0.6643252490179617,0.004421132589463691,16,0.08371676570034509,0.01430138042090252,16
gene_5,0.660928656995132,0.0056615715547643965,16,0.08031959276214719,0.01256034998959946,16
gene_6,0.6634775708400178,0.009808518667791068,16,0.09644658666975373,0.023772224711396457,16
gene_7,0.6615939752835017,0.004338550219822291,16,0.07014210168746567,0.024303682939715847,16
gene_8,0.6599732894700038,0.00798653154420893,16,0.11973233305158279,0.026848961721774187,16
gene_9,0.6677185424442182,0.00495046307678918,16,0.06805295524229452,0.00998119871631369,16
gene_10,0.6597132012971733,0.005834336065527659,16,0.08126415390252946,0.025292902189022776,16
gene_11,0.6603668760191199,0.005211172035507988,16,0.08333054392514172,0.018222459102740517,16
gene_12,0.6531250726468019,0.006831408706592725,16,0.11701377071090052,0.030616192567649175,16
gene_13,0.6447335223953489,0.006558518193656471,16,0.10395646266711633,0.02793904142546864,16
gene_14,0.6594040258273861,0.006168431693913562,16,0.13635913269590758,0.028574095112707202,16
gene_15,0.6547507902342214,0.005527426815279538,16,0.11904636148282924,0.025063652066947467,16
gene_16,0.6588810821481234,0.007754476928693043,16,0.09162398366187036,0.016049094418897552,16
gene_17,0.6658853995447898,0.0046483868948151985,16,0.09329956522133849,0.033752752873469426,16
gene_18,0.6604300907447923,0.0032875787154841036,16,0.07520387279630407,0.009813531246362344,16
gene_19,0.6613679131926041,0.003038377527324298,16,0.0616356270895138,0.016823191957655165,16
gene_20,0.670220739409712,0.005605999298814892,16,0.06066102052169611,0.022728616728217483,16
gene_21,0.654028700294985,0.00495794310293585,16,0.1187095656073672,0.02909807967749012,16
gene_22,0.6554772276825827,0.01028413776448243,16,0.11762546710332247,0.02674632312361005,16
gene_23,0.6667026595325511,0.006115528925574769,16,0.07576439295840107,0.0087557333585364,16
gene_24,0.662100445553705,0.00530966367241578,16,0.10270673071625454,0.040554370367055115,16
gene_25,0.6554684828153997,0.010456398715489937,16,0.10581107733724873,0.05530404576502576,16
gene_26,0.6574229249383725,0.0048562176391264335,16,0.10169082052063992,0.034738573743837486,16
gene_27,0.6645616663537075,0.006501747735242932,16,0.11917811640102265,0.02487923791530347,16
gene_28,0.660142591360461,0.004353259853068862,16,0.08694062656981336,0.017725158871775303,16
gene_29,0.6593686000220998,0.006768860152704298,16,0.09048960547649372,0.033642442200002294,16
gene_30,0.657096111635659,0.005573963310339492,16,0.10051390546771061,0.021830015212252876,16
gene_31,0.6635669089955887,0.0053261386653292,16,0.07810271044048743,0.022713487476977837,16
gene_32,0.6538629106257153,0.005073355809534125,16,0.11007465660524215,0.038749427728416455,16
gene_33,0.6582392710646313,0.007720829203032021,16,0.1097268656339411,0.03124244082703579,16
gene_34,0.6619788960149676,0.002914261053225416,16,0.07031180224108725,0.015103795304023615,16
gene_35,0.6628258465087948,0.005836620898771436,16,0.08345899185938632,0.022171270015550495,16
gene_36,0.6461533533734841,0.005141612017265928,16,0.10007020150391968,0.032784469930971824,16
gene_37,0.6628963181547954,0.004913093061426841,16,0.11204427724173291,0.02948565227120563,16
gene_38,0.659527073163847,0.007461741876686209,16,0.10018162304349748,0.029418769301205735,16
gene_39,0.648928167807865,0.009269361461645116,16,0.10229020268556167,0.033338591866925005,16
gene_40,0.6530259144153678,0.010456903898244031,16,0.1815083723265483,0.043051262442060464,16
gene_41,0.6582644151096504,0.007358448245018409,16,0.10355010043167884,0.022033019652071346,16
gene_42,0.6618545088938675,0.0038534285755783488,16,0.06073630946405374,0.01925048543983284,16
gene_43,0.660704359869502,0.00803764615315074,16,0.13337826391573754,0.04212815296514608,16
gene_44,0.6614910393214416,0.0068636489643759775,16,0.09504672682916825,0.027017618115325714,16
gene_45,0.6602648938507243,0.00630360498156438,16,0.13338152277370682,0.04011040326107144,16
gene_46,0.6573884406474146,0.008897104972018744,16,0.1230525998725298,0.02965778731994963,16
gene_47,0.662610994553428,0.003207061512847539,16,0.057991399094250336,0.015222809081505202,16
gene_48,0.6661362140640016,0.00702200332054633,16,0.10707998984310604,0.02522325893425824,16
gene_49,0.6638841397214995,0.00442168119585828,16,0.06374570416356072,0.013051506572735466,16
gene_50,0.6521448506190022,0.015151341743925361,16,0.14488728154050015,0.05337227975657305,16
gene_51,0.6651816974255745,0.00875618135228723,16,0.1008222797888763,0.02346646902427003,16
gene_52,0.6631548505897302,0.007180863802176935,16,0.08566114561213009,0.02895116826268801,16
gene_53,0.6588641004551342,0.003791476113184064,16,0.07221847837771009,0.007210909057780414,16
gene_54,0.6589153399760519,0.0060471176145815006,16,0.08673484546557288,0.025568891171096772,16
gene_55,0.6553968627272736,0.012450024794971861,16,0.13075599477434943,0.05334863073153123,16
gene_56,0.6667589119500297,0.004459804903538872,16,0.0683373096021356,0.029967030804014125,16
gene_57,0.6521461393154857,0.004492013478403031,16,0.08193643299117223,0.009744756373010057,16
gene_58,0.6694457534589935,0.001572280130214428,16,0.09487259351416075,0.0122247002711687,16
gene_59,0.6606015147226045,0.0035850095923135854,16,0.09129439161753909,0.025243782080445944,16
gene_60,0.6660948161196614,0.004284867776531571,16,0.07319530776249736,0.016131142708886572,16
gene_61,0.6579004324681972,0.00459487550688964,16,0.14435660537264774,0.03567422927236948,16
gene_62,0.662465547062099,0.0076029666105183035,16,0.10636718650736562,0.03845761921553822,16
gene_63,0.6592797383486627,0.0031608054040554267,16,0.05523303335294376,0.0158774576139776,16
gene_64,0.6543144588821891,0.004670915554583449,16,0.10361391918236945,0.03550259720189485,16
gene_65,0.6557687911942145,0.005596603345590722,16,0.12256718917371476,0.01726267722328739,16
gene_66,0.658220428860115,0.003443896192960359,16,0.0988215773009487,0.021358919742616406,16
gene_67,0.6644485435319847,0.0049998496177879465,16,0.10619551574773343,0.025893448609405477,16
gene_68,0.668352269731364,0.0026800410031597812,16,0.07122323570540012,0.028066012000636232,16
gene_69,0.6522859267338527,0.011708321572847298,16,0.14418295912148998,0.051431586422830265,16
gene_70,0.6539668450035642,0.005611799044311554,16,0.0728954540319757,0.028338718635863968,16
gene_71,0.6702847710198844,0.005601043828098955,16,0.07656255210090859,0.027564374366451122,16
gene_72,0.6591123631936427,0.008082626503025304,16,0.0837510667639582,0.02974941714264093,16
gene_73,0.6641494536883322,0.0047329759833325,16,0.07326151196670246,0.02497513863261734,16
gene_74,0.6580352358154822,0.003302878270495301,16,0.0821043600021481,0.01769169508762802,16
gene_75,0.6596325379145435,0.0038376467498825056,16,0.09772296918991938,0.031692633526315274,16
gene_76,0.66463647123172,0.0023644278726455614,16,0.061215844354923506,0.016478392072039758,16
gene_77,0.6613256108268126,0.004994195280468303,16,0.06753546006652776,0.014952194542636535,16
gene_78,0.6628907100874958,0.007267470483745729,16,0.10831941340390112,0.03377798384145905,16
gene_79,0.6595235234697867,0.011662775554540728,16,0.101005201104607,0.02730117159493853,16
gene_80,0.6612028652450205,0.00617865690338437,16,0.1049208896055101,0.03162729168500634,16
gene_81,0.6581698843641584,0.0051375621270403635,16,0.09824183738325898,0.02942981261037663,16
gene_82,0.6530589967540293,0.007711041389867009,16,0.11222070525283075,0.034854584028808484,16
gene_83,0.6700965511480659,0.007342593206869636,16,0.10161095185739356,0.029514383670086602,16
gene_84,0.6556441123027679,0.00613670905491138,16,0.09721180081469172,0.023931855342057568,16
gene_85,0.6657684068465655,0.008260564193090866,16,0.13747567944922456,0.03188812518945231,16
gene_86,0.6619644590033006,0.005648047679875247,16,0.0732542671698507,0.013501032890238015,16
gene_87,0.6660527959590452,0.008345188175165615,16,0.1103463744725784,0.033307996115984416,16
gene_88,0.6610881242661889,0.013573463293438661,16,0.18199158455616166,0.04910231335181881,16
gene_89,0.6673126801672051,0.006963723356284893,16,0.09954093422164113,0.03570006952133311,16
gene_90,0.6646168271092544,0.005102506931716926,16,0.1295523710893266,0.03725198290234097,16
gene_91,0.6588093675170985,0.0029398905033034355,16,0.10191780696819404,0.022569002756799045,16
gene_92,0.6616143646406668,0.006091776860344468,16,0.09503581075908951,0.024448865969173995,16
gene_93,0.667164381177746,0.0022817589988953987,16,0.06532954407428161,0.007761157481135636,16
gene_94,0.6571463663043153,0.0019200541894406327,16,0.07513859362433643,0.013345411192174842,16
gene_95,0.656477811706169,0.007893071267653907,16,0.14425970737017677,0.046615376632067544,16
gene_96,0.6687994892009671,0.003223295620845058,16,0.07135043511791997,0.012748409380309602,16
gene_97,0.6585932406987032,0.0058879584855569675,16,0.10436637168221598,0.03211293419119219,16
gene_98,0.6543853231630626,0.003982182226713895,16,0.0866887746209872,0.023647112941396986,16
gene_99,0.6634123246392876,0.005071370480225311,16,0.08887374783292878,0.02283912048867733,16
gene_100,0.658437587075404,0.008577844012633899,16,0.08849147627704256,0.024039911486589283,16
gene_101,0.6527254619292701,0.005934425703035241,16,0.10891442698341404,0.03873838048576144,16
gene_102,0.6672925783432888,0.006362421598308293,16,0.08763308490108007,0.019587558803630774,16
gene_103,0.6620335042237293,0.008462254665203905,16,0.11387058460699984,0.03268895224460049,16
gene_104,0.6638438907632078,0.002928452374431126,16,0.050190708957831745,0.00893457599182081,16
gene_105,0.6582254936339496,0.01288243922029461,16,0.12373401040288497,0.0499643266925217,16
gene_106,0.6564100779273394,0.00580325748683759,16,0.08487817698889122,0.02179436150408424,16
gene_107,0.6663621076225977,0.002517916298158982,16,0.07212855050876323,0.01997593516500766,16
gene_108,0.6570909617167354,0.0044173400869007284,16,0.084600059243333,0.02529006059248247,16
gene_109,0.6591559423602958,0.009307918785660157,16,0.12504722856682385,0.036735645773328864,16
gene_110,0.6608530682210009,0.005135447198329408,16,0.08589608376871423,0.018577634217144208,16
gene_111,0.6515479092601009,0.01238258109230162,16,0.19225760135175135,0.06044809081718126,16
gene_112,0.655766159344655,0.006172671826780663,16,0.07891531835578727,0.0234033404894099,16
gene_113,0.6580451934668032,0.005938954894603741,16,0.09427487723395145,0.030206381568445274,16
gene_114,0.6567951457180615,0.009112441011630666,16,0.1441966202289313,0.04480912968042382,16
gene_115,0.6639809120563597,0.004023760081606874,16,0.08997277118534033,0.012202040180262967,16
gene_116,0.6566336319658187,0.0059527930211878445,16,0.08666557981126594,0.02393361428954149,16
gene_117,0.6654874303543027,0.003572552910741325,16,0.08035686897273264,0.028741504453132706,16
gene_118,0.6605767447386802,0.0054374009550143855,16,0.08654490397781789,0.025065147654142687,16
gene_119,0.6604468481759767,0.0026956778412480916,16,0.09360174621222901,0.01660631114209056,16
gene_120,0.6547933672270263,0.005303014792869273,16,0.0796293266639825,0.01974870223508009,16
gene_121,0.6639391978616901,0.0035571206347451197,16,0.07854919570341218,0.02311724027918333,16
gene_122,0.6599431137769521,0.010046504516274849,16,0.12412224399758132,0.04260544329336972,16
gene_123,0.6609638535417709,0.004592534648786492,16,0.06322466409209981,0.008584405262449189,16
gene_124,0.661169814926798,0.002966427629517145,16,0.07337999155746684,0.024002168095785013,16
gene_125,0.6675257036366992,0.0051984567340033075,16,0.07597033018903232,0.013726887099468168,16
gene_126,0.6643471299705516,0.006954008409548695,16,0.13690201456826231,0.03985519433410831,16
gene_127,0.658512930062068,0.004310796494534321,16,0.09346953084220393,0.010931981290731635,16
gene_128,0.6551253804684283,0.008423340979151935,16,0.10636650749003973,0.021658809668350838,16
gene_129,0.6572992707682319,0.003793526339715,16,0.06170494568244999,0.02399615983125976,16
gene_130,0.6583592497764138,0.006648959384502117,16,0.11426536020545085,0.021990172063190316,16
gene_131,0.6577796475587532,0.0030151976206770803,16,0.06675516636268057,0.012298321210769863,16
gene_132,0.6609847487920779,0.008540795952703038,16,0.079686431706941,0.02417636043319311,16
gene_133,0.6547600307456249,0.003036118563938577,16,0.08235869683748023,0.03259614090727754,16
gene_134,0.658716035456809,0.0037199057225671406,16,0.08480598834432454,0.021299999390402658,16
gene_135,0.664313868861309,0.003564689676104882,16,0.09209437040467293,0.02527276989299978,16
gene_136,0.6595102991496639,0.0036103554457363658,16,0.10077001860869178,0.02249043834720012,16
gene_137,0.6685817956185335,0.003809146902653504,16,0.09102238808081897,0.017522305585293108,16
gene_138,0.6509373067497991,0.007260710731462844,16,0.1249210869170881,0.04953098001031595,16
gene_139,0.6662111373093873,0.009053149180277074,16,0.19024358122925333,0.04927193408704869,16
gene_140,0.661211186516922,0.005903133829038889,16,0.10995320337013853,0.021682472358298066,16
gene_141,0.6596397687731772,0.0030265394784649686,16,0.07320342232650645,0.01805902951911866,16
gene_142,0.6564278723626229,0.0035475161376866383,16,0.09991315993714649,0.023625626670076328,16
gene_143,0.6594343333993137,0.0027593047007080625,16,0.071688670269707,0.021772998072506006,16
gene_144,0.6564914151033105,0.005382184034758287,16,0.0836709558928612,0.030797282565901318,16
gene_145,0.6575006547846113,0.003606058230387317,16,0.11595529204022834,0.028000784232305974,16
gene_146,0.6623578860463428,0.005851399281066154,16,0.09024433592381659,0.02573309259013605,16
gene_147,0.6609656322107158,0.008043589127116646,16,0.09910490357881556,0.02873402008071349,16
gene_148,0.666892183692359,0.007402695119272734,16,0.0960251683832685,0.023218067078833664,16
gene_149,0.6587364919828195,0.004290613883436522,16,0.054247195016348844,0.01946649181107544,16
gene_150,0.6593747741084893,0.0043914676250112385,16,0.07371414801700725,0.017404017565909702,16
gene_151,0.6637689946813576,0.0050432481035684,16,0.06509968157276169,0.00796886150671829,16
gene_152,0.6610300825387326,0.005812453822106308,16,0.10080397984835657,0.035660261676061816,16
gene_153,0.6570061954890142,0.008773126906546271,16,0.14978508151130934,0.04396507582231799,16
gene_154,0.6593450955318454,0.007112844806252435,16,0.1411045699439212,0.035517018388285145,16
gene_155,0.667570824301299,0.005052491009801195,16,0.13476356531358008,0.030373249791430374,16
gene_156,0.6633172819874245,0.004559896584140988,16,0.07744806329636325,0.020635777615761526,16
gene_157,0.6494322771094476,0.007044631979044739,16,0.08666414904961686,0.01937811803951525,16
gene_158,0.657417559637633,0.00650250038596299,16,0.10608090743608924,0.027609651535297736,16
gene_159,0.6608400732738329,0.0024815926814711416,16,0.07858957826462389,0.021407653668870215,16
gene_160,0.6619264751472461,0.00921679968795079,16,0.1213239029465529,0.04433512005626079,16
gene_161,0.6639772287232718,0.006055217667927149,16,0.08433040845138837,0.020145093123913455,16
gene_162,0.6572044792512669,0.010513445003111039,16,0.10957748311848922,0.023309131633112642,16
gene_163,0.6600610533932835,0.00794736532628064,16,0.10738346273861332,0.009077846739953358,16
gene_164,0.6605203993879127,0.007127777415431497,16,0.086057661451137,0.024930486212447273,16
gene_165,0.6624675521211563,0.005782616422802685,16,0.10908940609038796,0.0306085227947845,16
gene_166,0.6625580461414984,0.007231365036865346,16,0.10508333446641124,0.02983190807667849,16
gene_167,0.6571170786301241,0.006037653115304939,16,0.09980074923704646,0.024660934303632184,16
gene_168,0.6648326939441628,0.00763652486790728,16,0.10785642172786807,0.03204989714397807,16
gene_169,0.658468996388821,0.0050392426955262444,16,0.10380992359617414,0.01650298260198408,16
gene_170,0.6589525814996187,0.0038297839893729766,16,0.08643236323890496,0.022918982536969303,16
gene_171,0.6546943589686396,0.007322638300343948,16,0.10116339928256689,0.02305841941102566,16
gene_172,0.6599809807202512,0.007063780907906428,16,0.10406455488861799,0.03771221407213843,16
gene_173,0.6598103873161358,0.006722493652068049,16,0.0671566291585444,0.017682125570017356,16
gene_174,0.6614184339687194,0.004249437387676075,16,0.08258190196504078,0.019235758862391702,16
gene_175,0.6654712966268775,0.005240549244197125,16,0.050904690423394905,0.019797737145271267,16
gene_176,0.6572621167863778,0.003081617043619145,16,0.08392399267452888,0.017238327670501655,16
gene_177,0.6595948929042715,0.004500132001545281,16,0.09459977843134021,0.011052873327520385,16
gene_178,0.6531433444518381,0.005708333685824171,16,0.08003471174526672,0.024614058620280127,16
gene_179,0.653281481334799,0.009726517054036012,16,0.11966005779167119,0.033468597223769325,16
gene_180,0.6594653435600912,0.004051426839553439,16,0.06792746102523609,0.013703395005980626,16
gene_181,0.6491939632334512,0.005947260820629198,16,0.12038229610792493,0.027888109935262067,16
gene_182,0.6582809985051897,0.0038164786401380197,16,0.06606748608228064,0.01704632251697116,16
gene_183,0.6650701170501602,0.004214321362191756,16,0.08560018193536192,0.016405205930405058,16
gene_184,0.6659244329473599,0.005296105810525434,16,0.06717880427326321,0.0197089626074129,16
gene_185,0.6682676187794718,0.008376492459018727,16,0.10523381418080523,0.033604835662514584,16
gene_186,0.6596293781902616,0.004444006160096026,16,0.06311944111112994,0.013794942325841946,16
gene_187,0.6662402380240172,0.005341920878183424,16,0.07892371452317638,0.019947429722570645,16
gene_188,0.6615134637689608,0.004301839936035623,16,0.08777259458922182,0.029521649771734777,16
gene_189,0.6523680665667063,0.003013504645581042,16,0.09078859103911481,0.022797121348795395,16
gene_190,0.6689206498251175,0.003953329507401088,16,0.060755836257376135,0.011319330289597343,16
gene_191,0.6582062849966286,0.007329993348516798,16,0.11710547341036712,0.02713944259166669,16
gene_192,0.6548867544987762,0.0056879284035556915,16,0.08811723976720812,0.016995505552340227,16
gene_193,0.6626493173992909,0.004568755801046329,16,0.07687799801298452,0.009962695885552316,16
gene_194,0.6691512226821122,0.002755985276150927,16,0.04566359838549468,0.00680007397260076,16
gene_195,0.6596134934867568,0.004649464503763445,16,0.06917327697766314,0.018990712335745525,16
gene_196,0.6662503014209303,0.002880899567790992,16,0.07496869280314344,0.014068891050764866,16
gene_197,0.6585534280240021,0.0069437981671824555,16,0.11876469705522333,0.02071441706207953,16
gene_198,0.6654054790290789,0.00675189694649144,16,0.12985832453291152,0.026749473281775567,16
gene_199,0.6572191052401484,0.005968602676468743,16,0.11141851666620704,0.029900470328008258,16
gene_200,0.6793309906494482,0.006918354346848885,16,0.11234354270779098,0.030711785069720457,16
gene_201,0.6807106780924468,0.0019883533585705188,16,0.061774922249335826,0.017232870975276184,16
gene_202,0.6726576565529289,0.0034878017312013026,16,0.10063861798689014,0.018173720031164048,16
gene_203,0.6768207480103982,0.00403833164308271,16,0.06547119119922028,0.015018489152290475,16
gene_204,0.6796026427226806,0.002327230462911917,16,0.07671642896420668,0.012212847267418114,16
gene_205,0.6748684338093659,0.004479821577498402,16,0.06297226380478371,0.0209921801925703,16
gene_206,0.6746809195354476,0.0019999762457948477,16,0.07726372810503424,0.019354871642632717,16
gene_207,0.6602022796847453,0.012086635513455731,16,0.1312995441798755,0.02980602807067053,16
gene_208,0.6790393362599311,0.003664777930054814,16,0.08799385429493359,0.022735806254630158,16
gene_209,0.6694040715276444,0.006005500012069007,16,0.06530321628624525,0.026560671210702096,16
gene_210,0.6760746735205714,0.009524830527694884,16,0.12390048999991912,0.03816494658861641,16
gene_211,0.680208692968057,0.004747325279682404,16,0.08551295874731796,0.024245564942005204,16
gene_212,0.6749373159269904,0.002208118702051914,16,0.08663096672358152,0.02476274734942217,16
gene_213,0.6766794351519387,0.0035464349104049977,16,0.08449342064954306,0.025128229146135102,16
gene_214,0.6722383349109011,0.004013277424980215,16,0.06457626767384447,0.018541877545481582,16
gene_215,0.6760711936676044,0.004630971551169453,16,0.07560076690026159,0.016619143502446008,16
gene_216,0.6714833721637948,0.0028563969751471477,16,0.06790420734673493,0.013384071825149267,16
gene_217,0.6714519823004075,0.003709380442019489,16,0.06263721363162959,0.01800796643967166,16
gene_218,0.6778014049661041,0.005387381314069387,16,0.09502070639460246,0.03109543824551338,16
gene_219,0.671902311770173,0.004233024246274294,16,0.07142619286545919,0.015606210998452462,16
gene_220,0.6772195874942267,0.003280428309741728,16,0.06985141428962025,0.020951869991639383,16
gene_221,0.676441319394798,0.002843154696393577,16,0.057547426677691714,0.01194358720339015,16
gene_222,0.6756979341397886,0.005622104204822766,16,0.09959628724656207,0.030861341171210057,16
gene_223,0.6768212610358072,0.004095111430592193,16,0.08730964312242336,0.024647425154975235,16
gene_224,0.6721607771174436,0.003183986190913969,16,0.0602032355250052,0.015518810696831357,16
gene_225,0.6761338542334663,0.0044392088618464215,16,0.1271858978178789,0.021002148264954446,16
gene_226,0.6811158394233466,0.003627963441358604,16,0.06997979205642416,0.015034730992214055,16
gene_227,0.6753162118239002,0.002927480966165907,16,0.10240032686112688,0.02156308638147796,16
gene_228,0.6750165819143765,0.00256924224851909,16,0.06542152702247303,0.013502479255511582,16
gene_229,0.6751468764307356,0.003955381552230618,16,0.07915952720544733,0.01342148824516484,16
gene_230,0.6777501540051176,0.002367638877241353,16,0.06279457650979405,0.020847576645970964,16
gene_231,0.6638730430584894,0.008698800930401677,16,0.09613066716993875,0.029500553400741588,16
gene_232,0.6759612903139304,0.0036718363088471405,16,0.07610059251293202,0.022921486098530897,16
gene_233,0.6751257974292988,0.002408082877130812,16,0.06599596816711892,0.01727208810590166,16
gene_234,0.669432310687302,0.006262267925236566,16,0.11549341135251043,0.030395582056408552,16
gene_235,0.6788032426226521,0.002878975185632122,16,0.08944122956450004,0.015199341538072309,16
gene_236,0.6704002518354848,0.005116759012718138,16,0.05218594408419736,0.020016052263086986,16
gene_237,0.6696494365319243,0.006053151197837535,16,0.09391446618361379,0.023030076491330362,16
gene_238,0.672099623394447,0.0054055760840535155,16,0.0924463862496874,0.021388867483271394,16
gene_239,0.6742863803779986,0.0053594043312242615,16,0.07164925509130299,0.03544864982923351,16
gene_240,0.6704787011870987,0.004893987294825237,16,0.07750322139311969,0.02484666260299641,16
gene_241,0.6695072208737027,0.0035911028380000327,16,0.052512678664117796,0.017970874322037894,16
gene_242,0.6794187810231986,0.0017877737639578211,16,0.058244147864113346,0.009253982115201979,16
gene_243,0.6787005252454896,0.003832069481531721,16,0.07177090082062079,0.02543376031576051,16
gene_244,0.6764385220735765,0.007572587200795785,16,0.07538707130364461,0.023130942842614275,16
gene_245,0.6808780951496138,0.005916810093355636,16,0.09151705692981593,0.027030588453271737,16
gene_246,0.6691668019775716,0.005431327503807099,16,0.06841842168109785,0.028258318915233664,16
gene_247,0.6748019706428371,0.007496347843112717,16,0.1358671724220885,0.033111056498888736,16
gene_248,0.6746485686578175,0.002590904553203624,16,0.06966521828359973,0.02090823097751472,16
gene_249,0.6738562954657571,0.004663483928147755,16,0.08055845832463646,0.015248079766093272,16
gene_250,0.6736185625545628,0.002461515583863578,16,0.053293102575390876,0.020353498859992752,16
gene_251,0.6737640245717318,0.0020125311562507013,16,0.07472388521523028,0.01203500162717315,16
gene_252,0.6694638489121771,0.00522653275512399,16,0.09275398379017503,0.02574116310950159,16
gene_253,0.6755999173421975,0.0033412508988188133,16,0.07229808655665286,0.02204923017477291,16
gene_254,0.6780513333152316,0.009230160465071932,16,0.11143845276523924,0.04829795592802973,16
gene_255,0.674153294291709,0.008526040099111539,16,0.09073103933678844,0.022885005103443046,16
gene_256,0.6757590571769483,0.002370743006316541,16,0.06889232052102595,0.016133199353611887,16
gene_257,0.6782294606557515,0.004612677580123282,16,0.08752707699186875,0.023905312081094622,16
gene_258,0.6804708442780611,0.0030633446221422036,16,0.06286784292622923,0.018328435916486606,16
gene_259,0.6750709534045948,0.006493879148078238,16,0.08467605267594211,0.038277089704083715,16
gene_260,0.6689738275340956,0.0030437866092472834,16,0.05421292269444195,0.0121660477740316,16
gene_261,0.6721312966733656,0.0024016926539337548,16,0.0740901774087669,0.010327968321558613,16
gene_262,0.6726999834568018,0.0027311287572045952,16,0.08153872993569974,0.0241017538594981,16
gene_263,0.6776297347992808,0.003770795785568751,16,0.08930795197742862,0.028243428096126597,16
gene_264,0.6735121710394385,0.005538612772256111,16,0.07831642206351275,0.01986360868151192,16
gene_265,0.6764967835922465,0.0024792017110322473,16,0.07954844424477192,0.02539383644023991,16
gene_266,0.6743702159481114,0.0037620765236556363,16,0.05548742132629696,0.025612078728329626,16
gene_267,0.6770735289028897,0.006519678926663522,16,0.07944818619085885,0.027125121870894005,16
gene_268,0.6730479506534248,0.0032774528951815644,16,0.07846394886130556,0.023423376597540582,16
gene_269,0.6730581284880192,0.006100709041395835,16,0.07862826959663444,0.028985667771897216,16
gene_270,0.6757259908666139,0.0035730315948984737,16,0.05953237102867469,0.018304854429490466,16
gene_271,0.6793351470036983,0.002462056338393281,16,0.049078363084764286,0.016136741209849335,16
gene_272,0.6729244255250155,0.006528583318792711,16,0.09045830242955895,0.027550915876317143,16
gene_273,0.6773563638868846,0.003656132804803453,16,0.08397204748649882,0.020829515159223915,16
gene_274,0.6714608376821809,0.003994812294851391,16,0.06287214212708442,0.023712889621439193,16
gene_275,0.6799990170567078,0.0008981217821275917,16,0.04592278101155551,0.008292429885817451,16
gene_276,0.6696141481253192,0.002745641564511476,16,0.07364759353148341,0.015951890279282305,16
gene_277,0.6804492785343571,0.0017966597405164352,16,0.04627752678328457,0.012989855722214626,16
gene_278,0.6782283202551938,0.0033195102500052144,16,0.07808110882370593,0.016167348583380533,16
gene_279,0.6799398224776718,0.005478297993582329,16,0.10117908734967629,0.02293997731975735,16
gene_280,0.6692024595693038,0.006004691589528407,16,0.09782733870720403,0.022935201914448197,16
gene_281,0.6734224984132126,0.0060983461992665635,16,0.08837314548654598,0.03780766427534138,16
gene_282,0.6710778230530343,0.005087062418014662,16,0.06785215197730354,0.02575345180489543,16
gene_283,0.6754352058633627,0.003465891833716224,16,0.04856719930791592,0.012850452085387726,16
gene_284,0.6753357427912356,0.003296194097183294,16,0.0879412108047972,0.02236898388846768,16
gene_285,0.6774766496594021,0.005134475334733803,16,0.07540577748732473,0.027409841659154745,16
gene_286,0.6730097041803728,0.003250628108774024,16,0.05668840634754872,0.019958667977266472,16
gene_287,0.6741934581517048,0.007543562706545805,16,0.09140519584908029,0.035731807579993904,16
gene_288,0.6836573518912377,0.0032737815663397107,16,0.1189888075816025,0.022646261589339117,16
gene_289,0.6764831943192259,0.004890113761168116,16,0.05997489467008253,0.01870643436282519,16
gene_290,0.6788487685795203,0.004477945001572534,16,0.11664475459504714,0.02616994086412823,16
gene_291,0.6815656794625646,0.008051451136874256,16,0.09241052012553418,0.026625252937842382,16
gene_292,0.6778118295384041,0.0017643453557369376,16,0.04642915819997866,0.0074114955309118385,16
gene_293,0.6792391056868364,0.0023246942597611917,16,0.0794013273221984,0.019753558142223238,16
gene_294,0.6792910933369949,0.0022691762847302428,16,0.05443678456633376,0.021259854599214142,16
gene_295,0.6763909299457623,0.003273364205602466,16,0.08462495229066691,0.00952077778474235,16
gene_296,0.6730380708886308,0.004241918625180423,16,0.06772714032820182,0.023215586665511215,16
gene_297,0.6712935339360796,0.006382496779852364,16,0.11435132327005644,0.020163850419939823,16
gene_298,0.6759978927488214,0.0034135452161088153,16,0.09393258949141764,0.0075837231358650255,16
gene_299,0.6812332931308142,0.0030888346905586597,16,0.0591514153497127,0.016697430741709793,16
gene_300,0.6679556273142769,0.004621511404943456,16,0.08387528850970907,0.012376441579348255,16
gene_301,0.668472918658672,0.0038176954221382548,16,0.06866481216982992,0.028563565638609817,16
gene_302,0.6794824462414115,0.012154597413497514,16,0.13221007157389747,0.050016686669714996,16
gene_303,0.6723310548346276,0.003073629899549279,16,0.06812356720412292,0.01752577766229293,16
gene_304,0.6797289037562524,0.005207038546644566,16,0.1040177586518497,0.02948609874338165,16
gene_305,0.6736293802246881,0.0014430550106076631,16,0.08555978302717547,0.011916156468765343,16
gene_306,0.6781747483969967,0.003054655062790367,16,0.08296681438879655,0.021166993990778617,16
gene_307,0.6739504252034602,0.0038893488858612467,16,0.06754868831999666,0.021118274340843388,16
gene_308,0.6722118231940534,0.007853063928603285,16,0.07616530264142218,0.03322750286641739,16
gene_309,0.6740261899284146,0.005599045469420699,16,0.0765691473220817,0.029099151524777375,16
gene_310,0.6766351648387978,0.0036527173806433356,16,0.05844074022798479,0.016000348967556095,16
gene_311,0.6735666108131279,0.003330631119827651,16,0.08110304445277075,0.02199231824292976,16
gene_312,0.6750723015919464,0.0019401634168850685,16,0.05809041153585401,0.012087732120601116,16
gene_313,0.6743089280553607,0.004983588097374284,16,0.06988962368595424,0.023460269903457398,16
gene_314,0.6812734931115682,0.00744275875315589,16,0.08925935572531665,0.034210699450884854,16
gene_315,0.6748028708836861,0.0031548436371242506,16,0.06679636214092811,0.033822624996554265,16
gene_316,0.6710065703281706,0.006951603128679159,16,0.08756847968014121,0.025705407985580204,16
gene_317,0.6762169224625,0.004377482392612687,16,0.09173961775352335,0.023558362468823747,16
gene_318,0.6777650655685125,0.0037569954363099365,16,0.08341590396258058,0.018100177736623143,16
gene_319,0.6780148854382972,0.004341677917865246,16,0.08631180189517158,0.017980982785018442,16
gene_320,0.6789619113906259,0.007238757790719652,16,0.0711275146531814,0.034811929019410874,16
gene_321,0.66845043916019,0.007886708643779222,16,0.0933385152524488,0.024475110285705735,16
gene_322,0.6813052486395559,0.00729575696944888,16,0.11656707775874162,0.036876167248251115,16
gene_323,0.672178600353282,0.003432922769568766,16,0.06513198121760004,0.014389490326517512,16
gene_324,0.6719962181319011,0.0020834032314289833,16,0.061480017248026764,0.015915450545656566,16
gene_325,0.6713368218932354,0.004673491036679929,16,0.07593006348756218,0.02477134762194322,16
gene_326,0.6705566380121294,0.0018731197492012769,16,0.07075235518528836,0.015086489837311952,16
gene_327,0.6775425896916305,0.0028257728936643247,16,0.0695165361120101,0.021678476149756036,16
gene_328,0.6753377139040168,0.001427459304741358,16,0.06994511998524294,0.010221401270800266,16
gene_329,0.6824303095785165,0.004547851568854824,16,0.08327284784134562,0.034252165875170576,16
gene_330,0.6763151546882623,0.011369236428977669,16,0.15012096364892696,0.04301620040203662,16
gene_331,0.6760741113823278,0.002282642310759161,16,0.057386977873379943,0.016766270016277868,16
gene_332,0.6777096033385158,0.003909329560358912,16,0.07462561282801551,0.01945536182251771,16
gene_333,0.6802210320893998,0.007132460030127801,16,0.09216630497540716,0.038663943359673186,16
gene_334,0.6826402900183156,0.006977473431585484,16,0.08186317530099957,0.031169198509644003,16
gene_335,0.6769980733389038,0.003077633697390366,16,0.04840181571841819,0.018399485397480285,16
gene_336,0.6761629046599165,0.0021323966675436718,16,0.072106917938007,0.014429586943139944,16
gene_337,0.6738686323350445,0.004163430630686683,16,0.08437091172375584,0.02598682781899235,16
gene_338,0.6757757292237639,0.0028472082175284644,16,0.0804849717761485,0.027920039035417527,16
gene_339,0.6749307352420106,0.003167480716662723,16,0.060691962001285724,0.016563039247045774,16
gene_340,0.6785039947368035,0.003799909844729124,16,0.07578430809468006,0.012227765593061693,16
gene_341,0.6696671181339665,0.007560186615521204,16,0.10160435628004486,0.027679596767826442,16
gene_342,0.6713598909159215,0.003318819042255634,16,0.05725180824791675,0.012641780670136235,16
gene_343,0.6789271564385091,0.00192941744926636,16,0.05475516403576999,0.010108731850690656,16
gene_344,0.6777090976084288,0.003126578516602299,16,0.06079097793137928,0.016752007627823137,16
gene_345,0.6731506634734041,0.003974109862394174,16,0.0640968491782862,0.01957430479226701,16
gene_346,0.6785395987962816,0.003377283045581753,16,0.062180517174672045,0.016240915467035832,16
gene_347,0.6699949909880283,0.004323005005212705,16,0.08395872055651128,0.015200776731477463,16
gene_348,0.6759063769301686,0.0036426388017934117,16,0.06591738235360715,0.011893872756641553,16
gene_349,0.6813119689862639,0.00502355699392406,16,0.09819257686720541,0.022835402674907253,16
gene_350,0.6770402910590447,0.002987666068435375,16,0.06717321073758926,0.019729071663040533,16
gene_351,0.6755226932002567,0.007079609054463789,16,0.08172217060094634,0.027488718718436667,16
gene_352,0.6767514701890373,0.0049373396191595975,16,0.08828542256019056,0.026931680326859678,16
gene_353,0.6739552679072837,0.006083824121237506,16,0.08146191066379851,0.02521626576486775,16
gene_354,0.671977939808831,0.004142691071825467,16,0.08037744460822253,0.011890536541218293,16
gene_355,0.6752063743449888,0.005793501272157021,16,0.10896550120152204,0.021883342734576063,16
gene_356,0.6784615825181296,0.003741165006621381,16,0.07965861721410056,0.03254039426755004,16
gene_357,0.6750906101094182,0.0027641263636221883,16,0.04493625644910925,0.01883692853303656,16
gene_358,0.6754909698433608,0.0026526995428794134,16,0.043367504604819127,0.01279010427149695,16
gene_359,0.6750663229393551,0.0021769840561736966,16,0.04053689363427943,0.011945327329141494,16
gene_360,0.6729270433334165,0.003323910672955147,16,0.08768428747049552,0.01863597028108529,16
gene_361,0.6748291948185645,0.0021171559019517805,16,0.058363054094767504,0.016749295857591058,16
gene_362,0.6737817702047151,0.00607675333761116,16,0.09586753419188394,0.023319008584233178,16
gene_363,0.6750261257063965,0.0062360566023087986,16,0.11084981343337313,0.02902969338000977,16
gene_364,0.6773467644866054,0.0053461711480850705,16,0.07498624146961583,0.026785849426493084,16
gene_365,0.6755644720856029,0.005096188760044396,16,0.08951230907877665,0.02119341664845834,16
gene_366,0.6754717084045875,0.0019062540908327031,16,0.046524938081015293,0.009974474331657775,16
gene_367,0.6697239019152635,0.0026222466111981172,16,0.0575074934727269,0.018648991189946285,16
gene_368,0.6759711857843413,0.003611073507516402,16,0.06955661228869311,0.019535256596969593,16
gene_369,0.6753370070665757,0.0027812498998316293,16,0.06694204617508405,0.027538749322415082,16
gene_370,0.6788543804957218,0.00185313121243641,16,0.04885617077142213,0.01627751940003578,16
gene_371,0.675417358328952,0.0036137807761727554,16,0.06432177185063521,0.015252609953513388,16
gene_372,0.6760308400968843,0.006362856844803893,16,0.08925295277445983,0.033252741696745226,16
gene_373,0.6788069335003215,0.006182743224755141,16,0.119906018771703,0.012785244389261334,16
gene_374,0.6733009017090028,0.006566320930357864,16,0.08666904573043385,0.02342451913011311,16
gene_375,0.6760158450058695,0.005047845925924089,16,0.09755442691759067,0.026755557619420653,16
gene_376,0.6745672165354323,0.0015872803157557132,16,0.110419968186121,0.022661067985372246,16
gene_377,0.6741760991745599,0.004524500573514374,16,0.08476966454775058,0.017449734386484686,16
gene_378,0.6763667062308191,0.0066079914566538975,16,0.09512387844134307,0.020310715157195458,16
gene_379,0.6758848781456199,0.0029845382975766978,16,0.07871119239848343,0.014180193988461395,16
gene_380,0.6778361577213319,0.006808892968127021,16,0.1094734011979581,0.03376978327805544,16
gene_381,0.6778148334454308,0.001685027223871596,16,0.039746307241367365,0.013968196798415652,16
gene_382,0.6744203108448283,0.006717075987403125,16,0.09611445723525425,0.02274927271907265,16
gene_383,0.6686635761444257,0.005614607346790396,16,0.07059463974729208,0.01889092444944285,16
gene_384,0.6747497050978752,0.00952682132328396,16,0.10531776275895766,0.03772896237824246,16
gene_385,0.6755279699917481,0.0029753542244875856,16,0.08313144031539221,0.016763327581723806,16
gene_386,0.677636001894079,0.004809307639371968,16,0.0838255576149748,0.02357507925505762,16
gene_387,0.6798463718558316,0.006156796085065328,16,0.0838346055093106,0.03581622138045637,16
gene_388,0.6734480562752565,0.003889893890821194,16,0.05911482048778048,0.01756768986416646,16
gene_389,0.6801230340140606,0.0021225397907744747,16,0.04473829762622522,0.015344722953469602,16
gene_390,0.6805089931909712,0.004467387531764683,16,0.0676961989696914,0.028511183178033684,16
gene_391,0.6774530177249979,0.0016355041130603578,16,0.04298012590978576,0.011659564541066429,16
gene_392,0.6776357903684475,0.004435948237964848,16,0.0795265326669157,0.026269346638567583,16
gene_393,0.6849705262054233,0.007146977700729402,16,0.1156316382246809,0.04331078089565193,16
gene_394,0.6777041908655105,0.0028101507584084094,16,0.06260271367116381,0.022630674554297587,16
gene_395,0.6750934093901233,0.0052276132747669304,16,0.09457365588489439,0.024580200595356594,16
gene_396,0.6768194234675866,0.0024262163259644153,16,0.06957860450589641,0.015973926434704067,16
gene_397,0.6716012518004626,0.008836478904714706,16,0.12108031200167495,0.02929327534118266,16
gene_398,0.665505994682869,0.006486231789592147,16,0.08420139450105966,0.028521753742505717,16
gene_399,0.6759515921548721,0.003778477021486593,16,0.09586938550643798,0.014958391454142211,16
gene_400,0.7069210553533605,0.0007861349388870165,16,0.045915515530773214,0.0029000267975207287,16
gene_401,0.7069705446771961,0.0006300480379321526,16,0.04314380316212408,0.001590092158681919,16
gene_402,0.7077046036775702,0.0007417023354975184,16,0.04399942685804366,0.0022725547396950955,16
gene_403,0.706477999484154,0.0009557426307625509,16,0.0430244611774058,0.0037967875796603733,16
gene_404,0.7078636110142269,0.0004660535822345902,16,0.04528032406191688,0.0016144504419314015,16
gene_405,0.7072309495750793,0.00029790481051536764,16,0.0441690314131409,0.0014263972541602632,16
gene_406,0.7072958753388789,0.000915736161711483,16,0.04806748122603498,0.003854685176899115,16
gene_407,0.7070545463860449,0.0010001696785943929,16,0.04618827622436189,0.0026410047579250653,16
gene_408,0.7068001882889507,0.0004275677720287064,16,0.04201073333033961,0.0009405979071014483,16
gene_409,0.7067998614443642,0.0010237106541979982,16,0.044612950610255483,0.002902779515436201,16
gene_410,0.7078813692100366,0.0005847973152476734,16,0.0490218131554708,0.00222118238593811,16
gene_411,0.7074552707318831,0.0009016173980083006,16,0.046693938778086634,0.0024737663910226844,16
gene_412,0.7065941938555563,0.000858761001371495,16,0.04417667220323052,0.002160641493710042,16
gene_413,0.70638097443908,0.0015319764456253476,16,0.04563580188790012,0.004374500828196844,16
gene_414,0.7074340016595775,0.0007792219504790056,16,0.04958335160477954,0.002693305907286079,16
gene_415,0.7079529653457936,0.000941604366912146,16,0.04802100291006703,0.0035731068395402415,16
gene_416,0.7083280096685051,0.0006498806395186312,16,0.05102592870022295,0.004333231227875209,16
gene_417,0.707341940419393,0.0010824881799362555,16,0.04631017644758663,0.0037283866357968477,16
gene_418,0.7075141024092947,0.0004216570776270586,16,0.04588874106425617,0.0023617353231011203,16
gene_419,0.7067850954482826,0.0009774186106291675,16,0.044179661484311246,0.0030512695174275376,16
gene_420,0.7080207029715195,0.0006939681284113619,16,0.04576830056861614,0.0029147950193802144,16
gene_421,0.707704944884257,0.0006604362767229654,16,0.04540131322945131,0.0025588211271848254,16
gene_422,0.7067208862822207,0.0007576494464202625,16,0.04427745020389926,0.0015960639866396014,16
gene_423,0.707126979224599,0.001320371933468856,16,0.049763965150219636,0.003570785769329245,16
gene_424,0.7065290970341049,0.0011084410915342578,16,0.04822238049356947,0.0021491836761349655,16
gene_425,0.7069077842827379,0.0007874715659114967,16,0.0431211487978445,0.002242921304193928,16
gene_426,0.7068105433101801,0.001098062661540158,16,0.047289680225426775,0.003164886886972458,16
gene_427,0.7065719663992351,0.001503869374066752,16,0.04466814560212998,0.004639845865591342,16
gene_428,0.7051829157346476,0.0011141355582643293,16,0.042780292982545175,0.003497362126881144,16
gene_429,0.7071537659765832,0.0006973896835513388,16,0.04405181366854011,0.002076557088405552,16
gene_430,0.7067452748698119,0.0006653447527565307,16,0.043575859608983206,0.002344109996897694,16
gene_431,0.7072377560967148,0.0009608517113853425,16,0.04478774101631424,0.002483756435877169,16
gene_432,0.7077045385738324,0.0008012470381961301,16,0.04698587252936845,0.0029460500017717264,16
gene_433,0.7074545433431024,0.0009579747321527654,16,0.04839247923507042,0.0034291713253584853,16
gene_434,0.7074860511647802,0.0014228605219673363,16,0.04604800041966663,0.004869967161245757,16
gene_435,0.7073174627739928,0.0006180261525468634,16,0.04348999950695744,0.0023054343563532354,16
gene_436,0.7072512605080717,0.0008092033644146338,16,0.04724860684813141,0.0023647107018372722,16
gene_437,0.7053549137861921,0.0010318120571546194,16,0.04182558078698262,0.002861818333067991,16
gene_438,0.7067923268880073,0.0012255885964737997,16,0.04803175034899842,0.004004501116952602,16
gene_439,0.7057711959042389,0.0010869754633550572,16,0.04147470655940126,0.001950667548736935,16
gene_440,0.7063065529033452,0.00091295485116144,16,0.04361951210327069,0.002185489528928653,16
gene_441,0.7070547043578357,0.0012434959923076038,16,0.044267744658600255,0.004063894373129677,16
gene_442,0.706846552576761,0.0009744110145086859,16,0.044421986988610954,0.002298213558056368,16
gene_443,0.7069282124959881,0.0006842279812616529,16,0.04529776537717413,0.002929004976945353,16
gene_444,0.7071520440611424,0.0011838635258520317,16,0.046412467198316223,0.005100276953653841,16
gene_445,0.7069440333597791,0.001034708638296389,16,0.04611940401147983,0.0023015551618812253,16
gene_446,0.7073543712674102,0.00040317679650744793,16,0.047529989272861714,0.0019007542131600854,16
gene_447,0.7073557444847169,0.001303474908457836,16,0.04569332195606514,0.00398963954465749,16
gene_448,0.7086274378792793,0.0006770276043979168,16,0.048223417626441854,0.0019969555676519184,16
gene_449,0.7073879891515756,0.00106582325452771,16,0.04419161585844229,0.0032623546395574,16
gene_450,0.7054407352748617,0.000436422125854834,16,0.0434148996903153,0.0014012165415312233,16
gene_451,0.7074419839708679,0.0010609602874280576,16,0.045615768079313716,0.0022157272917837476,16
gene_452,0.7073844602552688,0.0008584771552472599,16,0.04703687650819713,0.002167136977377777,16
gene_453,0.7060778473941504,0.0016039020709188985,16,0.043571432756298115,0.00415147951900014,16
gene_454,0.7071889630173337,0.0007111768270199453,16,0.04638329205362847,0.0020493109015204732,16
gene_455,0.7071684495461394,0.0007323969258615379,16,0.04582422586537125,0.0018228311235909797,16
gene_456,0.7065436906371041,0.0010454760675937974,16,0.04451562745034215,0.003714498275186083,16
gene_457,0.7072020927176602,0.001150456387639945,16,0.04901654094904642,0.002824555337006841,16
gene_458,0.7070336826318235,0.0008506250011898159,16,0.047319865515764434,0.0032849334732089532,16
gene_459,0.7070496257750247,0.0009375634271149118,16,0.0435543094596338,0.003978035953510504,16
gene_460,0.7069777485727581,0.0010836916710590685,16,0.045971277508618326,0.00402562870875286,16
gene_461,0.7073551220587522,0.00048135023437205157,16,0.04673425926812362,0.0013946887363875768,16
gene_462,0.7076010931737121,0.0007637266885492286,16,0.04587721924872571,0.0014490060574957704,16
gene_463,0.7078458970073387,0.0006795531475957303,16,0.0460042809463366,0.002257248976998102,16
gene_464,0.7075541344071072,0.0007006334575997428,16,0.04630226907332193,0.0021788231443570496,16
gene_465,0.7080979740176463,0.0007533876496758347,16,0.045008433788682856,0.0021873123834179674,16
gene_466,0.705984557833439,0.0007278404015815918,16,0.042667651803499226,0.002626826402138758,16
gene_467,0.7068015644845704,0.0003642485211009465,16,0.04824800880416061,0.0029690753950553064,16
gene_468,0.7073702270513526,0.0002643335116640082,16,0.04465211005538126,0.0013845547558969538,16
gene_469,0.7074710311113477,0.0007719205670416386,16,0.044438919284997436,0.0032505316995177507,16
gene_470,0.7074010097477986,0.001851259359936645,16,0.04757753484897082,0.005102118338639376,16
gene_471,0.7075636069414176,0.0008793381539088146,16,0.043059278558980944,0.002850667208772078,16
gene_472,0.7064363570718677,0.0013001559017545255,16,0.043296629885615154,0.00357831042725879,16
gene_473,0.7070345192658903,0.0006817324857103094,16,0.046120966599550374,0.001616601118416111,16
gene_474,0.7061361890455573,0.0013858432788749213,16,0.04601554918579756,0.003739156707050408,16
gene_475,0.7072832672972577,0.000882968792933562,16,0.04677489147315774,0.0029250471450743324,16
gene_476,0.707432158190816,0.0008174888226874303,16,0.04710706287085365,0.002941125051149943,16
gene_477,0.7057773290878666,0.0005385449513417525,16,0.043534428351423154,0.0016409606111360677,16
gene_478,0.7077963129630865,0.0005473725969561578,16,0.04867061373949347,0.0028880558892214027,16
gene_479,0.708015985831868,0.0008737261741694482,16,0.04648806995522588,0.003023266251944578,16
gene_480,0.7068848491102836,0.0009277733499772383,16,0.04653452908529626,0.0030010847272355164,16
gene_481,0.7077632997711648,0.0005761776448515528,16,0.04583888274148004,0.0024844736918909526,16
gene_482,0.7068374165820968,0.0007603512727511376,16,0.0432311740926968,0.0026731180518437467,16
gene_483,0.7077440465314997,0.0009405015705371998,16,0.04620875363827731,0.0029167551759816924,16
gene_484,0.7077788707164173,0.0008270896396387738,16,0.04779149039864679,0.0020570238996245544,16
gene_485,0.7076623042768573,0.0010465930974757776,16,0.046704019864562,0.003677366509133918,16
gene_486,0.705097445647804,0.0020463925844602447,16,0.043519275119533324,0.004773813263769049,16
gene_487,0.7072469480163924,0.0007297951153221557,16,0.04524080012198144,0.0021119289185131,16
gene_488,0.7067360191101526,0.0010771820426083213,16,0.04417398796104478,0.0031757056040748032,16
gene_489,0.7072370600157475,0.0006875635784160957,16,0.04643630590449551,0.002593912458004996,16
gene_490,0.7067994012433203,0.0010557985925182592,16,0.0469329053733847,0.003253036992289662,16
gene_491,0.7075653665184878,0.0006449947671674285,16,0.045924597231315666,0.0021297807408243658,16
gene_492,0.7064835683771586,0.000668840161991271,16,0.046661114477679996,0.0012807514116968046,16
gene_493,0.7075648313706655,0.0010555132278992736,16,0.046908024923996296,0.003754367624960408,16
gene_494,0.7062620399361518,0.0013302788923635614,16,0.04549785574933715,0.0049065181848903456,16
gene_495,0.7050741495153064,0.0006694004217503602,16,0.042481882345435186,0.002003934289359664,16
gene_496,0.7067037903006386,0.001094838304017227,16,0.046797860275117426,0.003210938291621501,16
gene_497,0.7066188163509447,0.0005926082410784119,16,0.046057474472833496,0.0018101100550542567,16
gene_498,0.7066907601196224,0.0007476147751754196,16,0.04282464414514028,0.0023355068980415194,16
gene_499,0.7075950065299688,0.0008115065040336056,16,0.044351589628592494,0.0025010136537772787,16
gene_500,0.7080807090874437,0.00025629708135185267,16,0.04509606388290646,0.0014913762660820852,16
gene_501,0.7080391219222721,0.0010402055929782912,16,0.04619354752819174,0.0026681918266141928,16
gene_502,0.7069204006218702,0.0012965329214279899,16,0.045704218051725136,0.003023192570361194,16
gene_503,0.7072046695606339,0.0018414282205642019,16,0.04703248714237394,0.004995408350566644,16
gene_504,0.707133234557026,0.0013708810586069175,16,0.04634970713875681,0.004235319744916547,16
gene_505,0.7069172673149215,0.0010597210447761901,16,0.04508482644909911,0.0035087136029823833,16
gene_506,0.7071949598264515,0.0006808687498528641,16,0.04485876854944127,0.002613371184473839,16
gene_507,0.7069821982761244,0.0008938353604377868,16,0.0457418910478689,0.0031953903227245344,16
gene_508,0.70616746266724,0.0017437512504307386,16,0.042636007787242566,0.004848101134428389,16
gene_509,0.7054225942093948,0.0007828804890348767,16,0.0444323593642503,0.0031988408207825445,16
gene_510,0.7073455304882063,0.0005987000360985563,16,0.045806792588403665,0.0020463798659268806,16
gene_511,0.7071654381714987,0.0009741153535463528,16,0.04877258586628002,0.004216397380288557,16
gene_512,0.7064232955366457,0.0008483732799977334,16,0.04443670474736442,0.003467423102422837,16
gene_513,0.7082770556693142,0.0009440718795602503,16,0.047911891767438826,0.004156139045215182,16
gene_514,0.7076513816371357,0.000753322323277694,16,0.04817350920187968,0.003818621167745616,16
gene_515,0.7067816746422642,0.001019450248154293,16,0.04283154705506963,0.002746468299155736,16
gene_516,0.7078375391231033,0.0011873794589752785,16,0.047816190791565585,0.004255579204604598,16
gene_517,0.707871292720906,0.0003840328443329224,16,0.045938214034568735,0.0013049222579152842,16
gene_518,0.7070067895702152,0.0007381260474789797,16,0.04450692255408836,0.0027119456588547758,16
gene_519,0.706912829571567,0.0012763617141001611,16,0.046560812476796276,0.0049645980470889636,16
gene_520,0.7072931485080628,0.000774518989409767,16,0.044235297248957445,0.003389477536469633,16
gene_521,0.7062008630764278,0.0009065515285666658,16,0.04493028415762148,0.003951434186714285,16
gene_522,0.707503880397642,0.0010962124149978246,16,0.04400210871072334,0.0032595938463914355,16
gene_523,0.7074701647311942,0.001153693951864966,16,0.047143607333478804,0.0031668278112737375,16
gene_524,0.7066852913438074,0.00159773109727711,16,0.044762770963079825,0.002492176811144705,16
gene_525,0.7070854178307046,0.0004323932807470181,16,0.045129206869500206,0.001394021222950758,16
gene_526,0.7072323846602507,0.0005921666234376981,16,0.0434814186079108,0.0026938165919465407,16
gene_527,0.7074951318791675,0.0010287305378843014,16,0.04887941063521484,0.0027451207247814156,16
gene_528,0.7071523752989957,0.0009744872367762068,16,0.046184503317212675,0.0021820959875842034,16
gene_529,0.7083843922296384,0.0007477411745654517,16,0.047660360991096405,0.002427216313520492,16
gene_530,0.7079894566162627,0.0010261103957931116,16,0.04578272754419093,0.004137062811662692,16
gene_531,0.7073392738565591,0.0010374777424380346,16,0.04845152266894935,0.002558850643780296,16
gene_532,0.7081466567424657,0.0007380464377296525,16,0.04678593763483659,0.0024471420499707613,16
gene_533,0.7073001985174513,0.0012398816488915422,16,0.046914260745072545,0.0027541724581350156,16
gene_534,0.7071894555211663,0.0005284154836855566,16,0.04480524883859336,0.0012791172875308977,16
gene_535,0.7081414168607508,0.0005422479256962602,16,0.04661118362139649,0.0019284908573428965,16
gene_536,0.7075135572266994,0.000929523567086624,16,0.04612150519661267,0.003103845381354733,16
gene_537,0.706240088549038,0.0006270300011578785,16,0.043786202182082325,0.0012809127146534054,16
gene_538,0.7066693249475144,0.0013185366658040193,16,0.04633765651907876,0.006061078213021586,16
gene_539,0.7065673850597455,0.001168346937701887,16,0.04614057929634393,0.004261788624426315,16
gene_540,0.7071212086009291,0.0007831873019315297,16,0.045082379912078446,0.001025715945518827,16
gene_541,0.7063597232939665,0.0011128502262629356,16,0.044564459417332045,0.002856281620937693,16
gene_542,0.7071389757440907,0.0012109695627483927,16,0.049019362143140684,0.0024048110545865985,16
gene_543,0.7074388574023772,0.0008327288243483028,16,0.048139821409031204,0.0029107915311364584,16
gene_544,0.7059950975952839,0.001151886058988857,16,0.043871496777748105,0.0033601256074142264,16
gene_545,0.7066090220512318,0.000727755254031505,16,0.042088192720564487,0.002648107522509536,16
gene_546,0.7073285967183399,0.0011277335770875816,16,0.04551481887043335,0.004228247009348686,16
gene_547,0.7074478884060247,0.0006107026128293169,16,0.04711813699862831,0.0027559137179134423,16
gene_548,0.7070553065767574,0.0006714867333750387,16,0.04450890810288883,0.0023288574895409956,16
gene_549,0.7076528471884312,0.0009584365848884306,16,0.04726399788593798,0.003787476878660164,16
gene_550,0.7078525583992603,0.0007176831544100464,16,0.048161679447653157,0.0024640952108319404,16
gene_551,0.7073803753387905,0.0008089171767148364,16,0.04676319728086426,0.003674813852330418,16
gene_552,0.707921843383203,0.0005044757031090442,16,0.04583504557518797,0.0016478648760089782,16
gene_553,0.7067822557326144,0.0005840818564089534,16,0.04531294129219673,0.0023452593513342123,16
gene_554,0.7061321545368224,0.0007186894824013262,16,0.04492040502697025,0.001505405413996221,16
gene_555,0.7078656312996526,0.0007901879003583927,16,0.04571655871160249,0.003151922525426356,16
gene_556,0.7079367135782617,0.0006442172040002094,16,0.0467524533381803,0.0021513680974854154,16
gene_557,0.7076913004588629,0.0008674872989321105,16,0.046483451697017536,0.0017205509152484432,16
gene_558,0.707840474686387,0.0006049976680377597,16,0.044186467192128126,0.002072873978381889,16
gene_559,0.7081068959714132,0.0003797403043123983,16,0.045107833867347145,0.0014100998005178798,16
gene_560,0.7064432550505594,0.001119387452515644,16,0.044749435255034116,0.0032625641216222456,16
gene_561,0.707605425841097,0.0005779706760434145,16,0.04548836300218598,0.0019423950095740741,16
gene_562,0.7070083741531944,0.0009405586492346186,16,0.04438673411399605,0.002860756794093593,16
gene_563,0.7059858127292942,0.0019067176676448908,16,0.04671748158359968,0.004939467249668308,16
gene_564,0.7061972634485205,0.0007688190331903901,16,0.04328961369596458,0.0027537783116902315,16
gene_565,0.7075574925711928,0.0009784565739905354,16,0.04570221840429618,0.0018198486567079267,16
gene_566,0.7066857317158002,0.0007976600122853645,16,0.04609609657034129,0.0023235093705839933,16
gene_567,0.7074971070847043,0.0009531284825307515,16,0.04464448224840425,0.0032920977145084918,16
gene_568,0.7079049584934165,0.0006911650878861317,16,0.04773975762399832,0.0024636125411379764,16
gene_569,0.7081900260914858,0.0008187646952136238,16,0.04729031400990669,0.0026557219547154788,16
gene_570,0.7077479099714254,0.0008075256715668832,16,0.0486562432766698,0.0029618242900959976,16
gene_571,0.7071051648728894,0.0016247441075416592,16,0.044661596287003766,0.003124914643007466,16
gene_572,0.7069101398026161,0.0007837317378764745,16,0.0430174506382511,0.002666650122772843,16
gene_573,0.7065138265076409,0.0004989217521409841,16,0.0456055389554833,0.0015673856240946385,16
gene_574,0.7077555988754594,0.0005827820819925995,16,0.04897943512661676,0.0020940568772717626,16
gene_575,0.7072042436962058,0.0008085259486184073,16,0.044520884229208024,0.0011338401122140272,16
gene_576,0.707372451521306,0.000610128243104066,16,0.045166195223234104,0.0018822381180427026,16
gene_577,0.7076644282951042,0.0005593676983816212,16,0.04721588818899269,0.002289854386289049,16
gene_578,0.7069639333589817,0.0017875475467149452,16,0.04389374186345465,0.004250349337786887,16
gene_579,0.7069137074269811,0.00057532068670085,16,0.04190359616189885,0.001269888708478178,16
gene_580,0.7061752025243377,0.0016539533726804116,16,0.047567537127841605,0.00655750261347988,16
gene_581,0.707249644580217,0.00067895245159359,16,0.0456812700125748,0.003006081009192118,16
gene_582,0.7073871201847073,0.0013245250294818967,16,0.04809735918760454,0.0028023739644939425,16
gene_583,0.7067539357394846,0.0016702438442426232,16,0.045873745791356904,0.005998635599685491,16
gene_584,0.7076676283444802,0.0006186140039346231,16,0.044782543365701144,0.002587815616643717,16
gene_585,0.7074025218282749,0.0009604136923671634,16,0.04738183849527012,0.0027387476527502125,16
gene_586,0.7071887158185941,0.0007740891761584308,16,0.044396400659626176,0.002897658670867765,16
gene_587,0.7064222187942776,0.0005453567899387086,16,0.044764649091599634,0.0024459507990474893,16
gene_588,0.7050947702559679,0.0011420227415331076,16,0.04326044187442185,0.002892399084704276,16
gene_589,0.7049095799292117,0.0009629839582812586,16,0.0438547303975354,0.002945753827364722,16
gene_590,0.7076523217119401,0.000835547415451068,16,0.04549550103972073,0.0024701815377211073,16
gene_591,0.7080483407873,0.0005903843012197438,16,0.04563680275325654,0.0024281322253676537,16
gene_592,0.708241398105639,0.0005633315636937784,16,0.046747824896901956,0.0026165850355273795,16
gene_593,0.7072230388578238,0.0009776209145912667,16,0.045546264915873894,0.0030209661430930183,16
gene_594,0.705899255949034,0.0013027813663318945,16,0.04428269090671403,0.003868420908631825,16
gene_595,0.7065695994596379,0.0013871333458554296,16,0.04473792313380258,0.0038060106738135213,16
gene_596,0.7073851476086813,0.0010639429190657142,16,0.04633541098271789,0.003434918209789454,16
gene_597,0.7052306710564156,0.0008457918476518543,16,0.04457567682745166,0.0032677843967129547,16
gene_598,0.7073774628217347,0.0009057546658973692,16,0.043284639121330806,0.002170691763432009,16
gene_599,0.7069732391109108,0.0014096697454898705,16,0.04554820401456021,0.004105208684577149,16
gene_600,0.6511611675188222,0.0060687011963060835,16,0.10646782693963767,0.0374453874986569,16
gene_601,0.6573170888335824,0.003590475278942169,16,0.07809060339592265,0.013436668283459073,16
gene_602,0.6449622212859136,0.005215602548875293,16,0.10435179574152223,0.020638313769865,16
gene_603,0.6601051511853637,0.003864698435630234,16,0.08691987769975562,0.02328494141334057,16
gene_604,0.6572401281646982,0.007502906385077829,16,0.12837447615103764,0.032158363633846436,16
gene_605,0.6561851909194591,0.006031857766200061,16,0.09360878672184467,0.019627092887579724,16
gene_606,0.6442781687992791,0.010394928883192258,16,0.1229325985294141,0.02376053091145883,16
gene_607,0.6478739360718422,0.004456829084007109,16,0.13130664173288253,0.04947552895727612,16
gene_608,0.6576791794855003,0.004975485790303225,16,0.10020081332919425,0.023124151485358235,16
gene_609,0.649867674089083,0.002029501908935299,16,0.09331569150155483,0.016930096952554787,16
gene_610,0.6458983728643625,0.009430943168204184,16,0.15895798350023943,0.02688434939727244,16
gene_611,0.6549480258233953,0.0037272327882572004,16,0.09227465104094876,0.01614252611660405,16
gene_612,0.6449305893983113,0.005118451161795482,16,0.08683361211982829,0.024950944470445414,16
gene_613,0.6498991371789336,0.004562918094211969,16,0.08429261904705408,0.01580830226031076,16
gene_614,0.643968097327528,0.00505565011059162,16,0.0914647402732494,0.010019940345978683,16
gene_615,0.6384450641555309,0.015613485717179987,16,0.14842860789578627,0.050077157651574174,16
gene_616,0.6580220691728815,0.007660721404875121,16,0.1286481254189875,0.029809459652909952,16
gene_617,0.6556998418010734,0.010265567312390856,16,0.08562045964387208,0.02015807456894298,16
gene_618,0.6533682351702899,0.0049396889408521395,16,0.13718964909704365,0.028590329689283843,16
gene_619,0.6578550209247814,0.006276227611383279,16,0.08679022697303954,0.02730484357429519,16
gene_620,0.6497660279550749,0.015474881364134913,16,0.11564514503387163,0.04289287390984937,16
gene_621,0.6593344370401598,0.004774908618667273,16,0.11597814599843495,0.021446443488541873,16
gene_622,0.6489138695699511,0.0036806547389800913,16,0.08044949316243125,0.026910973456396245,16
gene_623,0.6571653686985313,0.010480829446846003,16,0.12953886723153457,0.022069914340216025,16
gene_624,0.6696250152963744,0.005365764160737259,16,0.07760042954964962,0.01749203969622735,16
gene_625,0.6534447659007927,0.004933706624275062,16,0.0835379014589627,0.02236122062331462,16
gene_626,0.6468306637815783,0.00836397091725462,16,0.10203159237485435,0.02606760466583444,16
gene_627,0.6531938370618579,0.005656691202776975,16,0.07051670431094208,0.02391659705771382,16
gene_628,0.6544823277737568,0.006335782032676204,16,0.09927219490454772,0.026230557745697165,16
gene_629,0.6554792482930931,0.008532848348950465,16,0.10180548972257712,0.023940673256057463,16
gene_630,0.653471166608589,0.012707516023115501,16,0.11756504262536725,0.043351866291403966,16
gene_631,0.6599069828393157,0.016091995937897882,16,0.13005407481717293,0.03792748191382626,16
gene_632,0.6462267921739336,0.016301283641435092,16,0.16986929797044537,0.05919796034960559,16
gene_633,0.6501715000348702,0.006476886411003409,16,0.10430184280481283,0.011692153537513825,16
gene_634,0.6461950803010509,0.006259023009862873,16,0.14286309436846198,0.03598526305234299,16
gene_635,0.6360512664390805,0.008860507510359734,16,0.13452647532002787,0.04054541466564849,16
gene_636,0.6513720706140254,0.0172495225725574,16,0.18032461195392901,0.045204860721160645,16
gene_637,0.6525105420458991,0.0067784419060183745,16,0.10886614451963947,0.018610525804088743,16
gene_638,0.6516977651110524,0.004389486996819398,16,0.11915388040466293,0.0257996701434669,16
gene_639,0.6528319510887477,0.00756921184075549,16,0.13350889764255558,0.039798820648290587,16
gene_640,0.6499811382684338,0.005292821266499641,16,0.10566298243046242,0.024571121714744366,16
gene_641,0.6587624000577749,0.0015192316418469278,16,0.06297735115788503,0.01638398050841143,16
gene_642,0.6611635489617882,0.013568430026017951,16,0.09331718577996373,0.025038650845720836,16
gene_643,0.6510023366353466,0.00997958497036959,16,0.16462265743186466,0.05472700230881928,16
gene_644,0.6426879097747565,0.011166640227329648,16,0.0992186187281171,0.02184059104537301,16
gene_645,0.6632293522974451,0.01133029046752442,16,0.09132468855238701,0.019579856877942215,16
gene_646,0.6489424049366598,0.006213523469022143,16,0.1134616586964717,0.0459387524693958,16
gene_647,0.6553942746328654,0.006680952941577113,16,0.1045327309555516,0.03336250320372463,16
gene_648,0.6550901560838275,0.00966728430922903,16,0.12185428494537584,0.029601941117297085,16
gene_649,0.6528891727561201,0.01428661608607897,16,0.14645333521382833,0.055126835811758,16
gene_650,0.6602350835943951,0.0076293933816286635,16,0.10703389508383494,0.03968760330640236,16
gene_651,0.6612366949851808,0.006669278659332258,16,0.09658580199199698,0.015191061010047482,16
gene_652,0.6499156411468434,0.008852847917370617,16,0.11690916527227577,0.0266226683446867,16
gene_653,0.6546710172913238,0.006560904546624148,16,0.08196718554508868,0.017823842397025464,16
gene_654,0.6503542418174191,0.005984150091103322,16,0.12823760059945272,0.017294132504630546,16
gene_655,0.6492931993093394,0.00721697844285236,16,0.08698780472413466,0.02168440013701884,16
gene_656,0.667016940498195,0.010226061100386997,16,0.10176558392158068,0.03194496597784254,16
gene_657,0.6560693989078051,0.004350298530784854,16,0.0679635313648966,0.03371320674212737,16
gene_658,0.6484541703780515,0.00667977013637172,16,0.16279272504084827,0.047313929386994,16
gene_659,0.6407678923368237,0.007986338576751595,16,0.07947084144608256,0.019212092300011224,16
gene_660,0.6500039031446986,0.008266745293705682,16,0.1180333322239612,0.03218987114081387,16
gene_661,0.6562840380453476,0.004718906698998762,16,0.09927979021010991,0.01866036760232984,16
gene_662,0.655188716038673,0.00538214371942216,16,0.10205394960989042,0.024191548814367754,16
gene_663,0.646424072489312,0.002370723751425745,16,0.08980030187185205,0.030578716280363193,16
gene_664,0.6508373918020869,0.012228844535896982,16,0.165394584747726,0.05219269509063998,16
gene_665,0.6554929884100447,0.005144243459135899,16,0.076612523522479,0.013132821596904803,16
gene_666,0.6613594395841055,0.009459260832597117,16,0.12855225842343324,0.022775382962135816,16
gene_667,0.6440469455094768,0.0055906594535483425,16,0.12530670586292394,0.025275953655784875,16
gene_668,0.665360840804041,0.004982198520972909,16,0.10229644339708102,0.021468258683170576,16
gene_669,0.6485494626371148,0.007345889584738145,16,0.11685391625621641,0.022154746129369504,16
gene_670,0.652920855223274,0.005437045592638357,16,0.08893508920552826,0.04771398507701774,16
gene_671,0.6406654470397348,0.003709844813127924,16,0.1061170999391985,0.01675900229129751,16
gene_672,0.6527810739883434,0.008621228236130972,16,0.11293680180900457,0.025836225425598033,16
gene_673,0.6623008948845581,0.005762317515791099,16,0.08911126406505153,0.009157448309114127,16
gene_674,0.6462969146100578,0.007484621390352287,16,0.07262533746294304,0.011919255221755885,16
gene_675,0.6474160596820758,0.00888988651495965,16,0.07812559721790219,0.037279857537164986,16
gene_676,0.6562357938928356,0.006557669219450214,16,0.11283821537588523,0.028682479115900418,16
gene_677,0.6543985743205075,0.006961700140995627,16,0.08040906297581818,0.01440913508083438,16
gene_678,0.6601792285978942,0.007713783943762059,16,0.0788899894307147,0.02463142184932627,16
gene_679,0.6650435344289516,0.006362170495203202,16,0.09825050095172361,0.019944323607629127,16
gene_680,0.6537290052022403,0.00698041416494474,16,0.10781942779011346,0.01711542731252375,16
gene_681,0.6668483051937601,0.006561225045802198,16,0.10458858304595862,0.032418725110195785,16
gene_682,0.6557680806010755,0.007861033383564852,16,0.10849294113910825,0.03390456114472482,16
gene_683,0.6561250765720564,0.006559712372881958,16,0.08941849243065976,0.02204440616722197,16
gene_684,0.6535485932331024,0.0036251731624497765,16,0.08487935920093485,0.02050056610245268,16
gene_685,0.6543559171132585,0.007416285931367647,16,0.07760252308843885,0.02101653020342325,16
gene_686,0.6623978722746289,0.00847708011398409,16,0.1056756697720504,0.02902417184154741,16
gene_687,0.6578270072012002,0.004508974801867858,16,0.12723211856925654,0.03079273976617939,16
gene_688,0.6474593170243825,0.014128243351200125,16,0.09487958354213932,0.04026725808429453,16
gene_689,0.6574998509840496,0.008032688845458059,16,0.06074719489406071,0.010316405470635392,16
gene_690,0.656565754709124,0.0067765484951042496,16,0.09705322393290892,0.031133942834981873,16
gene_691,0.6646738051516975,0.011141155399928208,16,0.10779217390088268,0.0569789047891416,16
gene_692,0.6397033990420093,0.004317305210054567,16,0.12759314102708297,0.045875832950359685,16
gene_693,0.6632127429696092,0.011502158252377924,16,0.10780991001504425,0.03095134615003975,16
gene_694,0.6549956858085624,0.006410385923367549,16,0.08264586606265417,0.01132678921872267,16
gene_695,0.6539087711686167,0.010084042334416392,16,0.09046300545218104,0.04189819304915049,16
gene_696,0.6621680501991346,0.006511543847024748,16,0.07723319143018971,0.028954451449997056,16
gene_697,0.6553681129599391,0.005349151005156725,16,0.09893092865493014,0.02295941848571388,16
gene_698,0.6564117210315249,0.008416005983285763,16,0.09505308045717165,0.015578541060988434,16
gene_699,0.6569776757090311,0.006590471533553563,16,0.09385864459693787,0.025367577816763045,16
gene_700,0.6593088101068896,0.007492073015449769,16,0.08310587391875109,0.028911060866434683,16
gene_701,0.6504503214098982,0.007405804049468831,16,0.1167814912345854,0.022399758435828542,16
gene_702,0.6365069826853305,0.010682428843229388,16,0.13601317567951776,0.02843119653542799,16
gene_703,0.6524716779943291,0.004098011595656186,16,0.08490353403531138,0.02087293325491004,16
gene_704,0.6589550903590928,0.003621478719133339,16,0.10357728162692553,0.02480771596078168,16
gene_705,0.6545182824442277,0.0057694858526336455,16,0.13684648292863277,0.03663907011943464,16
gene_706,0.6584282336558562,0.006097053678502399,16,0.10498896004226493,0.026092268320191705,16
gene_707,0.6548659822915214,0.009685819545130269,16,0.13047448623293334,0.04418709060057939,16
gene_708,0.6375621719845387,0.0056372185891160245,16,0.11728567847656358,0.03692861169366337,16
gene_709,0.6552569734070289,0.009790071436792724,16,0.10025409221281735,0.023681099520235362,16
gene_710,0.653231328268073,0.006651728115017841,16,0.12590031367566556,0.036243837429194674,16
gene_711,0.6315199626954897,0.008773452915128637,16,0.10937529706738802,0.022314263863902402,16
gene_712,0.6651669716727281,0.008947130281727016,16,0.0681844713424978,0.020603096700849633,16
gene_713,0.6505042341451203,0.008125596571673836,16,0.099787546117488,0.025981449339830622,16
gene_714,0.6587186585077378,0.008117370358799874,16,0.08497838080111364,0.012911960299822426,16
gene_715,0.647742525141121,0.007402177271811446,16,0.09190326743983553,0.026315663592189148,16
gene_716,0.6605562465349937,0.00623008099533605,16,0.08346316439208969,0.022422607094593785,16
gene_717,0.6531937672684753,0.006378074606494545,16,0.1113668995648112,0.02674255763154218,16
gene_718,0.6501284785944628,0.00877737369392584,16,0.1068192143720244,0.023945095490288677,16
gene_719,0.6484713023661511,0.008563783658976433,16,0.08379951043249285,0.016732822449081124,16
gene_720,0.659738371637694,0.00933517738858757,16,0.13643865129100127,0.03796352063567799,16
gene_721,0.639340496820403,0.007087432445732735,16,0.08134077844933801,0.016974366881683765,16
gene_722,0.6578037382982332,0.0027292679074417117,16,0.10877350303451466,0.017369650339469488,16
gene_723,0.6533099510953705,0.00719691498171656,16,0.15708240163621034,0.040337010732182065,16
gene_724,0.6495264918926285,0.009351151796358271,16,0.12138523733696542,0.027836127925507277,16
gene_725,0.6624310948896238,0.0033509256428871574,16,0.10414328847129631,0.03311985881251806,16
gene_726,0.6589057294186451,0.0066865694985964105,16,0.11557028504348099,0.025472143076419564,16
gene_727,0.6517341522535377,0.0031092579294767155,16,0.1371223875690403,0.016390972312416194,16
gene_728,0.6520668973784287,0.0026024131154917343,16,0.12472142512232981,0.04056798150080734,16
gene_729,0.6612072914798984,0.013818547745587908,16,0.11713469555177504,0.04336829654225511,16
gene_730,0.669735239590957,0.0044928700026885034,16,0.07124999046018818,0.015496917153505626,16
gene_731,0.6496814125544033,0.00863681403250882,16,0.14723778262723958,0.04808314929418741,16
gene_732,0.65040004100566,0.010027568474129778,16,0.09138609724118603,0.02739519245055192,16
gene_733,0.658644980745173,0.009840781437336006,16,0.1274086394891956,0.05091804307630342,16
gene_734,0.6575361513529993,0.005482019268974876,16,0.1013910507510736,0.04772319211949147,16
gene_735,0.6471469620989347,0.005480608277785651,16,0.0656540497852728,0.01860873099595431,16
gene_736,0.6511624775960734,0.008458441436627386,16,0.11050265182465398,0.03189940267541366,16
gene_737,0.6542138251223025,0.006587581904729765,16,0.12070092609375117,0.022490891032358094,16
gene_738,0.6637538222861517,0.003717408454517251,16,0.08073087526672712,0.022013009779267432,16
gene_739,0.6483486713430938,0.004912931953728139,16,0.10466104693774672,0.029475711950557135,16
gene_740,0.6555728285364756,0.008405871383147053,16,0.11992134110970891,0.029727993349095,16
gene_741,0.6396617836314216,0.00937970647130282,16,0.1585398110811493,0.02894465056471893,16
gene_742,0.6482519269543535,0.012927641744804473,16,0.14106581279121125,0.0460122338127607,16
gene_743,0.6512229379714914,0.005882502783810527,16,0.1011259383420996,0.04070439569158659,16
gene_744,0.6538180669800614,0.01547131477739663,16,0.14374008884030728,0.057933083717054225,16
gene_745,0.6581820297183725,0.007689025306877375,16,0.11629296731154089,0.030828916966242476,16
gene_746,0.6614145415085041,0.0058264630343224785,16,0.11009207925570966,0.027946497062488616,16
gene_747,0.6611801784979568,0.005299848293415441,16,0.09366218719904382,0.019246235023925657,16
gene_748,0.654916357560911,0.00767871123657333,16,0.12158851982628364,0.03799809165437492,16
gene_749,0.6578910259013407,0.017254203366824643,16,0.2167831650399941,0.07059788221895716,16
gene_750,0.6614270047907768,0.00666761949260789,16,0.100761283605486,0.020579233711126677,16
gene_751,0.6555993453069702,0.008130938556131987,16,0.1018821517659815,0.02250614257780048,16
gene_752,0.6633566379427697,0.0054275169254767355,16,0.13740651202849474,0.0297229971042358,16
gene_753,0.6632267415988127,0.010446111566116887,16,0.1222796592369716,0.05270314508291026,16
gene_754,0.6522397293555592,0.008214413839784647,16,0.11683803818759422,0.020388320342085268,16
gene_755,0.6411988525067042,0.00758584047335582,16,0.1386595546559191,0.03101581795223957,16
gene_756,0.6577705156808141,0.004995356464878676,16,0.07816054590961784,0.017132016251197132,16
gene_757,0.6519543307757142,0.011515780112614173,16,0.1221665943542084,0.035342253673407834,16
gene_758,0.6419075645735794,0.007150208725516178,16,0.11765058998935328,0.032628014338020345,16
gene_759,0.660559007972442,0.0067701286836223465,16,0.110842626588156,0.028196083609612125,16
gene_760,0.6572281045501699,0.00929716654669271,16,0.09555549733971491,0.034509134317956054,16
gene_761,0.6603793901515191,0.0057555033912184495,16,0.13362211453538134,0.03268891875238223,16
gene_762,0.6528398949663686,0.011523414434354246,16,0.13713147265813652,0.046087287488670976,16
gene_763,0.6621233293595989,0.005261582914105311,16,0.13150796179602486,0.03019686424325418,16
gene_764,0.6549857076131447,0.010074476964888371,16,0.10790539597489042,0.03382865926125236,16
gene_765,0.6597281389405731,0.007871629885591645,16,0.07754975734895478,0.017378835453985313,16
gene_766,0.6571552025550158,0.010688440939725962,16,0.12231163371647127,0.03648771165212298,16
gene_767,0.63635309616882,0.006199286644389644,16,0.11021249873012656,0.034689212968504926,16
gene_768,0.6501937192896695,0.007563564003036028,16,0.13585142793919897,0.032704888920070015,16
gene_769,0.6546471125887892,0.009380804605410098,16,0.12298179562881423,0.027573690683084632,16
gene_770,0.6608239958357629,0.003802285160172822,16,0.07131310374517626,0.013758826724456441,16
gene_771,0.649816970120055,0.005740778847348922,16,0.10373375742180257,0.02020004690670008,16
gene_772,0.6580657237397749,0.008067566102648041,16,0.08599284612800555,0.026486542357576016,16
gene_773,0.6589219778785229,0.005587354611219209,16,0.10705650936504825,0.011709792393115863,16
gene_774,0.6459823508251552,0.009810577906945143,16,0.1306338085075105,0.043281552113983233,16
gene_775,0.6644938332281617,0.00703279340742038,16,0.0973232800482828,0.030090877823650455,16
gene_776,0.6515493867501968,0.009770749727769801,16,0.1309708255816714,0.01644142619044759,16
gene_777,0.6508709454746222,0.007278563640356591,16,0.12807784702682726,0.02524050748837997,16
gene_778,0.6632230049378072,0.004790214583729164,16,0.07906272001474839,0.025788153015701316,16
gene_779,0.643813156119449,0.009942578991883406,16,0.12114771862855468,0.04727540431106144,16
gene_780,0.6590333152323894,0.01091902091749894,16,0.13868901881672266,0.04920309757708609,16
gene_781,0.655466804699739,0.005471742863823235,16,0.06976326516059678,0.01992853634160696,16
gene_782,0.6515878234991895,0.0062458647830459174,16,0.10056382751833612,0.018974547553962565,16
gene_783,0.6666541844927683,0.010427263255590475,16,0.13085556824703296,0.03310856046903807,16
gene_784,0.6489976931512971,0.006873925209906396,16,0.08482218385064594,0.02514076465053447,16
gene_785,0.6560106317343573,0.0071099804386812,16,0.1395215331708264,0.028035952333095714,16
gene_786,0.666860539450802,0.005011663554339863,16,0.09930059641914804,0.029998082449624108,16
gene_787,0.6537689894881256,0.004150488396944179,16,0.09431056103317326,0.023419343301624908,16
gene_788,0.663646619504071,0.004266936341088964,16,0.08359969341855657,0.026902002567820292,16
gene_789,0.6614876259975678,0.006896043952682753,16,0.08972291250146708,0.024982464699232987,16
gene_790,0.6577472893342902,0.007179671222720113,16,0.10774522527551157,0.026748183240749995,16
gene_791,0.6505685333941885,0.004865553273380051,16,0.12244291377703341,0.03190351962414839,16
gene_792,0.6446228926571407,0.013357759206916599,16,0.15299062570020333,0.046407582231690156,16
gene_793,0.6525426565517912,0.006272554556734871,16,0.09931043598975911,0.03184649195907011,16
gene_794,0.657376814120593,0.006691878354890184,16,0.09499893901500668,0.023126124549750226,16
gene_795,0.6580035178652472,0.01015380823722028,16,0.11886847544546353,0.05405200013618277,16
gene_796,0.6477263800975244,0.007815035487442529,16,0.09914676271096276,0.03381083094534982,16
gene_797,0.6569565382748037,0.006823779194327003,16,0.11149461867638157,0.039011862824475114,16
gene_798,0.6530094494927817,0.001939582744400393,16,0.09056828841065542,0.031008131066482005,16
gene_799,0.6557151409973063,0.011379995203759532,16,0.15501397215828855,0.046265514100880485,16
gene_800,0.6764348933878661,0.009549097542540698,16,0.15179226651639904,0.027471518566056154,16
gene_801,0.6745196556698734,0.01198090956144479,16,0.17238426631052536,0.06166461511083239,16
gene_802,0.6672533051910784,0.005104269161022318,16,0.14579985500189518,0.03325579679082534,16
gene_803,0.6724701413400023,0.0037324731121661384,16,0.11130716304082505,0.011180477194323222,16
gene_804,0.6711429529781405,0.004301011200105996,16,0.10897730316224022,0.027684093751131886,16
gene_805,0.674931624028009,0.005026497571596611,16,0.10585901768563867,0.01906896206051594,16
gene_806,0.6698528006451377,0.010540875561715258,16,0.16221244594707646,0.050422767966586346,16
gene_807,0.6633468379918502,0.005365689539830624,16,0.09712682384499208,0.018434638263114374,16
gene_808,0.6647726391214839,0.014872238979031784,16,0.18106202655400944,0.07097297739588676,16
gene_809,0.6753888086273934,0.0033596199610431777,16,0.09121864799100253,0.020696628525120535,16
gene_810,0.6682327628359456,0.00563554357509701,16,0.10347229523256765,0.015635877394662347,16
gene_811,0.6711014077243137,0.01108936320830035,16,0.1446056098174726,0.048634842278657164,16
gene_812,0.6638692743703166,0.013205816997145924,16,0.11709445833228199,0.03453121681542909,16
gene_813,0.6794505344381006,0.01841710334995068,16,0.1753721420353686,0.07295653469116833,16
gene_814,0.6732455265605264,0.01139379999672259,16,0.16252585860718644,0.043788679155308485,16
gene_815,0.6735246102372661,0.005915769988421289,16,0.1337048067204018,0.02360911470288446,16
gene_816,0.6739466690374095,0.0018457749459322966,16,0.08985969095750557,0.02278508955814319,16
gene_817,0.669180386538259,0.004133964761077747,16,0.11184695509552135,0.026703292631964044,16
gene_818,0.675771202010634,0.006544183778202539,16,0.1352856498454206,0.03683939156786004,16
gene_819,0.6688422964724569,0.007305524554021618,16,0.11205403263029069,0.0246259328138715,16
gene_820,0.6763482940339816,0.009634643965666273,16,0.10903971663352978,0.027016611773389702,16
gene_821,0.6717450330386641,0.006740744793930198,16,0.12915383766121785,0.032170084787875135,16
gene_822,0.6698730151809708,0.0101999917535796,16,0.1318734162651171,0.02895695894650009,16
gene_823,0.6816872004945937,0.0041234542746659015,16,0.09533005380744713,0.010946287299267351,16
gene_824,0.6705950668978748,0.00573807380682554,16,0.15713797604835544,0.02745819943252333,16
gene_825,0.6739262631882508,0.004027927421793414,16,0.12079654872111759,0.025705412737028862,16
gene_826,0.6718209578225105,0.0049976131095618385,16,0.12575334299508173,0.02596274267548455,16
gene_827,0.676260920464149,0.004781329984714692,16,0.12216410372651386,0.01655869629267633,16
gene_828,0.6709536098363234,0.004664487273974038,16,0.14626854629726363,0.03381331437374358,16
gene_829,0.6724403154629236,0.004124660602179665,16,0.10461547504506531,0.011888606161397764,16
gene_830,0.6723724091135778,0.007396051669311766,16,0.1236067832067966,0.0330597692264144,16
gene_831,0.6707878825385365,0.0032974717805969085,16,0.11101948185969421,0.018933305257815603,16
gene_832,0.6746656549383203,0.004654698816611726,16,0.12732544751415795,0.027235681387278235,16
gene_833,0.6792952294625817,0.004878468755031523,16,0.11864753839545865,0.021473401741795663,16
gene_834,0.672549452681248,0.006274945155916254,16,0.12867899051514986,0.03537786875500093,16
gene_835,0.6740965981629456,0.007857952561794355,16,0.16672085447830806,0.02791653061931,16
gene_836,0.6823321106918552,0.023154504416326868,16,0.2211991588756087,0.09713678166498782,16
gene_837,0.6670979869020157,0.00535169986734709,16,0.1145007568291738,0.0237084603125568,16
gene_838,0.6639668740377137,0.009214401915561728,16,0.12452068425382308,0.038934026127494435,16
gene_839,0.6717545265795948,0.004383029660296891,16,0.10667607438172168,0.030612844950863694,16
gene_840,0.6631349707838606,0.008822643880776517,16,0.1389932416020154,0.04392672690164704,16
gene_841,0.6724269621798582,0.004939924465409155,16,0.11275028210206897,0.020661167866441187,16
gene_842,0.6687090975694795,0.012316505502921677,16,0.18140947152819456,0.06392534633457297,16
gene_843,0.6708364401860103,0.006301316650693436,16,0.11735610409292689,0.02712801436401794,16
gene_844,0.6756317278070095,0.004398180564906225,16,0.11903675785266818,0.03803976533471782,16
gene_845,0.6773934539281019,0.006866735474682513,16,0.1518099964476725,0.031204950924171745,16
gene_846,0.675854430053907,0.005277250398259351,16,0.13963234321063714,0.026505619177037417,16
gene_847,0.6764714899608215,0.004440409076041445,16,0.10782865723234314,0.016734768927056273,16
gene_848,0.65918922125415,0.008981867208577108,16,0.14906622626789426,0.026767059058097162,16
gene_849,0.669648232999395,0.004006552853398114,16,0.1105059960331336,0.029240179002302132,16
gene_850,0.6814156273971189,0.004277510172684402,16,0.13146738625382667,0.031600614966138536,16
gene_851,0.6694339125602181,0.0041190940377043754,16,0.12657590988871784,0.03283667097820168,16
gene_852,0.6756050117254967,0.00428585527826451,16,0.10412397649114366,0.01894430847482914,16
gene_853,0.673075902548433,0.0032220218065670617,16,0.11791469209415538,0.01905092930316592,16
gene_854,0.677237664345479,0.005834579535652785,16,0.12496707511188711,0.01843049592290274,16
gene_855,0.6765161518979841,0.0029032692158558345,16,0.11562633043341812,0.01473499334691455,16
gene_856,0.6778593317281515,0.007691099889734345,16,0.11635903357333173,0.027546346043677044,16
gene_857,0.6576169227320534,0.005136994811893009,16,0.12460054907963275,0.02084963021850364,16
gene_858,0.6784081629741227,0.0033230796898831017,16,0.13045809869624855,0.02737047038050472,16
gene_859,0.6772444209752272,0.002642567955468407,16,0.10236226516955689,0.01695673389017406,16
gene_860,0.6774021946844907,0.006628545515417296,16,0.11649182510800932,0.02841510727395711,16
gene_861,0.6691169013482419,0.0033727187919157958,16,0.11927130439117599,0.024892165098989956,16
gene_862,0.672252662496709,0.006884392257927923,16,0.1382581595365586,0.034775685160531485,16
gene_863,0.6692110644572006,0.006709908684148978,16,0.14400919101384302,0.03546760091819062,16
gene_864,0.6709910845196104,0.004645089740423983,16,0.09800255827875437,0.019364658800587135,16
gene_865,0.6674836197691242,0.00624686311078406,16,0.10368388328601263,0.023706637132565465,16
gene_866,0.6691086116393556,0.005725381045449049,16,0.1319978207827712,0.02578738394987201,16
gene_867,0.6662161152257676,0.007529561012561417,16,0.13902568219796094,0.013902501739012339,16
gene_868,0.6744121880066006,0.005886984703749698,16,0.15407373701337795,0.01979498766813144,16
gene_869,0.6784697889486655,0.0043959449053203046,16,0.08327908285509956,0.021362508523723914,16
gene_870,0.6744572845742609,0.014413139744392421,16,0.1793080743059259,0.0566793354257797,16
gene_871,0.661103493863209,0.007087048594222365,16,0.12519768831472955,0.03171583689993586,16
gene_872,0.6809319619432026,0.006328939405151923,16,0.145330677952584,0.03114047982713914,16
gene_873,0.6692555762383229,0.007563504777959402,16,0.15658481130884133,0.04813619825748133,16
gene_874,0.6615289018046103,0.012641079889680086,16,0.1517870654202328,0.042304090574634905,16
gene_875,0.6739898149493138,0.00602334255499243,16,0.15140309566770718,0.025435955788170397,16
gene_876,0.6800707297000271,0.019075224281507926,16,0.2157511634187296,0.08934078488026347,16
gene_877,0.6700245446363439,0.005266757824289356,16,0.12044165871577406,0.02632177105708741,16
gene_878,0.6729924552119685,0.0038271968241340155,16,0.14781137493844326,0.03325274103761743,16
gene_879,0.6726726257549149,0.004078963099328439,16,0.1171947217270102,0.024623097580502427,16
gene_880,0.6657213037857768,0.010914434328563018,16,0.17062025930230112,0.043232723630582226,16
gene_881,0.6716341284252236,0.0070486199407211285,16,0.13790282418347385,0.03148155804913882,16
gene_882,0.6654603199543981,0.006945539363617081,16,0.11731776482685921,0.03186822336810388,16
gene_883,0.6708233052239971,0.007330918790294151,16,0.1296635090184651,0.049825852973889945,16
gene_884,0.6769495742225156,0.0013390407180671764,16,0.11593959217357319,0.014383162465105912,16
gene_885,0.6728465747683781,0.0021752654596852113,16,0.08650160002706463,0.018737035246080856,16
gene_886,0.6707870487253302,0.005977217032792298,16,0.129155973238526,0.02712160183752045,16
gene_887,0.6710618642746777,0.004104710794822929,16,0.11635978651526416,0.016817307882188902,16
gene_888,0.6718197823104008,0.0020152861079052544,16,0.10599250853617558,0.022341800486246306,16
gene_889,0.6751020111173663,0.006840330495708146,16,0.11949273884466972,0.025799669195382326,16
gene_890,0.6744384538812811,0.005527663607741318,16,0.11131489138325147,0.03472242835447652,16
gene_891,0.673805595159207,0.007513524520960471,16,0.17478814905954737,0.022588864204255526,16
gene_892,0.6677551651583236,0.004776436725634968,16,0.10118683841030375,0.0171271074116356,16
gene_893,0.6706350576077168,0.003514932300430466,16,0.09246771654330904,0.021254986040511084,16
gene_894,0.671093315683464,0.015540977781697917,16,0.15462183726448264,0.05047102939643959,16
gene_895,0.6679440560539144,0.004225165419723782,16,0.1195654487694752,0.022323182766149762,16
gene_896,0.67069287307435,0.005997249240659839,16,0.19157856533907835,0.03281018374741554,16
gene_897,0.6600405741091907,0.008687264387339834,16,0.1743064072459269,0.047097668741639565,16
gene_898,0.6626877469969762,0.004727560792229598,16,0.07875632618111884,0.01726103109463086,16
gene_899,0.6723746403010468,0.00420995564844759,16,0.12015921769166302,0.019847103484010753,16
gene_900,0.67102926172013,0.0030511460993395503,16,0.10431410316994869,0.025775431444258905,16
gene_901,0.6779218176281425,0.012176682747093744,16,0.1442268602954365,0.04729100998258235,16
gene_902,0.6757575912070904,0.01135224925562362,16,0.186180316708968,0.047287885893134346,16
gene_903,0.6721451193995507,0.005255646597648232,16,0.10753958749431702,0.025360667813509027,16
gene_904,0.6679059184315923,0.008209212756057592,16,0.11865381657002613,0.02750908255860508,16
gene_905,0.6753723974661188,0.00442030275761121,16,0.14300238241565846,0.014480773016971588,16
gene_906,0.6748083529986612,0.009942652019556079,16,0.14116243037157722,0.03812499328961659,16
gene_907,0.6728130163315995,0.0026004663605606547,16,0.10471769998156513,0.02078275127595862,16
gene_908,0.6710068134399527,0.005186568854761409,16,0.08116959886330158,0.02145384232159575,16
gene_909,0.6701559866473701,0.004111711285390145,16,0.10876879435048603,0.02745581450431807,16
gene_910,0.6764814277148117,0.004144534088524987,16,0.11435022368945554,0.0235977580815051,16
gene_911,0.6687821787747963,0.009140768870414722,16,0.1145257332551437,0.049700918462762034,16
gene_912,0.668712515513067,0.008348785268598256,16,0.1360089314477033,0.03403179734597767,16
gene_913,0.6760636450576488,0.004390196169759803,16,0.15285608607690815,0.035949859437080914,16
gene_914,0.6749124112163156,0.005170773040059823,16,0.11848268386134006,0.03210849106840406,16
gene_915,0.671007168029615,0.003990568939918265,16,0.12419972632632714,0.026970116669903944,16
gene_916,0.6688179817264082,0.004302221729431164,16,0.13800437170959498,0.03303153165129038,16
gene_917,0.670328686453132,0.002271512879547184,16,0.1524824118226807,0.02162723149629878,16
gene_918,0.674427698558434,0.007198362036208425,16,0.1805646368404352,0.02933330356091464,16
gene_919,0.6739865366273162,0.005078718983553557,16,0.11925760366337235,0.02912771979001646,16
gene_920,0.67550599822938,0.005485611638307217,16,0.1112491878216986,0.04526340670070564,16
gene_921,0.664884676664653,0.007184561491954927,16,0.12600524304189203,0.01692907040040343,16
gene_922,0.6821192278997948,0.0066001263987525574,16,0.15074920835855443,0.01970877768659399,16
gene_923,0.6691491068946045,0.006833322980498446,16,0.1816965330837366,0.03411067542762283,16
gene_924,0.6697261800545379,0.004118720875777174,16,0.09979661030985477,0.028237633869569147,16
gene_925,0.6681048736254148,0.004894110266080736,16,0.10764916648535486,0.021890097308558842,16
gene_926,0.6711703038707795,0.0061985555021318965,16,0.14458793049146554,0.03148779962257232,16
gene_927,0.668073210860979,0.00665866012869822,16,0.13930044986101747,0.03438498308551774,16
gene_928,0.6695022831787177,0.006515732138226708,16,0.13656441085462304,0.029051315133696565,16
gene_929,0.6699808160645981,0.0033765316179942806,16,0.10919937212379585,0.014522804586743574,16
gene_930,0.6720926785482001,0.01075356936402863,16,0.18135060078569357,0.01733342130978694,16
gene_931,0.6731299688953648,0.007093321379300457,16,0.14059612489819262,0.023591434569884155,16
gene_932,0.655970555273401,0.008139228724437857,16,0.10966033389689803,0.025078749089841288,16
gene_933,0.6733416048617872,0.004921903853812516,16,0.11911256031330451,0.039098729547419594,16
gene_934,0.6678724957378606,0.0047678715430556845,16,0.10952780132274462,0.031111710868198472,16
gene_935,0.671028252044696,0.004791105509549566,16,0.10786245510660776,0.022512744968544534,16
gene_936,0.6702202837331495,0.005701773989210609,16,0.1488995272558727,0.013949444380454042,16
gene_937,0.6735396995558268,0.0019803068263470258,16,0.06651640534207136,0.012400472467308441,16
gene_938,0.6717953034456472,0.004963798340756573,16,0.15642155229174395,0.02412483364498137,16
gene_939,0.6726261858244572,0.012174519880430505,16,0.15466693366574702,0.04573336527401443,16
gene_940,0.6766843962393118,0.004301198689962221,16,0.13028339766589428,0.020923643578520924,16
gene_941,0.660974731474999,0.008936976824671608,16,0.12660813705529697,0.03748404949600611,16
gene_942,0.6727622727036137,0.0031881070578960165,16,0.10752214286035905,0.018772079385478403,16
gene_943,0.6712231215062368,0.004134818539028555,16,0.12178552198088828,0.034779985691922095,16
gene_944,0.667717103280042,0.004513677835451931,16,0.0971778674139053,0.027968375624576537,16
gene_945,0.674063068216311,0.003510986994965113,16,0.10162956067789741,0.009625355041858016,16
gene_946,0.6758259080528034,0.004612121416552646,16,0.10652467874170209,0.03191690988533845,16
gene_947,0.6746266350249855,0.004172080230546243,16,0.135812379059771,0.02776171098353533,16
gene_948,0.6737511557447954,0.004372834849678492,16,0.1193509728815688,0.026863474146049806,16
gene_949,0.6679269037324458,0.007237182870642096,16,0.13079799951033663,0.02895530385912674,16
gene_950,0.6578282483723801,0.004854311242124103,16,0.12532227137736873,0.0169337481581164,16
gene_951,0.6735639952724064,0.002707030888864966,16,0.14173247051668356,0.03016750587394004,16
gene_952,0.6586488385206583,0.007717616614264198,16,0.11633172820749088,0.02616453414834246,16
gene_953,0.6652292231972066,0.004635276127937329,16,0.12806430442605166,0.024605002722835688,16
gene_954,0.6713329322512434,0.003259731518969578,16,0.08735247706084127,0.014074734768558484,16
gene_955,0.6710692781994503,0.003352416718659073,16,0.12483494287177206,0.02536525841960167,16
gene_956,0.6736851989289591,0.007891197290228174,16,0.1276958537001496,0.025596713096619598,16
gene_957,0.6755568563171233,0.012461058007250125,16,0.14952988933986316,0.05407090093461519,16
gene_958,0.6781554053038049,0.006490288153219323,16,0.16650167803560495,0.03415806476008709,16
gene_959,0.6730963436743763,0.008557723692970327,16,0.14285472082132372,0.04702445609336864,16
gene_960,0.6786934984422524,0.0034429894570748684,16,0.12854033134399787,0.03116931735533845,16
gene_961,0.6654654350033655,0.007149201103666186,16,0.10186493379726705,0.026543081368330168,16
gene_962,0.6740294980944488,0.009834408304504499,16,0.18109162696562905,0.06564683193798469,16
gene_963,0.6571234937782398,0.010347105461118205,16,0.105579232804591,0.026036642058248585,16
gene_964,0.6689646164002269,0.005174074183978895,16,0.14192459577160185,0.0271319512820534,16
gene_965,0.6663684741631478,0.00948170460149547,16,0.1312313214303901,0.03049356626220121,16
gene_966,0.6720050087408954,0.006447655412283562,16,0.12755603180259026,0.02167550935034641,16
gene_967,0.6755342741370185,0.005288226822154313,16,0.16404226174116113,0.03843394927349519,16
gene_968,0.6675109516987893,0.010251215022028765,16,0.1598482829060822,0.056851764113689196,16
gene_969,0.6715846484935403,0.003121513623377997,16,0.11513129409274629,0.018638719703790572,16
gene_970,0.6682544736467562,0.010458529714860434,16,0.1332710977849403,0.040819603942903064,16
gene_971,0.6635367039054946,0.006162754183352338,16,0.11924988852593445,0.024984743252273813,16
gene_972,0.6709097878138254,0.004593235758690679,16,0.13093824569670023,0.01763521591791094,16
gene_973,0.667108335733759,0.0068562720017011315,16,0.11989419765723455,0.031760142596024596,16
gene_974,0.6686187767189002,0.005834026292435572,16,0.14767923988594195,0.0177306532436207,16
gene_975,0.6685183484463786,0.005060866073202848,16,0.1293234645088446,0.03264864320194728,16
gene_976,0.6631292043375561,0.008377476069148945,16,0.12209200883644164,0.03160831245594208,16
gene_977,0.67755858037969,0.005682359130306384,16,0.09320572041293909,0.018944981709839274,16
gene_978,0.6759546231520706,0.00579867864815507,16,0.13686764949308922,0.042569466682546984,16
gene_979,0.6697483519088834,0.006187144006177503,16,0.1090961309638616,0.017624462761122273,16
gene_980,0.675226494359883,0.003436497674578201,16,0.10273189210275131,0.022792165943384377,16
gene_981,0.6752194789141844,0.00421530830287158,16,0.11432429405531044,0.02409278885782255,16
gene_982,0.6708799812138669,0.004928996848353738,16,0.11578677522110306,0.026164113191075398,16
gene_983,0.6759941897279386,0.0093059985861485,16,0.11915429170703476,0.07022230710159466,16
gene_984,0.6641512360563562,0.007569055753759286,16,0.1598890190759595,0.04595223559115432,16
gene_985,0.673754817330188,0.005835878220945311,16,0.10859793315778186,0.026477961411531057,16
gene_986,0.6808361515567639,0.002983027441067243,16,0.1102530873859514,0.011613282723086213,16
gene_987,0.6810346345033726,0.010164310790033868,16,0.1699175872595451,0.06300051306815342,16
gene_988,0.6707585690457362,0.004292389118852727,16,0.1081508586708204,0.025906396451291076,16
gene_989,0.674072334543588,0.005837515170054992,16,0.11581246607563775,0.0210236979748621,16
gene_990,0.6775402649974595,0.008721916444124065,16,0.19575362101625315,0.03869689337044076,16
gene_991,0.665153852703807,0.008017233958775048,16,0.1146547593088924,0.027142241614094044,16
gene_992,0.6743775834570221,0.00705208092497281,16,0.12333281635933063,0.029737073918180118,16
gene_993,0.6754043070226086,0.0030516216718320345,16,0.11551813279279564,0.02108329143065217,16
gene_994,0.674341101722531,0.007401383449057615,16,0.11494703916902285,0.034092312557687195,16
gene_995,0.6697780414713824,0.003012113139546315,16,0.10699799726871213,0.03216588464366378,16
gene_996,0.673302069592063,0.004946922884286787,16,0.11589252747109355,0.023456400405865194,16
gene_997,0.6791703930239188,0.00587947937867456,16,0.14092966158338055,0.03755908479593289,16
gene_998,0.669166347845039,0.004760492443419278,16,0.1351724369506858,0.0229822426816337,16
gene_999,0.6662960564325059,0.006091638586932278,16,0.12091862463636084,0.029290572344029632,16
gene_1000,0.6429692680571553,0.0057883172537051275,16,0.08152027344014069,0.017256178916917442,16
gene_1001,0.5898074471985573,0.010658420725830639,16,0.1659387764829769,0.044550192718910746,16
gene_1002,0.662250281808835,0.007359698127253904,16,0.0726942396156451,0.011938770123139349,16
gene_1003,0.6038317266225306,0.013787337339973843,16,0.11006506897415438,0.024375680054760627,16
gene_1004,0.6200648720466277,0.028034814822856035,16,0.16604864907699307,0.05456822964805207,16
gene_1005,0.6586200298780804,0.009530826833645806,16,0.12792185374091788,0.03142630015030506,16
gene_1006,0.6292316743140205,0.012506137738103894,16,0.087660351398823,0.023496806015071654,16
gene_1007,0.6438197048552528,0.015522490533254916,16,0.10743227243446464,0.04900565085218415,16
gene_1008,0.6272847220892753,0.023452292338022273,16,0.14883441660077631,0.04215606470977913,16
gene_1009,0.5824708694056077,0.017884643530870877,16,0.13983925563544458,0.0664210518048111,16
gene_1010,0.6282209665825221,0.007946765739675454,16,0.1231975025638865,0.028687083034764225,16
gene_1011,0.6422950617771024,0.009466465436732656,16,0.09573990637391333,0.01643013856264383,16
gene_1012,0.6318178661319527,0.00795567402275685,16,0.09536757930412208,0.02449625839474498,16
gene_1013,0.6501108354101715,0.009802432088446625,16,0.10566004263379104,0.041872907277329154,16
gene_1014,0.6223421271918685,0.017385706293016882,16,0.12816383295475364,0.04519228435337819,16
gene_1015,0.6314400527381318,0.0226309149153232,16,0.18640407607210788,0.0786061875234876,16
gene_1016,0.5943995329910385,0.031085613034056173,16,0.13062294537689143,0.05818951478822784,16
gene_1017,0.64569882415535,0.007947201702768962,16,0.09639350451671264,0.025415669762843412,16
gene_1018,0.6346732958995546,0.02271067594403567,16,0.10929126025652461,0.056702256647515284,16
gene_1019,0.6234477505427214,0.008671808694543467,16,0.0901963933847772,0.02559439835377599,16
gene_1020,0.6218768327348949,0.010671247076003018,16,0.09142113954455401,0.03557793118866749,16
gene_1021,0.6099686101429368,0.016827926751307974,16,0.09526227424734829,0.035474356587132196,16
gene_1022,0.6058991208705181,0.008491135292034368,16,0.07379898274320912,0.031365743293565215,16
gene_1023,0.640389268968621,0.012296423392755614,16,0.0825983154134819,0.017958673892823462,16
gene_1024,0.6256519625427209,0.03077024040130701,16,0.2084994205800106,0.0462868832464508,16
gene_1025,0.660616785703607,0.0057084656588022266,16,0.07410416606741141,0.04005640065415991,16
gene_1026,0.6628468815744334,0.011979759827274,16,0.09372936602292135,0.025880280128655654,16
gene_1027,0.6628427154368676,0.005767421225086299,16,0.06357348176050512,0.012581908433946423,16
gene_1028,0.6657679652767908,0.006307072344874111,16,0.09933742140611514,0.03401869643673987,16
gene_1029,0.5935871736999783,0.009095912343612204,16,0.051639914827382824,0.013747526794781301,16
gene_1030,0.6453112628650245,0.015179289155420665,16,0.08993764440883745,0.024774758024538674,16
gene_1031,0.6215233170056605,0.013689062434265903,16,0.10889139448617706,0.04046198872701575,16
gene_1032,0.6418371608494664,0.02224381454072961,16,0.1312282966497259,0.0464377195953799,16
gene_1033,0.6261521386070485,0.01047708952752564,16,0.07568724168192441,0.027861254752198573,16
gene_1034,0.6326218604404517,0.022857596572513548,16,0.1377118630784435,0.0686090026173458,16
gene_1035,0.6512549537491948,0.015110509688157714,16,0.15513024285589708,0.03105358864952534,16
gene_1036,0.6505601336595913,0.011500035334426513,16,0.0901663267329704,0.02322970329171393,16
gene_1037,0.6474555926807269,0.014878660993039236,16,0.09530967863133394,0.03587703936002498,16
gene_1038,0.6408019521180558,0.019934668800061103,16,0.11262378313340402,0.04296911979396529,16
gene_1039,0.6719369485984925,0.00518089884935942,16,0.07228651972093933,0.01800057987748348,16
gene_1040,0.6687428276621487,0.00451628056396864,16,0.07256337459721554,0.018060521729753937,16
gene_1041,0.6305774117881854,0.012304614870345088,16,0.09368591666276277,0.03074469055733483,16
gene_1042,0.6472792727685964,0.00813229799294143,16,0.14157576218305568,0.05302689952159548,16
gene_1043,0.6284572544629659,0.009420916273283451,16,0.08605282355194424,0.03388352868065349,16
gene_1044,0.6392439363621745,0.00897051102317263,16,0.07539737774879784,0.021766264912057614,16
gene_1045,0.6635869173937682,0.007367745529054671,16,0.09776684136194383,0.021783375369886032,16
gene_1046,0.6184119718892953,0.018336193679992896,16,0.13138269584469006,0.044517377647437205,16
gene_1047,0.6364560501218954,0.02656928095129257,16,0.1799116150568692,0.08268308916658136,16
gene_1048,0.6398511353509551,0.01712861903767685,16,0.13976480748730383,0.03351047903457348,16
gene_1049,0.6822134722552962,0.007477589666968274,16,0.07588313545415573,0.01579204432194593,16
gene_1050,0.6489394712143116,0.006928567124430337,16,0.05060118465810895,0.016393854907888382,16
gene_1051,0.5814323200299905,0.023057553475731567,16,0.18310950327667655,0.06859990060048328,16
gene_1052,0.6324078081463756,0.016717418124651395,16,0.1528897540424943,0.05453788872028558,16
gene_1053,0.5746442769253235,0.03712233556315611,16,0.18438802006614288,0.06058911153882499,16
gene_1054,0.6366754681067823,0.006553117080695562,16,0.10815262310147117,0.02165930661052194,16
gene_1055,0.6250149728271291,0.009105525432362266,16,0.09294222902874996,0.030835887104723524,16
gene_1056,0.6609195982983546,0.0053395493888709605,16,0.09044212743004404,0.019730318123260506,16
gene_1057,0.6497614439782862,0.009101942271008015,16,0.07958936784069164,0.024063603069756617,16
gene_1058,0.6580663189045324,0.008118638213212345,16,0.06463330356335814,0.02863029484031366,16
gene_1059,0.641450777961262,0.006168831307256052,16,0.13925054132884748,0.03439940684305376,16
gene_1060,0.65351358871621,0.011649551124670596,16,0.12033328009432434,0.043056286593558514,16
gene_1061,0.6496890792108597,0.006922857590705267,16,0.0797270799499783,0.015930867819743358,16
gene_1062,0.6394683766233232,0.014086287480737428,16,0.07687645379333188,0.02782239664694507,16
gene_1063,0.6104532106961404,0.021239294936809386,16,0.17530880243479213,0.06543378687948029,16
gene_1064,0.5948459061335178,0.028068026707587335,16,0.15803080602349043,0.055768321655533,16
gene_1065,0.6326713727682751,0.015228799751789437,16,0.08204153980948102,0.021103426694538005,16
gene_1066,0.5889764248429015,0.017730904068470697,16,0.1776862620782215,0.06891982137853765,16
gene_1067,0.6594556021308946,0.008825132219686229,16,0.07444058071864361,0.03139655687409455,16
gene_1068,0.612269952931974,0.02125038775522181,16,0.15332541576467182,0.05592584414640643,16
gene_1069,0.6630490899238363,0.012444288322012432,16,0.11954024621272338,0.039312692732684625,16
gene_1070,0.6261471347944735,0.015959815931887417,16,0.11932371716790802,0.025597358730546516,16
gene_1071,0.615494167607157,0.03090313328011896,16,0.19723655928656567,0.09752548209690794,16
gene_1072,0.6211729650256848,0.014795957379599009,16,0.09553835611662766,0.0488182052557583,16
gene_1073,0.6268014545076901,0.016005058216799095,16,0.11404269094347019,0.057108882345943905,16
gene_1074,0.6045811528555282,0.04054206319411176,16,0.1616234611936331,0.08995267282929388,16
gene_1075,0.6575869595639252,0.01186899709485113,16,0.11175154215690047,0.03581662240431617,16
gene_1076,0.6353866502723121,0.01226484865327273,16,0.135637063977005,0.04555600572825979,16
gene_1077,0.618432249298117,0.006597046728108788,16,0.09537095346406156,0.024841592853616673,16
gene_1078,0.6667350778097236,0.00776613013653906,16,0.0717831978560417,0.022802766329508603,16
gene_1079,0.5841528810421333,0.012068267707545864,16,0.13949774059863135,0.033828528933863275,16
gene_1080,0.6575841698195805,0.01150209871596918,16,0.07810428387859311,0.018600141835036943,16
gene_1081,0.641226504640922,0.006542387782565025,16,0.08427029632314302,0.02285309094073538,16
gene_1082,0.6435588970771928,0.01140257257577543,16,0.1087229446535901,0.04127460857249009,16
gene_1083,0.6003939541082622,0.024639344538076022,16,0.20105394196222953,0.07124033851396591,16
gene_1084,0.6408539949994537,0.010076557938490296,16,0.0793446360659125,0.0202729166589106,16
gene_1085,0.6289916247308053,0.019004726062112728,16,0.14257152919431215,0.050638044223360254,16
gene_1086,0.6521649356065603,0.010125517933301287,16,0.06533126493714561,0.025057184181296405,16
gene_1087,0.643811749538984,0.02395612098760241,16,0.1468647875787392,0.074167277358311,16
gene_1088,0.6075844722034706,0.03898201653943687,16,0.19274608349791322,0.1174750057892517,16
gene_1089,0.6339136837340004,0.020124154638781477,16,0.19068105336464683,0.053285770135366596,16
gene_1090,0.6230247199445197,0.01871176561568118,16,0.14844690990784148,0.037593173144137355,16
gene_1091,0.6296339608998852,0.013954246012139434,16,0.10014469115262363,0.031987702954735686,16
gene_1092,0.6244204918319298,0.011508294484419772,16,0.10758539042982637,0.04003292923111539,16
gene_1093,0.6481082532955759,0.011120045527114854,16,0.08870200648216386,0.03326049850478566,16
gene_1094,0.6451406360487024,0.012732637580824614,16,0.1044499256889871,0.03845914469741613,16
gene_1095,0.6080471155318359,0.01873850223202093,16,0.12872297639076463,0.039153630959369676,16
gene_1096,0.6613428586300799,0.009203871009301303,16,0.058743693651441206,0.028269383577427677,16
gene_1097,0.6440446149036692,0.011485255458534446,16,0.12701971593441663,0.023866200054566838,16
gene_1098,0.62529411339375,0.025489150147677896,16,0.21891696607563096,0.04778253070555633,16
gene_1099,0.6435731924564583,0.025047956826469514,16,0.2105774548173103,0.06768598973520898,16
gene_1100,0.6561770680242662,0.009923612686114792,16,0.09125605113665947,0.019101527067002164,16
gene_1101,0.6487148591269495,0.0117274990734318,16,0.07336299895732684,0.03251185220681368,16
gene_1102,0.642466025879608,0.004215536891506787,16,0.0788887785416687,0.011613107085641984,16
gene_1103,0.6122063902251553,0.020923098792469636,16,0.1448758859887741,0.06164398958159257,16
gene_1104,0.6214505164385484,0.011741400117907766,16,0.11795362512367391,0.03892950433104694,16
gene_1105,0.6343749825972288,0.016560424706818476,16,0.17595881803009292,0.0530061849238466,16
gene_1106,0.6492980309056557,0.009242635930718729,16,0.04780942271339067,0.01463939287474341,16
gene_1107,0.613011391514654,0.014135888273228073,16,0.10399761450314995,0.046231464315589485,16
gene_1108,0.6435079807857735,0.010467752589207714,16,0.10522669181884647,0.026603245482793327,16
gene_1109,0.5782782773095809,0.02389401134651067,16,0.12476119286456028,0.046735131886151346,16
gene_1110,0.5969884233194704,0.019897571008677135,16,0.16567226275083957,0.03173554277086394,16
gene_1111,0.6308692663665784,0.008150672486906022,16,0.09014632855166128,0.02264758571498103,16
gene_1112,0.6389093602847293,0.010670255836175872,16,0.1082984338644782,0.021748487310920384,16
gene_1113,0.6337582936188153,0.012593769669092498,16,0.10560987482084908,0.028899745454696254,16
gene_1114,0.6333161280436954,0.014791666211171735,16,0.09535898031101063,0.04053095562250203,16
gene_1115,0.6177067292548153,0.023631376122896855,16,0.13454422805235494,0.05363785690696768,16
gene_1116,0.6284741442743828,0.011814843180551399,16,0.07444503893794541,0.03426037726033447,16
gene_1117,0.6508756013571124,0.010362441861608661,16,0.12065130575847252,0.03131436991859966,16
gene_1118,0.6325151566647284,0.021059841274636587,16,0.16151983568816802,0.053768544537386616,16
gene_1119,0.611229503893532,0.026164800982057184,16,0.19334264841919277,0.06018287804128261,16
gene_1120,0.6158496595887939,0.02255724104324515,16,0.10313563147223644,0.04774889689858921,16
gene_1121,0.6526871258091871,0.006545416304573108,16,0.06213978197192797,0.009814217592646578,16
gene_1122,0.5854787170080445,0.02887051672121183,16,0.18580558168256084,0.07364794769828438,16
gene_1123,0.6000405709161348,0.015380583035390931,16,0.11766762341930233,0.04210112521659945,16
gene_1124,0.6189911583932113,0.01793431731419069,16,0.08307733489437533,0.02339854535805227,16
gene_1125,0.5905585311085111,0.020316673607137677,16,0.16208036983462623,0.06574658611262409,16
gene_1126,0.6654305915541328,0.010864588420820411,16,0.10987016632677456,0.05219344507463146,16
gene_1127,0.6172543639691732,0.021008086075664414,16,0.1351980581966407,0.05740238429440614,16
gene_1128,0.6383540829477194,0.016412982031514034,16,0.12293033085069818,0.04049456743809287,16
gene_1129,0.6038626896599619,0.016738351716242023,16,0.16530589580564709,0.044671648762660415,16
gene_1130,0.6157842218331648,0.014672211013188125,16,0.11717366116705447,0.031914372108524505,16
gene_1131,0.6183734356220362,0.008416172826486183,16,0.10008216624500572,0.027585601227361724,16
gene_1132,0.6246937177295594,0.010899611239799947,16,0.14687709696032622,0.026710759562210033,16
gene_1133,0.61494013368945,0.019288964455401084,16,0.13577397460959206,0.05034827202042244,16
gene_1134,0.6093289863889474,0.020136199606277435,16,0.13004080129018733,0.05303162205345213,16
gene_1135,0.642156816191071,0.015140624986222031,16,0.09275917902602941,0.032028550152756075,16
gene_1136,0.5971764549934422,0.022260591167668774,16,0.12160237287372684,0.057382972137775115,16
gene_1137,0.6552775239346856,0.007650882419436852,16,0.08249622532094221,0.033698245012203004,16
gene_1138,0.6350397629537439,0.011098994617585527,16,0.09746119658820829,0.033423649118697614,16
gene_1139,0.6256057585529483,0.012627261787709242,16,0.124738625753262,0.04112932270861618,16
gene_1140,0.6540687029312925,0.008215133701701497,16,0.12980760031327404,0.020051253461398442,16
gene_1141,0.5883211573658977,0.03431444861629739,16,0.19204667851150997,0.07782178228229972,16
gene_1142,0.6206299730659289,0.01426577598892269,16,0.11341597213227123,0.03316431414234576,16
gene_1143,0.6204478043996913,0.030279140249271298,16,0.18432197015772891,0.07239126705326851,16
gene_1144,0.6296648693944756,0.014818728557630848,16,0.11060399628024198,0.034855932637832696,16
gene_1145,0.6113647272912974,0.030279499970385683,16,0.16513581809032904,0.059187743485020185,16
gene_1146,0.6445341331986711,0.03868097905899044,16,0.28207126999372134,0.13734581016701533,16
gene_1147,0.5818406842042141,0.03320012253247987,16,0.1319425547038326,0.04362259552593105,16
gene_1148,0.6393407950365813,0.013841269061957347,16,0.11250900000760729,0.03835282076719705,16
gene_1149,0.597709353563397,0.020359798646562715,16,0.12275771779298436,0.03295765859032197,16
gene_1150,0.6305747885329123,0.03394932823025707,16,0.2750607361592508,0.08243647249721345,16
gene_1151,0.6098371884257832,0.00652029930622397,16,0.08043271428033301,0.04006950729623129,16
gene_1152,0.6500540681721122,0.015539297077249308,16,0.1554638834568179,0.0437971936982331,16
gene_1153,0.6299374946676823,0.016806742047240086,16,0.11514614525003916,0.047008970869009306,16
gene_1154,0.6155335901978676,0.04397621365397413,16,0.27048050346461383,0.0913241745368849,16
gene_1155,0.6462088506355022,0.007732522379176578,16,0.08498933848046844,0.02198246258883548,16
gene_1156,0.6203973286924033,0.018834697792011083,16,0.12748203424221397,0.024551683738310497,16
gene_1157,0.6654258079446609,0.008874865835849812,16,0.1085923542095694,0.021207343893628307,16
gene_1158,0.6168641703212165,0.01409264103245665,16,0.0926238577223387,0.0261155928814988,16
gene_1159,0.6568613398337316,0.012369412576572833,16,0.09769140113076187,0.035472915999617646,16
gene_1160,0.5794670248097916,0.01912407430333467,16,0.14863734655056376,0.06359649362079532,16
gene_1161,0.6209011735008242,0.010820878487048909,16,0.13670653592493107,0.03900654626268494,16
gene_1162,0.6304782662939326,0.014266190404284358,16,0.13807035968903297,0.031734960848713835,16
gene_1163,0.6670776876056798,0.009763889713697722,16,0.08708853117851056,0.021483700892347225,16
gene_1164,0.6061893235579902,0.022709101463176843,16,0.09410711645548578,0.03423061460896865,16
gene_1165,0.5998429716764543,0.014603762619596838,16,0.11509755017778943,0.043917865369422056,16
gene_1166,0.5935152165491385,0.020800173998066353,16,0.10481980625087874,0.0363423567577295,16
gene_1167,0.6169589567980387,0.015537887750696611,16,0.18306258363024916,0.03889278362082976,16
gene_1168,0.635189588159308,0.02008878969656247,16,0.13189769143773514,0.06489753573079013,16
gene_1169,0.621977055916493,0.026418986576146924,16,0.20573393410339932,0.0793870936163331,16
gene_1170,0.6260051599893195,0.018851726480762873,16,0.13457665921395812,0.04551537591680545,16
gene_1171,0.6314639605417354,0.012196044881875322,16,0.06669633955595948,0.0280750879656491,16
gene_1172,0.614220593841681,0.01162601211422902,16,0.24289338418873943,0.07339910981450921,16
gene_1173,0.6496324870576565,0.012340061460852904,16,0.10525543648674775,0.03473674937568022,16
gene_1174,0.640241186804173,0.008039841013675462,16,0.06468362370210015,0.024010131316984477,16
gene_1175,0.6556607657882781,0.007041387295197376,16,0.09590857344691205,0.035984181315303676,16
gene_1176,0.5950210347421736,0.03082021896167887,16,0.22271532737268152,0.05356523165975455,16
gene_1177,0.5973147276512537,0.0293224551868717,16,0.1443086453217261,0.07938725552316024,16
gene_1178,0.631582708916551,0.017094500681972703,16,0.11059629892623324,0.04206775890019752,16
gene_1179,0.6244800356659589,0.010367252715597242,16,0.08804145295191626,0.02101704737393609,16
gene_1180,0.6022831885506302,0.026057322794306077,16,0.2105226981767726,0.0865298034821987,16
gene_1181,0.6488847788526086,0.010717351003303609,16,0.08870372553575613,0.026586931503351365,16
gene_1182,0.6649323788188788,0.005662245475670684,16,0.07205515928292493,0.021182501122895565,16
gene_1183,0.6350579236698722,0.018861238800652175,16,0.15445125842352117,0.055735454533764085,16
gene_1184,0.6279058483228208,0.02846051981269352,16,0.14386954623778883,0.07722946843439392,16
gene_1185,0.6643474724836105,0.01010854062745473,16,0.08818404028850871,0.030268183973310967,16
gene_1186,0.6250965674744756,0.009785769592746973,16,0.08014659137940547,0.021164801997519647,16
gene_1187,0.6247001724715859,0.014981453547773594,16,0.09122249322483163,0.03500910651392038,16
gene_1188,0.6182083212069057,0.01770143932147485,16,0.07224309398035454,0.046948089108414144,16
gene_1189,0.6314442368695701,0.02707540026930577,16,0.27426542370193857,0.05052068396088615,16
gene_1190,0.6266273468894843,0.025922155517609822,16,0.21412213020239002,0.043510656086610096,16
gene_1191,0.6537560362706533,0.008140241320539116,16,0.07368907982702684,0.023079416247010508,16
gene_1192,0.6035516831182846,0.014768778769160872,16,0.16413732449948862,0.05452583908906985,16
gene_1193,0.6555899783102296,0.01019407819397393,16,0.08452434437327185,0.02511693616260552,16
gene_1194,0.6382295589237207,0.007843361466324677,16,0.08993734796744957,0.02094953553496202,16
gene_1195,0.5852904855666363,0.02684089368118928,16,0.1537961581506661,0.0482083690432812,16
gene_1196,0.6453867206321924,0.017788598045303108,16,0.10092704642026393,0.03941715441019353,16
gene_1197,0.6386270342360746,0.008890264755071807,16,0.11712625741293918,0.03161096658885275,16
gene_1198,0.6673138533396666,0.0024865273316903337,16,0.062240353949550145,0.0078057416581513404,16
gene_1199,0.6308384378996675,0.012404854385923729,16,0.08874165144882275,0.02816754926640213,16
gene_1200,0.6386466252340045,0.003921721765817187,16,0.11629368216951144,0.023109275890375747,16
gene_1201,0.6090866801130764,0.022733333486094475,16,0.1602632223966901,0.059430137109052324,16
gene_1202,0.6688970635729682,0.008117248669193172,16,0.08718158068229126,0.02347112798944001,16
gene_1203,0.596793023288769,0.01899255509730446,16,0.16239812379285984,0.045694687235601494,16
gene_1204,0.6447584988353848,0.012398800153389011,16,0.1598760738385162,0.047946990462797885,16
gene_1205,0.625406094940704,0.00960718246612442,16,0.07165430199896426,0.030500119131441905,16
gene_1206,0.6288310501607518,0.007348246661909502,16,0.07516488705728823,0.029397365883394026,16
gene_1207,0.6269202559194708,0.008924233866069898,16,0.08885410300331019,0.028822303101115356,16
gene_1208,0.6338152005445201,0.008436504095153417,16,0.12668309780825007,0.04527288518043083,16
gene_1209,0.6589710072862649,0.00836216459256738,16,0.07227677774472857,0.02107473042528462,16
gene_1210,0.6358462703913867,0.009221969020835722,16,0.059928509661853445,0.010900813390788225,16
gene_1211,0.6396510676998526,0.015724749296851682,16,0.09395387810231905,0.02721881913686689,16
gene_1212,0.6685260523024186,0.005864575910967571,16,0.050037852646145686,0.01833166202733855,16
gene_1213,0.6132568029063002,0.029298800473633122,16,0.14072868770841263,0.05601250319043211,16
gene_1214,0.6183189092497243,0.005587057606388803,16,0.07792370818552152,0.03411690844041184,16
gene_1215,0.64130676301024,0.016693804073451793,16,0.11700886495798629,0.0317449846740577,16
gene_1216,0.6075854133326161,0.01612281556341171,16,0.1330270911436489,0.038147380567128034,16
gene_1217,0.6526178820075134,0.010320492129520936,16,0.08546818500283114,0.021512951127586,16
gene_1218,0.6309450979321867,0.02428233847261454,16,0.19864329858337512,0.05872308930044069,16
gene_1219,0.6357464322820303,0.01154367648331251,16,0.1323514822342705,0.04847156455482065,16
gene_1220,0.6356582897434477,0.01428953016759619,16,0.08759078605311627,0.041566404294379106,16
gene_1221,0.6345545682109978,0.014926850470985893,16,0.13043291455513517,0.04542391104781485,16
gene_1222,0.6005794302387794,0.013104542200761777,16,0.11433762182722168,0.037301732300744274,16
gene_1223,0.6240165986942294,0.012585424732516849,16,0.08299480889155084,0.03347150111439963,16
gene_1224,0.6123121840595976,0.02015491918661252,16,0.20738349292190525,0.051927888998133505,16
gene_1225,0.6216578824707283,0.022067839093091617,16,0.09775657493078406,0.04209628963811787,16
gene_1226,0.6122473908991645,0.018108417239220305,16,0.12005611166499547,0.02759590725896331,16
gene_1227,0.6255141697799074,0.013595282346390233,16,0.07473948969793681,0.022657088010276175,16
gene_1228,0.6507239487240658,0.01255182024981017,16,0.1050294937973812,0.03164228704579266,16
gene_1229,0.6142687076571935,0.014904836106997573,16,0.09192863954414872,0.03137061174565165,16
gene_1230,0.6498985085269643,0.0075358732937094025,16,0.10514844707990884,0.024193726080035834,16
gene_1231,0.64410251091968,0.015367178404150944,16,0.10167197365439663,0.0407875526171094,16
gene_1232,0.6305897122241851,0.010354721571803817,16,0.06920237467730456,0.01582697569795167,16
gene_1233,0.583746799146604,0.021459589753695923,16,0.14417563298276156,0.05650292394116993,16
gene_1234,0.5885599416101747,0.020403520100718033,16,0.15436752281194865,0.049385415865647285,16
gene_1235,0.6248958572281176,0.009928865167901438,16,0.11060157170502025,0.024582094628841804,16
gene_1236,0.5726220174659472,0.014261771405093543,16,0.13273751243400198,0.047106053816159066,16
gene_1237,0.6262179669911032,0.007826474531447077,16,0.07708694724242615,0.02457490426271881,16
gene_1238,0.579990516953622,0.018442846399177315,16,0.12407734076652001,0.03829784490267197,16
gene_1239,0.6457202510938299,0.019683968158808553,16,0.11411530339572717,0.038447926047608744,16
gene_1240,0.6114042502994519,0.019963347028091657,16,0.1617417035618583,0.05546558800786611,16
gene_1241,0.6134694794826387,0.036541949956316544,16,0.23361368774202237,0.077022174173746,16
gene_1242,0.5933875333323237,0.04979492129938492,16,0.19813971809580203,0.07285587921971896,16
gene_1243,0.6384911348872606,0.013775750089895249,16,0.10882597171018471,0.031084120151156695,16
gene_1244,0.5793811195577427,0.014157583195677155,16,0.12175909999389421,0.023942114777866466,16
gene_1245,0.6449534523081887,0.00780109943399052,16,0.11701872099636282,0.028383393952936094,16
gene_1246,0.6367287879979606,0.009514556714572612,16,0.09664401211371436,0.030134422473760518,16
gene_1247,0.652525086910971,0.010622588017044248,16,0.07176833871458747,0.02108193388894599,16
gene_1248,0.6501830018096723,0.011402500182338434,16,0.08451316004982475,0.03519676709074014,16
gene_1249,0.6550360012805398,0.004933679208795028,16,0.06227399493816564,0.020732435468662085,16
gene_1250,0.6223134708490008,0.023463579468789336,16,0.18579558641634028,0.060104484665027144,16
gene_1251,0.6175728110260884,0.01759693771465978,16,0.12065650478696215,0.0523622951304353,16
gene_1252,0.6569143587769126,0.005956799206700258,16,0.11552171759235573,0.03687763003552578,16
gene_1253,0.6099034900734103,0.009887419966786128,16,0.10792555253330721,0.04182137616294761,16
gene_1254,0.6214334686055075,0.006934704446418058,16,0.08370982212894101,0.02663206788846424,16
gene_1255,0.6303608767764369,0.03203253217102472,16,0.2516474324505704,0.11105914539602356,16
gene_1256,0.6316922223470559,0.010716782879492365,16,0.05990058310057616,0.030452893655601308,16
gene_1257,0.6298702472136591,0.00898580148930301,16,0.09231485204130732,0.028753194128120007,16
gene_1258,0.6071524624608345,0.015189590991251951,16,0.10656698807536596,0.022348835812427463,16
gene_1259,0.6481172350525225,0.011306074073640485,16,0.0656045327241159,0.016964334552766244,16
gene_1260,0.610019253689206,0.021790330870597095,16,0.21390595634283813,0.058533259506608225,16
gene_1261,0.6265020119077552,0.012434196004334944,16,0.07901977003824617,0.024546960014886637,16
gene_1262,0.6527392812873289,0.0053162329283471445,16,0.06969291710448307,0.02185081163134265,16
gene_1263,0.6297554183226378,0.011612501456266475,16,0.1259597625708326,0.030498688901104378,16
gene_1264,0.6343802135573993,0.015161474344783947,16,0.13725757766321364,0.037394387139684154,16
gene_1265,0.6697315301957831,0.009318587010776714,16,0.1289198116261822,0.026620741414455664,16
gene_1266,0.656812660719815,0.008288014016739306,16,0.08271565124927854,0.01984786136202659,16
gene_1267,0.6264839245745832,0.022655894014521005,16,0.11275975777382075,0.028637420948805413,16
gene_1268,0.6161024453194164,0.01630415709992037,16,0.126014962288238,0.039652819970708665,16
gene_1269,0.6274034594349829,0.02642339066971019,16,0.23344794225363202,0.07393273250242782,16
gene_1270,0.6211953038114414,0.020290208609633584,16,0.15544295858567048,0.045334644279714134,16
gene_1271,0.6567437026026793,0.005885552362832153,16,0.058628470843560807,0.015253965304387105,16
gene_1272,0.6112262796961433,0.019130797376565246,16,0.2602566629396867,0.04687374077771189,16
gene_1273,0.6133537927886482,0.018217015862633048,16,0.1406686626675823,0.04659794680537293,16
gene_1274,0.6123565990185915,0.012645273457528835,16,0.222133590621374,0.03789638744083944,16
gene_1275,0.593635919696208,0.03782968635752893,16,0.13283462659297282,0.04365543483972952,16
gene_1276,0.6192719112734404,0.021336457751463023,16,0.10742103174730619,0.045028975561300845,16
gene_1277,0.6338040412019614,0.01630263062838622,16,0.1461303121124591,0.045860521076353106,16
gene_1278,0.6207345568867262,0.012097633771915892,16,0.11445546879830634,0.03309379981689563,16
gene_1279,0.6265632769712814,0.00905780720136405,16,0.07674863931390354,0.020367304311735265,16
gene_1280,0.6444327785433875,0.006579693365995582,16,0.12809960150178382,0.027265745567099875,16
gene_1281,0.6012067781503986,0.03676015991149322,16,0.1802971425010479,0.057615304485528075,16
gene_1282,0.6286395254971037,0.013969747077241032,16,0.0908440811314232,0.020055422863511408,16
gene_1283,0.619881116025195,0.02513184989358065,16,0.15451709350553586,0.06640170287242156,16
gene_1284,0.6214901940640728,0.024866263872597348,16,0.16173066964646,0.06084401825494233,16
gene_1285,0.6265514418224414,0.018395114339599394,16,0.15492539567139713,0.04967470909345954,16
gene_1286,0.6196771515762032,0.01766256047641862,16,0.21091258629557064,0.05403770630753611,16
gene_1287,0.5722753684899863,0.018913377645763157,16,0.13460838644079745,0.040183446447882555,16
gene_1288,0.6227808788350497,0.009849998999965137,16,0.10979394456991715,0.04226716970480091,16
gene_1289,0.6389044545949017,0.009306686725634568,16,0.10898621127768265,0.038542022577305816,16
gene_1290,0.6055384311301746,0.01933903943059724,16,0.09550024783533456,0.03387116849436101,16
gene_1291,0.6254036719364136,0.017920320968446823,16,0.23258907410051322,0.06622444557258383,16
gene_1292,0.6171265177925331,0.015211126391848873,16,0.07392930478080352,0.03818046153583964,16
gene_1293,0.6605602506142492,0.008386439537074956,16,0.09926459896307668,0.039774682612496795,16
gene_1294,0.6263113077964231,0.013142185738460002,16,0.09158900963527689,0.03344012151489566,16
gene_1295,0.6519818049121235,0.006638177825568321,16,0.056544716845847984,0.021867201176357695,16
gene_1296,0.6312203415568609,0.010747041589467552,16,0.15193011055943964,0.03585689963039143,16
gene_1297,0.6452358298590515,0.012301620385607469,16,0.12641243038638023,0.05336424046766615,16
gene_1298,0.616653911961789,0.007846047951190585,16,0.08218486817405166,0.023397059972031058,16
gene_1299,0.6577414344956154,0.014019974803253737,16,0.1430747143673161,0.042371084210905914,16
gene_1300,0.6302455208641315,0.008518493761332659,16,0.0938986789856626,0.03745110045862737,16
gene_1301,0.6523177181593051,0.011736543451049259,16,0.10784140021332989,0.02694532448519377,16
gene_1302,0.6367381097039689,0.011480132012505775,16,0.1071748203123408,0.02825744319146825,16
gene_1303,0.6627589959110934,0.015461743946826702,16,0.13692230546745912,0.05185328388453141,16
gene_1304,0.6556451562863476,0.006608547657996915,16,0.11441900252466322,0.03210975694560845,16
gene_1305,0.641475413281997,0.016720104685721247,16,0.15654719823036617,0.07145111525266731,16
gene_1306,0.6218652577604274,0.030120243233421357,16,0.13146429851338745,0.09225963949255216,16
gene_1307,0.6085799995700808,0.02442122012865374,16,0.22737102039907595,0.05462890685446105,16
gene_1308,0.6440497671716973,0.010014941084215183,16,0.0799012299657204,0.017611767444370412,16
gene_1309,0.628151171174319,0.014452397350688989,16,0.0969271528730853,0.028919846997713477,16
gene_1310,0.580656224306663,0.017049593167038496,16,0.09401112327871601,0.022423128445867826,16
gene_1311,0.62830020811146,0.015516273566366782,16,0.08064894362672947,0.054689716174425494,16
gene_1312,0.6600682911082777,0.007270794228418634,16,0.06792552480950281,0.023353508029588854,16
gene_1313,0.6449867733931928,0.013131616342093496,16,0.12008600502259219,0.04615206089454938,16
gene_1314,0.6319298043387442,0.010646779905645226,16,0.08401051429673975,0.03334750318097085,16
gene_1315,0.6457283641019215,0.00856997267621655,16,0.07300900693348697,0.01746700049759761,16
gene_1316,0.6429091898501325,0.017800497413949706,16,0.11805947005699355,0.05476215208803504,16
gene_1317,0.6448255647336202,0.01138393689661432,16,0.07694544382913324,0.030135719884185806,16
gene_1318,0.61592738105285,0.013300515346382942,16,0.11235749179402792,0.031117077176654476,16
gene_1319,0.6316184441581069,0.016130345053059086,16,0.1355620663550483,0.03478686639189119,16
gene_1320,0.5906989738961947,0.027292914949838515,16,0.15943620003679457,0.06064611213040523,16
gene_1321,0.6196359646312057,0.01331803893247192,16,0.10309805159772939,0.030435336475905544,16
gene_1322,0.629941047160014,0.011414156901790717,16,0.12609398026869165,0.03876267818821377,16
gene_1323,0.6389729775918646,0.014406591335743315,16,0.1624119736150036,0.051102101556261235,16
gene_1324,0.6188972390069155,0.015773342054897718,16,0.12794205713661738,0.03548847156748472,16
gene_1325,0.602493562049278,0.022509759394321698,16,0.24780908108927321,0.06858804263698914,16
gene_1326,0.6174843594721037,0.00911328567584596,16,0.0759134308487665,0.021154126504837,16
gene_1327,0.6441167163001208,0.009522342747491336,16,0.09658619992416038,0.015860313562380775,16
gene_1328,0.6553671207448792,0.01086600841320487,16,0.10184770020563914,0.017790280679554526,16
gene_1329,0.6249677330470401,0.02409298632100685,16,0.10224187737200821,0.05070789638543308,16
gene_1330,0.6435951446665401,0.010446547003795013,16,0.09611079589468996,0.025512303435106933,16
gene_1331,0.6394163529414487,0.028350388389150938,16,0.1588883702752116,0.07923160104393287,16
gene_1332,0.6446156424398704,0.013381756203103425,16,0.10028031440466627,0.03564243551410863,16
gene_1333,0.6332740909731174,0.006717118737809025,16,0.08015943619818633,0.018943300443872435,16
gene_1334,0.6320302747845243,0.017651886360657988,16,0.11377263580533613,0.05064334998017283,16
gene_1335,0.6328946448603238,0.011749942886004956,16,0.22988434964761306,0.04099263870353167,16
gene_1336,0.5932719594927737,0.034671658569364265,16,0.17709317348135967,0.0813080622551077,16
gene_1337,0.6319381901752957,0.01276588459075718,16,0.06481458383184302,0.03413158792939062,16
gene_1338,0.6234889080390074,0.012917506152233587,16,0.19127698398497317,0.05686755832438559,16
gene_1339,0.6478812458294927,0.014961282634176698,16,0.10618552088456652,0.04040796228641767,16
gene_1340,0.6633562888832989,0.0068413575287841494,16,0.06050704688129075,0.01600255044527415,16
gene_1341,0.6484931033831718,0.01353300190078179,16,0.09870816622772742,0.02431450521809889,16
gene_1342,0.6252926888159839,0.01974811368321931,16,0.11606130398954566,0.0457446284759443,16
gene_1343,0.6479668048315385,0.019988907487173104,16,0.09415607626158294,0.03662427079166699,16
gene_1344,0.6633748744925176,0.007292281930953062,16,0.08502256383642115,0.03488405505888312,16
gene_1345,0.6320359622923308,0.014644059146693467,16,0.09836218850906091,0.02508341090282952,16
gene_1346,0.653102360416069,0.010457794204743767,16,0.08552012597226309,0.022349270725765504,16
gene_1347,0.635984069094472,0.014288932340784669,16,0.0971198545442132,0.029974439579035533,16
gene_1348,0.6347182031808075,0.01351019583527994,16,0.09024669121807002,0.028047269371444975,16
gene_1349,0.5910773819303525,0.016989890611821757,16,0.1740631420259386,0.05388817673462097,16
gene_1350,0.6205263420531303,0.019219006763983387,16,0.11104975862220073,0.04738165261381936,16
gene_1351,0.6394451124341544,0.036379905742955854,16,0.239511107050702,0.11422420562263592,16
gene_1352,0.6098393458532475,0.009751137693730956,16,0.08949916192382776,0.04108372984866295,16
gene_1353,0.6136962060789793,0.013789412846289841,16,0.16503783267178682,0.053050983590656575,16
gene_1354,0.6421615879309059,0.012566169581664732,16,0.0908547939850198,0.028692118735941897,16
gene_1355,0.6247488949392028,0.013108816621298631,16,0.1659390132738259,0.05292862546272697,16
gene_1356,0.6162452946334197,0.026856249996474853,16,0.12808761756763967,0.05544251205343126,16
gene_1357,0.6316448925277034,0.008643480162549547,16,0.086833086191782,0.03418288343534175,16
gene_1358,0.614073612195793,0.0064693629607647145,16,0.07954589851238628,0.012751687231495248,16
gene_1359,0.6074086861293149,0.019815175113919063,16,0.15686069401630542,0.08791515772180096,16
gene_1360,0.6471464595208463,0.011491886957522677,16,0.07295066069720982,0.012005531420100515,16
gene_1361,0.634954230433568,0.014314682729461053,16,0.17171186335933658,0.053183973032334776,16
gene_1362,0.6604603935684242,0.009919783608728347,16,0.07867240607947026,0.018837930398094036,16
gene_1363,0.601680561030156,0.023755769354404717,16,0.15371400712322664,0.07263082507399372,16
gene_1364,0.5933462258398327,0.034208271385776666,16,0.18447180513636663,0.11718138432872104,16
gene_1365,0.6372588581880061,0.019574146179078482,16,0.12118558276110913,0.05382380164403247,16
gene_1366,0.6413883541872144,0.01612835485381896,16,0.13196111661705853,0.056313852815990814,16
gene_1367,0.6596066206765379,0.005995614015120922,16,0.08321146732885575,0.014045837794669747,16
gene_1368,0.6065683730506239,0.01905756294208211,16,0.14540158862280114,0.06169913166634233,16
gene_1369,0.6488122202694243,0.018012802112377383,16,0.1215981455316016,0.06123028544932348,16
gene_1370,0.5980387583312771,0.025190969485734793,16,0.14755573223366455,0.03954424541774698,16
gene_1371,0.630318278191179,0.013802872989225232,16,0.07838125207178312,0.02573000863669817,16
gene_1372,0.6501862652837541,0.009341346655549197,16,0.08655811252752055,0.03444438874551349,16
gene_1373,0.6360942823128267,0.011188096883802961,16,0.10493685590632022,0.02896816571163259,16
gene_1374,0.6287575101809056,0.021802008787985584,16,0.1896530933292826,0.04315940991919958,16
gene_1375,0.6446061201854717,0.014000990280469144,16,0.0999555006952148,0.04168840157772999,16
gene_1376,0.6604385960615319,0.008376056020363792,16,0.06983001149828105,0.02245918318126214,16
gene_1377,0.6509297010629359,0.01802440318523732,16,0.11304445017870933,0.045337063373724736,16
gene_1378,0.6026229889022843,0.01692037158040227,16,0.13667318290161715,0.052703638773395865,16
gene_1379,0.6064786544029156,0.021755014737593354,16,0.17602743113676725,0.07030218366753495,16
gene_1380,0.6249644987787834,0.010130845647846292,16,0.10130064380737262,0.018252374390047146,16
gene_1381,0.6437727951590095,0.00922896057267542,16,0.10965932495226585,0.036531889202972886,16
gene_1382,0.6404914250218245,0.0089999667737718,16,0.10545181167787351,0.017281370369117963,16
gene_1383,0.6116636376335978,0.025814847460002448,16,0.17944682986161567,0.0763245636990497,16
gene_1384,0.6278775698967757,0.013448700186793306,16,0.1704744979834356,0.06959148905098488,16
gene_1385,0.6356773480749359,0.011172647567466294,16,0.09691970561462548,0.04106030926257621,16
gene_1386,0.6353735628185306,0.025339573905073767,16,0.14978966959314582,0.07877762233284052,16
gene_1387,0.6065058386311365,0.027757924963058903,16,0.19855375155161611,0.08490377378694257,16
gene_1388,0.6037214499941762,0.013750443386989976,16,0.12282170115596562,0.047783401071628366,16
gene_1389,0.6495876338852383,0.013810329032191227,16,0.11978802375527015,0.04076186324797189,16
gene_1390,0.6417311701857846,0.010136059087237415,16,0.12907773340127526,0.04067508664586419,16
gene_1391,0.622544766796162,0.006282564836859439,16,0.12201380683337598,0.0232468055067935,16
gene_1392,0.6370722822915166,0.00580194161667958,16,0.09267018056351484,0.01879160432644012,16
gene_1393,0.6163661095115558,0.013874588381518553,16,0.13456053436968338,0.0379625624145801,16
gene_1394,0.6306252063319878,0.03464132733716422,16,0.2352377345008086,0.10184278366221092,16
gene_1395,0.6481025111117092,0.008356909872479014,16,0.0846572166762,0.024773495738644763,16
gene_1396,0.6243502060686826,0.019002530561702924,16,0.11900326866140082,0.06763085986053799,16
gene_1397,0.6121213550486813,0.01901108243955941,16,0.13059176045465598,0.047626272495833795,16
gene_1398,0.6630438602723814,0.009039175734660844,16,0.07425914054309718,0.023611270195534006,16
gene_1399,0.6559745398714014,0.008139134339602758,16,0.09467222856682354,0.01957267571488119,16
gene_1400,0.6290153865665058,0.012360952969480355,16,0.10710194768155425,0.02307350393426283,16
gene_1401,0.6161176141288873,0.026465450489972227,16,0.20264644553062192,0.045890947333938586,16
gene_1402,0.6472144214931017,0.010241912792973639,16,0.07545265849174193,0.028870484181074227,16
gene_1403,0.6172955002265362,0.009018474567579223,16,0.10832697042037663,0.03771242734393688,16
gene_1404,0.6153224621500144,0.02334091220981873,16,0.13672108239275832,0.04688513267109032,16
gene_1405,0.61506004392732,0.03425503187134567,16,0.21735395968708277,0.05768509497919561,16
gene_1406,0.6619359894489276,0.009636017424430238,16,0.08211346292917927,0.02837820490333079,16
gene_1407,0.610757877100458,0.029890333567722256,16,0.20091812610128382,0.0811202483628065,16
gene_1408,0.6533312991587438,0.010014650332495646,16,0.06772022209827001,0.023226721759415328,16
gene_1409,0.6390190097070819,0.010671792339442526,16,0.1526537804724375,0.04306920613801451,16
gene_1410,0.6162828945501644,0.02951214928320614,16,0.19439159558802274,0.05685744961555166,16
gene_1411,0.6330865380453666,0.011060327885483381,16,0.08047825748218082,0.015892970829478405,16
gene_1412,0.6180184228755754,0.014147187642812153,16,0.15705983527334133,0.0461177657984118,16
gene_1413,0.5936299526163947,0.010627737734887975,16,0.09618346594239309,0.04180545545123095,16
gene_1414,0.6281331254934851,0.017114435730898145,16,0.12372138856114097,0.027783892193294225,16
gene_1415,0.6229617679121796,0.021118312834570278,16,0.14245812424651474,0.03522550200768934,16
gene_1416,0.6066040224578017,0.029315738738731396,16,0.16320298818012063,0.07460337402213288,16
gene_1417,0.6358483732308496,0.018655130156060296,16,0.12587201789023697,0.0627699604352364,16
gene_1418,0.6410243190780355,0.011991168113751654,16,0.10234224240512142,0.040629545493675354,16
gene_1419,0.6550941778595862,0.013504086637388547,16,0.11412047321554597,0.040682425143560234,16
gene_1420,0.6034630721628066,0.026072520687557565,16,0.15720995250368489,0.06262226627739412,16
gene_1421,0.6102673995033714,0.020068218054625758,16,0.08924659043811399,0.031708999993653564,16
gene_1422,0.593875890488826,0.027496445172612172,16,0.13355844689858004,0.04185180636888866,16
gene_1423,0.658944062558651,0.009177093737315345,16,0.09409961306842166,0.03348895451278359,16
gene_1424,0.652363775706652,0.007794372077412279,16,0.1088250219332193,0.02375135852504544,16
gene_1425,0.6095268464342674,0.008642541197029143,16,0.12507725251540502,0.0259475120911314,16
gene_1426,0.6573633655590791,0.01316985773282189,16,0.08525677857968822,0.02137199966957011,16
gene_1427,0.6225419877284208,0.009023114751326786,16,0.14911257912429796,0.0246129078301172,16
gene_1428,0.620689493884241,0.011255961037687785,16,0.12180534293144148,0.03804713227660264,16
gene_1429,0.6053222487694376,0.012460747910087914,16,0.12851029497104702,0.04213660879562297,16
gene_1430,0.6342957988148004,0.014851156197982216,16,0.13779522232998007,0.04200765000439597,16
gene_1431,0.6256151072702754,0.011420091739061038,16,0.07474039590994724,0.04066021205797645,16
gene_1432,0.6079071155918319,0.02117161909942635,16,0.11178371380221931,0.04247378964177749,16
gene_1433,0.6489053774750126,0.016691140665531054,16,0.09056376725469717,0.03592010384125703,16
gene_1434,0.6376502027690798,0.006155056070109964,16,0.09997203724136748,0.03376917391989942,16
gene_1435,0.6579534766979008,0.00844236490376214,16,0.06613661797419165,0.025860957275454066,16
gene_1436,0.609564413626844,0.016725692457805308,16,0.14400684650993859,0.04109031727382538,16
gene_1437,0.6522229535464705,0.014341088266889367,16,0.09444620552623073,0.043837275397408365,16
gene_1438,0.6357431039682369,0.015018368118378861,16,0.13511769186846662,0.05808877683406943,16
gene_1439,0.6497624352544451,0.008507228224692097,16,0.10794235411810273,0.03137934421846688,16
gene_1440,0.6421681187086562,0.017443464989978612,16,0.12057840247193755,0.04550911107937129,16
gene_1441,0.6012628577783575,0.020233576310026143,16,0.15106516929413583,0.04921956139743745,16
gene_1442,0.6438293366759136,0.006299219385435174,16,0.11756887572443775,0.02496233566634474,16
gene_1443,0.6060760303226954,0.03063417706274979,16,0.2060314869526648,0.04942872309696102,16
gene_1444,0.6350252483668365,0.011210913254396286,16,0.07465303854674551,0.03531622309836944,16
gene_1445,0.6387576157794073,0.010426975298367658,16,0.09541993378603952,0.04206954205569739,16
gene_1446,0.6417467381262286,0.014908466996180541,16,0.14138789286653844,0.03293026070714724,16
gene_1447,0.6411768495874237,0.005681414962509468,16,0.09893517604600582,0.03607822956724739,16
gene_1448,0.6431067771400888,0.01408219054955779,16,0.0881461056865886,0.031848805228548265,16
gene_1449,0.6434013310960375,0.01431633273758139,16,0.06608979821553575,0.0270662051304252,16
gene_1450,0.6082862075858394,0.023073330473151625,16,0.17641843415032543,0.052269144261661425,16
gene_1451,0.639345810898558,0.00672572605966531,16,0.08039036298497367,0.02408679551722366,16
gene_1452,0.6086130757078748,0.013557575077645254,16,0.1387357209341707,0.05009542749302172,16
gene_1453,0.6383464285346978,0.01088592851679387,16,0.13947324821735407,0.03849899636084903,16
gene_1454,0.6414521973282004,0.016796965928567716,16,0.16470270288194236,0.03647108559699894,16
gene_1455,0.6361449640750654,0.022008761179835697,16,0.1300993165889851,0.040417675703930483,16
gene_1456,0.6420267062164025,0.024656464077171508,16,0.130797380958085,0.058295198985557434,16
gene_1457,0.6267337891071529,0.02402953463479744,16,0.12540474278445113,0.062229951675734405,16
gene_1458,0.5840046533515133,0.02197928211511714,16,0.18138507882635463,0.05511674219801252,16
gene_1459,0.6641802396270526,0.00787287677723797,16,0.06731438139570609,0.017481209011370517,16
gene_1460,0.6265404441476945,0.008710635573573156,16,0.07751786646942917,0.027082940580342857,16
gene_1461,0.6219379178040195,0.02844593414997397,16,0.13015266035006626,0.07972608147084544,16
gene_1462,0.6572698087785266,0.009390364919233568,16,0.10605065850085378,0.022220139753078922,16
gene_1463,0.6079843733234106,0.023406052005806744,16,0.10051658732195416,0.05696798033515672,16
gene_1464,0.6117876082283265,0.022554136392617788,16,0.09537592840152126,0.028646499807389154,16
gene_1465,0.6643831185410981,0.0074802854544257094,16,0.07747454786411762,0.022066170032307313,16
gene_1466,0.6255914853458516,0.01421963844035195,16,0.1036645680110689,0.02827683675788752,16
gene_1467,0.6611769597288063,0.004931909188516696,16,0.0603012424299057,0.016660084244495558,16
gene_1468,0.6715440172133158,0.01409271326730174,16,0.08002123402957034,0.04313061165452476,16
gene_1469,0.6120029718644376,0.02235689177617541,16,0.16016534696688306,0.04267785662454703,16
gene_1470,0.5998651980003644,0.02227092287683802,16,0.16041434152498352,0.03651923635844536,16
gene_1471,0.63566162929915,0.022824357403565802,16,0.14754436773327667,0.030376300263171736,16
gene_1472,0.6544324392119706,0.00582416611747228,16,0.06517819103305394,0.008717831928438637,16
gene_1473,0.6197189629679679,0.01949620674554235,16,0.1878356435660673,0.056435207220385135,16
gene_1474,0.6089706286211776,0.009161343408809593,16,0.08770844676896362,0.03543999005074943,16
gene_1475,0.597734043545818,0.033423239139075765,16,0.15201235112839181,0.0808188002991965,16
gene_1476,0.6489640166804503,0.008878949554902222,16,0.07472688677777214,0.03021468804057923,16
gene_1477,0.6235513096899742,0.014414565167858839,16,0.13151975544482047,0.03040249080667068,16
gene_1478,0.6387259116128682,0.03415052007717319,16,0.22218542467774682,0.12036185588526785,16
gene_1479,0.643929903194217,0.013796132630632594,16,0.0909984554695343,0.02503354648771536,16
gene_1480,0.6344043789869865,0.011657940953088683,16,0.08643412641924532,0.01532994224990756,16
gene_1481,0.6204371795333551,0.013919732649038756,16,0.07106485670796399,0.02522374376705152,16
gene_1482,0.6009183522073523,0.022036472165340715,16,0.14181014957697452,0.04728867742246083,16
gene_1483,0.6373251951417469,0.017134615822673525,16,0.1551910131810801,0.038269209483460555,16
gene_1484,0.6255692981442897,0.024122731493833132,16,0.18537539622349034,0.07338109190452727,16
gene_1485,0.6127368991624519,0.01114921526140789,16,0.10235840298949743,0.039784318550236876,16
gene_1486,0.6528917056679733,0.010136890460683041,16,0.08272616432635936,0.022567970904482405,16
gene_1487,0.6417151415811535,0.012832624878911925,16,0.11823159632641933,0.05168811158515904,16
gene_1488,0.5882636383332869,0.015345255007516725,16,0.11975624613322536,0.07214791505125832,16
gene_1489,0.6058088808766174,0.020413390792327565,16,0.19542652626333706,0.056211025200025376,16
gene_1490,0.6468901837756771,0.01843988420583507,16,0.1117094993915113,0.06375232628674816,16
gene_1491,0.6432269738052986,0.01549035295373304,16,0.11277115338497551,0.04167309264435892,16
gene_1492,0.6118401043986663,0.01089071135926033,16,0.11859477138959408,0.02725700639391003,16
gene_1493,0.5929124685566171,0.023967086778304964,16,0.11233772737543157,0.050280370081290174,16
gene_1494,0.5882626791546453,0.017100701418534352,16,0.15373398951928166,0.05130263431698213,16
gene_1495,0.6549128044417907,0.00844209874349613,16,0.11744201800840307,0.034529992006486855,16
gene_1496,0.6419199378287771,0.017111851840039813,16,0.09496415109049977,0.033256404091384355,16
gene_1497,0.6555617894055196,0.013391010778124811,16,0.15521999013031834,0.04693664604795202,16
gene_1498,0.6510898160197944,0.016447154745549062,16,0.11980543882173803,0.06135438261241669,16
gene_1499,0.6172299676798197,0.01718078052325227,16,0.1401664113453695,0.02055300794098583,16
gene_1500,0.6377381235652039,0.013390412908108835,16,0.1314865289802205,0.02385369082437681,16
gene_1501,0.6257349502134684,0.019362237857217312,16,0.14165750100206237,0.03943863462598578,16
gene_1502,0.6373486088727186,0.015018799449127363,16,0.16803558138598446,0.04780341110032314,16
gene_1503,0.5922261696835563,0.017021203082278516,16,0.1515382296736728,0.04143350961498514,16
gene_1504,0.6338946231748864,0.01365955002880655,16,0.134004217281246,0.05966157103803538,16
gene_1505,0.6419091938685827,0.020110118740577262,16,0.11863169384096205,0.07072180214692098,16
gene_1506,0.6457260053241001,0.008344603302893728,16,0.08305551546377384,0.01716092350754355,16
gene_1507,0.6148444374163342,0.021429031401881415,16,0.17968055256305465,0.05278655317853696,16
gene_1508,0.66392704476232,0.006740764719866497,16,0.08752822109942522,0.019620763390986753,16
gene_1509,0.6604820229538478,0.01109054037439841,16,0.10452693017362977,0.030297088967568345,16
gene_1510,0.6015005607512742,0.02475606242353888,16,0.12899649435795832,0.056533180601827354,16
gene_1511,0.6052309864667664,0.008580591901500482,16,0.09159593852288508,0.0314053291521539,16
gene_1512,0.6393921634719612,0.013531747911681232,16,0.07974999599628299,0.029601643439487315,16
gene_1513,0.6329916421457181,0.012552880788892806,16,0.14079384630575445,0.039475426788551544,16
gene_1514,0.6099351655240111,0.01963331262041792,16,0.10286060890547408,0.06214511660527885,16
gene_1515,0.631658087215004,0.010736560803638934,16,0.17146713378058012,0.030352720038349292,16
gene_1516,0.6213075697582802,0.019241694182502996,16,0.1439990800404058,0.04211927810227848,16
gene_1517,0.6557110691690522,0.009561267001323565,16,0.07315229905207166,0.0234309559259298,16
gene_1518,0.614065202703626,0.02488367661459104,16,0.13386028249087079,0.03842046898812844,16
gene_1519,0.6224292504904787,0.013761873406586191,16,0.09579331816620432,0.028815732630429605,16
gene_1520,0.6546627212773252,0.01034447532207677,16,0.11317294933364645,0.044255234687381524,16
gene_1521,0.646915399033935,0.009818633741433032,16,0.06635644192467444,0.018689751180934435,16
gene_1522,0.6038772691283514,0.014636716716479271,16,0.12032130673763064,0.03220602564824092,16
gene_1523,0.6048118261430603,0.038666550205933375,16,0.17010380709801243,0.05550601625213148,16
gene_1524,0.63548852382877,0.00883630803766866,16,0.08678980155965026,0.02395702731292764,16
gene_1525,0.6513816682653348,0.014121162466599507,16,0.13583357149340353,0.04219445063602837,16
gene_1526,0.6164076934328043,0.0137913255046305,16,0.1517802272900598,0.057062516586187106,16
gene_1527,0.6752922141772536,0.008540529226948403,16,0.06903684839510643,0.016409731396067724,16
gene_1528,0.620175157808897,0.014049083458683139,16,0.12628846839039504,0.04578455377633239,16
gene_1529,0.6406381732657614,0.010869654464651738,16,0.07931681605037746,0.043057781633848574,16
gene_1530,0.6093572975637997,0.009269465323517663,16,0.14290795267799145,0.045346927504271564,16
gene_1531,0.6450072818174715,0.007902408620109814,16,0.07343619902080709,0.03451008730934939,16
gene_1532,0.6714336039080735,0.009154625123767838,16,0.08441192265442327,0.026754055479228978,16
gene_1533,0.6141528652609541,0.009867806345848636,16,0.11127889075205247,0.043162719755310316,16
gene_1534,0.6236002835225443,0.022411359043023913,16,0.2532294641913569,0.042281478589541954,16
gene_1535,0.6330372656903502,0.009760518880373928,16,0.07641655265483283,0.021163132355539908,16
gene_1536,0.6404421800754196,0.012893281545668872,16,0.10130973517066086,0.01892025452968533,16
gene_1537,0.6139981753919873,0.024366395700013036,16,0.21320372204596144,0.07870258511959574,16
gene_1538,0.6684038017643793,0.00884654791811467,16,0.08870148812780441,0.022492450491994175,16
gene_1539,0.6419607629114668,0.02985828823775822,16,0.2039736089900578,0.09182661437023314,16
gene_1540,0.5750257484556376,0.0332356800283758,16,0.15203951916286054,0.07025693888845792,16
gene_1541,0.6655682219053621,0.004037313097019105,16,0.07042080673565597,0.0062310460781391614,16
gene_1542,0.6429470538955311,0.007376668177587893,16,0.1212662631296953,0.02591233400141541,16
gene_1543,0.6437174436957533,0.016648655914268076,16,0.11727613607625817,0.03146966748187298,16
gene_1544,0.6396442817729279,0.017399469694863196,16,0.10899559120328584,0.05071500098030101,16
gene_1545,0.6637110310874708,0.0054780053284511085,16,0.044029964584097844,0.011493294343748387,16
gene_1546,0.6304982270119649,0.015624735435935995,16,0.1287828012032516,0.04113363894112407,16
gene_1547,0.6154762858559802,0.022960178638872734,16,0.17697711460010923,0.06213382018268759,16
gene_1548,0.5903300209836778,0.013954860299678669,16,0.11748620222156678,0.047903701670674835,16
gene_1549,0.6200105488414317,0.020381842439333872,16,0.13150825581968456,0.03607506306382803,16
gene_1550,0.6630585699461508,0.005893396936412013,16,0.09413597379848233,0.020825212006906454,16
gene_1551,0.5969598366843432,0.01845919448492153,16,0.0800286982076114,0.037918726922065125,16
gene_1552,0.6231480163843931,0.01917499820206999,16,0.16985651450472475,0.04961722565403382,16
gene_1553,0.6593353367804905,0.009184223865596012,16,0.08557978274340915,0.023291652203034634,16
gene_1554,0.6449792983247624,0.019359330673263314,16,0.11153051313410524,0.041425626729370696,16
gene_1555,0.6033608900159917,0.016724384636753034,16,0.09818949918391601,0.016728637961550278,16
gene_1556,0.645812405128805,0.015577197381466134,16,0.11718308892937564,0.04939005137196985,16
gene_1557,0.634402087916989,0.009408202690578137,16,0.10226173398038697,0.029367623370829467,16
gene_1558,0.6167807043408764,0.010128624117935891,16,0.05880319766876374,0.03280401030527005,16
gene_1559,0.6257996336806235,0.017571703533001026,16,0.13021046301376185,0.045853591505060416,16
gene_1560,0.646099119317451,0.022352702706930745,16,0.13585271508401567,0.07535396517481777,16
gene_1561,0.594377185449007,0.011850852598354224,16,0.11163704066326399,0.027076165018602858,16
gene_1562,0.6443986997690486,0.004269281151908872,16,0.09356405836650045,0.028955419204897668,16
gene_1563,0.6428214431631221,0.009573882693980287,16,0.07797080297777266,0.02703288834668931,16
gene_1564,0.6351144980227977,0.006823853703304995,16,0.06974552079259155,0.01907812313390915,16
gene_1565,0.6359633139787846,0.010192149232793598,16,0.07237211324950682,0.026032645555890417,16
gene_1566,0.638565675800574,0.020634548328766916,16,0.10234081520523418,0.041280329041379536,16
gene_1567,0.6152400596590837,0.017519869862385327,16,0.1289298248206672,0.035714448068082195,16
gene_1568,0.6049739283471872,0.023910264809648064,16,0.17185573902090062,0.08536893452048963,16
gene_1569,0.6321719531982871,0.008636084664901615,16,0.07793506176827841,0.019402132593914618,16
gene_1570,0.6023501165233549,0.014018443861326358,16,0.2655484201091909,0.05771550632738107,16
gene_1571,0.6241383827598511,0.018529022844937803,16,0.100805004046689,0.039096734420490775,16
gene_1572,0.6434537499551916,0.014504233492961033,16,0.08887850248756213,0.035878725330968225,16
gene_1573,0.6396653663567802,0.009518405766663162,16,0.08478356395446926,0.022482941361191586,16
gene_1574,0.6176990391846865,0.018913446839356286,16,0.1285447909629774,0.04837716926740594,16
gene_1575,0.6500081130743484,0.014075005687499913,16,0.10017944422418167,0.02459391950765177,16
gene_1576,0.6616386136006145,0.007268251783447403,16,0.09112234919365414,0.03066327976119941,16
gene_1577,0.621184575866647,0.017238135256605655,16,0.11651968136102446,0.050639845088355895,16
gene_1578,0.6458800564501334,0.01462506047154515,16,0.18271253954997393,0.025687286035396953,16
gene_1579,0.6513902005368486,0.009891654838925498,16,0.0738256120720312,0.029157701274189724,16
gene_1580,0.62450078235071,0.024565162495496302,16,0.08913136690826212,0.040017643532161994,16
gene_1581,0.6675551734658951,0.00870315850688699,16,0.06779524379217941,0.016764279662000624,16
gene_1582,0.6276585777090844,0.01829650086611187,16,0.09131464424181793,0.0300443087645107,16
gene_1583,0.6372751876511142,0.01285537537844104,16,0.08659166282838018,0.03197923415515227,16
gene_1584,0.5928279387522717,0.01638358298530784,16,0.12126188350594001,0.04642203460173168,16
gene_1585,0.632818501697025,0.023539801772606186,16,0.11381944179131753,0.04980946114792847,16
gene_1586,0.6031600008776955,0.023970764486867868,16,0.09759575305758973,0.0386615684271217,16
gene_1587,0.6087604503615681,0.04735471095492397,16,0.24191396104588225,0.10587552326646583,16
gene_1588,0.6088718382008702,0.02229800558042242,16,0.21744444076185698,0.046967519347154804,16
gene_1589,0.624406705257355,0.01522987114619829,16,0.06587244649774397,0.02912764358916431,16
gene_1590,0.6054366182559892,0.0201242131755744,16,0.11942804979064739,0.04030356338506257,16
gene_1591,0.6229787584160316,0.008177324348087947,16,0.10257881391831346,0.048592876279146525,16
gene_1592,0.6240462611734057,0.01506275649305664,16,0.10094669557089453,0.021865101093960063,16
gene_1593,0.6137114156993795,0.01620712657533105,16,0.11421028209649975,0.03351584038252993,16
gene_1594,0.6606333603746131,0.013612739575116063,16,0.08197337536040446,0.02366486412546602,16
gene_1595,0.6107760237200697,0.0181306127964077,16,0.11376071909876433,0.039024396509534334,16
gene_1596,0.6006674941321947,0.012226443169708827,16,0.09733548904986765,0.03837175250183771,16
gene_1597,0.6085211193226969,0.021310105521653664,16,0.13944430725969587,0.05132335828740128,16
gene_1598,0.635907176145308,0.012090710967068378,16,0.08659862261299578,0.032682446820173516,16
gene_1599,0.6134409399745611,0.012259925100014363,16,0.1128852811639672,0.030931448039584704,16
gene_1600,0.6442028264708373,0.01051087838224382,16,0.0567026363592722,0.012294636448774042,16
gene_1601,0.6458541912065504,0.010171584374510812,16,0.11484424958789861,0.030859938140803615,16
gene_1602,0.6095284255800036,0.010712174306121766,16,0.08806418079576733,0.017533187731456422,16
gene_1603,0.6560459537338102,0.009056607678146053,16,0.13797478628141616,0.030196663693938936,16
gene_1604,0.6470566985884794,0.014802815312998015,16,0.12489497217167414,0.0380105822062951,16
gene_1605,0.6149668459688549,0.01780183438619332,16,0.1493636127220462,0.04373761578068094,16
gene_1606,0.6451400209806083,0.008350526317447881,16,0.12138862850949411,0.04298652427756741,16
gene_1607,0.6310911526441182,0.012115766421153529,16,0.07941351604847245,0.04025532145778955,16
gene_1608,0.636980541914133,0.01607782611779252,16,0.13305758619646996,0.04516367769132091,16
gene_1609,0.6455769807949457,0.011298832843816813,16,0.10591345568279012,0.03710075847239374,16
gene_1610,0.6363716275315623,0.01036936837347399,16,0.11490171352950725,0.018921557834085476,16
gene_1611,0.662047142657664,0.00758265317042824,16,0.08507251299246085,0.01372603364895778,16
gene_1612,0.6752430276367618,0.007692246678749022,16,0.07182749455087516,0.01802686467745356,16
gene_1613,0.6118042113747865,0.013790686658385816,16,0.09810170426419618,0.023949818163069854,16
gene_1614,0.5865239278055958,0.01716349640103006,16,0.143598476598631,0.05676844977520705,16
gene_1615,0.6339645163111371,0.00823657266436001,16,0.08711207875363218,0.036878874077252356,16
gene_1616,0.6389521834402244,0.008737142741396094,16,0.09043664463852391,0.026620456639847617,16
gene_1617,0.6401851427943509,0.014142025140645227,16,0.12987054785661015,0.04603154161357561,16
gene_1618,0.5968349037279768,0.014534522928406717,16,0.15539393550829247,0.04770823171046903,16
gene_1619,0.6383476807374455,0.009523613112933413,16,0.08649863133531102,0.027042889253694864,16
gene_1620,0.6600215751420487,0.0091936833520127,16,0.13352755328422936,0.03575315697447085,16
gene_1621,0.6100118337921494,0.01622042195190713,16,0.11656575271150493,0.027588897608664,16
gene_1622,0.6608681600254177,0.006978375963176494,16,0.07586333641141085,0.00849150053563746,16
gene_1623,0.6167468538689372,0.026172725081012916,16,0.19493587552465777,0.0870184517037088,16
gene_1624,0.6499136507294015,0.008465180058376685,16,0.10568119590888635,0.024495010112937112,16
gene_1625,0.6333583083894813,0.015371559286271827,16,0.112902782157841,0.0516321899948327,16
gene_1626,0.614423934498705,0.023970380795491072,16,0.20657760402329242,0.0667316636804856,16
gene_1627,0.6391380712328869,0.01795035926631557,16,0.1418273879614498,0.05664847761198924,16
gene_1628,0.6216169809723632,0.015306126289316177,16,0.08160616982837457,0.03994846283800634,16
gene_1629,0.6758001289794813,0.0033622410262212537,16,0.05640846252558873,0.00802882038802616,16
gene_1630,0.6492861488544719,0.011354127381012734,16,0.08047539209695931,0.022659618838864398,16
gene_1631,0.6707393924755696,0.007364628490164253,16,0.08057681884152466,0.023423197761694887,16
gene_1632,0.6628903605916173,0.006842995838631042,16,0.09156571843130983,0.03223862218049205,16
gene_1633,0.6292899914175233,0.012054472526063174,16,0.09690929762961123,0.03997045000527258,16
gene_1634,0.6262378810939631,0.012161129477999407,16,0.18472161918969973,0.08688530040604238,16
gene_1635,0.6564362839328232,0.004475708225201224,16,0.05900907477409625,0.012830696562915436,16
gene_1636,0.5879023654812231,0.02763074179286378,16,0.09982249062613455,0.04893089520664187,16
gene_1637,0.644780066211052,0.0084278685220659,16,0.1275012762263544,0.04319626213040853,16
gene_1638,0.609143539546761,0.026395602241026207,16,0.10202798820638909,0.04608403004828097,16
gene_1639,0.6440712858586609,0.012600098012081862,16,0.09476207920591664,0.036518699070590556,16
gene_1640,0.669761337322694,0.010510426195196718,16,0.07245110482848632,0.02331717704436531,16
gene_1641,0.6339664453203241,0.013722741502771738,16,0.1146097966415428,0.030249048136877205,16
gene_1642,0.6087918701424442,0.02412298854620326,16,0.13471962142314556,0.04745878393548122,16
gene_1643,0.6559538007410624,0.011442875791326305,16,0.09017701509475123,0.03388905634734355,16
gene_1644,0.5935476286330079,0.023659301941427454,16,0.14799871804962678,0.05746415018603045,16
gene_1645,0.6348394315730295,0.015059298152865325,16,0.09520459796227292,0.03428301687203045,16
gene_1646,0.6094624133089452,0.01830745269070445,16,0.11919634863348649,0.04182946875699965,16
gene_1647,0.6283168968074299,0.0221819983588647,16,0.09147855121994401,0.05149124457793789,16
gene_1648,0.6286449133577635,0.016809175560563105,16,0.077589814180959,0.038752672663347046,16
gene_1649,0.5793033103933777,0.012308831238511673,16,0.08669470917901466,0.03396663353545119,16
gene_1650,0.6735532029879424,0.003652523602071315,16,0.08751292511601,0.01867979308512281,16
gene_1651,0.651493646677294,0.007732382874699893,16,0.07064665318338449,0.015126290262589768,16
gene_1652,0.6202616568459535,0.019356794817809757,16,0.16577345587700396,0.044479820273724054,16
gene_1653,0.6218578680135127,0.03029278840090944,16,0.18987946343741927,0.05155553018922512,16
gene_1654,0.6170385278812962,0.010533814010123047,16,0.12141202428913313,0.022111419901693626,16
gene_1655,0.6278025595649207,0.039133669681592265,16,0.20902134883937823,0.11673371479709112,16
gene_1656,0.6154823584186063,0.02575093197182072,16,0.13827774150803582,0.07798749087962503,16
gene_1657,0.6597933485916506,0.011589487761946687,16,0.09871027220599508,0.03499916617001246,16
gene_1658,0.6249920639113838,0.01529180024706273,16,0.09102992150751242,0.03726345950716362,16
gene_1659,0.6449948805292709,0.005493471558255528,16,0.09641307045438623,0.024504398306413315,16
gene_1660,0.6712223782727338,0.008775073161927436,16,0.07712917499521552,0.017578641141562053,16
gene_1661,0.6154563334451288,0.009035545311677835,16,0.08514356460063147,0.02519491074391264,16
gene_1662,0.5997126819969355,0.015045991222753493,16,0.09463792594576868,0.035185601481685945,16
gene_1663,0.641058186103299,0.02126341582320903,16,0.13973616853154336,0.0606957615756028,16
gene_1664,0.6537804847358024,0.010326544111120935,16,0.09312875791784238,0.03131278439986849,16
gene_1665,0.6287637448923167,0.008116881296618233,16,0.08186906066621688,0.02625745193008585,16
gene_1666,0.6354954102564443,0.03743815961028721,16,0.27458564026603266,0.09201874302392285,16
gene_1667,0.6121246584558843,0.01567263429903478,16,0.10587397768567978,0.03404787079298276,16
gene_1668,0.6298039991907451,0.03095920237147254,16,0.21676216534532045,0.0960882683433617,16
gene_1669,0.5963465738601139,0.015386656205361117,16,0.14072572404279382,0.062319208716738406,16
gene_1670,0.6093453798373765,0.021902464839654225,16,0.18290638811941812,0.06556154397470122,16
gene_1671,0.6403407275306136,0.01390484946351817,16,0.09300901017717667,0.02765297841688541,16
gene_1672,0.6473820691741825,0.004235873808412288,16,0.08140951490918735,0.0195371531093084,16
gene_1673,0.6345923307269354,0.02113851758697399,16,0.11791675165249535,0.03431663174238463,16
gene_1674,0.6184605820424052,0.017463974108205774,16,0.1511184287571371,0.04961170617059429,16
gene_1675,0.6308477896182567,0.0227801188845728,16,0.11290228801367781,0.08448378888286326,16
gene_1676,0.6323498129997832,0.02026812835555291,16,0.1693123491850487,0.0683768464987838,16
gene_1677,0.5976246931827295,0.03476046795479391,16,0.14651447039695126,0.08100375020360132,16
gene_1678,0.6147417660869823,0.015337591856499397,16,0.14329839785285067,0.054076692886870795,16
gene_1679,0.624113543239281,0.015857832199306837,16,0.11751372520688687,0.03734696175056721,16
gene_1680,0.6282942297193325,0.009626207967646795,16,0.11227919291075095,0.016942693545322275,16
gene_1681,0.6368350465795253,0.027298824501464324,16,0.21458988518459046,0.05888107033027478,16
gene_1682,0.6314190654148761,0.01712527490037988,16,0.15683876111620412,0.03563647317832083,16
gene_1683,0.6352673406679443,0.014771743368512088,16,0.09113883330316337,0.02512574960551125,16
gene_1684,0.642030729784272,0.014025732886192221,16,0.10025817676218685,0.03927916404890241,16
gene_1685,0.6575285531468664,0.013444886222238264,16,0.09813695537952279,0.031030307774861043,16
gene_1686,0.6181056791611108,0.03316747150187729,16,0.12343359137596527,0.05797238630839822,16
gene_1687,0.6384076501710965,0.015491757267425526,16,0.10125915593389516,0.04344868125959136,16
gene_1688,0.6453929526073137,0.01210871484603006,16,0.12527233656489264,0.025183643209824073,16
gene_1689,0.5868524295707062,0.033941562227022666,16,0.2166849653239282,0.08256727252495705,16
gene_1690,0.6366654806253995,0.020139406054412678,16,0.14385944950591092,0.03804200868757295,16
gene_1691,0.638382643390479,0.014886582700034338,16,0.14826953911736301,0.047230929307976406,16
gene_1692,0.6225241514990097,0.013196726107166648,16,0.06687235812936246,0.03218350121210877,16
gene_1693,0.6696414582763792,0.011304727723135618,16,0.09057948886369835,0.026643013460882548,16
gene_1694,0.6296667654360688,0.020432586637067925,16,0.1203459229159865,0.040425658708412006,16
gene_1695,0.6448474429099335,0.009916924893578129,16,0.1084531935624134,0.02797487546282484,16
gene_1696,0.6490156408464883,0.011385608271028105,16,0.09583726739862294,0.03107281388112808,16
gene_1697,0.6307929843253345,0.006247397014548391,16,0.07254461338870494,0.03154878896921968,16
gene_1698,0.6404543474238481,0.00992763935883268,16,0.08014125916383753,0.02788305388240388,16
gene_1699,0.5944143000612573,0.010250552540144805,16,0.1345262690715904,0.05829603294507065,16
gene_1700,0.6158124994857399,0.015925239691853246,16,0.1193834784502744,0.03558687567140013,16
gene_1701,0.6197416735295429,0.015586125665948544,16,0.08972642893663624,0.03367868221850934,16
gene_1702,0.6290960446342573,0.013607202787527663,16,0.12467766962836825,0.04250211251755904,16
gene_1703,0.6177009560866921,0.020532342579435134,16,0.1342194382408257,0.04275789141196031,16
gene_1704,0.6372233721573781,0.004478480929926245,16,0.09320121134200221,0.019703211865279156,16
gene_1705,0.630231215253118,0.011276922121407629,16,0.10202530783641066,0.03552663669188793,16
gene_1706,0.6115311873126975,0.02143369313709142,16,0.16247683881176064,0.04579608395358067,16
gene_1707,0.6239380575726262,0.020345631803594146,16,0.1505231893774818,0.06313547628770784,16
gene_1708,0.6198813792584463,0.018124428011318555,16,0.20159059409787342,0.06230140095332602,16
gene_1709,0.5950008088357347,0.02516297973478022,16,0.1798584443447955,0.09631391968495623,16
gene_1710,0.6472956367383621,0.012599532235564844,16,0.1275922394821484,0.05045293596820136,16
gene_1711,0.6409162032689786,0.01701611987188333,16,0.10270814860232388,0.026064661533103033,16
gene_1712,0.653790098701434,0.014487997160465591,16,0.07649283709977449,0.028419221277919245,16
gene_1713,0.5927912969913878,0.02389070440895415,16,0.10932185198131915,0.049010347998159995,16
gene_1714,0.6455230961961106,0.021600726603002454,16,0.10488691917066505,0.04554900517567023,16
gene_1715,0.642691225575922,0.010395365836993398,16,0.10493097031740384,0.03626827087474944,16
gene_1716,0.6368321865222458,0.020909203108999408,16,0.09529154065451426,0.03742513845274225,16
gene_1717,0.6510686632625563,0.01211145756387884,16,0.1162150802230299,0.030658724910894195,16
gene_1718,0.641450559395202,0.015718070730714972,16,0.12190478714301503,0.03228824156424175,16
gene_1719,0.6354977924887978,0.012870465731260215,16,0.12304440827964971,0.025208071882020823,16
gene_1720,0.6278846404655276,0.025892467402216197,16,0.18388750883140276,0.07973916889106632,16
gene_1721,0.6465700336621844,0.01333005048697085,16,0.08023591357149389,0.03851457483790399,16
gene_1722,0.6139677633604235,0.02882754705258049,16,0.17166184317613514,0.0599212792243,16
gene_1723,0.6019888420994005,0.023493463792274395,16,0.1291211268042796,0.03669633630421603,16
gene_1724,0.6319267105979878,0.016692999166144508,16,0.12878961431514996,0.028717625035933877,16
gene_1725,0.6306313111161851,0.021749723228611767,16,0.2061910126479443,0.05929464127016659,16
gene_1726,0.6287098863908094,0.01484674750574461,16,0.09807297853838073,0.02584305103028862,16
gene_1727,0.6186512695172964,0.012619346707700548,16,0.14498455261530224,0.040843785941437935,16
gene_1728,0.6528537366361603,0.006893463745927016,16,0.08004252886669608,0.017751165209955202,16
gene_1729,0.6081250761210112,0.009622498338559486,16,0.11375309589847588,0.023975996053775376,16
gene_1730,0.6181875328690858,0.019832552558249852,16,0.13979735207416202,0.05921621435918826,16
gene_1731,0.630241476018027,0.02912275279815799,16,0.14266076997210572,0.07326714061448186,16
gene_1732,0.6288354559589373,0.014537139294459647,16,0.07855257820945671,0.05322130353586142,16
gene_1733,0.6168401648006179,0.03544031816161696,16,0.17690437769413656,0.05953245652113264,16
gene_1734,0.6167379631576427,0.017239642718450555,16,0.148944262984129,0.0568969332227181,16
gene_1735,0.6118634208478406,0.0351465027409712,16,0.15385844326152937,0.0770033445051387,16
gene_1736,0.5748207661199627,0.018404457756988197,16,0.15340060066528852,0.06870896041340496,16
gene_1737,0.6117571774772556,0.00730661307417608,16,0.06840237622344238,0.016836504217886464,16
gene_1738,0.6355763746927556,0.011336665464255826,16,0.1038515718858533,0.03476806452536891,16
gene_1739,0.6037298889181545,0.02012151260196257,16,0.15766293161003234,0.07546242669482671,16
gene_1740,0.6308309558819388,0.014083132412092653,16,0.0858536038874391,0.027170515907386464,16
gene_1741,0.6512226068332103,0.006809070762217393,16,0.08566256518703688,0.019966191710369993,16
gene_1742,0.6186278719081254,0.029614045924499583,16,0.2275584459141148,0.06465804577315604,16
gene_1743,0.6629167581317347,0.004619498556202102,16,0.06158259027003584,0.012237142828941006,16
gene_1744,0.64922967520897,0.01496159354359658,16,0.15353998183442705,0.030675859464148754,16
gene_1745,0.6241015491161767,0.017300493076280996,16,0.07460650712153058,0.04646262038422322,16
gene_1746,0.5533152887445927,0.02762898073318522,16,0.1362676573236162,0.04005532913590355,16
gene_1747,0.5655003398824091,0.030199702334484824,16,0.15078695835144648,0.07049764891622445,16
gene_1748,0.664679385254097,0.010149993764493137,16,0.08008588059946467,0.02997509885513126,16
gene_1749,0.6308656353576827,0.014858162844898232,16,0.12844687704626967,0.03710450264892238,16
gene_1750,0.651222005425197,0.00643976015722272,16,0.07305781455376562,0.02432911286850462,16
gene_1751,0.6412999150128874,0.012333549141320546,16,0.07040112469855733,0.02851441980275758,16
gene_1752,0.5899736118604338,0.03526489024003291,16,0.15170901786820287,0.10262970540308275,16
gene_1753,0.619445281064562,0.0212433205643595,16,0.11865448074744714,0.05554993942837409,16
gene_1754,0.6205203102921479,0.011319072520198049,16,0.08865266042762233,0.032812001856766256,16
gene_1755,0.6268230999836355,0.01252914293594939,16,0.08689543517600463,0.028875715075525027,16
gene_1756,0.6215439114317416,0.012986438005843048,16,0.09233706340127767,0.03175743604527267,16
gene_1757,0.638807180400747,0.00932622577720009,16,0.07967593112158752,0.02904905275579963,16
gene_1758,0.609554180750487,0.03247303139814325,16,0.15445120277109578,0.05990201977050798,16
gene_1759,0.6062048495537353,0.015999765028178677,16,0.14552019429753899,0.037676682461105365,16
gene_1760,0.6156180100459875,0.012433508231568816,16,0.11112148969855722,0.0369967048993778,16
gene_1761,0.6295808282611752,0.018022659726849546,16,0.10721731302346371,0.0324618669334939,16
gene_1762,0.6090557751941085,0.024759557437745706,16,0.1286701037587058,0.07335338111274055,16
gene_1763,0.6332399230526023,0.015802815455146217,16,0.16140683179407742,0.031342829969290976,16
gene_1764,0.6376486260858993,0.015538960948438927,16,0.08615621643866847,0.02816585466983694,16
gene_1765,0.6505397388538583,0.009898169440679038,16,0.12809436334035462,0.04027216962003394,16
gene_1766,0.6147133931015342,0.01690057371908737,16,0.15154206604915027,0.04332459832597909,16
gene_1767,0.5983888330711615,0.018840848786224423,16,0.16874589671302503,0.06899496216948024,16
gene_1768,0.610585690256643,0.019578026160470257,16,0.16669268680414343,0.052124265683374256,16
gene_1769,0.6244128019028595,0.017446917493138068,16,0.12089139616806356,0.03422137462827346,16
gene_1770,0.6308995479995887,0.013741992513599447,16,0.0666130829400763,0.030647547560759644,16
gene_1771,0.5969277874470872,0.02494824973261711,16,0.11499649253535915,0.04869886718198174,16
gene_1772,0.6388670613647919,0.0248648001205486,16,0.12378023286477226,0.04924866656072366,16
gene_1773,0.6167137231754702,0.01762038609916967,16,0.1360980719074525,0.06124373907448014,16
gene_1774,0.6336436160195802,0.010334832343503847,16,0.09660273290998139,0.04358602554426729,16
gene_1775,0.6104244467407205,0.01841723614701179,16,0.17442644013522035,0.058220248423839806,16
gene_1776,0.6268746708521644,0.00875498328231409,16,0.10607199579518986,0.03254410479688124,16
gene_1777,0.6334210710613349,0.01855603500226067,16,0.11203921207004341,0.03025121452929358,16
gene_1778,0.6421632673726518,0.01943166388171241,16,0.10246348990015426,0.05690057148904012,16
gene_1779,0.6162514921761578,0.01981473798852366,16,0.16093145124606192,0.05057933061739239,16
gene_1780,0.6264053788682505,0.012527791797427709,16,0.09768359829476501,0.03898434351404431,16
gene_1781,0.6119536004145266,0.021857087287377775,16,0.18445823626279775,0.05899301529048772,16
gene_1782,0.6214485717364568,0.031237909605746825,16,0.13780271836502525,0.06745951440827337,16
gene_1783,0.5914849501774512,0.014019848749763088,16,0.14896220856857634,0.039048833332942255,16
gene_1784,0.611807791795495,0.019335445468516666,16,0.13261373828038775,0.03461878607714094,16
gene_1785,0.6209491699897924,0.030395548659122768,16,0.217012477459111,0.0772377928183489,16
gene_1786,0.6413982915091901,0.02142815113769976,16,0.12968087348587787,0.05789851568951963,16
gene_1787,0.6287266221620881,0.01816148799042403,16,0.19398741051801957,0.07693289512724719,16
gene_1788,0.6299350342378491,0.017003270012527934,16,0.10144237472946277,0.029199850204023405,16
gene_1789,0.650748498823524,0.01754053082606439,16,0.12842902961371291,0.07290566758316785,16
gene_1790,0.619499623856227,0.025695822541487466,16,0.16862123595156037,0.06770214253251731,16
gene_1791,0.6284540569582227,0.01840120652632312,16,0.1066123994245907,0.029469136537113038,16
gene_1792,0.6705758238097064,0.006574961095384915,16,0.08093789757996506,0.018007744675918754,16
gene_1793,0.6133819412747232,0.021994761972044,16,0.12225593388133017,0.055556478390629924,16
gene_1794,0.6117326703150867,0.025260057767990216,16,0.18406429991458328,0.05777523488308976,16
gene_1795,0.6228554968400871,0.01042619681636528,16,0.111276720898414,0.038344118676055326,16
gene_1796,0.6329793997592994,0.011227123343978641,16,0.10577816192140513,0.033612670477428414,16
gene_1797,0.6319918991729878,0.009673902372833864,16,0.07663756217462082,0.01787724521687335,16
gene_1798,0.6294207553311475,0.012948785210739796,16,0.10393301572947594,0.033409582805460816,16
gene_1799,0.6154129227163709,0.019569688484816664,16,0.10704018645209068,0.03594459459608211,16
gene_1800,0.6364903646488037,0.02816752557194652,16,0.15182462312832135,0.06313567308731373,16
gene_1801,0.596492304265271,0.025477580007046394,16,0.17711383309426798,0.06482719256238496,16
gene_1802,0.6487422364170935,0.01315557681290008,16,0.11269271198019155,0.03698508062545352,16
gene_1803,0.6416893069727696,0.011434377108227476,16,0.11439636321877447,0.042417425724845075,16
gene_1804,0.6429050395371492,0.013098440457989838,16,0.11902019725887528,0.03814962538112123,16
gene_1805,0.6521602118875498,0.015447164657669918,16,0.09765876702871011,0.026602048697280743,16
gene_1806,0.6295327746342433,0.005990057505266084,16,0.06556011807527652,0.016494548163383818,16
gene_1807,0.6496227538123684,0.003778279090974048,16,0.08191804612299981,0.020521926811367424,16
gene_1808,0.6250450241079751,0.02239736558748893,16,0.12183885636779705,0.04960641777876457,16
gene_1809,0.6158398838061867,0.01162144608861134,16,0.14633861761503145,0.04356847039611226,16
gene_1810,0.6377668499591552,0.007293221017607791,16,0.08774894997983133,0.02466750481800422,16
gene_1811,0.5965235848489177,0.02378929267230226,16,0.16285355452105696,0.05832031843434981,16
gene_1812,0.6563592685597578,0.007961992008901837,16,0.0984586574829725,0.035215191023183226,16
gene_1813,0.6145665823462523,0.014618132034923256,16,0.11894545601885359,0.02887113568380912,16
gene_1814,0.6404342380163054,0.015528712387157027,16,0.10594705312250195,0.03799570802374944,16
gene_1815,0.6246798099353043,0.019098787456296614,16,0.13823834269493543,0.052983023269928674,16
gene_1816,0.6170935494056011,0.02147301724398836,16,0.10839034053768867,0.06362043250440277,16
gene_1817,0.6490388332961103,0.009941011865694476,16,0.0930941043634207,0.018656167742053312,16
gene_1818,0.6124568821824267,0.02007596144937282,16,0.16038766763708395,0.07151540977891305,16
gene_1819,0.5959594275543133,0.025421334139090045,16,0.1098695868319381,0.051047125534911496,16
gene_1820,0.6395350884505725,0.024766826221219146,16,0.16643168704955613,0.0632940275525405,16
gene_1821,0.6191896552401004,0.03572740923319566,16,0.22201723278311056,0.08096843808490282,16
gene_1822,0.6606131381556745,0.007816906123678895,16,0.08009095798834626,0.02050315178161987,16
gene_1823,0.635413478926316,0.01740720238079729,16,0.1678299124288444,0.06211132475013961,16
gene_1824,0.631633695194387,0.021403717233062208,16,0.1200983240882283,0.053927692358790594,16
gene_1825,0.6369588533661789,0.012415413479177425,16,0.16233586274206324,0.037669388896754995,16
gene_1826,0.609549136496234,0.015505386418174153,16,0.12473811024586941,0.04624061302819049,16
gene_1827,0.6042768537628445,0.020369919036006677,16,0.14641012715599694,0.07428365802849428,16
gene_1828,0.6577198813799513,0.0056447746820272125,16,0.03530258056050733,0.005554522620324793,16
gene_1829,0.653723667176959,0.009845261559881009,16,0.05627727375060782,0.02508979941678071,16
gene_1830,0.6073055627705783,0.013819845543523192,16,0.11329548919965425,0.06382998369662107,16
gene_1831,0.6397806108037022,0.020345714631845844,16,0.14829100536673118,0.04155999956543126,16
gene_1832,0.6398473974186549,0.009780104869246272,16,0.10409306048910691,0.05546765206702897,16
gene_1833,0.632612505775399,0.02153060221564367,16,0.13642230429400384,0.06176544752094227,16
gene_1834,0.6258441102300208,0.014644711893380166,16,0.1824974313969242,0.051693767661474925,16
gene_1835,0.634167302452213,0.015276757497441302,16,0.1263100940800828,0.03034662692624802,16
gene_1836,0.6443767155262432,0.011450533417382664,16,0.09497781526311949,0.027559614030488105,16
gene_1837,0.655493571706492,0.007431469282699413,16,0.08388125812241115,0.023904672563347492,16
gene_1838,0.6574001707955931,0.012473015842783906,16,0.09211114348561449,0.03059805386867922,16
gene_1839,0.6368340662425644,0.011229800030675776,16,0.07344825049470316,0.03718867218038369,16
gene_1840,0.6357594224374729,0.017153872267931174,16,0.07903742006873803,0.03535536004882344,16
gene_1841,0.641515106277295,0.011770359083501717,16,0.13989597626219002,0.030330774708758834,16
gene_1842,0.6559924725527448,0.003203792649527816,16,0.05512646067352769,0.01335936773890851,16
gene_1843,0.5973841560632046,0.027143732879849718,16,0.166932465689248,0.0631567813552088,16
gene_1844,0.6503792031769171,0.004915690439659731,16,0.07104657127817197,0.021979453201006856,16
gene_1845,0.596277582334337,0.03498301743855629,16,0.17340535664135942,0.0993839451919477,16
gene_1846,0.6391854682484426,0.008913198130096984,16,0.11775824641612093,0.027784714109800365,16
gene_1847,0.6540962304113421,0.012037142168260595,16,0.09806645807877334,0.02422080466201496,16
gene_1848,0.6201455768075932,0.012590999252028355,16,0.08516084983195828,0.02864918072482239,16
gene_1849,0.611125519412796,0.014073078101502882,16,0.1358100358839541,0.053161962123402066,16
gene_1850,0.6386696601384791,0.007685818305596261,16,0.08055494690374099,0.019564480192937102,16
gene_1851,0.6170412192470417,0.015446254010820453,16,0.08767673270023661,0.043183465991532353,16
gene_1852,0.607859325694665,0.021204344952158057,16,0.163643509039986,0.048013780268234246,16
gene_1853,0.6245614995753287,0.041396458175568786,16,0.2404488973444418,0.10395808268617902,16
gene_1854,0.6206874501451681,0.008095281351213545,16,0.18269814534893625,0.030098188664694013,16
gene_1855,0.6234620945847799,0.011709565732360348,16,0.07583487972362572,0.021993582127211482,16
gene_1856,0.60973677415277,0.026788278315526402,16,0.15859396018270625,0.0818452794563641,16
gene_1857,0.6251052183310886,0.011933217609889406,16,0.07074914593144499,0.02584773301837658,16
gene_1858,0.613157086785413,0.021849400189709406,16,0.15417032129190053,0.06192558181688058,16
gene_1859,0.6304397835915911,0.011131379698419736,16,0.08894816905685797,0.013859850890081724,16
gene_1860,0.6272456836833799,0.015829881087430244,16,0.1240170464779578,0.03176123341301054,16
gene_1861,0.6223639925861704,0.013703492565575136,16,0.18270455939224028,0.03756388675394811,16
gene_1862,0.6411379680608693,0.016919272726367472,16,0.16426291745164817,0.04806097384698688,16
gene_1863,0.6154747301573466,0.028057663750888254,16,0.12410289592197339,0.04383806402307731,16
gene_1864,0.6320901473597873,0.009402946771832227,16,0.08403941306638359,0.01944890075102581,16
gene_1865,0.6113950008265518,0.027437482355960625,16,0.18064496046147854,0.042255572898652796,16
gene_1866,0.5932554938195238,0.02083998758084608,16,0.14935907527747444,0.029403492373925175,16
gene_1867,0.6232120532913927,0.030916200170458326,16,0.23248642408554696,0.06054687071866032,16
gene_1868,0.5866468256113012,0.019099737647295327,16,0.14847344835574042,0.054890856826853206,16
gene_1869,0.645094297656369,0.017137251641978258,16,0.08719992650844642,0.01864200166228297,16
gene_1870,0.6332981479830739,0.016450189884818514,16,0.12022749301760911,0.031267828393221876,16
gene_1871,0.6099966688332867,0.020664138985015543,16,0.14389019865872202,0.035658852800720446,16
gene_1872,0.6025998504904303,0.02714257385722767,16,0.09527981545447783,0.03296756202115657,16
gene_1873,0.6467785178513538,0.009251691771252643,16,0.09595440566317992,0.02411573849811921,16
gene_1874,0.6180921543278253,0.027907326495453168,16,0.1970966384273859,0.08114204823657381,16
gene_1875,0.6421972650664517,0.016197776020147905,16,0.12454432765685854,0.0627087415800736,16
gene_1876,0.645775643325001,0.01185296508756775,16,0.10925482747590622,0.02196631020452169,16
gene_1877,0.5706535782772274,0.02212318043374976,16,0.15434884864200926,0.04419933987821562,16
gene_1878,0.6154640586218945,0.022694458961659246,16,0.12710591334040675,0.06865930744751758,16
gene_1879,0.6274427170709445,0.0373362648250822,16,0.26644758915812944,0.0693220171987688,16
gene_1880,0.6441355674893505,0.007868434785997436,16,0.08408922736973617,0.023827690789217933,16
gene_1881,0.619805498448855,0.017807337854847553,16,0.1475224190773124,0.03617350487718772,16
gene_1882,0.6336524366752528,0.031066920111261043,16,0.2686340351662619,0.08326714567805164,16
gene_1883,0.6265885931912455,0.005926735624427419,16,0.11840356691371062,0.02996826429628599,16
gene_1884,0.6289763699490508,0.014971794324142676,16,0.14237958169959133,0.04158277197703374,16
gene_1885,0.6283270163783325,0.01404825335372808,16,0.07891086339685677,0.04205365064115111,16
gene_1886,0.6245071490300955,0.019590000686154622,16,0.2198188064516287,0.041989584767380864,16
gene_1887,0.6705478703090217,0.00660306561674051,16,0.0902222170108015,0.016031206313850827,16
gene_1888,0.6353763009098424,0.022804218296417187,16,0.10503761695535986,0.037955097923417905,16
gene_1889,0.6013421965114497,0.0202641322403838,16,0.18019325329548874,0.0465779874756522,16
gene_1890,0.6519800031223234,0.019767004989575686,16,0.08622575753495997,0.06124363542872447,16
gene_1891,0.6275323689964499,0.016763852959266284,16,0.09768733189530002,0.03222191226927289,16
gene_1892,0.603343507169054,0.01758256277965674,16,0.11005431701421683,0.030909205197431164,16
gene_1893,0.6234840254205837,0.013668172708017403,16,0.09301095676481858,0.03947212168961356,16
gene_1894,0.6490752005710126,0.00902123025324048,16,0.11058180527615273,0.026699448962561226,16
gene_1895,0.6460749076649488,0.012936112156040855,16,0.11727521874684627,0.046459293776134745,16
gene_1896,0.6374223538553689,0.011863705651997654,16,0.09992229741640608,0.022840975742536823,16
gene_1897,0.6287545114016091,0.014098709556958949,16,0.0980533865575228,0.04555265656084191,16
gene_1898,0.6377614886380812,0.007511339017363691,16,0.07511466380726342,0.03086369591478455,16
gene_1899,0.6352520703551057,0.018788317230228575,16,0.156411826449483,0.056436519530238274,16
gene_1900,0.6289808251578202,0.013200681305031004,16,0.12993745211943517,0.04760671242904457,16
gene_1901,0.6329302333044534,0.010522896382820415,16,0.12811239252675713,0.04240087206224491,16
gene_1902,0.6565641983199608,0.01133970157085543,16,0.10871987504178734,0.0363892271800306,16
gene_1903,0.6386025262959008,0.01154637408924409,16,0.09186835741087009,0.026554111399711724,16
gene_1904,0.6021306649381539,0.03585900955211757,16,0.1773395903510133,0.08846788830056707,16
gene_1905,0.6251441707826715,0.018511815466720326,16,0.20018372921391486,0.08052921027095304,16
gene_1906,0.6024566964577943,0.01756428942180767,16,0.1382662282520669,0.0494057964947664,16
gene_1907,0.6215269638182155,0.00945005368864067,16,0.10972196497491679,0.03211764259107505,16
gene_1908,0.6691502068808508,0.008812550937216833,16,0.10080738684530688,0.019774717055631816,16
gene_1909,0.6072584111597569,0.026408974570110252,16,0.23318254403792196,0.07831836032368703,16
gene_1910,0.6037466596453612,0.027595079456950288,16,0.18573298327728316,0.059845479571902796,16
gene_1911,0.5907621890654174,0.0324683647927013,16,0.18394251017923385,0.073935865741013,16
gene_1912,0.6440327286851336,0.014474152180869991,16,0.16315133346772023,0.04929177826969208,16
gene_1913,0.6258046683909729,0.0297316727973303,16,0.1835861089854395,0.05598741092581332,16
gene_1914,0.6434778123181342,0.009694430450004336,16,0.10177781016787713,0.02357237478519788,16
gene_1915,0.592786460392609,0.032388857375451593,16,0.18095043180355758,0.07333893129795889,16
gene_1916,0.6442432949581394,0.00603041503981522,16,0.09270987852085744,0.01934765441897547,16
gene_1917,0.6027021557267026,0.018028049322773545,16,0.1173701787760915,0.054974297258709434,16
gene_1918,0.6626524479859258,0.006808114790896703,16,0.1448398062050267,0.04068271947286688,16
gene_1919,0.6245755865389382,0.01142332205000566,16,0.08607263565045827,0.0355152954612791,16
gene_1920,0.5871577991743572,0.016149125737280442,16,0.09096156776634833,0.04889741417464572,16
gene_1921,0.6021089881009347,0.03731971543330411,16,0.17526075606586627,0.09944703480839592,16
gene_1922,0.659782433181313,0.009331899975268971,16,0.10343299465664427,0.026002897855327986,16
gene_1923,0.6120152653989306,0.006738538873232631,16,0.09445456068482293,0.028865675775960494,16
gene_1924,0.5965704009438284,0.017137951436478425,16,0.14580032459620262,0.059452482241668936,16
gene_1925,0.6261674640417011,0.03209392688401335,16,0.20935460251314064,0.09996973514529807,16
gene_1926,0.6310725434275368,0.0139187329372023,16,0.10667278183390508,0.03745713362909445,16
gene_1927,0.6332712160499147,0.01524936597143844,16,0.1011093663622212,0.037176548397093605,16
gene_1928,0.6183086977537168,0.029254218442824623,16,0.17996180286783955,0.06888352224003105,16
gene_1929,0.6386736249642122,0.014360662962139571,16,0.14300239145727844,0.0306015371388921,16
gene_1930,0.6049367303403484,0.010563550079015686,16,0.09066234017272276,0.02410526639883345,16
gene_1931,0.6569744779857638,0.00981891549560784,16,0.1078442677165469,0.056648599978662326,16
gene_1932,0.6028276251976333,0.021958802263546726,16,0.13191333995215457,0.04848977124492654,16
gene_1933,0.6070405789184121,0.01964795172742818,16,0.11897616178957397,0.05311225802570054,16
gene_1934,0.6061453825186728,0.03321736444658857,16,0.21590282495364937,0.08329469290858893,16
gene_1935,0.6172995618698784,0.017266788969890284,16,0.14163379084370503,0.03304233191949289,16
gene_1936,0.6383614701292891,0.010078207950270816,16,0.0996392102034322,0.028259065629175704,16
gene_1937,0.6166024200490411,0.01104437070216251,16,0.09100449039943968,0.022866974991244474,16
gene_1938,0.6284894211919283,0.015198899479513403,16,0.10300804232376243,0.047925543015418216,16
gene_1939,0.6476179675840871,0.01136199847071696,16,0.08227055812298774,0.016962460306764245,16
gene_1940,0.6548929484818156,0.013008671809190043,16,0.11553512974775376,0.03227909413916548,16
gene_1941,0.637155518152696,0.01138286466534724,16,0.12536562773418397,0.041258184984759506,16
gene_1942,0.6593072315777159,0.01165533085826499,16,0.07053506191942592,0.03513391174510366,16
gene_1943,0.6090487425720976,0.02734797720235767,16,0.2191339034524941,0.09723040873878504,16
gene_1944,0.6593195684227586,0.012440776087528051,16,0.11245674299818872,0.04548327109339919,16
gene_1945,0.6520057874351433,0.016021687506904917,16,0.12046059463637128,0.030404538949873574,16
gene_1946,0.5863015330371972,0.026959654502573097,16,0.15888620171090154,0.07420301104370239,16
gene_1947,0.6447069688750889,0.013822042319943481,16,0.05860974884023777,0.024351309633429092,16
gene_1948,0.6549855553715622,0.011637688971254787,16,0.09654542529152761,0.027018000525561456,16
gene_1949,0.6245723927507365,0.015107767307201089,16,0.12122387739224214,0.02676700055263892,16
gene_1950,0.6321421012491977,0.014370821315625249,16,0.1726963577786331,0.03672519856873936,16
gene_1951,0.6047912071655545,0.021901752832845015,16,0.11568100763360316,0.04588771344828127,16
gene_1952,0.6605934933161596,0.004159595639011548,16,0.08734563230124352,0.02089507102740358,16
gene_1953,0.6282602575260303,0.011248324542215853,16,0.08295829529039414,0.03408988931132619,16
gene_1954,0.613074684093309,0.02946143440368158,16,0.14283170084561556,0.05753390455995654,16
gene_1955,0.6627646524990866,0.00787818927010241,16,0.09056565996608283,0.021023661750194295,16
gene_1956,0.6444891005109846,0.013243120955430407,16,0.09626317166724621,0.04044473378093936,16
gene_1957,0.588628156853755,0.018548637122578416,16,0.16304444849096644,0.04943813508141302,16
gene_1958,0.6446045856856729,0.016844388179939586,16,0.15794304109746932,0.05865341449872369,16
gene_1959,0.6257723703211616,0.01592474487247333,16,0.1104029366732585,0.024527108303580653,16
gene_1960,0.6273400513107715,0.01784286699053531,16,0.12020405585062699,0.035981066093933124,16
gene_1961,0.6391814264501954,0.01423811185392103,16,0.11082102620591217,0.06428903668452782,16
gene_1962,0.634742583535357,0.009840638538398797,16,0.08869261696878757,0.023383970739637643,16
gene_1963,0.6463509455067722,0.009925093454106667,16,0.08415245558659297,0.022166267960252905,16
gene_1964,0.6385048664335217,0.02369018734235761,16,0.18745050850674924,0.08547053866133504,16
gene_1965,0.6350681484118693,0.015579139965853674,16,0.1671740773772105,0.055981227282783326,16
gene_1966,0.6413347096613051,0.008779494271056792,16,0.12166241581672431,0.03251786611094798,16
gene_1967,0.5594671004948233,0.016749943492802795,16,0.10911823230351007,0.04048994945715489,16
gene_1968,0.6240906458190575,0.013069391442876013,16,0.14311961085268665,0.059687551140166675,16
gene_1969,0.6523038712090968,0.004904934325902407,16,0.0882143916262984,0.0211990900275016,16
gene_1970,0.6235474827571931,0.014896236569822707,16,0.1899814882569339,0.0646150524857266,16
gene_1971,0.6215034299913244,0.011131642319482314,16,0.160370586741933,0.04389462050862393,16
gene_1972,0.6459078875497906,0.015319541769855258,16,0.09387169014165558,0.02998258879690879,16
gene_1973,0.6736031977186824,0.0062579488116141675,16,0.06582418468758863,0.018143963067508276,16
gene_1974,0.6046585976474182,0.025137429443133495,16,0.1084665341432923,0.06175908588362737,16
gene_1975,0.6288203804712289,0.0073944867828280875,16,0.05643673889158115,0.027538958323420366,16
gene_1976,0.6130805207693562,0.01489399896862771,16,0.09821748205379487,0.031092752772721974,16
gene_1977,0.6012750900815387,0.028993423054651458,16,0.15624420445021198,0.0672931929835616,16
gene_1978,0.6164014848679962,0.012213712860505587,16,0.11991511980143131,0.02501823314006262,16
gene_1979,0.6039472419975801,0.02346832018469821,16,0.09573063404686523,0.04230401451272791,16
gene_1980,0.6243410029202026,0.026694464353123393,16,0.1487956085460527,0.053202777104946156,16
gene_1981,0.614906892143752,0.030655933792941934,16,0.1955360448580117,0.08307442615417192,16
gene_1982,0.6097578636889979,0.014782701640380745,16,0.19824750582431674,0.047692866941866474,16
gene_1983,0.6072780126631336,0.02267980568133782,16,0.20237407219646245,0.06026063614897759,16
gene_1984,0.6199367295262781,0.01957775085549185,16,0.11085533427137645,0.025698103612274332,16
gene_1985,0.6314804020448079,0.01529489725974415,16,0.0966996644708864,0.024129139500043868,16
gene_1986,0.6491700349253806,0.01832774987568232,16,0.10343534618249227,0.037793808206189536,16
gene_1987,0.647597786428888,0.013431420862408554,16,0.0964991355697728,0.023677505411032033,16
gene_1988,0.6160583316078787,0.011629225519413835,16,0.16450497076772694,0.05125650060550349,16
gene_1989,0.6154154821250295,0.021085448106029813,16,0.11920293081434569,0.04630586770543427,16
gene_1990,0.6253038183597799,0.014398504260803401,16,0.17519673681729858,0.05925726901250395,16
gene_1991,0.6143889859740359,0.018884717232484104,16,0.1865771679903475,0.03958961366434006,16
gene_1992,0.6151273533695424,0.02050165949520609,16,0.16046366260055647,0.051278867444254174,16
gene_1993,0.6080455397342717,0.03619993347452421,16,0.17294460305284887,0.08057351947932155,16
gene_1994,0.5727007180326513,0.03518824808060615,16,0.18526496550989083,0.07236287626685796,16
gene_1995,0.6351373220040958,0.016878278748238953,16,0.10991045531404989,0.04624247907188136,16
gene_1996,0.6265433168071758,0.010905583922634266,16,0.09596730473089224,0.05122526017070277,16
gene_1997,0.612067085941483,0.02138073311012801,16,0.13444442632435863,0.03747419300892001,16
gene_1998,0.6418791450254169,0.01856944011510728,16,0.1438132026320279,0.06143791807953713,16
gene_1999,0.6501163094372988,0.014654360090157099,16,0.12170527162532378,0.04370154999317445,16
gene_2000,0.6545003688953042,0.008962344484737367,16,0.0903024972625408,0.021151970369790527,16
gene_2001,0.626156481020814,0.02022052379658014,16,0.12417860423485418,0.05259832150138338,16
gene_2002,0.6344417508407414,0.0207850987146117,16,0.11922474201216755,0.048683346969765715,16
gene_2003,0.6286154075903638,0.009742340002706965,16,0.14771167643908958,0.04537668374014457,16
gene_2004,0.6028920415365249,0.031755496200072716,16,0.11661045558077494,0.06776108179624837,16
gene_2005,0.6536189923807982,0.013229829952357464,16,0.0880106902452192,0.028589146851143724,16
gene_2006,0.6338525481059496,0.01035916199582474,16,0.08982370320480247,0.0415974667810995,16
gene_2007,0.5928207804272264,0.013191708826511972,16,0.12538390220306994,0.04205744566280019,16
gene_2008,0.632079067046685,0.01499765439367018,16,0.13564813314396051,0.04716632822770569,16
gene_2009,0.6439322822880811,0.01663590155557194,16,0.13120839766147177,0.05757691001607137,16
gene_2010,0.636866251802912,0.02734971670024617,16,0.14930717619471084,0.05727878191920931,16
gene_2011,0.6173945109118688,0.009309220429866408,16,0.10922749438056313,0.037938660132789376,16
gene_2012,0.6730079230663334,0.009020219856613342,16,0.07301430218355867,0.022223492842547415,16
gene_2013,0.6210151462690022,0.0442277142592801,16,0.18535814482867702,0.10578925040486173,16
gene_2014,0.6072533370137784,0.013318740332569638,16,0.13824831304625676,0.04220897992830171,16
gene_2015,0.6570364182679355,0.007924831540360572,16,0.08658103290378667,0.022763578297883984,16
gene_2016,0.6236210234893886,0.023075858794051593,16,0.10188117740887787,0.04324180895333641,16
gene_2017,0.6185066765181575,0.00778514638821984,16,0.08750984259370954,0.0331902651628666,16
gene_2018,0.5874991054568027,0.02070243486887849,16,0.12745019688438725,0.06815704945426627,16
gene_2019,0.6226838528574835,0.010208011196727219,16,0.09221004597336685,0.0340511123785402,16
gene_2020,0.6314905437011971,0.013740048358362802,16,0.09096071969793676,0.021898545878164404,16
gene_2021,0.6579350701449007,0.013344942134191639,16,0.11189602910125333,0.0385507096266492,16
gene_2022,0.6719137677746282,0.00942482851397244,16,0.1401983624272195,0.034804428588450946,16
gene_2023,0.634774545160955,0.007270490225561611,16,0.0877624649986788,0.019737739082601517,16
gene_2024,0.6208773900272296,0.010174201792703447,16,0.11983326547683162,0.02235306406025955,16
gene_2025,0.6168283792105294,0.02903741338451117,16,0.19434925669197606,0.06559904145384199,16
gene_2026,0.6541197944282612,0.005852690782732338,16,0.06276345690808743,0.01593505224360379,16
gene_2027,0.6271886170670673,0.01978410283790917,16,0.19031608708712872,0.06601522052012983,16
gene_2028,0.6455353173590902,0.010940194682813063,16,0.06369587171679819,0.020249737351714866,16
gene_2029,0.6475273486585105,0.014693098772334323,16,0.11693138044851979,0.06196095217998243,16
gene_2030,0.6197786591769869,0.023247272183987897,16,0.11139667773887045,0.06100135274433005,16
gene_2031,0.6545084985426546,0.00976971800357869,16,0.07802577413555124,0.02870798653929239,16
gene_2032,0.6284663334588002,0.01662480211762385,16,0.1226059036588444,0.05165111937692815,16
gene_2033,0.6520674864321688,0.012877384963079816,16,0.06073861678337211,0.017319041119613188,16
gene_2034,0.6207904305409641,0.017110474808432658,16,0.09686821982279335,0.03473855405247329,16
gene_2035,0.626650463605799,0.012645038738014439,16,0.10480598343143764,0.03956039420088131,16
gene_2036,0.6503659778272213,0.024880891939126192,16,0.17665710107273241,0.060257444572354366,16
gene_2037,0.6723662734831662,0.005883471636028972,16,0.07823296889408102,0.010004531685631684,16
gene_2038,0.643289988573202,0.016421396439027982,16,0.12105185229890046,0.027978631539589807,16
gene_2039,0.6198383624315869,0.008069457967005268,16,0.09629235842002308,0.029396171846380954,16
gene_2040,0.585000651312604,0.026885564123737365,16,0.19299676091298576,0.05643666793132291,16
gene_2041,0.5982093551897176,0.03036518471140957,16,0.12192649598876391,0.060625032556348456,16
gene_2042,0.5940860344022431,0.019589500777655214,16,0.15451364609221102,0.06311609319429833,16
gene_2043,0.6138212389470586,0.03059598741432061,16,0.22338158668660815,0.04667251882405291,16
gene_2044,0.606134322571227,0.020077805054834457,16,0.10759336464187721,0.02866679493547764,16
gene_2045,0.6693665987767223,0.009669581889261649,16,0.08515100187146157,0.034398125792675024,16
gene_2046,0.6622194081233089,0.0127742877084347,16,0.10794038121939374,0.04102152333996677,16
gene_2047,0.6478492680847604,0.009906536784175713,16,0.07791072336651993,0.022310359950654616,16
gene_2048,0.6442995566548244,0.01988360865684967,16,0.17786730955712662,0.05134016449404824,16
gene_2049,0.6112871811217044,0.024322191984797913,16,0.16588590994453936,0.051688752155449526,16
gene_2050,0.596422748626066,0.03730485106323667,16,0.15911497360324567,0.0749965204494135,16
gene_2051,0.6474075533382827,0.01355773475952019,16,0.11167986708137048,0.01756495550681307,16
gene_2052,0.6060516637115736,0.018842432670556013,16,0.11655870485525632,0.034131574163159886,16
gene_2053,0.6189728278953486,0.015417970794702439,16,0.12382528090792691,0.04686857744403475,16
gene_2054,0.6527465210236646,0.012571320319662321,16,0.12481805057976794,0.02726289319196265,16
gene_2055,0.611934295020996,0.017719042043000094,16,0.16115979853550555,0.052766022252811545,16
gene_2056,0.6411576682747784,0.007967551846578129,16,0.08297672923645437,0.028838578520183223,16
gene_2057,0.5919298345540583,0.015621304113046044,16,0.163195191140245,0.039808094120880634,16
gene_2058,0.5926005750546935,0.02532092998646871,16,0.1998705641506961,0.0392193379828957,16
gene_2059,0.6412934981894004,0.018933398436815747,16,0.0944757626962548,0.022074034368570333,16
gene_2060,0.6365234663723897,0.01562036749580969,16,0.09638449718640515,0.030921061034027753,16
gene_2061,0.6504821508723694,0.012444416144108817,16,0.14597323619023514,0.03595395516934639,16
gene_2062,0.6260229237936167,0.021765073426269835,16,0.21798949546498858,0.06954603916651302,16
gene_2063,0.6525612008388116,0.012113289669293922,16,0.1124701823771464,0.04990340343599257,16
gene_2064,0.6464405407203849,0.008744498884414045,16,0.05257368597729126,0.02798780502214186,16
gene_2065,0.6189052051620233,0.019191490697909507,16,0.1546718484833355,0.05500119868663796,16
gene_2066,0.6299434954024903,0.015956418780854017,16,0.12762394273530828,0.06209378879918808,16
gene_2067,0.6634272302130996,0.005923619710606412,16,0.0781839331605886,0.021610488877408397,16
gene_2068,0.6242302345928719,0.01814771602708954,16,0.1833929913769742,0.06163368960641745,16
gene_2069,0.5841526200381042,0.026927323585040727,16,0.18229006610616122,0.05738633455103887,16
gene_2070,0.6357443765103226,0.008129125216743874,16,0.07817775140053687,0.022863473870187008,16
gene_2071,0.6144398244827606,0.019435575198466736,16,0.1590371927243351,0.05636428482546991,16
gene_2072,0.6535981000133395,0.008747749348618777,16,0.1279238310037681,0.04203887287855838,16
gene_2073,0.6111109824866503,0.02638735422818693,16,0.14661246012226814,0.08058179118787019,16
gene_2074,0.6471532936992027,0.02017153374661679,16,0.16960542298597597,0.07289926666821932,16
gene_2075,0.6113726565311836,0.024678644201860923,16,0.14055835356996693,0.05596466608592806,16
gene_2076,0.5993493568512377,0.017841187381253825,16,0.14583419242922285,0.0472674039527512,16
gene_2077,0.6400975930261371,0.01835872555046327,16,0.12288251670143412,0.038903975462091164,16
gene_2078,0.6606870373818957,0.0067639967940165075,16,0.09092101087401004,0.024701054544531226,16
gene_2079,0.6081573234558385,0.011798348573338483,16,0.18196193144405734,0.030456283751893118,16
gene_2080,0.6399850054185336,0.01874558394186239,16,0.11094830832393403,0.02722389330890805,16
gene_2081,0.6105614890247836,0.01271972680768032,16,0.12816820726880054,0.04838842296025978,16
gene_2082,0.6218429261514293,0.009992760708115276,16,0.131963636881865,0.036437885772356036,16
gene_2083,0.6506943796870837,0.01581226806807109,16,0.10527534231387999,0.03959470001935066,16
gene_2084,0.6276086861177811,0.01942842925176998,16,0.12134972317426826,0.05585479470791192,16
gene_2085,0.6586963109922501,0.008971250249657647,16,0.07569777967736388,0.0150805520454194,16
gene_2086,0.5967711037808489,0.03292321195019864,16,0.21288422912623275,0.06652370551697535,16
gene_2087,0.5971510350623014,0.02328878598652516,16,0.16038547271560472,0.04626625933243637,16
gene_2088,0.6188063280992726,0.021303521719686136,16,0.14196604601869298,0.042921416998791394,16
gene_2089,0.6326918389897669,0.019510305710576516,16,0.08526152806366365,0.029221994096527364,16
gene_2090,0.6506804785925233,0.008205934264144888,16,0.08147819953906653,0.017162561026217264,16
gene_2091,0.6102788233271658,0.014835944914025095,16,0.13254129386499827,0.04053074938971791,16
gene_2092,0.6131460132203472,0.016629140739778586,16,0.08977663823407103,0.029911214349561777,16
gene_2093,0.5836156689071371,0.014324084229800051,16,0.12157846600668797,0.04552570662855406,16
gene_2094,0.6447006119244312,0.012089991831558452,16,0.08026526349588531,0.017768249276717312,16
gene_2095,0.6449927320343354,0.011906324212324492,16,0.07807841352287144,0.03936803269078262,16
gene_2096,0.6387426389013248,0.008225674898729982,16,0.1013691535648682,0.04583608303726561,16
gene_2097,0.6314188871851443,0.021415737081049897,16,0.12158172517965045,0.05013219885542052,16
gene_2098,0.6198200899420692,0.016611425763856096,16,0.10651371152514294,0.03942197427404453,16
gene_2099,0.5956430887006863,0.009852144653327155,16,0.11096948080843103,0.03287111242689953,16
gene_2100,0.5776741408778169,0.015508931877012872,16,0.14223217152083048,0.041145371770590834,16
gene_2101,0.6545519052995045,0.006364564357009619,16,0.10345059005095403,0.027937727323626795,16
gene_2102,0.6518253147885774,0.012060092886331236,16,0.11933098777184126,0.0380704006007828,16
gene_2103,0.63840550793675,0.009356097876321332,16,0.10240590873000296,0.023608311784214797,16
gene_2104,0.6155804858833837,0.013377710451967747,16,0.12311351082447317,0.03010809393108974,16
gene_2105,0.6240865310732274,0.027899144497879086,16,0.2565571520938642,0.11430481939187526,16
gene_2106,0.6465291008526444,0.010866208726764656,16,0.07904530106986901,0.04921563352023463,16
gene_2107,0.6516124803813287,0.01578415063620338,16,0.1573342122067705,0.03900337401081347,16
gene_2108,0.6155681774334417,0.01969548743309299,16,0.1040399291980794,0.06000085304308359,16
gene_2109,0.6541609311142864,0.006177586714200925,16,0.08955240291225165,0.018795565493303704,16
gene_2110,0.6598063485096187,0.009469649586124453,16,0.08806666344610742,0.030705051054875313,16
gene_2111,0.6554614209149661,0.007663788246508932,16,0.07037406889859985,0.023683059601854514,16
gene_2112,0.6161779694674775,0.02431953307367591,16,0.11010266754722696,0.0365752867972962,16
gene_2113,0.647262352238879,0.009082313366157585,16,0.11954614266781745,0.03629247608249525,16
gene_2114,0.6367621433959945,0.0104791207296221,16,0.06362346060871396,0.01645537124841582,16
gene_2115,0.5889109343958613,0.021369285158922124,16,0.13013781987719547,0.05009163494246254,16
gene_2116,0.6751339385065778,0.0061392007913430744,16,0.06559090325443981,0.018836105266875083,16
gene_2117,0.6136104657004056,0.022604371198875758,16,0.11754824124856827,0.038498302510323205,16
gene_2118,0.6478048143642162,0.0071640220200731314,16,0.08078677365812188,0.021166073771540256,16
gene_2119,0.6376193643376104,0.008389147909286148,16,0.06614567858837832,0.013095866878463234,16
gene_2120,0.6470537140130077,0.009921476131851145,16,0.07655656625681061,0.03887458199026043,16
gene_2121,0.6369313752099673,0.019512851511177546,16,0.11708262868948316,0.04516436332256048,16
gene_2122,0.6005164104485521,0.027780828568614354,16,0.13972146351749495,0.05282400758967196,16
gene_2123,0.6276910032951027,0.013603095133278351,16,0.09745447923484732,0.038969631756103004,16
gene_2124,0.6379559541287593,0.007633870939139525,16,0.0943193027455982,0.03329476999230922,16
gene_2125,0.5854667646377866,0.013604564014495384,16,0.12046836035210846,0.026963865348552503,16
gene_2126,0.6533103864567534,0.007087688708695139,16,0.0814755986079331,0.03503933292356597,16
gene_2127,0.5798164903783427,0.020049721302837147,16,0.13545066589601149,0.09154578396847177,16
gene_2128,0.6461009239753222,0.007328531441765683,16,0.08757905463322878,0.02961842879906794,16
gene_2129,0.6471332888038349,0.015075877318029132,16,0.08065525896672518,0.022369341899641324,16
gene_2130,0.6212825941371113,0.013684186324081464,16,0.14159692230686577,0.046203058639345713,16
gene_2131,0.5780738898628129,0.034302650160070294,16,0.18812977548748808,0.05892884540887629,16
gene_2132,0.6377166091556392,0.017299890247376614,16,0.14639211028437035,0.04524448395623983,16
gene_2133,0.6299322310017256,0.013406211676331641,16,0.1225780634922221,0.025705824952747893,16
gene_2134,0.6467013795078312,0.018668382815173048,16,0.18579221726818856,0.06016566986115415,16
gene_2135,0.6243797603899035,0.019233624701450368,16,0.21420565000947153,0.048083983244031944,16
gene_2136,0.6814804599417836,0.00397966285631665,16,0.07507588611728389,0.013878861562147066,16
gene_2137,0.622234678974001,0.020488389426690186,16,0.12070062566372355,0.060028284092914205,16
gene_2138,0.6148686323149098,0.01327454078305422,16,0.1569362350581912,0.049383901560879205,16
gene_2139,0.621474387191984,0.019234229517972226,16,0.146671375101422,0.03491157050401681,16
gene_2140,0.6373560114676989,0.00700385497168972,16,0.09268689102594677,0.031672285981921774,16
gene_2141,0.6299373466370253,0.02190194437847613,16,0.1324977488926034,0.07630882068758113,16
gene_2142,0.6156490572500447,0.02066137973367792,16,0.19092410493067125,0.06435946485789268,16
gene_2143,0.6252898361541283,0.005288526905082427,16,0.13867988641369758,0.02693222607705104,16
gene_2144,0.6373696824298397,0.01089495283116557,16,0.09749700905555476,0.016000189625377196,16
gene_2145,0.6158419731801582,0.017496833035751506,16,0.09489043615418893,0.03550104197623372,16
gene_2146,0.6309810889104857,0.013482048627320805,16,0.07991659694751405,0.02667794200255301,16
gene_2147,0.6434829739864764,0.01640670640425108,16,0.11442625063203454,0.059244583526851184,16
gene_2148,0.6583698824000739,0.008327537361856445,16,0.09800578479496362,0.021036155355900563,16
gene_2149,0.6473130515888581,0.012043634503998465,16,0.10793416014953638,0.026463842432390503,16
gene_2150,0.651800710306495,0.014926587592174724,16,0.13062173353952228,0.03247333000042457,16
gene_2151,0.6479383187799236,0.010801979550566741,16,0.06054813944558651,0.024002252604266264,16
gene_2152,0.5835447449079242,0.033633479090480874,16,0.1655456678936404,0.05921222213879653,16
gene_2153,0.6046646085205517,0.03088433160110195,16,0.238354683632992,0.07449161527539873,16
gene_2154,0.6218204057657664,0.031469774993523277,16,0.17500399809426254,0.07772499292559094,16
gene_2155,0.6186989069024084,0.01566549815671888,16,0.1264720252842709,0.05660947217711453,16
gene_2156,0.6092509732313108,0.015465602146694728,16,0.11447633797485826,0.04245828015697312,16
gene_2157,0.5903706605323885,0.014050555931975147,16,0.18983540974951119,0.041094911101404265,16
gene_2158,0.6518401472172938,0.0055541827467900425,16,0.06698937699556015,0.023182357526995392,16
gene_2159,0.6367349997912192,0.011333218491000004,16,0.11041060647663777,0.04162471030487111,16
gene_2160,0.6361437511130335,0.021582343883472126,16,0.10927650373788235,0.06023192155642011,16
gene_2161,0.6384143285100832,0.01731255028630692,16,0.25706521163531265,0.0723735112189467,16
gene_2162,0.6203525836101847,0.023538210505942264,16,0.1643193002134104,0.036937182883266195,16
gene_2163,0.6369198466870177,0.02731724138748721,16,0.2095596949064566,0.08848521634764947,16
gene_2164,0.6362488382014129,0.021337019497414456,16,0.12291454743742927,0.03528227077493367,16
gene_2165,0.6453118761359042,0.009059619312058013,16,0.07505899130460847,0.02204669393967644,16
gene_2166,0.6203981742585571,0.01376652523082013,16,0.08707591491895769,0.023961233227827314,16
gene_2167,0.6073095256890165,0.009159263421119702,16,0.10889638624300454,0.050657476334701766,16
gene_2168,0.6318673190560422,0.016257511231151066,16,0.08887831927541619,0.027032978757683616,16
gene_2169,0.6364181760581715,0.02180103062093444,16,0.13089791645483523,0.058604753637571685,16
gene_2170,0.6125146829239099,0.0212103870601562,16,0.16627127148692245,0.05923112093286057,16
gene_2171,0.6235504023423525,0.01709431387111803,16,0.11529769240989758,0.02724403133121951,16
gene_2172,0.6231999005332254,0.03154962566075749,16,0.22437554123411144,0.09235665214291504,16
gene_2173,0.6303092939982281,0.01630980824579102,16,0.1296587009902225,0.02660532577983108,16
gene_2174,0.6278476742430513,0.023560273500107618,16,0.24940698877501602,0.055167639633187236,16
gene_2175,0.6170808338918501,0.01756957516991513,16,0.1277665952462073,0.027972288267363768,16
gene_2176,0.6382048113432063,0.022584446508023864,16,0.1208496956846187,0.06722472713851173,16
gene_2177,0.5992041683921859,0.02878859660242817,16,0.14661207285487202,0.07807499121055324,16
gene_2178,0.6263439110951516,0.014792071138288183,16,0.1256849688147457,0.044966194518139865,16
gene_2179,0.6345905457216459,0.007479046877553832,16,0.10815289911138588,0.029115882276335894,16
gene_2180,0.61039801726497,0.012000453282934118,16,0.1054119269787627,0.027922887291520104,16
gene_2181,0.5901542146484463,0.03493450650931155,16,0.17670018631825596,0.04359718331694659,16
gene_2182,0.6003534527251595,0.011975721859582364,16,0.15281096486158152,0.03064474975138749,16
gene_2183,0.5999711598527077,0.023499954405204707,16,0.14246501360717964,0.04799478698730232,16
gene_2184,0.6241611113080695,0.010162488563818042,16,0.08304666689918805,0.02373964320968713,16
gene_2185,0.6458456121386649,0.01524369657455318,16,0.09832873466633381,0.02863041997497718,16
gene_2186,0.6030524862156262,0.017492069754782513,16,0.15867893651649,0.0636152002437684,16
gene_2187,0.6288128291124346,0.02798207871190681,16,0.16307092858916283,0.06504993425151392,16
gene_2188,0.6173780724252326,0.004251554061727791,16,0.13259348184397476,0.04143265847718854,16
gene_2189,0.6620145055403228,0.008697055201740293,16,0.10243134985953323,0.02387424166361175,16
gene_2190,0.6195538766909131,0.007717301772616031,16,0.10361197760855266,0.019145710933752124,16
gene_2191,0.6456981515528433,0.010258317509648111,16,0.07931943333480988,0.03638078784372413,16
gene_2192,0.6148341874550477,0.016194249853472818,16,0.11083247992896784,0.04138371411324601,16
gene_2193,0.6134638248022107,0.01815480574321896,16,0.10318277958678483,0.05601121487493853,16
gene_2194,0.6440528129833359,0.022080898848439095,16,0.17077509852394504,0.062188025882091616,16
gene_2195,0.6318058163667639,0.011497587495995316,16,0.11118529204760866,0.02403947546079178,16
gene_2196,0.6019370057153405,0.038991014139945344,16,0.17665383143083419,0.11584475185012935,16
gene_2197,0.6220347578644071,0.015503755914569439,16,0.12878003000654292,0.05498991822154037,16
gene_2198,0.6110941452617332,0.01695634854500268,16,0.15371186827803304,0.07244871135779245,16
gene_2199,0.624731881814417,0.008126035752352127,16,0.13995694384505286,0.027166415758956123,16
gene_2200,0.6156381607716731,0.036300945655514213,16,0.23716180183636362,0.0959950867882313,16
gene_2201,0.6110064333871605,0.024538216196213398,16,0.15559553578591565,0.07867941388487532,16
gene_2202,0.6305774953950084,0.014311995507636618,16,0.12617205672878162,0.031104825500510642,16
gene_2203,0.6268975150830195,0.00909887100439374,16,0.1379437232899852,0.035396658490985555,16
gene_2204,0.6204207043722817,0.03607588866919649,16,0.26419593869525104,0.09661689653560757,16
gene_2205,0.6303935529368374,0.017175276079674232,16,0.09965225258806029,0.026817743140164454,16
gene_2206,0.5821416464013683,0.025082651083560618,16,0.1813174182662044,0.05118154759540594,16
gene_2207,0.6661424840752511,0.009948094980749516,16,0.07764438449470902,0.02656303633623789,16
gene_2208,0.6624212647775365,0.014965408285503795,16,0.1102333785603496,0.03926093567045085,16
gene_2209,0.660939488717909,0.011311468743790057,16,0.07128186953893187,0.02756115544436313,16
gene_2210,0.6336728965304581,0.014399090471299711,16,0.12159817516556712,0.04343428264951077,16
gene_2211,0.5884021953248667,0.022792885642502494,16,0.193387867493418,0.05291924957761687,16
gene_2212,0.6673363935235497,0.013560423952379722,16,0.09546144176939267,0.03184385146885338,16
gene_2213,0.6199160195231629,0.01853700996527732,16,0.09708042413980993,0.05180472427732616,16
gene_2214,0.6655440125898787,0.009012385816723329,16,0.07477992751859579,0.0180302275326876,16
gene_2215,0.6497834662859858,0.004614718025628517,16,0.07083224716617975,0.017076949243244495,16
gene_2216,0.6391014092538473,0.015036697733380018,16,0.10608671217109439,0.024887105879082407,16
gene_2217,0.6066444618878455,0.023094169201925373,16,0.1377976706830727,0.06999592986082401,16
gene_2218,0.5868765728644827,0.01931529184410415,16,0.08577421623401586,0.025128290470634772,16
gene_2219,0.6147076548038125,0.012773039729249912,16,0.10852394003494002,0.03347966567057644,16
gene_2220,0.6235382265027529,0.016840262797612974,16,0.09781885230970916,0.029227708079328632,16
gene_2221,0.6305190226230941,0.013296999440678038,16,0.1313072410234559,0.025174199957221623,16
gene_2222,0.6261126009540353,0.01585910824603592,16,0.06896206847817028,0.03543123440174957,16
gene_2223,0.6536237503810921,0.009162172469945261,16,0.05777851288968605,0.01831099609318981,16
gene_2224,0.6689203023264522,0.005709222541996318,16,0.08344972611707367,0.029480847772110415,16
gene_2225,0.6081779650506911,0.015830791913595075,16,0.1735315282913528,0.057597712970134586,16
gene_2226,0.6443860178983303,0.01346524446082742,16,0.12024153806376067,0.04485998457401562,16
gene_2227,0.6489626211818992,0.007824767682247817,16,0.09165772602702109,0.018746498894163417,16
gene_2228,0.635295802082178,0.013465759210001916,16,0.11417260343962479,0.031854597116075474,16
gene_2229,0.6404845439401146,0.010137863845591306,16,0.09459936739197378,0.02350204361055603,16
gene_2230,0.6177589587388179,0.011731240777775863,16,0.1181894843250609,0.03604880191500703,16
gene_2231,0.6215037081966197,0.0042877403328274175,16,0.10368532591924255,0.02674520087865255,16
gene_2232,0.633459357978758,0.01623830908290347,16,0.12596004991298423,0.03385155999073642,16
gene_2233,0.6116546044469668,0.024038675877566,16,0.14919143344464791,0.06645087899070788,16
gene_2234,0.6411468331989469,0.016421764297977356,16,0.15867843271155752,0.049577877724754985,16
gene_2235,0.6423389217766572,0.01855915009134115,16,0.11859903826096546,0.06987220919057437,16
gene_2236,0.6210081505539383,0.013475322373279499,16,0.10483255258600799,0.04768391841694342,16
gene_2237,0.6339985530839455,0.01716973163498198,16,0.12621371084014163,0.030337782913061433,16
gene_2238,0.6542185922385768,0.017101314176324187,16,0.2031288217264014,0.05260221677111563,16
gene_2239,0.6244381338770444,0.020219306389739723,16,0.171641279082304,0.04692541456141047,16
gene_2240,0.6180376209706911,0.014598771124943729,16,0.18144278312384182,0.05674551769946639,16
gene_2241,0.6236238512544228,0.022223375168164677,16,0.20310317793547214,0.05620557926575236,16
gene_2242,0.6337338437168776,0.009921658974095205,16,0.10567669195014939,0.03435236153337952,16
gene_2243,0.6201887439068763,0.020468629151761387,16,0.12143771581268721,0.05776269434774344,16
gene_2244,0.6099800397058877,0.019117128025927327,16,0.1807684262147059,0.08547649698486029,16
gene_2245,0.6180804650945917,0.02246593378164041,16,0.10496578765356133,0.0628723799515198,16
gene_2246,0.6448458994826328,0.01011556387099242,16,0.1146294525802006,0.018691131924803494,16
gene_2247,0.6231780343564595,0.008085885121504545,16,0.06514111864803501,0.025746151065532626,16
gene_2248,0.5829564981702615,0.01859031730489747,16,0.09938289973524261,0.02894022390135978,16
gene_2249,0.6387735680551345,0.011137066767201824,16,0.07324064757031362,0.02292911702256106,16
gene_2250,0.588845363886345,0.016707480451482473,16,0.17145077112977333,0.05373062504160917,16
gene_2251,0.6387401859475033,0.022709051805784787,16,0.16671627671282246,0.09345873091067754,16
gene_2252,0.6541810911539747,0.010897653465929026,16,0.10572623801954517,0.03756491822852734,16
gene_2253,0.6142930586528041,0.012160712551218571,16,0.1921295850120877,0.03399851467142394,16
gene_2254,0.6497107785025138,0.004734765837430866,16,0.09556958239557883,0.031742727117815984,16
gene_2255,0.6321644273371423,0.011562636714928957,16,0.07630163028136429,0.024544890907099572,16
gene_2256,0.6685818043074865,0.005565798777948488,16,0.08803932261235145,0.01926278220889811,16
gene_2257,0.6608866670862746,0.0057248626622132615,16,0.07371470979255415,0.014140859318914218,16
gene_2258,0.6446650393875585,0.015721185625507485,16,0.109574590666389,0.04966348061340875,16
gene_2259,0.6365690427546127,0.008405343364344594,16,0.14947374627038826,0.03028223262969629,16
gene_2260,0.6566662062521192,0.012617959019270548,16,0.080582045575137,0.031179177934476922,16
gene_2261,0.6404908386173326,0.0057751369123190555,16,0.09745985248700728,0.031776259634959565,16
gene_2262,0.6501621016247155,0.0067246454699400925,16,0.11635451391465693,0.03134244760426796,16
gene_2263,0.6475888456029926,0.007626699157992829,16,0.1010971207433479,0.019744127278727167,16
gene_2264,0.6428140531358683,0.01690232926687907,16,0.1099820734374211,0.04388794107923987,16
gene_2265,0.6262441605597306,0.02056884635377128,16,0.21038798821495286,0.07006427772946681,16
gene_2266,0.6468689638714815,0.014579383029577616,16,0.0833560841454725,0.04312688866320598,16
gene_2267,0.6294443961628897,0.013830066384604572,16,0.15742048438846476,0.04078770781074559,16
gene_2268,0.6623251286241693,0.004694100007658222,16,0.09130262836899213,0.020070914598953896,16
gene_2269,0.6070333354003689,0.01166300417291759,16,0.10591879619412477,0.035262578057045794,16
gene_2270,0.6473305837040682,0.014698168692604168,16,0.1374559329019245,0.06213971158907223,16
gene_2271,0.6575053946645535,0.006712644258917519,16,0.06902185181932809,0.026096743741262165,16
gene_2272,0.6533038727272228,0.005977992972739467,16,0.130285749836927,0.015759431333440856,16
gene_2273,0.610228628898186,0.019283667464331994,16,0.14067112479215113,0.07130718863041215,16
gene_2274,0.6518010595984753,0.012232278952145617,16,0.12272236776487684,0.03958733369474459,16
gene_2275,0.6324091729574443,0.019449507968688374,16,0.11559714551566597,0.049151181510685815,16
gene_2276,0.6527786006380555,0.007714802441401699,16,0.12543757134424152,0.03655195455421853,16
gene_2277,0.6335239156755543,0.01253459833809262,16,0.12901296546256746,0.04580488286635865,16
gene_2278,0.630089875466188,0.011442112029848999,16,0.07038533333341795,0.028568292110069025,16
gene_2279,0.6510177243508337,0.00736225645931835,16,0.05889856276831343,0.020180957960387862,16
gene_2280,0.6273406476119776,0.012782257269661212,16,0.11826357007827688,0.03576035489886858,16
gene_2281,0.6709512360559398,0.007987129873837527,16,0.07761323055961813,0.021782956632700717,16
gene_2282,0.6516922014567144,0.009746932674369971,16,0.08329359876012833,0.036654651918403475,16
gene_2283,0.6491171331910705,0.01671630115490898,16,0.10640383430192034,0.04492852174979895,16
gene_2284,0.6373694166036907,0.014433598195817299,16,0.14783132955574554,0.04886452770633384,16
gene_2285,0.6166329701297499,0.009093199199555407,16,0.130005580541955,0.026374299644254046,16
gene_2286,0.6345650475902119,0.013760482690461576,16,0.06445401113256714,0.027537478410850476,16
gene_2287,0.6234413579905065,0.011294111413099705,16,0.07773133322177872,0.045838317306048135,16
gene_2288,0.6414790192914395,0.007695482079138819,16,0.0997641379670263,0.03132883634220607,16
gene_2289,0.652448365769999,0.009421112681219123,16,0.07576982957158579,0.02314641762686055,16
gene_2290,0.6210887287461335,0.025415178388313826,16,0.1174853456669533,0.05752537489821056,16
gene_2291,0.6455024771299058,0.014018393829210881,16,0.11845139922152267,0.028513095249978488,16
gene_2292,0.5936532553862275,0.03223584882741508,16,0.17555633893400177,0.07781602206769186,16
gene_2293,0.6511477570544627,0.012258314092742521,16,0.0778107515288394,0.02967979526163518,16
gene_2294,0.6126279093457083,0.01538199889620421,16,0.16167554759283612,0.039416197036152456,16
gene_2295,0.616846960130146,0.012085453025885179,16,0.06486732197432896,0.022931979941209244,16
gene_2296,0.6356135406856331,0.008967506578404337,16,0.11370679794814145,0.0245194095097281,16
gene_2297,0.6512436077188191,0.01125783114465141,16,0.11981915340141172,0.039938656025603245,16
gene_2298,0.6291145336022815,0.012770360401852891,16,0.07742405724673238,0.028087325971711007,16
gene_2299,0.6303055003970806,0.010891225852896907,16,0.08735146181316657,0.016613459472544303,16
gene_2300,0.6665449864530705,0.006198054458638352,16,0.059269804471455356,0.019276023454074337,16
gene_2301,0.6475215424706531,0.003188442781497503,16,0.050524949385612784,0.013564763536742706,16
gene_2302,0.6571615861021316,0.012985772985827655,16,0.12301775431700027,0.04045897694207219,16
gene_2303,0.613697357863056,0.027208152524653775,16,0.23530125907147362,0.054130177773882224,16
gene_2304,0.6249802667108575,0.01418942052275017,16,0.14527370299497472,0.03693626507600613,16
gene_2305,0.6598348132054003,0.012975671130644711,16,0.076030321757477,0.024134640718436642,16
gene_2306,0.6129380161958178,0.027310008717651223,16,0.2176425397257478,0.0546710668315115,16
gene_2307,0.6287993901748626,0.01827374901324631,16,0.11362486564871363,0.05760348441749197,16
gene_2308,0.6316638921197315,0.022114009370800707,16,0.1625663289014192,0.05627019241558057,16
gene_2309,0.6697648037950011,0.0064520460038896,16,0.0730610255860673,0.016022636143848374,16
gene_2310,0.6250456802208498,0.009791583993043158,16,0.15804570652512928,0.0314556867358431,16
gene_2311,0.6255239156441098,0.019733268169492425,16,0.11436617764245098,0.04856414950695023,16
gene_2312,0.6040726696437354,0.023147150416820163,16,0.12847311160065975,0.051958561714851165,16
gene_2313,0.6037323927353122,0.030953851054834884,16,0.16411994214452016,0.0819071073002348,16
gene_2314,0.6209840991699873,0.025081254409593776,16,0.11189623249142627,0.05867907389110127,16
gene_2315,0.5970149509456161,0.012836196238825547,16,0.11040277528836105,0.01355572994046239,16
gene_2316,0.6244385005063847,0.02042187861799101,16,0.17659529741289146,0.07846824090666941,16
gene_2317,0.6132786373897936,0.01722742304019836,16,0.10908662119530481,0.04123468883421232,16
gene_2318,0.6246337586044775,0.008926196944393032,16,0.12344838419502371,0.04223099765886315,16
gene_2319,0.6140396992348752,0.020588154740538066,16,0.12277428608822731,0.0899082840206834,16
gene_2320,0.6072852688023331,0.012444188751200909,16,0.1416488983685066,0.042967790965592736,16
gene_2321,0.6386201241559715,0.018854726651933145,16,0.17535741682819153,0.042973764105690176,16
gene_2322,0.628952336843664,0.008220815686797656,16,0.10027178391754091,0.03503065715293651,16
gene_2323,0.6088381344286957,0.010319969422606256,16,0.08722785864199524,0.01812395514026056,16
gene_2324,0.660203026244713,0.014412520894546761,16,0.13155621420781016,0.07154568976989574,16
gene_2325,0.6272502838400256,0.016578127377571927,16,0.15945323173269282,0.03754773508472523,16
gene_2326,0.6471148179654376,0.009629755663152552,16,0.07188924082952373,0.027203660694049687,16
gene_2327,0.6202458923582482,0.015192520085579317,16,0.09579776093812185,0.029280037261300844,16
gene_2328,0.6209785740096364,0.011317505228850765,16,0.14060332775787254,0.04668233803690613,16
gene_2329,0.6547506857377207,0.007398129420410892,16,0.07864170168270325,0.017848498659886768,16
gene_2330,0.6450324841124426,0.014808778493908508,16,0.13153710883203112,0.04654643657849524,16
gene_2331,0.6613264615652097,0.011616583410398451,16,0.07364554168150231,0.015268996761532073,16
gene_2332,0.6554633395147451,0.008043999569700453,16,0.0785625715433269,0.023384872999450402,16
gene_2333,0.6258412881235906,0.012344709803104923,16,0.1418691666949381,0.045914064817191146,16
gene_2334,0.6518139482838273,0.00806585172799129,16,0.11275271138782998,0.03175700600373761,16
gene_2335,0.6378177593596008,0.024277244061534087,16,0.16098809232123112,0.08503220219240351,16
gene_2336,0.6244394558355351,0.029653189486870603,16,0.16515807926162931,0.043777082412925716,16
gene_2337,0.6166935004299045,0.02127004944784797,16,0.15481768708080482,0.04435486306577341,16
gene_2338,0.6608147659381947,0.008378067922739844,16,0.06564688959468751,0.020146728830362448,16
gene_2339,0.656869642192808,0.013120869046029238,16,0.07086095297615612,0.025051764595922624,16
gene_2340,0.6639748726936835,0.008316279491362382,16,0.08052451687723883,0.02262034388695248,16
gene_2341,0.6013557337913407,0.036917420907388074,16,0.14651888687390427,0.08580858095730694,16
gene_2342,0.6411440152586936,0.010962060810596233,16,0.09392601390855845,0.02677919116966838,16
gene_2343,0.6297469856964543,0.015014832791184162,16,0.1329541764387147,0.03302035840406981,16
gene_2344,0.6327536113431821,0.01896293382449593,16,0.16731400498342422,0.05615131731469711,16
gene_2345,0.6043039369763431,0.010757521238872301,16,0.08009559281789963,0.02376552916256519,16
gene_2346,0.6347899766999182,0.009549151948077565,16,0.12252058392498191,0.0305275553711343,16
gene_2347,0.6470507610962837,0.02032802459707613,16,0.17655664825396497,0.07126441065000834,16
gene_2348,0.6174986074819828,0.018171564331497525,16,0.20021487728190757,0.04394890032161263,16
gene_2349,0.614058712369095,0.010431386338685317,16,0.09604330894241879,0.02257453289332934,16
gene_2350,0.6483969830797045,0.0116327706534459,16,0.12810326298972485,0.04262919590485982,16
gene_2351,0.6592926866073074,0.009118257697644211,16,0.06960655221281664,0.01994139862900079,16
gene_2352,0.6323357641998903,0.00942020851413233,16,0.067705466534944,0.019216506651857142,16
gene_2353,0.6117027350223904,0.01125187279632049,16,0.09522393843016028,0.03697104471080411,16
gene_2354,0.6741080575372538,0.008382037165095377,16,0.10021062668778924,0.029344232677581565,16
gene_2355,0.6538166304859689,0.015886354316978973,16,0.11182471749003307,0.039004330028938175,16
gene_2356,0.6435320623140556,0.020935506369615067,16,0.18672234176772334,0.0724831412595335,16
gene_2357,0.6217838363205782,0.029870835154650183,16,0.17985597052026456,0.11416412615514301,16
gene_2358,0.6259387013369311,0.03515796397733733,16,0.2475276187844459,0.0819090379682636,16
gene_2359,0.6620435124171298,0.004921853674100016,16,0.07653839569044482,0.016398194262833315,16
gene_2360,0.6555274794783518,0.005301738679641043,16,0.11614100547098972,0.04095937162941589,16
gene_2361,0.6259987855926482,0.016089380827092388,16,0.1319339600126355,0.03425277434034561,16
gene_2362,0.639890571382419,0.014980797118997502,16,0.09338278712209734,0.055930017630405775,16
gene_2363,0.5901363435399724,0.027006724670226807,16,0.10288956064729331,0.052269683009697934,16
gene_2364,0.6566243577042571,0.008557713270004168,16,0.09263125763156137,0.02009456812375921,16
gene_2365,0.6037703192254287,0.01003039397135141,16,0.11321992767285566,0.018924546661460793,16
gene_2366,0.6081837726802916,0.016991476079275473,16,0.17447579279471048,0.05061818533408003,16
gene_2367,0.6601684442485479,0.008055979157841562,16,0.10928014074770696,0.032550056931352954,16
gene_2368,0.6100276699947145,0.0197179656407699,16,0.13152367997458744,0.04308876077652196,16
gene_2369,0.6182809187220104,0.02181723390841497,16,0.08954327375260215,0.02971360311896951,16
gene_2370,0.6680031142636222,0.005306274136784393,16,0.12265959930112429,0.02397227459620898,16
gene_2371,0.6317847448640925,0.022406144078108207,16,0.09449777685509374,0.04414143039322447,16
gene_2372,0.6461144621813933,0.006884862784480624,16,0.07653584926598271,0.018336631039146293,16
gene_2373,0.6081517478381199,0.019734600415875905,16,0.17246463560024416,0.07963725787055079,16
gene_2374,0.618689632412532,0.019995835012332683,16,0.09882870092380441,0.026940295860151224,16
gene_2375,0.6423476879876063,0.007343085885582528,16,0.056414182796104585,0.024427959574646534,16
gene_2376,0.6363189383796832,0.01602125256803085,16,0.10715886304611524,0.041035661610557515,16
gene_2377,0.6443488893162518,0.009554597820901595,16,0.09891650569226937,0.033391651527047095,16
gene_2378,0.6119660833909005,0.01673456928505366,16,0.09145827002172333,0.051363114725992066,16
gene_2379,0.6227362415283254,0.02123626945599875,16,0.1491440747127495,0.048315566678111564,16
gene_2380,0.5947388244038976,0.019955146851791516,16,0.12421580286295092,0.04002297866742789,16
gene_2381,0.6463537158428923,0.006131492284867025,16,0.09571485656550272,0.02894167574895372,16
gene_2382,0.6086830320805214,0.02662702262308876,16,0.17615138425396762,0.059322663053328194,16
gene_2383,0.642397463510163,0.016570605673254923,16,0.1353170289123471,0.045588112529293505,16
gene_2384,0.6261970372847372,0.014031845359003698,16,0.08907329281351484,0.030875366242810478,16
gene_2385,0.6098339316376966,0.008082352412156324,16,0.08984697612686333,0.03114580718884263,16
gene_2386,0.6351979002879263,0.008141036482862766,16,0.07666710581508784,0.01984792404648063,16
gene_2387,0.616525236128664,0.02286931253905552,16,0.15583926220667582,0.06049266572936512,16
gene_2388,0.6513321247925111,0.007071593708702724,16,0.09584507304539198,0.01981775103963691,16
gene_2389,0.6507128832516629,0.0175347209529772,16,0.06991595042268255,0.027937219628153213,16
gene_2390,0.6190279524638208,0.012694807477352294,16,0.16856795279943715,0.0442035002325501,16
gene_2391,0.6106757561869085,0.02185541065160233,16,0.18296155641438674,0.07826832711382534,16
gene_2392,0.6035292249004671,0.027097629531144102,16,0.16749535981551908,0.06595924776149217,16
gene_2393,0.6334091912005265,0.015282143702677177,16,0.10400365608809287,0.028201822423714412,16
gene_2394,0.6665126196316743,0.007147292743004427,16,0.06126066345051196,0.015593955827885359,16
gene_2395,0.626432600455745,0.015040180780361036,16,0.11393143064794231,0.05087769730358104,16
gene_2396,0.6291622750341496,0.017916240161469463,16,0.08364038334579428,0.03611761083083485,16
gene_2397,0.6130458133237653,0.019950574099673542,16,0.19397994462141882,0.03857949340408125,16
gene_2398,0.6178399807862985,0.01470767360118435,16,0.15797079895072394,0.040941332732163924,16
gene_2399,0.6497809471069173,0.007875948859039179,16,0.08866305029844393,0.033444030131787976,16
gene_2400,0.6443036513403233,0.009103939892259412,16,0.07061290255255463,0.02643492530647379,16
gene_2401,0.6450571745929611,0.011725385479764702,16,0.08253447056621246,0.027607980844420683,16
gene_2402,0.6530009286544705,0.018013815484473915,16,0.08842604902722362,0.04750718869644057,16
gene_2403,0.6266852289102776,0.024822744388978697,16,0.12397102103365339,0.06946960604953478,16
gene_2404,0.5924781172538289,0.015943839525996817,16,0.07218153506749468,0.028924928708298416,16
gene_2405,0.6670412843211606,0.0056296278548715025,16,0.07347523735253825,0.020313338167097447,16
gene_2406,0.6075116259995265,0.016029100479528373,16,0.12035412224813288,0.03633590711124274,16
gene_2407,0.641562996721388,0.015674223442949328,16,0.14521295471526383,0.030039684045043567,16
gene_2408,0.6135098806803235,0.02361128561662102,16,0.11004627007907661,0.039951646422313185,16
gene_2409,0.6146620108009809,0.02463768147036978,16,0.14090171591374015,0.054105279281308934,16
gene_2410,0.62534462172726,0.018941442441188346,16,0.11210482343652076,0.051724464406893156,16
gene_2411,0.6202950308356738,0.008107149419113979,16,0.09675050559474782,0.015457290008205404,16
gene_2412,0.6304079533969428,0.0076074536904411445,16,0.10094838232474518,0.030881982205043703,16
gene_2413,0.6314696461041692,0.007136104599310015,16,0.1386738790165211,0.028196493547837456,16
gene_2414,0.6484215225425908,0.012595883664036711,16,0.09150115944096684,0.03629653701486961,16
gene_2415,0.6240482964113538,0.024203590782478534,16,0.12842124304250344,0.04813531402222053,16
gene_2416,0.6224682787006404,0.018704698855130916,16,0.16150352622214595,0.07291664869808856,16
gene_2417,0.6406355295566477,0.025615026098103438,16,0.17001463921985646,0.05056530889488864,16
gene_2418,0.5769298140948033,0.026206380012750365,16,0.14188110551357225,0.0308767828732072,16
gene_2419,0.6237808505997439,0.0153155152336652,16,0.1341893254662059,0.03961587731447359,16
gene_2420,0.6354817453319777,0.017357312765269483,16,0.09644973624603438,0.041440741163886304,16
gene_2421,0.6451953437070169,0.01470225897463274,16,0.12068965083947333,0.04875377365324438,16
gene_2422,0.6232865132214356,0.010113947195928365,16,0.09501265746453039,0.03445085841487361,16
gene_2423,0.6428686692145984,0.007987440300074816,16,0.11607643055677529,0.056000210844743124,16
gene_2424,0.6084707914320773,0.028709296372587033,16,0.1745112091165192,0.06134263633692024,16
gene_2425,0.6348164683498573,0.0211503480223791,16,0.0937563368785804,0.05746042894125577,16
gene_2426,0.6241918524500895,0.030356724701789538,16,0.16976906903339228,0.10829448441276525,16
gene_2427,0.6281643443601228,0.015005904868479988,16,0.09742304906287685,0.03187966287838676,16
gene_2428,0.6597561941256302,0.012744032745208998,16,0.07440521859700765,0.0277749651364635,16
gene_2429,0.6020098862223222,0.022103317100193864,16,0.13308590458947955,0.03132340891640648,16
gene_2430,0.6680132724200855,0.009033941051801105,16,0.10225267240819208,0.015968245476753257,16
gene_2431,0.6165765396960816,0.01652560912154903,16,0.14472873538464293,0.049030344145858724,16
gene_2432,0.6406318298007705,0.007145884987497602,16,0.09399050002521982,0.03931087056691221,16
gene_2433,0.624514457559661,0.019780780984625983,16,0.15255763332186864,0.06781160717269832,16
gene_2434,0.6252484010231083,0.020061266675878583,16,0.1409445005812702,0.04858454154910256,16
gene_2435,0.6268115988622062,0.03822590343009877,16,0.1761064285755391,0.1003533601139495,16
gene_2436,0.6636054099917248,0.010021854284430715,16,0.13512712704916438,0.040685197331854724,16
gene_2437,0.6643891220043191,0.00591560152251577,16,0.07019878154139368,0.014231653793932054,16
gene_2438,0.6303039348236794,0.020431628668549466,16,0.15785217243805244,0.0741357893085314,16
gene_2439,0.6164684281421808,0.01750699875813573,16,0.08307203817468244,0.03660722343961122,16
gene_2440,0.6600819883325506,0.012543214655031294,16,0.09960054910288921,0.034830900607798324,16
gene_2441,0.622005716583355,0.023002382203641973,16,0.17963333165453044,0.03890465659203051,16
gene_2442,0.5947485894516683,0.021802596976362734,16,0.13301147334650926,0.07328116981700561,16
gene_2443,0.6519092372481827,0.01009684515366818,16,0.1138643397396724,0.041993638336347554,16
gene_2444,0.6485863966978608,0.018894417055351744,16,0.1440772185593771,0.04551493629062875,16
gene_2445,0.6507708169783697,0.01202750243643113,16,0.08278571163501636,0.034834843465686285,16
gene_2446,0.6232986176283486,0.008896511769870916,16,0.09788380623853568,0.035696657201388725,16
gene_2447,0.5945242370728216,0.029486715459685554,16,0.22815403309549748,0.09602393128633513,16
gene_2448,0.6712314885011214,0.007920582768694706,16,0.06830838979597613,0.016715126307655922,16
gene_2449,0.6316352351610696,0.02646266024736802,16,0.13700755461235045,0.05767636006607959,16
gene_2450,0.6470757185503067,0.007082213772930854,16,0.08884583281223074,0.038930380221439916,16
gene_2451,0.6255548989149682,0.01757978858221533,16,0.10988990358021132,0.04860991069268267,16
gene_2452,0.6231376163025619,0.05078582078978963,16,0.27309051124439504,0.15889951519206863,16
gene_2453,0.6161735017986849,0.011106203393384315,16,0.19888310420944447,0.041896482003909656,16
gene_2454,0.6474646021436233,0.014563899827113666,16,0.10961477011608746,0.033204571938894666,16
gene_2455,0.6454933031791551,0.005101370188719286,16,0.1252172717212167,0.041814429539389894,16
gene_2456,0.659195174926959,0.009018782909666073,16,0.05612277384481423,0.014532514742446562,16
gene_2457,0.6235819735915267,0.01785710503673786,16,0.09656645521175103,0.0379041506783274,16
gene_2458,0.6462843166543091,0.026339176981860748,16,0.15187221430453574,0.07007029175898263,16
gene_2459,0.6322938695751247,0.021033962580420593,16,0.15897102555560783,0.04069271330189469,16
gene_2460,0.5869104773624002,0.03357157715963725,16,0.16657299591925506,0.09249504837703593,16
gene_2461,0.6333487048243716,0.01011609374805539,16,0.09016530150151948,0.02461384586308935,16
gene_2462,0.6150303128137822,0.01841832117340793,16,0.1017545593799154,0.05608537688198007,16
gene_2463,0.6203218036002929,0.011901615164159954,16,0.09936902602873506,0.03382256027004783,16
gene_2464,0.6304494125952547,0.012637427194185683,16,0.12197434589266293,0.0418102629939931,16
gene_2465,0.6476323282751028,0.008491463683892064,16,0.07325354633124136,0.02369798658199841,16
gene_2466,0.6287669971332046,0.025019406514539086,16,0.14927405269184235,0.04839351292848278,16
gene_2467,0.6075331538152293,0.017227391700895454,16,0.16443769143285641,0.05648162120687702,16
gene_2468,0.6300084244321833,0.012453063613204998,16,0.09734351657150768,0.02305356555317384,16
gene_2469,0.6707730856862102,0.010198661529016549,16,0.08792905836988658,0.03046377915173712,16
gene_2470,0.6408324654408591,0.018953427637927945,16,0.128863691202634,0.04410613305731517,16
gene_2471,0.6341198043650967,0.012046095848285053,16,0.10528680203737324,0.016667020106645353,16
gene_2472,0.6100215391283056,0.01075319962972413,16,0.08511350126121099,0.02218766963831147,16
gene_2473,0.6285619588214636,0.011992396009404386,16,0.11621951044448729,0.045992593694217106,16
gene_2474,0.6243921115683473,0.018043577249867673,16,0.2127242840060041,0.051952365635045655,16
gene_2475,0.5989245000040722,0.012632473981192988,16,0.07978359239790966,0.02415236509897354,16
gene_2476,0.6412385819281176,0.032905750382171216,16,0.1518206042589934,0.07123658435133114,16
gene_2477,0.5912742866070066,0.013263984895688068,16,0.13835486732532445,0.03755939451124316,16
gene_2478,0.6179300354292704,0.013271787385344798,16,0.08763819994347352,0.02593239869818124,16
gene_2479,0.6107636278288143,0.017472803851263166,16,0.1380650453132731,0.042169680802810076,16
gene_2480,0.6107532780781119,0.01757030131656148,16,0.15128667087981965,0.044181191213215676,16
gene_2481,0.61715306054641,0.010098051026744739,16,0.12747265426916435,0.035603311678933255,16
gene_2482,0.6351813753190104,0.022622913196538735,16,0.1471183932797538,0.061069783085676135,16
gene_2483,0.6144205183917743,0.018869824102338346,16,0.08658742710110473,0.02864636952791941,16
gene_2484,0.6511598420780942,0.009648027461457355,16,0.058607461305874825,0.031137458886471313,16
gene_2485,0.6582188531043173,0.009061718388637388,16,0.08584020916856927,0.017929427356813393,16
gene_2486,0.620808188554297,0.013099762161023135,16,0.11371442376985863,0.027271185714192892,16
gene_2487,0.6340335279257753,0.016072086243916883,16,0.19352412460048604,0.05330717305485901,16
gene_2488,0.6124863969627966,0.02404435099846922,16,0.13944442820287034,0.056687524417177,16
gene_2489,0.664291635016933,0.008935845648682678,16,0.08204307842138789,0.026465050975511006,16
gene_2490,0.6609675870559059,0.006180442319521596,16,0.09553242427949951,0.031179907338378058,16
gene_2491,0.6169210982078923,0.007370898726604789,16,0.14997044907513002,0.025790639235110307,16
gene_2492,0.6221055879690909,0.005982228595720706,16,0.09475518360847536,0.020160783730202515,16
gene_2493,0.650288846332492,0.015256017018752413,16,0.07286948243340649,0.02805059270076939,16
gene_2494,0.6282330864163201,0.01422496473120821,16,0.13139305101827062,0.03899649461936397,16
gene_2495,0.6228177008790321,0.016057583068845332,16,0.14430043201118556,0.03386234212974102,16
gene_2496,0.6623325569445655,0.011920660268452891,16,0.11274460717676787,0.04948379116620264,16
gene_2497,0.614044231413583,0.01844316429341425,16,0.15215680895490788,0.04297587966437414,16
gene_2498,0.6705536275005264,0.007332299724560413,16,0.06802029293737556,0.018495697071801848,16
gene_2499,0.6377720216690123,0.014994486792713937,16,0.09879868764332844,0.03691002540365947,16
gene_2500,0.6268901025471667,0.012575158777469812,16,0.13988467099776686,0.03229517058339395,16
gene_2501,0.5943242155475699,0.02272191565481885,16,0.17784589588340088,0.07874372686852225,16
gene_2502,0.6432003468957883,0.012731211614135667,16,0.09337777554488416,0.04826416919926257,16
gene_2503,0.5988371698459327,0.02368440046314574,16,0.15178044858675538,0.0532576034550726,16
gene_2504,0.6316798414600316,0.013444707302443012,16,0.09588846407603391,0.02581521943847709,16
gene_2505,0.6353535883738255,0.01224925050212958,16,0.0990893333804985,0.042049711410449636,16
gene_2506,0.6472378012820006,0.009375374053023347,16,0.11165860467778321,0.029486328581175125,16
gene_2507,0.5986507444725394,0.02324294149965167,16,0.14704987085731913,0.06779981996511839,16
gene_2508,0.6122207285662528,0.017124238506745222,16,0.17657684332573648,0.0372913120675664,16
gene_2509,0.6483274863261979,0.016137942414287138,16,0.1410224751410374,0.030935390328393833,16
gene_2510,0.6463670497487022,0.0053560916384109885,16,0.11932721732793435,0.018297313188449557,16
gene_2511,0.6639886825881259,0.008941327721988863,16,0.079492203966185,0.020388289303293207,16
gene_2512,0.6113734936726426,0.021698049394051937,16,0.14898411893503913,0.07236261239889098,16
gene_2513,0.620384092820019,0.03783837574787958,16,0.22144429344842217,0.11475076465401803,16
gene_2514,0.5984406033616234,0.026270948702885447,16,0.19466053602277744,0.04668558958279312,16
gene_2515,0.6314525734461051,0.009500282160227918,16,0.10132119279022013,0.0399761456991342,16
gene_2516,0.6524259946744095,0.011758600992596232,16,0.08682677346893392,0.018570172312852986,16
gene_2517,0.611928598244407,0.017730396740622687,16,0.08959210021652311,0.030395437647290274,16
gene_2518,0.620153652033506,0.013006479029119396,16,0.11308323240595848,0.03995321338082644,16
gene_2519,0.6322098307095687,0.004823051397301753,16,0.08136701435613058,0.027264298782668308,16
gene_2520,0.6351521155943416,0.016356804441186517,16,0.1033155457669228,0.03171282764691775,16
gene_2521,0.629144803663193,0.009874165315903577,16,0.13440217321371545,0.031224303146815097,16
gene_2522,0.631063384238864,0.018624698015387433,16,0.15487602694093797,0.03750551825926505,16
gene_2523,0.6323043499136275,0.012449590948645253,16,0.12032098062525112,0.030258444433333975,16
gene_2524,0.6177799126543047,0.009295520865149844,16,0.09087894511400978,0.03800032425034325,16
gene_2525,0.6392163639083929,0.009872344075986726,16,0.1094566564461339,0.04179213673209847,16
gene_2526,0.6282778747522616,0.019766836023040735,16,0.16865347983398285,0.04396801292455701,16
gene_2527,0.6421598891417843,0.020821458189866547,16,0.128414246553061,0.04287734759237993,16
gene_2528,0.6296055002376191,0.01810798903314595,16,0.16498310184290116,0.04722257992924719,16
gene_2529,0.607564692372544,0.03520718203663942,16,0.19248315779028402,0.07916347694798447,16
gene_2530,0.6314113697378114,0.016197802405292915,16,0.0738732593483876,0.028211721190128856,16
gene_2531,0.636072793264082,0.009303922657263921,16,0.15770370669330103,0.03474446746517901,16
gene_2532,0.582803521019233,0.014642540976676182,16,0.08964575208737133,0.035609162607978896,16
gene_2533,0.5839063878523116,0.031542334282665827,16,0.11901685649746839,0.06350669385030018,16
gene_2534,0.6247554767524379,0.01464609527223618,16,0.11577452434906758,0.0393269545449258,16
gene_2535,0.6508927232816263,0.017842848315467105,16,0.09893660335291857,0.042331888123211425,16
gene_2536,0.6352825074860429,0.013310921949331022,16,0.11684772471932077,0.03864907852862763,16
gene_2537,0.6593342783493309,0.015045668158276201,16,0.11779058473405236,0.03200384450771189,16
gene_2538,0.6347296240783855,0.0077638208298915195,16,0.0852792652728924,0.015935249382561974,16
gene_2539,0.6576235294409791,0.008590078529280707,16,0.1013097066606766,0.020652708329155757,16
gene_2540,0.631294630254664,0.01933053735370334,16,0.13049580649918485,0.05126809963273323,16
gene_2541,0.6550953961729781,0.007690371068580622,16,0.10821516793977234,0.02232687653836945,16
gene_2542,0.593332281059462,0.02243873707652351,16,0.17796808217968146,0.08693575484129701,16
gene_2543,0.6289775880090726,0.018463095517690226,16,0.13522032533844142,0.03669451218246963,16
gene_2544,0.6255276812731246,0.03321605389654591,16,0.2924748929359332,0.06747188215193509,16
gene_2545,0.6560489473935148,0.009225082940422229,16,0.10930790158758683,0.03288166851606164,16
gene_2546,0.6820611056987026,0.006092021835598928,16,0.07584025580084314,0.019479415267703623,16
gene_2547,0.6219144691472489,0.016811963714628484,16,0.10793517356590067,0.04231317418713791,16
gene_2548,0.6552614801150268,0.006618655812862188,16,0.07314238528428983,0.016873627393977714,16
gene_2549,0.6416123717394789,0.012202404156352013,16,0.07128166369984774,0.034742551385339625,16
gene_2550,0.6356345326772788,0.01948946167748836,16,0.1525935072306212,0.05895919297327427,16
gene_2551,0.6333695136299746,0.015740739054146583,16,0.14115282694474315,0.05106926794984187,16
gene_2552,0.6276034459847749,0.009831544985195262,16,0.08678979209138689,0.04734665889580254,16
gene_2553,0.6501388477362178,0.01864097363255496,16,0.14855147902919233,0.027494279716668735,16
gene_2554,0.6445910395777599,0.007493596552743662,16,0.11178829660194958,0.030549793606499384,16
gene_2555,0.6236132240058868,0.011956460625593086,16,0.14403607312601382,0.049329116133050174,16
gene_2556,0.634769268280955,0.01486895802755841,16,0.17681216649323436,0.043721111335667626,16
gene_2557,0.6120469748283387,0.021682985050882984,16,0.15608540232276233,0.05025172648937411,16
gene_2558,0.6048489637343469,0.019228072153369864,16,0.16034638225433856,0.08488805691026936,16
gene_2559,0.6195394045437248,0.010558749893024624,16,0.08335858925552798,0.031084882363716176,16
gene_2560,0.6254862854321099,0.011743000433491083,16,0.08327108662959161,0.011738839222400967,16
gene_2561,0.6230937488921787,0.02608549477710893,16,0.18498129859924747,0.06419827221807432,16
gene_2562,0.6187987167732856,0.019216068342441543,16,0.16317836076063136,0.044687645629044453,16
gene_2563,0.5717647737403553,0.04342545753017853,16,0.18261318846532626,0.06626091279840934,16
gene_2564,0.6267883960993802,0.008234398981844894,16,0.09510285132577559,0.04403906326985441,16
gene_2565,0.6497938528263318,0.008156479058380661,16,0.08072958389335196,0.01888373106268816,16
gene_2566,0.6133906781649896,0.011413166362940059,16,0.12260482646351302,0.04794967383883667,16
gene_2567,0.6129916071792092,0.007044036610681629,16,0.05459869529745803,0.018456575259350523,16
gene_2568,0.6209473386272738,0.01792052518496558,16,0.07422852558792022,0.034056526710716496,16
gene_2569,0.6320066236006648,0.011600542438808169,16,0.11894074674436492,0.04056904225232567,16
gene_2570,0.6267389869310751,0.012130884990897008,16,0.09495002728880508,0.03334695950996086,16
gene_2571,0.667792969947752,0.009276059290556408,16,0.08283943036089106,0.03563878768153614,16
gene_2572,0.6436065676837639,0.008645629578156528,16,0.08095535548546702,0.017874216694766222,16
gene_2573,0.6429604736998574,0.010857312884069445,16,0.11659926390391179,0.03509761197832344,16
gene_2574,0.6566128023477389,0.009132088191166093,16,0.05315602501833226,0.020442121025431713,16
gene_2575,0.5883184220548067,0.013897578555384118,16,0.12589208776755131,0.05135679472457932,16
gene_2576,0.6423235314004404,0.01337814808174496,16,0.12648346663306362,0.030979090420934614,16
gene_2577,0.5910739350566607,0.031262260843253745,16,0.19301378316724263,0.07896513622293963,16
gene_2578,0.6609543017943917,0.010367183247315918,16,0.07807112795409436,0.021707674773934166,16
gene_2579,0.6428983708758128,0.010126638206116048,16,0.08821845936381226,0.02324203090337024,16
gene_2580,0.6187783887533326,0.009341929733055298,16,0.09913940632703748,0.020564046881949436,16
gene_2581,0.6121517801918004,0.010214019336405544,16,0.09775329727690932,0.03242793534248546,16
gene_2582,0.6044654598081798,0.010252520874758312,16,0.10390054645076129,0.0314229784180289,16
gene_2583,0.6232149098908134,0.01574605925564555,16,0.12859508049670423,0.04152169318920562,16
gene_2584,0.6122415289488512,0.029294025354757315,16,0.2670569771855565,0.079751244936851,16
gene_2585,0.6323517391370337,0.017002783006564198,16,0.14222999809196274,0.054594049251927734,16
gene_2586,0.616604009418333,0.01856608656714125,16,0.13443670372888758,0.06303226422757625,16
gene_2587,0.6315297128405362,0.029363299263327536,16,0.1931324718102217,0.08844854003559488,16
gene_2588,0.631427562602935,0.026158253839739663,16,0.18867907270081688,0.07283762679015555,16
gene_2589,0.6194121974952851,0.02511514810710623,16,0.14933022759625292,0.08353469773507977,16
gene_2590,0.6464152855864939,0.011312837601689222,16,0.12394685963880941,0.025759765605237225,16
gene_2591,0.6420976385442976,0.016632928206040197,16,0.08326904657731685,0.03165243507935168,16
gene_2592,0.6252469916945622,0.01974975255811259,16,0.12531334138358793,0.04982715467777878,16
gene_2593,0.6022091917063481,0.02389101123255937,16,0.18239115228075176,0.055825467473953554,16
gene_2594,0.6129504429731111,0.012203605790884047,16,0.09113833048758878,0.027134681242353034,16
gene_2595,0.6213458394359561,0.0149347166550669,16,0.1342574236275576,0.037219000249211806,16
gene_2596,0.6286719386623456,0.007238918750285981,16,0.1267393934200139,0.048175908355833595,16
gene_2597,0.6027621573799206,0.022611222404883967,16,0.2058593730639076,0.10858442934820962,16
gene_2598,0.6312487745266708,0.022274940078679105,16,0.16598591323208353,0.045707191875881306,16
gene_2599,0.6104523788672176,0.019760757345557753,16,0.18158066954881194,0.06304950364916283,16
gene_2600,0.6314153926698219,0.019417653721099576,16,0.09256396161197077,0.03677589461175649,16
gene_2601,0.6272756470215538,0.02431439940609193,16,0.18612816329937978,0.04596946066774064,16
gene_2602,0.6082748793227563,0.02116094942701661,16,0.1767950139459749,0.07374507247237586,16
gene_2603,0.6117059894764716,0.018348673826568764,16,0.08160833641957033,0.02587961808875021,16
gene_2604,0.6491729546755062,0.013605760284644757,16,0.13705613540441713,0.034667483938004576,16
gene_2605,0.6062522265696094,0.025318260710995938,16,0.14540319577199895,0.05844852827132213,16
gene_2606,0.614494810827709,0.02327914539096144,16,0.20086465167961137,0.08849030519942513,16
gene_2607,0.6110556599271149,0.014955906936549097,16,0.1593663291427472,0.0362582029838405,16
gene_2608,0.6341595590533164,0.02061657481393774,16,0.12455186094076552,0.08029957965921006,16
gene_2609,0.6337387881922842,0.012186425423236235,16,0.11243248739148647,0.02460006288554692,16
gene_2610,0.6546319345003103,0.009451082135833903,16,0.07819379796579179,0.01627925054711546,16
gene_2611,0.6264889861246898,0.026931383801743616,16,0.21432428718687574,0.07899923677960702,16
gene_2612,0.6154501676627846,0.008892202648885957,16,0.15616513818629732,0.03043620299351317,16
gene_2613,0.6445138922837561,0.010768495281568884,16,0.08477635753997464,0.012864590200891857,16
gene_2614,0.605321927571049,0.014606419994947797,16,0.15062855141916415,0.04412321346322004,16
gene_2615,0.6278298004976265,0.009772215953166841,16,0.09215839461344495,0.028243492743985237,16
gene_2616,0.6376790398219199,0.01018427109722373,16,0.1009408681717846,0.0251906994014479,16
gene_2617,0.6193522160270826,0.011995677240638894,16,0.11945940484353226,0.03058445005564633,16
gene_2618,0.6413012429546628,0.017995635856400367,16,0.10429100867288567,0.0361019025894129,16
gene_2619,0.6521307317372558,0.0073775929513215386,16,0.06216333642837006,0.02602108688602531,16
gene_2620,0.63954648327095,0.01432353413796273,16,0.09579235412590131,0.03005583406814994,16
gene_2621,0.6575243217635709,0.014223574537106917,16,0.1406952330831661,0.03372813889549706,16
gene_2622,0.6632315033490792,0.012413100395771353,16,0.09077576009283655,0.029141408828949052,16
gene_2623,0.6495658703263659,0.011123173387341244,16,0.0833495264665583,0.03368613141880088,16
gene_2624,0.6574007470217035,0.006062918696092555,16,0.0866521522830388,0.01965892864945085,16
gene_2625,0.617373552602535,0.0131184441188378,16,0.11149343113771375,0.04992749257860662,16
gene_2626,0.6077918699017403,0.028648857662249054,16,0.12291010237199074,0.07091546058708542,16
gene_2627,0.6421356231736274,0.02046668497952964,16,0.1892212962692823,0.04919259958186925,16
gene_2628,0.6234233711350289,0.019678591113204195,16,0.13125533198711922,0.05041787940486132,16
gene_2629,0.6220704355642821,0.025459816249012945,16,0.19664872673300818,0.05899108229174605,16
gene_2630,0.6147758010026837,0.026272656689746026,16,0.18456764599692327,0.07305580716271932,16
gene_2631,0.6590066984682408,0.032151871329450944,16,0.18240775226119696,0.08856679424585935,16
gene_2632,0.6321584995196515,0.02180544706511364,16,0.2533299318985688,0.11306442369961915,16
gene_2633,0.6223892206195895,0.013789885991035315,16,0.13052029708743657,0.03384659960817819,16
gene_2634,0.6178497343370273,0.015672061649640703,16,0.14350233538645832,0.03268190851224443,16
gene_2635,0.6462717897274872,0.012888012594260567,16,0.09842518415011506,0.029313589855819704,16
gene_2636,0.6572238543330154,0.011574914515052954,16,0.09696410327579029,0.02970554735129724,16
gene_2637,0.6416982390711345,0.014064541014178946,16,0.09138264702406605,0.03743261101635865,16
gene_2638,0.6458653721514257,0.007049129282184419,16,0.11203524950668411,0.033026533374683135,16
gene_2639,0.6566776198871472,0.012593604086489426,16,0.08457473128553618,0.025385380223441514,16
gene_2640,0.6452075150704396,0.00691205960341212,16,0.09430723786411606,0.028654101569877945,16
gene_2641,0.6326883615254161,0.013533330783011442,16,0.10944806119740791,0.02995034722014598,16
gene_2642,0.6171319873352871,0.032558163606775485,16,0.21600335110565472,0.0792960149491465,16
gene_2643,0.6004452927717495,0.024400969352608392,16,0.1862234298082256,0.08236831053099274,16
gene_2644,0.6214649039532262,0.017591673356513494,16,0.11272639023691813,0.031683224740520655,16
gene_2645,0.656113902856848,0.015038680347734609,16,0.12161090860286308,0.048499662803165706,16
gene_2646,0.6363296023185094,0.012487045562708963,16,0.11351442312809143,0.03618629320152664,16
gene_2647,0.6264063640593932,0.014861597038876634,16,0.07637428500096313,0.0328544594850066,16
gene_2648,0.61786489975155,0.03556418758962305,16,0.15569038098935334,0.08312743462614337,16
gene_2649,0.6116796659651377,0.02384587873961314,16,0.1467630922043503,0.07148990494333037,16
gene_2650,0.6556909781888115,0.00634269043436881,16,0.07738569855247276,0.007746837830868097,16
gene_2651,0.6249791173606928,0.023950579801959124,16,0.12509385015473323,0.08839856937980614,16
gene_2652,0.6403867549930857,0.012778433812059092,16,0.1612264810681685,0.056841197525944256,16
gene_2653,0.6224820001241498,0.018972969204720105,16,0.127756831529283,0.06126684878535897,16
gene_2654,0.6587090084513351,0.00911005254076413,16,0.07844196582168653,0.025628388925843876,16
gene_2655,0.6018569990605804,0.022659272982348336,16,0.13993216437112296,0.049991777962253285,16
gene_2656,0.6484958792719292,0.009893125831175898,16,0.09182438469050988,0.03283467012191943,16
gene_2657,0.5878013340177571,0.01881037023620338,16,0.14703552730798486,0.04439810655981244,16
gene_2658,0.6193652557242927,0.016832102232749904,16,0.1919975267501212,0.06740856829799563,16
gene_2659,0.6270314372689989,0.01442349713243556,16,0.10538969602012689,0.03426821742249534,16
gene_2660,0.6134988364560606,0.018582924767314553,16,0.12062628349257387,0.03351529409003418,16
gene_2661,0.6575685128084705,0.010725059708708318,16,0.11680386234448187,0.02180583256255285,16
gene_2662,0.646836958041678,0.009266780435553148,16,0.10995340365183462,0.03236082436552347,16
gene_2663,0.6547113877066785,0.005238435024024981,16,0.09578843582155941,0.016108928923759515,16
gene_2664,0.6367394703576681,0.01704864309572857,16,0.12219851861512346,0.030185411045012333,16
gene_2665,0.6284593767249915,0.011764801051724772,16,0.1289546234117844,0.02897095260383784,16
gene_2666,0.6180972096134735,0.022527480186312357,16,0.09719946289636876,0.05576895312241225,16
gene_2667,0.6673682416431392,0.005551310870323048,16,0.05666790867169863,0.01966862361236482,16
gene_2668,0.6103878167665913,0.011949481882600003,16,0.09843320865937412,0.0218523783821437,16
gene_2669,0.6503672514985018,0.00960597593016859,16,0.09542789113993615,0.029844021522809776,16
gene_2670,0.6133555385802394,0.017825220784688997,16,0.22927308161738905,0.09125359183956204,16
gene_2671,0.596844759942091,0.035585949874068594,16,0.1513041163792766,0.09224881353004272,16
gene_2672,0.6225368591953113,0.011945784142133247,16,0.08825324131231185,0.03125586377359039,16
gene_2673,0.5909351247852691,0.02171275060464926,16,0.11207701237956572,0.03930310309596055,16
gene_2674,0.5922233637770997,0.02470455554949837,16,0.1948531121446002,0.0661368720509108,16
gene_2675,0.6655083357853084,0.005982813422468424,16,0.09197913603663563,0.028863020825281274,16
gene_2676,0.6458798911559516,0.008295761025536702,16,0.06470121925108427,0.011703497976469968,16
gene_2677,0.650508392319572,0.00648247401861358,16,0.07191923431168469,0.014948685960986915,16
gene_2678,0.6302645038338577,0.021343859583822886,16,0.11385546465312163,0.04936134552339386,16
gene_2679,0.647148479394974,0.01519270642134665,16,0.08285214570414588,0.029568035803157325,16
gene_2680,0.6308913506271964,0.026623417257339004,16,0.19699613982226075,0.08280447894966096,16
gene_2681,0.6463833620953763,0.013970996372211176,16,0.09594915076999175,0.027253305981438592,16
gene_2682,0.6352358204094412,0.013671318239356684,16,0.09060328943639961,0.029010288654669113,16
gene_2683,0.6509859117675695,0.004609998287842145,16,0.057285787098886064,0.021857426385560232,16
gene_2684,0.650744159488959,0.009511199590409813,16,0.08557699451066822,0.03798407674666996,16
gene_2685,0.633729443734716,0.018261125317209127,16,0.1939870384387883,0.055418845057737726,16
gene_2686,0.6228458875198505,0.029596454573203958,16,0.19045459864778996,0.0643863670247663,16
gene_2687,0.6680080079972321,0.007863088084286641,16,0.08567119788705414,0.025874302571427192,16
gene_2688,0.6206213273840352,0.0197390274734697,16,0.15556589880506705,0.05683610663123807,16
gene_2689,0.6138561321566641,0.010243510557514523,16,0.14050905717878107,0.04817855330028241,16
gene_2690,0.6421704583868699,0.014002838730990926,16,0.10904285940150799,0.04309551229465899,16
gene_2691,0.5871365822483106,0.031236110677199863,16,0.12840311445183114,0.05986623551144223,16
gene_2692,0.6152803230487138,0.013867029585089504,16,0.21998797715125396,0.05910627003639914,16
gene_2693,0.6427098513351172,0.00700625509495709,16,0.09586741481796261,0.0220341556722621,16
gene_2694,0.6520282958152963,0.019140009976114876,16,0.10971234280800067,0.04606953066327145,16
gene_2695,0.6452379242460833,0.015532737029037397,16,0.11422076113895802,0.051007356558827315,16
gene_2696,0.6712132045046002,0.0032504223087144726,16,0.05291255094726387,0.006174043439425121,16
gene_2697,0.64204708453145,0.010693584200324896,16,0.11614907662078484,0.02638852458063515,16
gene_2698,0.6506456100271885,0.016204063941471378,16,0.10456689406515161,0.037098698374261746,16
gene_2699,0.6147253787517433,0.027145956212017458,16,0.15269752894414826,0.1050175896001084,16
gene_2700,0.6259975989290398,0.011958787268354655,16,0.10803541121665497,0.031200403525498483,16
gene_2701,0.6018646597785224,0.008791686844568575,16,0.09707310847097435,0.038788703781080104,16
gene_2702,0.6340353725054892,0.008146587908681635,16,0.1199752485184911,0.033497938517222214,16
gene_2703,0.6337045147956677,0.013031015338553057,16,0.08644217643922977,0.020401956160089364,16
gene_2704,0.6450802341981582,0.012969665345370305,16,0.16722970114452598,0.05489121701854875,16
gene_2705,0.6341416700480584,0.013952665419707005,16,0.1208241775052128,0.03763531007208764,16
gene_2706,0.6312198299333439,0.007913025791303352,16,0.08183955703721207,0.029648370822051746,16
gene_2707,0.62514500454295,0.015640994236745875,16,0.08608718496794317,0.045575241125890634,16
gene_2708,0.6479583114797632,0.010173767259961946,16,0.10838694920994836,0.014152769792591743,16
gene_2709,0.6263740947876194,0.007988289569869978,16,0.1215962785388993,0.04513213648311204,16
gene_2710,0.6087671239193244,0.016423612158444737,16,0.11198175980486139,0.03308203717073469,16
gene_2711,0.6244110076910699,0.033879416466127264,16,0.17196650131995325,0.0725838126948255,16
gene_2712,0.6092455361001324,0.017061995430221133,16,0.17577107295595126,0.05843454855514956,16
gene_2713,0.6573688065564033,0.00853913505782708,16,0.16344236014465888,0.060460992093399044,16
gene_2714,0.6458216210256973,0.0186250938429375,16,0.14108641601461122,0.038440343016070286,16
gene_2715,0.6091141349946039,0.01059586973507654,16,0.11580764497564458,0.029648162436013637,16
gene_2716,0.6453239567981265,0.011289084365889459,16,0.14351468745879437,0.04859647812756841,16
gene_2717,0.6147090734978636,0.023824024184577786,16,0.19628885969761445,0.07367905544273773,16
gene_2718,0.6365709486730885,0.025489445416480107,16,0.1324762616951685,0.07859960673313963,16
gene_2719,0.6180134021580328,0.015716696560779005,16,0.1044985215364516,0.05244581137615746,16
gene_2720,0.5977973460839427,0.020474287355081375,16,0.1405318804478888,0.04617263928008014,16
gene_2721,0.6351899959500474,0.009025679203595814,16,0.07389217579185058,0.021189117007540594,16
gene_2722,0.6033127810664758,0.019160220804638122,16,0.13347416889843458,0.05589443389609736,16
gene_2723,0.6509091405486067,0.02155614356664826,16,0.1343625793368367,0.0405245977939679,16
gene_2724,0.6329523344826166,0.010864615999683877,16,0.12546265792326078,0.04086623681823628,16
gene_2725,0.639462856270999,0.011061248438131126,16,0.08386119108661995,0.02752606791046344,16
gene_2726,0.638988761389687,0.012269672500957608,16,0.07474377282166138,0.038509382545051804,16
gene_2727,0.6638376212580912,0.005787332530144816,16,0.08592606559961208,0.028471992076049238,16
gene_2728,0.6117585091263332,0.018923437585867682,16,0.09355737286674638,0.05409766694130506,16
gene_2729,0.650181539259359,0.016155431537323444,16,0.11573062351943654,0.03599420357323297,16
gene_2730,0.621696654582388,0.023035909603270236,16,0.1350750458443032,0.05535394137623957,16
gene_2731,0.6318551094152256,0.017744969075203,16,0.12716818733586846,0.02692112278533762,16
gene_2732,0.6359033725111783,0.02165267703460058,16,0.1478143163072199,0.04746935143343756,16
gene_2733,0.6137876953736616,0.014921693191896433,16,0.18717784448668848,0.06522241838472162,16
gene_2734,0.6256255027848296,0.017913372499501368,16,0.07987032467801665,0.02961617181245984,16
gene_2735,0.6560242338387127,0.007084376891405393,16,0.09613889075427252,0.011981687749165169,16
gene_2736,0.632137381534887,0.012110461586728107,16,0.1421261768956808,0.05489298801396636,16
gene_2737,0.6539554230372246,0.010440575435188532,16,0.09406297697665074,0.03452011452639286,16
gene_2738,0.5975494242562162,0.03194864621991328,16,0.17396581005261075,0.071443203203757,16
gene_2739,0.6539987763036009,0.005628729300894226,16,0.05561043287968029,0.009592416164122233,16
gene_2740,0.604636666875197,0.028207833662601347,16,0.15212442880350732,0.053575538157805455,16
gene_2741,0.63095098728764,0.009582306333752972,16,0.06118542702146531,0.023426464549672257,16
gene_2742,0.6660198803047882,0.00787497490214418,16,0.10454399269313625,0.016346028941017714,16
gene_2743,0.6030994081808538,0.020425766258852875,16,0.194979381295128,0.04827211477291301,16
gene_2744,0.6272094586577812,0.012057546277793704,16,0.10324638409205375,0.03266335824189773,16
gene_2745,0.6541640082574356,0.013295535471305558,16,0.0766552019891459,0.05417291258709925,16
gene_2746,0.6365378453548236,0.011896595477248719,16,0.12202362554161361,0.043421232151005795,16
gene_2747,0.638982483009493,0.010953817390877708,16,0.11536561148838416,0.025139618084150158,16
gene_2748,0.6200995678808104,0.01188188768448416,16,0.09043667441634048,0.04829213257137016,16
gene_2749,0.6265073071803628,0.013304247222444558,16,0.09464403564297028,0.030538090009724638,16
gene_2750,0.640166966852325,0.010080531950773838,16,0.08644098394285006,0.03191816326955234,16
gene_2751,0.6370075995311856,0.012096541824888651,16,0.08587467226290034,0.043113325581708696,16
gene_2752,0.6182986849479484,0.009371832344334486,16,0.11210560001006381,0.018390758349760894,16
gene_2753,0.6052105050908514,0.018563428739585965,16,0.10242223328972669,0.029611879833605307,16
gene_2754,0.6444374533962645,0.014980448194145795,16,0.08888748942956037,0.02584357048969003,16
gene_2755,0.6558753137341685,0.007201569960410729,16,0.07141138150392973,0.02041477193871792,16
gene_2756,0.6487776350299624,0.024172702042296167,16,0.17650058379043737,0.06976782980408035,16
gene_2757,0.6397727582242835,0.032856005461307736,16,0.17670368333509032,0.10840373452016812,16
gene_2758,0.6402424907945115,0.010345074725109031,16,0.10502529233269038,0.028107857386726793,16
gene_2759,0.654950752791196,0.01064976762438598,16,0.09209763950410722,0.0298213536068574,16
gene_2760,0.6429483369082731,0.01788568310902861,16,0.12681614309710723,0.04657208474191326,16
gene_2761,0.6319473548654213,0.01457432673365798,16,0.12564391815525194,0.039748500198748725,16
gene_2762,0.6577981116530447,0.016501593501590372,16,0.13642910567384325,0.03960937056844645,16
gene_2763,0.6490869581627794,0.010174330719769845,16,0.11068355140973138,0.03491257825814436,16
gene_2764,0.6514153662654205,0.012557570799380842,16,0.09183453633403277,0.029722131454777118,16
gene_2765,0.6373571917353724,0.02485680809994374,16,0.15443378005557604,0.06590851447852045,16
gene_2766,0.6365632631794857,0.018463781292158574,16,0.1355855671338252,0.031047336719037793,16
gene_2767,0.6291602440210501,0.014013255670345452,16,0.14150268420846487,0.05046499240009357,16
gene_2768,0.594812558831463,0.01812547089043079,16,0.11678560126230161,0.03745662942936762,16
gene_2769,0.6388597904880137,0.014672801410794923,16,0.10011173972079596,0.024748187411888938,16
gene_2770,0.6216294151217527,0.013723444558753097,16,0.12707569812355943,0.027281219154479643,16
gene_2771,0.6625492938492858,0.00763667640591066,16,0.08601174841305795,0.025436257795133446,16
gene_2772,0.6021638486122121,0.013232053590905117,16,0.12164603879593178,0.03877951350435472,16
gene_2773,0.6156991940737059,0.013499991524057751,16,0.0837696291925181,0.021304602541423825,16
gene_2774,0.6087532532153541,0.010660278489085129,16,0.12834999148263823,0.04777627047799149,16
gene_2775,0.6078931511505113,0.01572457067960645,16,0.09877316157877733,0.06607972238462728,16
gene_2776,0.6183335202933431,0.023780662156474633,16,0.20307364383946472,0.017580256074237778,16
gene_2777,0.6272537608875813,0.025908304732766563,16,0.19974387371803556,0.04393695744355318,16
gene_2778,0.6425279033845889,0.014105471208667814,16,0.1388815422945072,0.050530743683139735,16
gene_2779,0.6383826307021203,0.011108237923113478,16,0.08564024676958029,0.027820436507978785,16
gene_2780,0.6676542195728054,0.006557128142675483,16,0.09269954620130869,0.010303936044517813,16
gene_2781,0.6651054847734289,0.0077376171417867555,16,0.08690441951709578,0.02127812539148546,16
gene_2782,0.5637216826115534,0.025209341984976128,16,0.11348131316228055,0.04059411085051949,16
gene_2783,0.6101016092797201,0.011442652989874935,16,0.11010755319906709,0.028891680447304637,16
gene_2784,0.676693639975227,0.011318482504308938,16,0.11493248372588791,0.04603564343349271,16
gene_2785,0.6218021062085014,0.019647186788325777,16,0.13743305147657225,0.035299535875213894,16
gene_2786,0.6061944472787513,0.0062641667997354825,16,0.06490630966869144,0.023094459554946656,16
gene_2787,0.6213454597624894,0.015798190081772932,16,0.17486344840452175,0.06962991129615077,16
gene_2788,0.6343299978975986,0.0177278528954393,16,0.09079815784695852,0.03846673957514408,16
gene_2789,0.6505976499618824,0.0063297523414507185,16,0.08750995250344193,0.02861425247639479,16
gene_2790,0.6458609159724837,0.017831307517654785,16,0.1692719326955417,0.07555896611123358,16
gene_2791,0.6016240201176308,0.01570515087824834,16,0.1104247861484483,0.04122846009933508,16
gene_2792,0.6433358355960064,0.01072567004264935,16,0.09483310540592406,0.024589699454236093,16
gene_2793,0.6386794739511389,0.01812671767087741,16,0.10495883657483857,0.047232411783701966,16
gene_2794,0.6114987342897737,0.019952521087110976,16,0.21833657528695283,0.05603714163520546,16
gene_2795,0.6160171984925286,0.012618680124101897,16,0.17032202301101784,0.07996040662287408,16
gene_2796,0.6570184111148014,0.0059023368774934505,16,0.07811079783494623,0.01865587357571867,16
gene_2797,0.6605983344214841,0.006087529823808264,16,0.08872356065358637,0.023348748396929048,16
gene_2798,0.6307892926971478,0.031644698706302855,16,0.15677545312128674,0.07217054585581889,16
gene_2799,0.6421300414454761,0.01583793170421192,16,0.09038697429776946,0.03415781625538658,16
gene_2800,0.649480981746932,0.0035589065607323283,16,0.09240713744810182,0.023122072207237606,16
gene_2801,0.6192495933848868,0.005972255848903566,16,0.12967073094152684,0.029074514524750707,16
gene_2802,0.6304902050624593,0.01781958499322654,16,0.13977244379777265,0.05856581572959143,16
gene_2803,0.6328729835142305,0.016983759560212086,16,0.08934718905885121,0.030694887048618637,16
gene_2804,0.6494126195133662,0.010884045813008541,16,0.10467078797480603,0.016129666507511884,16
gene_2805,0.6036047267703167,0.026321202646945967,16,0.1728936561990055,0.06469940622343848,16
gene_2806,0.6238221202440805,0.007027749478937461,16,0.09942104550041037,0.03214027362721558,16
gene_2807,0.6379622276219269,0.005094814916058386,16,0.061713995223198315,0.010281653048976958,16
gene_2808,0.6632479109252065,0.008873559235716186,16,0.0842398352234165,0.024307100062904423,16
gene_2809,0.6112410094150541,0.015414909963851801,16,0.10684098855090007,0.0489203643487392,16
gene_2810,0.5994280304044827,0.02751651931088069,16,0.13386248479037965,0.06526388472758585,16
gene_2811,0.6222595130000474,0.01673289753565115,16,0.12551087601863173,0.04590010655891334,16
gene_2812,0.613101813621745,0.022400787851531562,16,0.14688105188287867,0.06196262047028656,16
gene_2813,0.6346788801884228,0.016694006382008002,16,0.12319202443530237,0.03947992787588079,16
gene_2814,0.6004755569597218,0.041026238334139896,16,0.15916491314971032,0.1237114424545821,16
gene_2815,0.648355374066466,0.00834372552789469,16,0.09528530518240491,0.02550065065494989,16
gene_2816,0.5965646242523763,0.022025834920289863,16,0.15832233383029387,0.055540239472435894,16
gene_2817,0.5900343682877173,0.03260468649122077,16,0.170781973002844,0.050738583949055414,16
gene_2818,0.6081418657874712,0.020824778015742118,16,0.11262295577977072,0.04262388102849095,16
gene_2819,0.6408413928517249,0.020210640955369428,16,0.10999586557028143,0.02252166601677922,16
gene_2820,0.6120353750075705,0.027195455310714257,16,0.1609226935032364,0.07892974542830204,16
gene_2821,0.6307326708543352,0.013735477551795355,16,0.09973039562225214,0.03199739909758114,16
gene_2822,0.6241551012512105,0.014226424634241251,16,0.1171761265876105,0.04921676571828579,16
gene_2823,0.6294448781284279,0.03419826321285472,16,0.2587464332173931,0.0810245966247778,16
gene_2824,0.6511695861941948,0.011599379066400224,16,0.07721268552247597,0.03037221233466547,16
gene_2825,0.6246409963686919,0.0202525115673237,16,0.11078645492706045,0.06054068001139988,16
gene_2826,0.6361515523423281,0.01622033159249632,16,0.13298270210585347,0.03300280331721323,16
gene_2827,0.5624034158975335,0.017804359966771544,16,0.11261741142524606,0.021439300063765186,16
gene_2828,0.6135828721006934,0.020184246180909346,16,0.08173895308746815,0.04419148445937813,16
gene_2829,0.6445009454340331,0.017371689666204157,16,0.14210441875750976,0.043880284596014896,16
gene_2830,0.6141377271962288,0.016184629024191703,16,0.08622270800384572,0.021496843879987543,16
gene_2831,0.6282272769828627,0.030086195603256424,16,0.22118297316355398,0.06886099617195904,16
gene_2832,0.6410610379614715,0.01551864250019565,16,0.1433586760044655,0.06272751318748572,16
gene_2833,0.6285320943608222,0.005708766389416986,16,0.1140425912953809,0.040508139244581146,16
gene_2834,0.6552345892078177,0.011520180788090353,16,0.11439359080428196,0.035817303560139985,16
gene_2835,0.642403126817367,0.010959230594251015,16,0.06723603857048471,0.023246281416297275,16
gene_2836,0.6474321105546537,0.009466085122508669,16,0.0695124805636605,0.02152866101681347,16
gene_2837,0.6346522371052148,0.0215910083522051,16,0.11588862699672711,0.05211550783451458,16
gene_2838,0.6662111943579335,0.008514910126595429,16,0.07906603295100038,0.019083252702510097,16
gene_2839,0.5886686908344729,0.023608666149119516,16,0.1765486572211573,0.04525618331441654,16
gene_2840,0.6437862177240402,0.007073538821273619,16,0.10478466263120721,0.02332315170089483,16
gene_2841,0.6222284790433578,0.009985478518797209,16,0.15112657331348409,0.029841091513369052,16
gene_2842,0.6056711494593229,0.030790686425232878,16,0.19210004047440615,0.058379560100966184,16
gene_2843,0.620629781313361,0.02043374191303787,16,0.23077961932637664,0.05335736456354846,16
gene_2844,0.6314316353415778,0.008816391140532173,16,0.09278483992746403,0.05112569367557803,16
gene_2845,0.6258978813910927,0.008188289142507897,16,0.0789940935755343,0.014348348497638105,16
gene_2846,0.6158933191455651,0.017507842554223885,16,0.11882407621869051,0.0322556451058272,16
gene_2847,0.6429236511775767,0.021205014076122485,16,0.16795066255288826,0.052687309395187516,16
gene_2848,0.6369367537271426,0.019807173212513542,16,0.16084899677519315,0.05821672469574921,16
gene_2849,0.6398775425966335,0.008833060822850023,16,0.09774860342808848,0.030812837815455817,16
gene_2850,0.6263365399338796,0.0068830248623890505,16,0.085024929703964,0.02578678401008639,16
gene_2851,0.5911815177287943,0.03029813727342789,16,0.12949361908980037,0.04218014847248331,16
gene_2852,0.6412836546740205,0.012789807400739529,16,0.14038719817341036,0.03459206266802797,16
gene_2853,0.6532777548775216,0.007614851883829187,16,0.08681798960228243,0.022113728931134242,16
gene_2854,0.6116846035308625,0.014285054388431393,16,0.14196747046524044,0.06518962790379522,16
gene_2855,0.6018661935100901,0.041492951333249053,16,0.22279042364189722,0.10984846827334709,16
gene_2856,0.6170082377957179,0.022572008947509832,16,0.14747897965911827,0.06371401695829154,16
gene_2857,0.6429110358254846,0.011845379665333429,16,0.10397733343259741,0.028929268288713093,16
gene_2858,0.6429612541173865,0.01178046419011325,16,0.1943657902747429,0.034707513343394836,16
gene_2859,0.638625504274887,0.015327403308500917,16,0.10087087491803341,0.02715336844795886,16
gene_2860,0.6053050296832214,0.014592602518942139,16,0.19300929826090443,0.038092787054928405,16
gene_2861,0.6070396810028252,0.018443800397490002,16,0.1381981293682574,0.05683581454600832,16
gene_2862,0.6287357325288396,0.009702063675350725,16,0.08539637639923785,0.03298665990800143,16
gene_2863,0.6244595044228906,0.011048656901397842,16,0.07775734508171507,0.032266949440496594,16
gene_2864,0.6338209960352569,0.023899475675916337,16,0.12965024840053319,0.06217055699729587,16
gene_2865,0.6185047512158226,0.027260376026063664,16,0.15804328938036277,0.07125260530183258,16
gene_2866,0.6557328795892848,0.011725504523937337,16,0.128462564257806,0.03280481810344505,16
gene_2867,0.6348890266259375,0.014071707748236508,16,0.12604198769207373,0.017154254380602675,16
gene_2868,0.6614536149079933,0.007105155895862454,16,0.06478007308802433,0.023692554550627576,16
gene_2869,0.6248072193942004,0.009009807875112595,16,0.08737021274906169,0.02775844327236174,16
gene_2870,0.6330523523369319,0.018209109059004885,16,0.11583356588722085,0.04111067226127901,16
gene_2871,0.6252661149375814,0.0168417102355378,16,0.14805785277840972,0.054619210586918716,16
gene_2872,0.6492063164806833,0.007246021978396907,16,0.06526823634672098,0.024705815627547256,16
gene_2873,0.6075199507391565,0.02580985765918719,16,0.1565792623116191,0.06755364427361617,16
gene_2874,0.638025141917026,0.005894106819960724,16,0.07739301527873846,0.017999055066261913,16
gene_2875,0.6197543482183319,0.019453401163040025,16,0.10319014988711216,0.0360497803193512,16
gene_2876,0.6019172114782892,0.03363507184699435,16,0.19015813210099827,0.03712411872834148,16
gene_2877,0.6485459249387451,0.019999278765301144,16,0.17392764587634044,0.04914386163654879,16
gene_2878,0.6143119535857847,0.01841340674409947,16,0.15171617926360703,0.08259174839261059,16
gene_2879,0.655648938654612,0.011017723161009747,16,0.08572553648855682,0.033249432770228626,16
gene_2880,0.6197641843197386,0.024545292316284006,16,0.1343208359278621,0.06881917210882456,16
gene_2881,0.5971502158583727,0.01945428165801418,16,0.13438696271805273,0.05107714613544276,16
gene_2882,0.5950358352725894,0.021110159970302817,16,0.16592029012584658,0.05116016810180357,16
gene_2883,0.6635487222114502,0.00566637908172931,16,0.07978744807669003,0.01853058637719955,16
gene_2884,0.6189879175675526,0.011642680448399905,16,0.08450755513446034,0.027371433030377253,16
gene_2885,0.616818526410693,0.02436221544108733,16,0.10938456790147574,0.0461142230931957,16
gene_2886,0.6445664981316482,0.016070767077167612,16,0.09994352226455605,0.046390396918679175,16
gene_2887,0.6355349393961351,0.01069329598199405,16,0.11903664098293107,0.031799823519005954,16
gene_2888,0.6278745488561538,0.022202440876406056,16,0.14684471360695475,0.07626640439380275,16
gene_2889,0.6499950242181586,0.009780557858970744,16,0.0902399525442911,0.023848189202271348,16
gene_2890,0.6306766261677736,0.011237925292465931,16,0.08546275155782791,0.021190163531566872,16
gene_2891,0.5911081508892131,0.016517378949214026,16,0.16612737413162895,0.07917546835936487,16
gene_2892,0.6302526732126252,0.018239304749055482,16,0.10053415863438718,0.04203583006299046,16
gene_2893,0.640330315673051,0.007170636770846018,16,0.06793327318718415,0.02751463836978698,16
gene_2894,0.6389714477554316,0.014449584661356875,16,0.11745198244118488,0.028999510421848746,16
gene_2895,0.6459078349796371,0.01815961416448959,16,0.14311220074065964,0.0596841939881682,16
gene_2896,0.6072965871957897,0.02350237450605671,16,0.207539492423939,0.04284191415615029,16
gene_2897,0.6603138262382295,0.01293260734029146,16,0.10789049323280771,0.03566289390583433,16
gene_2898,0.6019875108434073,0.017101641499624957,16,0.08618248349568622,0.022631185780314606,16
gene_2899,0.6276279725435885,0.014585256971415845,16,0.10059919024761134,0.03350811220976745,16
gene_2900,0.6363107183933746,0.015116545515162767,16,0.0693831927296433,0.030371565889036594,16
gene_2901,0.6489469973116103,0.010040095567237813,16,0.09042932138428057,0.03835784452722044,16
gene_2902,0.6218472951459748,0.022638750149869977,16,0.17051096444074038,0.05132867738127452,16
gene_2903,0.6376256799330156,0.011116503653897086,16,0.1154806541977652,0.04049172578006522,16
gene_2904,0.6097232437799371,0.009256707848242273,16,0.08236144126985864,0.031275068158973116,16
gene_2905,0.6246770782546329,0.014229959085342235,16,0.12967264098379144,0.03640894666991549,16
gene_2906,0.6435703400942049,0.011870200453745958,16,0.11759824259624681,0.032010967951107354,16
gene_2907,0.6477575983457703,0.015389566402780594,16,0.08792451686253444,0.0497962522547792,16
gene_2908,0.6162366169701079,0.025066515621692792,16,0.11672653360013291,0.07153778681630557,16
gene_2909,0.6609699406900573,0.007062690364120404,16,0.09014634598423184,0.008108564118021893,16
gene_2910,0.6351245889198309,0.017873403861108497,16,0.1330865276775119,0.06945160864471679,16
gene_2911,0.6079379346766507,0.02132711947526213,16,0.20899925065645084,0.048018533246243264,16
gene_2912,0.6280546203041275,0.016742897961288784,16,0.10320873034575026,0.03667117491699689,16
gene_2913,0.6151060503775663,0.012141588046193346,16,0.23844489835469704,0.0281250526228634,16
gene_2914,0.6236648724160766,0.008896566190177254,16,0.07622684236611879,0.029870226459358152,16
gene_2915,0.6170066054300913,0.01704252495420783,16,0.09996431619973822,0.04766102038229372,16
gene_2916,0.6376472328962479,0.010912178298923424,16,0.15407932703727475,0.03530117571484848,16
gene_2917,0.6726162421289802,0.009699882430051135,16,0.06889941582510836,0.022106545773288824,16
gene_2918,0.6361215058779898,0.009001783330219209,16,0.1618483844861951,0.02714820107291901,16
gene_2919,0.6278682088330468,0.013300952492913926,16,0.07166714104430871,0.02362901471277394,16
gene_2920,0.6810482235292235,0.005641355827152964,16,0.05790588605379313,0.012629647624909156,16
gene_2921,0.658594803253487,0.008705643560803243,16,0.10932555190606191,0.022206481729217617,16
gene_2922,0.6441650381803524,0.010843437864081535,16,0.1260614592944951,0.028024006221197315,16
gene_2923,0.6255695900044674,0.01654735269097625,16,0.08847014364206705,0.040467012334848035,16
gene_2924,0.6337327166661815,0.009751536019233658,16,0.13176835531116504,0.04100686073902088,16
gene_2925,0.6499402129870082,0.00658013855373364,16,0.08675620322374238,0.018011788079229325,16
gene_2926,0.6168519111501122,0.023591004797569128,16,0.1914928474797471,0.10074987520099174,16
gene_2927,0.6389109764360279,0.02077255489581071,16,0.12273264380868086,0.04949713946673297,16
gene_2928,0.6066238439047013,0.013869460797079942,16,0.12213053991767849,0.0591830413955777,16
gene_2929,0.6326692974648216,0.019128546902537548,16,0.09757791477174403,0.03820531752313068,16
gene_2930,0.6488633864856355,0.009358463318499594,16,0.06335548528832974,0.025998962609367397,16
gene_2931,0.6172409609260404,0.028000483121291657,16,0.17626896273184903,0.05693896989697394,16
gene_2932,0.6335343734883024,0.0154308037709907,16,0.1450017786108512,0.042668578329864947,16
gene_2933,0.6412593069681762,0.008304133214847156,16,0.08424407981791909,0.023271524669989906,16
gene_2934,0.6194303093008553,0.016491034133498766,16,0.18392221469581901,0.058637239328431956,16
gene_2935,0.6381791079450782,0.010661412279338273,16,0.09766816584496624,0.051019833771819394,16
gene_2936,0.6463141042698166,0.011622630013467077,16,0.11026495942645353,0.022811802667104388,16
gene_2937,0.6296687907868732,0.010565436633173003,16,0.10694116010648189,0.027098891672628748,16
gene_2938,0.6135771908850266,0.016378144295153555,16,0.10210401201578932,0.04692838334695383,16
gene_2939,0.6483623529583566,0.0159901788274861,16,0.09176726212584016,0.025241790982287557,16
gene_2940,0.6637331664783457,0.007491663141535838,16,0.07998872292351306,0.019099110392573997,16
gene_2941,0.628936143272735,0.02551554378132067,16,0.1212949811753316,0.04569030562761643,16
gene_2942,0.6467596813137891,0.0070804087846534245,16,0.08180895791290534,0.023151363834480635,16
gene_2943,0.6367115307140659,0.01138664629270734,16,0.12618935971555714,0.037143045382580384,16
gene_2944,0.5987993728072007,0.024011778501477933,16,0.13218925125765835,0.07034872020049975,16
gene_2945,0.6471962248816024,0.014161225813971721,16,0.10466462723424713,0.03227336491939449,16
gene_2946,0.6527824394676036,0.007389508541412944,16,0.10180932863088578,0.02757047661266586,16
gene_2947,0.6495045418145923,0.0118107455095221,16,0.07558432873308162,0.02267466682491832,16
gene_2948,0.6267717369808622,0.013848619211344853,16,0.11309425549158172,0.054046238191297134,16
gene_2949,0.6813122278185819,0.006380262398163678,16,0.07621379460157486,0.021177365193243085,16
gene_2950,0.637133269904166,0.009391503468127373,16,0.09279117684803209,0.02671583496028232,16
gene_2951,0.6394459370928877,0.01125405082222577,16,0.13113204058407052,0.04440688051482723,16
gene_2952,0.6142339437051111,0.010896063457042316,16,0.1715027066242578,0.03960595271376204,16
gene_2953,0.6136518599026604,0.02609847235034552,16,0.1651965371302848,0.059793891467222984,16
gene_2954,0.6266694254841859,0.019283879236803466,16,0.1707777315848102,0.0524906042628429,16
gene_2955,0.6064689236522004,0.028802643392629838,16,0.20187779906063918,0.07952404106055241,16
gene_2956,0.6617383036742439,0.004743867415218849,16,0.06360637029519577,0.019234699084320652,16
gene_2957,0.636045531455409,0.013924840552130014,16,0.07937086038129679,0.030188727897869295,16
gene_2958,0.5954227285222022,0.016482278882529303,16,0.1779767139757425,0.057621558535893715,16
gene_2959,0.6282104715628555,0.013011703424493523,16,0.11143449345077318,0.036864441721502016,16
gene_2960,0.6453321472010578,0.011548850329825118,16,0.13131587849216414,0.024852309920219164,16
gene_2961,0.6263909355880855,0.007870063868553163,16,0.10025788367031715,0.023462445846338362,16
gene_2962,0.6785179922668372,0.005703463723859182,16,0.062141765907307626,0.014459707433189695,16
gene_2963,0.6086050428735706,0.013261778796655558,16,0.09747321810908721,0.03277847114278617,16
gene_2964,0.6585766568029665,0.010933471107789482,16,0.07403895486462958,0.0147530138951308,16
gene_2965,0.6151757741891251,0.009216295060229194,16,0.10109038482219374,0.027161038622011573,16
gene_2966,0.673100726177048,0.006981493133211362,16,0.07465359114715331,0.021593647297567967,16
gene_2967,0.5787468165095004,0.022471130785042072,16,0.1684883361841446,0.06889604259187158,16
gene_2968,0.6392235953057412,0.010062410449896413,16,0.10649561248826414,0.038602299603583794,16
gene_2969,0.6698793200353763,0.006273967930482835,16,0.06489283329873118,0.012299610293887006,16
gene_2970,0.646685044455804,0.005265216099979251,16,0.10718364107259454,0.02782813027488715,16
gene_2971,0.633170554212553,0.02164049172057285,16,0.20503252936129096,0.08926272607726678,16
gene_2972,0.6041630242880057,0.031026092420569806,16,0.2190510892611882,0.07484251106549679,16
gene_2973,0.6161569129888391,0.013915747141953212,16,0.12854561649250276,0.046593970534620784,16
gene_2974,0.5926308308960231,0.017147105525749225,16,0.131804036468211,0.03946899624401432,16
gene_2975,0.5960585611070126,0.029721602242916215,16,0.13904651362962822,0.052548677872144324,16
gene_2976,0.6594566642387845,0.00693573734303551,16,0.07137193469983541,0.030081131876763544,16
gene_2977,0.6282061861068485,0.013799234160238405,16,0.08831763615150039,0.031105453908796835,16
gene_2978,0.6075024202588007,0.019396684956706045,16,0.15202237162104443,0.04644793305485638,16
gene_2979,0.607742221208291,0.012738218690767389,16,0.1285831816321978,0.0383239832827514,16
gene_2980,0.623698437342019,0.014339548886800621,16,0.19907865258428234,0.044891479534578976,16
gene_2981,0.6346054089941322,0.013254022708597232,16,0.11866208500071784,0.025476884817627554,16
gene_2982,0.6384979403230581,0.01630269755693074,16,0.11304337881932786,0.041091794571028704,16
gene_2983,0.6017488395450452,0.010109204105519767,16,0.1022167125543893,0.04552868760120696,16
gene_2984,0.658281159423263,0.008714192937460962,16,0.06778793874297588,0.021012712940794143,16
gene_2985,0.6082661899487989,0.016537610574792583,16,0.16665799235730436,0.052259560973083874,16
gene_2986,0.6167173291411683,0.022487552149391164,16,0.18333776493710288,0.08126081825824535,16
gene_2987,0.6407508035199013,0.01225715722352452,16,0.10552902462376697,0.0441802879033788,16
gene_2988,0.6095533557076058,0.027986991932387385,16,0.18382115157549286,0.0786880509198614,16
gene_2989,0.6547204521053144,0.009080245965847526,16,0.13857248867067345,0.0350175808285404,16
gene_2990,0.6046491319826331,0.025131200310634455,16,0.15896746172068982,0.05216569747010273,16
gene_2991,0.6108166422648618,0.01921576547074055,16,0.1550359901188028,0.06673362110724537,16
gene_2992,0.6673388853689571,0.01532770820794808,16,0.10393836575142293,0.03506752147600431,16
gene_2993,0.6268413416043317,0.008442509392488388,16,0.11034911842939316,0.03139740879491406,16
gene_2994,0.6403771427700027,0.014320604950703643,16,0.11721634490806959,0.044826579831826086,16
gene_2995,0.6178057993290421,0.015176141402615752,16,0.1272793098537841,0.03529891403796511,16
gene_2996,0.6617050127075077,0.01600627589167086,16,0.14110834339149908,0.06334177903656413,16
gene_2997,0.6306448287695753,0.011812332330884906,16,0.1502368464685535,0.04484331380650498,16
gene_2998,0.6067389367121316,0.01786843353747557,16,0.16311046432194337,0.057368964962485,16
gene_2999,0.6612799338064747,0.01036235068244336,16,0.07845103049490107,0.021255249873746527,16
