,StrainA:CT1,StrainA:CT2,StrainA:CT3,StrainA:CT4,StrainB:CT1,StrainB:CT2,StrainB:CT3,StrainB:CT4
gene_0,1.1099187615899366,1.4384292503727443,1.2280752289661139,1.5799614294557347,1.1409493546853287,2.601539484646405,1.5896331485344717,1.4496460008117467
gene_1,1.1021891926218566,1.336653412775732,1.364221926345655,1.1248597132253426,1.083394095153324,1.5940348517811813,1.2800379626254768,1.4896043171729902
gene_2,1.0593613029110254,1.403003043770262,1.8387425938520776,1.9577468748244466,1.1636566914545015,1.6101032357185887,1.2684237999653536,1.3242250714611166
gene_3,1.068422986622024,1.560005986867751,1.3004116476549932,1.2591572716884682,1.074324241891632,1.6266700931703326,1.410813674746982,1.0931928967679252
gene_4,1.1860155413859832,1.2522400359948829,1.7750435878629973,1.3090174413322122,1.0608594160514595,1.587390222025592,1.5410847562073773,1.4041981434969966
gene_5,1.1011839493735383,1.416884444581289,1.4339940608669781,1.201619471926323,1.077426274247697,1.2711621133132245,1.379206811525839,1.6010228710948482
gene_6,1.064473922739216,7230.041527695626,1.6067045227621832,1.46538542829397,1.0806883137041168,1.34644139424684,1.4370521766779059,1.1762480516921308
gene_7,1.1780587152365671,1.7570091024839714,1.1714631434375453,1.3325659283286568,1.0912275556993738,1.3398647248937663,1.0450676768450249,1.8546550623309737
gene_8,1.1003938387908248,2.1172235132302584,1.6017414587438967,1.463551795189069,1.1417476128502726,1.449328172824748,1.1721424134611398,1.3174187482036108
gene_9,1.1063234867203011,1.1544140320684937,1.444223531180139,1.8238672770504518,1.075107836650716,1.3314244911683413,1.4599194522504173,1.4051351767225166
gene_10,1.1463005711925385,1.6452420308338267,1.3742734910335963,2.0693779641019048,1.0927614776934498,1.5471570596633415,1.4379559528232813,1.3414945712753723
gene_11,1.0681782413703007,1.2630257070136734,1.570943921586403,1.5400948532200218,1.1081823947875518,1.9509938145686512,1.3414737187250922,1.4309448709845745
gene_12,1.114858585744991,1.2321148165773101,1.823012859154469,1.8302718990928626,1.0883929548981126,1.4493100738014648,1.8334803731567453,1.4648963036714813
gene_13,1.1757958521511251,1.3492884435247599,1.1987973202716171,1.8355123702672647,1.105543769037378,1.2800311725378577,2.511488328944588,1.6078867700202315
gene_14,1.101675920347781,1.2691370199751324,1.1990895391949838,2.154328349293795,1.0700450172319043,1.5700792716533563,2.5265334913061155,2.104980131277486
gene_15,1.1234040458143142,1.2580074791167473,1.7612998435499427,1.6175183003304898,1.1324436766301045,1.2709969447581952,1.8985880306750473,3.2334958210386984
gene_16,1.1768473554936767,2.295040717471135,1.3013044914420273,1.3120758437478426,1.0800434630581095,1.5870793273511612,1.2835629609950974,1.389837664147828
gene_17,1.1333915028197445,1.6828320572738924,2.1581954866351314,1.2562682507491516,1.0751735840498866,1.3933451659502205,1.3798967914442517,1.5467255898427212
gene_18,1.1191241011138562,1.6773377626611772,2.122395555240082,1.1280147878999067,1.0513379308701762,1.519619370375652,1.209834232318386,1.646939201158095
gene_19,1.1079818346205736,1.0534681916774293,2.2269694922686485,1.3926343625974287,1.0858396681060623,1.2825801001178834,1.213928277867437,1.3358899977621173
gene_20,1.1255859155521828,1.3652284321620718,1.4105051366011014,1.1691101420712116,1.0557720164282756,1.5656198771842311,1.5478788294987709,1.5912926563775476
gene_21,1.0810843422010932,1.4463034253039322,1.8365031062202333,1.3915361980829082,1.134201787831774,1.5495093384635095,1.4554662746023355,1.8767422266995475
gene_22,1.1379929904466521,1.1777592026161814,1.8709229214090008,1.9697603621664221,1.1677196079022294,1.289094357353856,1.5013712544519773,1.5274172762454195
gene_23,1.0785427086056767,1.1969331149241014,1.4584366443588939,1.456573167288332,1.116329859928272,1.106596787361097,1.5165650777581865,1.334907687142437
gene_24,1.103154135933038,1.4309722314324593,3.0455735338761287,1.5562512004528777,1.1145487656068649,3.1611116934539774,1.2442671941619672,1.357869989690774
gene_25,1.1681248526084005,3.4776426397230926,1.7244007768717329,1.3514885905880907,1.1271848441623593,1.0959687366567616,1.9996366435320794,2.1328424685813205
gene_26,1.143098047869431,2.029830655395239,1.7701766870816995,1.9256376975382807,1.1238576049997275,1.179263400091536,1.814671003338118,1.7129295926850552
gene_27,1.1244686357156246,1.1969838022434436,2.9839143183365353,1.9679956737809878,1.1210531868896825,1.9283528430662293,1.4894973214071254,1.686376181015453
gene_28,1.1193727062922152,1.4932385010291849,1.3776227738059899,1.9515420757339095,1.0824472864091246,1.2717766067775806,2.8990218788356503,1.7256302551915383
gene_29,1.0840011669513556,1.9391093088647797,2.169930444985425,1.3375548882248247,1.0815773561269382,1.1929366254944767,1.1650600852126893,1.6852115783212054
gene_30,1.1456008714370094,1.5940230045459636,3.087861835445055,1.51122019551615,1.0934974193893907,1.2612675510543205,2.1226148157991234,1.2763348326548791
gene_31,1.0679063563279136,1.2436245891692959,1.4900823726611023,1.7339592442032332,1.1051733310949083,1.5899542170504077,1.9945865834233854,1.2189898994931092
gene_32,1.1565398999543053,1.6359272818236694,1.9056904854903676,1.7249103993114372,1.2310014488727052,1.4904979204959294,2.110412823776218,1.4415516988960895
gene_33,1.1566569146713268,1.6605284781976337,1.4705831160185352,2.4770195512827655,1.0877765277541651,2.815709461594717,1.1850924128132343,1.2166739616340794
gene_34,1.0830230019255964,1.5247764578093566,1.7381676870369331,1.1125388180892266,1.0659657200856074,1.8685052846965537,1.373540553465785,1.5335858116220646
gene_35,1.0988724764043896,1.8741329445043797,2.4574363760643436,1.2659910092277822,1.0764807584684426,1.3585393070693674,2.118860612487117,1.4826883462934741
gene_36,1.1448035583228975,2.2728929847158534,1.513418337772455,1.128562607423685,1.1350140624454053,1.5758180335240217,1.595142230676452,1.6023052356792507
gene_37,1.0882391727738987,1.6354127125435558,2.029774907301875,1.451657220729014,1.1469211193032753,1.8984717780057911,1.1681994764476178,1.2436202641263683
gene_38,1.1291983783526813,1.8557047548637335,1.3517724655604857,2.140883788550002,1.104831919183178,1.657665085480837,1.7857906077994579,1.552901765389953
gene_39,1.151870667125744,1.3433179309148693,2.745870167309006,1.646569833676899,1.228374664141604,1.6303394914572273,1.4453089653059514,1.2565068342287486
gene_40,1.089685279002784,2.3831015539706994,1.2999398136190374,2.450328441353225,1.0926269844045362,7851.420563136886,6434.782342432581,1.3966750675660322
gene_41,1.1387966537661276,1.3357844956634934,1.679053080215462,2.3122830732639588,1.1676929387607755,1.729490667413771,1.5445715013698142,1.2265931355673534
gene_42,1.1078727437035387,1.3221311988961926,1.6418756832839005,1.2311944462306355,1.1324453882390975,1.8952649098244136,1.3717899448305217,1.5207772507650605
gene_43,1.1845706912609704,1.486738873928556,1.3918498097034557,3.1052829452167274,1.0691730491096931,2.0112411980471845,1.8019243226023982,1.7968520171284001
gene_44,1.130658175863444,1.6599178945903776,1.9739537909174736,1.3392523216106553,1.0614091973499218,1.3151580119143913,1.2133985677116734,1.6957498271234923
gene_45,1.1134228997944247,3.0645493297752386,1.8176936421987038,1.1395458544051136,1.0846359279319449,1.3975092244291238,2.234634210464805,2.4254885533119355
gene_46,1.2969658081533098,1.305887155611736,2.3681883531731183,2.098268984266108,1.1499054174623085,1.465459751003048,3.6126241818926013,1.7885424857809926
gene_47,1.0650777075445796,1.3924356459065204,1.3326994727544441,1.4584814889085191,1.0927339392068471,1.1756140397156514,1.4636550305267644,1.308393317097454
gene_48,1.1194400803602538,2.4225214726605153,1.8674882839728155,1.520035347595951,1.0715227246323233,1.352405346493964,2.101155996435267,2.442288247634142
gene_49,1.0649305946826397,1.263776487783687,1.857766879595224,1.4868972495034636,1.0468439865961479,1.6161842358126348,1.3007556043335897,1.3360861926817107
gene_50,1.110718515422034,1.32288074153172,1.4360536005902114,2.674112968739939,1.202641823273056,1.6491732044591443,2.1344367332033953,9290.669018315302
gene_51,1.108049236639494,1.9678462423493148,1.4177550564286252,1.6270698149440501,1.1510403609026303,1.2724638402102233,1.3865108931579846,2.1683098785752954
gene_52,1.0902311011211618,1.8093291442522728,1.2108180238433317,1.3273996122906087,1.1695433452494097,2.2241264785284134,1.3328192825370562,1.216081097892983
gene_53,1.073753207002691,1.4901821679895428,1.9676222204454785,1.2217567176306972,1.1258124372643294,1.5179847800105915,1.6453174254414955,1.293715029062337
gene_54,1.099676634914978,1.4300402232921878,2.20449081370861,1.779138376628809,1.0712512700583816,1.5080010648647784,1.1570752655195073,1.3976362697442772
gene_55,1.1604205618748786,1.9221670795063277,3.2851997639084263,1.4284448454591376,1.1474778666529897,1.226293642806262,1.9247007211935723,2.5946633706538615
gene_56,1.1217558990679173,1.4680934767135003,2.1705945583520347,1.7643593988705377,1.158743650144068,1.4808521964608634,1.8952774605197091,1.1564659914360362
gene_57,1.0954370426771602,1.438860955115891,1.4267605601362512,1.3109431983988433,1.0891138843032517,1.5775985081803,1.5189339620745583,1.1994744664525068
gene_58,1.0643294625173811,1.210539316493958,1.438196901990282,1.1248342701937857,1.0279470398112271,1.2690471924490883,1.865601611151835,2.5381779655601004
gene_59,1.090203186660823,2.305409459450395,1.1378313640951712,1.7914604988113962,1.0967353105177107,1.6915096842397401,1.2159531777068806,1.2576527580795178
gene_60,1.0467896289904228,1.4988253242255425,1.1736939387663,1.1585614958448016,1.114500514999337,1.2461841213385365,1.5117175660965616,1.3805867088870345
gene_61,1.153836315735208,1.3738611659227271,1.5986831409151088,1.563317481940429,1.1088327057319987,1.1708429755845238,2.182737009852218,1.6272853704070043
gene_62,1.163600246778188,2.706395101764667,1.798797661959368,1.9513148275591181,1.1494445168906784,1.8435967945272902,1.5461079093254404,1.5295405412345744
gene_63,1.1125417555148907,1.2052014847716017,1.4076948174354118,1.16388890286308,1.167391106325568,1.0889775893423632,1.695073751134479,1.2572236829336305
gene_64,1.1018326957289477,1.7410801655953618,1.5172295213436857,1.604523256687138,1.1259241179691122,1.79142381828157,1.3245190959578328,1.7378665013004635
gene_65,1.1270414190837676,2.0666193058996254,1.1608559633482756,2.00279394657433,1.0937911292309805,1.7259480514617864,1.2459778170566325,3.551780374361178
gene_66,1.0898904201044979,1.2931356546318789,1.6726409947944938,1.5860240441587459,1.0296436505737259,1.1562987257012605,2.045809540598313,1.4820297728518474
gene_67,1.0749861996004904,3.474401698748211,3.043116175200939,1.7845802011101186,1.1049912995249065,1.2480194226871453,1.3227999044557108,1.4528107215339514
gene_68,1.1202905031494663,1.620827896393091,1.4608769265601946,2.2843214855307767,1.123564891443735,1.832787024693725,1.4036739454715204,1.6027436363068621
gene_69,1.1151234810772974,3.015350722636599,1.6137268951215369,1.7636898617754626,1.2027620094387472,3.244724427400232,1.1470655849521234,1.6153509761672593
gene_70,1.1451878331006229,1.800077547217236,1.644755152649473,1.6776349053732023,1.1119708557419412,1.1547554803977789,1.1996987524026472,1.3144929504112997
gene_71,1.0731167108697213,1.458862310398018,2.0838831062115557,1.2022608331631965,1.1157259228494092,1.1465727828546097,1.6446512378190112,1.496488291038531
gene_72,1.1114571038578236,1.491519614545886,1.8226894010342103,1.564532414385404,1.1204843368618957,2.4429555545126607,1.142780193217361,1.6300389213571649
gene_73,1.1005704815434705,1.7061438645821423,1.4803349192751856,1.718613382010326,1.1241634604605628,1.2613408269900541,1.3612852859563034,1.3906612264049245
gene_74,1.08464878239543,1.4042691808156178,1.6720873148018758,1.5186108996284764,1.0669462066778508,1.1458536897523026,1.253204198969325,1.5537395109119252
gene_75,1.1041519873035053,1.3518039458963338,1.4364719795589735,1.862894638230954,1.0997812497335764,1.8702402735734331,1.2436881079178013,1.6016288014456483
gene_76,1.0781914390874916,1.7626177266778245,1.1434511666380496,1.0860831808098046,1.0692047370309792,1.6636314028321844,1.1743817333295223,1.1305345152018784
gene_77,1.120782395926508,1.1332269901387024,1.2136662560152949,1.2439778858304789,1.1087016673717822,1.1752050897623667,1.4257900579344318,1.6741410453674497
gene_78,1.081009520605157,1.523137733989684,1.666594277015518,3.195137060234354,1.0682403949257016,1.4371115675084496,1.276016153563838,1.4024301963813208
gene_79,1.158998348211096,2.139569314959299,1.709651321709127,1.3165218274249466,1.1005420913628903,1.7169436775010236,1.37172677166548,1.8839536925225873
gene_80,1.1430149064028152,1.2563745749064732,1.6209957468789373,2.075700526264925,1.138666257562378,1.820859331203147,1.345069395213448,1.5200012551262392
gene_81,1.1897424386581912,1.17414797633155,1.7867327348972426,1.7702012566204883,1.0416970995709993,2.200352912751267,1.4244535107390193,1.9046003499074093
gene_82,1.1199966687528633,2.054443340236007,1.9437013858345051,1.4031701013730573,1.1045580340918755,1.0947537053246532,1.2323213991151858,1.5811319618141662
gene_83,1.0872970771203183,2.232117939653463,1.4088033169675251,1.5183303263630976,1.1067636339483309,3.728145414813319,1.4189415883979137,1.4410488384607738
gene_84,1.1719619353937893,1.283911251266703,1.9818482677064813,1.1566281209865594,1.105763109536671,1.2916632211272794,6812.6102257829425,1.4160228761680194
gene_85,1.1278302305155075,2.2186664827328353,1.6168131231239609,7722.931845222978,1.065523889118533,2.195444309301847,2.763487802153141,1.9874311955244213
gene_86,1.181681379292124,1.2429035828289063,1.4186284200281032,1.4121880240200855,1.1134123178464075,1.1246464693986897,1.5684720269400485,1.4380071352845185
gene_87,1.128741788568932,1.6224578535223737,1.3173566336740514,1.5466300122648344,1.104025283765545,1.847418357615133,2.1211083891060656,1.3740182709184514
gene_88,1.1440209510690174,1.340252779400405,6677.949705011984,1.6786849166489448,1.1434372173901697,6581.347434179853,2.4632906933145584,1.7533433499538587
gene_89,1.0581946000499955,1.5790928478597965,1.5190286293181516,1.749006857439081,1.1296154689453028,3.4061233011135066,1.23708214097614,1.8406995078177943
gene_90,1.1221023697549701,3.397300386211956,1.3394338696155048,1.9937184153607006,1.1093932210065052,1.5295881508914853,1.484813599303726,2.4940726599119936
gene_91,1.0972386406835313,1.6208133167357333,1.2902458699284378,1.4393032489602977,1.1012976035983424,1.3335682698862645,1.4809561698174012,1.4871240258858511
gene_92,1.155940907940183,1.6251210659134272,1.1885694178453432,1.3403174557572768,1.0906278070400275,1.2223181335427098,1.9953594708853164,1.2717792112093182
gene_93,1.1189076732392729,1.3401589551416457,1.407512097503361,1.5793006549378104,1.09438393700256,1.66578786267672,1.7788326859555004,1.2872709911807168
gene_94,1.028383417287846,1.2371026213614993,1.4813572380566302,1.418469613579175,1.0625324793517643,1.1253268058899832,1.4545418346080041,1.7328427523680412
gene_95,1.1347025723678923,1.5944895746918166,1.2894669442936224,2.063238206417178,1.0886428119795157,1.7742005031015886,1.448257994133299,1.8907798201679509
gene_96,1.1068000682646666,1.3304778475239953,1.7396892921534466,1.1779148452571147,1.0353797487454601,1.6894529990120688,1.1616691437981699,1.3745060273757506
gene_97,1.2086119207403458,2.0854901963271772,1.0797252388938645,1.3976328987997382,1.0883283427692916,1.3167122364492816,3.3431594324223752,2.8874857058599135
gene_98,1.138862511742123,1.3323336180808323,1.2734592149343678,1.7577534483757278,1.0354094407061745,1.726449289114702,1.5152022926997493,2.9866277147753153
gene_99,1.1025566318115236,1.2999789516774027,1.3629404897532278,1.3727344044793992,1.0764345844900727,3.3082442751806433,1.5663615898602665,2.2626901452287256
gene_100,1.0605857935304945,1.5743119637620915,1.274976367935878,1.6652464645044425,1.1230440943214663,1.2340598725857685,1.9319290278195953,3.5796015912543244
gene_101,1.1428024417886624,1.2315585673775513,2.822080866700355,1.378696005232313,1.143424798495675,2.5590473416986965,1.5209284087818782,1.895131129397332
gene_102,1.0978766068773924,2.1121049222064805,1.2502832363876544,1.2855935426240073,1.1058051347678577,1.7962643221211925,1.49449855127276,1.4829824872875033
gene_103,1.1150785453945018,1.367669784127261,1.7383430734539431,1.3167536082667397,1.0775005884461848,1.4277882200860332,1.8770134813481345,2.7353464375939205
gene_104,1.0666882713313472,1.246615947887874,1.4405939647848787,1.14003163694712,1.053756040529172,1.3640172498884646,1.095678302551199,1.394368231900695
gene_105,1.1631402403800175,1.250420601470266,1.2209865322845936,9084.692865210514,1.1106194745515454,1.7478677352845842,6440.271941713054,1.6631066291271974
gene_106,1.0907191378157963,2.29491913022926,1.2873573946049408,1.2080394732585644,1.0449080122746526,1.8704128534655924,1.0900751845348051,1.4183159051801437
gene_107,1.1208163124425397,1.411551125144338,1.655012236152477,1.590674799958848,1.0885838838954554,1.7006597393721723,1.4581836926428056,1.5770727427425588
gene_108,1.1205966694683573,1.8309667783922428,1.1466331383737427,2.8069170924145763,1.1580763832817416,1.3570460817722931,1.4384829882132528,1.744372190906572
gene_109,1.1778101555376712,1.66786055928924,1.200783472015204,1.6522584983534918,1.1306091128650044,2.6605089927770056,3.739317489359707,1.8174052842073696
gene_110,1.0490770722288667,1.5566737132618351,1.771047449523315,1.3335674537436604,1.0662810149807667,1.3910445280656178,2.106678584323528,1.3826996812223855
gene_111,1.155484871842995,1.5675563569928943,7030.549914232597,1.811398905545643,1.1726883441611167,2.3233759172401256,1.3115240178166716,2.2811556533549813
gene_112,1.1510278780805392,1.5401028649714923,1.293328297636861,1.3666021646079138,1.0613208939351817,1.5215963863132385,1.4892276489190563,1.4423183030753877
gene_113,1.076390942502346,1.4847340394148612,1.4041380521179736,1.5370608375798407,1.1736409452971766,2.022402656327862,2.344749836769417,1.470630400232502
gene_114,1.1234030768072256,1.3507828985668142,2.7096693332036867,1.807578389777602,1.2219466972723434,1.555865218011155,1.3413126612573623,1.3251975771777116
gene_115,1.150516445187409,1.1115272964355205,1.4225878829443426,1.412912841472272,1.0933273438925986,1.1782764608186518,1.2989387410516997,1.421955665548541
gene_116,1.0504785007336854,1.3072371843134833,1.1228815565762817,1.4560494877266579,1.1749007572210841,1.9825747332318644,1.4723404294176268,1.6971285894821504
gene_117,1.0899928916211723,1.4896857801709873,1.3234402892822899,1.4435294983289078,1.083020878146252,1.351450538186391,1.8822810914537225,1.1105288960699577
gene_118,1.1226814119477677,1.5431648698937,1.5607303764000966,1.751053836944501,1.0614024057740155,1.415241028946024,1.1733377893734909,1.8883449925711449
gene_119,1.0287486075127446,1.1809114746779747,1.5309477942076453,1.1966000539195751,1.098793818593456,1.4592919013499521,1.8238543704331123,1.3151769035450758
gene_120,1.1361274086615787,1.2404621160202998,1.4562480499398454,1.4787986751647386,1.1336755518461117,2.122955589786485,1.7172499953399853,1.1873868211552734
gene_121,1.1144082448166572,1.4766996882275067,1.6685756035101587,1.2954672728736258,1.0906652457483343,1.9595503764661935,1.3404649780919915,1.22612741517038
gene_122,1.0769518682771346,7289.927343447636,1.5888698070367444,2.0136674422617484,1.176175942750726,2.368671894046309,1.8848404444165827,2.206142357455724
gene_123,1.073721819565972,1.174580820772609,1.0965526520829427,1.8730473835938617,1.0642838090789815,1.1590603462829328,1.3512957748436925,1.385868151441554
gene_124,1.0542185382130018,1.6812578694039853,1.8748705450138035,1.1379637791565125,1.0941066681897655,1.4059499145541101,1.603342095812567,1.2436310438139597
gene_125,1.0990071230688543,1.320947812780691,1.3168434627103396,1.3272571213330957,1.046680977493532,1.2258157309117417,1.2242391230682725,1.5657363633445023
gene_126,1.0712253505178662,1.5994775630373532,1.5687764268392335,1.3344378020878942,1.1092738852012733,2.8594158397686407,1.3233259418611196,1.4556135622359738
gene_127,1.0926237883173835,1.572945951224232,1.479222800683549,1.4929332640518538,1.125117985324113,1.1575577206937555,1.8472380731499178,1.5945151150238517
gene_128,1.0944979015258827,1.8378805902203306,1.392193186734845,1.5322720544128814,1.0871460810703324,1.6364423100466918,1.7416909377348515,1.4697372981598096
gene_129,1.1485267385832396,1.3254239096275164,1.1791121062757686,1.3705158413049077,1.073811526892271,1.680889829763716,1.3063116608837393,1.4845790373066772
gene_130,1.0934914391133277,1.4614019622895187,1.6166506485425065,1.0963205655887276,1.1291778307899087,1.2694093872971688,1.7510491497602279,1.7983549866343669
gene_131,1.0681497979618644,1.2373538575012248,1.470069384416806,2.034821156324202,1.1150153202205846,1.15676738577111,1.3623347177672551,1.528796167863637
gene_132,1.1092262709742082,1.4035328215929168,1.8711282652346732,1.2927613554240425,1.130381262139116,1.2792319284692941,2.4363036825961357,1.137669498882256
gene_133,1.1293011355378642,1.4368652207637527,1.3403535153749715,1.5002618251772075,1.1044032087539701,1.1261113668166483,1.7251316793597822,2.996052295325877
gene_134,1.1325306766655943,1.6737959681673213,1.6824820668910256,1.5104876013841309,1.0491114690721928,1.8088629605474715,1.2198479290246553,1.4099328792186492
gene_135,1.0939599132783833,1.8277337728662595,1.2558786811606755,1.1526274421899647,1.0587281088106477,1.512334071919146,2.2670630040127624,2.757193769003282
gene_136,1.068853321941091,1.6456712163730536,1.3564441037373816,1.3775381799500355,1.0443311288345252,2.5798088651998996,1.5310569690236508,1.2669388566577393
gene_137,1.0941732567035505,1.2122404497433845,1.5767983009684556,1.259947310290062,1.125249686727861,1.2217429172839853,1.8777327449382428,1.9052575724866623
gene_138,1.189241971537454,1.5392753449303946,2.683758102655772,2.876420861804993,1.169792372325528,1.7320007635578356,2.660768172692935,1.3807566973718557
gene_139,1.0500791772929836,2.175802933892042,2.918012649318826,1.6688142565854074,1.1095101901035096,2.2796767688818917,2.745724663567204,1.321301249555578
gene_140,1.0803958860132108,1.4566776614456407,1.3316941663162816,1.7346648362446906,1.1131015946573932,1.3063502598963757,2.8210546033731516,1.239753053955289
gene_141,1.072993688022953,1.264158519979365,1.2780659445088118,1.2926501392455423,1.0906691315856683,1.1368075664282653,1.536601508825464,1.6821379499011493
gene_142,1.1831135284752303,1.6653072110974165,1.5142852930664954,1.427435014251021,1.1292841533629783,2.342051985679913,2.7910917356706912,2.9636567364192827
gene_143,1.1127146560284973,1.6602726498250167,1.6090507976522876,1.2301926030226755,1.025665398469888,1.2980720802469878,1.5330226059555754,1.3971143238548123
gene_144,1.0259438311235904,1.126443404740134,1.3815377847391976,1.6791591394362686,1.179878045143154,1.4504416429847615,2.3441440040568184,1.6757871671191769
gene_145,1.1265603289819932,1.3146327237300504,2.4778171856273303,1.7580479134720175,1.130848617384594,1.5691504142193045,1.86838003297292,2.640082272544916
gene_146,1.1345093818933236,2.002360730123366,2.093896178290733,1.3917967767449815,1.312801658178246,1.5404759145749212,1.547721781862709,1.4042905007702087
gene_147,1.1514283219789574,1.5276023243161116,1.3359431022115613,2.528713964469369,1.103218265155667,8641.192590263137,1.3039370007282893,1.5429568653448658
gene_148,1.1257759729748327,1.7924187652946604,1.268207410298285,1.5098778453698627,1.0573828037452622,1.9166225445652276,1.9271885186475048,1.7933878895630904
gene_149,1.1156781745153548,1.489423677545726,1.2525722754963897,1.431165151053676,1.0476705562435364,1.2460078729630852,1.2323033584298257,1.3710108553608369
gene_150,1.0708730827251138,1.1446693759339395,2.404979117772057,1.6671657723147408,1.0697725263722944,1.2521770390548725,1.3406539465670313,1.1560250302118722
gene_151,1.0679373993049905,1.2377025753873327,1.4308937400452117,1.5106411155870185,1.095517601584442,1.2502915879716139,1.1838727874155448,1.6171586510690386
gene_152,1.1606321359264455,1.455074831421492,1.1006659025099383,3.572150817708674,1.0715810230938783,1.6067702160519444,3.5982465505260213,1.1951604451760052
gene_153,1.1169739720322955,1.0453441510019443,1.9789499515559354,1.6129465077734702,1.3623702422171262,1.797005455496934,1.7423820968095607,2.1939910190312744
gene_154,1.0985112929409016,1.8495580325995757,1.2330295965440914,1.5720635586460086,1.1041028361116763,1.7835610714353582,2.7509913601421867,1.5465663381973893
gene_155,1.0634724008136036,1.5613284014297721,2.1146847927776893,1.9751272179262944,1.0864265968387696,1.4069649303251321,2.3853006716830816,1.8154520101033502
gene_156,1.0643445171019488,1.2038192170093271,1.4829041861063998,2.0948278447914235,1.0497099574044584,1.783879310541478,1.4043130495273328,1.5178665798581608
gene_157,1.090299782058344,2.1886307593547865,1.6721507346493927,1.3746622503500574,1.1004137247004193,1.1237517312313718,1.4155000807238571,1.566497014866711
gene_158,1.1045423928015992,1.3254249929220292,1.4009835096333243,1.5745995145584026,1.1111000691449324,7783.225099034303,1.5943564331657227,1.7055916906351323
gene_159,1.1169462629002256,1.7645834809113188,1.4168748213560016,1.5766674087229298,1.110859757656071,1.2027534704674498,1.435712164237916,1.1726059546768741
gene_160,1.093792293964077,1.880607342725945,1.3004540797553634,1.3735436025322125,1.1202753545874007,1.4719158324958672,8485.033321543431,1.2670951398468198
gene_161,1.0757488817723642,2.054135575125934,1.3654723318331505,1.4351117545632393,1.0701445972592856,1.4638715723636073,1.5277350028442513,1.3483511624172035
gene_162,1.1010143361267333,1.82573211176778,1.8311900555822318,1.8691471994083055,1.0513030453511396,1.7606757576867593,1.2032369222713464,2.3864944815004017
gene_163,1.1526061593504409,1.7560872626767707,1.6431650597921283,1.7616630947921017,1.1180645508738023,1.529469810418644,1.2139558448901178,1.4485578028394623
gene_164,1.0668771857430854,1.3241451046976176,1.9799044486441781,1.2876382190518072,1.0258495254704563,3.0759636965330857,1.5036343941117016,1.3561804566963145
gene_165,1.1333811528826285,1.6131109670346273,1.7883642000617594,1.6858939291111228,1.118838762950065,2.1337250849153913,1.2274903359239868,2.1209465940221133
gene_166,1.0513884926348966,7784.711797503144,1.648438362993433,1.4417440155049617,1.0891717953941922,1.265062072292276,1.5475623490880697,1.3922873972579264
gene_167,1.080052330852213,1.4614748889897546,1.5102197243612197,1.546658632927418,1.1456720260304603,1.5598966375607046,2.004918577963474,1.5979673851646903
gene_168,1.0736286525689829,1.1176189785315043,2.8277870352931895,1.4471123837116733,1.1009696160688083,1.636235177461982,1.3419366423772416,1.6672638807565863
gene_169,1.0917241694838438,1.2759883910493075,1.6228480571120303,1.4922689900778896,1.060369889285691,1.3194528285969742,1.788380252168308,1.6628229597912931
gene_170,1.0781819660491239,1.334014611254855,1.2407076637191938,1.5170859175240277,1.1016692436591304,1.6937713799033405,1.1903690798853488,1.9123563736805977
gene_171,1.1660066922720411,1.3578980734541812,1.580048465980392,1.922397353371657,1.0676202690253207,1.7362815859114196,1.7537567104827607,1.4562121241951616
gene_172,1.201229358809973,1.7006813875288556,1.7689604133233572,2.0673733839058097,1.15797264961401,1.2348561566386178,1.9361156485571858,1.4814683367207007
gene_173,1.10013484833292,1.3027893746992172,1.1595956351817411,1.16247012158717,1.1176552895585414,1.6857047891322798,1.2977960051386879,1.4141985907210988
gene_174,1.107791391434464,1.6837664253683458,1.3513407179229788,1.4108174577962174,1.1723954739647209,1.746226822368721,1.4118320125319492,1.3354632983604877
gene_175,1.1003738716621119,1.1823649841353006,1.289209159935865,1.3884125977625719,1.163259800234653,1.4909801177262074,1.9096898467556707,1.3530598114472605
gene_176,1.1044514032883508,1.2665565166543262,1.4345894402902917,1.1498979009296892,1.1009782526149505,1.1611529633233242,1.3349712811098586,1.8079038949289632
gene_177,1.0832837930471426,1.697029155597285,1.125432721495938,1.6821640727193519,1.0558807669013792,1.7773831774582127,1.4367408732041342,1.7609260007599543
gene_178,1.1886262706623394,1.1731950063256718,2.177290865947998,1.3138641892975185,1.0841811900371612,1.3758316806599247,2.0151636491101974,1.5659741786051595
gene_179,1.1702331464338749,1.3572571475005857,1.6970090909383937,1.2458343230476467,1.0459941889009179,1.5810926166491737,2.6461810881590884,2.0449241626051116
gene_180,1.0828254787126037,1.3569841778130831,1.2352398743855009,1.2357497467551737,1.0666260172911155,1.5427175661485257,1.8202744506497457,1.5750027055004858
gene_181,1.101466469222616,1.379723876525148,1.341925601096119,2.7000366907452946,1.095154146792834,1.3222807104243308,1.3424115231064284,1.7512975964224027
gene_182,1.1114743810409664,1.3907297016749334,1.2972367258779485,2.1427895920962303,1.05998095746657,1.2937418326868555,1.5832404658238177,1.3457390295622862
gene_183,1.1026525478075648,1.1276669435549465,1.2812906436859155,2.10337382318621,1.0889157643888645,1.146377936354071,1.6489851460843397,1.8534096919310612
gene_184,1.1173818669032651,1.684633881941868,1.4096280062425839,1.8787895987965975,1.0845409430770339,1.259201622420106,1.287750074033533,1.8566189488109353
gene_185,1.1044083099064723,1.857422132618743,1.9388523276971095,1.6791500593259154,1.0509869698875876,1.8273487351630209,1.7079318019950962,1.0702915231642725
gene_186,1.1301601804451964,1.5911717106940921,1.2401688477978232,1.8120208041105246,1.1301794547166404,1.2113441828366542,1.3170222951182422,1.3876701623560417
gene_187,1.1156860149715608,1.3047230840543456,2.46677095506844,1.4352233160817573,1.113694353980803,1.6965711483388923,1.201156418516924,1.306279255536007
gene_188,1.0833550661537443,1.4854807384796531,1.3616591383219807,1.832139547316866,1.105741434855297,1.509774602220055,1.3486176432932033,1.429148017308878
gene_189,1.1248417998340638,1.215792088116299,1.895926642099886,2.0163770829547136,1.075365483406754,1.6305213269793222,1.3429750550808008,1.6348611717652313
gene_190,1.1009073649808885,1.257188736747948,1.2036119162831935,1.1882480706530776,1.0803131465827247,1.5138525893413248,1.3333068872619214,1.2212220876046294
gene_191,1.0762361931418716,1.447144955819017,1.4507604925333013,2.405048199580681,1.0908555784998077,2.1521735565378153,1.382018493909467,1.3165335008210541
gene_192,1.1093916795083372,1.4609426471514784,1.3292185157475904,1.4548042189522032,1.0945993018088935,1.6743402951877222,1.2784525446380008,1.7140050801887494
gene_193,1.0902222009101838,1.1014768182853247,1.6166906327737596,1.5167983012439386,1.1159165478711313,1.4237022036958855,1.2320133751718534,1.7429707698517993
gene_194,1.054619628977132,1.0982181303658476,1.06322308814298,1.2285248251352456,1.1053023523160042,1.2347143048733678,1.2361490634414016,1.3017722580709754
gene_195,1.0764185000914634,1.3909198426536828,1.1526970892049908,1.7032401848901138,1.1142634578310917,1.8487338532131221,1.3131162291684615,1.4844607008208148
gene_196,1.0717496113023548,1.1933561596743196,1.282805102032079,1.8415779690684226,1.0536458267311681,1.2055202199156305,1.720650317660089,1.077705360851144
gene_197,1.0484137396971638,1.6310892094544756,1.7179574176654995,1.4688888458578526,1.0675672039667987,1.9137395118460336,1.8797580530793512,1.7443126807890734
gene_198,1.0860692824598166,1.8109845778660127,2.3206303326901225,3.1531176501573737,1.0630614783910075,2.073756547936769,1.8604283905681163,1.6723844586257752
gene_199,1.126050062928601,1.299375209319105,1.3571370966069143,2.0663628691828957,1.1135302172336963,1.3004121749624904,1.9166392605655378,1.7358165823382368
gene_200,1.0677228904153617,1.0944664297920876,1.7029308009299287,2.0680639693054834,1.1395159150904888,1.184973168759622,2.9403874051243717,2.063429651592107
gene_201,1.062563107768215,1.0622853938335988,1.3847118137965713,1.2737915675455853,1.2313827754414248,1.1083700023156007,1.289274672264463,2.4942016691571394
gene_202,1.0755864514172981,1.175843503403853,1.9699470075335415,1.677578662866903,1.1015522657180283,1.1105533523345903,2.115689386405629,1.4969120490675907
gene_203,1.1158584519852073,1.0676451416653643,1.3153533756603828,1.2456725532018926,1.093883153289442,1.0903947538029986,1.7571944916462532,1.729332608870868
gene_204,1.0503131329335833,1.0794483656794867,1.2336320973426078,1.5183958524657015,1.0743580142764693,1.0468025465827204,2.0170600942107693,1.4717532171648051
gene_205,1.1062076671387608,1.0883918488817148,1.7360124863533182,1.5587688155648247,1.103762528160182,1.1157827825387714,1.2791906630946197,2.0661735899989417
gene_206,1.109701061884329,1.0576380315752212,1.306355838059698,1.2125471237154222,1.0830485728394796,1.109588879885894,1.3527297050103848,1.5044595415490953
gene_207,1.2038282690944273,1.3688379834053024,2.765208333615464,2.626825925728364,1.1226648488311253,1.2254304937652567,2.516088225728338,1.911488995752637
gene_208,1.1014263742275234,1.0576678504287218,2.058107893331278,1.7726039384219763,1.0515121788823727,1.0970373478719266,1.2267615333293544,1.4869152007846493
gene_209,1.0893191667249313,1.1190112708778241,1.0928400754056309,3.3490511678225188,1.1242404109335498,1.1775710601832319,1.6221876313813952,1.4308022477501119
gene_210,1.1566257849048174,1.1419604311235427,1.5433822474778391,1.915580169913135,1.1835613306076955,1.2296445646316196,3670.0843171283536,6722.671597377275
gene_211,1.0481605114059853,1.0489486644025265,3.233632583998858,1.7108879163311048,1.0908936949766597,1.0660356571658678,1.1074674949738512,1.2631701650722467
gene_212,1.1171935406896185,1.116769952947768,1.4059817317968344,1.495462210825216,1.0501809629016907,1.084569527055396,2.0117115340132012,2.5134522684237455
gene_213,1.1479435433723029,1.0850321240655438,1.6732245949643174,1.713960631975337,1.114785170533173,1.0607559267883142,2.0094955260263374,1.5674089299609204
gene_214,1.0923558583382864,1.1220697457018958,1.2699521859833234,1.5274364155897326,1.1023973123808524,1.1098817523250593,1.5516310005072609,1.3994446710820545
gene_215,1.0753650675732938,1.0608654232294534,1.2414683381744298,1.3278541885302007,1.1158138227552363,1.0998988150711908,1.692685538990435,2.07221010095342
gene_216,1.0878907906750097,1.051321721430898,1.3655147585569785,1.4799422547296204,1.033286054017191,1.0914740214707326,1.4505233473381238,1.3921582068419316
gene_217,1.1264492234875993,1.1180868200344996,1.72438435227921,1.2573593415515476,1.0678185229887842,1.0811664979340792,1.2865945483765757,1.3239316092214584
gene_218,1.0975408365748447,1.0830963093963275,1.965454314118218,1.5387444773841632,1.0697308803763483,1.0624686738056484,1.8928525834946597,3.11435893830786
gene_219,1.0594952545900544,1.1137793633983055,1.3927986607960476,1.1433832942484217,1.1555727068198292,1.104071618761135,1.6366411840874924,1.2450850380837684
gene_220,1.128375030481776,1.0798318158623337,1.7696622642462576,1.4561411376902869,1.1034152419654344,1.1104299534748026,1.2492868374224828,2.068550446792956
gene_221,1.1029123908630971,1.0537278438361928,1.3927342938412177,1.3124980058826932,1.069073385857302,1.10019896600083,1.7981457413149955,1.1924115706632206
gene_222,1.0874644669910745,1.1054417310179963,1.9215891532974227,1.6265751388392287,1.0787903423846943,1.0791936476873658,1.2726405769527582,1.4762532129368435
gene_223,1.107946638821269,1.0806735318295684,1.4192054815918451,1.7733339235076793,1.0502337141789897,1.198495386947791,1.2064600629177729,2.2886786779261303
gene_224,1.177537860395991,1.1834923834031261,1.2252900923300736,1.3564675958100691,1.1156030268581023,1.1274329058326986,1.41958427801771,1.2914535630543214
gene_225,1.1703075437174022,1.0802177239499933,1.619227602977156,1.2653344211844557,1.0904685609175075,1.1788695144232875,1.6385317916722963,2.6209666605170785
gene_226,1.0595399511580355,1.0941181213537565,1.3236854092699961,1.1370193767449386,1.0632595085217413,1.0223388715458608,1.642893953282764,1.791213217490893
gene_227,1.075303628888042,1.0799129767198261,1.626856298096966,1.5315671258918857,1.1589631661278772,1.0795735500395378,1.809399869279436,2.0351183411798695
gene_228,1.0729355265030094,1.083409095321427,1.1337937546740378,1.1439320361845882,1.0730100817873771,1.0952380064381397,1.8401159518421846,1.336696786585766
gene_229,1.093090485442195,1.0682374780941015,1.8047441553185377,1.3934319812980382,1.0573269447342362,1.0503828089291491,1.416532476455719,1.5307928430762094
gene_230,1.0868286533850868,1.084396782573306,1.1625971149528076,1.685865727976571,1.1239677070907113,1.0950622124674978,1.4451389535250316,1.1769955693739265
gene_231,1.0664468778676226,1.1357602970849934,1.53167126309073,1.5001696488127816,1.0724074112106436,1.286470815063712,2.392563386791307,1.4767258565530492
gene_232,1.114869030513702,1.077348604157642,2.130890313730732,1.4554140179416568,1.0958943288229588,1.0688243515396378,1.2946695184428785,2.1373811772499427
gene_233,1.1367155321244269,1.0536514243486514,1.3314128335945228,1.5887279151175908,1.1570565755270161,1.0620281146525246,1.6327974484434051,1.3941434714481638
gene_234,1.1638911212604908,1.1350909417912847,1.522304821203973,2.488559808214582,1.0670013830512355,1.0692496586284979,6104.25808527989,1.6857556620104714
gene_235,1.088598587356654,1.1230634840905724,1.2058953446622183,1.901821715779274,1.1073551205679495,1.16022512194835,1.4662832020473853,1.3272909184490114
gene_236,1.1107405928350282,1.05896977702429,1.4576220015977248,1.8899547181539573,1.1415243186293085,1.123332801045986,1.162806659302067,1.7329827776569515
gene_237,1.0649044704450887,1.2111486511295388,3.0959601727959822,2.3971249400564716,1.0883177066132028,1.1738338878897923,1.267779279907604,1.2152539081595672
gene_238,1.0979575854525752,1.0919927441577912,1.5030082065091541,1.5649424638498348,1.173364686945619,1.1229783441144099,1.6415079653050102,1.2986055114333568
gene_239,1.0675611494014918,1.1122800579595788,2.664779498038548,1.5715433716744094,1.0610500903479845,1.1759373019501442,2.142397299310799,1.154635068548328
gene_240,1.0742889650801588,1.0612284062303388,1.9894546276787402,1.4609792985242218,1.130331383537856,1.131551019142353,1.2533305041261489,1.3762871786610822
gene_241,1.1452765079558762,1.1445782484803106,1.6165307192481393,1.2959718709251389,1.0642728994870019,1.2104329447534596,1.1748096338994662,1.689200918195018
gene_242,1.0469922766251092,1.0251639351515378,1.190183174550228,1.3596288745961829,1.0901001214646828,1.0761481332779683,1.329976305012904,1.511342675402041
gene_243,1.085675048174132,1.0797842732719585,1.378337920678452,1.747737439578213,1.0414159693433847,1.042426408023378,1.4486684980216158,1.7753058309855085
gene_244,1.2106507938505522,1.1294188708568234,2.55182051832756,1.3464112816967067,1.1612854600686104,1.134938849779942,1.429911645458416,1.507270567643741
gene_245,1.0314913059045239,1.0706544716943167,1.2825625981956674,3.228442682947864,1.0743596214166942,1.122128351954542,2.0980135023694286,1.2603888662592968
gene_246,1.2073529533425824,1.1688956498538525,1.6555036624559833,1.5030002589347853,1.1646211948501102,1.145345239600828,1.4463230089239436,1.7586719638845387
gene_247,1.1385548050400167,1.1417867046751364,2.6348137706965375,2.1612978042275124,1.0845888986103138,1.2186614004081637,2.2772695569586685,2.1388339176926787
gene_248,1.077628243688814,1.135433382804715,1.7872963448609458,1.3389339506529467,1.0369017405089327,1.0418988207189632,1.5769498884393653,1.338643234046301
gene_249,1.130060398483183,1.1508907635020196,1.3640700038744802,1.7590799768091219,1.1274826820828352,1.1403873197471406,1.6567984851520798,2.2359424293790244
gene_250,1.0983300713874753,1.0547181906094047,1.2949296818446179,1.7021912366520917,1.0923253058505402,1.1111154750980474,1.55805760786616,1.2912841514718374
gene_251,1.0780217331848234,1.0532935971851214,1.244248394060219,1.2602476477268267,1.100082164626312,1.052054407955464,1.2714510558349525,1.2023480812989165
gene_252,1.1134887158433493,1.1261820812146415,7276.102440889385,1.4012878382661913,1.130536481827901,1.1632647008029753,1.8307836868559475,2.3705879376121186
gene_253,1.1041009116563854,1.092880765514672,1.6038901643968435,1.955836641289351,1.0752037365141476,1.1406156328062749,1.5634166719936369,1.35238962459268
gene_254,1.319424289174772,1.1537802955791734,3.2307448868047435,1.7303167106982387,1.1420735228350298,1.1299324655323995,2.9213877010241083,1.6957883335857702
gene_255,1.1663706640384526,1.0957218071860755,1.4212319818854413,1.640249252829085,1.105230934233513,1.1732963546760955,1.5469738605316328,3.4412656874039764
gene_256,1.075633764492406,1.0563572984424274,1.1484346992917815,1.4842532597384666,1.1474390263974656,1.1071938605744411,1.7911243117613258,1.1343487085504247
gene_257,1.0460625394152543,1.0959794238739649,1.7381517310847372,1.2282037638682903,1.1106528615499887,1.0388365633034462,2.2521044830415153,1.802820882630957
gene_258,1.0830175932038844,1.1178373259321441,1.4470643578356857,1.4532059200793594,1.0533282064689333,1.0934693762679966,1.8053444464719473,1.2932337498657929
gene_259,1.1952492126977248,1.192310000044206,1.852994056532583,2.365151073685575,1.1756722263797637,1.1357428456529262,1.6950729306413577,1.386054756213626
gene_260,1.0909772734715655,1.096529587438549,1.4744256384316257,1.5937958424133367,1.093436051684165,1.1998693967958451,1.0792782239554235,1.431825533685674
gene_261,1.0831145682745207,1.0472490949055904,1.4731624515160266,1.3488496664208633,1.0858446003326354,1.0480691644562714,1.5305101024658605,1.1856001059649464
gene_262,1.10904962610128,1.108574283117706,2.089883590125301,1.4762260773792695,1.1623857070365555,1.0845938531661217,1.6718333484854668,1.1620360302288253
gene_263,1.061238990255772,1.0858784943730224,2.0001121783874094,1.5256988608896938,1.1193229918838223,1.0802592870618424,1.8083397862521173,1.4106859378402328
gene_264,1.152316291946015,1.0986984654569691,2.2470611431559013,1.2798462401479647,1.1004512896246033,1.2154585348909832,1.3623933727147197,1.2813103196975066
gene_265,1.109114307854653,1.0665062817575952,1.4148311315162896,1.9027288122819004,1.1253913347470594,1.1836533561614786,1.797156318184863,1.673375334676024
gene_266,1.1429258421509647,1.180135032635395,1.392972083309259,1.5242489191862478,1.2401799311429018,1.132783109392583,1.632008735152739,1.2000321238939633
gene_267,1.091106041651838,1.0969810994316913,1.7891378728440295,1.3145019531937812,1.086557706940811,1.0841149337532527,1.2846398382331028,2.3504234527240486
gene_268,1.0634983269535798,1.0647881263772527,1.4667005784098068,1.2874279734378054,1.130500392751731,1.1269454577316205,1.5724730678629628,1.6207716559842356
gene_269,1.0680572561271595,1.1177561731277215,1.6173425423727137,1.8801281768587226,1.1212776571744303,1.0761525311096423,1.1639554095937414,1.4187838465328548
gene_270,1.0940024940362698,1.1097960304640035,1.9497536048881923,1.4615927709293854,1.0996913453072423,1.0753151209862848,1.5897660865933267,1.4150496130818444
gene_271,1.0800994077706267,1.0863438534953818,1.2999862891554141,1.5639419795502976,1.0880536002652863,1.0611152754147517,1.4462076886649085,1.250696837877933
gene_272,1.2183899774320828,1.1586999026604585,1.7965450243540384,3.4705378818045776,1.1829947958053546,1.1787139081407856,1.729804061544494,1.3564770685579874
gene_273,1.0728211688220308,1.0803819110998312,1.4091043262224692,1.5492314009104993,1.0649392220843943,1.0546488290423293,2.3841556976014315,1.7312514936076575
gene_274,1.136116697299269,1.0642998171011762,1.6488084999944979,1.2184899284487662,1.0747156979292392,1.0961035705421576,1.808509662919545,1.3798770115465435
gene_275,1.0813595911577951,1.0514867114112578,1.0875989599576164,1.2852281535936974,1.099062695059564,1.0687637623804522,1.3377198421452603,1.3459667390535857
gene_276,1.0965929512919923,1.0837114401586931,1.3824069083492923,1.6410472986605555,1.0879620495508577,1.090636013738901,1.1725673072566212,1.8459873829392122
gene_277,1.0738705426385033,1.0923775645279665,1.4866673256107004,1.5634959711550653,1.0967185206823238,1.046695740242575,1.3970784426122778,1.3386881702668303
gene_278,1.110107936575226,1.069569848836356,1.2092192511869055,2.167699720957561,1.0534163188488836,1.059488698437884,1.2489357434546529,1.3105843104288633
gene_279,1.1114973584641163,1.114151512219918,1.44467827260015,1.2926040560926049,1.0579306596937614,1.1078933122882872,1.3689561198422546,1.6462627702018209
gene_280,1.1085913121066233,1.077219675643521,1.2348219424564228,1.873298643695941,1.2444368640504706,1.0970612350287159,2.3161262003263308,2.0667711787135103
gene_281,1.105309578944344,1.137865580537892,1.3082567966134955,1.6331965639020096,1.1007358457644953,1.086157506423283,2.3654939673692215,1.5178157622682031
gene_282,1.0837391272613417,1.1225801131935507,1.6234518769418025,1.370211116350118,1.1339289883661419,1.0570071288765541,2.7405760532135774,1.5882075737805803
gene_283,1.1221140232038156,1.083445118370071,1.1991305936068748,1.4760041513510616,1.09376112178309,1.150772685925874,1.2707509112214228,1.2527355115478016
gene_284,1.072055265658702,1.109635056643497,1.4423026776269876,1.5630789562043659,1.093554917950898,1.0930285352993991,1.4212191296148122,1.365535424616409
gene_285,1.0337589271093222,1.1200097537427744,1.4313714523582335,1.367723918383211,1.0590295600680133,1.0929481121128728,2.018213427903519,1.2797346615207952
gene_286,1.0746525941055036,1.1012192227043387,1.494394138655375,1.3639882092535596,1.0957010258279114,1.133327651203001,1.3969402417607943,1.9547044808218512
gene_287,1.1550276750856456,1.176607234852178,1.9761778584100296,1.6317048277854878,1.0510746292075774,1.138807201920685,1.3059429268669651,2.510683742320555
gene_288,1.1187036165461441,1.0964178897221617,1.8621978234997985,1.7564641062769715,1.1290471787672915,1.1517554136562032,2.0039760904346724,1.4409333574275098
gene_289,1.2149653646316638,1.0400352105499862,1.2771071447656002,1.5102506012253762,1.0583081845693028,1.1241408277241143,1.3840667269902633,1.71133148305074
gene_290,1.1254892953526858,1.111022526504596,2.816120320149262,1.8461662288761214,1.129135011849358,1.1245976885827793,1.5644296287305335,1.5440110493013854
gene_291,1.085708252887895,1.1277997270599867,1.1490473542778472,1.3988834522546891,1.1176795307452312,1.1032139747370833,2.1402946838673587,5343.870244091821
gene_292,1.1249289963804208,1.0435375139879048,1.3884773472021799,1.2265648685472343,1.041978253642546,1.0635786766754223,1.2875178776984533,1.5435718896263733
gene_293,1.0776100596317388,1.0755208668200091,1.1951574517062837,1.6012184031186856,1.1136630848403024,1.0757448511347434,1.7242150227534698,1.3943031329167632
gene_294,1.085626508341618,1.085716081445318,1.6472141280799475,1.4187394381026222,1.0654915209955689,1.0941322475232087,1.5602523591917712,1.3841988909361578
gene_295,1.095696115629629,1.083018993544356,1.8303877911706028,1.3118073789038445,1.1391069362653674,1.174329429663523,1.4248785514237525,1.434841395890449
gene_296,1.1175609318893969,1.1463902402943105,1.5991287370273262,1.6590764827592914,1.1244517519161643,1.1007626899728045,1.3757991882647966,1.6676610929421267
gene_297,1.1140685699476078,1.1035005842621415,1.8750456874415247,1.828829655741484,1.0978525665175118,1.1342920669446428,1.6640098321404955,1.7717896611851554
gene_298,1.1381313183348776,1.0900719864753579,1.3909175341994078,1.4615374831398817,1.0988681811192071,1.1474038354226759,1.2205897758754214,1.6082708664596157
gene_299,1.0420727569180306,1.0845827200395528,1.4353887776934542,1.2350786685142277,1.0337520581582986,1.0751691815030517,1.2425494771495766,1.289915350527103
gene_300,1.1868589702484242,1.0543389040990507,2.4541926168111217,1.6269241463114836,1.1346995262011859,1.0448958352714315,1.2671428774607467,1.1608091786828214
gene_301,1.127931244418789,1.1056684277041584,1.1849554186225084,1.4018517354045,1.1028572529341714,1.0607570782355453,3.11840893635068,1.6130132354614992
gene_302,1.2286941198775847,1.1194026837342823,6599.947822250054,1.6693786091765799,1.2258169998975266,1.2447959214173654,6157.849045561939,1.8723147817633827
gene_303,1.1321487611658343,1.069477242286502,2.0390488026660707,1.297862807841952,1.1126440508914681,1.1114947999838838,1.1436798406730726,1.4029072802858844
gene_304,1.0357565122673555,1.0842352987844575,2.7774581735994213,2.050012348315887,1.1312756975921863,1.100172325967707,1.4567791888078925,1.6515148704575344
gene_305,1.0975023107808883,1.0725615845283,1.1778709950062252,1.1540913184317236,1.154259699539125,1.0691993625843235,1.3074113448010318,1.6717369893153782
gene_306,1.0692710376211803,1.048653234038303,1.4546427921295784,1.4919695098415913,1.0749823671833345,1.1243642750011809,1.7537362357604511,1.3885666613757737
gene_307,1.0673605088625395,1.0908201984540482,1.701997423950827,1.7051651946476303,1.0893582316818038,1.1669148872069188,1.2945883007230266,1.5906900536566966
gene_308,1.1060743395512753,1.1075518621557146,2.1922935099767944,1.541078802784238,1.0757278857445034,1.055846865763349,8225.416108765157,1.1239208747822482
gene_309,1.0912630825833503,1.0866339181104074,1.3775018184664973,1.3273036916624334,1.1153426945591627,1.147454094635392,1.3979512009114075,1.779696997181681
gene_310,1.083243872940586,1.0748955049810218,1.6080458675201217,1.2102474582386138,1.0483450466028557,1.0612974510092537,1.5225840410620388,1.5049906160042283
gene_311,1.127684592403001,1.1718659632549857,1.1008598904922575,1.4544216032517425,1.1375818865532512,1.0601221115205306,1.5738441594852024,1.4890150776769357
gene_312,1.1218686710125407,1.145036457970452,1.4874783020008404,1.3751832238616621,1.1168744509305586,1.0216873587237039,1.3437453041058873,1.4797673350882152
gene_313,1.0434370173795589,1.1352898125116042,1.8582674069678278,1.2108447828324256,1.1210546757339501,1.1087365062540493,1.305487561384605,1.5036289319189513
gene_314,1.0735331905532797,1.1331920463725798,1.8442158218190465,3.4605681676398135,1.1212180687912523,1.1020282189466386,2.131679371127678,1.3014575065840097
gene_315,1.1049635863346121,1.0839902125192553,2.1686918536817767,1.6643711004750301,1.0938944661714944,1.0645804948701283,2.1086830628356994,1.9110339263889864
gene_316,1.0810707440326457,1.147426737871046,1.5566250693550148,1.708834545474145,1.1205306132469084,1.185435958232679,1.9772548940870704,1.7193473591916497
gene_317,1.193746469354821,1.0598692350953673,1.4036632271887142,2.223081085720147,1.085226720070612,1.08922359074444,1.4189661600054404,3.650744594200487
gene_318,1.121559208318446,1.0733685015097028,1.873518686913811,1.5144972938461219,1.04682387725781,1.086313878745324,1.9662146127000937,1.2677318271698594
gene_319,1.0789600477537042,1.1052333325102137,1.2896075790115105,1.4432599209116026,1.1752591151181686,1.1277619544801623,1.972845925920621,1.438304964206708
gene_320,1.0857543930225686,1.1287364734696947,1.464688623007045,1.326287288492995,1.0880789629869008,1.079382237326608,1.9775902240344,2.098983901909421
gene_321,1.1281898306249813,1.2006565215067904,1.3306104358505169,2.0891697271634753,1.104273418231077,1.220207875968095,1.5209684225997924,1.2856882232230624
gene_322,1.1354811690546531,1.1149146636883573,1.4786169624294692,2.1863853701977263,1.060591454797383,1.1059888875026158,1.976726089127628,1.5234998623963276
gene_323,1.1178878041695586,1.0953244760886378,1.4123623297351087,1.3900925048060195,1.135286814022303,1.104837277102854,1.5815694123089357,1.4237532809700948
gene_324,1.0703492669374193,1.0867583224808026,1.2316752235582353,1.520074760104829,1.1608963078538244,1.1149218804168226,1.1617210750000313,1.3433844535059487
gene_325,1.1400032320368891,1.173821726266789,1.6647996827841613,2.1623855252418065,1.1110083850023627,1.080867395038066,1.7780573535485003,1.2888250900058207
gene_326,1.090126115373541,1.1272995304240903,1.2868591052104144,1.3132923359437358,1.0888620858610236,1.075953031045625,1.2647783333465457,1.6326294030392805
gene_327,1.0887318673877229,1.0512152463624798,2.6459018998982695,1.970936452741692,1.176343749236142,1.135441087077887,1.3167314034834512,1.3280939674033823
gene_328,1.1263697278241118,1.1110776454689313,1.297662067957338,1.6841981921095701,1.117619145120742,1.0485843006427729,1.4606809374596765,1.348977842134745
gene_329,1.0749130655296026,1.0488988958014769,1.63733749433749,1.6615911464733466,1.057940789396686,1.0903441116470727,1.6701665539037078,2.337535766170813
gene_330,1.1358147675433625,1.2439146869655124,2.2274710531637067,2.6500617529841195,1.2395607021466835,1.2395649505538961,2.6194805187102315,5376.7235675555685
gene_331,1.096636531589449,1.1287557994714326,1.285640062783011,1.361755038423109,1.1118089200362533,1.0935458062501724,1.6172013435714254,1.412629469620064
gene_332,1.0432137490997264,1.0860180375652873,1.0886107624080068,1.1181539477950255,1.1204669988393443,1.123805098706621,2.4097797605263125,1.5039829258893072
gene_333,1.1044409423394521,1.0527058207320583,3.1699876847552297,1.8261204376323226,1.0624845245946024,1.1392744461730453,1.229954268643771,2.8730561836790622
gene_334,1.1297336105162563,1.0625805373246004,6978.58575234584,1.3973691404762685,1.106312894793256,1.0345234899121498,1.6057937631403199,1.6180904141684755
gene_335,1.02403992682794,1.0501363480596557,1.5443916506270163,1.254970799961987,1.059930984156414,1.095619593453763,1.718194328478684,1.1230955606756898
gene_336,1.1679503333027472,1.054188086835539,1.6427058515664128,1.3453660520556012,1.110343427439743,1.091789843862275,2.0590342025683324,1.3282069759689474
gene_337,1.1158931677245485,1.1713318867334488,1.479925863427568,2.0265004158726962,1.1557515590332195,1.084752323607859,1.3936011819723786,1.2902862600023979
gene_338,1.079195494703046,1.0985206340210532,1.4512881345499642,2.10019786060374,1.1198554369916855,1.1681264324292864,1.783716439767915,1.3301466666325164
gene_339,1.0700142153406786,1.0921552153612193,1.5674091654791187,1.4821138315660005,1.0879506359981626,1.1316276259444389,1.4218721296405747,1.2315820566510742
gene_340,1.1075518525826746,1.159297287334242,1.5283078749244994,1.254887232080159,1.067923840811733,1.0479087140127823,1.6400018332361126,1.6448399007304972
gene_341,1.079207976447771,1.1974115029114039,1.7926476333704118,1.8268032608091265,1.136383205971927,1.1988289474312717,2.386325193251258,1.4133816663899852
gene_342,1.0811489600604702,1.0783936810894117,1.0795832232880547,1.481538721355531,1.0981522162256523,1.0656577866565884,1.403575001166441,1.2726709590210312
gene_343,1.1105076137859602,1.0479242703119587,1.3498107358155111,1.2935404583468562,1.1103436303159857,1.0735907337394854,1.2281452626092528,1.227815983711918
gene_344,1.139112539922166,1.1352930408738913,1.2970084040847212,1.621807421560222,1.091909208806007,1.0765059771748393,1.2129142407642206,1.8798066883028788
gene_345,1.0393107667354282,1.1362925815863565,1.6093153532816804,1.9967479218141688,1.05640844117698,1.1120057156567082,1.3664985750384846,1.1706944486607267
gene_346,1.1408458223650186,1.1448644289641579,1.3777698352938985,1.627320871171007,1.0650638167765598,1.0823562883166657,1.8673486118578362,1.6332294790775708
gene_347,1.1048655460856864,1.1679059755579762,1.3432943503661636,1.6057984422156761,1.1621167257858978,1.0789456127651564,1.5174169316176644,1.5278008203735378
gene_348,1.0957151687071867,1.1206036266337878,1.4341486028176702,1.616942517856909,1.0885459984791004,1.0893076657124294,1.3944300054967658,1.1177078162808378
gene_349,1.1349973101772635,1.1232381092316441,2.075803716668063,1.2470705124594632,1.0830208293420391,1.070788584167938,1.4298867885615774,1.3859591909025177
gene_350,1.0682750389611162,1.153230037880786,1.375790168142009,1.3729671700083081,1.102439050188222,1.0690186134468893,1.3751850528842695,1.3930893518724636
gene_351,1.0608337139408317,1.0890586216131002,1.35434794830492,1.099178830307961,1.0640447629761893,1.1052983985032439,2.2564711280070653,2.7874713651721037
gene_352,1.113692526442469,1.1162341665857054,1.4527213951067512,1.7365878400578956,1.193780257265935,1.1099358272463522,1.3721103277915954,1.9520408842088115
gene_353,1.0672312042308263,1.1005815912397572,1.1168465356163857,2.8059840344808706,1.0382511911235872,1.1613059831725745,1.4053379187800255,1.572780891005144
gene_354,1.1310976272870907,1.1263982008544688,1.509064613712526,1.2145552125930033,1.0846254238076047,1.1574074372449064,1.635506772600875,1.2204312477429393
gene_355,1.0879920777124354,1.089246083330592,2.5395652709600136,2.4613507152053313,1.1713084985484967,1.1220011555282594,2.324784043226053,1.8174708164855686
gene_356,1.07526224031502,1.114977860059198,1.5568710750678048,1.489212022893366,1.0768103309700663,1.101100429822275,1.9987136118029931,1.6518841460169795
gene_357,1.0822134262752572,1.1132382562092433,1.1584535068950683,1.7339456709651597,1.1147337590637831,1.1348870430584928,1.4989333959980362,2.1293493338031335
gene_358,1.0640930739508485,1.0961987537378308,1.3277840213241217,1.3306265257500816,1.0582382809307485,1.0981955867986728,1.0990964398610392,1.4908503700328555
gene_359,1.0547692586442297,1.0440575778730934,1.3012396292012074,1.5407458858653371,1.0593987909721425,1.0612675778188698,1.1236389094953967,1.347036584291391
gene_360,1.1920280966787458,1.1263808027802154,1.1559763543357107,1.7295401050315087,1.1161537318410788,1.1197042461218198,1.919543429596868,1.4420048294579717
gene_361,1.0762279629239655,1.1411318294870523,1.4118204854199248,1.5049744084733268,1.2131669209532179,1.1273166403211334,1.7517133449466422,1.196524185211481
gene_362,1.0745243303348915,1.1334440641447827,2.5668467322750708,1.8904839308474688,1.1421703681077624,1.1927628635403453,1.2146251775433083,1.8602520993629812
gene_363,1.1625578470644693,1.1290565006338769,2.797844256727464,1.5893286166286187,1.1508944359540114,1.0541753021448397,1.847476857080487,1.9448344059983307
gene_364,1.1222996459442156,1.1031024523865292,1.969205758689021,2.0987788931726126,1.108974352446009,1.1222700243808699,1.4546990085248224,1.4986313908054223
gene_365,1.0838180019551706,1.0837819987688835,1.902891259618881,1.1828325021402968,1.0391585093300821,1.033273837283855,1.249904845786346,1.2452798895939605
gene_366,1.0728681465189178,1.0844625785685984,1.2078751299731083,1.4368408541572086,1.1261855740987803,1.0937373403828652,1.106870231798083,1.522217341953905
gene_367,1.0825694689513257,1.1469491766035789,1.3421228349677818,1.3963426304328173,1.1957825167278238,1.0894090514269859,1.2514398976068613,1.4895857171579447
gene_368,1.0929358982074804,1.0224702420247072,1.2776191202539966,2.1798014528595577,1.0787298795572722,1.054206605274381,1.283681892467103,1.593346595995579
gene_369,1.1589794129224449,1.090943294377406,1.7248189741100943,1.3907145646257844,1.089581853624147,1.1008541550519277,1.6840558773673246,1.419821431918414
gene_370,1.1105439479684176,1.1113961915968729,1.3743722559620866,1.3777876235877018,1.053433505855103,1.0611934409072978,1.3119352511303795,1.4264015093871063
gene_371,1.1520317061538627,1.1156337358174861,1.470126075747702,1.267080905844268,1.0728626227455156,1.1256402466032651,1.309590633000933,1.563465568324683
gene_372,1.1710953045533266,1.0687715493128276,1.3508421633031087,2.486479548505002,1.1364695359419652,1.0588507622112397,2.176442453414383,1.7265261650272459
gene_373,1.106311263015193,1.0910364728334527,1.7340040498084563,2.329159496913073,1.1837936456088107,1.1641668854026064,1.7196251274358318,1.790218384275533
gene_374,1.1021087118848272,1.150309564897888,1.302924042012555,2.1102202534756227,1.1288786657284364,1.1346346692038107,1.5756854144365635,1.296629196238694
gene_375,1.1391453337105841,1.161126628348577,1.5704166181489498,1.5794222534118796,1.1466266931524263,1.0530722445845249,3.179208061873055,1.2311307653468
gene_376,1.2298806069249992,1.1407440010899452,1.5405031374143445,2.1114988304837308,1.0967390759320963,1.0887002615502592,1.53919921815302,1.9416536823771546
gene_377,1.0795278735751654,1.149187654962153,1.7062108413299633,1.6257334367231349,1.217123712369176,1.0669401706682784,1.5417823659126584,1.6052690668226617
gene_378,1.0846920980853172,1.0783196121089083,1.9225211680503071,1.8517184081997553,1.078425623592634,1.0983978205136884,2.149252604085469,1.1524763779597083
gene_379,1.0910510334083854,1.102582178944177,1.8525636256564437,1.2835454468608651,1.0502636249085038,1.061183017743475,1.1477083465863351,1.2521608131921793
gene_380,1.0505115551788051,1.0880153070975738,1.442205249296766,1.5002027204889892,1.2290454674212716,1.1327982966459582,1.3458648317182225,7085.529467132491
gene_381,1.055158052054583,1.0895958662623666,1.4668770616665496,1.3203613446812685,1.0446069833542826,1.0491278627461311,1.2267741665727552,1.340419453947924
gene_382,1.0756394627552737,1.1310895688780538,1.4329807407734119,1.6339162142326316,1.140068016062195,1.3329531578294431,1.193575810572228,2.257078289762514
gene_383,1.0609152592539495,1.2240747188360606,1.6265534327477378,1.1104416669692494,1.1436033873666607,1.113066179817331,1.4073270684536823,1.6585765110151327
gene_384,1.1263781262380161,1.1495130537842702,1.4585796496857193,1.8417599206349937,1.1536278177816648,1.0807052838495688,1.3192194440424028,6149.306609840865
gene_385,1.1135854974274533,1.1084224573238577,1.7423512011240265,1.2380608386842529,1.1470892641678772,1.1335997856761708,1.605622301985227,1.2565292255851603
gene_386,1.0894571767257397,1.121205316470799,1.1642539711836426,1.3163780809930303,1.078430180814293,1.0909290350754142,2.6405165851593377,1.4069187263827607
gene_387,1.0829220749403432,1.0638973183349563,2.1118405976417116,1.302128204705523,1.0959359100611097,1.168332409044837,2.5132124096541166,1.457156182958121
gene_388,1.0904519403238582,1.0956659322016533,1.6189920940796707,1.2317049218211338,1.0936069066636194,1.08252502394406,1.5590491511283413,1.291244698368199
gene_389,1.0684991951436393,1.076907695393075,1.3251540449465466,1.3156924277748554,1.0438321196387674,1.0800204528332036,1.2487989616874093,1.3238429828286022
gene_390,1.0715286858470416,1.0513170682356212,1.2044490536511567,1.693407794184676,1.127361426563082,1.1032197995204132,2.9756310435833146,1.82926627633253
gene_391,1.064512168557316,1.0823585263038356,1.1554219866374114,1.1783032080405427,1.13580936305476,1.0783684893507621,1.4621195998063625,1.6688467849117659
gene_392,1.0999977623930142,1.0893659397689563,2.444870004608681,2.0851610336478443,1.0758505190659637,1.0702234308684608,1.406702656250895,1.2281626764331657
gene_393,1.0671957102306309,1.0702500865023457,2.977934073222079,3.2032310738456,1.0524475251123249,1.0817497368170272,1.078194222983753,3.651969126796996
gene_394,1.0720631921195523,1.0772203687151904,1.5916338088719406,1.3641378764905108,1.0598034978207507,1.0570772129042254,1.1137534695956355,1.7978403469845892
gene_395,1.0900478597225975,1.0913941682411858,1.36207938697563,1.5387088166509553,1.1048639313912532,1.1018878868502788,3.0396899261014543,1.4865933188579146
gene_396,1.2156157106835817,1.1779766875539384,1.2078497588365087,1.2861395745736492,1.0705096857278824,1.1609849864087074,1.4242796889202571,2.001538731636142
gene_397,1.1402774456637494,1.183545636927483,2.9811914596453755,1.7314583364813587,1.0624487693818516,1.0901151081457363,1.2299469326464216,2.2022128990169683
gene_398,1.1640147137449282,1.151809513882544,1.8316769928056844,1.8845395130748053,1.1312161850242741,1.1575651413964274,1.507203879306204,2.9632692760065553
gene_399,1.0742883846979123,1.0932441776688966,1.4316921383466459,1.7632934116707266,1.1584347522103293,1.0907726051395321,1.7888955740943115,1.2076560400405179
gene_400,1.0697878140372057,1.0618749722082323,1.0773964980595983,1.0510144996082371,1.0873082911623826,1.0424698670099655,1.0522808173121878,1.0492580970057184
gene_401,1.0372212979411752,1.0301160470047273,1.0393249213072193,1.0438480114330897,1.0346945258323246,1.0205768642095434,1.0485995991533077,1.0344676940040023
gene_402,1.054365873865398,1.0429921267891813,1.0409323171234441,1.0175422578732563,1.0131767760277257,1.0458738599411077,1.044021306248741,1.0262015449017963
gene_403,1.0632115176478947,1.0501476736548736,1.0659703982710624,1.0424532582525523,1.0382802156063986,1.1122395442984323,1.0172272984114905,1.0939758935767807
gene_404,1.0382104681088282,1.0471229058980551,1.0418666136781616,1.0261773752158014,1.0166079160914903,1.046095413985003,1.019124432190422,1.0206879686490495
gene_405,1.0237019410480306,1.0352884624049232,1.0374052280703676,1.0336152010093203,1.0357089272117228,1.0299168572117445,1.023527680941812,1.0128026612966603
gene_406,1.035890597551387,1.0366175544562368,1.0640788068771554,1.0759064143691566,1.0437286127604535,1.0217614054705098,1.0803172777249492,1.055819859080843
gene_407,1.0545346520087917,1.0347047834900711,1.040851210924581,1.0449571336025563,1.053615588681284,1.0477096966055803,1.0269339397047321,1.0244169893677775
gene_408,1.0261644879423863,1.0260587987415843,1.0459257069543608,1.0216179449266425,1.0176386311474312,1.0161983357007187,1.0436344094623202,1.0298123264438264
gene_409,1.0385360872757385,1.040583987023532,1.0581659062664857,1.0517092719699865,1.0395679011852443,1.0247798645782782,1.0380029960612036,1.0504182379331373
gene_410,1.0323763744525252,1.0591647919796683,1.059336011479531,1.0532336648916658,1.040039942364883,1.0588768659746552,1.0154477503628199,1.0143065059719216
gene_411,1.0352790368267604,1.0810537656868922,1.0429872062915568,1.0306229081921667,1.0519150058815543,1.0358481946738962,1.073589865700188,1.027806467797634
gene_412,1.0385074472671043,1.0465623709565586,1.0209501499978628,1.03807603632577,1.023933949321282,1.0356904412981045,1.063463416707818,1.045500391878748
gene_413,1.0522645451937405,1.041773117270331,1.0769419425242646,1.1116802079495658,1.0513138990932727,1.056287071473389,1.0708653416190723,1.0314995351905143
gene_414,1.0320056122320442,1.040418246006644,1.0798972824942747,1.041996500123605,1.04362945993188,1.0301705449944312,1.0787162784555198,1.0546856051874047
gene_415,1.0611213329633347,1.0664328094648976,1.0532418698243764,1.052636963460873,1.0396904368955333,1.0422893454179047,1.0495058666096422,1.04118355123886
gene_416,1.0652049258994571,1.0529586887596265,1.0360691776646849,1.0266759421899225,1.0685628719082525,1.0783550589867548,1.0326467625001585,1.0530476300067104
gene_417,1.043064863098789,1.0579983428153026,1.0304879770081679,1.0260075470713519,1.0444000428216251,1.0755556903121335,1.053750414847093,1.0727094507502448
gene_418,1.028166293489352,1.059713664602441,1.06916778528978,1.0395161159077462,1.036529161530668,1.0567707491480243,1.0269008842398435,1.034483531149906
gene_419,1.0406777874519173,1.0150483069141083,1.039248855922862,1.0273658610234888,1.027119954869873,1.0578858644379778,1.036887942536437,1.0535775190592802
gene_420,1.0670748172181428,1.0431905186209673,1.0150656838472207,1.0207568819555985,1.0288163791904805,1.0483892582620098,1.0614596229486999,1.0690271265024691
gene_421,1.0456615570224128,1.0380113776571493,1.0278002124217498,1.0341421289204251,1.0602378234573495,1.0375389217822781,1.049468750732354,1.0423780486407972
gene_422,1.0400025147411733,1.0485593611106985,1.032652403778911,1.0311156844951677,1.0647282172169161,1.0345990724667575,1.0262152943196523,1.0460333097706425
gene_423,1.051575031498245,1.0664821131729174,1.0434704085457545,1.0391737041276232,1.0410490088521689,1.0278151275923109,1.0258370337426534,1.0510957158260135
gene_424,1.0689693245351608,1.076287893532836,1.0364535697013044,1.041032999077192,1.0389038946728588,1.1108724490923978,1.069093874163916,1.0229329484690328
gene_425,1.0332403258397305,1.0153466921703596,1.0263951289615785,1.020254470816357,1.035661067140026,1.0290021732092671,1.042578834609656,1.0459106722360108
gene_426,1.0541391254816437,1.029929721110842,1.0535137559477792,1.0587731021463807,1.071234446237365,1.069995844257695,1.0703620439659283,1.0320284215856745
gene_427,1.0239856218786558,1.0444787138176057,1.0426588828077847,1.0465804285813531,1.0633389729534204,1.0764827932869256,1.0800391244179313,1.0695318698899254
gene_428,1.0277241975387565,1.0335793497382302,1.0249055880290174,1.066198643179515,1.0623557872507832,1.029109340801339,1.033519652263274,1.0392754661110677
gene_429,1.0275054787811828,1.052984614763776,1.0629936181860984,1.0337412635899093,1.0505057341799322,1.025407857317108,1.0396970117127822,1.0123955136823708
gene_430,1.021283887340288,1.0723866055335778,1.0413783856277112,1.0374472152766014,1.0487459723604704,1.0160461185449357,1.0235974820595628,1.042084409374073
gene_431,1.0484567328963916,1.0294305689872587,1.0225854808774903,1.0382009683557192,1.0222222270393448,1.0287242537398555,1.0456358506974506,1.0380254692892468
gene_432,1.0657114797315441,1.0381385090720878,1.044594281640758,1.0302651731007963,1.044997268276293,1.044972597608177,1.0412238403488951,1.0494077917508946
gene_433,1.0507685192552776,1.0578549880387986,1.0489081906247486,1.115863934263785,1.0407735402331875,1.0521734440152959,1.0444032897163669,1.048598006911616
gene_434,1.0505672030613857,1.052214095132324,1.0350737317067684,1.0833830910350737,1.0326070958645859,1.0749075221815945,1.0425986880406142,1.0716945567416392
gene_435,1.0486862761579112,1.0369479495085816,1.0297831347863173,1.0244337345340038,1.0378665279868253,1.0396925211396606,1.0239500241010955,1.036099438377011
gene_436,1.0388955935203026,1.030867642940218,1.0619708781755317,1.0398463375658753,1.0423706656956424,1.0666942907414962,1.0319157137951647,1.054611993920109
gene_437,1.0348490915890318,1.0608165659650144,1.0598888344482609,1.089592229211836,1.0482892362262364,1.0307516637446668,1.0817123265207633,1.0434583627957612
gene_438,1.0561098615440787,1.0743069443874957,1.055631704505863,1.0610719913445195,1.072114845383242,1.0613731270367825,1.0439615935145623,1.0723159433035676
gene_439,1.0189441075812986,1.0311151100273956,1.0200804597455808,1.0491235469177236,1.0686038975746577,1.059897360428677,1.051547906428163,1.0796601501962018
gene_440,1.059201219933596,1.0639892511487163,1.0742358006987112,1.0443294598299362,1.0307961995028172,1.0611157851837452,1.0443832450791541,1.0565710740369234
gene_441,1.0556920040194375,1.044195521247179,1.0616679051405984,1.030448757770685,1.0467088461099516,1.035591182627715,1.0661982898651687,1.062479194508589
gene_442,1.0422523926090834,1.0355955631795621,1.0171614944623577,1.0174661910843446,1.031085971049967,1.0521205182552167,1.0544486837228997,1.0265538977309754
gene_443,1.077624102680237,1.025677443455506,1.0315503012090081,1.031620383583713,1.0596731184391535,1.0634415076366588,1.0505747897402893,1.027659700132939
gene_444,1.0472150649705907,1.053111398461692,1.0327201913357533,1.0497014216492024,1.087382423050967,1.0345465409051144,1.0653800837061962,1.0663010456378919
gene_445,1.0588229452029234,1.0318349873433355,1.0550721927783173,1.056454886459298,1.0340556471701692,1.0347248659538741,1.0312985665890628,1.019476478012757
gene_446,1.0617249463457856,1.0385795698370204,1.0939380041365985,1.0385806478994242,1.0454630202415311,1.0419921481006187,1.0364538323729933,1.0305598805495157
gene_447,1.0553000821082694,1.0487029662061993,1.077922824766259,1.012218281312863,1.0464119748919312,1.0179384004650769,1.0293911405787748,1.0526358967403542
gene_448,1.063503200067611,1.0318254108715286,1.0387893508802466,1.025205482632001,1.0528568797736775,1.0199838871600868,1.0536300192433534,1.0113757439657054
gene_449,1.0496264701298739,1.041186037781672,1.044769952819303,1.0315212790479642,1.0164233603868016,1.043441995343418,1.0214605205879106,1.0679291571756542
gene_450,1.0236097289045396,1.0719624199634115,1.0467822239098246,1.0273831787122596,1.0531220818343843,1.0503877071397016,1.0155814440708666,1.0156161765101763
gene_451,1.0638775832466898,1.0848308994754976,1.0388330929657696,1.020388036695254,1.0462478984008894,1.0529540886093403,1.0565257163376993,1.0453298084536025
gene_452,1.0596629887101583,1.0590960828591554,1.0286044417141007,1.0340378366741863,1.0449071034508373,1.0429356901390248,1.017472778313606,1.0650875309672065
gene_453,1.0671124820746756,1.0640772729599348,1.0657951090105904,1.06590155411052,1.0274579608067147,1.0329701504681728,1.0392715055376542,1.0530604137086657
gene_454,1.0302672409958322,1.0767208898219665,1.0399038132231158,1.0444095358183947,1.0420479215077614,1.0279861026117536,1.0327392847260966,1.0454546300388257
gene_455,1.0169150511246805,1.038024970114074,1.0720822629198632,1.0203024509828282,1.0778288899646542,1.0567730502615782,1.06586574096936,1.0271074960785118
gene_456,1.0322259642426297,1.0384320445356452,1.0220100142321675,1.0532098044698872,1.0714262900491387,1.0472881219771168,1.0558755652690814,1.0751439896750923
gene_457,1.0340661885099354,1.088454103117483,1.0662752815445327,1.0616419291394452,1.0534970485196982,1.1168465577751054,1.067193787550786,1.0329870376705625
gene_458,1.0508682596690622,1.0627030830985345,1.042639115137813,1.0398792204073135,1.0656587214657156,1.067054416796237,1.0443457541528676,1.0493032857701043
gene_459,1.0254570232135172,1.0367893864767475,1.025683213038825,1.039495987842279,1.088191450614267,1.044884479661941,1.0301006595737698,1.0526817941958027
gene_460,1.0587747405434764,1.0367993511403228,1.0487226923106243,1.042196136917865,1.0190886401838852,1.0403496554998415,1.1392582546736203,1.0784470279178775
gene_461,1.0197045435375238,1.0268074160714853,1.0221123503460479,1.0261053155202875,1.0600451400108581,1.0332326085369745,1.0540275502213496,1.0274361090286785
gene_462,1.0380168930828844,1.03055834945198,1.016357918131912,1.0472001530222124,1.0331303553695628,1.0483539478147192,1.0695500863213159,1.0484168908587883
gene_463,1.046929518813048,1.0504373674042327,1.027403176048924,1.0344237316282685,1.0250025854719615,1.041945120234719,1.044839999093508,1.0493525602109735
gene_464,1.0322406287364074,1.0318474205305288,1.0487896364855744,1.04226721645277,1.043751262750641,1.0542263135635384,1.0363057135638323,1.0348767110732553
gene_465,1.0348890277717537,1.0127908098128853,1.0255911388744754,1.0179065266391558,1.0140799457390075,1.032076494825881,1.0383899826572398,1.0714184410109706
gene_466,1.0523866927815053,1.0377054283881728,1.021250580920519,1.0223394726200938,1.0398639909411331,1.0601420145543328,1.072014579723181,1.0678860325245643
gene_467,1.0205560970145804,1.0232571505327677,1.0372923313478923,1.0326617930748647,1.0779565776733688,1.0852035324852014,1.0186922143310646,1.0387165489235899
gene_468,1.0379695912738303,1.027440453770318,1.0187442909958901,1.030341725818391,1.0492721771464066,1.0211054638531292,1.044324146514547,1.0265701929287137
gene_469,1.0355151590405962,1.0347112139327987,1.027503275216741,1.0230716521726846,1.0397259248384563,1.0747199004359054,1.0105539633186889,1.0692836080813153
gene_470,1.068307845611844,1.02222886803673,1.0639495872157434,1.0556479172056497,1.0770085283228013,1.0573378675491403,1.0785000438246837,1.045902447416426
gene_471,1.0113340574944145,1.0310702326279326,1.0532158476802975,1.0087952993516025,1.0271748518220498,1.074734701124124,1.0266881644434094,1.0596904735312005
gene_472,1.0825326213500772,1.0991735805917147,1.0342485467268967,1.0606891868084571,1.0513922366829773,1.0424691591611785,1.0510687738002658,1.0487975735201909
gene_473,1.0387613745221795,1.039578547456885,1.0457336436008646,1.0429999040348212,1.0872370618671052,1.0561813205426271,1.0200270009970842,1.027201143107109
gene_474,1.0460842449762384,1.049015508516467,1.0718234848320491,1.0799946109848875,1.0314159711637894,1.046152513962222,1.0488091469074772,1.0540815069537526
gene_475,1.0648342825880863,1.0366631078000708,1.063141625294955,1.0219681135368224,1.0780381217062927,1.0809532068622483,1.0332279836943763,1.0545517674481104
gene_476,1.0446454611959708,1.0332436169817778,1.0564975319546455,1.0127310082186545,1.0500151803022264,1.0400822117573474,1.0615962170668494,1.0319394080827924
gene_477,1.037662528878518,1.059012713131282,1.1066600372551372,1.0580136026502605,1.0569335219691067,1.075097607950279,1.0651279777723377,1.074548784430679
gene_478,1.0174030283634974,1.0679068593393917,1.0445617514500194,1.0346829096674721,1.0367526523296589,1.1034353996498125,1.0530263391347452,1.0485441624641179
gene_479,1.0249972663087588,1.0330957393789646,1.03570548447735,1.0538921609913832,1.0439146987369823,1.0157369934794553,1.033544214090824,1.0328198539128777
gene_480,1.0729425918737927,1.0405580733497226,1.0354269705449193,1.0694079644627599,1.0280664776572648,1.0365449193749847,1.0382804937360575,1.0344634930669117
gene_481,1.0353064690222316,1.0272777835189808,1.0179369553357376,1.0385342611179267,1.0241791501075022,1.0596382175133372,1.0584480046317175,1.0151118945052382
gene_482,1.0513763070783553,1.0502430862298269,1.0353867999764281,1.0450274590542317,1.0234604774673917,1.0361074152580874,1.0525302096795375,1.082159680274516
gene_483,1.033828159577257,1.077716131935263,1.0324619428160666,1.043522833117871,1.0549839954311926,1.0680017443755105,1.054474696831725,1.042098548469142
gene_484,1.048818034368113,1.0426906106563962,1.0453618218818708,1.0530578503227261,1.0678795035011033,1.0445349882250943,1.0353282718728154,1.0301153127275302
gene_485,1.0348563580727985,1.0288144211681132,1.027478088853808,1.0383432975102573,1.0469533186284166,1.0498086128332584,1.044259811487827,1.053848685553854
gene_486,1.072381773053015,1.0449426634638328,1.0503289382148642,1.088990292336423,1.0663743015530993,1.0524452658283405,1.0575368313291948,1.0667193191573638
gene_487,1.0552338305110527,1.017516784475035,1.0561487000717826,1.0174013358116247,1.0668620290190782,1.0459369478037224,1.0395416389661634,1.05465809854126
gene_488,1.0527200724688064,1.0215083502194982,1.0432051343175994,1.0602525359478974,1.0408358614609603,1.037980861260037,1.0469879772558892,1.0551764972366104
gene_489,1.0596092136801405,1.0498978655881261,1.0134338158714449,1.0314464451028527,1.0518538919245781,1.046629524516315,1.0505933127154683,1.0442499703642567
gene_490,1.047643774789397,1.026146790668034,1.0257766202079222,1.0574363797559931,1.0983047273867728,1.0591671606012005,1.059496438591334,1.0612667646899967
gene_491,1.0792950471727456,1.0666345027668758,1.0485381532166587,1.0444207272120432,1.036848676535572,1.0535594943010074,1.03562084817241,1.0295663101553554
gene_492,1.075020785602282,1.056170317087583,1.0242523508752959,1.0505378593402603,1.0727407952619317,1.0728506372277757,1.0955826404702276,1.04830048610062
gene_493,1.0211908054753986,1.0135691017183373,1.0570311634057339,1.0670595749632446,1.0536147197945769,1.0912116594036811,1.0692385469503303,1.031462140207106
gene_494,1.0401053069706718,1.0531407805375204,1.025506047873282,1.0571453836470452,1.0705870452500021,1.046378876098253,1.055247220285272,1.0917302143235499
gene_495,1.0604273240304969,1.0322601131223539,1.0334822764419975,1.0284755068102325,1.0624038480684814,1.0281518520518047,1.023922090885755,1.049474216386115
gene_496,1.075220566507088,1.0587745259163788,1.0370831924689083,1.0399795329811008,1.0373470227576962,1.0436459692293987,1.0436752202708395,1.0835963033418725
gene_497,1.0348488206812076,1.0322721761017515,1.0225125369367034,1.0426943234005945,1.044424889835909,1.0331397979348913,1.0508899627053108,1.0653188219724896
gene_498,1.0127322034339206,1.031547867546354,1.033821727241644,1.0349692318165558,1.0210563693670331,1.0459991421259474,1.0334811593015423,1.0576341572605328
gene_499,1.0230369863019586,1.043565151837995,1.0323893345246609,1.0400704649515706,1.0118452128497484,1.0334905521611175,1.0451692049589065,1.0348383555096103
gene_500,1.0475577243745027,1.0325255457966693,1.0255212317468843,1.0445569844122857,1.0340963437514175,1.047839249099431,1.0303935113375375,1.0267794777794794
gene_501,1.0362055107166872,1.0108954942616728,1.0458610872732266,1.0535225299030195,1.0412670987668073,1.0421369531411042,1.0364033940715496,1.023544671493151
gene_502,1.0453587443721406,1.0355399661467404,1.059750371742996,1.0614212108698713,1.0271483408347126,1.088174564326494,1.099148228135655,1.0248450790815535
gene_503,1.0615060177990419,1.0492964333638743,1.0235168895196813,1.0470718606888265,1.078440700392988,1.043028742197348,1.102651351618545,1.0426796900418793
gene_504,1.0715054339830434,1.0315327303963737,1.036960600881672,1.081816542998659,1.0398316555183829,1.0812859597195918,1.0365495850881512,1.047376212087549
gene_505,1.0515697318058959,1.0369939387132985,1.0481231026213345,1.0338861483122754,1.0580661846892916,1.0658167708121111,1.0641071780391287,1.0268660381097587
gene_506,1.0564791378377631,1.031920973139537,1.0398677933537528,1.0365601052682838,1.037859611297718,1.061899882278472,1.019660788672232,1.0208581892908484
gene_507,1.084666471799728,1.0160339655471353,1.0408175103811104,1.029025366304759,1.0421593262566067,1.0716597774735572,1.0168901721430017,1.0445694730123958
gene_508,1.0707045288633712,1.0626699410708742,1.0518130812562152,1.0279440699638152,1.0727753261734696,1.0325295928041527,1.0621029533815867,1.0551309713194592
gene_509,1.037817324398361,1.0607381583989466,1.0385571810262597,1.0360640056348718,1.081294995176604,1.0811971602686772,1.0379229651511477,1.0481548920254262
gene_510,1.0476914914699362,1.0300767750908246,1.0441514509295642,1.057715847933101,1.0689025584346539,1.037672984382926,1.0569114191965914,1.0285009628471038
gene_511,1.0796445261764378,1.0892700112564764,1.054970123056303,1.0475701619212954,1.092092834997247,1.0571210747128543,1.0166643207935608,1.0598558297943397
gene_512,1.0480622734019511,1.0240571228606499,1.0666038590401885,1.0824774384015092,1.0818776558494037,1.022864248250819,1.0393747197076066,1.053110748918622
gene_513,1.0338653820432775,1.0394886001009345,1.0634447648190233,1.0318923084840226,1.0595483850442535,1.047747316497601,1.0698990114617433,1.091237108365044
gene_514,1.0431251952770173,1.071955067007171,1.041677237904627,1.038486397800071,1.0626180892307906,1.0280379570480165,1.0214267788256484,1.0268508765996183
gene_515,1.0390285844251823,1.028459643572422,1.03900989784404,1.0418904921159107,1.0520945782041513,1.052498938991335,1.0736379586153828,1.0250726251701596
gene_516,1.1138884369158473,1.0669766666727842,1.031091691601084,1.062534533962956,1.0255574846098054,1.0303312607587989,1.0759745451739124,1.054010295299777
gene_517,1.0244412111471068,1.0220212158782014,1.0426786261557497,1.0225459335783778,1.0504362256393482,1.0382190438544339,1.044206823321184,1.0185830465292829
gene_518,1.0233638700552201,1.0080960677041382,1.0179623210520572,1.0309036103094171,1.045095705123481,1.0197922366546501,1.0400108063858011,1.0558236856712753
gene_519,1.0409205393731642,1.0566159702582478,1.0541641555158905,1.0669061364134549,1.0290785333346946,1.0917678951288032,1.0590331192205502,1.0787736043762803
gene_520,1.0517511753690685,1.0400511535370964,1.065319035801621,1.0282655191483125,1.0373628590497899,1.0673305780695816,1.0288638165722301,1.0470173359856345
gene_521,1.0364230250399835,1.0512458653319847,1.0927317006383352,1.0191344122310066,1.060633697206681,1.0548480044478004,1.015525891589154,1.0575681891227702
gene_522,1.0431001197806633,1.019279000797217,1.0434849584129071,1.0295283823368746,1.043497073207762,1.0201492509890058,1.0330651269536544,1.0624784220980021
gene_523,1.0834953178008624,1.0396650144745068,1.053293889305351,1.046594678090658,1.0565723143232466,1.0498601225632334,1.0671099087504472,1.0431300542364155
gene_524,1.0389883556340207,1.02330225817028,1.0848623673611366,1.040000480914332,1.0379292166104142,1.028937421613313,1.0713272264724742,1.0521890677195778
gene_525,1.055365472132209,1.0246241794115283,1.0259861316284955,1.0120640021161416,1.0321120014552638,1.03990995623152,1.0303939895780727,1.0241269288922006
gene_526,1.051515485006733,1.053569129021878,1.0395206062399363,1.0391788230489476,1.0948930093952083,1.0199922194991669,1.0385349368666055,1.0241356975198985
gene_527,1.0676453448326373,1.058128074470535,1.062220969141485,1.0253573044104936,1.0371190998782494,1.0615863212552943,1.0279289800428624,1.0416058974469016
gene_528,1.0765467204903185,1.0369935728541402,1.0239237062059445,1.0638404554477332,1.0343620660953363,1.0582397789448579,1.062662015762211,1.0194463110689298
gene_529,1.0596469373330284,1.0131418205615992,1.0201539359394947,1.0306165421166953,1.0510199863402305,1.0295318147499424,1.0372073599881668,1.0210165277977856
gene_530,1.048685240194388,1.046396806086791,1.049794101688202,1.037624555153257,1.0657767252132067,1.0311124103538838,1.0317044718679436,1.0476817733751953
gene_531,1.0438614422706454,1.0623676658305745,1.0209858763046358,1.029013975629214,1.019374035452713,1.0401238041888943,1.0483362165393515,1.0269042457979587
gene_532,1.0379384139078482,1.0366607093509355,1.0174202453144794,1.0477427187022443,1.036420730751475,1.0234928954481866,1.0408135099187068,1.0479165734242775
gene_533,1.05427326494978,1.0284262080765312,1.0534313513946014,1.0610499476649962,1.0313161504162516,1.0281558516825628,1.1022296148127326,1.1070543891116578
gene_534,1.0325956934989027,1.0523111443359687,1.031064597453222,1.0275569146532006,1.0401837415185486,1.061175357945356,1.0541235872456183,1.033227509915941
gene_535,1.0193075368288198,1.0222312863663252,1.036117236559815,1.0255252299956095,1.0360845965535528,1.0347228342765236,1.0166550157390783,1.0201579446759756
gene_536,1.0964563703255887,1.05376531555865,1.0665470331677511,1.0072821875703388,1.0274938053628613,1.0552981838349849,1.0814468725865183,1.029092679812628
gene_537,1.044880221141572,1.0183591098752398,1.0612602683896142,1.0528240854819912,1.073865112055884,1.0567516231380696,1.0643567470217428,1.0408510354999425
gene_538,1.073980982198127,1.0465417123099336,1.0663686596713944,1.0452663360065226,1.0332377052647035,1.1604013621395872,1.0294086441554766,1.0617612507210448
gene_539,1.0388656617397376,1.07312660952426,1.0659304100723712,1.0543331213413953,1.0526498380990563,1.0371287712651738,1.0617657262666422,1.066695402583745
gene_540,1.063479171097792,1.0490009574825576,1.045353026762,1.0494813393310836,1.0326860260152821,1.0366348340990457,1.0263556934421052,1.0380680961074915
gene_541,1.024864112233043,1.0366996632022951,1.091210290387887,1.0510854436412604,1.042619740874411,1.063927169741304,1.0398423908411374,1.0477772238535392
gene_542,1.1074523715965259,1.0732561098260367,1.0504422489334986,1.037849772285045,1.0388289728807076,1.083045556017938,1.0237068868089927,1.0559982771325975
gene_543,1.0893907535090819,1.028825100880116,1.037974039582944,1.0317826617404071,1.0719371533409696,1.0491176509863347,1.0504025900962823,1.018391257122638
gene_544,1.0594038734649827,1.0656203924113734,1.0364009152668126,1.063128973735884,1.0653705170575416,1.0457474187444604,1.0747094383735336,1.0879967836107867
gene_545,1.070094441840093,1.0340502717869102,1.0211930442403585,1.0320241906843077,1.026125052590329,1.0528673436660267,1.0282256900010907,1.042329934262225
gene_546,1.0595004561762298,1.075276639793046,1.0433059277883898,1.0219908676873888,1.0512798410661497,1.0473760006213975,1.021988930855263,1.0704825032781327
gene_547,1.0791862011510513,1.0635788955687615,1.0745573755393405,1.034655828104927,1.0433083136598795,1.0267962388736005,1.0184275788077883,1.0315842645852864
gene_548,1.060393302384865,1.0364358981451338,1.012062471095627,1.0223349404994877,1.0230112027260747,1.0429013421347768,1.040194465714073,1.0429295642863914
gene_549,1.041396991909339,1.0223499899716963,1.052200144193905,1.0536308174821576,1.021722198125163,1.08162582321361,1.0272361651674984,1.0776995990521863
gene_550,1.054025137615884,1.076036835589269,1.0343010312394239,1.0376868226812315,1.0461161556468952,1.0237665230955442,1.0330856801309711,1.0469799857382716
gene_551,1.0554271300683484,1.0439345932830248,1.053970193599911,1.074273042306692,1.0539702464711016,1.0216892908396542,1.0384447697553878,1.0340867428185094
gene_552,1.018258471341378,1.0399632095779825,1.0545451137326327,1.0329078437751844,1.0603981998689331,1.0435145589189903,1.0438350820946796,1.0249478400640992
gene_553,1.0521914017504053,1.0555637101875863,1.0483677142973702,1.063537551679156,1.0900571984413152,1.05447189699735,1.0696806159725258,1.0542676216531426
gene_554,1.0456290123043464,1.0172129390907718,1.0374683738901533,1.01989898974651,1.0185902936381428,1.029021633400859,1.0559988787396701,1.0374314368838535
gene_555,1.0608105064235458,1.026377843202831,1.0365691162059354,1.029196594907229,1.043012125961944,1.0814283159491034,1.0342296597576093,1.0555335274958368
gene_556,1.0674011797979235,1.0232860590754604,1.0543426105957738,1.0325247717607384,1.0431741064621305,1.0255413843736143,1.0399677306181117,1.041298031435217
gene_557,1.0198297262101537,1.0396536270406507,1.0226676275758988,1.024002725138058,1.0363119617087546,1.0579745147030117,1.0247476836507696,1.0808786822399612
gene_558,1.030685473645659,1.0291351571469682,1.0212600911447807,1.020505615996999,1.0262645707789175,1.0216068843447283,1.019673937219369,1.0491849020070056
gene_559,1.0212506045399643,1.026475828912799,1.026161315720347,1.0238245194225188,1.0377152445915037,1.0260837614640437,1.028983998493591,1.0258215296599376
gene_560,1.0394086577521424,1.0427627813115097,1.0660992928354809,1.0432017707374768,1.0538945246617237,1.0467877368511296,1.0456737981930382,1.0584504525885146
gene_561,1.021586207536095,1.0704813613517965,1.0474785119318821,1.0476378953010947,1.0248706520258657,1.0318496052749473,1.0266858484240116,1.0460762829971617
gene_562,1.0748662605264516,1.0361757494784614,1.0758413829134394,1.0432770904126296,1.0113141310301454,1.0489696991216204,1.0221948754522117,1.042944470919829
gene_563,1.0787189914360842,1.048102886349073,1.0859255714303877,1.0794151750559298,1.0663274649028667,1.0359173420634362,1.0236769469469196,1.0547362570255692
gene_564,1.0830434494926766,1.0455058327126827,1.0864760202315475,1.0405551295398034,1.0145318435773212,1.0426370395160462,1.0194846334611285,1.0557357061030401
gene_565,1.039353349707629,1.0457723004347876,1.0496661351716803,1.0318243612518083,1.0350609642722348,1.0357187561060182,1.0652004376431414,1.0346877642155152
gene_566,1.0360491720091267,1.0296253651872667,1.0476523736846985,1.0434273360476647,1.03708935508675,1.0199467717707573,1.0450043567596865,1.0557135589266635
gene_567,1.0352344790780212,1.0454053515847455,1.0205308936662736,1.0637889149130098,1.050533861012216,1.0291841096733179,1.0523231502520043,1.053685130806223
gene_568,1.0358587237727814,1.0214391429905585,1.0677901839651667,1.0335022526866704,1.0306603927922449,1.0377720707555533,1.0591908873777682,1.0162073175667583
gene_569,1.0495085948483385,1.017037499676392,1.0094379630731638,1.0319522622380837,1.0364489543067017,1.0443080875275002,1.0355224379197416,1.0382898572747663
gene_570,1.0427145570283258,1.0489352725392584,1.0520612440703088,1.037547351336348,1.0164295374905215,1.0519470212388369,1.0305235421120014,1.0300447854367385
gene_571,1.0206271665383144,1.0345374213698806,1.0469560546160739,1.0623748545373897,1.029716594601674,1.0692895776061797,1.023992350044165,1.0435255964946062
gene_572,1.0172914242871074,1.0616609330523885,1.0429066871856496,1.0397363653048681,1.043598029656928,1.0337863261636997,1.0281623609941006,1.0464768370836761
gene_573,1.0422639863931822,1.0500629980650993,1.0502698434813893,1.0411998761961336,1.0465293283803714,1.057210215594207,1.038775702416411,1.031499133328742
gene_574,1.0305827518833743,1.0475140894743171,1.0337873479708592,1.0376585049507951,1.0440637840817721,1.0315484622091153,1.0675292110977261,1.019871435537448
gene_575,1.0496492032120748,1.0566113961584982,1.0416460586863068,1.0313925532276982,1.0231575030897975,1.040428245441404,1.0167795755616713,1.0390958582027445
gene_576,1.0465727816065444,1.0197141251897832,1.0540461719849668,1.0448185705833757,1.027004899914252,1.036432782849834,1.0743569969145137,1.0464590482100071
gene_577,1.0545892234738388,1.0607576600828783,1.041368585970965,1.025895794101763,1.0435127022389472,1.0362434213005733,1.0423570092033327,1.0344368858312392
gene_578,1.0616652351713152,1.075888780107898,1.0466889075071917,1.0658386866857124,1.03189214691457,1.0150629878179982,1.0491556252125078,1.1047160760259147
gene_579,1.0143022052825075,1.021404884162448,1.0219508633634968,1.02844412906221,1.031737161637509,1.0487258244913467,1.0336087917640249,1.0428001778326705
gene_580,1.0251248867405895,1.0835180136572915,1.0435169018274788,1.0708696414096501,1.0803958763013113,1.1670125449994564,1.0253218368126553,1.0507406752262316
gene_581,1.0652515184597546,1.0322758300578976,1.0549341242851624,1.0302538558534982,1.0400217856990597,1.0363742141945849,1.0303707225443954,1.0360923340564447
gene_582,1.0491386699312124,1.0569263779308666,1.0388277388422071,1.0936229702823124,1.0553877610743227,1.0638566531662503,1.0485201110367317,1.0488777385680907
gene_583,1.061177044621306,1.0927155308832885,1.0944236011426973,1.0671499843688497,1.0683496426498438,1.0848551959377706,1.0516446743305758,1.0934927388542797
gene_584,1.020037667176366,1.0316875304602589,1.0270962783480966,1.0292887560344797,1.0324313957218747,1.0174966954740678,1.027264043913153,1.0405659548883526
gene_585,1.0806285736088423,1.0597514656869524,1.0160082080791255,1.0458389512600212,1.068800464660687,1.023304577798381,1.0716562749822773,1.0306687183558358
gene_586,1.0283553258502767,1.0587703867274811,1.03779157364133,1.0408218734660328,1.079433741992104,1.073904582814412,1.0472239457393306,1.0190045434913673
gene_587,1.0669554119574984,1.040595497548755,1.0318142134799362,1.036323036869927,1.0389155882567218,1.0273540448695617,1.0567242680120852,1.0489006924751876
gene_588,1.0441228210504505,1.0563440140487832,1.016635359506536,1.0634452932853469,1.0799462410179568,1.0444618501021,1.112197257133915,1.0357669219245345
gene_589,1.0462336783561732,1.0511476336159424,1.0751839505027332,1.0718983738523487,1.0599818001896122,1.0283469821658886,1.0942359422773933,1.0677193455934357
gene_590,1.033078808091951,1.0629384960092276,1.071423840570361,1.019686813420642,1.0177024738210267,1.0482036456388182,1.0583165702249795,1.0472838819841233
gene_591,1.025536722719408,1.0249547388074458,1.0389927840614495,1.024536557511073,1.0546362672289493,1.0445554768164522,1.0332743271508307,1.0279058848882856
gene_592,1.030669415069171,1.0595206240939388,1.0423633370292373,1.024997287491767,1.039133953925007,1.0562634888306912,1.0118328238148588,1.050352012626585
gene_593,1.0623303274984504,1.0342735132658356,1.0496513282927245,1.0591376281423863,1.06043186021297,1.055712472565376,1.072483179777669,1.0416918122204157
gene_594,1.0549682841186212,1.0964444345122628,1.0436577312868955,1.0401342066127197,1.0341375454162487,1.0359095376612728,1.0420508775871398,1.0545751868730953
gene_595,1.0661448262819355,1.022715532222825,1.0708483234670083,1.0559681160673497,1.084303234649373,1.061491644689828,1.085937854217568,1.0391644486063691
gene_596,1.1094219319621539,1.0569152451171036,1.0470345974980544,1.0290251935570178,1.0357874503460873,1.0702616094222048,1.0359633868235971,1.0552793759862837
gene_597,1.100041925803408,1.033330179402071,1.0488265522417402,1.0431302271016343,1.046518132441613,1.040998624264519,1.0396030381135775,1.0708912984522343
gene_598,1.0286891167357903,1.0133500321849347,1.0215701043361651,1.0452554307613173,1.026919313572186,1.0404115967528993,1.0567327707930583,1.047532021300607
gene_599,1.0591436500190705,1.0496948177505114,1.0874314862337457,1.1023330429998466,1.0345640575204822,1.0246855259097702,1.0321324193386685,1.0618933663571848
gene_600,1.144083087070028,1.3683678648961266,1.5735116767647557,3.0742560941923505,1.5505348735622166,1.7793823862836071,1.4885774838706163,1.4974601591435017
gene_601,1.0989273636999517,1.1375695092695373,1.3765747716001386,1.439855602724667,1.1650306635535996,1.4927191730197713,1.3862021436231489,1.3660038393439269
gene_602,1.1121177449703379,1.1249855497744021,1.4134121413280836,1.4234783345726245,3.090170141147496,1.2791168721069233,1.571615541970394,2.629656488270827
gene_603,1.068118316602988,2.134144990393216,1.2307134936271567,1.2320161819970863,1.5032167954177191,1.2911195399786248,1.312809457982447,1.1256001732350553
gene_604,1.0687833838997245,2.162823349194543,1.4033072055665854,1.1887725941931175,3.4010608090423333,1.455063786258649,1.3613157475374167,2.956056731345315
gene_605,1.0994171898262288,1.274938587034221,1.820625061123848,1.6480231717771407,1.6511519454139543,1.486523721940278,1.693171745358753,1.2356034529703959
gene_606,1.1458184042961987,1.7575706008829473,1.3301158508682285,2.192587867005343,1.5890216888226454,1.291338127487679,1.5313758681952698,1.8841046165171074
gene_607,1.1769482040170882,1.6666023405481136,1.9045146732570786,1.8121352056200457,2.7911567411175544,1.736008959619469,1.3832632935633724,1.8934201035007796
gene_608,1.1158748482841365,1.1426574880248936,1.9138889887462673,1.138682320163323,1.5718878333502473,1.9101130447798198,1.4381556610885446,1.2622178790139016
gene_609,1.1072966224363576,1.4393626586097674,1.4993401877272605,2.1398435676946215,1.7280363678895556,1.119629341913577,1.1719623511544839,1.4390802536935254
gene_610,1.0736660105669482,2.849114310212069,1.2598217800391747,1.2559603131616552,3.813536633897435,1.7299615037465153,2.7429497179143763,2.8506534953237845
gene_611,1.0893627806101573,1.3002298007524566,1.8454523304558947,1.8605866438786318,1.5728635077781803,1.4787282786433948,1.6756767713232161,1.7128791280781879
gene_612,1.1633875337305637,1.1801252723035298,1.3882369845983156,2.0353255921308553,1.1833828122247685,1.3363397396776682,1.5356816242508782,1.1993427046511511
gene_613,1.1087338623745686,1.2691038457007138,1.4235167105115283,1.1685367380755862,1.3230652380796761,1.8767007637555502,1.943478777657131,1.4164877601706152
gene_614,1.0662996769652517,1.2535375447262076,1.5300782920551612,1.4150552147217728,1.2208409680796075,1.2653932685381777,1.6137049756888835,1.6027277460633549
gene_615,1.1009067439512923,2.1884909189488293,2.8195341240732223,1.9169799696139855,1.3355102041030733,1.5399302759595663,2.385819059351891,2.768566965368353
gene_616,1.0795949374740303,1.4985846720604157,1.2801787667319553,1.2048805618425003,1.90718936318819,1.8674226369584435,3.619691232265468,1.766017876453442
gene_617,1.0646182479021666,1.2629983634501556,1.3127319200132033,1.3788039739412383,1.1496734418057377,1.1798712822451982,1.5748274978430896,1.1634575213333413
gene_618,1.0829042447417332,1.2784868846215913,10741.145849159946,3.499570576764134,1.5661572425120647,1.5303889492290408,1.7563010925266997,2.0188829054130464
gene_619,1.144508931866622,1.6207990353031305,1.5325948019305387,1.3712858453733798,1.2479248011534394,1.304617508771072,1.4991102426524276,1.8038073057555963
gene_620,1.1233256892867012,1.8374743472854167,1.722265727345069,1.3547173418304834,2.186642317070108,1.6011325234641542,1.645172870281614,1.3629100451031366
gene_621,1.110237853247785,1.5709034824880483,1.2486157633290498,1.742330041139351,1.2086900602677049,1.3377171932084757,1.8954385621119971,1.3677692096140064
gene_622,1.0894212916016524,1.2877878175847925,1.2545306971139283,1.1376287631869895,1.3458629696897917,1.294849481893326,1.657593733225946,1.4767164472554966
gene_623,1.0976917894185962,1.4217565414862163,2.726477025435283,1.5064298018142381,1.895745954832091,1.3446221353815346,2.1065006237386745,1.7134191270550414
gene_624,1.1058396547553144,1.454724471205514,1.4766254203861513,1.4029353799877144,1.3165884587005083,1.3177937290679815,1.1760238093110822,1.1299299866735806
gene_625,1.1067710721939854,1.7316693458064356,1.3291322599734592,1.462351074330084,1.7843747080217833,1.417485170105884,1.3664104113231659,3.005977048532855
gene_626,1.1091636748198166,1.7086614508513815,1.623933717181806,1.6526635756584827,2.004940198571886,1.310487492896763,1.5158552896195505,1.378618406357987
gene_627,1.1142402438178916,1.1575092864334815,1.2182497800807084,1.2837637351115752,1.613846378082671,1.3909526680818343,1.6935658141995396,1.1653310728016266
gene_628,1.118701262052463,2.0314009575517855,1.644645661262866,1.6099753215989325,1.4788061098798382,1.4228259019552882,1.59369257440534,1.438213860107747
gene_629,1.1269445391526012,1.2067440549885533,1.899017653798754,1.4190257177897896,1.4232935904923445,1.5655426661655607,1.4764277659450034,1.8837933645625833
gene_630,1.2238756696411177,1.4947723312577803,1.750290604799834,1.3818195760423566,1.2922099348455816,1.853450552319966,1.5827102467526666,1.3766151000208917
gene_631,1.1728543580724695,1.662777083092748,2.123191842671141,1.7916228301568582,1.5484590278100123,3.8267575636265816,1.818192504269111,1.5426864603442507
gene_632,1.1648829902636104,2.5332892364231343,1.9720500373194554,1.6352106125081278,1.9493634168561214,1.3621490501555757,3.133103273299618,2.1546362602770306
gene_633,1.038992738691686,1.5186859550822132,1.9999439933507501,1.8210696987832213,2.240286548966666,1.5232650960874516,1.2121883205923214,1.2316552241862684
gene_634,1.1508690788107647,2.3604296508034386,1.2318383668725723,2.004814899285451,2.6785613412997225,1.3094581709275204,1.4728449304066757,1.624585460747133
gene_635,1.1363062551345768,1.2776852032803785,1.465892239254971,2.467850862166858,1.3854644609363478,1.9577584493358933,1.4044357651052577,2.5844097901956697
gene_636,1.1242115697729411,2.030784772717405,2.2052340631616474,1.395985773756798,1.9630503732883482,2.0060746989564247,11227.616349112051,1.3613227724204169
gene_637,1.1267382910220842,1.472688784590486,2.1101295522946097,1.617916892758591,1.3603461726293244,1.56460589493077,1.1996551442478511,1.4074392400246851
gene_638,1.0760841661308,1.6064945271085034,1.3564299808782274,1.5318321560948742,1.2340718449859172,1.1196155816522524,1.4519734061190654,1.6748343774452976
gene_639,1.1049174963856665,1.291677240750771,2.456922423534367,1.2999425132521625,1.2967892112361494,1.5418885736464962,1.7588367699086476,1.1906544277270734
gene_640,1.0892257466528175,1.9200408491891343,1.2418132083488538,1.6227753391363033,1.4168073403056753,1.647202055484105,1.1568881257157668,1.4518137406322678
gene_641,1.0853243803334045,1.618162851381532,1.2937775633561759,1.188001226550286,1.2773959173384886,1.3279915033588507,1.171018060058789,1.2902813499069
gene_642,1.1227733823862316,1.1669507210265602,1.3967844331936798,1.39139615686557,1.7033443098078362,2.1514906492974073,1.8572735572034587,1.4043127376144582
gene_643,1.2288788230615535,1.5005564492187655,3.20329468401915,2.8558436911682556,1.5705992286573023,1.9452028219607833,1.3482811205714094,1.38756380135009
gene_644,1.10626733365653,1.3129833872070469,1.5359896001865205,1.4385609644709998,1.7028237870136287,1.447450765672154,1.3155650016865135,2.0608942624128153
gene_645,1.0859670748502894,1.3016835399179825,1.274958019083153,1.6231562459495048,1.4806131648127379,1.7408603382139591,1.2249305641578927,1.3219537295646493
gene_646,1.1805677147243572,1.45129270405008,1.195322941963553,1.5715561150619115,2.4390505960043676,1.2373620217054193,1.689781533978701,1.777428344102763
gene_647,1.1388778024052364,2.0241257653767994,1.3037880227520375,1.4767089265187994,2.4046959938857917,1.6814708742965065,2.1542578314271306,1.4768692439936681
gene_648,1.0961742391551488,1.4361589247442836,1.3811488631518396,2.087555184669057,1.8686654114119952,1.6122994403036954,1.310520477558504,1.4535398178683328
gene_649,1.1059389578835217,3.6029634209246293,1.152467918424472,1.6044503556388998,1.1919619554469367,1.9144572957409765,3.433126724877454,1.3066478794426348
gene_650,1.1139921938021122,1.1051539061829418,1.4504332597414242,9342.62442611532,1.1555879504362958,1.3604360184976376,2.0090306623279695,1.1794537887798278
gene_651,1.0675247063020794,1.720062811513039,1.2728397018482394,1.3601705858038475,1.351332390843213,1.5002227779322659,1.7031996865608638,1.2722332682859963
gene_652,1.1212666367508863,1.4518537990654992,1.181660489946702,1.48539622553577,2.040899557668652,1.6288683613821546,1.5070658461202575,2.1472913129357196
gene_653,1.1218184409805319,1.484293927011078,1.297820599065217,1.4311762958659937,2.1365541984947916,1.3235651812813645,1.4002710268341323,1.3114569511325163
gene_654,1.0548490397956105,3.0439216467819885,1.1168873227613498,1.5253734504589351,1.9592489271332996,1.9456052804686572,1.4143580205954203,1.544443802660216
gene_655,1.0931839081433152,3.55873254241189,1.4922732141417392,1.402031048523639,1.2185575072900663,1.1785206919017783,1.628291299470411,1.5654850521792523
gene_656,1.0871158073500562,1.6872231374094582,1.5382923842406901,1.4014987673110633,1.5048016900167915,2.5273747173240944,1.1521464816606486,1.4367559423506433
gene_657,1.093500186222899,1.2034189393608061,1.4740934474004792,1.2084286137553235,1.4606906087055742,1.1132244038468142,2.6678196677289177,1.2113487861778796
gene_658,1.133526931104724,1.1249947184371019,2.7692228148517137,1.2439239191252278,2.4219339434270837,2.6475467875477827,1.9102879739769747,1.6489457865904207
gene_659,1.0730835753672148,1.77575058749458,1.2010720649445932,1.3725054398189012,1.4542629650603174,1.1908685915942925,1.515840798362219,1.7806838951494741
gene_660,1.17017258563302,2.41878876812248,1.7642565213235935,1.3682449402942067,2.137421510005128,1.4640192210834313,1.2480061173137822,2.664847595744224
gene_661,1.0537647605566796,1.1617584758153718,1.519163959874108,2.267218516436503,1.2160337409279223,1.4932687011767019,1.355756381527443,1.4162465757596445
gene_662,1.2462420085761245,1.3601193968869911,1.6296502049254784,1.483338226400565,1.2626051187907485,1.9575107246254573,1.3633231473598757,1.1605985899445095
gene_663,1.143091740964198,1.6249183586395244,1.6643360227979267,1.3915003620950395,1.5299378625043871,3.289524201558346,1.1976407628350112,1.3445385102663667
gene_664,1.122196057820626,1.83761936199379,1.7184147630519653,7441.020799890357,1.4431276354706557,3.203504486361566,1.4705735067579622,1.7180617900510522
gene_665,1.0676068438276027,1.3455958640637757,1.1959901452007486,1.6163262153658193,1.2876443894418934,1.172041680498725,1.238956954525873,1.377917154779185
gene_666,1.1594963461185663,1.507627408799579,1.5658858770377215,1.9451794886021518,1.5083719767105601,1.5105644844651023,1.5408482957699687,2.0533682006986
gene_667,1.1392421455972774,3.2152761538787216,1.7292483686890538,3.032179200999712,1.8181571684585816,1.2062085070175843,1.4727706009640145,1.2869948566105949
gene_668,1.1220315547922923,1.684453610237781,1.578066288988931,2.0147281641310775,1.1373399382642708,1.8496850275406358,1.6401814113637982,1.1681912183461245
gene_669,1.0877100435107139,1.7313042947945292,1.483311695277286,1.2578988743434538,1.2121289127524963,1.9026863417039905,1.8076737376803504,1.2376135806880693
gene_670,1.2089564204762158,1.241070589475697,1.2631308560704382,1.959730846218916,1.2722712519825428,1.9431521728260495,1.403223740696241,1.3616084763135645
gene_671,1.036732704701322,1.2527244956763415,1.3218122410638515,1.1473166745949848,1.0972739692279923,1.1212825498970695,1.2525302265415008,1.7111017101540504
gene_672,1.113928392836885,1.2074590433366235,1.9079151668709398,1.4693028050786296,1.460157472380838,1.5900273642154417,1.4075579880173632,1.3698084250086051
gene_673,1.0650390833713577,1.3659082417720767,1.245232746556022,1.1554931757019464,1.3746272540772737,1.5082058984232116,1.3460712650414965,1.2918655409674245
gene_674,1.0898394448791375,1.123429533842104,1.1066680552829558,1.4383427878732422,1.3344472788181194,1.7774548749357268,1.596392077703866,1.6752855431118447
gene_675,1.102407719024665,1.278000658678832,1.474735920378474,1.5258852879465394,3.254836228365281,1.5799150553548773,1.4749050625213567,1.3854962115180856
gene_676,1.098490075285496,2.8763634397972133,1.4688765084924698,1.9462604718160124,1.4760900162080615,1.6399618513513994,1.4516408375165937,1.305965149277393
gene_677,1.087136926109212,1.201457682734597,1.3585832068450598,1.340950047486398,1.8158474839825414,1.5258776359842554,1.317343289041552,1.9067940909298686
gene_678,1.1104382812700573,1.215436387734247,1.2928053433509297,1.5011665159889338,1.7854825621928825,1.2698986366765133,1.1293301133029527,1.9792465059318936
gene_679,1.1234780678978111,1.2455250248306449,1.1404079219182293,1.9413099285314037,1.8588284779150361,1.6371304878941724,1.7809053986155001,1.2573326136976575
gene_680,1.1047903054973305,1.894777960496206,2.065010366019723,1.650036901794201,1.482529982498802,1.701629425119492,1.6737822960963848,1.311609364024505
gene_681,1.1735706747288353,1.3300974391791955,2.2987918200799484,1.315446309895819,1.3600857172202507,1.4547107156040215,1.238817815007164,1.509225969483337
gene_682,1.116526557955756,1.4613929099841851,1.6008554033492182,3.183149929168677,1.23188711802823,1.1139873276333656,1.6604915671896632,1.8639208222665795
gene_683,1.0691006697940402,1.3013191558975434,1.0999001792873113,1.5049894889322752,1.39672361596598,1.7346143934551261,1.2996754685403136,1.4399797297048997
gene_684,1.0774334939298011,1.3085270106775204,2.053999958158855,1.9761812799914276,1.5052741341449798,1.41491517336048,1.7178034667115725,1.2925625634946247
gene_685,1.066731112871987,1.266546900658835,1.3054666372783943,1.3588716089772714,1.124436969373082,2.0489606243899825,1.2657654805538847,1.4140998933859947
gene_686,1.0792135834414762,2.957248307550507,1.7577106125513535,1.4507103817611757,1.9097203148205995,1.7864443021497978,1.3759494043476062,1.3154545473256676
gene_687,1.1543534330663117,1.524683791913486,1.6465262989009808,1.4661062124751056,1.1320567410829125,1.9657694958337133,1.621862061848983,2.1193038879510437
gene_688,1.090835872252231,1.3101227118007601,1.13508446466303,1.2693536463199973,3.1991086805277043,1.3024741259420696,2.901232647364098,1.5483703834525377
gene_689,1.0750072913311735,1.141498142168727,1.3699081052386033,1.3800072525900196,1.14144173610424,1.1565198160700871,1.6200439419203965,1.4593554624372616
gene_690,1.0969153878959674,1.2930885234539962,1.2632437476709388,1.2492378181584807,1.2560744392768346,2.3018960215480586,1.4682838318560043,2.30911227654267
gene_691,1.1698115619557528,1.2320676904503938,1.7042052916965247,1.493243311241156,2.299713816141513,1.5878927359431232,2.2424011782967797,1.3869233407816322
gene_692,1.169151715211345,1.6538092870600754,2.077094510866716,1.8099413910394637,1.9501933018384447,1.6332933510172012,1.2370461067543852,1.571540312996854
gene_693,1.112851442406646,1.9326287098502222,1.777002230799658,1.6852605025222147,2.0391489302768426,1.6722671624132548,1.2901915627734837,1.418363658839082
gene_694,1.0514525286200354,1.080579839397579,1.2824529963317146,1.3339275600893001,1.7478413042017826,1.424407062952029,1.9433053649793486,1.5636817668346779
gene_695,1.2368029697303646,1.1462510134661925,1.568405332666901,1.9754498182587332,1.8622907454326145,1.6681791595622528,2.098192825015567,1.5909383212785306
gene_696,1.0854522399270492,1.2801736224306126,1.172286194415065,1.2976121681672397,1.2587119842521486,1.7684528446114816,1.5706917834123544,1.4629792035446039
gene_697,1.1315900055619927,1.3982109886906964,1.1807457049897607,1.7723821474660348,1.9854266230453335,1.6611010491142115,1.3052596838860988,1.1819238346730736
gene_698,1.0298597139850043,2.3704779823058586,1.7756993833946737,1.3031003875784613,1.720216852905886,1.1580884993421712,1.4593394194960159,1.4719446494602184
gene_699,1.075900856916674,1.926597611943407,1.4116615087178717,1.7818970746306884,2.067165838903876,1.3562402717402433,1.344178121415396,1.6709833219168622
gene_700,1.1707093262873995,1.4945707878355832,1.731971517723955,1.2134098402612699,1.5737940660692975,1.229007971494641,1.4071639582910274,1.2406070384066805
gene_701,1.1398060522291278,1.4310928318254335,2.287474242854675,1.3205045483277376,1.8453987586767575,1.3411805173624585,1.219817049409796,1.6260171828600045
gene_702,1.0576552786826312,1.459250348821919,1.4046077398306365,1.6396842191290897,1.2579900094569505,2.227642393979858,1.4081050395035406,1.548256809798257
gene_703,1.0829369975790966,1.3013542739353703,1.4181918194966519,1.2170963951137523,1.5003809042308638,1.4741465526176962,1.221583277457383,1.5224209440793504
gene_704,1.0949417601415827,1.3358225602473501,1.7548799605893093,1.486080363118502,1.0834752369191631,1.6784247976202342,2.352632112951698,1.390095429951782
gene_705,1.109002606212578,1.7720378195545914,1.6003017711971734,1.3585163686492916,1.5014398482679694,1.8822993758001485,1.6008818994054945,2.0860262707705695
gene_706,1.082446492748168,1.165287442399605,1.4394876536344512,1.7620941084139519,1.4659000637815687,1.3387474723169988,1.9129649079863078,1.2956710624905217
gene_707,1.146239818017397,2.140514328419631,1.4019062946522998,1.573476645717592,1.6478494676156807,1.3808249235967909,1.9269966161383238,1.9921451547917137
gene_708,1.1251870842903366,2.0653088602086647,1.6351343634870523,1.0901824127081896,1.09014506039532,1.5050602227885321,2.704003004673712,3.0668821218654787
gene_709,1.1547183952982338,1.5767710240523864,1.9012491118294035,1.3457847018936342,1.5234789137975,1.6453356770605112,1.3780668557556963,1.6471153063045125
gene_710,1.113507583973203,1.2915747842662781,1.5745069353957994,1.1778241914803527,2.0863972530602246,1.6169696127634159,1.3879413697065743,1.421302108380136
gene_711,1.0853877549106479,1.359843316289259,1.259422268689649,1.4955344041549723,1.8403528831588059,1.5820453712131108,1.5427055407884072,1.2651913478093357
gene_712,1.1175295496726532,1.1475463697679902,1.3272339970674965,1.193188070896288,1.5630001453637203,1.5907406136727682,1.3469567693437505,1.1488095841430443
gene_713,1.110110296340853,1.298170944161947,1.105610670785739,1.3912244742357829,3.1328678717196916,1.4109791853325075,1.5424855541725022,1.2836547123333517
gene_714,1.1996531888408934,1.5087317825050786,1.3323808721440789,1.7048010580369866,1.145047237826301,1.2476684220285665,1.2715382808917808,1.5512457076881123
gene_715,1.105165088228107,1.2393598843594937,1.8066385883995102,1.147571103349281,1.6714837457575555,2.0733070944348198,1.2834198396821275,1.3734982143085348
gene_716,1.0867403798311934,1.229325168201421,1.3787780182009681,1.3547987032677244,1.8221813758718546,1.6527190377599934,1.2323160737310443,1.3005446173502235
gene_717,1.110213736257617,1.4562637799410951,3.235421119156965,1.6284801143630574,1.3532331649814766,1.2304793662206566,1.2920379377973679,1.5310646829673666
gene_718,1.087144156383566,1.3814677363226273,1.6258588373510772,1.9583600520887399,2.1826024863341758,1.386937179332266,1.5053419328405993,1.590977502336341
gene_719,1.0466499889730942,1.2314503993698394,1.2232344366825814,1.6674499427684586,1.4086159146049135,1.4397994974643546,1.7382028619177943,1.7853390964261242
gene_720,1.0796012576876362,1.9338485597244217,1.5225153979802426,1.4533933041925304,2.8683023507457572,1.4011646016416412,1.404787072161543,1.475548843386422
gene_721,1.1030682156643532,1.3209864405831078,1.6537130535982845,1.5044282786978445,1.4841465486737244,1.2470125625206625,1.5185290229360906,1.6773686094575047
gene_722,1.069793093738628,1.4485689757455988,1.4383686415221415,1.3726147771052344,1.1085828723776132,1.4215839796183183,1.2892178001843801,1.178611024402738
gene_723,1.1113845285573374,1.2294440703698044,2.815788140704712,1.23894101119131,2.2331844053718326,1.2344442391245154,1.7812019748776076,2.4766597084443696
gene_724,1.0948748437077958,1.633891661899843,2.3143870598278333,1.6729322502073336,2.191002599988754,1.1693251342065425,1.5989395797628132,1.9794952541787316
gene_725,1.1184200526329597,1.2865511886569125,1.3452716255464465,1.1348107369452771,1.3629084819843988,1.612897778463376,1.1444877922808714,1.9322487645519928
gene_726,1.0971199338800852,1.0940790023485085,1.8728073895702482,2.1483314093925387,1.426462489944129,2.2636399574725243,1.8093620418139873,1.2692510401608845
gene_727,1.0869041162329083,1.434855571351427,1.3202594579601847,1.4573991778664066,1.223080764310216,1.6331472149915207,1.6398691549541933,1.3098919787683878
gene_728,1.1464044157055542,2.5193692854409284,1.5363700697260116,1.4621059103480873,2.730972796381049,2.0134228863766164,1.7923586657574122,1.3555160988431176
gene_729,1.1835121023623514,1.3594727421652868,1.589044789608942,1.8598987459673557,2.199056867133201,1.540295641840725,2.0928388996841485,1.7740673033782415
gene_730,1.0983554489905203,1.108567100913669,1.253886865948019,1.9343905196583202,1.4971411883390415,1.2119742446019701,1.2841220756541525,1.0931978967020637
gene_731,1.225701475284789,1.8682858293743099,1.385607263222635,2.9361694650844945,1.2289807123868115,1.4807142012877477,1.324711671829782,1.3397957528597715
gene_732,1.046968842815678,1.568959191415514,1.445033654219609,2.0603659973936477,3.995011339671787,1.6648780530396785,1.3643861583480426,1.323588562867072
gene_733,1.1314299286450953,1.4206805686466422,1.5681366442875124,3.562760250033907,1.9664497711001374,1.169634510290845,1.3604552681710278,2.9383082594835717
gene_734,1.1505977324106842,1.4306504259838764,1.9544342167801485,2.914069587682708,1.19789134695792,2.1249955487317234,1.4255796816717172,1.3781545530311128
gene_735,1.0709874561144213,1.3807445921123358,1.2642737343304773,1.4458364413567626,1.658442953892917,1.3650268896885982,1.6358436186583616,1.1701784047831134
gene_736,1.1306448476158453,1.3797147564996515,2.07450276312944,2.2045529906638732,1.9503929819911634,1.5818849180334325,1.2945823783224468,1.7290957930712634
gene_737,1.0842073928209122,1.2733635946462962,1.2621118232453423,2.356201948646716,1.5325025075324423,1.897730540020405,1.618219260132132,1.7273547857455205
gene_738,1.1161594261231877,1.0238553829245136,1.1791062866063355,2.7197966799636686,1.4824485915775758,1.4322919084128343,1.400755219760756,1.2363183990252646
gene_739,1.0992432373516665,1.2085555008794233,1.5646591338337683,1.1680670579071455,1.4670923752790468,1.5308099721893107,1.1351450593855699,2.851995927745202
gene_740,1.1267729383529497,1.264517726678533,1.6223366865141826,1.7195762364226752,1.567410361073775,1.5201386392432767,1.3721566258957607,3.0965956674747837
gene_741,1.0622283046292245,2.6225298566392725,1.308449989754098,1.579049875605464,1.6057654294709522,2.8743940928096103,1.1446368142329568,7850.380447655244
gene_742,1.1168465022061687,1.898171382974751,2.5080158635911127,2.4148149193691433,1.6334060699274786,1.6807733026162668,1.4297575530531232,1.150867711942785
gene_743,1.1442148670790224,1.350094842324141,1.1825622246649592,1.9856396953562798,1.4806043829707989,2.189764790595785,1.1533046877595161,1.664132062809937
gene_744,1.0980143598256156,1.5680517804985996,1.7479342258064567,3.3105600999277027,1.8034020095192447,1.175629598070198,1.3086735577766382,2.6653816032779067
gene_745,1.148330114374438,1.402695131692566,1.375948838978517,1.318050188874118,1.3352443890273726,2.180522534591467,1.2511925011883185,3.7033458097441776
gene_746,1.083318584796348,1.3936238590658019,1.3560144839040262,1.1599041985123535,1.6175314286121376,2.696690214003734,1.2106862825235334,1.5592629770887139
gene_747,1.113764754028125,1.3383698597702962,1.3821909207912115,1.419521562688738,1.327820743838323,1.6688042112304555,1.532577057909106,1.7041520467868576
gene_748,1.182912553699017,1.5303392417553054,2.1826737932490334,2.075454520521202,1.097177376610951,3.042987675986607,2.812254847027813,1.834170653854116
gene_749,1.1562349162740164,7244.676417837114,2.1847893774029763,9092.552848749028,1.7602292914816813,3.0133916486913725,1.4325417009138375,2.6244719315217164
gene_750,1.100964036548643,1.3004893084511169,2.2341863248011262,1.636862582020772,1.1651599780013555,1.2313804293361565,1.2904216874972598,1.235441889548194
gene_751,1.1128018027337847,2.1075494340730483,1.300441776508836,1.6902536229075527,1.9550734834999088,1.5128511093552035,1.5490891444484098,1.603585054247694
gene_752,1.1844961131701983,1.2292330039715973,3.8059929220454616,1.268057636369176,1.828911494745563,1.3827732088053497,2.3029096395961424,1.725690100329048
gene_753,1.1280015698065544,1.6031306714381641,1.8807467488303307,1.283825782259624,1.3202161063826854,2.615615700981119,2.9427764407782773,1.2316873170909783
gene_754,1.0670086453150287,1.229181231244073,1.521189529811652,2.666596828419919,1.4726640450357658,1.5075800878938772,1.7298575439495933,2.12814037592259
gene_755,1.090964788538524,1.9826967212611146,1.2802673132871119,2.2856560957587306,1.4288861365058183,1.5985191274063457,1.3295800536529618,2.9895618798158448
gene_756,1.0693415753419784,1.4791805294871756,1.1825577216867698,1.3172675559515763,1.3726270846842603,1.3249546115251363,1.266816602335653,1.3106184096126432
gene_757,1.0570943380845008,1.308140474552181,1.7461690062699198,1.5937407749593364,1.2915760064677055,2.613872946984422,1.3838823263946,2.0770094731123723
gene_758,1.1410503557301004,1.979916872939171,1.119741654524927,1.3528573098132148,1.3015576754625389,2.176161277288138,1.2123964822708728,1.3193811591347688
gene_759,1.1852499051004475,1.5440761813146537,1.5930155034155737,1.298816855037894,1.7252825673026653,2.44934943468382,1.4306859635242595,1.2306300262156664
gene_760,1.1260702892006524,1.2073984058521765,1.6645633704366503,1.3014268573841494,1.7396567982386726,1.396704853385313,1.3400406470291264,3.6232604935577784
gene_761,1.1204599347120614,1.1324184788330711,2.4231070807074087,1.913063207951049,1.1466151257161523,1.3346906542741055,1.235649383295614,1.6272430513018934
gene_762,1.0980272378140086,3.2679272222411426,1.2496486565819274,1.245193133075362,1.455889499506568,1.5228885174741724,1.6619756240101093,1.5055201071216349
gene_763,1.1342409579764792,1.578919089401348,2.2797248757330646,1.7229191502414973,2.077599285705329,1.447687678966024,1.4871601010320967,1.4610396053663315
gene_764,1.1520736133510756,1.1209379301808622,1.45619223041263,1.295963499997722,1.6585835072662367,2.1774158769235985,1.526861416708886,1.6099105557470483
gene_765,1.100413706886818,1.232663183948153,1.4016529308320957,1.4607125584496878,1.2499577041046666,1.290133632328592,1.7727137258170806,1.692151726609665
gene_766,1.0826635859064484,1.6725798857573595,1.2204106709634914,1.3941915117203865,1.6988406035415362,1.2176770469419484,2.0275761409410564,1.3610040190432162
gene_767,1.1083586950270805,1.674678101840688,1.5431072796450191,1.3259229754588526,1.4699529029148801,1.3399033496986428,2.47343912241469,1.2727263575425976
gene_768,1.085601557516809,2.0298667173813945,1.541249018565655,1.764451271857478,1.9168169582502803,1.3331565552280318,1.7194132323916809,1.499594100144204
gene_769,1.115145792539992,1.342707352591101,2.1771102622753062,1.6765630474882174,1.89365222406492,1.4794882549850523,2.1543142987535675,1.4801731216646055
gene_770,1.0849633182388738,1.2922527067169658,1.466390100233177,1.4227111369508596,1.1317345263663672,1.3450030438496312,1.1299649900238695,1.2115202180180862
gene_771,1.1117754433258913,1.1959920598347684,1.6320196753652259,2.1927727528755043,1.4961492683132323,1.0983267824984633,1.7503927409623385,1.6838786417907396
gene_772,1.0509232040619023,1.2989577013979394,1.2786680205260883,1.289179232063519,1.7477279038223827,1.2337092605784163,1.452699528207989,1.4073177915460584
gene_773,1.1210022645307274,1.2520510488661023,1.7158522843075414,1.5848073880548512,1.43954989143015,1.1626487191352401,1.3545189006515235,1.1539981795580796
gene_774,1.1435679088489414,1.8466403229730746,1.3649574280792545,1.381482057083979,2.494572921790061,1.4708896197714543,3.0766946952344143,1.4350372004994871
gene_775,1.0872794044177072,3.532417011433956,1.1659057472037846,1.2693263358089915,1.796449966232256,1.2864808191209876,1.5371485918183263,1.609770401350079
gene_776,1.1177175446971055,1.5644471243357119,1.3531480095596002,1.623926611122498,3.4637027495420596,1.2729911878362332,1.361415624203045,2.4093725994056983
gene_777,1.1140261627355998,1.5552930088593133,1.1920518375920284,1.666491250333701,9803.781738494561,3.127155260940486,1.9616058921515274,1.3467978560636769
gene_778,1.0935670370565662,1.3266940719835547,1.415787519462235,1.443003384875445,1.2500606527516083,1.3228415863332152,1.3480112096764707,1.1818438747641788
gene_779,1.2460592449690835,1.369976859847571,2.1973437354822467,1.4427877632098332,1.6094252172555015,1.9328203322947346,1.6044054202304903,1.4157026314536318
gene_780,1.1376721552564453,1.9751607542908267,1.6208042569071988,1.4558271084711636,1.6320827928888504,3.6520401128769633,1.3883568320018815,3.6878136561040384
gene_781,1.1383342189108219,1.3841542320998612,1.3987310902277827,1.225236512339316,1.368783339465979,1.6440511870533425,1.2337971235198468,1.5014162412356635
gene_782,1.1027339878296998,2.011465776777517,1.396177016210529,1.5928221689733353,1.366434826733518,1.1516335448545287,1.1711237213642742,2.0495052882124174
gene_783,1.0745080094691715,1.6199012310261955,1.3051750469567032,2.415581245411824,1.9432804250788989,1.5065012279025698,1.7969148768143564,1.2554320868159858
gene_784,1.127462688999931,1.4714392033594286,1.3578453991180124,1.3123901456031961,1.5822937604576064,1.7105664488035304,1.1085342653603196,1.404196387035501
gene_785,1.0689034893778495,2.632565018263681,1.2933683403553522,1.4579097541467732,1.3918198460943483,1.3525811605417712,1.542438406453786,3.3046690931283913
gene_786,1.1893268809803923,1.6200564507959094,1.5104371319551284,1.448612753603198,1.272745815040694,1.2399787354500391,1.2037773852322167,3.6928934317262336
gene_787,1.0976171982760867,2.4327029580143074,1.7627148265618144,1.1461679518843004,1.802467871642523,1.419769694750706,1.6202550093039385,2.0016202888779113
gene_788,1.1385203753438948,1.2456210506886358,1.3888166337052255,2.2637700177416735,1.2246362219632827,1.1727466487529965,1.9229757981978564,1.3229459836411441
gene_789,1.158974109146781,1.4599994558484906,1.4395017589365195,1.2569487873771554,1.6144316587883858,1.4281416852010835,1.3364809051101494,1.7951154189217966
gene_790,1.1639539925394984,1.4372467013683075,1.9187198471717668,1.4830838022417956,1.4592731568993744,1.9422166207828582,1.3649029837154385,1.291258225102909
gene_791,1.104137562810366,1.5798111971750795,1.1507474594238805,1.3643114424270504,2.009010043278534,1.545820291954531,1.360544547077733,1.2444349296952866
gene_792,1.1667076933370857,1.7980105440626144,1.7782753939363063,9129.841804942651,2.367241535901576,1.9996577206014305,1.5624597537355713,1.5469490918811617
gene_793,1.1047758488231003,1.4621053188080204,1.3493500116971864,1.4266355204593797,2.110468039609289,1.4522157627813177,1.3197075988523874,1.2283131036787418
gene_794,1.123876280283297,1.6786284209702538,1.1687947474004727,1.3724187612136007,1.8444852527117583,1.8446487653481092,1.4513377147124635,1.4419246691327772
gene_795,1.1323054711964033,1.2400127453858347,3.1478352475478557,1.4577960767747802,1.5580359319328179,1.783074506380992,1.4833367926461805,1.6137664084344892
gene_796,1.1379517423793248,1.2641967679918205,1.4959040430427128,1.9638435406034709,1.2460621813570296,1.6991545870512812,1.9156146196582184,2.3988835695192035
gene_797,1.1392092508265141,2.2337606693293193,1.6815832613725077,1.2674929918186812,1.3710760093198218,2.2118678411560735,1.2930332305649466,1.7539738104809228
gene_798,1.106298463200212,3.2586615458021315,1.4846891009811194,1.2834603530175515,1.3720965558186502,1.2373638187258085,2.0081490850811203,1.2430689647806976
gene_799,1.1145811036789448,2.3158576629434826,2.52105824132277,1.5764927530044401,1.8981625929724888,1.931939197778941,1.2090166694453286,10047.72394956107
gene_800,1.1092706403274941,2.0756239885496854,1.4199787804556945,1.2366290653225238,2.5050814905770786,1.1032992346041686,1.5219296031824163,1.6105847165382712
gene_801,1.1270558566791138,2.204295382060306,1.295498530534141,1.7972853654252627,1.6536537564699112,1.1330013711134708,7606.575306931379,1.3698754080357471
gene_802,1.1022159745210023,1.912118199181715,1.772066827079836,1.1397759887106367,1.4911767623655838,1.061835327508236,1.2130701026119495,1.2277371431810677
gene_803,1.052924108338785,1.3541739712532939,1.2725267539227128,1.4848400772852304,1.1190894786283612,1.0877868456085282,1.465538923579774,1.3763320470972007
gene_804,1.0666026539811557,1.4818736269023542,1.3687106399159423,1.8558968501465298,1.2430017757097642,1.1286481151475567,1.1793705162619184,1.4913013181010049
gene_805,1.0518230405292492,1.348871555488289,1.6770743537297568,1.2749537029518143,1.667190769786401,1.0982728338683274,1.47162354300451,1.5554431335424075
gene_806,1.1746642951883588,1.3789368290454438,1.564593144236098,2.116557475329774,1.4160377083096252,1.1669198754313699,2.314338395772461,1.8423762927217469
gene_807,1.091282741082731,1.5147732899438116,1.594173093219077,1.241893386975196,1.306721291114249,1.0765835702146038,1.5110726455903056,1.5077456687515303
gene_808,1.1697821780350717,2.266537313307073,1.1968422730204078,2.1132047970751895,1.287804256103335,1.1732666454813254,1.8337545901938324,2.8116553130733903
gene_809,1.0815794872812612,1.3770874275736085,1.255599900407739,1.1536644078534588,1.2915603250333063,1.1146403067964983,1.5164970662888093,1.300445355560361
gene_810,1.058974944653297,2.09157533659182,1.1509988481213718,1.3374770833752725,1.3985783233252351,1.0729809691968375,1.4399124970598904,1.1221473195888254
gene_811,1.2033111471503126,1.3117027581753447,2.383083307583333,1.4282863011883182,1.3268080477509017,1.1312633218193362,7418.692348792496,1.7430900814412493
gene_812,1.2356436769103065,1.4089386729080373,1.6078120502881832,1.3116266077093974,7939.734243898251,1.203721293920283,1.3287287455179801,1.8586035460912735
gene_813,1.051731005047927,1.6338322948329835,7256.6194837388975,1.2401627994624427,1.4943925575793673,1.1279844183126764,9188.965578801146,1.1266078828123003
gene_814,1.06397241001629,1.8224893410039122,1.390091771236573,8359.088620682272,2.4311187966458943,1.0915744920342447,1.7334990875920162,1.3606549050906533
gene_815,1.0656482743154125,1.5476041097142157,1.9803411925439285,1.733430380382333,1.5260006013791672,1.097004631026203,1.37330223182554,1.4584493439908173
gene_816,1.0991233491438452,1.3681972502714999,1.342282249634086,1.287827954229253,1.6603827493057077,1.0814741948250437,1.3552169881702751,1.4830266250757391
gene_817,1.1010497234014767,1.5968573634051912,1.584367872220853,1.6341280457612644,1.6833636402211487,1.0804942398324135,2.073517959958657,1.3205041016679973
gene_818,1.1633207769771,2.222664412560245,1.4294051564997534,1.8143401648083581,1.9711168545109365,1.0772419925507017,1.4506726878837164,1.5818629720504533
gene_819,1.1012482328218853,3.5855471009499538,1.308135465321309,1.4054368744899763,1.1059915940398315,1.056313440854582,1.510739973077097,1.275757840526223
gene_820,1.0476688198394295,3.5335240487182733,1.7557238157733976,1.2734611116202135,4.366351242321078,1.0828966835357134,1.264895679254277,1.456799454467862
gene_821,1.1678508002222303,1.5939108054463118,1.4518933867639952,2.088164181852317,1.416220269581522,1.1345906331821902,1.6756793274460653,1.8155413663204953
gene_822,1.1091120717556013,1.2942585934456514,1.3571190041910552,1.4869751561044973,1.3755947106353354,1.1551722126528778,1.8717001684279349,2.2764278174063923
gene_823,1.0357422173784598,1.3196597042635376,1.5905082118220086,1.2617226642271164,1.6638085796823836,1.0406905103461677,1.653180205777979,1.743195219361332
gene_824,1.1163403705684176,1.508503205425347,1.7146778355026364,3.217515197145583,2.790691793075105,1.054101723155543,1.6856638632649459,1.3077221673353594
gene_825,1.112744107218128,1.320843314054367,1.5144292624588278,1.4886344931633904,1.4732076806792802,1.0927715330169983,1.3318603629955956,1.5499433474615008
gene_826,1.1365379333453003,1.2148421738506907,1.6803929943769698,1.2658480832770271,1.4543306395140732,1.1051071565280277,1.406772939641596,1.3570327327246128
gene_827,1.0809629269227756,1.2644721503154939,1.6914385847808866,1.406228100024443,2.297714698472553,1.0957824187053296,1.1985264621722833,1.3262681062024635
gene_828,1.1014575174967036,1.4671383403250644,1.5496730191380332,2.8897565595294394,2.3316504981321278,1.114450331633863,1.2543351868970336,2.0068935948870927
gene_829,1.0909463851699464,1.189754054015662,1.2137297982474102,1.4449052733830405,1.311086102442313,1.0977009759028924,1.6019181519667935,1.2807321527227054
gene_830,1.1667365100594513,2.2572887416055782,2.522355256304078,1.4059076398387353,1.9648672890457894,1.1334030901986623,1.4223695305924293,1.2767782663231793
gene_831,1.0609897354746614,1.2146018068309836,1.1592012894908408,1.7610560947810179,1.3619248202516099,1.0550666805237072,1.119426036378862,1.2931110538086312
gene_832,1.0653669906163752,1.8298040033604983,1.3477074293344964,1.1934058289953036,1.6553523921990068,1.0641576573378773,1.099846842113929,1.4154163171916578
gene_833,1.0852824910296688,1.3869241570096416,1.320222633297831,1.1977987336359,1.409226625508384,1.0378283823157848,1.8650892804767134,2.223797318184181
gene_834,1.0559266228952446,2.864146356689357,1.2423556681466765,1.2418654260203283,1.2117261927361596,1.0897035105064161,2.092583127330124,1.3949325444455
gene_835,1.088076511071595,2.90437919502063,2.1228916938840423,1.4374700596791838,1.5823281803636184,1.0627739547422754,2.2020327388129126,1.8495380034311777
gene_836,1.1393794620637792,2.1229010343641925,1.9000818636595236,7329.682101544751,3.2031473383180296,1.2705366292794815,1.897291409767899,2.8552803905057638
gene_837,1.0825454191244888,1.7000353054260562,1.2878313581214158,1.2273559707097488,1.5748106716152546,1.1057281395041816,1.2506286321372173,1.806881837542843
gene_838,1.1308953595185318,1.3678512656041315,1.428444043644943,1.1416539028597321,1.1337304940780895,1.123384069165661,2.84372325345157,1.5116939838728256
gene_839,1.1293011615189599,2.0420485032143834,1.4203342953180211,1.4111104635994305,2.452586234289298,1.111143743574506,1.508428724698203,1.9794333047134822
gene_840,1.1195586864251814,1.6116390299625316,1.4177924091286882,1.6651243697758542,1.0940047235674961,1.1449508171961933,1.263416123095487,2.649347308879856
gene_841,1.0795793021066946,1.6802925483513775,1.4480274786852398,1.6396059081961338,1.4989696634399363,1.1312918439783957,1.4908559966128914,1.5982432095052999
gene_842,1.1011315664404302,2.0592945586872604,2.717550067297875,1.8852945342126444,1.355351937087711,1.1903138476957376,4.031449770936498,1.433053431467475
gene_843,1.1242111350122967,1.2055725416260994,1.5133996415566093,1.5674942739641224,2.181535698574514,1.1638709017592845,1.5084376923188203,1.8019842277482971
gene_844,1.1423627824502167,1.6714243681777328,1.3604610158106203,1.2673005120529142,1.3878297336425884,1.0746375307477918,1.3240085302207258,2.0540332504607908
gene_845,1.069367257619075,2.546897490217416,1.7800977119764367,2.2297202319864864,1.5531861732642662,1.0985786214457909,1.6041264292440667,1.6633332604233302
gene_846,1.1443949065460413,1.7681350310494661,1.1602164677442506,1.535133137674548,1.639080850067947,1.0960665694646023,1.3656286045567978,1.8190041935061894
gene_847,1.0989110213002402,1.6789821709734636,2.0763217956516637,1.2543091251960519,1.3625684252844639,1.046674469105667,1.204820923170541,1.1865893706490023
gene_848,1.2089124732528693,1.205529356947015,2.991001307295184,2.8290381745804734,1.4142429838270807,1.1632027135331513,1.5773955407158355,1.1748914029945299
gene_849,1.1077500842255692,1.5459674858359618,1.3616034036896891,1.407263957836463,1.3431565994624675,1.0693155401359768,1.7001193357082045,1.6200830729441855
gene_850,1.0676258050103338,1.543852635935719,1.9038970009974532,1.2115413061088764,1.3189336298143444,1.1254183548454462,2.055780457914233,1.5267057160256252
gene_851,1.130378350952268,1.539095079223163,1.1416448354270794,1.643295970622554,2.75298212614553,1.1200181848532411,1.7581462421373923,3.1660533417333143
gene_852,1.0676034199590942,1.1923152108199997,1.6207722166882519,1.3546090806370088,1.5667095939349969,1.1359577748625143,1.7276597887077922,1.8355461049377941
gene_853,1.0857651483127708,1.337106876573652,1.6356716011856072,1.4964481904166458,1.4707160091504086,1.0516771985855915,1.269537700143986,1.102632371482385
gene_854,1.0980840945758936,1.4451617246002133,1.738458367486171,1.1837303732689453,2.4404688824569982,1.1096267750931454,1.8566633939346524,1.4987939605373584
gene_855,1.1072210054442668,1.4148287835529056,1.1769002271546594,1.1964841452133392,1.3623163449408466,1.0619214933521055,1.6392974349759524,1.364036831386536
gene_856,1.1038703216509316,1.576062724731196,1.0650019486520015,1.576300533149604,1.3377465203629164,1.112530664500066,1.6368700378679326,1.3348392926380097
gene_857,1.0911469716505628,1.3556429296314358,1.4366458984097827,2.7914554971071284,1.7340710829042774,1.0545351664685527,1.7580113544285942,1.6724146336053758
gene_858,1.0943786327589924,1.2583503987182079,1.791911442353626,1.331963147360465,1.5058415889456682,1.0832236805966087,1.455878408141526,1.4235575302175068
gene_859,1.120207400213085,1.433582524455818,1.3750345860082098,1.1813085285932512,1.1961402727125956,1.0631138370394044,1.279019576067228,1.7179216176183254
gene_860,1.0513915942558976,1.311268026048664,1.7415675022710644,1.3401059345699882,1.2590978084236157,1.138137296871122,1.5854516677256394,1.5004887895632044
gene_861,1.0896452583262346,1.682164008660613,1.5033618034083764,1.3699430926773901,1.364444188220714,1.1011392927918378,1.6745576645591285,1.2565375149515534
gene_862,1.0813804815879131,3.028832163318006,2.2152690369982166,1.352035670138957,1.7564016465262697,1.1478085469049606,1.1980711241375799,2.15029354302769
gene_863,1.0942984849607553,1.6480323631876492,1.321306722541046,1.3496497366036786,1.6649035078944063,1.1100165039549483,1.2781351165300514,1.6117583361428012
gene_864,1.104422960582871,1.1138688490761155,1.0907494510913351,1.6736977849216799,1.453736377155334,1.1601135588134481,1.4607181229016453,1.7871184583513098
gene_865,1.0867949921732851,1.3855291958863925,1.303951793220182,1.8710036506092511,1.6561264342855917,1.1228477808985016,1.4878659725663201,1.478807649117807
gene_866,1.1102992931765052,2.0458751143325435,1.8509483811925662,1.3280133451488985,1.1216904654383983,1.0890709450654183,1.4885586465542704,2.6224968353975178
gene_867,1.0801512837659597,1.9203163324458936,1.5936463835241608,1.6466431236695358,2.0739673129172718,1.0616586148838998,1.4627129708587838,1.5777143129606135
gene_868,1.1157260233065287,1.3796737458913888,1.410784826988704,1.7055903469753826,1.5338988223076866,1.0990965692880068,1.5350298975286898,1.2989338629157439
gene_869,1.0733722608913072,1.5735075835199541,1.4679922981806397,1.5186359748265854,1.411794588280051,1.1069282475183913,1.5479525804859149,1.0391875409289737
gene_870,1.1156577652458806,1.24553072963803,3.294700303976792,1.9529576181557526,2.8456931736794715,1.0964881497274053,1.231706858174972,1.5560829597960388
gene_871,1.101894335710406,1.4898989663953501,1.2503577084863353,1.2250180868438212,1.6877517080101176,1.1584131492301126,1.8250344788418476,1.364690737365036
gene_872,1.1535406730892288,1.4308516718541218,1.8795854137329693,1.3903396710004132,1.71382663118516,1.1813855498377175,1.654449013739863,2.490200109382886
gene_873,1.2221345769042724,2.717365213597624,1.6054919684887128,2.879227770676715,2.007043394220552,1.0896080219573117,1.2437745850850386,1.4073255621435818
gene_874,1.1076087997705983,7381.299276292356,1.5908971516032313,1.7470517489136392,1.4650996586138987,1.126384504668346,1.9835051766380554,1.2433431689196475
gene_875,1.1830071887465403,1.5960620484033003,2.128578008085093,1.5317097174535619,1.5297590239251124,1.046184908103673,1.2455838353783235,1.4481273512002377
gene_876,1.2010749425208203,1.74905682107513,2.526851544053009,2.491560605124892,1.8593372549595695,1.1609511116153306,3.576112622695389,2.6451323044136763
gene_877,1.164323012772397,1.7560222615171888,1.6004981179880433,2.6664753882545806,1.464186088218143,1.156032205455864,1.5268775475878456,1.907288743739044
gene_878,1.1436475064764273,1.1755992611257144,1.4423986591043165,1.846155366056138,1.6155031389985022,1.1655685175007295,1.3898242731223382,1.5878363622665472
gene_879,1.058581352868792,1.3156513147482605,1.0740286860248758,1.163426323963287,1.2678690683742266,1.0712601262394505,1.6762485100230256,2.8160400193497006
gene_880,1.1211106454228903,1.4763958117228115,2.840859841334108,1.6642048772204379,1.5362306000787849,1.1414197833710904,1.984976987167971,1.4562719236711243
gene_881,1.1508972468390537,1.5918359659268533,2.0144101313751617,1.4103962961185426,1.2644222718950129,1.0988683264264032,1.525505125120631,2.259293389512407
gene_882,1.1340158811074086,1.6384468870872062,1.453057617214059,1.529207433424267,1.3130209997660414,1.149939437882046,1.7308153420290657,1.4110178159532094
gene_883,1.1457911424368314,1.979694859621102,1.5394834239675335,1.3858949346576577,1.7960952447616056,1.1158840833452415,2.0095507442131777,1.7529477887211387
gene_884,1.054663647012285,1.305231343185912,1.2458962095805233,1.5481160079196727,1.2815378262577324,1.0560337005543525,1.387697264619765,1.0686086204278056
gene_885,1.0414387283961974,1.2230313176849295,1.8616597313008822,1.2340648903471474,1.1096022252414874,1.0701520371950375,1.3880613705625457,1.2172417834040135
gene_886,1.0484539797457295,1.5196942982489736,1.2368613102755672,3.582923617433321,1.460213342449098,1.2056756964142112,1.6042376921055188,1.195909766546768
gene_887,1.0838148426546157,1.6341069599637057,1.2992556532491395,1.3620672706107113,1.5244683329870574,1.0561858047483297,1.5662540155132432,1.3135485551930928
gene_888,1.0850956833750744,1.515946880854704,1.3472401194842152,1.584467540515334,1.2740755460408821,1.085708877809784,1.2654688865413344,1.6509072011692356
gene_889,1.042718536158387,1.3850964543342155,1.9351015982954838,1.781113955474666,1.4453210186941676,1.064876506831183,1.302788155661587,1.2358618216817552
gene_890,1.1204597502958566,1.660321841133095,1.1854048587403356,1.4763835900459015,1.6653651050266798,1.0865615355864633,1.3436543996473977,2.093358930223097
gene_891,1.075276358426037,3.2393526072653827,1.564901472689556,1.5044736080640573,1.5149678683678396,1.116381896667262,1.5624144289701865,1.701469399498192
gene_892,1.0707092825865563,1.4141000358230844,1.4918074367985552,1.7956566583495792,1.4991914559187052,1.0625393109334458,1.2927995586337317,1.7109079537644882
gene_893,1.0853912486343333,1.7691639452602668,1.749935797022699,1.3508384907953235,1.2135651091402688,1.1188193937378614,1.3111523889618513,1.2080904992501924
gene_894,1.0978197960758438,8721.010276168628,6910.518317728128,1.500337531870531,1.717501686887113,1.1654762309414233,1.6427286614077516,3.093859829175997
gene_895,1.1182634568441532,1.5463307225479994,2.0934410712676432,1.364273677496548,1.3636910688421793,1.126492438657628,1.5635092125459362,1.8250850099931701
gene_896,1.1230164521383468,2.687986859731203,1.2630356062539636,9734.730822493737,2.02744855947312,1.0510015695751573,1.2786163039968088,2.2273784109541697
gene_897,1.09098777529631,1.2076879701523688,2.6041601201959175,1.401168537637783,1.2684955905337092,1.1302018659402175,1.2098964475406468,2.3609074090220057
gene_898,1.1249215801662413,1.1374830033938517,1.4307633670929099,1.1694623283183587,1.2572812668306084,1.111143988658132,1.21739339553927,1.461297894807502
gene_899,1.1172959483105214,1.493098637863704,1.2509109810993069,1.3704048973251135,1.2544516754944002,1.0465419443372015,1.3329006796420826,1.6262799450203365
gene_900,1.0919658688959548,1.6381276295151839,1.4377524990467512,1.310016145394267,1.6041614391386332,1.093987069036476,1.3849640184586287,1.3895091827331
gene_901,1.116987488471688,3.832807352933912,1.753372349231115,1.440096790784617,3.643037521283936,1.1249079418451657,1.6604035461687976,1.3912553321271917
gene_902,1.1072949310923752,1.2541953069752894,1.52227097353122,1.7050737925705286,2.1463912779302343,1.1204611820591606,2.676534733931557,1.7195206743173657
gene_903,1.0939340452259152,1.3044688930252841,1.758128237315396,1.5972622467261806,1.8967937586973314,1.0552455726595569,1.2101884960921059,1.4106709291848345
gene_904,1.1775706591203674,1.3400883663441285,1.8345024585876488,1.4937015846328396,1.5400603418581444,1.1567716869868505,1.4102245726176905,1.3297357505385003
gene_905,1.105831743450654,1.410008132874692,1.2379803641127143,1.1669621645623736,1.901240912617958,1.0466205527031203,1.15502037114072,1.9949512947618526
gene_906,1.1516298604250026,1.7161555826148893,1.4005989985144336,1.2334693880769523,1.693429000619871,1.096283030796535,2.9223411214692083,1.317328658093099
gene_907,1.0874789165736338,1.1846698854623365,1.2789761762487977,1.2874444325908818,1.0526582678293388,1.054059690969594,1.3043471647271638,1.8433600095913425
gene_908,1.0908360575095657,1.3655097078869012,1.3569621425389404,1.1548068306301407,1.3961781167519236,1.111113904211409,1.0696035150919543,1.268485454626559
gene_909,1.0619389179906982,1.3108418232351182,1.349586176376861,1.140710893696443,1.1992526686468048,1.1181049622655843,1.1867551680574915,1.9890358905862098
gene_910,1.093297584314449,1.6542933846673997,1.527323395803717,1.2375193282285688,1.688371117979315,1.113192400160882,1.1854294247638442,1.1757844019039527
gene_911,1.108941083086473,2.948201668943249,1.3947792191974497,1.4222308303834892,1.1363493457056988,1.1959710907599732,1.6539680508212524,2.429687387999735
gene_912,1.0692862241170433,2.1305608709329453,2.0476173193780554,1.5602933761249544,1.949544527183414,1.1226453894323205,1.2172806919983952,1.3475841393035186
gene_913,1.0872007284028204,1.3530597024011322,3.4214893088001643,1.389206224203024,1.4017750214700628,1.0444293503302073,1.7183668016717877,3.1652616692167594
gene_914,1.1062049975857366,1.2614619425584215,1.3938862554969542,1.256708515680591,1.6830792319258916,1.0703057645999234,1.3235864503536554,1.6613162773554353
gene_915,1.0958360251714265,1.1700514425330217,1.2544558828600256,1.2141789223941646,1.9918787310990267,1.0840959673214252,2.1283851776869125,2.883497499604342
gene_916,1.1206407818110953,1.4397096188166651,1.4418386137213852,1.873810134194393,2.937287521557387,1.1327004810624928,1.7191715086053405,1.1641883690183452
gene_917,1.10218940217312,1.647603248383918,1.243038972626429,1.9419398714908889,1.376668294058189,1.0720348118082808,1.5763745660477986,1.3470063110859742
gene_918,1.0568544293717381,1.5178190438900592,1.4821592891954811,1.8112174436601416,1.3388063566791242,1.0621255481517715,6099.802386549049,1.094298115050626
gene_919,1.125039195027665,1.6560433515316753,1.4620724441004007,1.1555356366908902,1.8053403291738472,1.1369680520820997,1.412929423782673,1.5881994625929063
gene_920,1.1627581321418883,1.1596936297315572,2.3265728433995494,1.4864502345085957,1.3233904983009022,1.1725791009434912,1.271083378750484,1.3918565513630243
gene_921,1.1298271159552598,1.8291517041712024,1.7382028671936234,1.3703479240669836,1.6101871559690906,1.1244100802353525,1.4321774122013144,1.1430458705248354
gene_922,1.1614265693182804,1.2873280936612155,1.6495314631232318,1.3342439002041404,1.1818765002833278,1.0360925411412003,8441.884944660655,2.155829666500997
gene_923,1.1660514621165072,1.7661597538254032,3.096603963730143,1.6072570596627196,1.602368346520383,1.103015240945762,2.4076985815740604,1.6936568164823393
gene_924,1.1007829825633166,1.3776939605589318,1.614857795203053,1.6190540315629554,1.248338754705384,1.1043634669100966,1.3512966483690116,1.1537220279650888
gene_925,1.0612478934830414,1.6097646451010807,1.6512508248029776,1.954441636990507,1.2951136280410698,1.1450448596299014,1.409413298872327,1.2268539340042246
gene_926,1.150971524525465,2.25103515767299,1.403212643262065,1.2763893969987812,1.4786373245985254,1.1275923202273372,1.5792676601370959,1.8142530050756827
gene_927,1.1799302485125605,1.2187986618286288,1.9469246825956286,2.38104262234491,1.3673166236296803,1.214183993048086,1.7885928316630355,2.000641159391813
gene_928,1.100510248122609,2.361895630202638,1.2648732666727294,1.3542769137240764,1.252583923848995,1.1043189134868558,1.7545348739661843,1.5339143595741545
gene_929,1.0973951415145828,1.2252586053154375,1.4131511989992263,1.4383054285323575,1.2019114354354383,1.0842685076639098,1.3780874660966873,1.181011722546607
gene_930,1.119982366904228,1.6580350181739325,1.4290048807377256,1.946727981448031,1.2319104441364324,1.1267194050826828,1.1521597783314355,1.5695449574023932
gene_931,1.0692155969776589,5197.571370152323,2.280849146084918,1.2976017985340305,1.3367521063880345,1.0743510970443033,1.513565219897049,1.4308815315241104
gene_932,1.1256813093179956,1.4357997240856775,3.0767782133736397,1.5599981168167605,1.1397043746134246,1.127950930202825,1.558400716027928,1.6865552612600365
gene_933,1.1076355286087896,1.585873517501956,1.616138151713843,1.4696415506732714,1.5894971122924266,1.1054980202467946,2.021754749397338,1.4932561627943806
gene_934,1.0725408754678765,1.2868645780491943,2.0695531760256984,1.2463514327730756,1.7065049019148921,1.093310481485121,1.6661065632282102,1.4456902938287686
gene_935,1.0539364038740098,1.63350978367742,1.6123066605954364,1.4528147037331394,1.5809205658822787,1.1249509455479816,1.6834808768616851,1.67594682693155
gene_936,1.0781531271928448,1.9484356750205762,1.2597971028383625,1.6199266224733366,1.7002903842300425,1.0490799658051155,1.3439311722964298,1.6409354782339511
gene_937,1.0726197087883926,1.16238760490139,1.2705619425581016,1.3803775921102914,1.3489190818475862,1.0684346058992165,1.2910003806203458,1.2828966231130705
gene_938,1.168377500308864,1.4306212420688167,1.4764571236934732,2.0176722828199134,1.4397421976885174,1.0370014837625967,1.6796525572884353,1.799543209768083
gene_939,1.070492941139476,1.3499328046882029,1.2578045854076303,8179.35768438636,2.0031176385343694,1.1736021312714753,1.5077620544518255,1.2341944605363204
gene_940,1.0723033147706742,1.6206153115039272,1.2934704069940786,1.3035887377027615,1.4104101668163604,1.047290538952369,1.0661329118353342,1.8703115052807249
gene_941,1.1257478195850195,1.1510550014856873,1.4005334427391951,1.3070353016780698,1.6322176231014711,1.1726385281177982,1.3431496413082367,1.4844860221505167
gene_942,1.115699018724565,1.3173835476503937,1.4246083854686238,1.4322295177153341,1.7395946334458954,1.0297096245429787,1.2630293300198525,1.2544640019502515
gene_943,1.2011984531427353,1.6636477088076416,1.7469244408901046,1.674431748011416,2.4958060638350217,1.0570612742615382,1.2720812218743498,1.4375352152088299
gene_944,1.1478408942864633,1.4960349879830825,1.6492173706569584,1.342579674124811,1.32077328987988,1.0849887424660456,1.1966413291397575,1.544235955420263
gene_945,1.0725208223790956,1.2121869074109102,1.4423375488788732,1.3568095088666992,1.344298876747366,1.098809306934343,1.2907690199514072,1.5000253791141291
gene_946,1.1126761490806725,1.2890451438226616,1.3652593312554222,3.198740376251392,1.490823743637058,1.0915654493665568,1.837109992621846,1.3080979483934865
gene_947,1.1059701574208922,1.4651790379547458,1.2193238424791972,1.2727308835918911,1.6150705143450126,1.0794420704995837,2.1984120724791896,1.8536634387611943
gene_948,1.0599939927030513,1.5553567002422772,1.427034704694911,1.0396771726586531,1.543116562688615,1.1087101291081103,1.090332195316102,1.5173616536844567
gene_949,1.090387031849909,1.2661769768235787,1.308893148546828,1.4570624071756832,2.037797008240051,1.1078162673476728,2.5547439576295807,1.5361756456803122
gene_950,1.130888655350936,1.4443903801874443,1.6925860147779324,1.4240945310873436,2.115258039999698,1.1438695122776446,1.9778081434911166,1.2144005107743434
gene_951,1.203599408009167,1.400199423566051,2.1960681802471362,2.1166503471390787,2.3600218711200145,1.106822489034764,2.102009619418695,1.3700517413643964
gene_952,1.1200395460245491,1.3092063489014143,1.7761169628940228,1.507937320906685,1.4400251611951966,1.1503520428510217,1.3652625530223117,1.2550287446922754
gene_953,1.0526019377760767,1.7342868800794813,1.6592518722064769,1.3181447317182478,1.8171007133102728,1.0967152118234145,1.3466866374858284,1.4913409426557869
gene_954,1.0945164111475305,1.2941831708853062,1.9499677542259717,1.4629194236837346,1.2693871598018087,1.1585421390777777,1.5834346203079406,1.302816506451353
gene_955,1.104173153492462,1.5890433831485802,1.5502685143356678,1.5565414962762312,1.3813764830883974,1.0520692805190814,1.34517085028679,1.4607594415658065
gene_956,1.1004491207883216,2.042598922401123,1.4649339556883947,1.5459343258503095,1.607644610211726,1.1017169054978655,1.5381989177020075,1.3658408967073465
gene_957,1.0805939448253352,1.191151414038405,1.6016934595624384,8849.010419078224,2.9580554104171815,1.132643210722196,1.364909042090039,2.4213230508772003
gene_958,1.1330620367368602,1.5033640733350415,2.2044387286299245,1.7474665083034746,1.421961120922351,1.1124879451254972,1.6498091968426098,1.7245303596057846
gene_959,1.0611693162066251,1.8040164665374812,1.2397885673396216,2.1140690906620754,1.361253231553079,1.0858888385361607,3.034802527026954,1.3072089758481353
gene_960,1.08863313057759,1.1863090940659033,1.554429472939129,1.4698814263558369,2.2892456865305233,1.0746935410339618,2.240709814081,1.268403882466535
gene_961,1.0582816958735741,1.4600321744409857,1.6495248181178297,1.6248827859671628,1.3966829826164053,1.1190935489850529,1.2241138392309119,1.3341163000798046
gene_962,1.1799364826335603,1.087300167755915,1.7067241540020892,2.91309788449364,2.382413966211361,1.1878320105314035,1.6567394541785436,1.6202597283105398
gene_963,1.1337002309953794,1.3924934320521722,1.3574904070071392,1.229434445171957,1.5734582401282915,1.1681159364066165,1.7191827259841221,1.2528538441861636
gene_964,1.0579366216150348,1.5208604908499777,1.5492066281131422,1.87785154913056,1.3613368265043924,1.0972833178162165,1.377219587476422,1.5293770933730537
gene_965,1.1018540372854972,1.2131529349823527,1.3432348580754538,1.8799169198093295,2.2140851235395496,1.090266263464009,1.209146080658441,1.6365532652254822
gene_966,1.120385344257173,1.2027986337962464,1.573091429159461,1.3003445661865258,1.0868757374037583,1.0910161577116542,1.4884928469637673,1.8970321644710542
gene_967,1.0506419016926598,1.7675788421689234,1.50460165592955,1.121717607601883,1.353994573798243,1.0837896362942716,1.205039664804154,2.2631902277509317
gene_968,1.1100962363936948,2.037154528266697,1.5131679233747264,1.6969631845846953,2.0752562747118386,1.1955800241625045,1.662962307526226,3.3992204806570654
gene_969,1.121195216226894,1.4312145889740715,1.1127552472748201,1.192522489027447,1.0785579479894079,1.045798069003275,3.2549689987124792,1.5304996964334276
gene_970,1.0861512378844347,1.604251696847394,1.0889506384415235,1.8703918071045607,1.5748047100728018,1.129370905435786,8005.071285552901,1.1303517120655528
gene_971,1.0789726184265989,1.5664360154111396,1.387872450990861,1.309404446733702,2.119612644157396,1.1033456141644742,1.2712895209737547,1.8947869860097546
gene_972,1.0805793324356483,1.2889461028004172,1.5030447284892139,1.1944428650960737,2.022435943487111,1.083420739679042,1.5091455124044855,1.5753718536743306
gene_973,1.1092952658833577,1.521992192717568,1.3167528210311568,1.2824090848560816,1.262403280791363,1.1221429713258502,1.7276479120503134,1.0936661238194019
gene_974,1.0912663273045669,1.4946366399361384,1.5874934203520272,1.456085120515813,1.726655148697701,1.0898089656207286,1.9744065256565062,1.7587495815707113
gene_975,1.0731393344927609,1.2578180842689,1.893201616094467,1.4360767149947133,1.5267147287092568,1.0853258170073248,1.3525673783595962,1.1422992093174216
gene_976,1.1208239558286266,1.8308079291186319,1.2557891434830388,1.521595096464041,6980.8127733965275,1.0974686594649328,1.2209821779022245,1.7773013286270287
gene_977,1.0478961667900362,1.4085032370574069,1.2007642155565903,1.277058101725181,1.794804605708638,1.0740475674527097,1.1906521285803384,1.683305171905115
gene_978,1.0868681877188564,1.2831255398160526,2.1196416684508574,1.7525442370660853,1.1606527309722692,1.1113318327524306,3.5394425071437476,1.2175787884446572
gene_979,1.058588684363716,1.3325471114410417,1.1879045450649668,1.259793742776007,1.9354673071018864,1.111349237623818,1.518108047442226,1.125070075275029
gene_980,1.054388701477529,1.1556931005478321,1.5089872245728886,1.666082178325829,1.3896779898785236,1.108377768659593,1.1695275675563,1.330325970532212
gene_981,1.0620819072321126,1.44690879495218,1.4882142359667512,1.6136956739183033,1.3542728033711577,1.1383544196752222,1.9054383333490508,1.4306411673896091
gene_982,1.0396500701037774,1.3974721403338832,2.5058143116419966,1.4568778516119465,1.3343691444888208,1.1403012858135284,1.3086306529518148,1.2963130965518497
gene_983,1.199384327354274,1.6100835122421506,2.1459631924040834,1.1856771627080405,1.3895680470529717,1.1446052521506158,2.091867949011036,1.7592066306305025
gene_984,1.151271089063334,1.640910166233809,1.4351261487896367,3.4078330009819733,2.609611331476314,1.1104316855148777,1.2714822743201126,1.4314842709788165
gene_985,1.076408105641586,1.349042666545504,1.4940206296903833,1.3121421440475691,1.2808546724557046,1.1326004455749958,1.3475464707264868,1.5057291454288477
gene_986,1.0810400401535227,1.4958809339340027,2.1076505163109744,1.3247684356210272,1.5725256070434965,1.0439968361733225,1.2055227508977941,1.3075242853153877
gene_987,1.2154128104357274,1.4381253289794114,2.794364906652448,9055.181978617251,1.3461982059261561,1.0743394338059247,1.869996243610535,2.2228680193468753
gene_988,1.1122159005061187,1.6607455448924309,1.3948213551409252,1.5093199400939472,1.2025125655845783,1.1036931268266152,1.5525818835986644,1.770580697403159
gene_989,1.1616604850178012,1.4502429692663485,1.474203238015552,1.5129211205600799,1.50800529448381,1.1144312489919648,1.0996069120497565,1.4381418623861955
gene_990,1.1111646115847906,2.854432147507076,1.539028836894996,1.4417365684821255,1.7263467526751972,1.043758603441212,3.0946030143099557,1.7057502393425357
gene_991,1.1100437923188324,1.3337333414136536,1.5007283594981156,1.3343018561532396,1.5652806348567676,1.11960026075696,1.5943982197357753,1.4568259803734165
gene_992,1.0675476713911722,1.8916653241483565,1.251971463018836,1.1899593014208603,1.2887332034281143,1.169437133029242,1.627055236787033,1.5176988333723835
gene_993,1.0669273987228503,1.6447351448773107,1.6725658833166468,1.2402067448931748,1.4567760550451094,1.0914286852248336,1.141015299290848,1.4841488790677277
gene_994,1.0843160853649072,1.527673086878698,1.3180055194113456,2.025252949673971,1.5344613594302934,1.1366141392133697,1.3601181678473455,1.2798455356001057
gene_995,1.1327148177172601,1.239578622079595,1.3534754675160643,1.8826035562695593,1.386090387810895,1.0715501639607594,1.9281863499836747,1.675890093672592
gene_996,1.068314867022064,1.9522427939855476,1.752818075926929,1.5721405176933627,1.5204597668740558,1.1148368172564187,1.4526743010038357,1.393121456629681
gene_997,1.141070642568982,1.1524102991666194,3.171745811620521,4.104919659238869,1.3621422196878235,1.0823422971058183,1.5629417537610395,2.3772726295661006
gene_998,1.0658419212171035,1.1993937325465456,1.8834225003159633,1.1903698082963396,1.7104598021955297,1.1066897734563135,1.1606562419455695,2.03160752781957
gene_999,1.171706915262742,1.987429593424458,1.4306757816246534,1.489572435180839,1.1178322933946498,1.1005089740213745,1.2624873259157685,1.5722118999581969
gene_1000,1.3031157965539348,1.5484927990220891,1.2273694853870103,1.169970376253241,1.2933179429124482,1.430360902752136,2.113818155360103,1.2352305280202147
gene_1001,1.96611259216559,2.329307596745398,2.14867954914909,1.6874070102178664,1.3750294631896482,1.2728237506309295,11833.585345229172,2.453228848156046
gene_1002,1.3561071640956455,1.2412774483314484,1.477333233542038,1.4632838115039253,1.3674624480573465,1.7010699002303316,1.5029857938051179,1.1587684335495876
gene_1003,1.4037276611236729,1.820488272137946,1.4882188710070663,1.2024882801499919,1.4147200450300592,2.497161427009618,2.0799722680889787,1.634021708462067
gene_1004,1.6036074286747115,2.725768250122951,2.7733103633563663,2.4289027751348087,1.672569807704058,9015.762642568778,1.7105340856751632,1.437747465803724
gene_1005,1.1531943931455095,1.4281935153847576,1.3039720352118425,1.3782851482811735,1.4172289095097361,1.9569810991830685,1.3947279472860534,1.1426587195071216
gene_1006,1.3600769052320232,1.34588198357964,1.4177058328003185,1.882833252984515,1.6317937547874992,1.5095452552722373,1.6706236197431157,1.699486424603533
gene_1007,1.9038835023039575,1.4770920460709387,1.5140457246953296,1.2975013665272963,1.6502983611159678,1.2176078432065702,3.0550974795010206,1.2680895268238095
gene_1008,1.7874680807356782,1.5227327666648172,2.016233935345698,1.4209541125569651,3.0007468372702086,7316.832779992779,1.3616598147613792,2.5279360819202306
gene_1009,1.4089866359951202,1.3766024512482946,1.4820258883477082,2.2528492416839425,1.4234827086316046,1.794998531625932,1.9156103470062682,8314.49656036547
gene_1010,1.6024768452487013,1.373777307788857,1.6678032917043013,2.7521186734708762,1.2841969449711124,2.744619131467039,1.3713140805350565,1.5407464564455322
gene_1011,1.740035357020248,1.5279623791734835,1.4306669473442675,1.5602915575510485,1.4971276192060117,1.4789098791898143,1.6158103027254693,1.1910042631649846
gene_1012,2.54229502161984,2.151880518833851,1.2817962063069221,1.6740819443172934,1.9323619490648938,1.3064732029900077,3.2720294573171937,1.38554938275691
gene_1013,1.348877390898352,1.2690380466828697,2.0889923138913207,1.6905317871222583,3.1337895555281636,1.8746051909150658,1.231068093800505,1.16263951125985
gene_1014,1.3562831204803225,1.3120378960875274,1.9335261135850532,1.485213662727252,1.3861789287671253,3.203298250526612,2.516788914758494,1.657371140507471
gene_1015,1.4876381912226957,2.439420804865998,9377.26353707343,1.4413946879658792,1.5377743657856773,64763.88810245689,14641.234534029752,1.3614256732464918
gene_1016,1.53138604921049,2.439256568278098,1.4240319452885397,2.310470582600963,2.6054578062241607,11958.40694527991,1.2290054863596653,2.454637439092382
gene_1017,1.4666483013682126,1.2973206236596977,1.4884636537668534,1.9694117442076622,1.2289933377232751,1.8124119624054227,1.3316441926822395,1.7211309193357054
gene_1018,2.0012158642597657,3.5587283787120536,1.3559149975981413,2.164451890916855,1.5417189402669313,1.750178860554554,1.387453551980855,1.8775706897551245
gene_1019,1.1830869423453396,1.2716244655127409,1.3388295791201248,1.4963503527249373,1.3237421197569692,1.593085751455528,1.5576611500712836,3.0256172538285178
gene_1020,2.094660713178482,1.7441050166948584,1.3290008217601141,1.6137825096052696,1.3967161704010227,1.7468276240970273,1.8334006837815686,1.8808330386066128
gene_1021,10013.364558389032,1.3291897280243048,1.6864224943322121,1.306444812117975,1.3511472928089343,1.449738208883532,1.3414410589926091,2.042458357236986
gene_1022,1.7843259690796118,2.7546800693749818,1.1494818001033458,1.67856410147872,1.2399224639060338,1.3845129787541859,1.2972304853104821,1.1559361087399078
gene_1023,1.6094561169574584,1.3833459242484332,1.8820854522834125,1.491258843859007,1.4430675750447337,1.522287221115222,1.5066965182446408,1.4197930421823186
gene_1024,2.647111232696735,1.7226223790302853,1.4335483282561166,1.368407005557091,2.287960504615978,2.01767180182668,2.9792177618665443,1.3139690872066019
gene_1025,1.1359570246093444,1.834335764344405,1.6326297386882997,1.4855973838398346,1.2165366251531131,1.1561242283388495,1.1857976736588778,1.14352555199351
gene_1026,1.376677522434356,1.742033660980552,1.292405962544079,1.491484546250359,1.3805377551716884,1.974004261374262,1.2363167908912525,1.4464632491521643
gene_1027,1.4887767543101813,1.4422562718517213,1.1360632543325018,1.3599559056347328,1.339139425173365,1.2422162962580718,1.4714733198919758,1.1611260490595625
gene_1028,1.3304059819661782,2.299113460332933,1.3705300780625562,1.1918150395143405,1.1307244836168102,1.1439914014208061,1.6229200773899013,1.5266028310079265
gene_1029,1.4276799231840966,1.4028607485720428,1.6091454404893504,1.543908095374513,1.2604192599959179,1.5351652061287075,1.1807410274005479,1.1275356821146707
gene_1030,1.3847204523602785,1.4412269779488824,1.4225012235004428,1.8046249938453913,1.316511925069699,1.8516081452245887,2.8195141833647566,1.2988342542959093
gene_1031,1.7112012164378998,1.442548008456095,1.6008275541347519,1.42735801249323,1.2947795287009973,2.7067551779269556,2.7115037066949927,2.02971160581348
gene_1032,1.3528095053263596,3.869819124191365,1.2462139814434938,1.4347992354001498,11427.547634153243,1.400792396563861,1.6644064975164043,1.8017089502742116
gene_1033,1.313322850745316,1.5927968785831308,1.3166275098887255,1.8954319441634966,1.344159943104052,2.114088212189871,1.1285584116002907,1.8558096081487154
gene_1034,2.4689027619011195,2.0795649109304883,1.722703818670488,1.5880159195360388,1.422376088600618,1.2474741937145606,2.43514149117254,1.3877705132004896
gene_1035,2.0244269007728986,1.3920519471716128,1.2227927882092369,1.406540976737037,1.3588835870005989,1.7255562060958705,1.473724411951609,2.1181233773432626
gene_1036,1.5288491609688224,1.198810142583095,1.2981287580173742,1.1481041133847834,1.1554728618339924,1.569638063667523,1.1570441036170005,1.4563163796769556
gene_1037,1.5217037459536447,1.470900424032921,1.4654850591107227,3.684005966766618,1.99390147589125,1.2517280181605333,1.513379030445167,1.8077294225870557
gene_1038,2.2102287863262666,1.540258928719041,1.3163940390978854,1.602373859954513,1.6815085787338324,1.5496075669836051,2.1963470795437776,2.0858033302699206
gene_1039,1.488363589786873,1.4737008242395684,1.7338593799248012,1.2292170094123616,1.6172099974611736,1.2882601859608946,1.6644625597104963,1.1849292545205232
gene_1040,1.369141740470391,1.4700220077305564,1.318138698686962,1.6056041042937443,1.2553741957355535,1.2252171591883296,1.196423171340844,1.1543437713883584
gene_1041,1.6295061607527312,3.04662448864929,1.2442181779255277,1.2908115139047058,1.4021799036192373,1.2832793334504018,1.2481959357271188,1.4439605159547835
gene_1042,1.8317345619140497,2.4981727761265575,1.4867629294407017,1.575737761649895,1.3679547808829018,1.3634209221858564,1.1917089371325678,13193.840365985105
gene_1043,1.2074490238541251,1.497721870775318,1.3503564240080703,2.1448635104331073,1.3063874967864157,1.836068299605911,1.3449940216855973,1.4973170830495555
gene_1044,1.1694336243069738,1.2433715047003788,1.4310347255094458,1.3248309464370192,1.1666740007436407,1.3779262981750442,1.6215956517286225,1.654135580265454
gene_1045,1.9963348405884227,1.0902718494332886,1.689486210021714,1.1343388652272086,1.5768199618845293,1.434247064625967,1.216957934990721,1.2179916396044042
gene_1046,1.5471589617129988,1.6364207391344923,1.3502665005994916,1.4648184471996946,3.4266743304377174,2.9573070731606403,1.3523985186304441,1.7384379088900155
gene_1047,1.2961465828452274,2.92951827213007,1.8280807189363553,1.55094021859094,2.6125639587028253,2.057288200523152,2.1888655805532933,1.6428813465998502
gene_1048,1.4769906975847522,1.362592520001325,1.2453528843313098,1.6146733971767735,1.5377955088927446,2.8256268645418223,1.3300284315430575,1.549957274091363
gene_1049,1.1472074197758857,1.2624610062186792,1.374884168912529,1.390025542915783,1.2250291721568838,1.1629939062831516,1.2696309539088262,1.3092624072850094
gene_1050,1.171742616282894,1.2083390464620536,1.2594881619681855,1.3451451705615558,1.1550703117381411,1.8129981934763892,1.4361767805990797,1.2612154201295533
gene_1051,2.388981450536856,2.2640203340279657,10640.991346298146,2.0251226186382905,1.8056058365226353,1.6034512811566612,1.9834047002540252,1.9367427223982774
gene_1052,1.771747703009589,1.6743602586411328,1.5099807839727137,1.3953421696776613,13475.947558950906,2.4652929523272564,2.74755589519719,1.5773422142787008
gene_1053,1.839070467400075,13737.636440066432,1.2844984114667732,2.4132842097663354,2.278585004414681,10506.548797958172,1.7876469607709566,2.458021591084199
gene_1054,1.376904288397829,1.6622301829412374,1.5316147305151848,1.823620388386847,1.6710823233852776,1.767462500742523,1.2400121830769708,1.2616825111885384
gene_1055,1.7281527411051498,1.2210326712859538,1.322581770671099,1.1968189872875539,1.4561066043861093,3.2552158020226427,1.54419129930084,1.1076016206358077
gene_1056,1.4952029226737527,1.4956557096104433,1.245070480413942,1.430552554175362,1.497230601025601,1.4189412407117932,1.209120532834562,1.1342803580040848
gene_1057,1.1243861089141094,1.6007238039465812,1.820546186930678,1.2641126105129201,1.230700023934552,1.2713412232789942,1.257251450300058,1.330137205763319
gene_1058,1.2749360108511274,1.2108447292878077,1.1692862519251508,1.4975464940611638,1.3386863172904193,1.640076838724187,1.2625686140559942,1.7396622956563956
gene_1059,1.1836134550570692,1.4105352866799745,3.1545173143609824,1.2894185894126515,1.1896347754677183,1.6460267970160223,1.6517528071120333,1.6643698178035689
gene_1060,2.4107626340706183,1.3768731231239961,1.5899760173960045,1.2490843415407062,1.2610119358491139,2.189668276949012,1.5265532581592265,1.62618048005325
gene_1061,1.1495086221866329,1.257166763169349,1.3699213195157904,1.375250607175683,1.2559686245912933,1.3105322167322868,2.304739780496428,1.2364964214962662
gene_1062,1.4856880778964554,1.3827603900497139,1.1896203677835757,1.707245305519467,1.2451701243784998,1.1147185378795244,1.3610526132545915,1.4080996787689395
gene_1063,1.5873801563741712,1.4656940293661698,11505.809396593364,11642.073161231954,1.6882062381563492,2.1385167975625743,1.5183579255562567,1.6117087376431822
gene_1064,47737.99590389842,1.4947185488399448,2.357275243435381,2.2401137751647626,2.364209291272289,2.9008625916233535,1.5370905058105702,1.8358525010697293
gene_1065,1.4149655321620216,1.2099489932520007,1.7545590406493292,1.3837869178061855,1.270436764259396,1.6438187256152543,1.4085393813840867,1.2522057179835888
gene_1066,11726.630040010465,1.582072008094918,1.9062117901447981,2.0557330519357087,1.4709425317194538,1.822971663824071,2.7068260378722164,2.503136846585249
gene_1067,1.821584053567726,1.3995492224004777,1.2088186684501894,1.4326998634846497,1.1943247239026682,1.3089813011457883,1.2931930066586699,1.308745245904811
gene_1068,1.7887854787025128,1.674123594066869,8087.610433923817,2.5514846487420466,2.252722121101739,2.96150318353565,1.7631587051067266,1.5578697716313403
gene_1069,1.608090625443205,1.1870934758404652,1.458515503706564,1.1516885046974847,1.2132684212642537,1.5152315375913068,1.6302544364011595,1.2153827965052828
gene_1070,1.5822361136082357,1.2935701502307415,2.532026961629398,2.58572319772437,1.3257803021091523,1.4426701699736137,1.5363395882835305,1.675750345180338
gene_1071,2.6604672756817163,2.095743503563395,2.1449315353531486,1.4081139010824564,10929.237317939309,1.9794704631406255,14576.49365360167,13282.68983645787
gene_1072,1.3416186738101474,1.2534663966774302,1.3901802439190096,1.504196464559562,1.478899060438,1.2104068873649583,2.6362311670195226,11769.856195053251
gene_1073,1.4646459045820766,2.051453719623882,1.822558366584063,2.010344764134541,1.1845522969570914,1.686718978604346,12970.930592027016,1.9847913297205682
gene_1074,1.5371465312846215,3.1463310828121456,7775.625091561321,3.288552798669281,1.619991924064634,2.1954697812976987,1.4122267117700025,1.5068278585324337
gene_1075,1.9132248782761125,1.7020337234455365,1.4171967531209013,1.605311143200886,1.3697181487736667,1.32298665865006,1.8580276501382413,1.524813009648745
gene_1076,2.5612604198859574,1.6576126817306682,1.536885623610213,1.2756840507706482,1.9127122025386811,1.7431525259084446,1.6012960252935884,1.4404718572764192
gene_1077,1.90728281713642,1.7340356580702938,11378.047657836953,1.7128479029156956,1.2253708493655289,1.2727195556215825,1.2368795553888554,1.443540752312903
gene_1078,1.3143972927054026,1.1336524028866604,1.3578093653848944,1.3244613079839647,1.4370062273044757,1.3090145598770968,1.2746399338048657,1.4526961786194563
gene_1079,10990.837810830453,1.7325105831743928,1.5914842895705175,1.2934247815097268,2.3836765538802545,1.7340244622368435,2.273588671104106,1.3195601317495878
gene_1080,1.1786175941769483,1.3714359569504788,1.461479768020921,1.5036991527084254,1.3434864104469277,1.5949614025031864,1.2669333749321066,1.2575972983269008
gene_1081,1.5824501973736005,1.5686973841679672,1.3007615296387047,1.2725647954878478,1.0942313929084662,1.5311980632599547,1.2026453470280307,1.3714199876615474
gene_1082,1.2186763576077961,1.1587675126017996,1.351782560472068,1.5260978708612034,1.5680940398023278,1.4072278306096797,1.874712531251546,1.4525317156719155
gene_1083,1.576390582580624,2.236348282668673,1.5237332529744951,1.8437873808609286,50014.7224978434,2.5891337310095213,13297.18529616129,1.7740237941702892
gene_1084,1.1988257766566475,1.5109543230495854,1.495702198870284,1.327382266353066,1.6494611915370325,1.734012028753765,1.1346632709141904,2.00006722323556
gene_1085,1.3941533450354913,1.3729015354385634,3.0896429574069924,1.3641819807863342,1.5992575942460072,1.8397465877629327,2.033978357814848,1.7593144120684492
gene_1086,1.314333850046545,1.164031668396731,1.2619832523336276,1.1997918215065277,1.4519105550167248,1.3589628641780234,1.2691983126059638,1.3451701099454212
gene_1087,1.5666438022686786,2.012784780135335,1.5926574160369713,1.7334975540299309,2.697186178576324,3.2371986452197232,2.247640647161356,1.630246074833447
gene_1088,1.6494434237644153,1.7433907840378324,15676.92933597302,1.7057603339968617,9697.541260740109,59929.71073526706,44596.969915128815,1.9182093463164
gene_1089,2.5652519847469994,1.4823468625456566,1.4758577820089163,1.989273631471769,8878.96063398063,1.8292417406784196,1.8995077850797046,1.780666503565362
gene_1090,1.37997994941203,1.7779118355858463,2.4399075710296674,2.7490962546501057,1.3686323962433364,1.7526868600068948,1.407906369057338,1.4681088147114163
gene_1091,1.4150010020035544,1.6425919240545674,1.264078174017343,1.3019143253025451,1.4845046687662593,1.3079828069309538,1.376139608091292,1.3503854483990863
gene_1092,1.6776919201744798,1.2993599824339737,1.5085002586587717,1.5683901835832919,1.7993576535608142,1.3213623775593826,3.0670996664719437,1.4915749604904125
gene_1093,1.5701824401450577,1.278937610526112,2.036573249290573,2.2504517788318954,1.358115109439851,1.246982962114462,1.4014759425977728,1.271601819840878
gene_1094,1.232368051753936,1.3424302605624545,1.9453329175055287,1.279182437315917,1.5609421186070451,3.068138546483352,1.4235908032740423,2.393342921320365
gene_1095,1.4661080375854303,1.5609695657733804,2.5941040655798164,1.4459798561871404,1.7165403128970864,2.4137377209962514,1.3694469019736875,1.7615966563333818
gene_1096,1.315597355191273,1.1982915782355381,1.2378464521183332,1.2366722245144655,1.4655126803270344,1.3422806827828526,1.4188600349022327,1.389179229403152
gene_1097,1.6275133392094443,1.6824232834507231,1.9356289707210204,1.327917372180898,1.9675537542051333,11729.300802613878,1.5732247122400103,1.5756012975225278
gene_1098,1.8685430817088609,2.46194274312241,2.483470676790889,3.090721346752998,11337.722083382505,2.0718886872632067,1.515812691428664,1.495161427963373
gene_1099,2.5152740982578585,1.716604472796152,14651.005554931375,1.9590052303712866,1.451256409821252,2.3049235149515597,1.8584752129167688,2.2295244257298577
gene_1100,1.470181678746281,1.1226149860103884,1.2533868332863758,1.1233994204166924,1.4037925810497556,1.314163675654355,1.3095280833631588,1.8716518091294436
gene_1101,1.3069906536963294,1.4293328774417706,1.2268185749575728,1.1788178139636973,1.215154720093757,2.744798466044582,1.5275078851294575,1.2418690580319236
gene_1102,1.2339709501829206,1.2568746399609674,1.3968805015399903,1.3434091511833957,1.0833478464425037,1.4413047559427667,1.3420795779870245,1.2182724484604501
gene_1103,2.0951576128669234,1.3571302263710727,1.306223571878602,2.285736619972754,1.44481232866252,1.8946732831093012,1.6793939690056074,2.1962984618825567
gene_1104,2.056921576928208,1.8040716368709266,1.914399456129375,1.2408503544628422,1.6686959681414126,2.270710013047772,1.2257451158084782,1.4355643921755548
gene_1105,1.4852691664518867,2.0925645914634408,1.8405340428966968,1.4709660138607679,1.5991995581810619,12382.996959237636,1.3558768409525885,2.917774689084743
gene_1106,1.5933940634474302,1.1703933613831872,1.2104284413885111,1.2302336974275285,1.1163049803838867,1.29343142860765,1.186561959014554,1.4560971212272176
gene_1107,1.5629823189739718,1.422205658712542,3.2659655907194516,2.2026724652305285,1.7368814246246485,1.9521271602412418,1.603277614040324,1.384655325966349
gene_1108,1.234949009190625,1.6393064181260235,1.4508010386514993,3.0641860873685554,1.9248875037225606,1.3258843643474676,1.3773477777690812,1.5761321090740144
gene_1109,1.461651627073126,12530.592392763885,2.1946862717281466,1.2380897592912605,1.2722636172687276,11448.54136500949,2.0934559258251193,1.6268388739835071
gene_1110,55173.335893771924,1.227762375958457,2.299551329584204,10162.62727002412,2.6105178059617926,12643.04021285206,1.9141577237973617,1.884972689101822
gene_1111,1.816508849421102,1.3642450655063736,1.4125413224392045,1.5608109514403956,1.3948853653095121,1.1978761570564571,1.3946002530114316,1.33617958160246
gene_1112,1.283335949192509,1.8954338794004588,1.3564931521167103,1.2955221439445066,1.56276788952202,1.3307516232596484,1.3064571858641802,1.359068725047013
gene_1113,1.8210425273202844,1.485865075075259,1.1779144545202638,1.5832367405402188,2.1653896675459494,1.3549220824687997,1.8753147666759584,1.2755144390695277
gene_1114,1.6708224063271275,1.3341198706637156,12553.04654819562,2.0589819766651414,1.2116134737241218,1.6651334412659902,1.1731962047227953,2.0504283780136667
gene_1115,3.168504712476705,2.0750887367074196,2.378514352025978,1.8027915206713705,2.6360499514469966,1.4630192335786143,2.673432816094042,1.5731702702953063
gene_1116,1.82820359421306,1.2184669099977212,1.3027693284538828,2.057138784512758,1.6592967772863598,1.2608627643497505,1.3475149395021386,1.253891174796679
gene_1117,2.4608235650904877,1.3923951321710235,1.3181588885137616,1.1852025663019026,1.266443105122993,2.121436653780347,1.5190744442263555,1.2885907649359793
gene_1118,2.1402878441728577,1.4970815165113016,2.3366699355753515,1.660355294667333,1.6610260752920751,1.496834732780479,1.7879341148435424,12389.64887492102
gene_1119,1.4499368204036085,1.6008737954874923,9379.890390221253,2.2660514226537556,2.316404089184417,11300.494066510899,1.8564653827206945,1.3858836295579136
gene_1120,1.123732453309967,1.3668555539151173,1.43479445682171,1.796277341940073,1.7257633777907806,2.518693347719892,1.2249745073189071,1.8078555129256846
gene_1121,1.1576304403212387,1.2322994174200141,1.3681177034253886,1.2719749579731083,1.3278032465416256,1.1296922392906745,1.5130867445099732,1.4274513116226217
gene_1122,2.1484971941670654,1.4310556011841173,1.4057052110356087,8037.616029899842,1.931055224898579,15488.640086894422,11124.787123772256,2.4252139312139387
gene_1123,1.7547477383363659,2.1185872837401445,2.025236345485477,1.6572243547198973,1.6632378715860834,1.573632539184205,1.6646383721971993,1.7561619297952902
gene_1124,1.3701165346526012,1.5002512409852806,1.9431234885147266,1.7629043734176124,1.7284159866204465,1.3501260640361126,1.6936364258605836,1.6852357141003467
gene_1125,8025.713035896136,2.0134771441527697,1.821830435016445,1.3511387530617702,2.1867137791648465,11394.831340664052,1.325761514561177,1.2682508938382338
gene_1126,1.2824407900699077,1.40604750593852,1.3314176410398413,1.4934624404541854,1.6685518762843405,1.2721225975176607,1.7846114926741463,1.4745294461700127
gene_1127,1.5305168100308912,1.742977506327427,2.167620771569604,1.4859192669672436,2.527755834056364,1.6184776242229886,1.4468464514494426,8801.411426755056
gene_1128,1.5610044670389993,1.5951355820536293,2.6808277234366704,1.3092404784237968,1.4085700822915037,1.3910033234155177,1.832041367630531,1.7082337450302052
gene_1129,1.1910826220138893,2.1043335058803128,1.7173061667586198,2.861792952847319,2.8235706867845174,2.175923051438916,2.347843958286487,1.8740134064848193
gene_1130,2.3215083040247673,1.5433365654999094,2.2102725471225533,1.2558221354425767,10807.340707193165,1.2047821497997184,1.4146244375220454,1.7072999453975917
gene_1131,1.6658109063555018,1.4053408852771831,1.232151003178133,1.3552320565761602,1.7174049889255927,1.282862927332223,2.5948180873093114,1.4145120590873885
gene_1132,1.3822063154127608,1.3686344734128242,3.0421514603708344,1.4313495189921777,1.1305631687674065,1.1522495728496602,1.4529793837260672,2.594512898497514
gene_1133,1.298669405595045,2.769901874650268,2.5310821767479883,2.344963567921199,1.9957673016634252,2.8990252727850145,1.886754158862404,1.9218939138224642
gene_1134,2.7006582294640364,1.2583474848504808,3.045067907308388,1.6493849987537736,1.4784057761010077,2.5153079769161373,1.199392353084358,2.2599825512973655
gene_1135,1.7637065541374206,1.3877716932806479,1.6106013735621423,1.6361588581502027,1.8693083172340508,1.568687533966091,1.7137005351746306,1.6125677588123093
gene_1136,1.6467839515945404,2.2109761983726757,13532.570513848368,1.6324537081982442,1.217740002974946,1.597494855229716,1.2466956216519358,9580.124264679554
gene_1137,1.382725201942048,1.8723637033285714,1.1215474461590522,1.5209756688303895,1.4531769184910357,1.8565019427608607,1.2694702325219,1.251479114158782
gene_1138,1.2169723878410768,1.3844770955349854,1.1804811654246048,1.5515197252770607,1.4998154362292189,1.5243729134690556,1.6652865354682886,3.058815955202318
gene_1139,1.3251971133996878,1.974704126574094,1.7348169753209157,2.973434675683408,1.9758697615026628,1.3717174915145764,2.5225453312242787,1.364471009987709
gene_1140,1.8360695022631934,1.545004146959434,11343.162844933406,1.6139153827017536,1.5470350879496277,1.1452589438432896,1.3454792459191312,1.1917728144852613
gene_1141,1.7443871549764816,2.381501925490717,2.1657544452651316,11365.993740869637,1.7879414382888323,1.870357728379586,1.3703656786017355,2.6362695736725246
gene_1142,2.031750668607406,1.3894298391588427,9869.703850675058,1.3486338904579585,1.5556631604125324,1.5745779889973934,1.871420064681017,2.587890146852043
gene_1143,2.9532151603465766,1.1582865142998768,1.9285410541655783,1.7974728203958927,1.7873650889980621,12671.386606312255,2.8197303084931113,2.0468646930510044
gene_1144,3.0513800296874884,2.1725793737578756,1.3234283727029446,1.205006735470401,1.6380282707267289,1.5549348710495903,1.6132823209444505,1.5755684089839888
gene_1145,10036.727380860239,2.08606227236219,1.687664335140888,1.6707789058913147,2.0795624968564272,2.1770416608343632,1.5568800638583546,1.707008636346477
gene_1146,13496.826773724444,60391.07556188423,9805.40953025827,1.2540914711834827,1.9752329168530902,1.9133322312459304,81540.28291843973,2.5101917958461457
gene_1147,2.6109153189467134,12258.607654590893,1.450679977050353,1.5148402197527822,1.4176576008761976,2.630981943263424,1.8908027539371595,1.8766521256150324
gene_1148,1.5963564753060209,2.055286187630378,1.1373557725950407,1.6739668589978944,1.2401500218140868,1.4014547038397531,1.4860333917411925,2.0555292009237283
gene_1149,1.3742190143044042,2.0610730255406806,1.8939824265367033,1.6972413130351103,1.943915302796903,2.2101760205517578,1.6187895555673963,1.4557951192336585
gene_1150,11510.610147774501,12631.118386035514,2.4554547659639496,1.694228190014149,2.1535998261091938,11987.004864831384,74868.41323759052,42303.75345709442
gene_1151,1.5672994044421231,1.705085030012824,1.3497533486125428,1.2299492907428224,2.5728688526899557,2.7336336153072334,1.0973379402523102,1.7956035677344686
gene_1152,1.7480769650495893,1.1731795615852871,1.7524704795698434,1.6247470487388165,3.35692275560218,1.6625300428718162,1.2784865347215355,1.5253346435358328
gene_1153,2.0566378689445144,1.2589451294744016,1.6049449621476617,1.6627924995655528,2.009837099165697,1.4746866718603382,2.2553194029525083,1.142462978737562
gene_1154,8840.305745104424,2.254699252931999,2.0965201815099315,13031.118052610507,2.1567031317215797,3.1081331573328335,13197.282785681133,2.0491327405207636
gene_1155,1.0791034508175494,1.429006354484225,1.5374108855076702,1.3637876216385567,1.5141769518942092,1.332707343306398,1.3736470447670348,1.2943821745037178
gene_1156,1.7062729504756193,1.538884602141948,1.347038855104451,1.8007360862830033,2.367397319865088,1.505966170881233,1.6838936314565156,1.3946385690875487
gene_1157,1.1861658962084087,1.159980515394088,1.5117985929435165,1.5993299509071806,1.313141456096989,1.4990519878388713,1.597558221784007,1.3370752379326527
gene_1158,1.872299356476662,1.4542003402142465,1.8479288793272983,1.3311159680548397,1.506901286959359,1.2935031422577619,1.2699138446343874,1.723090893811773
gene_1159,1.3817615964204306,1.3430684683674343,1.2751211990512723,1.4150819660174605,1.3524680705471464,1.3838113906830998,1.6685895709785343,1.5718146982175185
gene_1160,12732.95667187934,1.5639870348628988,1.7395736344189723,2.02630784190729,14436.951010394458,2.4261066064504164,1.443495570532286,46728.200114512765
gene_1161,1.986126271005913,1.9282903237432878,2.4581901555623964,1.4507231062035406,1.5869623095192409,2.243545321166048,1.332754960185809,1.4778657842253973
gene_1162,2.350511078042657,1.8719856420666547,1.9524009492160475,1.7418484264827316,1.3041207270944917,1.3202715884109046,2.28470435943778,1.2177442481652538
gene_1163,1.3679905079289878,1.2250393403198565,1.2816381398895578,1.280391430404327,1.311701590373399,1.5349362256814763,1.60196462340099,1.1998124644898152
gene_1164,1.2741134072962352,1.8235381470321752,2.770764196153103,1.4880379430091224,1.5800343591819757,1.5862037888684906,1.294741853889786,1.463936723353818
gene_1165,2.3676831817969757,1.6564518986224066,1.7545483110216034,1.7581383883628137,1.5614812396250364,1.4009785403113488,2.3740158631174695,1.4160614524564252
gene_1166,1.5740914174980252,1.4000062881226203,1.6667737237789655,1.3467047576677165,1.716257677536334,2.0174635575282327,1.7400883468366954,9132.079918963458
gene_1167,2.4317611961602514,1.971435813377032,1.3664592397115272,2.6522118823082,1.391115278185234,1.4171727880035612,2.8517832096602707,11397.520134962402
gene_1168,1.461294474270283,1.6058012628785818,11394.930848729875,2.1815495935175098,1.7606831913477692,2.7933477644144245,1.330472322469556,1.3405236204514839
gene_1169,1.7966684258355978,8586.72848777807,1.9708773585445127,14680.466829525336,11733.211411748332,2.6559080935707553,2.734644600472679,1.9094946976342995
gene_1170,2.247281372668837,1.2213993205664404,1.5701895857289043,1.2998769180096295,2.248482650931972,2.779853997421063,1.7006599108603582,1.6182155091270138
gene_1171,1.5391866890554022,1.5212300388649176,1.4119746335219328,1.3211899899799877,1.1360524087803934,2.0076761999447523,1.3440685382854467,1.503822523244686
gene_1172,9300.559982456145,2.637826833911488,17244.613187890754,2.3001143539613422,1.7286155776965715,14315.47944055317,10505.297023776693,1.6139466442382842
gene_1173,1.3437109635003235,1.4296104131044252,1.1842768746748933,1.3966265896017158,1.7831939252125193,1.4133890614235645,1.7067610030016154,1.8738704145692584
gene_1174,1.5645820005619269,1.0889020334976784,1.1078633667340516,1.3539380594058532,1.2674448197999577,1.5045770973972952,1.191470044714638,1.446445902377724
gene_1175,1.8682002545263983,1.4826038753272173,1.4866647323672377,1.1989396672279484,1.6808767674131195,2.065482667824721,1.3482422318020406,1.165603336224211
gene_1176,10637.02176010002,2.6871699707123393,11312.870310453489,2.2442734782947547,1.6669684385864108,2.1097194094195424,1.5469554532099759,14814.8583419195
gene_1177,10252.171069495298,15052.341263148346,2.6038032082330305,1.7979030643615166,1.8782156950124202,1.8661144396266498,1.264356919939035,9654.055311002148
gene_1178,1.6211834917560421,1.8321453040671354,1.2161204755844548,1.6387713725042066,2.0939604806255114,1.9351545636635645,1.4868786012227122,1.540093451553508
gene_1179,1.3998222050411893,1.3452580715405664,1.8603142731958833,1.3914591657604,1.463978909774959,1.4914506820847504,1.553017359617321,1.5986841703834949
gene_1180,1.2740101186433093,2.1318402973527886,1.270914145157517,2.078538665376425,1.7911154575230872,2.01863251075442,11550.4857155581,1.887106740693113
gene_1181,1.2612683994519072,1.583414952554684,1.283535993079941,1.3275514555086276,1.3768498096408428,1.4633245030936057,1.5881471454171743,1.2187866648699812
gene_1182,1.4473353180202078,1.6065899308995815,1.239331070687848,1.1470084837119199,1.229864857865764,1.5742339417814395,1.428906591645576,1.3171791087756277
gene_1183,1.3253095072493253,1.5001334931229107,1.7345860385954288,1.9419474484998795,8656.216770838944,13141.996258444127,8671.005679425296,1.2656007704976548
gene_1184,1.493413070693245,1.9836165112030693,2.7581444688621795,2.135370217095513,1.2484638650435695,1.9470469633804046,1.5477454771635946,1.6878170823221317
gene_1185,1.4096035997155478,1.5287713830021439,1.3553475753575155,1.3707200850770702,1.9621607695513217,1.219952072855574,1.4445061712563272,1.212418919360889
gene_1186,1.5545139842681435,1.407564709939356,1.1485340698695028,1.2837889000516867,1.349665028938155,1.2850743140374792,1.448278184374347,1.623535813482745
gene_1187,1.3679241534267208,1.3204573653679057,1.5057169431487134,1.531344484099408,1.6109567414457813,1.528439839303713,1.832417520468218,1.5407902047093898
gene_1188,1.4508069458279234,1.829972315196535,1.5470997882663824,1.2280164390122539,1.2497891380463408,1.2253292490646752,1.6185349509686267,1.156592961339794
gene_1189,1.4718576060394424,2.470668166410289,12630.25184397151,2.4729897077814345,2.208332450352585,13875.577873655231,9143.928902840767,2.254069389690683
gene_1190,8172.059128285276,1.749270464994751,2.4165352910274196,1.421569815844879,1.972293501388049,2.0407633229970488,2.3165496856208985,14092.03899535234
gene_1191,1.245794072703511,1.3197097431897407,1.365521049322765,1.2798188144064326,1.3932783462695275,1.5112570490918618,1.3299399532586411,1.8304832136666296
gene_1192,2.374432971896945,11666.807892780877,12618.390601943347,2.1520185003051235,1.99177247720351,1.7606667675287737,1.4106123969925195,1.4864062497584676
gene_1193,1.2102352783022496,1.4283372373465122,1.3870923311248897,1.2717453993625694,1.203056240495717,1.4563679970699046,1.4025318390485015,1.2472243216376486
gene_1194,1.351914722213624,1.8141682289827983,1.7512353200784878,1.4691206953732576,1.1753374459839652,1.219514135764811,1.3119251113617836,1.166306336243463
gene_1195,1.8234640001245839,1.8498015527394944,1.4088994095837928,1.9578804931214013,1.5856249940681946,2.1695704274688428,11202.515362342827,2.2237902077010903
gene_1196,1.3172437950799674,1.479748793379794,1.4973165796980277,2.171886642858966,1.4253019195538492,1.391280968569112,1.4671863376876717,1.731355930176715
gene_1197,1.3337227921875408,1.6672202926556912,3.1116615014978795,1.9712101074019084,1.9493486418694457,2.0110836800972236,1.1604353006651806,1.81119378900726
gene_1198,1.253360183830623,1.3871507309878854,1.1439925461493938,1.1182003966140965,1.1328477802339671,1.1188487434758605,1.261140259624724,1.1483976680989731
gene_1199,1.803413136910671,1.4852229499850373,1.1940567323872817,1.4597333119802611,1.3816006495935067,1.3360365468379665,1.3604536751963843,1.3377918520230205
gene_1200,1.2759300966588352,1.5284599150906855,1.7051092391396498,1.2354221552886566,2.214277473513279,1.1304963325611401,2.1549275710155347,1.606998298417224
gene_1201,1.3798683749035865,2.1923190063017963,1.8730585062548768,2.33863344047305,1.5719923101076734,12194.890023671496,1.7230042589252605,1.3550669941971372
gene_1202,1.282281117217091,1.2940827556080114,1.5416635874130797,1.20579745135745,1.3170025167877475,1.1970776035578363,1.2248957753745304,1.8676630251530717
gene_1203,1.3062459071426098,1.9170812016310257,2.3010857865648067,1.4098770810824535,1.3232215320158436,1.8766622253481953,10514.098640379807,1.377905956443748
gene_1204,1.32203705884805,1.4456478211409436,2.996815466735148,1.4824242661727944,2.191937178036111,1.718329254966216,1.162550356887164,2.3118290261175383
gene_1205,1.2155887268917653,1.280997756605661,1.5937949787296262,1.371945334354889,1.4984342474102768,1.337894721210057,1.4339495504868494,1.369750976931059
gene_1206,1.3620064655728652,1.6139972689960524,1.2662555262868198,1.3305816250678348,1.8594007063937643,1.4007769735992972,1.2669208018904763,1.2989701283773336
gene_1207,1.4626433963302774,1.4755731027109547,1.2806817785440991,1.5301091685963863,3.1157396732677363,1.385156861306946,1.8284277578580899,1.0703023758889185
gene_1208,3.029778544969535,2.2050783677487056,1.3564243562600562,1.2299253231143557,1.3472173818472852,2.299236847435213,1.914028580575872,1.3716008409714715
gene_1209,1.9060124798435532,1.7676289436367252,2.0075225862351105,1.2673875949338032,1.5770161126850895,1.2172975058920197,1.2332103622341182,1.4363779324426018
gene_1210,1.2654034530206342,1.3369868086199712,1.4189924372508078,1.3204384974110897,1.129544814386301,1.4303920528537102,1.1408901823410398,2.7986783495792826
gene_1211,1.4311004593961194,1.3093515565179592,1.5327520858487058,1.7132167080389913,1.3397470632367736,1.839870292986833,1.4014952926426574,2.142655751603264
gene_1212,1.2829169720911697,1.1714811253309474,1.1169892413261948,1.1189107855539029,1.16907304869254,1.262281480489679,1.276823124262361,1.5201834219794916
gene_1213,1.4132944516702055,11149.43022686012,1.6183087731103605,2.07600159211272,1.5589607637154093,14962.930951868348,2.0082749444475363,1.9037472062363883
gene_1214,1.257408544922679,1.8895732744341651,1.362231644593265,1.5368389750736686,1.2252588904750958,1.3859429709384297,1.6385517830998546,1.3953219161340558
gene_1215,1.22106622426368,1.1673510634753088,1.2314030565944598,1.3315317386568843,1.8700602908027517,12645.298103624042,1.5095273882936808,1.909472154094543
gene_1216,2.610603319788892,1.8351089293527267,10852.55516870261,1.5238991925896703,2.0145177225577875,1.541946835058594,1.6677554469252605,13121.26968506633
gene_1217,1.1613533466183033,1.675533208795782,1.628042838833483,1.5594019910398804,1.2885428030075896,1.213844696455503,1.2810257419443067,1.1756351602372666
gene_1218,3.1451497436454243,1.2890977193018938,2.871036806215047,3.0708925640985103,1.213464039582058,2.9364062960897623,3.275722950853414,2.223330166114281
gene_1219,1.9942277956255694,1.7076929203414897,1.3339346751159622,1.300643868464623,1.7616288453643236,1.4097700445964712,1.5987491944482608,1.7562624549910393
gene_1220,1.3783176747510792,1.5487473201313418,1.8203375999118379,1.5710625709226216,1.2012694282055278,1.1631340551122034,1.4533461157973941,11620.684431358719
gene_1221,11014.520652769777,2.0798155590617275,2.112712465657737,1.4707887668927548,2.736911395537403,1.7580782430284074,1.3041908458179763,1.451247920919936
gene_1222,2.4123451254402513,2.6300937049219533,1.4335771099756183,1.5091484519559115,2.411218995330452,1.380400298688406,2.7670247642524632,2.2642914095382265
gene_1223,1.3912948415651867,1.5973148588393709,2.448811943274304,1.5599551321957343,2.2882543605299164,1.266550843998278,1.2766388102619373,1.2565029104825602
gene_1224,2.2150067356870258,8904.569517507369,1.5934370298098046,1.436658339867976,2.5966807461797066,1.9928796876831825,2.421409303205836,2.3492800242065366
gene_1225,1.7933049455628465,1.5430746512626687,1.796554316387315,2.0409162610954255,1.3110415019162969,1.6659267063047485,1.305181806004287,1.6652723384952002
gene_1226,3.105177531644644,1.442937862160776,1.3996454164902028,1.4451458599880405,1.1882527755868872,1.5834507841725334,1.1318818478020496,2.386672824574516
gene_1227,1.3636397979583303,1.8155184389223236,1.5279438145551982,1.265040336778956,1.455781054678933,1.5595284815924753,1.1351775750756226,1.420601725139038
gene_1228,1.9831223543108292,1.4282895876129704,1.3540854048704403,1.4273264910181018,1.1797032659241662,1.6654825802541973,1.7571645253374193,1.3234439758978545
gene_1229,1.537128874441,1.4719814561609257,1.2900219264801478,1.4358502954454515,1.302742575300309,1.6155949531934657,1.600326060037156,1.8236590905571335
gene_1230,1.4022112866943435,1.3520866255869401,1.5469146646300753,1.3763877262311885,1.1422832028141483,1.65769924656548,1.6035201234234366,1.7839377005543946
gene_1231,1.3123973799677897,1.549212915822455,1.8744028191284439,1.3926637046812393,1.2629379254926367,1.9051408184773992,1.6538033231750442,1.2355882540790546
gene_1232,1.2988249212730016,1.3926490176713853,1.561135962329478,2.6550574512195158,1.4372781116668034,1.4423273966735504,1.5691312260952635,1.3267745591501365
gene_1233,1.5806475868835144,1.291281989368101,1.6444181735680092,9069.616480647284,1.4952807250060636,10452.362596392,1.8655222806112077,1.9316905355713645
gene_1234,1.8514244646800386,1.455002738104247,2.2011584053942617,1.9882522169028152,9010.166923431885,1.8210780369554147,2.5441700303278787,1.994173418726404
gene_1235,1.4846895005096925,1.4311393860084591,1.8048227505385295,1.2144333287542248,1.378008162469786,1.6363780614199797,1.499992938237533,1.5212707601615507
gene_1236,2.1467232304321358,12450.124598567865,1.6522202897826201,2.042342537431628,2.164270670341956,15738.37776286363,2.103094880556346,1.2558942260348298
gene_1237,1.2060624345026898,1.413455197214654,1.350752097144803,1.3514384305125062,1.2936066046895618,1.1701610881556426,1.3893689679749401,1.6839412953745048
gene_1238,2.526874955595339,2.087589960454568,1.8134006370768254,1.362210987953883,1.387236078939345,1.3585613233001264,10955.353075637115,2.3368866411581415
gene_1239,1.6944008556125068,1.5381335477577487,1.4907020922054224,1.6225034220056906,11537.483241628965,1.422801430769564,1.4009198981172173,1.3876020482787148
gene_1240,2.7706987043557474,1.6550672900308923,2.6286598451119176,1.4827208942779473,1.5051022974091244,8599.368392128861,2.0991361917908407,2.6339664567616077
gene_1241,2.510589229819704,36209.70214108288,2.6396537748496973,13306.841360694647,1.9868252463998857,10777.262165800188,2.3076557067432155,1.7225476724640256
gene_1242,41475.69867645896,13633.064414752787,2.7940828338985746,6800.501047134871,1.7858258796041904,1.6962081743112156,1.5946048518228901,2.1705755279261028
gene_1243,1.4726645782561434,1.6452664651889832,3.5537016986845478,1.6543318547588117,2.1148185524866214,2.6820868046092747,1.3093922957631532,1.8835801276075792
gene_1244,2.3887939643030958,11052.419893552726,1.579856540519961,1.7925211713094606,1.6377794336977645,3.0546917506997064,2.3591973517732683,1.2839801545917962
gene_1245,1.3754167567606224,2.3632070504513587,1.715225203586097,2.413451660078637,1.5898891730373412,1.4578900359765652,1.561375769800507,1.3257909240103896
gene_1246,1.202342725888545,1.2196852969346768,1.270622010182264,1.2644328323330285,1.230588195165883,2.6662497757967976,1.7993482403169898,1.216324584512251
gene_1247,1.7033313318992929,1.1917781070136593,1.3156054906321877,1.1877299331447708,1.4218551163503403,1.2507456090222624,1.1886120594416314,1.5202178020543715
gene_1248,1.6604403757197357,1.2962352526880117,1.5940066009332272,1.5237149364674853,1.6584465035450737,1.3751061496849306,2.327470613834647,1.5810935757889761
gene_1249,1.3491378376692786,1.2042530602097485,1.407107801195477,1.2552128175378814,1.135752173945416,1.289042071896026,1.7020396243747313,1.3990446590555852
gene_1250,2.2183376702990456,1.4641727776085778,1.5863302253447151,10232.184473537214,2.3169567312934953,1.3597630772812839,13477.949733177382,11970.217188564811
gene_1251,2.033621135925425,1.38305599821744,1.5248945894202752,1.8344008590954048,1.5401933842954687,2.9098403532626924,1.2236887539519874,1.436259395149588
gene_1252,1.7786048311383644,1.4163175697618393,1.190211013202138,1.1500682511958527,1.6586618495137562,1.1958501901140546,1.7398087997420613,1.8903798689796147
gene_1253,1.8384663035975761,2.170664205404242,1.7128836492300514,1.4205384559158725,1.2577214246509678,1.580320951073774,2.1558490846380356,1.5211330592705365
gene_1254,1.9218432337616278,1.1667058126923595,1.8265210493059703,1.430563704360368,1.7867205350830742,2.074988667508959,1.490441505509752,1.1656126283988506
gene_1255,9703.881175784238,2.7895633809538,2.4328117609400106,1.4815326043976762,1.5333847141684072,1.893425719267437,10694.738981250779,9668.185390400973
gene_1256,1.2141130633801254,1.4034325079933052,1.3779026871214477,1.8328215761196658,1.2866686369818485,1.11096423499999,1.24109986707521,1.382919445676382
gene_1257,1.5296784142876625,1.4308997873347629,1.421485862105446,1.4516281422948971,1.3421866280714099,1.6765705562393693,1.3196123423177648,1.3939628750664614
gene_1258,1.2176824422658925,1.6792854926541176,1.674923055932401,1.6077328249053864,1.9260615403343102,1.7754952120326613,1.5910339393485742,1.4437221544491152
gene_1259,1.2640059149851621,1.4205055471123136,1.3611039352959173,1.5036877345466548,1.1193774588799055,1.3033830346919881,1.3214574218013282,1.3625219352034947
gene_1260,2.663986630986439,9738.57330651197,2.7776209262136273,1.5373190796137128,1.7483386862672357,8946.194930509913,2.438985587990104,10362.345756675815
gene_1261,1.3597634656231945,1.2915962879529,1.4611481322354583,1.5118074602725597,1.1543182943317083,1.5902671434241096,2.4628838031763904,1.6829324810173443
gene_1262,1.434648595701178,1.108695431118159,1.4214615009129445,1.645943590762846,1.2557997234316365,1.2627996684189375,1.409302886630189,1.224676637918756
gene_1263,1.5759251558518366,1.7748083096024274,1.3583625552124865,1.8342778238940887,1.6489436573157954,1.592303270883261,1.5600653271734317,1.569983621756441
gene_1264,1.4119644804833824,1.3531532841986145,1.698668248592627,1.806795434330538,1.5613565955165165,2.219679486881708,3.0093645769435047,2.636166838401236
gene_1265,1.6074744170946251,1.5143057557451127,1.36463097083708,1.1988302706489558,1.989295510025448,1.7612816648599798,1.7661108817526474,1.1271393783370955
gene_1266,1.3064241015335472,1.591500534044455,1.263200160720517,1.5055754234986098,1.6365742419177916,1.2396522619729953,1.2708161674204,1.3282418086645396
gene_1267,1.469682585461085,1.4536421444437404,1.3695892987746634,1.497651500901981,1.826494880085909,1.9465663212180138,1.684483965534281,2.533687911032847
gene_1268,3.1589451842054794,1.7144896970216954,1.955821805808639,1.438912734819398,1.3650915703933195,1.4066057875570628,2.7484297471119916,2.274692995926114
gene_1269,2.3630651413832275,10810.211631035741,2.3898886579822802,1.6993640809141577,2.431801091893103,3.1315764424413377,2.182471475426569,2.0846819448671856
gene_1270,1.4203547515456334,1.5411658839290199,1.8868495632605913,1.9870143229118016,1.98857817640892,2.8941588323865424,1.5664504922201938,1.3153658644502768
gene_1271,1.332608896771815,1.0811872416410475,1.0887324558454343,1.1372708412314414,1.3051420568990053,1.2242234968546102,1.6440061382558566,1.1334169742487124
gene_1272,2.976857885507196,2.413043609070575,1.8245851026343358,2.0805390048520613,1.4792592866275822,12794.132556251623,11509.517612087744,9567.347925020813
gene_1273,1.8948504149979402,1.4536349029051543,1.728980153967508,1.5097154095148289,1.84568597043756,1.5587528480066966,1.450116824975078,2.6105140679788676
gene_1274,2.0316054528494307,2.2974501651441814,1.3740297709123435,1.911541956328493,2.3906978771426854,2.986546095062577,1.7471322195908,12602.579382811748
gene_1275,11923.483961121938,2.3534268034470935,1.5610013040483,1.5539726756726926,1.4917147219390225,1.3681895900448717,2.1760613086202314,2.2968331449022066
gene_1276,2.188185114979885,1.7653986625318439,1.3263755800769208,1.298527566745369,1.7916030784480537,1.844160228383528,1.6190650125004653,1.8902845008084794
gene_1277,1.340831605285058,1.315373584283004,10123.620414295632,1.3830739014814102,1.7175816931165335,1.5617115329627376,1.216712109880875,3.215022422333413
gene_1278,1.24382242575388,2.012819349924777,1.6053824010522455,1.5452627730431943,2.9642829686945027,1.6667056570235188,2.5149976065812525,1.6205143018903774
gene_1279,1.1496647206145474,1.489969471628425,2.006912538012467,1.3650627912096003,1.8208893933755248,1.5631540742963448,1.6713158780364983,1.227825810179594
gene_1280,1.3083801159732844,1.9341757936681634,1.633619379284006,1.3573396171749803,1.5762372057216836,1.384249961709992,1.4399619785077857,1.2434022898748647
gene_1281,1.7695620762545345,2.1986448539729198,1.4206895191604383,2.754831721114881,31242.204918183106,1.3276547155430996,2.4169546135761344,2.0677713660376735
gene_1282,1.7506185154691953,1.7044185516442714,1.2178157563037895,1.4968513273295623,1.149114479352589,1.5647370825273088,1.403943185298004,1.519616766878314
gene_1283,13028.279548807865,2.5217387941643605,2.5224822998731504,1.6663216419172422,1.952270499925728,2.5733912000180603,2.629298894086706,10973.935868177003
gene_1284,2.3211544181808486,1.5139624651639203,1.822162849897424,1.5686235542024738,2.6240102719895537,2.6144799584947562,1.3707299018334047,1.4668319502008913
gene_1285,1.7872524433849946,2.3983501141088936,1.2130493748605347,1.8640567459251556,1.3961152950542315,2.5635316974117854,1.8580690683916428,2.0043195091330013
gene_1286,9300.222603232498,2.5493459777635237,1.330791310397244,3.191516858028285,1.7024936051358894,1.3904280842806462,8184.420541346699,2.130794186601172
gene_1287,2.1262662076694503,1.9602377603748533,1.6599733591518713,1.800299752430105,1.734840407771701,2.3324065054780756,14427.250741422129,1.677606170490187
gene_1288,3.316303579256641,1.3648959157450757,2.651590476467442,1.4614278567670451,1.5844254570169363,1.5814170255324131,1.1336541093092685,1.612990677463504
gene_1289,1.3979046990106647,1.2431906649343971,1.8039883082195387,1.5492869212738551,1.6011637777124375,2.092802251982425,2.2434051251760323,2.6563107245530984
gene_1290,1.7387096670607485,2.6719407144738483,2.406921060682777,1.447971511873417,1.8396055304149252,1.549994807637514,1.7321249637797451,1.4491408766380833
gene_1291,1.8016753401188983,1.9809555724138563,1.2679880978373663,3.1960913377138147,1.3810567047553022,1.6424629440880818,9386.48070728093,2.3623015907706266
gene_1292,2.091534781019641,1.2410208400466856,1.1915169116325077,1.3648346556307083,1.4063098205186362,1.6286210265565826,1.9771391900202178,1.481111371724499
gene_1293,1.5969801898722302,1.7326331681095097,1.3774902304951655,1.2171562628007253,1.4651755882713031,1.26577711672704,1.240877757131272,1.5970271925755217
gene_1294,3.119305525572966,1.2259763986112224,1.1569212963626683,1.6725318712122828,1.485856424135179,1.5623713754211832,2.0456018918710543,1.2629412103728512
gene_1295,1.4365462992679725,1.288902810636847,1.4881821938068458,1.5741466072921746,1.251856931366319,1.1550645780545907,1.1093596011546887,1.367932579950108
gene_1296,1.7340840872186591,1.9500194040829337,1.2297063170144515,1.6562397483666063,2.1258833178022676,1.9334720958897809,3.1793933131178256,1.2508670907642425
gene_1297,1.9436173819858038,3.408950108427978,1.2628630434104569,1.5416618840380611,1.6140908494987838,1.3813341100453957,1.6700360218809474,1.6326593984346265
gene_1298,1.4152700568919028,1.8090843651004698,2.3382930356762053,1.6754346316685689,1.230526565186466,1.723502758881223,1.6623864019949637,1.3128653172345623
gene_1299,1.2726741195223763,1.2575244817931328,1.3315908737731141,1.2250164524717997,1.4010030147962385,1.600414542466131,3.1026124610054495,1.5681217977500725
gene_1300,1.2716230364549563,1.4200063090496746,1.296404332384271,1.5965750132849963,2.4804411762494243,1.6597263339086958,1.2632585597693604,1.489518400650854
gene_1301,1.7954464993139254,1.5156811833453472,2.1179124060508845,1.6042179621581651,1.7560298081313386,1.3197963186367676,1.606305822928026,1.1220050194542341
gene_1302,1.0971591351020094,2.4671760782791137,1.2577298043312193,1.1319743257184718,3.2732764512090515,1.7442117722838908,1.3995082876982874,1.262971804914738
gene_1303,2.1277623320147474,1.569148380902351,1.4128431086930477,1.336066655246423,1.3905644427938186,3.443718612963224,1.2591299819186674,1.3017322200073973
gene_1304,1.487282197036537,1.8722464415991358,2.033791430320204,1.2802178202857013,1.3086630970102773,1.2702273184104371,1.2587657639393763,1.2619599388881733
gene_1305,1.8867112301073417,1.4457284917159103,2.417221780599388,2.632484781542912,2.2433954375453053,1.7227677351479436,1.8546390482442403,1.9357493483047816
gene_1306,2.117839848070224,1.2521457271809975,2.9621586615668436,1.8703866372570024,1.2791436852274283,2.4724572182363307,2.289211841060457,11757.459144861585
gene_1307,1.6026657376111728,8902.058227397247,2.357655183998841,2.060856175961592,1.7487432954706121,10084.35392779145,2.4280998034574526,13640.137505068706
gene_1308,1.4937937958431,1.456809298483276,1.521948348983617,1.42417144612073,1.6008238481665271,1.246535697595209,1.170020688619111,1.1725369534156198
gene_1309,1.8365707981827961,1.2978534739829568,1.5046040542514774,1.6378119751877156,2.7283163080544126,1.2031999388501218,1.4074046595514285,2.3984465074889556
gene_1310,1.227705604005818,1.3194862334642867,1.9103526098482753,1.987993732174807,1.2347168868350427,1.9948208306464543,1.6755295313947574,1.3942229122423986
gene_1311,1.452154910991981,1.2939657695194164,1.3470078974069577,1.4048572243960271,1.9880572595614896,1.4923735789291734,1.3946600467593255,1.6969884993454705
gene_1312,1.4443628984922074,1.204618649457732,1.1707316148971345,1.3863285229320754,1.1341567334549894,1.6466664575060732,1.4231020857819046,1.3225632908965081
gene_1313,1.257594506307766,1.8388120577289617,1.7988696851581556,13076.628753829149,1.7961604723080111,1.8230098440029223,1.5119762680761075,1.3566615160547257
gene_1314,1.6829641571739653,1.5357974102484766,1.4361026699409618,1.8970693810063008,1.3924919031300287,1.5537566015628987,1.6973219812719256,1.1858448213143025
gene_1315,1.451157234599973,1.3053660241086171,1.7004596710990612,1.1883478193726855,1.3717036085931391,1.3527369628819128,1.1521710903851825,1.6147139280637492
gene_1316,1.250772961157899,1.6222009817604552,1.2571798783243022,1.5808703521904097,1.463608285993374,3.178189882518797,1.5786045037910674,1.2320362903758224
gene_1317,1.2275470295918434,1.541501539626846,1.6579722807184425,1.2583468315742545,1.2379248646502856,1.351322155907732,1.2637022822485486,1.431054837933313
gene_1318,2.5695381977111067,1.3162141306192217,1.4534823242668227,1.2262970962271935,1.4432697036944235,2.7909065956106445,1.844758202143507,1.7435315184965712
gene_1319,1.3322232373595368,1.8708443903202225,2.199766094637126,1.3594894167363714,1.5587506027756945,1.4115121974051128,1.3233224146085587,1.3027433307997918
gene_1320,1.6855636009606993,1.6887325094884262,2.246441268448983,1.5373375691079458,2.1952764636837907,2.5318414584590934,10092.957412644257,1.823727940832878
gene_1321,2.687968384973853,1.371779923246098,2.182811064226407,2.102105367296512,1.1564710233550846,1.155418596730503,2.828275293869073,1.3380266859202326
gene_1322,1.5670888395238742,1.5805628652105908,1.3828497962367463,1.5842054905811291,2.430015867008473,1.7104290340644175,1.2772315990109542,1.7062147853030853
gene_1323,2.716397677281369,1.3356245979457293,2.7298053231348516,2.555862879900781,1.2256348319102868,1.8559992083861678,1.690551078277488,1.5910772294755877
gene_1324,1.225697563335935,1.2087059711160446,1.5686080602141839,2.6385604348627427,2.0788477917044945,1.7844628815880788,2.4069162037514844,1.6665480866612081
gene_1325,1.699954157211708,10560.125731657954,13753.555156606055,1.5481793504622285,2.24921399422376,2.5867070907349348,2.2698979043500347,30707.174122672
gene_1326,1.3980861907277344,1.4260590341024855,1.2496493618498172,1.515945873422014,1.69448391451795,1.8387237965675156,1.1107380669106826,1.6329278084558996
gene_1327,1.9378891516085912,1.2622124933002539,2.0803542229253282,3.294971755664326,1.375807122651986,1.1393363873481979,1.454559319667615,1.1927027490370434
gene_1328,1.2981542845369007,1.244913936599744,1.4199015949930036,1.5073374788142608,1.3011198854352717,2.021819150189871,1.1132248238804003,1.4062514019725314
gene_1329,2.1598065462666733,1.759312451119431,1.8783353133921719,1.8595093760169645,2.0319112169635263,1.387134696540612,1.511500413093159,1.3269730274170328
gene_1330,1.678192909840591,1.291721996986051,1.252360213362743,1.216956808833721,1.7239631698680677,2.540888365044443,1.5377624978693998,1.756073102936066
gene_1331,1.7235799154916842,1.9418142532139584,2.9169448109128426,10492.433588403306,1.9212637607122365,1.8113715192883941,16339.399219594377,1.2419258558525004
gene_1332,1.5257585047885027,1.3721555614546372,1.2885239052638693,1.2602569740578786,1.2676597419316114,1.4326045224254762,1.3327483743270705,1.3336522907621962
gene_1333,1.238310215658512,1.6894201748270068,1.4944592890829997,1.557222315967214,1.4181104875746948,1.6071209400792075,1.3973056812784093,1.6131037678188083
gene_1334,1.376307877250514,1.4809595238265587,1.2183094976332889,1.3765639139732408,1.6311823856154304,3.3254329212693032,1.4921242059180841,1.6907239241913457
gene_1335,9718.358033304103,2.0691925563078164,1.8339521947043553,14480.39867636633,2.2691493356711967,1.8698566506820886,1.7521841340040294,16230.391952359541
gene_1336,2.3901921153079817,2.5201664796975107,13878.771250460231,1.9784593843468015,30940.335743552005,1.196263066259933,1.6488751974201739,1.954563502461353
gene_1337,1.1658619077082455,1.5633862026482692,1.2772891757679838,1.766884351996577,1.376273459232536,1.4785110595498727,1.5514741772104061,1.3032877005934314
gene_1338,2.41448063985924,10317.765961472029,1.603128484671933,1.4601728092939725,1.8356879405890056,1.430923572711522,1.9862712956911037,46174.42501597159
gene_1339,2.096283116471185,1.3196730089173634,1.5405974467404826,1.091620277245211,1.4022864967961348,3.7060694180147116,1.554930682130247,1.4381886835812516
gene_1340,1.2938408196847442,1.4496665698161164,1.4574432910317778,1.199086565577342,1.278945756383373,1.2618750829522727,1.225234043389768,1.437231660894096
gene_1341,1.633044084082996,1.4547212378543586,1.3880062708407819,1.2652246259240898,1.8172883236076034,1.5667692960971005,2.0330230198839923,2.472199503738627
gene_1342,1.4047556734872404,1.917781645949329,1.4951569830810485,1.6096104241658251,1.6616351554142679,1.6197413627026422,1.67412002599033,1.419186839400797
gene_1343,1.507452944769196,1.2216998392691207,1.7844326728719708,1.399405295067353,1.4148348318799933,1.201095566293956,2.0474777696107815,1.6449857585741954
gene_1344,1.432328035667706,1.2411119824559418,1.3485089110224582,1.371324428253606,1.5340751849244019,1.4582774326535994,1.169966455028483,1.4506552535243944
gene_1345,1.6118155068192985,1.5968533862188847,1.42198146489463,1.6907884437052583,1.306424960726699,1.701985677575335,1.2306238044670474,1.2205620820281782
gene_1346,1.6916558489450073,1.6463762955323886,1.2148795347096082,1.3374123462914551,1.4185728363038286,1.3619333869433172,2.14904775453763,1.2437312974184067
gene_1347,1.7362877189603727,1.582775822409958,1.363064333599231,2.05563702826858,1.6043463916047462,1.6656856846291095,2.16956112573018,1.6182799386198925
gene_1348,1.401347367059827,1.221143180638823,1.878548640438392,1.5599185640736883,1.5311646428636418,1.2662342687328314,1.548253200806083,1.2036902904922313
gene_1349,2.661130806599699,1.5096229948037823,1.7483269700827573,2.292867349326636,2.8860856405179076,2.495051525770365,9905.726254436306,13557.343782634833
gene_1350,1.2635910034345115,1.8331861826631868,1.4327507589285227,1.5652875089000293,2.6430711271248852,1.3686376303837031,1.4523972261005604,2.6211824464017366
gene_1351,1.9788526052076651,1.1947564451809032,2.32849624352813,14952.823406873053,1.4516578529997595,11628.068374573975,10922.310582746446,1.762033887327998
gene_1352,1.2982527734039953,1.2790645136902608,1.3480536783267136,1.2257660354057107,2.198554579374788,1.1875016811829098,1.9963114054121365,1.4996594753283952
gene_1353,1.4343055430410907,2.832066081865181,29431.735235084125,12000.218360143583,2.8752350188111504,3.1209495022211398,1.6189141330675803,10602.314527373941
gene_1354,1.6199059218632006,1.7006880684971686,1.4512499539477333,1.1684448917550756,1.128306554437582,1.5676585871065196,1.469166945441402,1.4618817152883434
gene_1355,2.3551229743315427,9619.653537601203,1.7076585889857014,1.3243458616082884,1.4942448768595975,1.624586153989887,1.234334849372932,11733.107258188385
gene_1356,9399.989744031274,1.5872150060444614,10782.990398048245,1.3815565314694063,1.429602859980356,2.726870809063253,1.6865159871511768,1.4040218569580882
gene_1357,1.5373711116131112,1.6737639858248232,1.8053593960104963,1.4473452459153888,1.687424051505629,1.5408905632410375,1.5877423812166458,1.434887120350864
gene_1358,1.3210489156585732,1.3506325576085745,1.1939964316824105,1.3936462871368214,1.916022067852063,1.5325716662089002,1.4847934325288628,1.3126665780500066
gene_1359,1.40261015108084,1.6984585219973145,2.47932189785744,2.272220203006953,2.214964591958789,1.9190934756300868,2.1914118058199286,1.6131038548971364
gene_1360,1.3745652276012081,1.1937031496697987,1.6139369913605326,1.3499240852953405,1.4175509559517634,1.2598757988659097,1.2036001511193728,1.4722509671032138
gene_1361,1.685372366758116,1.859758459391345,1.6233851789567475,1.6441971991934676,1.9356510162641039,31119.030822032182,2.330786055849531,1.4100225486091909
gene_1362,2.468448789835965,1.4511499837942252,1.2363636393888109,1.6361371635147248,1.351519749713203,1.6008742413494101,1.2879929392002794,1.7614164765161795
gene_1363,1.2055482734649696,2.2060945209898573,1.786115409851397,2.246170927468775,1.5583729207446106,1.8841412856470094,2.062743492591455,1.8040656785407456
gene_1364,2.187531008532045,12455.961522268315,11904.886247694805,1.858470305178495,54480.96744799359,1.8382175008074404,1.8413263625911833,8682.316017112456
gene_1365,1.5806470013842069,1.488537659560784,1.9484116626014523,1.4424850434954712,2.046605857818873,1.4875067179167285,1.2572987229138117,3.7521483833427736
gene_1366,1.4621101694009624,2.0668931166353905,1.325440080734141,1.303860975375595,2.2787400118397425,1.1391625862190426,10615.717269988843,1.6492982528695346
gene_1367,1.398461689133792,1.0894198499422436,1.6037695552924263,1.1016431801897366,1.2492873356009513,1.2589663692504782,1.5705367571796338,1.243991883152996
gene_1368,1.4251885791908185,2.407271543678977,1.344154101261238,1.3951967896412978,2.5853815819103283,10759.267396992907,11226.364362327879,1.9749547430425258
gene_1369,1.8228327515260156,2.0679168032916326,1.4873920897792796,1.4124791965104064,3.145728516430495,11143.89551668961,1.3507000612921893,1.3574076176742091
gene_1370,12227.830547591859,2.5689296638391856,2.2845474141599262,2.011468290641279,1.3016282269857982,2.462763757778458,1.9500678921075094,2.1811757878944027
gene_1371,1.424221042853793,1.9230942192719709,1.5902843696994453,1.9979054028873662,1.5074790601299441,1.2460889561231907,1.3246764105018547,1.9285473630317174
gene_1372,1.3705650537909404,1.2553121303128372,1.5938764938914691,2.4145139932600435,1.1616408171661647,1.6279417850558087,1.3026248100177058,1.6388838965464154
gene_1373,1.7217856368836697,1.7729588705733195,2.5142950991150474,1.552541836676168,1.363347962999306,1.6927853113370028,1.1983998863195928,1.1887024545004485
gene_1374,1.5966918937265762,1.325134214149196,2.710783557186694,1.9850150977859804,1.5952724906872027,1.5701496041763088,2.5474596751368814,2.307542818621027
gene_1375,2.375290113592286,1.827073440512306,1.45454896044063,1.6137885147215607,2.3599915805165614,1.5792653960046985,1.9006816456323006,1.7521210253258221
gene_1376,1.074263708120782,1.3409159641238098,1.1023587363957543,1.5212064275014585,1.1709000514385624,1.194541177667993,1.2054774560071508,1.3995475893471494
gene_1377,1.4273995928742915,1.8916904411677036,1.5500977063139845,1.3601685364671068,1.1682653878925837,1.151573330404172,1.8912649707606703,1.4810041563352525
gene_1378,2.4842211272768355,1.3902236558539607,12074.380478060288,1.653432467641592,1.4559310713446305,2.789465835689614,2.586661092094541,1.7377514572197472
gene_1379,2.1097611646539387,10222.625636218932,1.6676322519491527,1.4662311655236495,1.6275823664937048,1.7474235226984405,2.2800375353278484,12040.33493534147
gene_1380,1.2341413915706754,1.2953346381955866,1.9390458094181662,1.4975123578623348,1.973850842108581,1.931107496380907,2.89351785872752,1.5023997605033992
gene_1381,3.710692239914408,1.8408717383876845,1.904270642658788,1.310635372088936,1.4159049362619995,1.7265379720444973,1.3184877265914303,1.6141486603591526
gene_1382,1.2851226824590039,1.2636516434194531,1.4515535505033466,1.3243201996674687,2.8348322649163262,1.5674449940561193,2.1528826530905882,1.373155546721958
gene_1383,2.240889496940445,9847.38636185166,12357.868943077583,3.3338876146036296,2.2420704950383863,1.5613178713315492,1.214859793466738,2.495031116649888
gene_1384,1.3632643975008605,2.5809719779354467,1.3625680599478402,2.0697306943980487,6288.729775512072,1.8919617368865393,1.3917775871873874,12867.381787539045
gene_1385,1.2755868079170438,1.450309709406859,1.6325246969969913,1.5919640024710529,1.7985203930147329,1.7270665041989937,1.5156477288522032,1.5508269385147286
gene_1386,2.3009498709534677,2.456662132158908,1.3033466591010032,3.304004255807408,11231.381406824848,1.3978986798154092,2.2652590393084053,1.9348905337563
gene_1387,2.1218490446790086,1.639503522687735,11220.621048454626,11350.316488719422,1.6493123377845027,9417.436204964679,1.8682883665145114,14301.791668556114
gene_1388,2.051376218887344,1.2738139828921617,1.6141718322568053,2.5352020511404527,1.5376533969917026,1.5163478439701992,1.6830545193504,2.348100001521244
gene_1389,1.7650588053648946,1.468376177765755,2.123892156319232,1.4633474920070455,1.3247618406843282,2.0398872915266546,1.242786391247658,1.4366923512218257
gene_1390,1.4791931983760416,1.69428861766674,1.7209541926801006,3.0577907105090816,1.4030781905957646,1.6035318107773082,2.9163070917879783,1.3077727214547432
gene_1391,1.6644377488056632,1.6974463664731405,1.8333868148935306,1.8386272596203064,1.811118810879763,2.0178705984024012,1.4936790651496363,1.3857930360908939
gene_1392,2.1779963958158772,1.2569280693193978,2.071111655148301,1.4223420007662602,1.3317588015687443,1.4706513960161325,1.7628067138475594,1.2160536854857484
gene_1393,1.8305472262892144,1.3939084173723593,1.9610240654791895,1.9881073830907365,1.242596403508074,1.2950549843999504,2.7526075533814054,2.3209723006414618
gene_1394,1.7702071475009848,1.5395863255583628,1.6495732162889774,1.558924642585611,2.154890675669668,8369.188990788274,2.086136905162711,2.4822439188809136
gene_1395,1.1649794142125394,1.3510015245590687,1.4845318376156298,1.243393254214603,1.4761886454485953,1.4046344257273573,1.3461949204530113,1.726115025713081
gene_1396,1.2962254307682088,1.4528569331553962,1.5801277759808598,1.5337375986624977,1.1926632349320152,1.654817135685189,8223.204139914502,2.7716594285212435
gene_1397,1.4283479581132112,2.0943175724675474,1.336275687251712,3.5520886252784183,2.5837980757121963,1.6364188930099748,1.4439904850415988,1.4461596491597428
gene_1398,1.1433979092050282,1.5212885773998828,1.1174455696726981,1.2704750102598303,1.2972898152663102,1.2701626783415416,1.23807711030615,1.2075123624081667
gene_1399,1.3957694361294095,1.3619038617821035,2.2633257524677255,1.2848791740304149,1.8816059405598924,1.4170423705102908,1.6920639797179329,1.278776231874273
gene_1400,1.9465103528550691,1.2799278105616874,1.2231699893920742,1.894081428849162,1.5000881022462333,1.4234489163884414,1.699465898957008,1.179221051916733
gene_1401,9478.429647490397,27968.95908455176,1.3543098632730044,1.640045482128627,1.8621236397379555,1.536253481969156,1.3298144592610208,2.839576372788951
gene_1402,1.1717234233689766,1.1475380467349847,1.355530433955923,1.2614441748400522,1.2042367767130686,3.3766614263723116,1.4599019208226631,1.7134063497495735
gene_1403,1.5104649294133872,2.776980637537128,1.3800397965533033,1.3150970322616555,3.364207945963374,1.267284534401356,2.8129444254393015,2.262790415214917
gene_1404,1.3721734365589,11208.963461556395,1.7256865951972091,2.287991833262946,1.90919578478203,2.8520284447827806,1.5090883626274763,1.640455084323076
gene_1405,1.6089647790822934,36895.28817386561,2.142161897116283,1.9920382277269921,12808.185161054087,8795.241744968756,3.1073029519081157,2.13983826509209
gene_1406,1.6020798569978083,1.511211809327775,1.522395641761919,1.4716489153838783,1.3356907392217776,1.5307707052182888,1.2424093044980893,1.8844256380121431
gene_1407,1.4688436583307354,3.0495302185013715,1.7801991487620275,2.819705797540282,1.8019375402160853,1.2072041902519344,1.345854335374646,12189.794849405884
gene_1408,1.1084288306568388,1.3850334494498373,1.2175597019918913,1.3062836667302917,1.3361325689310743,2.4201403223038884,1.2536050841316737,1.5068709241947489
gene_1409,1.7216029658199894,2.9966507878805024,1.7894949207453739,1.4597237591570131,1.1971138977887514,2.7693469577576244,1.7897222564397326,2.3671581780958104
gene_1410,10590.51985931482,1.8647540878016207,2.7534524196881653,46113.092326559105,1.5121389637568232,2.0252310231302477,1.7512713564002016,1.4504685102372636
gene_1411,1.2750435823440038,1.528388967536389,1.7210384373463465,1.734313491260231,1.2139865760817412,1.2564253497046074,1.3628785952919233,1.2204317183294424
gene_1412,1.294724948282254,11105.222844813832,2.726182468963609,2.640209066264415,1.9372338368234359,2.986739481256685,1.7442652650187187,1.958156886618224
gene_1413,2.6274057711617704,3.0870184293305107,1.4391969771312025,1.2791254945338217,2.607804941538778,1.2140262776297497,1.988100020446574,1.282372288854213
gene_1414,1.2463432970027315,1.6360237011320746,1.308461024496619,1.7301443269237713,1.2763756861627558,1.7957484260036767,2.335372338106448,1.3399217527753726
gene_1415,3.1384759285796986,1.3264288581129557,1.6049127993802133,2.3623298570088056,1.3441959823797642,1.5491407585359696,1.792486896768526,2.9547854041086117
gene_1416,9625.726603483028,11760.871725891844,1.6884504679091816,2.826940594148125,1.4872548195742794,1.1770009771014311,1.3327284665046186,1.770310773142449
gene_1417,1.3625446081212,1.5247646950056202,1.7102908132623795,1.8776371175993836,1.39011001679681,10871.576056849752,1.4509983206760741,1.648353300323242
gene_1418,1.9539393459111853,1.4389686844553737,1.4614386284064471,2.50800009058476,1.3623955884901382,1.6930561580206545,1.8814556009171344,1.2763863814025533
gene_1419,1.4222703058050292,1.3241865430985857,1.3732757370571171,1.782705996766661,2.932283813243093,1.087192014243323,1.8399318076441622,1.8327459837980355
gene_1420,1.6672003932666475,1.4481607955767093,12075.506219284416,1.8355437941188661,1.4892985331200475,1.603355887026386,1.7792561974889343,2.2264866050394008
gene_1421,1.5438231843872734,1.913740018657818,1.4337575496916386,1.2912616725079775,1.212287276888876,1.9386250432011245,1.3856580491966228,1.6595498021190322
gene_1422,1.6433319964048076,1.462587253231704,1.6463020089656328,1.4734559643545262,1.6473514510326697,2.2042753125184507,10269.99341523752,1.8728018467307423
gene_1423,1.2614938278475003,1.6912354036181212,1.4571518016123426,1.3163979326538242,1.2948092816648742,2.6831191615189782,1.5850507044375408,1.2191024143363682
gene_1424,1.511286311220271,4.091994063765804,1.8201699220796135,1.2106589618327352,1.4685914359299637,1.3493249017512134,1.4231598891487562,1.2394989602447077
gene_1425,2.1092112922278754,2.394199296648991,1.414676617314396,1.3232357516777147,1.4051478622447888,2.1852985876587745,1.9082456170934425,1.3694678089271448
gene_1426,1.27146597072721,1.4779420317819791,1.2070888994797166,1.3019264744072732,1.2711416595103646,1.3625853233937137,1.4944063122607336,1.6485919361552122
gene_1427,1.6498645665123903,1.5970415193136291,2.856032125709043,2.807908014647716,1.746050165343446,1.608542942892342,1.3513597476149788,2.332890954335993
gene_1428,1.4185018363178148,1.657333848340661,1.3213299961422975,1.7530292690846259,2.8645668560249717,1.6310201381619438,1.8715181610110696,1.2305084963632011
gene_1429,2.164669715828559,1.4470367414885879,11601.603114221305,1.1523871963220904,1.4592819745855765,11319.657785197622,1.3856440586507135,11349.337498306715
gene_1430,2.0255457226460405,2.0819872871983,1.2561348496260336,1.384196930728728,1.490959106531904,2.576244586114886,1.4725655939214888,1.8838082165355436
gene_1431,1.7840205110638414,1.2510705151074466,1.2730785839911491,1.461406619748856,3.74795612073158,1.7820959728307173,1.5341069972557695,2.451387276499306
gene_1432,1.8420204902976087,1.406984520747822,1.3226304993078852,3.155098871253095,1.4952963960044536,1.5914051309620771,2.1182000673110686,8145.255830660885
gene_1433,1.277697412272559,1.1549010437450358,1.2420609101464477,1.4457422979742844,1.570806764050644,1.9328691848807373,1.6063955239819463,1.414416591706956
gene_1434,1.479114328977163,1.2617487948834036,3.050839473235878,1.7381239589552964,1.4482636001027624,1.4493790776722846,1.446884520148305,1.5227434650582854
gene_1435,1.3620593733430018,1.4451573664257564,1.3270588876184837,1.2743143035710787,1.434838889118971,1.1449278524101745,1.3735558196829083,1.1909438094710871
gene_1436,9682.698400952113,1.7204818503858643,1.7219211145996063,1.6634121412194804,2.2266967036200964,1.8840484901691317,1.133966970938617,1.6562027156956005
gene_1437,1.1782551806115698,1.7794056164793401,1.203400110041474,1.3360569067521932,1.9751038149540128,1.4834813609860005,1.483169686510852,1.4299290241198166
gene_1438,1.5263238114604931,1.7246201907390601,2.77257373752067,1.6399057720704,9581.019949339305,1.8049727572853953,1.4478247487451423,1.3876052344866667
gene_1439,1.553689306710126,1.577676551812456,1.344916357584787,1.754144700876177,1.2883028035096218,1.2765769866665966,1.509101352499839,3.9429477940399917
gene_1440,1.859735141174088,1.3129321759692187,2.4314303151314376,1.432348070866462,2.347183644031054,1.3183427804301218,1.9854825509134457,1.922300777252682
gene_1441,1.3077264744426176,13656.044086604341,2.2323079609954397,1.3526857158466388,2.3707438789206394,2.3023608481584037,2.6639512920265225,10816.548760746755
gene_1442,1.226573267167824,1.383480064689331,1.1300244634587724,1.4439811076222253,2.1448714850839954,1.792466235155985,1.5158770081774697,1.3743942911325635
gene_1443,12061.150142340348,1.8244392847634328,1.6173189738771299,1.3498006510280827,13465.332348080532,11883.432264355117,12525.956882863642,11107.264983142175
gene_1444,1.1521455548819728,1.7553736382624152,1.3576052830076693,1.632175195984419,1.8287069999992227,1.4626022827233878,1.3752762700488503,1.614660792170988
gene_1445,2.286479368639891,1.1256893894426796,2.016046513458366,1.4700422472740529,1.3002475326969067,1.5928590939582465,1.2293399455548006,1.251981706600655
gene_1446,3.27746040020681,1.5688675889375074,2.003198087673464,1.5622121247754548,1.9263072192736292,1.3930448482263778,1.1450423873007576,1.441867748875066
gene_1447,1.5766301646997611,2.1228039341276435,1.2546912865495452,1.8901802474320406,1.2862037078497024,1.3743593313850035,1.4842866036184736,1.27111181868461
gene_1448,1.2385813231413112,2.0688371133615937,1.3848743043754586,1.6647714323906018,2.092050032766323,1.5526273843400664,1.9482414927398999,1.639308247157821
gene_1449,1.3048965449803784,1.199397836917133,1.5375805507105655,1.797163132797398,1.3410800873263353,1.10937088524684,1.6122005187936457,1.6654678750858696
gene_1450,13096.165258478293,9429.474615780187,2.800967559122267,2.286305430313759,2.521946324497179,12228.298755208463,2.724279544141312,1.3901777237726871
gene_1451,1.309189338602286,1.1860406815476503,2.2480348419554557,1.3293853952283883,1.5100145221877834,1.6374557868153632,1.9474722673996245,1.1284257189518678
gene_1452,1.4291881982890753,1.2801423998849326,2.059483089167869,2.740484841511041,1.4173042285755995,1.3451953638354093,2.323942279875785,9620.745035208987
gene_1453,1.3578115356027,3.2187622401655305,3.030458382653634,1.2818335437264112,1.7567694080116782,2.5181815130345786,3.0189380820908283,1.3741124375254392
gene_1454,9490.841275733677,1.6959247570329947,3.2186822853813775,1.6667689458845596,1.7217174822842143,2.5434733862586723,1.3539599900891257,2.024693535975037
gene_1455,1.57199753381248,1.698176062294007,1.3450975163146428,2.6120634363390827,1.4914822258011597,1.3432127630804047,1.4604465993613647,1.639400467774534
gene_1456,1.2331413787481236,1.7951020584819728,2.0224568404468224,1.375399222432899,3.0837417405266447,10725.618877572733,1.5563285964688953,1.9601791413049061
gene_1457,1.536992462307863,1.5291331277520814,1.3860113941067729,1.7093353501771582,1.234213777539573,1.2951858046984575,2.8492824838605006,11468.55988381726
gene_1458,10936.840891702012,42296.674350954556,2.138892008262894,1.6970971970246198,12321.547260345029,1.9288732065656053,1.985367924046427,1.8671706174795104
gene_1459,1.4695413122712462,1.2136442919592454,1.464948061010534,1.2870944265750475,1.237507211670916,1.1999146527740787,1.1138739176200518,1.180996685239262
gene_1460,1.6890939212195941,1.393443826264869,1.1485843480682638,2.5531716343527835,1.6525710919729109,1.4049648655787625,1.679274560370883,1.2432547257080993
gene_1461,2.2645586963216613,1.9167777599008256,12469.306752514454,2.1357879814829817,1.45702758032841,2.6090291893767694,1.3339959305263671,1.5177125640159133
gene_1462,1.4003338552619535,1.639585597646369,1.180122023443741,1.3069689490833134,1.2666909953598418,1.2056234616961632,1.7804446872285158,1.9757994752030572
gene_1463,1.5825821022286093,1.502994750412416,1.41748046073024,1.8794909728767275,1.7410883211859332,3.1709926587014876,1.4309306783098081,1.796177430852535
gene_1464,1.338439836131244,1.5958675756181784,1.4080542705307457,1.5052751338755468,1.4330311960164943,1.8530316788969616,3.031043892010059,1.3457266243856172
gene_1465,1.4845393298362017,1.3603772804035315,1.34229146230741,1.0955145378144826,1.287152052395119,1.3867278345307308,1.5427977218317817,1.3794320198791412
gene_1466,1.8915263837521066,1.4445125974317319,1.874514153366232,1.5137359466346638,1.2102218200545773,1.6385372816543975,1.134564274044999,2.888013705063869
gene_1467,1.1511788609001845,1.1770957556333401,1.1643347020406547,1.1580309602765881,1.9884264847110948,1.294286596656527,1.2400927677440405,1.3013210753948852
gene_1468,1.1485180357722335,1.156801772040734,1.2800039910333594,1.1639580485196808,1.427024673255552,1.5948192814777937,1.220697662132058,1.7293191734455173
gene_1469,1.7282369185748472,2.3398541840526947,11856.23424812447,1.4873096484842887,10538.726469043939,2.061302805438838,2.360051443206184,1.6076425590638053
gene_1470,10788.732348322055,3.4806572972566374,2.9502754772802238,2.169086873943393,1.3783335296294992,1.627969708706293,1.5798622327160476,1.883000147573922
gene_1471,1.3053912205832487,1.23556518932484,2.8654689546553036,2.6243445269379966,2.252565324434951,11129.482336045958,1.593512543582437,1.8745304658995308
gene_1472,1.3877625589580505,1.372729598531755,1.2028467061770765,1.0838952220289662,1.1904155372594523,1.3887549945673614,1.1751603520210765,1.2403894410280205
gene_1473,1.672227487824591,1.4782442059703083,3.422824482129979,2.335777799136791,1.5001622703582493,2.190105115531531,1.3176237437078857,8254.867495039147
gene_1474,1.5275948012978877,1.5230355470879662,1.1967927521431259,1.4106763759709684,2.6270605094943367,1.6197256635289232,1.3117316967291128,1.423640212852832
gene_1475,1.624857001965678,2.187361747210509,1.9543505655798157,1.3794130577140844,1.6578357281583471,1.6948538117578422,8829.85411658875,1.7156037390534442
gene_1476,1.273287283108792,1.2974972672592406,1.368556310415985,1.25844952698546,1.4074444674051734,1.3357552714091256,1.2091258812939383,1.5885540694850575
gene_1477,1.3677005349387563,1.3290255034184248,1.6332801843926328,1.592154981452191,12026.838301102242,2.059922236711718,1.7652829700405692,1.2523432630266056
gene_1478,1.6213565154145737,12200.278936969664,1.8440107411623354,15425.276204121583,12720.16046910055,2.95711490487089,10878.816343920642,11457.261185656633
gene_1479,1.3308540525544024,1.511297914292737,1.3742089401073976,1.6270665600704821,1.2253121073964939,1.2167664983285478,1.4628062769488779,1.6780105729938484
gene_1480,1.2510967573527572,1.503383818921398,1.3890095271785243,1.5740428895943037,1.3229307077683836,1.378600615721875,1.497365554125497,2.989394226798619
gene_1481,1.3737842275194927,1.2782288154535517,1.2488236429540753,2.715549938704753,1.7355013497389862,1.5521953486972668,1.8135026467120878,1.4415446353175572
gene_1482,1.1808136802095788,1.6469028716476346,1.9008096288440397,1.8896997912773235,1.9096255629502479,8095.886513313116,2.6705558248145516,1.521677554072454
gene_1483,2.4944831562365186,1.5991073359830466,2.489473230658985,1.4624699999222492,1.5134261251481915,1.3401940559296277,1.8457718266542784,1.201669918879566
gene_1484,1.945983999110504,1.5174762663911396,1.460532827741804,10227.118314638032,1.9641333465810207,3.0417104747184194,2.68017098916325,1.2931796089256655
gene_1485,1.119282140609686,1.9144065843508464,1.3278685163640709,1.5742470002847644,2.828411496078553,1.3349025323371104,1.956192685756251,2.251795284297891
gene_1486,1.4431783353060867,1.2865261577409992,2.3588480493436363,1.55658560194455,1.2327386830274554,1.272305278368146,1.2910897989259047,1.338939076180521
gene_1487,1.2664200887931307,1.5137613092241582,1.5647772237681643,1.582892530908853,1.3521346912613887,2.299017472893349,1.4564186538852708,1.5446211602968045
gene_1488,1.6679559974727916,2.316861572741037,2.16454479320092,1.7031809367238526,1.4337942326702828,1.7349067623686465,12605.165473123341,1.3033369249688171
gene_1489,1.4598518939403196,13105.6843581788,10297.25521871849,2.092614446633876,2.160295095623324,1.8438101666386033,15110.629812453077,2.1014142754686636
gene_1490,1.2893685006077586,2.4372067039552534,1.556189939509616,1.620013436243196,1.7179823640045555,3.5218773330209094,3.4166594339831637,1.6273534721973626
gene_1491,1.170522861019148,1.2347884243477738,1.6472490547738663,2.4756788854121847,1.5218421082165094,1.6714654140968437,1.3932493570702602,1.4772854119016348
gene_1492,1.2523786300418704,1.7902732343126526,1.2019424190797514,1.17693595850551,2.109792586193566,1.957380700665386,2.1118993260381087,1.7687186978754226
gene_1493,9519.970881385361,1.2768602640482787,1.4584486912742802,2.235833777916068,1.5561890992124858,1.9954711129545473,2.115474525020016,1.849034644390442
gene_1494,1.5720905301686443,2.5635849873335235,2.184604354886611,2.352479919670966,1.7456244335199915,2.590790396552094,2.007167851775947,12633.560118431746
gene_1495,1.3205426190402145,1.464375713575756,1.292729124180472,1.5022900054208983,1.339336265931732,2.0986760577564945,1.2914072884212706,1.3248437696569542
gene_1496,1.6828974338674354,1.2093921614418575,1.744996441827758,1.3174505213951557,1.5848147705572373,1.4859889533474522,1.3347252142111703,1.5359155130799977
gene_1497,1.6857939635809145,1.6936512429435664,2.7690359330802345,1.3644911028001099,1.3568829632633304,1.9434301835411816,1.3112808532508986,1.4565189142265091
gene_1498,1.5041863841090763,1.5519822744170502,1.399470020252918,1.6663336690488157,3.1046453979887962,1.519107928385789,1.9181773566470393,3.4949301389163594
gene_1499,2.1116136236507934,1.6258834787126821,2.8335272148533064,11869.926246024046,1.7240858984928291,1.747683335766216,2.2960405908420616,1.2510442107094546
gene_1500,1.3678586429183075,1.394490069603065,1.3037847717886724,1.5805597328222643,1.2663352912322539,1.6515814116836074,2.7688727022145687,11255.634932408608
gene_1501,10162.008914304719,1.2618542356487945,1.9159947772660542,1.3204445790255275,1.8567138854020593,1.986628186877301,1.4931651071549201,2.813013119216143
gene_1502,1.4863679394850744,1.5534244106313868,11105.802631439032,2.2209279879854926,10893.754620146588,2.557725546607978,13609.48604862803,1.360923415605752
gene_1503,2.1385701057162874,1.4532520622556049,71482.459594972,9378.068190644275,1.5885703605188386,1.5300533629532695,1.656278843462788,9278.713776707504
gene_1504,1.3649922022625605,2.986581147736413,1.7193708916223234,3.289858641702481,1.6999511901378235,1.082298395055551,12551.413294542152,1.4298093559898613
gene_1505,1.4263512165185244,3.2303321910879377,2.9398544703701646,1.929057077645192,1.3087226959350662,2.721884001778127,1.6026991886224566,1.413621987019521
gene_1506,1.6611953914989142,1.306254981654443,1.8131856705957912,1.2377173469228488,1.5563291172291878,1.2120469615172473,1.197887362613235,1.09947284551971
gene_1507,1.533037878907487,1.8322739907196088,1.806412576813628,2.517079862126425,1.8871531388302283,1.3743453713390992,12118.963380478841,2.117354947727516
gene_1508,1.4430786265251048,1.2365671723111045,1.3603439005064135,1.1879004396405954,1.381074081846637,2.0197773698492814,1.345440766683538,1.5555888030060452
gene_1509,1.7967505375619424,1.608104214572807,1.2341103510787994,1.6196898235873158,1.813041645962449,1.6976802775040745,1.36582803032287,1.3148407406935683
gene_1510,2.8859494316869294,1.3472172045790196,1.3018796583836998,2.5536711761121142,2.2472554646280756,1.8645267839612805,1.4514991788244358,1.3741117341906806
gene_1511,1.7945102993841973,1.5306968792871325,2.376629171745655,2.123589640275213,1.504287725729902,1.6734835936894727,1.379597471465802,1.4839117097538694
gene_1512,1.4543964815940436,1.6241252388553908,1.3911161447864728,1.3645595017474976,1.8338069418856693,1.340199126803917,1.5059868219942447,1.2955217481814636
gene_1513,1.281045031486279,1.6780605641571948,1.7714977176877562,1.9493543929308241,1.1690951505628757,1.481617190743314,2.8298100320611,2.542479649346864
gene_1514,1.7541222152519478,1.434768218493293,2.5123631486793663,1.3764118499385904,1.5435566440987414,1.4210373575256328,2.4307486476259,2.006404653943741
gene_1515,1.1595391648728979,1.418031154228588,1.5067955586793096,1.2212091587813734,6822.8919382776785,1.6880563288672705,1.4770945059392855,1.3788234328885944
gene_1516,1.718658417568583,2.1965738349671207,1.899123127069934,1.1998496413950461,1.2577944339320046,1.3776257495116053,1.8431022314126326,2.2840257486825792
gene_1517,1.521628267956457,1.2695313744004404,1.1177841492912461,1.3604061582734863,1.6764106109736978,1.4939241834856427,1.1977019437044314,1.3174256819831816
gene_1518,1.275177555185444,1.3607188402347983,1.3818291871147774,1.6763514586496184,2.732789088388049,2.532959330061181,1.8210054254184296,1.5632507227512182
gene_1519,1.301364414632649,2.130367059143765,1.2438426595755723,1.5879193368500435,1.576188718675235,1.337246037573437,1.3765689764960207,1.4887900735241608
gene_1520,1.2205607149456483,1.2107674926891725,3.584736455837257,1.5239069294133858,1.307249181214681,1.759081507861783,1.5275271529864634,1.5400603179568404
gene_1521,1.2052764481806266,1.246051191127837,1.4053699257627614,1.5156775699559248,1.1293956186314085,1.346506106190783,2.067507925131778,1.1829686539322057
gene_1522,1.3034466356881764,1.9898280324430226,1.563133231845257,1.248385368594888,2.2926390236687073,1.8922963233915127,1.5632414709939055,2.5696356535477256
gene_1523,1.5122398421724053,1.7820390702821474,44449.97889507317,2.2418401883828847,1.836994567844977,2.430377339435502,2.5072910567382953,2.1826422202515774
gene_1524,1.7656712893283035,1.5848803012802692,1.84852201331148,1.4804407025987332,2.4060167053612695,1.2813352035136942,2.8927088773918426,1.5826266674892902
gene_1525,1.2706742068124695,1.7493484476435164,1.2395347684133837,1.7770837908685055,1.1329595308594105,3.0225982325964034,1.7172671146289022,1.3717592754929386
gene_1526,2.308155397265196,1.521088121747148,1.3825023102974825,1.6136597508571267,2.161946909847413,2.767708190025438,2.454069956127355,2.2931550733958366
gene_1527,1.3348912358165796,1.3287582415759014,1.2134025071177013,1.272470556601039,1.0996370611877064,1.207227032913316,1.3485253328673497,1.2569376187032384
gene_1528,1.2452915445780424,1.5480375653071927,1.4203181449100684,1.282349702689752,1.3814276265999812,1.4005990749220214,1.9896714026773978,2.3759775075170855
gene_1529,1.516013696833343,1.300886355238037,2.644114175960981,1.1946298540313869,1.2025841640922346,1.403697727509289,1.9594701086404,1.468232916653061
gene_1530,1.7566815962019138,2.0153057224445914,1.6373761744472342,2.0015308881136917,1.37642254466596,2.585875842818441,2.092713583072875,1.3738366786260574
gene_1531,1.1810630713285595,3.8070718135755066,1.4412691246815066,1.2887813526759804,1.5225548871804475,1.3762140680254422,1.3435017667352094,1.2077931815254004
gene_1532,1.2548875570484193,1.1571683032520053,1.2915920258848803,1.2705461847999497,1.266935386477499,1.7213923459113571,1.1357919700640484,1.2832607675630936
gene_1533,2.813742635234322,1.5144158218115358,1.3138988012132293,1.6039395290735419,1.5095408715682614,1.467314761263937,2.3344525130397353,2.3699185518919204
gene_1534,3.2733870288390765,2.51664822862595,1.9068992017551452,2.6617783126856276,29562.754936990004,1.7144565592127032,2.545137018137966,11473.404334798017
gene_1535,1.2240043724083485,1.5430719226392924,1.3054538004953984,1.1647739840084117,1.3215479544702853,1.5903637358884024,1.3360284796108106,1.2525485322153307
gene_1536,1.3418860827836891,1.3600039862364655,1.2303103042022476,1.175077762472848,1.7922459220461255,2.033178944573521,1.6905127208468709,1.5591302155995306
gene_1537,11344.402637964293,1.852380972410067,39017.07569313293,1.7706106942473858,2.6428314752347846,2.5299913729548584,2.321636038372731,1.5730931519121991
gene_1538,1.3318500498348824,1.1646859837678067,1.5640288963236864,1.3326449308617716,1.422902356144171,1.1464151236382343,1.2202950760994524,1.697027751437848
gene_1539,2.2215211059140043,43494.77156523744,1.81190077587345,1.741698424186265,1.444449231810828,2.1432112219624364,12123.112453570164,1.2949573858871335
gene_1540,1.5447828445286567,48648.93700342989,1.5237059843731453,2.2544329856963143,1.8929958782844878,1.7302397722313407,11632.378722904094,1.577138064568614
gene_1541,1.3386593974841094,1.3189297936505668,1.3267397002376429,1.1765120922222787,1.1679079381851263,1.1522312760165199,1.5521899565483102,1.2919695112407021
gene_1542,1.565033133109795,1.3622766414603698,1.5142611323085307,1.704461764323362,2.4770406717151205,1.4926117991914327,1.5833963082709717,1.1357384042939174
gene_1543,1.5350097041728188,1.4761793873123743,1.370686443270184,1.722739077546702,1.641517383856498,1.3504561438903686,1.5499853987501577,2.1585046492256343
gene_1544,1.2760101345592114,1.2051048061158742,1.7780755608503647,1.8233178988693552,1.532421519084181,1.965141229182817,1.4169830281951061,1.5132861321320221
gene_1545,1.226631795164352,1.0752823220892962,1.2694868716905086,1.3039781766760787,1.207778295224512,1.1934888461320583,1.0717955517816424,1.2373304876864504
gene_1546,1.295960922365266,1.5695408428481308,1.2161823797582472,1.3140387797938122,1.323295184573571,1.862153936737049,1.8835929870046688,2.0363724586720724
gene_1547,1.3738435847698356,2.8802899281048164,9886.526018537901,1.488031164641048,1.2712993509937407,1.747825302672677,1.2347815497490426,1.4535696232111717
gene_1548,1.4375583333886732,2.2628202302855196,1.3609526098291316,2.3952936533127307,47471.55969189526,1.340896703303893,1.2821159913584472,1.6176501532124852
gene_1549,2.511130500804663,1.7350469993456241,1.3369265995935404,1.5958355302625677,1.2908342890587083,9472.030506267394,1.7613372103150962,2.56416603410875
gene_1550,1.6571050843730166,1.3720400088373153,1.6058618606623134,1.4380409514804922,1.405402916951311,1.3132421109346053,1.5600229522837787,1.5270571131091148
gene_1551,1.3469770648007553,1.5431236766340966,2.036277740562955,1.4071307458157936,1.45194073487267,1.620744571083319,1.3537428655735158,2.161501909682541
gene_1552,1.7300027320506637,2.219269502524169,2.517147205076146,1.7206941210806503,2.7171058832047588,2.0704067907552908,1.2095425956471175,3.257162447432776
gene_1553,1.276726330454219,1.3308772277552827,1.221817640040871,1.584866447192005,1.3268167678444134,1.9072267261486695,1.4971557694289646,1.1776760848897287
gene_1554,1.487147283459306,2.0633047337796544,1.210846778514049,1.6200507363549579,1.3490997878675242,1.5035032305478981,1.1913281638261317,1.8029988784267417
gene_1555,1.3473962880341082,1.5037975734244335,2.3245157781463317,1.2497729980837533,1.2251181372955515,2.4146486270171432,1.5267766345269114,2.6020342896418405
gene_1556,1.3974513760498362,2.024341144587555,2.798214399022582,1.726368888880443,1.4501709342465976,1.6815239188593527,1.360820254292144,1.448476450852359
gene_1557,2.1061047695534056,1.2800982991822254,1.5546994386319608,1.241298452599656,1.2758985635352125,1.4132098711663026,1.4701923904700986,1.6763560627326026
gene_1558,1.285631510037776,1.4490036949807297,2.153077019669401,1.4740602550247797,1.5727535308369174,1.539441134708119,1.5653464916136226,1.3558312597248958
gene_1559,1.4234707929110164,3.3688271775791088,2.9224771052291936,1.5464705600139155,2.141017616924088,2.6622288808109604,1.5798027944634667,1.3995884361221518
gene_1560,1.2810675946653423,1.30699751853272,10739.60547782411,1.3508207596959703,1.171108617436582,12108.16070319224,1.6314068330221032,1.7454864936516492
gene_1561,1.4069448259224102,1.450393502450906,1.6743208708967718,1.4928382251867396,2.0398535048464983,1.3222526909678178,1.5196079159167506,2.5886191879949143
gene_1562,3.5314116713961075,1.08579446443192,1.2535896259957269,1.1689871499078703,1.4651537800207692,1.4612396822754132,1.2395294673843888,1.3224763154475045
gene_1563,1.3144413382961508,2.330839371981131,1.4489639529929408,1.3230491437524579,1.2217468544171914,1.5370051000389204,1.525423901639855,1.086383666188938
gene_1564,1.4582817576606464,1.3653089959199423,1.2460324784183925,1.5191340377641565,1.3680489018902295,1.3969511118169085,1.494559729850622,1.6166425716589488
gene_1565,1.4173537255830329,1.616051594948293,1.3739007020904368,1.444628918910085,1.4712805130382445,1.473397814327981,1.6094432345655834,1.30560810916963
gene_1566,2.1019132550363313,1.5412270088667102,1.7395228474884548,2.812339639086129,1.6356744339833502,1.899141374987878,1.2995417344752265,1.4743293051947313
gene_1567,2.068562855670075,1.7213717027860684,1.5497893881081404,1.3031703251382536,1.3148604092061242,2.053798779810929,2.2761037867913583,1.4049353389396517
gene_1568,2.638674342309441,2.108788278433929,9735.556090935856,12254.37050342816,8009.06405561435,1.3031081759248486,2.0895925023875535,1.617306273193807
gene_1569,1.4350965276893233,1.2620674944634176,1.828435794747009,1.3767231625406868,1.481461721279921,1.4508892030391998,1.3693856711957255,1.2292888200241265
gene_1570,2.1671451803345834,10012.349808107516,10101.09442926661,2.496886679201905,11911.861758833717,10951.947334132738,1.7874099343372127,1.863644899018746
gene_1571,1.261174392312681,1.822044120816017,1.529364581793141,1.5373918816179784,1.352875719681692,1.3792306273249375,1.8517683978792965,1.6742878190466943
gene_1572,1.4624568404684677,1.4193567775171787,1.7274985974081554,1.3323256229965594,1.5750587428195244,1.317942028252374,1.6100662499464566,1.3922893915868355
gene_1573,1.2302339235101418,1.569425519855761,1.3841249702139582,1.1113534721718652,1.3964902333329574,1.3342992710757535,1.5055192516846467,1.2241551392628842
gene_1574,1.4041855904200606,2.556648498061684,1.8119500138001288,1.279990162090912,1.4910469726184006,2.2961636903844607,1.773050378823888,2.241045218252887
gene_1575,1.7311545451371402,1.2174818741934024,1.2916962939907484,1.5356977421677032,1.6418920439468256,2.9523266153580843,1.4421507613834335,1.3033464757394049
gene_1576,1.384115702523736,1.6637131809647545,1.9824588612424006,1.422877505273793,1.3080476509518768,1.5188443032902343,1.1840199081544425,1.1399251059490307
gene_1577,1.6482392294791344,1.6554865600466993,1.4971427447411771,2.8278910434103732,1.3418443835928797,2.1042237701090336,1.5061063367964695,2.196479735880014
gene_1578,1.518539658141821,11002.548971194423,3.4297405944156685,1.996465666027616,1.2325536473360765,2.0749894888403584,1.7999765478599359,2.622585000887903
gene_1579,1.2952415760877742,1.6198550239537264,1.5086774445138207,1.3290658405079498,1.249786727983245,2.4231866110131572,1.3495635436821045,1.1626187348736752
gene_1580,1.4340960967051817,1.3634429905228398,1.5516381069825487,1.5129980051983027,1.3981752589315335,1.3634846559180296,1.2955924961548606,1.629131658522298
gene_1581,1.0813377320189566,1.183269424589476,1.30133613923322,1.435604903688831,1.2603556965429636,1.3000274921386363,1.1422391725870265,1.4726168970114208
gene_1582,1.2208298636693768,1.8436062595969525,1.7730553149779982,1.7463494735292804,1.3803296343735705,1.234793501877584,1.5347115155816666,1.248484481158669
gene_1583,1.5931923056059727,1.4457659854390494,1.6330292876008596,1.5595502657270413,1.3514585054116777,1.338458243846355,2.09568992943121,1.1985272246796068
gene_1584,10099.518784243872,2.350935182540178,2.0207532048751338,2.562243555249602,1.232399012337529,13570.15761692392,1.4369117873890116,1.444473844874538
gene_1585,1.980554265545053,1.6079719118356544,1.8690148551227368,1.7159528570539482,1.9887249386340675,1.5003598668228062,1.4051318801854624,1.4801406447848384
gene_1586,1.3899366215111137,1.4037528759081719,1.532994005994378,1.7339635995753708,1.5965351477828376,1.528120430457787,2.4088793356166205,1.5919080784940502
gene_1587,9980.330124647364,10274.996186422715,1.619390632336595,1.8375530171041474,15092.212813135113,11089.78426593396,76721.4205139827,11224.277022315277
gene_1588,1.9434532092370413,1.6152787056266256,2.2053254800330744,12282.949597149298,2.806899454586755,1.658048970721603,2.2187212127011735,2.598263023874162
gene_1589,2.0064715383581295,1.3624559120945632,1.315832058083946,1.3431218592416465,1.434619685193746,1.4266614364382597,1.5100312060417167,1.346205692385819
gene_1590,1.9458039537367298,2.494143921186304,2.464180784495995,1.6958456582083075,1.6458165426972995,11004.328202182722,2.2193143358293326,1.467543581955491
gene_1591,1.4824637613831002,2.0335698949671643,1.5545880514322847,1.4958007213986866,2.6480977333209834,1.5940053473466882,1.8114520238211487,1.2050491228317375
gene_1592,1.8061703598490781,1.26371425654749,3.3419626970132157,1.1857552996875738,1.3171499824915365,1.6923489917155332,1.3744563949134407,1.5386915442333056
gene_1593,1.222876584922275,2.4850844445818914,1.3408903493353428,1.6372445034293954,1.5947172467088742,2.489179221789774,1.5481589158716513,1.6433481532014154
gene_1594,1.4405529171825366,1.2397946857802191,1.5464390453044152,1.3322821792932558,1.2134863632623578,1.1583423080478628,1.1929414072577458,1.324485056891263
gene_1595,1.8172757707670526,1.3724688749313443,1.4390597284867372,2.3261387797654436,1.948530556217981,1.5291567031379625,14098.001839654598,2.009705166757592
gene_1596,1.6553228885955338,1.4084508096981379,2.1686090760086993,9284.518746079428,1.893713653190818,1.484017010222041,1.625645855040911,1.2989780805445532
gene_1597,2.294026400696207,11390.143165770116,1.1813321548653992,1.4768622361438406,2.9066006454017685,1.548910166491786,1.6340520341239406,1.5321537183542189
gene_1598,1.3317885958999953,1.4146316266317909,1.6986343831049688,3.931263108824605,1.2260272444536056,1.0653106639741567,1.6255657155043912,1.5317548671564645
gene_1599,1.8060783092032124,2.089006758325666,1.7231318857708018,3.0023873126033434,1.9403058631293222,1.798705337463842,2.339742675417431,1.2631984260543105
gene_1600,1.4072394453063104,1.389493075720624,1.1800690011630608,1.3987488920858704,1.2086261601809356,1.4888922775865276,1.2423156635517953,1.2167140335325475
gene_1601,1.2598216512978162,1.244951543016479,2.5788592330269977,1.0590504014351263,2.0431842194180794,1.6626207439290128,1.2417387621036762,1.5592657805046537
gene_1602,1.5352557904713442,1.794152384530831,1.5259317504315935,1.2559334683760517,1.8420667408046931,2.5207349440451186,1.2306554544679278,1.3771340554412121
gene_1603,1.179024326474858,1.3830346932434585,1.3396570461040074,1.5636541536732684,1.7595441206741016,1.9439462962983054,1.3996539382300364,1.5923103878850189
gene_1604,1.466442979194285,1.6057044678075498,2.0938700370410332,1.2539268104869015,1.4772670557320722,1.7822920772982143,1.304782476698333,1.865391291696612
gene_1605,2.074916526193703,2.1887210715773615,1.4253294704686894,2.178755127936406,3.062195863612998,11562.048731282894,2.809976112416315,1.3833254552917784
gene_1606,2.3614053767322902,1.612470161471933,1.816574533437089,1.6876807303228505,2.1668525242106833,1.7943786753027926,1.165753812122565,2.156121234130218
gene_1607,1.557926634751143,1.3160854645802846,2.1207388029018412,1.6783678650187306,1.791008078815771,1.8348263657101267,1.449183383857248,1.8653984683603202
gene_1608,2.000181525720944,1.5023296919807787,1.7029082780543183,2.03998300165413,1.8219673347485394,2.41838064613043,2.85118672975594,1.5484411023471591
gene_1609,1.4514812207818255,1.2992005761448084,1.2577612883588676,1.354723201829754,1.4209609514382768,1.549358176461651,1.2719482678520642,1.4621852245917997
gene_1610,2.069661611751543,2.9483859053355683,1.5665013198655309,1.4028171006768113,2.6872235514109537,2.150510457788776,1.6111610720847485,1.2630393184424866
gene_1611,1.552774746057348,1.2156242251627067,1.595247238203846,1.190783362175069,1.242485469113363,1.1770036062629556,1.2394706213740947,1.3869890686721849
gene_1612,1.17410384000584,1.2963736912887442,1.288603383709264,1.1183044656934757,1.4199504907663925,1.3134576757925873,1.3115018017898,1.2348790456629832
gene_1613,2.40070518398022,1.5805520287060153,1.2827783090961136,1.6511025519525764,1.324559812718346,1.8805849699631405,2.691478259050692,1.5787895057766872
gene_1614,1.885253908031556,2.085625758012623,1.7147366118945035,1.675589333317624,1.7662711154890416,14080.710922698492,2.0849500869480795,1.2566624712182735
gene_1615,3.2311460544493724,1.3788824967218936,1.8753299403629378,1.6900025871887399,2.5265460419594117,1.3682071549315535,1.1695756887894995,1.6007839513196573
gene_1616,1.7607284078828953,1.0556287268070568,1.4897826653881525,2.349718978606025,1.3770836101051736,1.292131107526823,1.4945389590419222,1.3124255069671529
gene_1617,1.3478737297385492,1.8772024171265604,1.5783957567318085,1.2305190381866944,11930.574270050922,1.463612565361095,1.467224381241279,1.8580113739573716
gene_1618,2.3364738523395334,2.014656604836549,1.9964016950852608,2.542389484584609,2.0693805968223256,2.3251779203111202,1.7683211618250274,2.3503751588975
gene_1619,1.2155659940806267,1.2770378790629746,1.4452603187241795,1.4233483839969687,3.114288019309905,1.254155993063244,1.256970524059479,1.2412309368415622
gene_1620,1.2580784915188377,1.6061808968606432,1.5633131480422142,1.1237084857046278,1.8052134996064155,3.681703730742853,1.4851513044801996,1.3834934603511162
gene_1621,1.449693331733575,1.2340424476020209,1.409854761661168,1.3281459919678136,1.4860683331076592,1.425446665888808,48967.333478413304,2.1167055416960068
gene_1622,1.4046022832940404,1.5413161015351142,1.217595747668101,1.3131504014644735,1.3700699290086593,1.2355358141878683,1.2963361504658784,1.2242601679378473
gene_1623,1.773542448690579,1.3452702896753443,12135.688017347307,1.305495564526134,2.7759406193529945,13152.67164595452,2.5776866181906035,9852.254618424111
gene_1624,1.99811307641903,1.2269690109962477,1.6104531534691073,1.3304732746523351,1.321098346875062,1.55688171778647,1.2566575360231256,1.6931462750331383
gene_1625,1.24043487007536,1.23660182775784,10863.222270793023,1.3845776627344637,2.9079669609805556,1.3830661685849492,1.5263001703515444,1.3828774947212947
gene_1626,2.2436417178243824,2.186863411940025,1.38465034175824,10860.39397497327,2.3215565334521693,2.2329318884896883,1.9269133073088545,1.486232378041087
gene_1627,1.9228656764344731,1.6155234053011143,2.324223065382697,1.7154028406278274,1.752504390711824,2.5348318485418324,2.0876427868182987,2.1936956133822085
gene_1628,1.5187311516510555,2.3671314116562012,1.7206223674084098,1.6866769477335273,1.5559226563688084,1.1891623336291486,1.2717163137088134,1.3730853383370023
gene_1629,1.2972528182283813,1.334359601720835,1.2168036184999735,1.4095879544586718,1.1176740026952772,1.2442525310996408,1.2112145234758025,1.1305000970897796
gene_1630,1.328287713936374,1.2017773561172085,1.5519340736978406,1.7037899727449,1.353957657185476,1.51664179372874,1.6674982805711511,1.205513818583864
gene_1631,1.2391923642544436,1.1251353023432489,1.166168134111779,1.5144103945230163,1.2411103210967598,1.2388899906494475,1.2930898464778795,1.3739443045701318
gene_1632,1.228472372809492,1.3908181160074797,1.338423932849298,1.4479049255695602,1.3748438693822838,1.946008010293954,1.6797984351926503,1.305580494936894
gene_1633,1.9116018793810987,1.7361272029365364,1.9454899194615949,1.3812499016390696,1.7651661865106105,1.441905842161412,1.512614000983605,1.6251405381600756
gene_1634,1.860121031107351,2.718967450083938,12837.179898532737,1.786023964394654,1.561160165562149,2.2025923906486224,2.26136402494509,1.7497804449676433
gene_1635,1.4330309207028955,1.2765762258856568,1.2705115986354298,1.2907226951503794,1.1866263688959493,1.4007889511793956,1.7891501454180774,1.154169230472673
gene_1636,1.8234249258604145,1.5052645892022243,2.0070638284224107,1.342502160676227,1.5262712105213332,1.4005471487243748,1.5179262240815108,1.446779769490479
gene_1637,11575.33267929066,3.6041081249598466,1.2914716559098398,1.5075484776174235,11394.351518057076,1.51282457971291,1.8276336289350523,1.6074761487788403
gene_1638,1.5787515161299668,1.8999760723846184,1.457652640043995,1.6564955580623462,1.33490286486455,1.3761904656368373,1.3281065752846597,1.6176965949046027
gene_1639,1.1934197451579234,1.102686311766955,2.0903175764301776,1.19927386962897,1.4388833893158508,1.9302331665797063,1.5056899435442583,1.275347262947086
gene_1640,1.3616615546285493,1.1788842055771005,1.2968286463822887,1.2549445297813433,1.5261482926517613,1.1145286659591065,1.14002587411712,1.2649177071860638
gene_1641,1.8501261938979476,1.4166139251499767,1.47789158224812,1.2705974315483193,1.2496440080119546,1.950634453823416,1.5711024186870015,1.5909771664841137
gene_1642,13018.18194213678,1.4632108096410672,1.3535327326497064,2.0149174122830122,7709.639788929594,1.4973546502452366,1.3048318594421684,13427.986849589415
gene_1643,1.5793479923631841,1.0984286391071867,1.876062322721969,1.4305974043719005,1.4127952025533463,1.7626502255927974,1.638758850029351,1.1796272560039527
gene_1644,1.3566679430201336,9822.301299144556,1.7636156636993525,1.8402440942902105,1.6387230828465498,1.4159020335842396,1.4277433996197895,2.0944480246727797
gene_1645,1.2311493919604204,1.257715757987462,1.286616945435361,2.575379342398232,1.991768179158258,1.3183091749704623,1.8427742479668925,1.3063133029017355
gene_1646,1.8586112718049903,1.4044819271448858,2.3470017886122028,1.6037446346770696,1.6222873541500404,2.5477645244188567,1.4693900407244886,1.8003287728989448
gene_1647,1.9321091026877026,1.4494643612451874,1.596270248277306,1.5254913597827726,1.3780798718808174,1.2137591895950626,1.9491094230871273,1.6883260338437047
gene_1648,2.028298398016965,1.2939236588540057,1.2417311131873867,1.496355727499928,1.4015371266515906,1.3198901382842965,1.6827383643463272,1.4592069474279388
gene_1649,1.5740655229630072,1.3693672393662228,1.9081188620185534,2.6371114699841995,1.4641411500706365,1.9799541960136033,1.35391358913277,1.2750729157139806
gene_1650,1.4021409890395224,1.1659250580373812,1.2109630853828208,1.128341601241296,1.8801928283726503,1.3753364152258372,1.312867459880784,1.2978806622838968
gene_1651,1.8196632975403297,1.449199736720338,1.1690244736834323,1.3762812057328324,1.230503711402402,1.292308682159337,1.2218572958295177,1.1405715227107067
gene_1652,1.8253498708362215,1.5138975940551869,2.4330145527838174,2.686780239831602,12016.468224880837,2.9137136940881234,1.7810756750824404,1.472618339044452
gene_1653,1.6112612218838627,1.9293026806935825,1.7961861255544311,2.1412504681329816,7158.625206376893,8977.080331165325,1.8166696830638085,1.3367434543428713
gene_1654,2.472336997638292,2.2903950411767253,1.7670809785524009,1.5464433178012644,1.5322657943744677,1.5602078884118575,1.3698600934736687,1.9029992091808996
gene_1655,1.9776087278053578,1.7064049099456484,13943.557749074605,2.8328786148814165,1.7489717786394317,2.7192721362009817,2.0226771985535423,11068.212075503663
gene_1656,1.2792656101546245,1.3991590755233008,1.2894145974575177,2.8052885761875723,2.2118231883405115,2.72868343999225,1.3957522029859755,1.8600559546453537
gene_1657,1.4436777775326455,1.4590653794576762,1.0887661084096987,1.3981240336747514,3.10988043339047,1.382422552606258,1.4727688583949357,1.5574446278818543
gene_1658,1.2925359114859603,1.4688532112558716,1.40513846895769,1.383866799178903,1.3281975920133473,1.8996855154063088,1.613575418734817,2.6773613166200314
gene_1659,1.2719794200041703,1.3401871462844972,1.5689749888073192,1.1984677577313885,1.4154941077557728,1.3575316665397896,1.3404573614394528,1.9063054568586804
gene_1660,1.3586073622152568,1.1311730713548696,1.1305831150836287,1.5229313101142055,2.0308682969629888,1.1251915260545051,1.179051798216839,2.070552937827939
gene_1661,1.436351322105773,1.2314598725706074,1.3207237381445052,1.3615383094967268,1.4849594211683994,1.349571408980791,1.1673960458128805,2.679398519217164
gene_1662,1.8095088237485903,1.3305208676892202,1.7987281241643245,2.304075175188734,1.6441763387154291,1.4604872268368134,2.437007945076094,1.5758510393847045
gene_1663,1.3964948654553893,2.849161234047473,1.395649146599534,1.5733915027878058,1.3903844260497493,1.586774271043832,3.256512605930167,2.141291015223131
gene_1664,1.2644089986562617,1.4316389771569873,1.3613606598662638,1.3594352530008527,2.039296641242502,1.3793576288821192,1.4899687358810076,1.335006756866181
gene_1665,1.492459474523268,2.4697639667624003,1.2707567371024526,1.870295018669672,1.4013934095963712,2.879491846074332,1.428336089271526,1.311158147068154
gene_1666,27462.29583139917,10871.731744484476,1.6436209580155263,16656.473189810626,53206.22165759721,1.5876399431103392,2.3374445098447287,8415.673197796865
gene_1667,2.112047659789076,1.5855561910819829,1.1937520771540606,2.9038892906206466,1.605861760579326,1.3772235998344282,1.2574876693346984,1.6066155375088698
gene_1668,9469.730806129734,50501.21073781852,1.2504437723906965,10242.744870208691,2.009123358084899,13213.014033154805,2.3526238329780322,1.6509432958311494
gene_1669,3.4556076856484244,10658.154405541156,1.3643778410802374,1.5423132791941983,2.6187743063582154,2.6784440509575527,1.4922077680828212,2.25822369667295
gene_1670,1.6966332770009094,1.1578074744569018,11561.615269662225,1.4902025735858844,55577.93809838723,11585.369936606916,1.7933946875871862,1.668179058018937
gene_1671,1.3829103064723565,1.5189681833346704,1.7233522226147253,1.6677091147502112,1.5711334386746634,1.9427110041869398,1.2336076032575032,1.3267183565643514
gene_1672,1.480064914528638,1.4320299521806694,1.3929907749073698,1.2300330958133638,1.3613781019416336,1.5828281406603866,1.2403838954602195,1.2813665531108258
gene_1673,1.6184932358987165,1.3630397853108625,2.268829907587547,3.039082736138468,1.6098615673946193,1.488206511612367,1.3653723513217004,1.5550543854291328
gene_1674,2.5586078397463425,1.350239370630513,1.2791252089889351,1.3494845291693098,1.9024976349599192,1.4249114782371242,2.7572939694439893,2.772465271371219
gene_1675,1.371574526922371,1.2184365625641067,1.2055233652244923,1.486903021271106,1.4901645163023338,1.3530243173286582,1.591638517582163,2.5589675439399673
gene_1676,2.383419446284873,1.973039261878717,1.4443159419872822,2.0069411895138614,1.471258678069531,1.5036917863177621,68777.01711032465,1.5973408020440285
gene_1677,10815.468173187657,1.6524938573623298,2.2847908541848208,1.3805230705737301,2.835287020208169,2.1118360946383703,2.45488907982291,1.76486923359725
gene_1678,1.678059890277961,1.384270821254071,1.6597928224613114,1.2546665072863283,1.5509595459979966,7850.530244373358,1.2661170022073147,2.2998831165615754
gene_1679,1.8283966623227195,1.772993810580937,1.3141549519474722,2.6465999760850063,1.7944425524481558,1.310447223132408,1.4728830408414695,1.2996305715588305
gene_1680,1.6992610394727183,1.30708990960991,3.12385709432154,1.802875105156805,1.2787735975637873,1.464334292289658,1.5317390322152658,1.3663632252327422
gene_1681,1.4561427262864017,2.274537302664063,1.2975651295593962,2.1694967152596556,1.9593437401695917,9110.035962791722,2.6445890770148766,2.0631306932679765
gene_1682,1.5472403370849412,1.797728090549644,3.0538582512616457,1.8222266104711082,1.773483246811085,1.5400521159206144,12727.73078871976,1.7949427011600032
gene_1683,1.5882260568172237,1.454913009980812,1.4001972111837997,1.4771745124176225,1.4644520336168652,1.5982329114789995,1.594071565303385,1.3582921255017701
gene_1684,1.44326135820515,1.5882966808372767,1.285599347965421,1.9062640618026576,1.506597728836364,3.175852739057222,1.3579170839255168,1.4243499638956585
gene_1685,1.5165649226063496,1.7087375755048586,1.2599199306566573,1.5330920569585011,1.2703976135681536,1.3961689164164768,1.5236824331899241,3.4890550544547567
gene_1686,1.5072177133137514,11352.729263986696,1.6352127740947549,2.4292337007159097,1.445256300489866,1.3529813862242297,2.589747822505459,1.6831778790648884
gene_1687,3.64794577119241,1.7222230425632803,1.5283793964154655,1.299568428805172,1.507594798102946,1.6729098175620178,1.2798245717242414,3.3703599002663185
gene_1688,1.717850869972693,1.2903159531521113,2.9508173996902913,1.6264104384483566,1.914069754998921,2.9777299507069865,1.8448970209434872,1.2598465071712563
gene_1689,3.0746270418418407,42444.194963571346,2.2889248812338563,1.5707178441948628,14489.048117302857,2.291795429887253,12004.484694168857,10939.399675162827
gene_1690,1.3988787524568815,1.5050459651985846,2.3354288408405464,1.4600759005627348,1.5149302591011644,1.4990316860324486,9186.405004506332,2.1408082509592914
gene_1691,1.9777317479741539,1.3758290445301258,1.218693377011414,2.7104202233994954,1.9691054505271175,2.447449144266513,1.9597533491143901,1.9545142444702803
gene_1692,1.249275988685923,1.4201201654461992,1.3061946172620873,1.6146248429047498,2.098489687897388,1.7107116962923152,1.3337291824801227,1.4550907259595096
gene_1693,1.608291901949381,1.3418534688693173,1.7502802615298558,2.6514724077268252,1.2652592856230331,1.26983192095856,2.041633843292673,1.284869261148238
gene_1694,1.2995921003469555,1.4176596432934006,1.4371153587239796,12603.252446176626,2.4728114178139515,1.5176381459725536,2.588119804151124,2.9132566340981203
gene_1695,2.085453874531861,1.5998635095410279,1.7745717531093743,1.376048773824064,1.3162337077447608,2.29335340744356,1.3096769159934307,1.6572181966084125
gene_1696,1.5033397183893533,1.4226833579311362,1.6396132566298234,3.3317172135718103,1.9369985758240953,1.4262998044185262,1.3437880326598102,1.222544124524808
gene_1697,1.2472776066368612,1.7420503480835678,1.3914990953963113,1.3922264814601844,1.4311565544530114,1.3644898562320764,1.4308145456090864,1.421772054038214
gene_1698,1.4483017923496513,1.3738508849440982,1.606004427560058,1.5062256728027819,1.9346540132019774,1.2659853506638736,1.2231268686166668,1.6588879861506285
gene_1699,2.6194724631709656,2.387959687446275,11048.682529257316,1.303507177833126,1.352096502476252,1.466092789345417,1.8328108468210502,10928.478852903188
gene_1700,1.4367302949615315,2.5703316262050024,1.5082712827461866,2.0620178744403637,2.552999494677707,1.238154649020151,1.3826825812019106,1.493315692125765
gene_1701,1.769048275415248,2.155428927436577,1.8680963291176482,1.7850159309490972,1.6548006367574217,1.3133409223323684,1.6449385838100001,1.7180811357215187
gene_1702,1.2775676723341032,9106.22542677614,1.428832727591311,1.604497222681594,1.9089666060034975,1.6247587612386258,1.8264603268591313,1.4576198774679945
gene_1703,2.220735613326194,1.9974570343259204,1.8594975813858832,8667.351768322895,1.3950632987483285,1.6743474605437718,1.4947255538010853,1.7435268801891777
gene_1704,1.3807870425283193,1.463441724580689,1.5773499239531812,3.498899265686859,1.48998473410254,1.5569117335095122,1.23302527228727,1.3100762792604337
gene_1705,1.623334494656321,1.656967789196264,1.8699834730884675,1.8413483266483346,1.3744960522421736,1.3572502795846393,1.8075808591587321,1.3586055081936859
gene_1706,8764.1338465913,2.270123993144427,1.5838535527807762,1.4631420877190604,1.7543324937665883,3.0381936286657933,2.504661059621862,1.7376592336080454
gene_1707,1.9773369578502065,1.6395006117941942,12605.546756059099,2.098038008597447,1.12605459838729,1.3753013164072023,1.7515247589723781,1.3338099513428905
gene_1708,9682.196601518603,1.8929219701048319,2.1485973561686085,1.515172768902631,2.1057150038237746,3.347576591731392,1.7166496357707677,2.1917883647321394
gene_1709,1.9889152079354415,1.989304790170222,2.2266649113863974,1.6099265263921663,2.5479626468096144,1.798635208208105,1.6508388650057848,9916.970521115392
gene_1710,1.2419281969252092,1.562510940926351,1.9653123396498435,1.6377116518772674,2.0592558981306275,2.4051217855240363,1.5611161528748014,11721.612515266805
gene_1711,1.5384893192537066,1.532029195217399,1.3895579653350139,2.4006849034684454,1.6361308573525941,1.7641591080870866,1.5576439301135152,1.234549533986378
gene_1712,1.4123379645880814,1.5379784911935968,1.27725522167017,1.5664114043201103,1.472502740703136,1.3562394202535355,1.452128383735423,1.3701472536976118
gene_1713,13257.883883145483,1.160383888467261,1.517226502426836,1.2915855999667598,1.727440386972446,1.4289189666443691,1.6803440125917657,2.4460524205724945
gene_1714,1.5142707593098506,1.2386140959584142,1.4507154351017124,1.370052322818422,1.548125227508202,1.4548253177083397,1.2523232899959833,1.7225457896786671
gene_1715,1.57802004128883,1.2660381305644168,1.1831500632288607,1.5057546092791414,1.9124380440512294,1.8891794706520828,1.2295173292205481,2.1490808569954463
gene_1716,1.4172488331335393,1.3414544831400463,1.4949859654299555,1.5025516375744632,1.673337867037788,1.2982112381825313,1.3873573831494688,2.037291177615614
gene_1717,1.3080200271482931,1.422144554348342,1.1447769099055565,1.4352959470986808,1.1166300679199006,1.3906073890632944,1.224942565728861,1.1830403181134015
gene_1718,1.8839262003395971,1.475474064125571,1.406883820811422,1.6420242639217653,1.3193235546230149,1.2017442952394137,1.2708500019343467,1.464045786670267
gene_1719,1.854016851702271,1.6667483534790912,1.7266872266267412,2.8408367941896597,1.5855849251297336,2.8625027545199653,1.9764826586627628,1.405115118718599
gene_1720,1.602366215625343,1.3090267075448885,2.6521589411248843,13534.01680123157,3.4330407670289182,3.5619237253419667,1.8573494726441662,2.382863684615925
gene_1721,1.212561133928946,2.1247830546261457,1.1614931628052694,1.290685849334027,1.228396946439525,1.8865295083723048,1.4685205931354994,1.3317154235044786
gene_1722,1.7727794945215916,3.080189118129376,1.3969962827181264,12990.325817661887,2.4949319170808733,1.6464436435901255,2.1951506870594715,11651.55829928563
gene_1723,1.5796836218348704,1.6716114736416694,1.8736205894480509,1.5575102285400775,2.4748240957485117,2.7623256640948237,2.251437359037338,1.4301328566828897
gene_1724,2.406284932636709,1.5306328545482077,2.2578838320935857,1.1969268839412355,10676.434768303048,1.8053484179525927,1.7809456722271646,1.3768452939755358
gene_1725,2.456510696210104,2.442939864536593,2.3909978026205154,1.3859959694983064,1.458079921671651,1.338681067679628,9323.389304093751,2.2762588536486352
gene_1726,1.6061163423724547,1.612800532233695,1.3813404501178188,1.9608264243784523,1.2651433693859333,1.559867856946632,1.6721917265189454,1.1702241344900473
gene_1727,2.1582228374284034,1.38841394872697,1.6119795108404233,1.7973285433462816,1.3254794857763539,2.692614304998062,65286.968451425644,1.264340799717092
gene_1728,1.680756696265156,1.435075639026745,1.1569899004434365,1.5897144986613814,1.521818551158654,1.2815076905663851,1.2567939142022906,1.3572208437804172
gene_1729,1.1909345771562037,1.4431910717178296,1.3592394804382437,1.3165698271501394,1.9532194193684715,1.8544957114980716,1.5715745350496046,1.5923461592426549
gene_1730,2.600461701005215,2.7426115581391053,1.2951539076152219,1.0399953028158018,2.2974123197497605,2.5886007838628644,1.9196046742198458,1.5505051084528823
gene_1731,9703.881206014188,1.8398027860292718,1.3044238839272697,1.2165785843710282,11141.040484660607,2.0574452276922717,1.60257071712245,2.4865381291164748
gene_1732,1.2978761649768746,3.8266927833311843,1.8482943370779636,1.452952009396104,1.3179232197017747,1.8923834930059686,1.468407190374366,1.3181343702967354
gene_1733,1.2989095886266202,1.4324165175539547,1.842734355676897,1.6265381998932327,2.1004031839376576,9076.037837155412,2.3871550712170073,2.673091593662146
gene_1734,1.4753551034366448,1.9261333690113842,2.562146647036589,1.8126844407255471,2.2722318134791513,2.993042790463949,1.3725483451341558,1.3939926392019844
gene_1735,1.6799959635651447,14935.852203214143,1.840003488023782,2.8010065634161667,9922.233803111832,1.50212524142156,1.7399306759794877,2.5174144489241885
gene_1736,2.163724220606849,1.6868436423344453,1.7283409407897412,2.1356781435369885,15056.646415036512,2.8667026664672566,10824.459594991982,2.5044145079618203
gene_1737,1.2354618586477477,1.3102739125688294,1.4517162715901781,1.42914296471752,1.5621685870209514,1.3478824274108065,2.0657254990513,1.2822655909512581
gene_1738,1.5707958424583242,1.408444690613202,1.226523759277952,1.3185667792115718,1.3175576172618166,1.427930157060693,1.2874729650899739,11795.184247364998
gene_1739,1.6769889434231713,12649.705943972149,1.9424201392184883,2.048952388472603,1.683644745407639,2.3046737765566108,2.5064116104793497,11634.433742249967
gene_1740,1.2908427198119587,1.6423164665663759,1.3270711975436553,1.3126688845204415,1.5517790329447967,1.2586857733960062,1.9340188240094789,1.5563022020049975
gene_1741,1.3741432815335424,1.4131437158573408,1.2524086766728624,1.519972629798014,1.3973405273809474,1.4288975208865862,1.2143066434226193,1.2542943111420448
gene_1742,1.7774150103094901,2.054387872846941,1.9535385518408557,2.041362540496234,1.6345795014734752,2.4711648579559222,17420.10865670001,2.7000946003265422
gene_1743,1.283472680088999,1.236720696758767,1.2903515429011065,1.3239628970601658,1.2442837279261634,1.2996000339389828,1.066012085117802,1.2621750905670293
gene_1744,1.5562654957557822,1.2867032703645482,3.784741637405269,1.1460051809887366,2.8822960103850495,3.008327779060902,1.6032707619848177,1.2658521001227996
gene_1745,3.482929150814301,1.4773725282970152,1.2571000251231768,1.969051090281403,1.4157635153154142,1.625965612797129,1.541106147492268,1.3660265126055708
gene_1746,9976.581795526712,2.132352629390175,1.5579202456010397,1.898895999527864,2.3382047740613743,1.8756045237041914,1.6000951860501889,1.2788019926307528
gene_1747,1.4573682083410742,13454.299819654436,1.8669048317084773,12274.55137182089,1.8046911057957775,11049.449304283185,1.9806164216328483,1.926247029875884
gene_1748,1.686508828576056,1.5136029824525532,1.1313211743941014,1.4542308921583775,1.7455469840909446,1.3226970448740565,1.2231588718914892,1.1837300115085008
gene_1749,2.196496722646986,1.9297217955640131,2.0238869258518593,1.3454686397057978,1.3150243871821279,1.4364601691949237,1.2052018918223075,2.863924121656557
gene_1750,1.2146066139899159,1.6029376814475593,1.2458753004852277,1.2419766607960991,1.3403952075212657,1.560435603624134,1.320157254893775,1.2510690973251652
gene_1751,1.816488036859345,2.1174397385048183,1.5049344560270561,1.3582247546731603,1.1997357475506396,1.1730383359042855,1.3124253580111227,1.457380396598935
gene_1752,1.9682648224938741,1.433139485188243,1.769314167793441,2.373843386751762,12189.827787335977,13460.112273567489,2.253085595236,7530.33139934989
gene_1753,1.873252313802585,1.6482766327419178,2.3226480524224318,2.4339639673792033,1.6754981263255129,2.031319595800636,1.663134616595411,1.5421252652575768
gene_1754,1.877744080903758,1.5604798123039245,1.3570659240020317,1.1893295567811353,2.0940835161913034,13029.731739831679,1.292331644442237,1.8324604321782816
gene_1755,1.3565598276399775,1.5345895825911324,1.9589289844399322,1.157115631367234,1.2787649328536999,1.2825920096991765,1.6863017598342214,1.4237872680706705
gene_1756,1.5348696604546999,1.1722283376054348,1.6377196483721863,1.9475587011597666,2.644496990526429,2.6265943984395195,1.1978599573366862,1.3855051729342578
gene_1757,1.6197723665962007,1.5512868768615955,1.3624128625671372,1.2921865011027485,1.516913011689215,1.37513911685535,1.4945664054779046,1.4234258229245638
gene_1758,2.3278252882804833,1.2294575148346052,1.4645301691071253,2.4717504276967124,9782.935478436215,2.6768117969710987,2.050912017107774,2.0455586159167196
gene_1759,11515.79462008535,1.682622937335465,2.4957494291012026,1.6645020651483282,1.6588244006371051,1.2969961075105803,2.4329689425785532,1.4689345877908697
gene_1760,1.5589596541306037,1.4103596197810022,1.87662595754853,1.236422892824878,2.5872809757288198,1.3779991220881365,1.4379161312826492,1.3536837908926624
gene_1761,1.463145587134385,1.5565795231805444,2.4528908236496716,2.1834886165134186,1.4680292391653584,2.1624416254832095,1.1168943837766432,1.482609102747261
gene_1762,1.3853622591046149,2.536739207513161,1.4918494045368442,1.583261811626996,1.443376446516008,1.5373737442541215,1.238145850329059,2.710236824364037
gene_1763,2.2073827222614772,1.6124075806441514,1.1349688079616398,1.5438688999404178,1.8484713197722145,2.477856276547826,2.2383139163857404,1.7342673504202153
gene_1764,1.616276993540477,1.5754996889153143,1.6006948850026872,1.5249577018157605,1.575766937954758,1.9408828320878475,1.9245217267156314,1.455849605226905
gene_1765,1.4929128801146472,1.3241695877984658,1.3500445744765646,1.2390059143211787,1.3815320348955134,1.2715504184382573,1.8269425676035,1.9816652551261875
gene_1766,1.5645770143539348,2.0186807654806986,2.610351697714464,2.226508589682222,1.3202097571897418,2.754587565109922,1.3139084302538886,2.29106067057997
gene_1767,2.9455888749048684,1.4363785018706734,13001.554892073154,1.379365209751466,1.8989328134633665,1.9962939774081332,2.222075124899776,9482.464282649482
gene_1768,1.4911427091162244,2.135511602962077,1.4414858207890549,1.3512496860469838,12157.280036741127,9236.21472778948,1.596032256151785,1.817301399266912
gene_1769,2.422629571311692,2.931287410455916,1.7351056038583599,1.537382548361559,1.4787703865999222,1.4576383239290573,1.2638056709695684,1.35764226672987
gene_1770,1.3396327169905984,1.3225487286822937,1.9255286844980966,1.901811470666289,1.2072656288431571,1.509016973826599,1.5142366228147564,1.2411011949556516
gene_1771,2.2823613986004196,1.4362744583801839,2.151137874578399,1.3240226496956322,1.2441945145595847,1.56356108919461,1.2287151440769948,2.3949608735544285
gene_1772,1.560113560932579,1.4215503591825538,1.9542550272644115,1.5927713413720446,1.3578097171133794,1.4273274646454865,1.773468574383968,3.0994681938897677
gene_1773,2.2890438033434517,1.7803454310893776,1.795778973506669,2.385372519366013,12388.99966693652,1.3443543128873563,1.6247194310272226,1.9416197338537493
gene_1774,3.3096294371713624,1.4996452313552981,1.9761544212933722,1.201864934275892,1.4553732066563458,1.388706760570592,1.5057584437134046,2.2415062364106624
gene_1775,1.7112604295432297,2.280510660037802,16154.372788132916,2.0774890473444114,2.2482486328318707,2.5482683392153693,9382.65774721904,1.2021199000081295
gene_1776,1.9333191710494622,1.2859341926399936,1.2343343216621738,1.2000386768953193,1.492774277651479,1.30809920355627,1.3686425804858262,1.5465124769452965
gene_1777,3.1206039169432,11156.649284278665,1.994002238133276,1.5292261352123266,1.4411540373449974,1.155007994051052,1.4632985902276783,1.4209513831213814
gene_1778,1.3673591368658538,1.6174943925524836,1.1728323711345068,1.462203429525386,1.491341357637248,11707.99881235557,1.583867289844444,1.5006587511513532
gene_1779,1.5236978145822926,9134.711977476436,9520.285833443939,1.5156781713599297,1.8468015988978568,1.4190613139871684,1.5160641279931855,1.5364482538276243
gene_1780,3.4349255240037566,1.5680933444577465,1.1837773902894635,1.7114392922719357,1.244499054276416,2.6187898727524472,1.2429738519235152,1.3518281388170104
gene_1781,8258.415222952348,15277.993450979598,1.6833326185805912,2.302408483378377,2.071990891306907,1.8423335270795629,1.8294156073933927,1.5248566371488101
gene_1782,1.7274475344541764,2.435105481868981,2.01609068446814,1.4203899036405754,1.835321564031946,2.6878038249054272,10025.207298946025,1.7258386775981445
gene_1783,1.9302539827543053,2.15802351926106,2.1377731818769403,11590.03551368931,1.3741636060265423,1.4288153747453922,2.050189592585517,1.4637741327988767
gene_1784,1.4256718502925254,1.8335667496526964,1.628906821458484,2.2153371073446695,1.3765839946416178,2.096624824122201,1.4061570111799184,1.7329207063333436
gene_1785,2.564556297252368,1.5797915480868425,1.307315238752873,1.8211822380803655,2.5124657629422096,2.0197035913509005,11155.763614094778,2.3231722392722527
gene_1786,1.328016561293751,1.8014550695662888,1.417685633731344,1.2491166784316348,1.6524819525106205,1.4633902831834469,1.3194536637662655,1.5086347537572897
gene_1787,2.917282808809073,2.385264639032799,15802.685512049382,1.6123295326147413,2.543020778254197,2.946904722635988,1.5585936418605548,2.7716248917540645
gene_1788,1.6610319463667502,1.632072232243991,1.5227131578142412,1.5044792620293868,1.6106411899050277,1.9032598321890106,1.436797265783978,1.5365460844096783
gene_1789,1.419439087208056,1.503442388435187,1.3807867440892307,1.5056499268001886,2.3022270530685134,1.4751108387881848,2.003736298626194,1.694614960922526
gene_1790,1.4111997448593958,9732.591467227061,2.032844549247608,1.4556500374035832,1.7194257847319228,2.793241401797173,2.6180738865664623,2.1508919408013543
gene_1791,1.708698031527327,1.3933328195380954,1.4153253141147564,1.791677075199186,1.6513846738734779,1.2895242436853007,1.6117442747891118,1.2568136130960301
gene_1792,1.473657829866804,1.22316289009225,1.4332978356214463,1.1136639300707791,1.9312014998548335,1.2276934944824247,1.4224903517897651,1.3630072364421304
gene_1793,1.4712307148278485,2.2879992884831357,1.7252901797865967,1.7469579002601976,3.0783285237867237,1.6215235491273081,1.3642405432069016,1.463759122927449
gene_1794,2.400975960645023,10982.616196020082,13268.59931353081,1.4363001832717674,2.6390944839530737,1.532471755454142,1.6460944150398773,2.271843280187536
gene_1795,1.7734227838046848,1.4379298635910027,1.7205679728468692,1.61379049230389,10690.431793221587,1.5740255695720151,1.8249067598272282,1.381803932863068
gene_1796,1.1691272931431584,1.6905503306598897,1.563137870846139,1.2053911979882534,1.5181729712687406,1.2352995687083954,2.0136549553468983,2.627620282985902
gene_1797,1.1944724719382749,1.3779414145118434,1.5170145827876864,1.311508203017212,1.8027559138118088,1.46827133046319,1.6214108222282178,1.3929177981130374
gene_1798,1.7385437703134499,2.3093212519222375,1.3606800598387168,1.3609300172213254,1.4675150107304942,2.3970973750328524,1.9922651761996457,1.2586913963724269
gene_1799,1.5865864033521204,1.5483929459177304,1.9018676238689418,2.6623788934376846,2.0818894890546176,2.8057918352508593,1.2776378023850945,1.8030352510652905
gene_1800,1.7008767915452694,1.4514420609258571,1.556150928815251,2.200217654909609,1.313871463456219,1.7419088718950266,1.579462489240164,1.4804158649949413
gene_1801,2.2571796206335777,1.8149815072559496,1.9509221944750714,1.579633009757458,2.6179514807008664,1.3782310174792163,2.2798612300016305,12334.454559828695
gene_1802,1.4403158841582178,3.361761107542719,1.4595217894122845,1.5772974617934548,1.4915793142423939,1.28677246808927,1.532137494494655,1.3517522782575724
gene_1803,2.136966078770264,1.4793645009625633,1.5363426672911409,1.4255318225066835,1.9774517996529015,1.2531907828705142,1.5040437961728224,1.6181086215799394
gene_1804,1.9241330737057718,1.6339339191041662,1.950558032880896,1.2009817521563062,1.8853499861011696,1.44449463775688,1.648124741565424,1.8613027927771455
gene_1805,1.4130925287627285,1.8862952349208275,2.1946049262422638,1.2649751803285734,1.7497071261823158,1.4161492107572349,1.224942468794588,1.238974290591861
gene_1806,1.7309599355166292,1.338352302868852,1.2349618699320877,1.3671769314993953,1.221025063246486,1.2067365596717134,1.6207166089046292,1.2472963579655798
gene_1807,1.5449501223095146,1.3463107137328896,1.2109569273567744,1.2918519823970345,1.5616262169608062,1.245497526204209,1.1739588396974057,1.4228805100537556
gene_1808,2.164596122581172,1.6842576497417463,11281.067722413938,1.7110283476260177,1.7439018470892493,1.6907207775844713,1.3879786846992372,1.746214997543894
gene_1809,2.516815172019027,1.4642765583982533,1.2652532381673898,2.260254972325555,1.2741317269410264,1.412913145773037,1.770804050449832,1.7774662560719798
gene_1810,1.4488612229745013,1.8263062705451945,1.392870491292969,1.3768132719383082,1.5847982889641317,1.2561492019227665,1.173209759662245,2.319353001385831
gene_1811,1.8071918226755934,2.123322219667116,12867.420769348613,1.8498060317825717,2.119239685172769,1.4570614225364666,1.5977800596331588,10747.834272551327
gene_1812,1.4692322160168616,1.2958785469372611,1.434834092559702,1.2000952728724947,1.4764282199132412,1.8379205391471356,3.9272222166902497,1.3910344400236418
gene_1813,1.732056489528036,1.3477648081051312,3.329937766289094,1.5540693767218698,1.603608665535943,1.4769020014972936,2.211419886444092,1.4535758077741772
gene_1814,1.2246839943349734,1.527730884722186,3.1749283320552295,1.404732899357381,1.4003776108355253,1.4932551159759673,2.9017746294682714,2.3278323586983274
gene_1815,1.3362222990974395,1.4229155780185352,1.3687437241787879,10461.256065839152,2.5746033020113788,1.3599218896585508,1.2314996005719936,1.5723589320554283
gene_1816,2.7348654478360745,1.7520417439941505,2.343854342315287,1.3657310488046601,1.3636654206009102,1.3130661344892607,1.6429810176814457,1.6460757016526288
gene_1817,1.4482609917363336,1.4002997050097996,1.3019002982767975,1.615121882085962,1.2794268360041072,1.4973745963074352,1.3043737885362912,1.3099129844334791
gene_1818,1.9043620096134777,2.230901283667575,10721.4554788272,1.234909826128183,2.007739234364283,11131.53225934348,1.5934264373739742,1.6147355296943817
gene_1819,1.7163784222574592,9588.507553001096,1.403167038037553,1.7445504429280139,11243.838517075557,1.341762059774393,1.3597520226253672,1.336605138770568
gene_1820,1.572108991715567,1.280008585217458,2.781038721979264,2.0929725888931303,1.5869672347554564,1.4894135191907716,1.7553000274117259,3.6679246588453958
gene_1821,8545.104633821318,2.0516026265239447,2.147019889814266,1.7632660469103767,1.577249116063614,10695.611522277517,2.504318115594424,12501.403305806267
gene_1822,1.4521515315655569,1.2573283849876402,1.4114792366249993,1.4755237399770489,1.3995745576612073,1.4994512760529772,1.2317858624996774,1.4688262779867065
gene_1823,1.4917521053284981,1.7027156071710239,1.4601978061702938,1.6644603571143801,1.9694566686877306,2.483800411673006,2.7465837888294464,1.9213356450396146
gene_1824,1.767551241711673,3.7295865955481626,1.5577890212656162,1.2235932550087845,1.9025018918247705,1.2023076975485,1.4635644178314373,3.2116355016219083
gene_1825,2.373447323338995,1.974349001612851,1.462909235079263,3.207279523899457,3.163818285078592,2.767100922001676,1.4900962168914738,1.6998240764680157
gene_1826,3.4399101744566396,1.3837046789722847,1.4102329038647399,1.8415416064192218,2.3752086634963896,1.5968247432819684,2.445366600561927,2.767474685203426
gene_1827,1.2720533413830342,2.333205227299016,1.793039470705842,2.654625182324946,1.8124987412106106,1.5010470720527094,2.5551909379632405,1.7291734386051
gene_1828,1.1359196999902832,1.2989594314932782,1.171416614407854,1.2416440366972703,1.1864443818528603,1.3863184360062797,1.1835494480672155,1.1638986922487318
gene_1829,1.149770743838814,1.5717289022887544,1.216769703129795,1.2458442793663587,1.2174040374608,2.2495533611296423,1.7845833994083204,1.3736810932092385
gene_1830,2.348290815257304,1.4281629921197676,1.5848679534298007,2.454259752103856,2.6096451547472346,1.7107396961100938,1.7997175767508649,1.3887605762519564
gene_1831,2.412718765333463,1.9921092461380523,2.628707663904274,2.0929738131696545,1.170220122919538,12201.74446537721,1.8507715821477244,1.971870242716254
gene_1832,1.7656939732760613,1.2449349215820744,1.3238690213688058,1.4307317440360876,1.5783038142121493,1.3293370179625215,2.6982888770389457,2.8775742946704383
gene_1833,2.286793985048524,12866.584022388804,1.4957061848225173,1.6897438614037452,1.3636380167447528,1.9657358413938473,1.2140053049479438,3.0921413760210417
gene_1834,1.6326234088483513,1.9186461188944122,1.8565983471396115,1.3996047365788473,1.8675343479795186,1.692405652299185,9484.548605901662,1.4760303854665813
gene_1835,2.583795058843282,2.524128927892548,1.4039367829686098,1.8016209207568723,1.2746343348312927,1.487479014966403,2.9204701297175197,1.2798774861581959
gene_1836,1.243320472996273,1.4993607499763952,1.383161022040158,1.9282105573364783,1.33965990367023,2.064131759010877,1.437726025180467,1.3519879697042085
gene_1837,1.3276416523116088,1.3811623734161516,1.400270896778156,1.4253967462776969,1.3936616649126023,1.4499029829303511,1.4736076365380817,1.2389725263951563
gene_1838,2.4474112140635733,1.3190951445124448,1.4096450826512499,1.2360814922430923,2.55367038369842,1.3174350788850995,1.6453275219357975,1.4360444469107307
gene_1839,1.3429132453397017,1.4010580613256927,2.141546044702737,1.2417763274061475,1.4518335834058982,1.3065229942146994,1.234673776415406,1.5860698960576944
gene_1840,1.3230009734959824,1.2086303806977847,1.7062712858334568,1.8816827815629638,1.6001502451663503,1.768716119630049,1.190894624910957,1.2467306093761858
gene_1841,2.999498189596663,3.445808329221288,1.3276355881109358,2.0276698711484955,1.3240177813001424,1.6325608228050084,2.9468898262163576,1.568072195895217
gene_1842,1.2522265893248148,1.5521738265368055,1.3391042565505276,1.3249713140110186,1.3850121420049475,1.4753107795992566,1.2484817036860523,1.111560011883128
gene_1843,47091.05463082961,1.5088828799237184,1.77710247008708,1.9094754839288375,2.550488841239919,2.1408903869188407,9962.24195066098,2.122362122705799
gene_1844,1.2453871527728313,1.323520434464194,1.1834302381711252,1.2600963206847307,1.349661263563206,1.1493353819748207,1.613228073712872,1.9097810973235072
gene_1845,11719.385784377779,11617.457606708518,9534.851844470119,2.502895339560594,2.084871420351351,1.253651556861208,2.0829751198390105,1.7905986653109887
gene_1846,1.2004701586216446,2.0205978316406443,2.0804423699210552,1.3687902577021664,1.4814164785680035,1.1690355815797695,1.3382044474765378,1.740858326680882
gene_1847,1.3402689448379435,1.2968556059371195,1.2663407287901431,1.2893395135130583,1.2870750104420943,2.2625032651200065,1.3016461021310897,1.1964001764830459
gene_1848,1.2529547838849353,1.2086027743575458,1.5343498834976497,1.5351735799355752,2.030586576150579,2.674751632739924,1.199074973658932,1.245940950195864
gene_1849,1.2980085971393946,1.8827380734097665,9290.575429743867,2.4622424027773566,1.5813744214088254,1.996077334840118,1.5840612716145956,1.263931525648929
gene_1850,1.3558799898329414,1.3834413753776449,1.8242896230451706,1.2656233544784232,1.2222597022539725,1.469667060300631,1.2366592365079059,1.2264188095922253
gene_1851,2.102106694070384,1.6027840650351828,2.0645160510269585,1.723840027894918,1.2594316087903286,3.040489731204634,1.17421115527083,1.4928350966884714
gene_1852,2.3654252212972255,3.0204112656659325,2.009950551347227,1.504386473384145,9911.67731630126,2.1459980272185857,1.3190136781829118,10186.524251083625
gene_1853,2.291805706874572,1.4308741660439053,10395.368423762864,10779.217041016638,1.3130007479847279,1.8625367720605812,2.8832520314962307,11233.606391246069
gene_1854,2.261906061681861,1.466831310172405,2.0011525926125384,1.8966616893513932,2.364101910027858,1.9718385586549096,2.0691301227232923,1.5913603250438613
gene_1855,1.763069507059599,1.4797591953612743,2.8057456000181302,1.3657353408008026,1.2256697307559794,1.4883404386544008,1.3743838725037085,1.3441805001887295
gene_1856,1.398665916009304,1.99903042514145,1.3730115231825681,1.5759621230788934,1.5446861828581657,1.9763676937509742,1.3569892289731569,2.1745806655970887
gene_1857,1.2627159945868218,1.4828319695583674,1.4513614280118352,1.9051203666492222,1.8420946520558212,1.4749632897479745,1.3508149529597406,1.2585861437552208
gene_1858,3.10016569297106,2.334953960473516,2.1362798015805367,2.870233555783496,1.5626777271053836,1.5435088427769068,1.8914385770708504,1.5148689396274864
gene_1859,1.3156418254153537,1.4432738464871984,2.2243263492628293,1.168015735924434,1.4124263553032286,1.4749917571150293,1.210954594187075,1.5280985089670007
gene_1860,2.5670403161178244,1.9769630293981073,1.6088126197216908,2.0054882606499747,1.7882079660685526,1.6327617585987755,1.8558231407402854,1.7922246964320954
gene_1861,1.9216444586028862,2.568387145358123,1.830097229466857,2.119341330399097,2.1498116305097783,13641.425634635063,1.7889540039503717,1.173566023592491
gene_1862,1.8293962323130044,2.1343606447955716,8131.461985366835,1.4818751644593178,2.429134354854369,1.6456295859738774,1.3798148198962712,3.309233191321391
gene_1863,1.5309912956826515,1.282189912730095,1.2665414405113087,2.305293546373003,1.717456126619319,2.440373764058247,2.3584959667213425,2.3519268184938653
gene_1864,1.3637198160355992,1.5994523972854318,1.2179194931941473,1.1883611299174752,1.2585938140172386,1.6332006424146217,1.8110927254239937,1.3862305912289017
gene_1865,1.9623109950140725,1.4730057226760231,1.3408263703168934,3.4141951008326537,2.1602732061857526,2.57893103543058,2.3143760286884274,1.8584687531896358
gene_1866,54237.35743007231,2.5504465597436705,1.896431255542167,11677.841031084632,1.6723382618329539,1.2295577398053559,2.0254197375929373,10831.24966103911
gene_1867,1.4414645506607775,2.7205851816995867,2.9888173397274937,10300.405539997633,7591.93230507599,10332.786310629954,1.3274083625689714,1.4916952606606095
gene_1868,11108.363176121993,1.3226780026730642,1.9731509988698939,1.567754140809567,11792.046244736195,2.0437241069925927,3.04179970850038,12284.234101621112
gene_1869,1.2270655366722107,1.301077072444528,1.341372195198598,3.1384893062027883,1.4233314110951976,1.46652740783058,1.8749340421116865,1.3980807553598955
gene_1870,1.74493762392822,1.1740515498990043,1.608555840014793,3.51048116609871,1.632353767978632,2.028933986820464,1.3043134762226134,1.7125884256860588
gene_1871,2.385539073189219,1.9659192609720517,8781.499865303242,12481.851487978196,1.4487896617145308,1.8272698010245603,1.4488334528958806,2.1641632305384864
gene_1872,3.0566107816255537,1.7884001279040787,1.426283703671123,1.556590324217897,3.2522785265246146,2.4612332135962935,1.6668278910864995,1.5091326512524255
gene_1873,1.2486180767237074,1.617785865366602,1.3768355823906793,1.766127931630812,1.338332396922496,1.579628891722481,1.6373700913751907,1.829011590760351
gene_1874,1.6947932995362391,2.283921817273887,2.2743412486903556,1.8379908601875634,1.1987372349187242,42350.201655047546,1.4842397331310455,1.863638299094765
gene_1875,1.4322690161594043,1.6767775219024534,1.4937376780296596,1.2083430236374535,1.4530215517473115,1.689112025072163,1.2822425854645103,11844.105675108784
gene_1876,1.7829642950769902,1.1913462492153286,1.6936506674020044,2.2553190198918243,1.4302745245989068,1.1539718831734034,1.2831896499568056,1.2328544405706796
gene_1877,2.1761588083944043,12531.462120723936,1.8634662122994627,1.9898101709779752,2.264029335493763,2.163762947580419,1.7806450056162861,2.1202317900979315
gene_1878,3.0092654563135603,2.523023213393873,2.911340148043107,1.5030734407075104,1.3311191147371657,1.4063512293890124,1.6200602926948984,1.6108316183385196
gene_1879,2.9210153389759927,7336.465239986105,8757.685701969756,1.679238807625817,11757.893518738825,2.0061111462989953,2.13224174164508,14830.931730909486
gene_1880,1.2831058348649265,1.269744451965479,1.4305030196359738,1.2157187854224474,1.7625625069402575,1.6017860381631321,1.4815846254597633,1.1948154376134454
gene_1881,1.9444117420646116,1.9814567757952404,12727.956714651187,2.4833680540465135,1.4942857494895434,1.9546738102856605,1.4148511369486945,1.6426953663345758
gene_1882,53993.14624172907,13398.682021813327,79887.92811375388,10720.628259687452,9415.319023341703,2.445565960138171,2.2585067465265305,2.1618203084043888
gene_1883,1.3247628878891657,1.7744077104877076,2.0982584220522447,1.6152031776296354,1.425204073020122,2.354576053430042,2.626819350079727,2.1923187901366528
gene_1884,1.2543039418247612,2.6528831867542304,1.5359368837921263,1.2078510153917694,1.2797641695797437,2.1281093500107815,1.3042572087762114,1.3958752509333539
gene_1885,1.686765108844827,1.3273113115251791,1.2368041562258651,1.2644669694073716,1.76991769296707,1.314630908459262,1.7887030205660026,2.1225318661686994
gene_1886,1.4696787456876275,21004.376760939445,10652.028578502363,1.7271114433787749,11753.38812555023,1.1995705694733767,2.1335526613485394,14322.146108881063
gene_1887,1.486871507094021,1.6140284509408152,1.3991588257427505,1.235200785720725,1.4963455642771397,1.5204461602653447,1.2876888177910875,1.2464572882269247
gene_1888,1.1673454939824115,1.644878950728454,1.2047503328558198,1.8957544699374618,1.5973235730512676,1.4098925682781762,1.6290420526675877,1.6314539088570463
gene_1889,1.2178292965596438,12235.538210291177,15658.935074863348,1.7674830891798115,1.9611707075845233,2.0165307606276834,2.051000601337235,1.3855034735146141
gene_1890,1.3502843033142904,1.6374519326493175,1.3102119441780464,1.3990829302640937,1.6465974740140217,1.1220470813144485,1.5272550830035598,1.589456223834746
gene_1891,2.2949704850861803,1.8162819798644767,1.1788025365083437,1.6941857953800212,1.573795743408089,1.1458299078932612,1.3721969123241273,1.4930495801900536
gene_1892,1.7920124841765408,2.798251165024524,1.5150958290789267,1.6976748223494182,1.3433665394459477,2.241678837482362,1.3987986756228423,1.2105385212885063
gene_1893,1.8339265239287066,1.4305784201093477,1.1881043993982836,1.53642132792939,1.2135253124248073,1.5254630937448783,1.5566483313467465,1.5332594698972137
gene_1894,1.2388520294607885,2.1616407338540533,1.3048228261436705,1.19608788527978,1.7397314224671017,2.150464734469523,1.922383502427675,1.5484849581507658
gene_1895,10288.638631305932,1.94400059258841,2.995457435109212,3.721998673306473,1.1793557468292564,1.585761789622851,1.1376456697474466,1.7092138428946109
gene_1896,1.7822972336202922,1.690250877410339,1.4538144965636026,2.055579197802345,2.1673261972466498,1.3565300998781493,1.2595975836132665,1.3251070599064878
gene_1897,1.4949780529944676,1.2168035334158998,3.5898773198222482,2.167881380685492,1.5412337529546993,1.3598454148846857,1.6415058108824727,1.2197867840997705
gene_1898,1.3486932577155573,1.5903299918286171,1.645547263430464,1.5979646893600394,1.6449242279037373,1.5147058709213714,1.6249033898766174,2.1000133862932056
gene_1899,2.4377105495859825,2.856917268221954,1.751019301996207,1.56256590093084,1.2915700068809681,2.107113204937114,1.376588835666241,1.767877597236915
gene_1900,1.3313443719593145,1.5317604126874924,1.4165060411606787,1.2465354897751304,1.460541919104358,2.4045652414152983,1.5956594274254896,1.4278598252803194
gene_1901,1.359479959459342,1.33284857064918,2.5173031049583434,1.2840607619701838,1.5539085642516073,1.754727302583559,1.4986731278895336,2.104068081434257
gene_1902,1.4069261961085946,1.4761821593043656,1.711485509419739,1.2080569864203645,1.7349289019529526,1.5861210694420906,2.17988732042432,1.591353753499851
gene_1903,1.4315803793155397,1.3773267616160314,1.3905030807598362,1.3156878652012167,1.6175399168244418,2.0625478418826226,1.3655189199940645,1.5667597539534897
gene_1904,1.7903997865303007,2.0304879483790597,11429.530187082724,1.9608627612427143,1.400061164579332,12085.787590933234,2.2962589537791946,9691.359933958965
gene_1905,1.5196964611851607,9426.831885411702,1.2877440357915901,15241.435954843148,48887.14104576684,1.6220412004428217,13592.078203548845,1.484028771185169
gene_1906,1.5038747373353862,1.5351357363118838,2.6477254359355347,11550.53059473241,1.2099822306719208,10063.072832640411,1.4677670442727249,2.018497637612667
gene_1907,1.4986195536669589,2.382094072010104,1.6376663140534549,2.151043147799309,2.960058412247993,1.4508726254509186,1.3274920242205128,1.5888164369613498
gene_1908,1.5217749366830406,1.358669390486898,1.2297310390897538,1.3090271843143588,1.1679842657020887,1.4831476380446418,1.5391087481836108,1.4065965679372756
gene_1909,1.5044127696508176,7352.895891276792,2.83895221193664,12071.341116722713,2.327740527682289,8792.035884455154,2.261143810207024,2.283278680716149
gene_1910,11285.025664364792,2.11010196832206,2.241141090185459,1.9046073080737815,1.5047238449727038,47874.60349170727,2.0487691253944047,1.721143132958111
gene_1911,3.042188132406402,2.3577990015440187,2.0729733638656467,2.307479959028261,1.3161594923756479,9709.636701538264,3.0348822392122576,2.264936383093612
gene_1912,1.3664571783597994,2.2218714294272677,1.5605869083173527,1.6193872282564736,2.9903343220130445,1.9018215779395526,1.4439211113484411,1.4993290346365922
gene_1913,1.7206079821774214,2.785155960309217,2.0086398194998756,1.443966348517105,1.6605743094181136,2.3910804008293236,1.5203374516953976,1.7939893829059346
gene_1914,1.8732491658296693,1.1932997053989374,1.6299688582799607,1.4122640200029306,1.5930622452376368,1.5162415740852957,1.3628857120544389,1.2154252406465995
gene_1915,10736.807454362577,2.0734953488313668,10472.90181824248,2.4338141373233206,11818.154262682254,2.3287633964202583,2.2748174738141316,1.837300848486832
gene_1916,1.3329108530695015,1.3627271924831268,1.2003597780966377,1.1773477300395345,1.4937703517511307,1.3977351567249292,1.258087114070452,1.1675182325469688
gene_1917,2.4646389026475792,2.572433411835015,1.3555094090353217,1.5602044083182076,2.8305863133317004,2.2356014341970374,1.5978847092548116,2.403321391246923
gene_1918,3.0037172813567903,3.3475650751247374,1.3441992211523612,1.320416550225822,2.1824346123270284,1.5550038247572289,1.4529813677529457,2.088591836639215
gene_1919,1.5221498673940563,1.8492073376954294,1.2023901468489067,1.8356154316096416,1.2889769526458845,1.2997463110391612,2.969848380057251,1.3820546236385571
gene_1920,1.6861804538247886,1.7656354590755905,1.5617946180944458,2.362690889832521,1.8034583204181345,1.449464759103495,1.9094402474476677,1.7703460570395508
gene_1921,12253.448972123573,2.7388946520035415,2.2439190337535555,2.510028057783646,2.355233753333365,2.439309833037706,12099.68285008211,2.398086377603446
gene_1922,1.5029168988466834,3.2956205192706087,1.6333464978902743,1.8906265883809155,1.3656679461286196,1.3455391247074386,1.1113339200770296,1.4304536835791817
gene_1923,1.305019349070549,2.483689886139135,2.6629254222100442,2.1015960273454186,1.6024700294178966,1.335856336072043,1.0993616701469853,1.5431456473653462
gene_1924,1.5700107839894066,2.4183568319084294,11099.583377875897,2.4661186455407536,2.5104146545421644,1.5449978362033414,1.4497639556652915,1.460556990581661
gene_1925,8733.48707734566,9517.398155298644,10768.169784756705,2.85617459868381,1.354779473282737,9394.296137846271,2.0112880915235434,1.152997166752445
gene_1926,1.2558900495931251,1.4905947902928454,1.8804010884391766,1.4708317452609811,9994.98876580521,1.213484910556768,1.1537774303516788,1.3820512534022618
gene_1927,1.3167182225957652,1.4332820090352036,1.2536901722298766,1.540351666320711,1.1119743059632408,2.159929077217135,1.5812996470677516,1.286838952811106
gene_1928,1.7410571766652911,1.9392919356877256,1.9026851770974003,2.7758969176194093,1.798167657464891,10779.61070142439,10714.171012430521,1.9491940199326934
gene_1929,2.1774556034601638,1.777908808856531,1.2422020215714824,3.108930161912589,2.1412779328075273,2.502298229486371,1.9301803248821308,2.1157225362960914
gene_1930,1.9022943271723136,1.9709748826834739,1.3957475437972389,1.6992749588993359,1.5540378041886698,1.552408208313773,1.4262823535636537,1.6325528624221826
gene_1931,1.4875840963500395,1.3305211826431749,1.3308673080058229,1.7930464732042073,1.3781768731148474,2.837789859009694,1.3143757523328625,1.6102991513388447
gene_1932,1.2080753563658118,1.538846740396397,1.8509551189634788,2.2119606229188533,2.5202191190844916,1.6561483114894033,1.619406847178683,1.3315034833002015
gene_1933,1.4608987841751697,1.3939409188219885,1.5410615211563088,2.204704616909774,1.5271207411315664,2.182781603414068,1.3544504585086428,1.6715424888466668
gene_1934,1.319694831963,1.4938812920649,10853.836507407126,2.441006986006484,12063.204454875164,31744.548442529012,1.7887808709945994,1.5982400258370177
gene_1935,1.5914809673379389,1.5841030685477901,3.6854632946972337,1.5765338157305655,1.9149993718247136,1.6236849059641294,2.790807279284619,1.837374995928432
gene_1936,1.3858363417633783,1.4433856957837619,1.5772404115368104,1.3404568887070396,1.3841013118355125,1.5127576347602416,2.0751811072986563,1.2367818366642218
gene_1937,1.4242939330451216,1.8379574862019925,1.2851183305964449,1.311652215627557,1.7913755485707374,2.093614742907334,2.6745101423587703,1.1695273585749724
gene_1938,1.7469480106457997,1.7777656230495984,1.4596489890830473,1.4397579001318945,1.6143011949167423,1.5259109793383043,1.590191595709724,1.1971619757505214
gene_1939,1.5233465435512692,1.3499474825818347,1.3914711248994502,1.3180256971933066,1.408326677593798,1.5393116167562502,1.2747434052459776,1.2928285684563838
gene_1940,1.194776560745201,1.703419317031385,2.2008296496224977,1.4158992692012853,1.4599810815198027,1.6175050682637178,1.7665606267338534,2.730914774542445
gene_1941,1.5948702662066252,2.4978588216514215,1.8380296021776878,1.2586434305030045,1.3836331800113768,1.3662162253517987,1.6946808553386872,1.4794165149941871
gene_1942,1.7119086327056612,1.4839226222398425,1.362646692540497,1.4257289325889633,1.2466960997301897,1.2406234494640538,1.2935022670593666,1.400495216639219
gene_1943,2.0997918506233675,1.7945042584778976,1.5074369808341188,15377.665754181928,2.244908323904756,2.055273046930707,1.8616554958471019,1.8196835518295063
gene_1944,1.2709553697886844,1.7431849035327438,1.3885420109810347,1.2111189964052633,1.2921681460902865,1.8595306484471752,1.6099326044357942,1.314591535463501
gene_1945,10932.045879290925,2.0898906807854507,1.3408001476253806,2.059884980147957,1.2266149078189181,1.3983135642598765,1.2808653340589295,1.4535829888758156
gene_1946,2.4623044465315655,2.4945769053823517,2.1340165610769457,2.0892042930723793,2.319473211705249,2.1934127352133816,1.4404705122630594,12524.5984956702
gene_1947,1.344250009922409,1.451369988869942,1.5987191129795961,1.3002816179268237,1.1403165724828588,1.3057670214941386,1.306437632205847,1.660569870265353
gene_1948,1.6701259384393405,1.6568552960833625,1.5700750421836702,1.3654520784728097,1.5109530938252702,1.3942116880111204,1.8628310389329072,1.3483333415733687
gene_1949,1.91046620638845,1.4432944110274168,2.0191106084185937,1.578591516062472,1.5375690360090344,1.6208726455556441,1.7274554105998494,1.3440708202995058
gene_1950,7330.217689904595,2.459309373075918,1.3670532791683343,1.4708272131032372,2.812572265172757,2.8891498001671967,2.2318717684137948,1.8349486558900334
gene_1951,1.5801282383656408,2.865874385809911,1.7477806623820444,1.4365673504767185,1.298461481585703,1.7513546282149777,2.495502126385228,1.6008744659775167
gene_1952,1.4159869736876562,1.4665221646094064,1.4247788980560474,1.2082364953998033,1.1628100128993686,1.7630913231299605,1.2063510275717495,1.6589279380820436
gene_1953,1.170711342502507,1.5537767329791183,1.1636883023545361,1.4921694238165482,1.3647050271066459,1.5028216655914575,1.2257130663708338,1.634474563455957
gene_1954,11232.30894519663,1.4070809518392478,1.618978331954985,1.6037036022221585,3.001399419385364,1.6170320784122836,1.5911933315343345,1.5514787566210482
gene_1955,1.196668253209179,1.1866570542762445,1.3767975513275803,1.2569018144416801,1.7355295377194802,2.0316965570433343,1.4001675746599596,1.3462355611631183
gene_1956,1.339139678609905,1.6291229347055367,1.5712632849828212,1.312334400172826,1.7721706236850385,1.815599227622861,1.4814055528583203,1.3671031974285386
gene_1957,2.414866393954723,10076.981948471777,1.5949193600534681,2.3752935491758578,1.4538791754598535,1.4449769856083785,2.090458247010901,1.654140550648945
gene_1958,1.6035715113390485,1.8502990320633044,1.5940442924296592,1.627913078190111,1.5269442453626672,1.6020889950452397,1.7511970121858167,2.4399389143721115
gene_1959,1.4865218064607442,1.3671219908289574,1.4865860058337628,1.246810412872184,1.746404962913325,2.5401094433891043,1.2867178128018115,1.7556228085199246
gene_1960,1.7499021791378624,2.2847877188414722,1.6423717530998982,1.1896259617937288,1.6690255084741688,1.1528829410202235,2.410617960480149,1.860563895282433
gene_1961,1.4882094740628786,3.03625447618817,1.5422671079834323,1.4560223425327148,1.385894673665171,1.4745008734682281,1.6817820000367656,1.8165977935173259
gene_1962,1.897412412618282,1.3992815801570218,1.944903465431065,1.2459185175810865,1.337613429219167,1.263934320262256,2.917840318810694,1.2791382101886828
gene_1963,1.607505731650186,2.117497387804012,1.6493341755542628,1.9926040219215793,1.3380309809752575,1.3763007068352153,1.5569036590605303,1.2618057469023338
gene_1964,1.2450484435731213,1.220175744129234,2.078788022036006,2.3526705864831485,2.078516871634294,11286.15047861067,11314.0737805037,2.9999531424830788
gene_1965,2.0552281662057195,2.4515512886511925,2.06276830797111,3.332234029625603,1.7626627775186314,1.539170327764781,1.385118622741994,2.4453205151644033
gene_1966,1.6005557813426599,1.5624567088239367,1.4604490784908741,1.7774355325594922,1.4319706205969025,1.202345044971961,1.338159393918461,1.5695360736996027
gene_1967,1.7710279345967412,1.773891761531014,1.7039832032201139,1.9892409815043925,2.2638686882136017,2.1187743599308635,1.686199676777224,39115.535580003925
gene_1968,1.9214828406383608,2.277211123807744,1.4389806382970423,1.5258149759757378,1.5227289952471017,1.429824189317787,1.2163914224454742,1.2441925879346778
gene_1969,1.4300213457524737,1.4091623461628249,1.5124353527183487,1.1645460405690888,1.4562876515528946,1.4370946832403368,1.2170875889893902,1.143170610860031
gene_1970,2.9977649353969458,2.5138054393777582,9490.362296060683,1.8292307606268363,1.3853498527776018,1.4461737309323033,1.503488486618358,26306.71546356345
gene_1971,1.5756112193096852,1.3153951178177279,1.7066432654646277,1.5626403495446644,1.110463471969969,1.6462171097001368,1.4456374032204233,9092.93950593368
gene_1972,1.2960037677416276,1.5909668283102183,1.3677959665915633,1.9654054115198822,2.3465379865341447,1.7924131171374327,1.4504273353893427,1.4127306921430065
gene_1973,1.3646326453408801,1.1547436349827942,1.3513901504749193,1.129268937472754,1.1164763710875054,1.470144826685561,1.2840875978917807,1.3974385596311298
gene_1974,1.1949862316995266,1.2638545161139663,2.0118804160213912,2.3572163600238443,1.4813414563108416,13712.841745147596,2.508959965940493,1.8156126880692873
gene_1975,1.2114354239084502,1.3939081916633134,1.2972937526868995,1.6629292035786523,1.814998027043643,1.409766019584638,1.5801148430497074,1.181127996088432
gene_1976,1.4055460672571922,1.374339761457347,1.541193329308297,12525.905366686546,1.2235903253177005,1.8159527373287903,1.3183703114130592,1.692045132915288
gene_1977,1.5570039441948116,2.039842001775546,1.2077550679104434,2.203460672579876,2.3195469230745207,1.6188934363600194,1.4940328999812558,2.1328415202172177
gene_1978,2.5740746833083263,1.3246803276564596,2.670022258671757,1.4341635057031898,1.2518206952471964,1.38017183742644,1.381967168308197,1.5815394518478392
gene_1979,1.2098123873151736,1.6133623879301107,2.0200005982599696,1.368144496777089,2.0531694886425176,1.7830472941514197,1.446623017254534,1.3334017363944795
gene_1980,1.2343758586757967,2.9500522668598603,1.5917096634255035,2.9070068029371177,1.3352665444166405,10596.403319251855,1.7639473728251869,1.837870246781432
gene_1981,8871.142850745948,2.3900164828824235,2.6373615320725925,2.3371312550681185,2.244677707903429,2.44306451119136,1.8674638290611953,1.2440624152303907
gene_1982,11589.880325007158,3.033637544691435,2.036387806349057,1.3539679462091483,2.267809209148975,1.8559178255207849,2.124517613133013,2.5837225100364014
gene_1983,2.7159797174715052,5646.995639133066,1.7121314515086705,2.170399413223333,2.295792720247304,2.473041245098259,2.0787821150077774,1.614343250239882
gene_1984,1.4409322974283172,1.379214509322174,1.356052043036589,1.5356861661779837,1.8404000235821836,1.5113849122405003,1.3520484597869638,3.070200778433111
gene_1985,1.3723815310540768,1.6181059683675774,1.6055800238135445,1.688681012572146,1.3342920744282691,1.465893329860575,1.5663623860087192,1.455420383849246
gene_1986,1.5845528557115547,1.4075064112003493,1.2995662917170614,1.6398872193466079,1.9682125461857742,1.4737621279693978,1.9643408602546042,1.7283546218016563
gene_1987,1.7731385667038873,1.588873285132867,1.5297882817380664,1.3261552778708998,1.6942719344578492,1.2708386852360443,1.712166123976431,1.5938383280976114
gene_1988,9273.069928166928,1.6722688826147123,2.359255174364718,1.3593607610088512,1.59085700333738,2.4431561489898073,1.9425858736862727,1.8711245769699076
gene_1989,2.072078833338517,1.4145870271580865,1.7331408517974554,2.4828771559018574,2.54919133846901,1.855832321141388,1.339726869609654,1.6643573579666977
gene_1990,1.981909582305896,2.2259306335243623,1.7677465930026417,1.5263017502405614,2.7785305292657174,1.5502625883738315,1.6070777102396907,1.7040466151991949
gene_1991,2.0467121593569995,1.7438622653520068,2.78582981990867,2.2282632054122837,2.2072315563665263,1.6375559565591424,2.2257595863038286,1.6425600297672667
gene_1992,2.596124859248881,2.3045202540833034,1.438917637480191,1.5164933414557136,2.9159109626661572,2.3171133466171665,2.3525583847068536,1.869978695998499
gene_1993,1.9210456094482307,2.0786301924574415,9718.871796033236,2.0175067732790892,11483.292708466899,2.2602619313070833,1.7780149951883484,1.7464784739469144
gene_1994,2.337766227574587,2.0329181561326983,2.3279393772174606,2.1670047620540043,2.27977054267777,11547.921565797864,10239.184267280685,10379.959504746981
gene_1995,1.6378390777992917,3.366729553450869,1.853926146722201,1.7448945703528942,1.227636126139865,1.4670637059634202,1.7541646597505585,1.6258181807109555
gene_1996,2.095563383730922,1.3988951091949111,1.74927390682073,1.6860340409263317,1.5018741931700266,1.583441276803649,2.320311708232852,1.1129220787560818
gene_1997,1.1924675603924082,1.5822312778803311,1.7340513541888039,2.325038386082869,1.98386049517366,1.7358087558860866,2.2852142050327644,1.8286720870926192
gene_1998,1.4555503004975507,2.6633374636170632,2.8603956173914185,2.7972797335464485,1.752714741255084,2.1632871327775947,1.3656577506847816,2.376553157393806
gene_1999,1.8919492529241302,1.1781144404695743,2.190270128228383,2.0116385726162305,1.7747903483694052,1.5826800674102512,1.7601741558656836,1.2712928028233461
gene_2000,1.2775351258017635,1.1606593947420223,2.212513056942927,1.2413807508933428,1.336475567588458,1.2946478670245345,1.2654852771531786,2.5555298183151884
gene_2001,1.3643442372138799,1.6360464314073768,1.6778966954860735,1.4022990262076502,1.632254725686049,2.990973572923006,1.4651759837073002,1.736542545425535
gene_2002,1.289573277187029,1.578128257278387,2.7157004669939586,3.302976594986557,1.4499486659624514,1.3994808803174428,1.6750418837969654,1.7381824582000085
gene_2003,1.86059757263515,1.4217200346808954,1.8236449816910592,1.3599147759606787,8664.856304730827,1.4204024728850455,1.717229246779179,2.405738601629056
gene_2004,2.2375771031067613,1.8727397827706074,1.305724825168759,2.327441756725664,1.8543432047018173,9312.88365379483,1.872206172758213,1.2804161266456797
gene_2005,1.3045566443160024,2.343672589402382,1.223988996272745,1.6092784352384049,1.547363320538287,1.1560035283930923,1.3390301188816756,1.5951453189000566
gene_2006,1.5677829716865854,1.8984021619742846,1.6344302850686667,1.7389178143729724,1.2716845645628099,1.4682254955723966,1.7614845423403271,1.6410818109610492
gene_2007,2.5569060610343106,1.8841973942095784,1.359414271287166,2.5670659612187396,2.154879019434556,1.3425432529912875,1.2780875301054913,2.189570452401246
gene_2008,1.5775423575643481,2.1104488587954973,1.6532345585178716,1.3458701808332187,1.6363692196828026,2.1207984259881947,1.918359605896222,1.3345855605473114
gene_2009,1.5454238205538646,1.5393606185293403,2.698588109953836,1.3783470198581336,1.3138673577268147,1.7888227898222098,1.6789766570961262,2.5715739027616302
gene_2010,3.1748534591728252,1.8791422471232955,1.6078295614122098,1.4618757036163914,1.6495457363360928,1.3128856901306525,1.6466563049158185,2.3187311222916516
gene_2011,3.462575430608015,1.8072880284379838,1.5667352766615774,2.0374822979379004,1.2329811059051194,2.514020255575202,1.5667144072190051,1.29216925676132
gene_2012,1.305502666461884,1.3320375664117512,1.3834864597091903,1.2194295830649655,1.2947986020845257,1.2122351965682963,1.2522048382862563,1.2679187961635228
gene_2013,1.282802401204512,1.6028264212455898,1.6031224040798377,2.738457770490685,1.5802123166328337,2.239269886090628,1.4130534128326975,2.123993084928226
gene_2014,1.2290879133426995,1.4754648015500604,1.84801561318672,1.8618950333895354,1.8006122333241454,2.6427396892716812,2.6651155161216225,2.4000390235286306
gene_2015,1.3212152042350918,1.3061640134918875,1.1599207359435957,1.7792328648635791,1.893597814824794,1.4555830165249726,1.2664789391328093,2.084984166511993
gene_2016,1.5563067761202278,2.8485200832641437,1.6069463884270432,1.2849769786596352,1.6302750464418492,1.572362588538068,2.0229086722368526,1.342967510885342
gene_2017,2.056684313675287,1.2584768832139193,1.1850878623806675,1.3751314197493034,1.8225701121756195,1.1630866245225528,2.0707180023856075,1.570188407281353
gene_2018,1.5087884113237573,1.5076950503281195,1.3198934856506432,11825.82015280102,1.6385948930857879,1.6456588564790935,1.984223140539735,10736.748800991376
gene_2019,1.3293018674347206,2.304910293271858,1.6788955173264901,1.554079099145403,1.882257401844941,2.073567349120607,1.4587497548245196,1.4643205957495118
gene_2020,1.689516321602251,1.321201629825612,1.3440532415644948,1.8682324537463693,1.3370294786780306,1.7070883747449588,2.686207875303707,1.4173517177625135
gene_2021,1.4950695907696823,1.1467195312576886,1.8077530774955453,1.1153587886700658,1.8854110238266832,3.1643295107418976,1.251738975535795,2.3899118449124863
gene_2022,1.8714198246198415,1.3999469420591586,1.270892583805368,1.2330976996128529,1.3071814491176335,1.4349893289648745,1.3893010913289319,3.996798840736673
gene_2023,2.010551478013538,1.9483715594784226,1.2426363156332225,1.1628874653762415,1.731641389561377,1.3045476576329686,1.3284119077444725,1.546124704406669
gene_2024,1.42014458675657,1.5187531440383333,1.4398846437659942,2.40110118904963,1.5977416264084765,1.5665902839739059,1.695311995288697,1.407152621281091
gene_2025,2.10095483531444,2.239225076020919,6833.105991813837,2.5890187115646546,2.8034599294155074,1.6013578047364752,12020.910781864888,1.6453407137013643
gene_2026,1.2035782319551753,1.4218648306377022,1.4262355024819027,1.2158264979646545,1.4381625477703635,1.302059869157044,1.1625348571917427,1.1825936834387576
gene_2027,1.8803454927064795,1.7188012967257935,10266.30978446026,1.189457367893888,1.4683822331898002,2.6515398593222748,2.687862872737978,1.6708715580379419
gene_2028,1.8303438985146214,1.1504565774620934,1.3791725183967436,1.3316836711672704,1.2617426160414908,2.4385801162577385,1.264043781783655,2.1143926744655968
gene_2029,1.8968918325507507,2.8053647741940972,2.4108012145639455,1.2946572306596924,1.728225781355216,1.4533420078798416,1.273927681188263,1.6638110455392658
gene_2030,1.3145519771289518,1.282909967207504,1.758589702768049,1.658042733836155,1.900685617953401,1.1922638775081769,2.0620186266885745,1.7515539373347533
gene_2031,1.6187722929040371,2.38692349096402,1.1871379800864057,1.8417619605445497,1.647990536859068,1.2721800000978265,1.3992682052581633,1.330706750978293
gene_2032,1.6189320186226173,1.428779559477586,2.962511351410694,2.7953475960585696,2.096337252360986,1.279284057198546,1.2435603962451085,1.9748986195690454
gene_2033,1.312096000922839,1.2891277578285847,1.4795575323456296,1.3328630416068317,1.3067229687448432,1.344596147600899,1.3055649740272137,1.2082716733691923
gene_2034,1.3340992763105577,1.233194390880526,1.3610364326217357,2.882212653952352,1.8284308278920938,1.312331542659782,2.1805364390638293,1.8583753227199191
gene_2035,3.0586848234042425,1.4053371997085082,1.2768751065567692,1.696717975175214,1.4767177438217693,1.5084290082483385,2.8743705555959633,2.0743849952724185
gene_2036,2.028587408836282,1.3644067078060267,2.6296826161902844,1.555612878188767,10309.624453990415,2.2424404507566598,3.3177084674395276,1.6384434448904375
gene_2037,1.367343275315392,1.2132939450794318,1.1850053961492382,1.1269504500885863,1.3619641497022,1.5179769951393047,1.3535650215555572,1.5664000808553853
gene_2038,1.55519507334407,1.6508009014900946,1.8885662714878444,1.2024075358594948,2.0393466086533327,2.1208962868032177,1.3199089676260425,1.535654095346446
gene_2039,2.14628343051292,1.4575809739778092,1.5203827732748891,2.489377074664679,1.2361784356750507,1.3460676129657938,2.5819595788559537,1.449647071568182
gene_2040,11861.6502765522,12314.246056899381,12474.948763914945,1.9925151349887535,2.500100929745469,1.713483595861901,2.14832943446073,2.248210120459328
gene_2041,12973.142850530006,1.9655052192807514,1.6583541004487283,1.3469001287644686,1.579471879964527,2.163387569161717,1.2923761369606135,2.1817202661209225
gene_2042,2.5201414254449226,1.748576150359139,14428.108089036845,1.9314038876891704,2.1780813057575665,1.9650065570412172,1.797826543675152,2.326920156736114
gene_2043,3.0809476755905476,1.811659329794368,2.393426543628066,15183.598516521552,1.6988758783391047,1.982269212661078,2.4423259774077866,2.348679136619901
gene_2044,2.855877075193959,1.9129459038512622,2.242037897566835,1.368341374391889,1.3953428438402624,1.3083041804893834,2.216989079265177,2.3379498933699763
gene_2045,1.3353535721651626,1.645653736603784,1.6159498132202212,1.3150371060414088,1.460021228195162,1.3328561883197498,1.0882334489935133,1.3598353881615497
gene_2046,1.2937447614605746,1.2201900036174789,1.4559589205724752,12886.462240592748,1.6266154670097537,1.8313010834631478,1.4655558654823135,1.491646883155526
gene_2047,1.7761804792161215,1.3609979135128811,1.245222616802493,1.3410465879468414,1.6315079200859666,1.5266518710075268,1.310699165705925,1.2645693005058656
gene_2048,2.8646241763094356,2.308200582807672,1.535226920206325,1.7246825664228747,1.6658240113606066,1.4850323638518712,1.6761658467623977,2.8571257069497205
gene_2049,1.5432393453580981,9957.508915321207,1.3411790418882705,1.694895861691267,1.733175434443273,1.6264037921909387,2.1420751321946527,15292.316709857887
gene_2050,1.5265640082807528,1.500500566619414,2.1982668982519797,12067.924772838063,46842.00210593525,1.5384062588405083,1.8646972504275623,1.418712075855333
gene_2051,1.3984592192695249,1.4886086057338206,1.3935459269654256,1.4074626347143406,1.821511481769407,1.3132880121075392,2.816442991159201,1.3701983318847697
gene_2052,1.2771554738896889,1.7263048340090852,1.4991767939096268,8956.306767936567,3.243548152206524,1.711754062278972,10766.92146458537,1.4504747174588624
gene_2053,2.8544017684114764,2.657873336408405,1.5514276781945238,1.5205174029513502,1.4308870946571082,1.8453846535100034,1.4618442977246529,1.582741510070629
gene_2054,2.1520260627091226,1.1648521348689365,1.6243506587529057,1.4058880210728861,1.3311908466824574,1.3263214529502656,1.265539345262242,1.946906182697937
gene_2055,2.5191949401455513,1.8816222513915326,2.14450079889387,1.489790551689342,2.4845317462927374,2.285744551004173,1.4668011762580577,1.7684390076511949
gene_2056,1.249518313682959,1.4027870529226165,1.4004039072066952,1.2431790181473852,1.578015016232666,1.6037112819111898,1.4169938753230102,2.1022293268106753
gene_2057,1.2159857200216238,2.534703331305091,13362.005633865283,2.25872609856001,1.697393221218354,2.321050200777987,3.0469560768442197,1.6615746193902439
gene_2058,2.2456548428535763,13601.262982080405,2.2903705584767673,9271.261871134637,2.2557996455425324,1.5046431240021045,12625.054834758072,2.5357149724951418
gene_2059,1.758134593345049,1.1796853067863817,1.4512571164799983,1.925288545546985,1.486795491971211,1.4399617171793635,1.5496559133094883,2.331820333769986
gene_2060,1.809839308299632,2.08252435812935,1.6691861380393938,1.339960310601187,1.333934034610371,1.3290364216109478,1.279864573608861,1.272300263083855
gene_2061,1.3237221815594575,1.873068864043514,1.6811813703549459,1.311698915934444,1.4769108911690036,8841.627139433067,1.6143460592787175,1.2460565129121066
gene_2062,8389.472132023822,1.657413371214333,2.0243418787639804,2.91538065990099,1.4191059178015455,10667.449243321911,2.3723044407769964,11134.52624915034
gene_2063,2.383005145205738,1.3167276379675754,1.1814056741660743,1.4183872752251756,1.3916852462237572,1.3446358085408927,1.2297371134766222,1.8910681149618098
gene_2064,1.147680045929169,1.4180335154616537,1.306513514701746,1.398992901488782,1.4947071150656792,1.4378942602292546,1.3543818760863793,1.5092060735057609
gene_2065,1.723780401281915,1.4191010094472627,1.4181889519685298,1.6518805800224232,1.9623428248085655,2.0577609538993284,1.3058394438899348,2.10290346942195
gene_2066,1.6642075681463588,11277.903127919357,1.3466598854069098,1.3703678205933967,1.6541174546973287,1.2592491692075365,2.3268466440027398,1.809815026634511
gene_2067,1.1985425342957874,1.298919988711363,1.235506731493349,1.272172052286371,1.2902294385788775,1.3192442356017846,1.1155450201791897,1.130769082784029
gene_2068,1.7403997221545005,1.6246088951818267,16577.014684864025,2.5385155497926495,1.462992163716036,1.748922208683239,1.7476409169903462,2.091898236113391
gene_2069,2.7207355274933653,1.9068865396578707,2.024851639425246,1.8270136005924094,7580.4738464943175,2.2232114777666787,1.6589426313460105,1.8716418372607342
gene_2070,1.3296747938095532,1.4509708507705088,1.601027453026161,1.8556446183559576,1.3425190193782341,1.3783563776254197,1.4570981815746937,1.2267107025892996
gene_2071,1.434027098640257,1.611387138769509,1.930783254787234,9840.918398164753,2.647413700809387,1.6499262566270467,1.7541319224080365,1.532303364798169
gene_2072,1.233584474527763,1.9576135526429737,2.8370672930469656,1.377306327146038,3.257018228570916,1.6384162034853507,1.433170058425532,1.266633119903463
gene_2073,1.5993541806292484,1.505872257666359,3.1458806842396565,11034.523449276538,1.906623302042907,1.2836236034302244,2.67167225271375,1.9840594250317143
gene_2074,1.7036389533989627,1.7142097869137274,1.6199321684308023,10553.352498620121,1.3043557518589903,1.3228982376312415,1.8668548476201425,1.4232723984720181
gene_2075,2.869076192989668,1.8180824174565262,2.1025979925385707,1.7950472212290105,1.5653108616647708,2.9962041881788264,2.3247837059475907,1.4507151539601302
gene_2076,2.7129438240927395,1.6056375124716848,1.5380958400496305,1.6295397923453403,2.642927968701621,1.8119992105509173,2.9277669704736833,2.1989801923848007
gene_2077,1.5096450473879894,1.2939451788191394,2.6892753532966336,1.3152532006182744,1.0976304843563978,3.3793569091306828,1.3577849486520015,1.8277171448443712
gene_2078,1.2226309130895079,1.1544030148948479,1.9225599366377708,1.3575158051824123,1.3447374070093743,1.2574592155613917,1.1746432763822463,1.1715810948948795
gene_2079,1.8796550933105332,1.757267400046739,1.134499772491835,1.7453156392761229,1.2847966484074314,2.3462004687217894,1.7633667570433653,16669.43828107409
gene_2080,1.4934303820495003,1.729240682410378,1.7577644403871389,3.268321909253434,1.714772914494064,1.4115405114394335,1.5362706467398848,1.4833113355419711
gene_2081,1.7011633651817124,1.1750244001472268,1.3353727589426032,1.4902492902256101,1.6884482832134284,1.1507873688636325,14005.233542212958,13134.741578378616
gene_2082,1.3904639734026465,1.7023417633495097,1.24475879798322,2.7637969495181336,2.4890245765825902,1.1829621249964364,2.1924920616701864,2.50369180386406
gene_2083,1.5969487554366513,1.5360536752976996,1.6393993482885028,1.3443705978203258,1.3677078641028506,1.6352766870052435,1.3806682296537296,1.4089473870450269
gene_2084,1.7402756417034704,1.1789982999479385,1.8902492942970774,2.463448729785954,2.119745030757778,2.8334183721264505,1.9201439768757687,1.482852966945915
gene_2085,1.2577037260802857,1.300102312586306,1.2055954171101269,1.2620952086282455,1.2113493536757913,1.1815643052628422,1.2247315304639987,1.4419615892964763
gene_2086,11130.379824958089,1.6871459629355563,12801.914210849991,2.0354944149846115,9082.098609794144,61437.99621275622,1.8457260662954258,1.4645923300096526
gene_2087,2.3217626629651362,1.479272663526762,13515.406443026088,1.9408044872878774,8036.253860374063,10495.163408827393,1.928302089511239,1.6200045078966803
gene_2088,1.520879870870833,2.2671480350865347,2.186672110047016,1.7278028855724503,1.8090205787609999,1.7735433475553612,2.7267045446256675,2.8990575393587563
gene_2089,1.349054889970885,1.4821592030409945,1.3325126424834959,1.5680532809583347,1.3874924514047866,1.3167737746329513,1.4880263082672271,1.487640411977527
gene_2090,1.7505684798319565,1.4630772730676689,1.337691495813612,1.443102761659022,1.122815314352644,1.4638474718516743,1.4963212912793205,1.0962458669404758
gene_2091,10990.594168272935,3.1055854419630586,1.9293546438008806,3.076801267022303,1.2835944457617134,2.6116367639689004,1.900829024808515,2.184305763917925
gene_2092,1.5791034524305976,1.7070850135182438,1.5814858382617916,1.7507304715830234,1.4749836716850302,1.2667327177856906,1.5820622082025786,2.5016328966409747
gene_2093,1.9781228146650107,2.300493310948083,2.739480418467894,1.673462541678495,2.055286238601717,1.9886128980543953,2.1560770673371543,1.2267826371374198
gene_2094,1.4734414085304468,1.503709487769805,1.5515514143855205,1.253195341109238,1.2981309411542574,1.2825697825041082,1.3286771099404537,1.7053769966849268
gene_2095,1.578285589070311,1.719314159195926,1.7313850168471474,1.288016843047167,1.8371173609092237,1.5151446658779069,1.3723390679954954,1.299333381212139
gene_2096,1.371687307858389,1.3845841906728868,11888.99797888434,1.2391338654945836,1.4465519526601318,1.4437017908594878,1.468935874904007,1.428407739239029
gene_2097,1.2844501087989415,2.061718363171423,11810.883348144163,1.3154726681241773,2.0063958491856555,1.3118566113099104,1.4288180790884681,1.635248658801597
gene_2098,1.5993859841775826,1.4018486348066528,1.349237274329089,1.687637210403008,1.8489471523161756,1.3104718631241683,1.6145536791148014,1.2429551783010002
gene_2099,2.510077840193737,1.9111409473238175,1.5873244202545223,1.538298854657996,2.456702472316294,1.1972355822393537,1.2128910286169707,1.3422705163335382
gene_2100,1.6813861646331454,1.3530569057249997,1.3019125376911596,9775.573894353785,2.500641870328089,1.44474058959301,1.5852358470670707,54189.084470822956
gene_2101,1.132736306122541,1.1239062427154907,1.4840477493764088,1.176151304111868,1.3899865868300534,1.4074847120366245,1.9590166954900212,1.2784400374431377
gene_2102,1.2825128085847117,3.4184477185369833,1.4435941945155886,1.2276410286361643,2.1367160723343694,1.5411471780026589,1.7581514246325791,1.1805928711415299
gene_2103,1.4509696898196094,1.4492643133397591,1.5955773397245077,1.348165182769549,1.8071457849329589,1.6346924101308546,1.9664592177362317,1.4932111792216547
gene_2104,2.560297178575236,1.5177899781863111,1.8770016177521334,2.7429875019153207,2.2206285767513103,1.8453945964155585,1.394728363075679,1.4910709986529063
gene_2105,8440.462850496535,1.7043670155783077,2.09252906325858,3.4396454908832506,9685.351223549767,1.9863354179144894,1.6563531445563568,33837.03700744726
gene_2106,1.3302928726340928,1.6664965437379622,1.166881772099654,1.8283022169936185,1.0915041736197748,1.277948770729326,2.1904335506157917,1.2880279557426684
gene_2107,1.6417776409643434,1.231005209418668,1.9908517882515095,1.3432298725510339,1.5252083574740796,8106.273865453402,1.3396061394068055,1.7168935544582595
gene_2108,12179.120954737406,1.8420285362813107,1.8445239032876855,9756.905412938262,1.5618489620845186,1.5468851627658853,2.0099485770756096,1.1861462648323087
gene_2109,1.3878783489563593,1.401516571351338,1.546079191077374,1.2565424018812137,2.4839182309598726,1.2857479747660812,1.5439652275710245,1.346535125141968
gene_2110,1.4585447758889682,1.6956401236497665,1.543967142362369,1.2198803951195727,1.2658100900286384,1.1457692195392002,1.5483270164404332,1.7349913269503787
gene_2111,1.47728134870915,1.2908355748104976,1.0967693576894053,1.2312949168104934,1.1813130357905295,1.4096002541887644,1.3727548634847317,1.4031603277856497
gene_2112,1.3107116194019013,1.663407228889474,1.3005917885110345,2.6100416361533854,1.56258465052928,2.079345583430936,1.968614436812719,1.5959947626319226
gene_2113,1.3600623951230861,1.2994596996056509,1.510567451665609,2.0119552655160104,1.5593188684072354,2.5784528247050993,1.7257731733462662,1.4801853243457126
gene_2114,1.3303736837753621,1.282880266217622,1.6545661978623543,1.5617844329525175,1.2345167763583507,1.3904716433749031,1.3286816165275825,1.1021222539035112
gene_2115,1.2051481111269433,2.74168584390623,2.02224908334401,1.496059696642561,2.4477402520985154,1.8269557607575957,12664.55234836345,1.7372300858648992
gene_2116,1.2221549273796415,1.3130986794493724,1.2302244055607088,1.2252904247317988,1.2340168142576633,1.2989068947269544,1.326617294096773,1.06825895431618
gene_2117,1.3700770058675968,1.4975179984908438,1.1835726850703057,1.88417009647839,1.4239136633740617,1.2045271824857844,1.2172314685174879,2.289823188280041
gene_2118,1.640115268192677,1.2150153183097154,1.312484709029464,1.2541649059896143,1.2038088846135016,1.2386867456542623,1.7753121226736355,1.551470012215376
gene_2119,1.3287609766005826,1.5058406681203087,1.6429446310370757,1.2233738810201376,1.2529428686800876,1.5778097080794253,1.7081557173485284,1.27442609490093
gene_2120,1.2350501552728055,1.6773670805394088,1.4928189530510747,1.2821850110903867,2.689361195644315,1.5925749932273294,1.9788492685093457,1.3099444891329712
gene_2121,1.6839888543472732,1.4055100832676564,1.2634582084963129,1.272524708104234,11307.056066680592,1.7197040144694657,2.2131715586219767,2.0400542911657165
gene_2122,2.6050525895924053,2.0164711145216225,1.8005202188583873,2.0478470758695346,1.4043145479877304,10083.063307889714,2.1574029493857974,1.8212837402632516
gene_2123,1.280286166052214,1.5139316699929428,2.526080615622966,1.8691681110730836,1.2262167815869511,1.687178668074047,1.3767120822968464,1.650127019784932
gene_2124,1.2323503924243433,1.3133692734801408,2.618690029219384,1.2408284114730284,2.08836478415896,1.446215476293804,1.2130241422650336,1.3828650907699778
gene_2125,1.4833538713007104,1.4067526812450264,2.33227894533475,1.554892317813068,1.298302861235969,1.5401470816512117,1.6759159905883325,1.9710182579860054
gene_2126,1.5527321881266922,1.3018490622353451,1.241712625692994,1.127382075869534,1.3847150777201496,1.2807733246784636,1.4339080377874092,1.4033536836383964
gene_2127,1.851661110025182,13722.506481265553,1.5305258416801897,1.8181314140372868,2.1022368537359015,15330.623318981,9082.001191791747,7399.037549210391
gene_2128,1.5512108151835302,1.287586353924266,1.505623071669391,1.5720447841606324,2.038726474562625,1.4164606918998626,1.405313620817775,1.299124084595445
gene_2129,1.5541859809082517,1.234717327643687,1.2350737011858732,1.4104022337496191,1.3686159373420568,1.1949522618931352,1.246209988335314,1.5373754781678968
gene_2130,1.5363809922116032,1.8623922029328774,1.20508659103305,1.733570358197897,3.252744588766121,1.943453969446205,1.488183277123879,2.3160262802418177
gene_2131,8084.466301896632,1.6087137319020213,1.8840644535756266,11244.39637300108,2.096207757490227,12592.830254715052,1.928795565464799,2.414107933875575
gene_2132,2.7251815538760114,2.0391804939022227,1.2466690755916185,2.473597180950353,1.9336755813469957,1.884683304363257,1.6591666183595133,1.4742531077722298
gene_2133,1.432980485991841,1.6231565875471856,1.641697030775723,1.7079010919330202,2.588536558385248,1.273321816427492,1.9628683057833396,1.4518808557083043
gene_2134,7511.206430223693,2.3441914394258614,1.2937371265367676,9172.017650021153,1.70818821576408,1.9658535164937607,2.022656896296001,1.8275549912366913
gene_2135,8356.926754214099,1.8799425037766242,1.683454276356502,16537.14489278519,9354.984217582149,2.4706523611260756,1.4178903108087053,1.9886783055740338
gene_2136,1.173138566445311,1.2054253485215343,1.6995465164548202,1.125219767914711,1.2795400610347514,1.5256939103404625,1.072252392362709,1.1503487852732357
gene_2137,1.185727237383054,1.261711975122925,2.465036758780515,1.5128446576398604,12756.104044601221,2.4341689162730176,1.7149912460619054,1.547102264734382
gene_2138,2.2884241124752385,1.4938491173704702,1.776041390424134,1.745309145782768,2.1634579630464623,1.7473760476017082,2.399866151264654,1.7292267765266183
gene_2139,1.1018362408781837,1.4772946607000144,1.340745722171824,2.279414678484024,2.288547507256294,1.6126375132299966,1.5080405104053547,1.7843969182096735
gene_2140,1.4651932594916055,1.1758868002293799,1.2322139043567497,1.240254512029515,1.3292848791093228,1.7981783077003808,1.3711775540301467,1.7874524485556282
gene_2141,1.2181411897137824,2.9116666539144096,1.6044290266926986,1.4475809957242285,1.3477273353469936,1.3115176600763256,2.3837748051245007,1.2857253061029035
gene_2142,2.088298489588881,2.8566236791729644,7866.336150059954,1.5265667008170891,13800.82882132859,2.212583629928916,1.2561773085666212,2.579040920512737
gene_2143,2.2888650473359493,1.9411517297243628,1.3675046372910216,1.1868553724231408,1.346685299899923,2.362850994598298,2.4335475061549507,1.2100216286337993
gene_2144,1.4296865650645882,1.368346718585053,1.414382170425161,1.8762446484738566,1.1842964915685423,1.4046532543518295,1.5634803243999271,1.1915760065164824
gene_2145,3.002602512264104,1.3448520041335794,1.3446171820398263,1.8022066850193206,1.268182183910437,1.6306896391926866,2.315100337549333,1.848563327289017
gene_2146,1.2050414729824641,1.768064943246871,1.4512473164332624,1.2502858924803686,1.395563575179623,1.2499674278030208,1.6320482180608016,1.9564627562396166
gene_2147,1.3337189787244739,1.1810787783545726,2.511182337383788,1.6449620905088325,1.2166500209400237,1.6465201013295336,1.741973406678605,1.1582639724831836
gene_2148,1.5644616061678585,1.8468386688557794,1.3466251629567434,1.872772642518565,1.1929858959532198,1.1355268957815177,1.233800767049092,1.229367031928294
gene_2149,1.3995156479332034,1.6508378852149204,1.892510488799119,1.6273411892258627,1.6584302145527545,1.6785246104025333,1.5284339157726021,1.1995464356359187
gene_2150,1.9201454605226143,1.3848041083119254,1.2259693013970634,2.0616095661269407,1.4679543538039128,1.9495955249467787,2.0968469465564676,1.3552183903338952
gene_2151,1.146831310372388,1.1595879649208654,1.4412125432526337,1.3043188847394034,1.7011746975665738,1.2250563243286885,1.52610296615511,1.821919308638164
gene_2152,1.3157134716759582,1.4184397058695486,10754.130454400447,9512.040741433791,1.4582935128465175,2.1281093580972583,2.108836507949038,2.4638569356418487
gene_2153,1.4173086011449378,10799.259412364405,2.3888269056083633,1.746262052932071,12051.22936430566,6581.876507333889,71764.89635287384,2.013904546844174
gene_2154,2.6508202045891225,1.8227231201982468,2.164047914953764,1.388240241602033,9789.8900250001,2.3666242007700475,1.226710808989009,1.8285627378471125
gene_2155,1.5390859433268227,1.9130790789646253,1.1537810661048324,1.7593515262760677,1.6486269052641296,2.3954273439156113,1.6725430744840368,1.4895024599220947
gene_2156,1.8008390202138316,1.7808273403745152,2.1926906991542316,1.5587010727959207,2.1482528966515337,2.569161583341323,2.4766802999747752,1.5925146515511859
gene_2157,1.9377003941875546,1.555986241142925,2.2937763311166157,12377.253290353956,1.7565449702852258,2.3930544266782587,12010.610559307619,2.029045399289601
gene_2158,1.4858893491707337,1.5903237681535176,1.551823315419572,1.3371162972391943,1.5706842574720685,1.6377020893380554,1.2369529911426225,1.3560966950892752
gene_2159,1.7095878167906489,1.4705807179599462,1.3597693655392447,12534.494760372325,2.3918730901693523,1.296912727353726,1.188409107311279,1.4177401974838106
gene_2160,1.8207778876473315,1.3729325360913325,1.679727406143973,1.193233880005322,2.1439056193599715,2.5810057790710976,1.592409209407537,1.6867371272987737
gene_2161,1.7057069723591818,2.96554605269457,11156.457005596318,1.6489149788137547,5975.451524863334,1.7015099093947226,1.834459931010046,12537.16206507333
gene_2162,1.4059097304769728,2.343515862038058,2.2886551438480502,1.4663193558115797,2.4777976363412533,2.2916873371237636,2.1449165396271637,1.3044712199173607
gene_2163,2.644429160342463,1.78460886840864,1.5058026115844199,2.4641039240810083,1.5896306602314165,2.2902308507188236,1.973874722776111,64134.817992002136
gene_2164,1.705051723568038,1.204093674495293,2.047203522639437,1.6915159839663496,2.3790283728409944,1.6427275894992324,1.2131344941115059,3.169715444919361
gene_2165,1.411958703309122,1.3451929313233915,1.352688442108908,1.4781377941135276,1.6791178422292858,1.3669574745756408,1.227216437174666,1.6820246157036183
gene_2166,1.8226953926432914,1.4312140617225677,1.4105526285260517,1.2312593129355924,1.4730756152440037,1.3228893053376738,1.3506009008056372,1.539976452461715
gene_2167,1.438866902432868,1.3979004620683757,1.6846900351946357,1.6753506316167868,2.1702948065332834,2.932055357560426,9575.603495748812,1.3814843749330497
gene_2168,1.5148305336512917,1.2209542402489633,1.2058276427825412,1.9877999637529238,1.5017827002504598,1.1713458680957738,1.5274468032718813,1.2580658908734719
gene_2169,1.291965751515951,2.931150409698635,1.8955513020356591,1.3896689686121508,3.3509443662132137,1.2795568601104863,3.5412767607241524,1.777555529604374
gene_2170,8543.331344586815,1.1930170876752733,1.3535045521333244,2.0896153566500475,1.741961299593833,1.6477447540387926,2.030444708255725,1.856460340182925
gene_2171,1.532585101372947,2.9659402556652577,1.8601868165779412,1.9625950446414728,1.1890032894206726,1.673928759404989,1.4309952997201851,1.4539484103797986
gene_2172,1.8953155531842079,2.1105979976796907,2.3076710049147873,1.7719873873221688,1.8798264061926686,2.3850681359130634,14131.884641898081,2.696254968414608
gene_2173,1.5302871883984872,1.5139662880749463,1.4423697820946448,1.4969385576644076,2.943057397779674,2.9155473277273583,1.6847771408916414,1.7176173262799936
gene_2174,1.9208227058842833,9703.051361959813,2.6610212334263843,2.0469156505118398,2.3755211301895054,11049.859466428765,1.6956341985965622,2.172041911466212
gene_2175,1.444582297905095,1.3331783798076617,1.361344408523178,1.540725030543345,1.3972505581199732,2.5294194431483885,1.2982651809799082,1.671076217455577
gene_2176,1.3182441162730536,1.8002636399017478,1.5182452658475623,1.2769583126766826,1.494991823004139,1.7711500907244173,1.4238595446994262,1.9316151752743151
gene_2177,1.6796499736157047,2.380988573740849,1.9476483553049977,10042.301640973097,1.5803904446823973,2.140201772088559,1.367028059789948,2.0835479935991668
gene_2178,1.7250274214922248,1.6698354397312176,2.716293506719313,12070.823124789966,1.612999256824454,2.532537735518154,1.3684742633265963,1.3273262580643224
gene_2179,1.9165598822525227,1.7366438868386236,1.4532148079157223,1.3785251246787593,1.4497773165818648,13300.984511809902,1.8635415682798973,2.0068852529589805
gene_2180,1.413530060516723,1.3511184474896945,1.3131556547493997,1.273723168738465,1.2532296990420941,1.6551557863029978,1.6831108971831394,1.5601137784894017
gene_2181,1.7459359901761953,2.569156199019,2.140920045598801,1.9446359647697107,9986.961346879938,12129.773241695935,1.6538665509626826,1.9950340470242258
gene_2182,1.5968579412925297,13490.794934867828,2.3357945626883145,2.0111427712144176,1.5636017447944774,1.5553730511462334,1.320088930978752,1.4900248748715568
gene_2183,2.2991396112438554,1.4639156146898626,1.3838643402569384,2.342680687754329,2.469195416940985,11752.636705383398,12691.764541538692,2.5905937612142425
gene_2184,1.4050162300879039,1.17536064121267,1.510762118528783,1.3877856539326743,1.5163249429905172,1.3803192739135777,2.7156270434586096,1.6475043406978367
gene_2185,1.432630899114117,1.2497674561204861,1.2400583228324604,2.0045655152164534,3.382800187176753,1.409633144852214,1.2575296407607375,1.4189357226159034
gene_2186,2.3684488233160916,2.8832087097299777,2.331540884382617,7499.420538732249,1.7913811329034945,1.8118019605905835,1.9145307932741278,11019.87438087773
gene_2187,1.791239867713253,2.295444532088466,1.3887000357949828,1.8229255043490535,2.0529696862748112,2.406442609753466,1.4737113658956196,11046.18549151505
gene_2188,1.550959167510859,2.4452369858792533,2.2465455905244087,1.263720756744449,2.4763478565669095,2.2668125706338302,1.2982489205770906,14141.538751548524
gene_2189,1.28046354868356,1.2737738776572807,1.38768902355341,1.4063399586974767,1.3059588907183655,1.336690347259182,1.9503016312827404,1.3054991951387593
gene_2190,1.610446833062542,1.5837338144750355,1.5847637562960024,1.3187087740334347,1.658450601869167,2.9696913941647027,1.4278061945979046,1.5076637583203234
gene_2191,1.0894206838873897,1.8213004951547174,1.4315849595576162,1.584882472271098,1.279380363902061,2.337267330254551,1.2818742448603964,1.5104748623276978
gene_2192,1.3460778937407207,1.3698702582614786,12199.603811449924,2.41576904993274,1.3965379834196248,2.075348742506874,1.4014172783896868,2.667782088131797
gene_2193,1.6660914932730668,1.4430235229465522,1.5823479236881264,1.456206955055417,1.6396652491829007,11640.51496056341,1.3254383199330873,1.93481354824217
gene_2194,7180.272010760448,13471.08375668326,3.266656588250211,2.0733770212692297,2.313161865149146,1.567298842897039,1.1620439472725903,1.5366318552344596
gene_2195,10372.210844816813,2.233406238342884,3.305546616984844,1.6626278394519387,1.3335547287608993,1.4618929372384384,1.4481557404549303,1.5323786640190942
gene_2196,1.8398182290445773,1.5650117215809305,2.146732028387565,2.5312965239395604,3.034772576353394,2.1302963935490804,1.9312708286012419,2.270131777304394
gene_2197,1.463870316829939,1.2354929400942132,2.6357383916443182,1.6198331687131273,1.450471703964615,2.3004083157870854,1.9671064783340453,2.431710760991853
gene_2198,1.6155237879342776,1.2010523298167934,1.5685041317330064,1.4915786021169182,2.293647265306874,9046.260250843668,2.440391000199405,1.4979995146077776
gene_2199,1.5524923728736835,1.4023852977735551,1.2703287732527564,1.1708250602959216,1.9685663306326187,2.693598519668978,1.5152467332625166,1.4203934116331132
gene_2200,2.0017998606165817,10306.748046163892,12581.443647765904,10932.79855013328,12245.706131674338,11014.415410346166,1.6445612402488639,1.2733679339418718
gene_2201,2.949416008289804,1.353784326928038,1.4846242042918054,45642.91133873628,1.6206329902498853,1.8467715932699456,1.882624838138545,2.5112910101976884
gene_2202,1.6625954362168243,1.4868942361482549,3.099378187020103,1.4384981561717896,1.3294340804224682,12376.801964826436,1.670999186531296,1.3457021710450205
gene_2203,9824.039266846168,1.4221201732379403,1.8568753353825591,2.717796965066212,1.3038269821166155,1.8173230374949418,1.4860318483151602,2.5510463747593777
gene_2204,2.47978001014166,2.348905453367266,3.3345767173221055,12948.003839464063,2.0318255228474182,9250.446125424365,2.187881647864524,11059.637433095266
gene_2205,1.2267246304287047,2.458082366066874,1.427099087779433,1.386516279396959,1.6470531275230764,1.501953933409194,1.5690071631302491,1.4720603927475655
gene_2206,12042.843769949228,13800.179085594884,1.9880935332003566,14181.262455118915,1.6406887827416006,2.5812923180376224,1.7942758059670778,2.16054463607732
gene_2207,1.16253960368464,1.5546795344092823,1.838106564823894,1.2203675878581104,1.563084734566331,2.4906644439610797,1.2669300157534538,1.3918345138607244
gene_2208,1.4232769781737031,1.4102158211533542,1.1884014773550744,1.4642413155347167,1.915138858227578,2.0158075855117676,2.6607300359517088,1.3124757472535724
gene_2209,1.5943309945496071,1.336700879401585,1.2382213105755757,1.3135511984426635,1.3198443416769214,1.5550562084431943,1.2355730143392971,1.3092231217121133
gene_2210,1.4509139850683346,1.4649422747534342,1.7774285250876316,2.525460153649686,1.6467904035697385,12379.988991273023,1.4050364630895609,1.2612427219700262
gene_2211,2.393696081564362,1.1540369290348114,1.9416523748823025,13159.818771111088,1.621414090953817,2.122498588411357,1.4553443012455818,12047.690648673468
gene_2212,1.315727213016611,1.2115998711493783,1.5065554712439113,1.3758584365291222,1.4982777186913496,1.4251188985498104,1.294711333984687,1.6745608580573939
gene_2213,1.2721060737337828,1.513251514955219,1.548574420482529,1.4473177899318932,1.508176921773266,1.9590725243778595,1.8763835250528713,1.4505302071311903
gene_2214,1.2615249123386627,1.2443651077149622,1.8468106522192802,1.3708628051314968,1.138859293579546,1.6361423318023287,1.3937201804036365,1.2424537331450558
gene_2215,1.3117187569026918,1.383298702421691,1.2993924720937824,1.8288080177205643,1.334051730288415,1.367604736150918,1.2835603153508048,1.1378347977990508
gene_2216,2.388856785554779,1.6499821127631304,1.8554331063183989,1.3554838009402541,1.3534009571021457,1.737780943532393,1.936683340181064,1.403075236189723
gene_2217,1.2764869020816108,2.19063745927095,1.4342339520592453,1.8269550983421894,2.4212480116989648,12382.547678895116,2.1297484952966337,1.44397695512046
gene_2218,2.880020509340813,1.4916452648782887,1.5245762545038901,2.0725746964589633,1.6011083003396143,2.691052190343389,1.5996653316551106,2.2925432875149347
gene_2219,1.199438046529993,1.7148224320629843,1.2578259634723958,1.72420017928249,2.056682221039789,1.9661543741930276,1.6417531923147348,1.5197841172915403
gene_2220,1.2295258135942346,1.3577452249181063,2.1439674526394796,1.9488310243084594,1.400999943789292,2.1685591907832107,1.7464470391957956,2.594068127949097
gene_2221,1.559314417067855,2.0346682564520027,1.8714813488158057,1.6911984523933938,1.9932425810344323,1.826980895997576,1.3664416313865948,1.7768897334840161
gene_2222,2.1834765289319584,1.283088449893979,1.3035145148297798,1.8600336468944285,2.074024446863423,1.3957600912374903,1.447046592451755,1.3271137830137154
gene_2223,1.222322672783927,1.3970545604109215,1.4751078538036497,1.465228540286254,1.2085648774347533,1.6015329924872992,1.7537261126223898,1.1957876489582064
gene_2224,1.2620950603932848,1.7985570283329682,1.198507496355145,1.2546541760272059,1.178204909541705,1.1978458235273726,1.4782442769749826,1.5036383017939103
gene_2225,1.9519097076874936,1.4394863633307085,2.109113871123842,1.2329927155165474,1.8575875402204411,10125.678172318096,8164.058767538369,1.3858206810919398
gene_2226,1.4282540780574318,3.228410272124984,1.2616972098336832,1.421805153257482,2.7240140494489116,1.830739810226992,1.6286531652502696,1.3008425245114799
gene_2227,1.3368511673238694,1.4104697098129475,1.675944151842088,1.50368709990742,1.3975069186154163,1.3857034722605,1.5066061946776925,1.2451666104791472
gene_2228,1.4522221646868734,1.5976399598400242,1.283896368636037,1.5148200460969035,1.3792093411329935,1.436799107204915,1.1431871885896143,2.012253283568095
gene_2229,1.3885958583700084,1.4018948866719514,1.3707638920586982,1.2744878810353493,1.6363251040895415,2.9140810975734666,1.7029652056783748,1.4408514401474097
gene_2230,1.4766166211761365,2.607524724078651,1.375450347890448,1.3260837099961786,2.176842303300026,10286.621815335278,1.9678738204458284,2.5044492122802837
gene_2231,1.333727012283065,1.5567952419022855,1.5536321223115594,1.7769729703887789,1.289036503779454,2.2058556323109593,2.1642270615649535,1.4856242749570783
gene_2232,2.9230145007030104,3.2452575452738888,1.3021732501501022,11462.558888339729,1.7781691349341497,3.483899408803524,1.3046937452044574,1.5380735107172019
gene_2233,3.133470675681348,1.2947161652264731,1.3112260927265948,2.7131693326232393,2.0569962584649955,2.3911063787199014,1.8594605350910327,2.838862460861223
gene_2234,45032.13673429418,1.594131716993088,1.4964976908640568,1.7268762504054533,8766.172829369729,1.706345161675443,1.787707964622033,1.6080299133661142
gene_2235,1.2962963899541886,1.5990190201534822,1.2852374671195497,1.6735854665064474,11316.728078993956,1.6560913396830885,1.7263926172290587,1.7230513463542576
gene_2236,1.8363540689942768,11284.724058179932,2.368559240618468,1.3794200094715365,1.5822740486982863,2.1521962615032786,1.496568826892019,1.5989573221166504
gene_2237,2.6522486509025627,1.7012863914767684,12525.208455858694,1.3603081779261512,1.6655009442586644,1.5616430980932192,1.864792896463069,2.2523093939865726
gene_2238,1.3031843618407408,2.8678737518621387,1.978863065231703,1.398057442912968,1.7240727955052981,1.8048894218809841,68296.58298237968,13004.80603461955
gene_2239,1.6524290621171658,1.5997140766335045,1.4893807516225643,3.45353050123862,1.9675591803368744,1.3639735519193923,2.4254499620716414,2.639001250318785
gene_2240,9019.383535956076,1.234830015087279,1.5492819467381025,1.477509957674778,1.4750183383120705,2.1137335681908556,3.2031473576327913,2.793401520595184
gene_2241,1.910356800764944,8396.937470355293,10521.162622525631,2.2772296655329014,1.4573653036353815,10114.10333379621,1.6824152146877698,2.4361195322320435
gene_2242,1.690667679545144,1.3335375588996137,1.8113876882218798,1.42490139230676,1.8306028232635616,2.055640039798849,1.4797052350588562,1.1713463622629698
gene_2243,2.107921321960323,1.6334829528486787,1.6582843805615093,1.9386142742462902,1.7533814105396437,1.387174098700889,1.3827084726725867,1.5910525928083123
gene_2244,1.3562028799019206,1.7587003435389021,62419.25310858483,13199.718090414648,1.466629925942951,2.283380611255099,1.7042561606834832,1.494506774636995
gene_2245,1.3983248442268656,1.711734371276591,2.0228759013991464,1.4425909830402146,1.778234045040719,1.5630350030324014,1.570654671516446,1.5757565043032304
gene_2246,2.3180478829804327,1.6331864822468642,1.422999695160121,3.6298175028261115,1.581573089824699,1.3488876463593842,1.865434201870006,1.5038387402997662
gene_2247,1.6633587587765029,2.139319938064866,1.1482254771435243,1.355645565940398,1.3459497300220027,1.3862290553366798,1.4671818535747843,1.6350174549157117
gene_2248,1.7224114645267306,2.0981498697477527,1.5065018748857417,1.2690865829045828,1.1330346225608026,1.5875244358303056,2.283091036771837,1.7353840838733925
gene_2249,1.5406433193956206,1.1687235837818388,1.3645987740498366,2.0436774489207012,1.4668939737068962,1.2636978666187455,1.1828486983639686,1.3504871746893554
gene_2250,1.7139259400250728,1.5163334012325569,1.2493931206442237,1.4737139723753636,2.4762636383366745,1.4076884574138142,1.9769863689941791,1.8081797280270173
gene_2251,1.8953954756999132,1.666293068116963,10436.283909663869,1.5120058882880563,1.712735942003097,1.5430645193138817,2.8416049457634602,2.457230404043903
gene_2252,1.5161449591960334,1.1297400403931546,1.373785582891359,1.4291540591452554,1.4811285307374116,1.7318059138432473,1.8458971480403592,1.2878911601587906
gene_2253,2.154325679828302,2.7077659296184082,2.0289289552820122,1.33455369302604,2.243291982138526,2.5731012552183454,1.7706623607715644,1.1269718203655603
gene_2254,1.3115769700417912,1.9362002624941645,1.221502174956283,1.2285351983744173,1.3251358833126479,1.7199105903780199,1.3986241047419745,1.2561425715192984
gene_2255,1.2262263894380683,1.1322874722302045,1.2691375517264385,1.6424081049293282,1.658508651985382,2.4369213345978378,1.74350172229699,2.6490164690259923
gene_2256,1.1515651304808414,1.2458441527348092,1.25649761429545,1.1531647263910432,1.6639145329826621,1.1664486308308637,1.5212704386178906,1.5451555058155642
gene_2257,1.5298181546333776,1.1160014197463983,1.1857118053857374,1.362988052623146,1.228367146970873,1.49245852826609,2.0246764707869986,1.0997319212855916
gene_2258,1.2298630593203814,3.5138641852860117,1.6266889455752267,2.016319841378546,1.9341666806151514,1.4613798895016792,1.6464083505356362,1.4191058868703432
gene_2259,9558.942976115606,1.3524389850768497,1.717408363588454,14021.562484146056,1.9994816372952064,1.8151421421648666,2.0669030737156877,1.3632016742208954
gene_2260,1.444413589501214,1.4233878691233648,1.176986636915105,1.589573595822322,1.1612685328106052,1.4883199294683365,1.2328332230188606,1.390681787752456
gene_2261,1.8284683067545515,1.1357248271922222,1.1515426235158273,1.1545484611755648,1.577221940923901,1.4814875348516623,2.519657066694286,1.2366793878360833
gene_2262,1.5225135234294849,1.9203108072153752,2.3669220202180314,1.2158230077200234,1.2356486552497457,1.3647666082178247,1.348502493753478,1.2557090003950016
gene_2263,1.6058508803462497,2.155736166934,1.2856192435620457,1.1352686413937678,1.9843551629375784,1.1624586452133394,1.462184873582387,1.3311859263062646
gene_2264,1.3468608411192489,1.2182192734017834,1.452993431431503,2.326558302176695,1.2080758942777157,1.9125268427255295,1.6963597022752335,1.7281753250648475
gene_2265,2.1928544304127464,13808.445802966637,10296.048602583975,1.9192164302120982,2.3316932656133385,1.6648688674128225,1.6897196018867373,1.7003272353996077
gene_2266,1.6097593920003843,1.2207241874092298,1.4077988854604495,1.548016286334861,1.5672439462260488,1.1934082796336964,2.2071633996517224,1.132263549006208
gene_2267,1.9157429491206008,1.3304849454598031,2.2426424662467164,10055.337719109475,1.6121347800590848,1.3967143364934596,1.8794745855753292,1.412069215494468
gene_2268,1.2128830714055867,1.4008254136017717,2.436019145809011,1.1517850760021378,1.6256489340445541,1.4279653189907788,1.2422694411769042,1.2159529551768136
gene_2269,1.5941048116165981,1.6991699078643028,1.7396285138399128,1.5117406096786636,1.5451573876114315,1.627612209903997,1.6065509321402647,1.3920946358953432
gene_2270,1.4062638774086007,1.7170971475864982,1.2908515675575307,1.6786870343784805,2.6646682972898055,10723.583707988793,1.6046875603273367,1.6988553273855724
gene_2271,1.2859707057901322,2.491710805069634,1.113950147479039,1.2628323024224577,1.1495291345105796,1.4584750534828137,1.2231594560426753,1.241337320394473
gene_2272,2.4150829207926177,1.2355859712612032,3.2377000773561435,1.2283806906168364,1.7549712664196506,1.3672367732562312,1.2951011864381343,1.2437840214163594
gene_2273,1.9371332800205328,1.4465714392942937,1.9057458993904932,2.5243765504952784,1.5726543683770058,1.675048554213877,2.5565646815379925,12453.806495717265
gene_2274,1.4665463553547533,1.4533542431211075,1.4736774237288264,1.3047908238735824,1.2325520689458465,1.5279389068430196,1.3475263606173378,1.2908674589827154
gene_2275,1.4874928949314306,2.940964083035452,1.6653702845141345,1.5685843448496795,1.256167687777696,1.4962058506998142,1.267239211743313,2.0792270992908195
gene_2276,2.86769342520645,1.3061545687625957,1.3896244501917847,1.537915051281886,1.5381424618520347,1.7812727367526493,1.5426706423510128,1.2957575108613149
gene_2277,1.6509899852646286,1.3776617365149455,12270.046702793967,1.2294953079861997,1.3439972374965983,1.490926345321559,1.5006716750388904,1.3276683572802255
gene_2278,1.7660303058659423,1.1545080837490758,1.2123310761963466,1.3798442947644447,1.5048939554130978,1.712652500960451,1.4311079111957374,1.4229921825483942
gene_2279,1.1347803158870253,1.2317308668817397,1.4291351705265245,1.2594625172551932,1.5528107074818756,1.418708566770814,1.5666739275255666,1.1749504980181376
gene_2280,2.254503425122857,3.09757857334805,2.1432663937983145,1.3741218945565734,2.8546488946224002,1.4816832453723794,2.525008180961688,1.6282552894377467
gene_2281,1.3309712880505962,1.2366062207378277,1.303821112832751,1.451853826869727,1.0855900775372975,1.3165726931863653,1.3410783329745601,1.3169796614321432
gene_2282,1.2937994277715041,2.3239259057903805,2.2077124774930494,1.385498102305358,1.196198986006481,1.3162914100701055,1.2345499475811335,1.7632572939787854
gene_2283,2.309321173763305,2.0117664630756376,1.5834689154591874,1.5028712513450753,1.2184823950223245,1.5010188037270014,1.171175183682825,1.6256554582640355
gene_2284,1.4619401384556856,1.5563823750888959,1.6446687536302853,2.68022093562173,1.644873448984777,2.780873898984335,2.0035427684429137,1.4518914082479017
gene_2285,1.7218476577941983,1.3094719634586924,1.9720415421598585,1.6673738273368062,2.289082825173808,14525.265106725996,2.193649531873604,2.5002608198615732
gene_2286,1.5967544293471172,1.2357511889697808,1.2475179828201934,1.4597348679103679,1.1024540321801488,1.2360910473741138,1.4913266640812857,1.2984192437858773
gene_2287,1.3970147846456857,1.2745980823407765,1.2367956018760624,1.4859063447414778,1.3691738072598232,1.2889537329662886,1.8633808317819656,1.6621045404003183
gene_2288,1.6743578095400777,1.763959921779838,1.311717975406255,1.9250469149819465,1.1182945541960991,1.5550841475334551,1.2641043039142814,1.3176161447814498
gene_2289,1.1084564835122415,1.1272153204156565,1.2756808773223478,1.1259170879591822,1.3776582395618384,1.22948925285579,1.5038466385864133,1.1984146172380763
gene_2290,1.5125823094592385,2.2928345738208677,1.4967218874509958,1.6400697594030413,1.674368907263563,1.5877156394482665,1.4175503864026233,2.1600448253162625
gene_2291,1.473762340241236,1.4121379814347113,1.7972414962548016,2.014555910031249,1.3836242347290035,1.330893970935929,3.146136020456614,1.4892836645732497
gene_2292,2.3073996787921938,2.7385403562853354,10075.650099323177,2.395723318594515,2.4239911316376914,1.577550004547597,2.2865345390569534,2.030070939766917
gene_2293,1.324148231037947,1.2618147369001536,1.1447445814052064,1.5690634503768852,2.335593147742435,1.114773448585368,1.2900720118978095,1.8452718415457539
gene_2294,1.4894623468140995,2.3950775219699563,11186.411261941346,2.5471679555021995,1.5207486490398932,1.1738888759012924,2.7185646523365463,2.7611201060038675
gene_2295,1.155100877156422,1.1783094356038297,1.223620107122436,1.6247266831529883,1.380141268663534,1.49140812093898,2.746184546043448,1.6177523314500515
gene_2296,1.41925167844443,1.8236111414541445,2.7448806290614414,1.2338989005297196,1.5809564798926787,1.251143799172502,1.667394451410584,1.9298418800750772
gene_2297,2.1662039257209424,1.5274046359006321,1.6456558973247246,1.3212330107323473,1.3186626684179743,10735.839403464755,1.5432363692695679,1.1559454900651944
gene_2298,1.4650314702114529,1.2510344247034397,1.7954689899806329,1.3113206087490272,1.2809376375721708,1.6218566195548103,1.7090100478844859,1.5332973699731636
gene_2299,1.7889218328381744,1.1993195423104224,1.7562091914237818,1.3969784567867707,1.547572053476835,1.4921700372961704,1.8548184354105004,1.8367134914271035
gene_2300,1.2226742959030277,1.4120430668931854,1.2658872287916596,1.3616566866006492,1.0776781838149785,1.2265701321846527,1.1094529248865475,1.2878184559216326
gene_2301,1.4470938936134712,1.2971711877041305,1.1733073887245495,1.102618594265043,1.1423687505148241,1.4463768931597225,1.1575059658791453,1.2252617240412258
gene_2302,1.930290291415335,1.6856275934394938,1.2274804005488913,1.297887591861369,1.461620381485958,1.745518081024781,1.4561412625227954,1.6901902389297514
gene_2303,58696.72943288707,1.9445892262737037,2.625146604705343,15494.806519571084,1.3756321521747887,8157.365854372577,2.483081328870098,1.8361731864822302
gene_2304,1.4036248890552563,1.3720719647441333,1.7420349850775554,8743.338666164896,2.533196280547414,1.4931424959860533,2.6780869952942616,1.3907769623501478
gene_2305,1.447489942435533,1.5747516654044034,1.38290919872299,1.4386092352110236,1.4383312532646615,1.3164587816509608,1.423741737602521,1.8601151456218026
gene_2306,8795.552804576608,2.730303051914338,10107.318192564657,2.4017284380933397,1.885083341158435,2.460499493938412,1.7140807957739785,2.4111176903528153
gene_2307,1.8608876415389783,1.3771103373391091,11511.248559621854,1.5479984505977031,1.7628411724543072,1.3120177706200107,1.3122983130150903,1.3410866695631596
gene_2308,2.8007548694386135,1.9750967940079085,9587.091521674365,1.8569424787891486,3.0245924184991297,1.512518723056377,1.487803076590244,1.5108737598413933
gene_2309,1.232953044272205,1.266606638736756,1.3178210931945684,1.1868046583183545,1.2115924289377498,1.282104656249345,1.33464282587137,1.6309597041873807
gene_2310,1.2609831970499557,1.0971172231994106,1.6244172890602904,1.5009778133596348,9409.18156059068,1.663304786296547,7808.458400925021,1.592499041473978
gene_2311,1.5117551044996662,1.8550120059784776,1.5007050325634588,1.7933053441459637,2.67755948240972,1.2789847572919524,1.5352791370211072,1.9573081476364054
gene_2312,1.811833866959205,1.8191522039121175,1.7007137830829688,2.218963682588139,1.1946229263269799,2.99535147357787,2.248643089343403,2.366333792965206
gene_2313,1.9337385074678224,2.3315634484259586,1.9968524806978505,9802.479829723945,1.2453276208968507,1.7296809286291215,1.925947117211565,10171.065828750727
gene_2314,1.314436299114028,1.393468486951825,1.5580070907556107,1.4752812147523453,1.3126680762238008,1.2782666738119774,1.3638078410031214,2.1301573540460748
gene_2315,1.4058041491767592,1.627192775132042,2.3413579566894738,1.7848564549798047,1.5455582647102193,1.9757457922705817,1.4794094841282242,1.9724560092840246
gene_2316,1.596842643648581,1.7923257147903509,1.9721288314097893,1.9739232240578677,7656.909841358108,9464.356899819773,1.316968000513026,2.0375584691925726
gene_2317,1.3595731969303666,1.2672256597888967,2.6139899038576444,2.3501511585213914,1.982610351919409,1.4667984663014895,1.62750568350935,2.927325655991429
gene_2318,1.7711386565450924,2.0380629942718995,1.6131067152198615,1.241972672602113,2.584743313507388,1.6477059463222286,1.446287607153306,1.4232905144962098
gene_2319,1.7689432019515385,1.9546596057688845,1.3746122425763898,1.635149194061752,3.2797409515393205,1.8721591164003673,1.9812820499553296,1.4591087321223697
gene_2320,1.407788741492017,2.065586454069373,1.2209825016624907,1.3669227948256282,8131.952952234571,2.255496439659136,2.4214237272949948,1.4786637132440135
gene_2321,3.1937066708296205,11619.102370820923,11333.437942433025,1.4082192390185149,3.1982898123912,1.4292676352312899,1.504969084989388,1.3507394808655828
gene_2322,1.4523844761691092,1.1875721386303713,1.3704037867578716,1.9742940043474042,2.2346821215329378,3.4170845469477484,1.3617604998314592,1.797658150622796
gene_2323,1.7477996500637198,1.499372381056416,1.377707419432808,2.5249590084496707,1.4229768351757577,1.622156814303672,1.440184353682039,1.580917833051855
gene_2324,1.8908907869371148,1.2856346235571472,1.4584512731114065,1.9068652011675895,1.495787092802443,1.7277573734000253,2.142537996728971,1.7627026978115834
gene_2325,1.8452200497048068,1.730657874779929,13288.298422740572,1.4849263354075282,2.2541388861415306,1.2730488331502106,1.4168101516577243,1.9135321912998495
gene_2326,1.3375055961615618,1.7206918490960708,1.6557602529591404,1.2722717066991809,1.1562537859051072,1.3854047200184243,1.254458798709285,2.2297676304084697
gene_2327,1.3264560513953358,1.5272790582177886,1.8705740195990064,1.55957843347697,1.8544151330832976,1.6646287035672214,1.734554964977653,1.759864386385159
gene_2328,1.4630225876197682,1.7204159877660403,8743.253191302923,1.4193847423596455,1.7556539029201879,3.1686240911212824,1.4663508025256713,2.58304648434929
gene_2329,1.3706043447491003,1.2632062037508074,1.2218101769786813,1.6688545031546091,1.217345959590582,1.2597538556040608,1.562059845517173,1.2217763016174945
gene_2330,1.6017868198401457,1.7845185745217957,1.4802979623801544,1.719742525424522,2.8166591611278693,2.874369353812923,1.467425577292913,1.2320543111208184
gene_2331,1.2080284059413382,1.2221608046704753,1.3503122457405228,1.2819034677526224,1.502137591728881,1.140471390564752,1.3388410994276936,1.7596689300314534
gene_2332,1.3254475667165269,1.2386152527842167,1.5077700821056237,1.4194980631394254,1.1566926509815318,1.1635402281572687,1.1469588263974417,1.2624833814243366
gene_2333,1.5657011250711055,1.7715454000538597,1.3732674196301342,2.7017296534572335,1.451455120517485,1.7926080004631961,3.4940697732621566,14474.09473464973
gene_2334,1.1986276862536807,1.3458356269618144,1.2206929233032418,1.389771646193142,1.459693086451675,1.8818479516850455,1.7177361189454887,1.6923658609747767
gene_2335,1.3824587209070016,2.6339422891700868,3.4775182686222768,10608.54547444168,2.310347884291942,1.989096059975992,1.3416380115916047,1.6772897472003518
gene_2336,1.646321329406637,2.431269586307763,2.9063827014662973,2.843910044589747,2.3091322358812523,1.2291792404094182,2.828041361884537,7978.675478657624
gene_2337,2.1309368783263563,1.4351327590933198,1.5195777867940339,1.6551401609725132,1.8842750300740534,1.6826705599371938,9118.382028475897,3.005637643334752
gene_2338,1.2286795319861352,1.3090426927230225,1.7950974371460748,1.3840084435530415,1.2330893444663205,1.3308971138788768,1.4574558837422584,1.3448184062142614
gene_2339,1.391573296100455,1.2387861878925095,1.1389726553998736,1.5180123965145127,1.1919118256541874,1.2554319240360312,1.2454257698828561,1.3703234941463942
gene_2340,1.4057589172369818,1.3227824756109878,1.598400693443224,1.233425339815783,1.5122708944742491,1.2063126040373935,1.2325527244675571,1.2897280879019994
gene_2341,9726.010196879335,2.252958283500584,1.520559831973543,2.2392553257170547,12979.062923268317,2.0900107164309585,2.0520211967858746,2.145397896335693
gene_2342,1.682751559001231,1.5393946055518104,1.5615247359034816,1.3540223938471883,1.1581706963255587,1.324635368656543,1.2156522329695258,1.2356211049068881
gene_2343,1.2451169824905124,3.035779283371632,1.8611529037532708,1.5973280934573408,1.3908203793927942,1.4402699280118787,1.4528131947727658,2.5326229605293253
gene_2344,1.8880750025430832,2.233891426446706,1.9029902422503582,3.7119421189462,1.4258633025923424,2.534138878704344,1.9119282570988598,1.183313321609681
gene_2345,1.573192766807981,1.5544467670725606,1.6929218859070916,1.6597074114557724,1.1997643903326691,1.5597219124390402,1.5674202030927777,2.728840109739641
gene_2346,1.7585725031223538,2.869050705440305,2.4093546628641778,1.8252660261524931,1.7168446841187288,1.3284166314359183,1.2818477289267363,1.364114095998012
gene_2347,3.7388446933151434,1.534005384721542,1.5702863698722258,3.0159796261871166,10311.125191140214,2.6342210355248614,1.7029525881136118,13684.88495500507
gene_2348,2.1895382928761142,1.5865229195140194,2.1109075785611964,1.6671753819874495,8201.014028388303,1.7020426973521776,13858.400852628038,1.5915914502418511
gene_2349,1.2068060455651484,1.557215962245199,1.6805588850710829,1.5685629531684602,1.3647973231134478,1.5066047012011865,1.734653498392664,1.632137504763071
gene_2350,1.5850050171737304,1.788254499591774,3.434999695981522,1.098020732043567,1.642228468643792,1.3748998944297042,1.4746422858368484,3.12127793736454
gene_2351,1.358873029954932,1.235990798299201,1.4913823225634648,1.242420371426951,1.3695395696150374,1.571548937402741,1.460929484613283,1.3624382643983786
gene_2352,1.429497166064486,1.4514644667843117,1.2476853211450738,2.2317951248674044,1.312434198125498,1.3152956426842,1.4335396710018689,1.3778297300071383
gene_2353,10786.844335494547,1.3088001821018016,1.617051830453706,1.4575140552610149,1.5518382519632294,1.628652319307982,1.305204613497145,2.3322365879523446
gene_2354,1.4947861765597044,2.1444094904171407,1.2560481541229973,1.4704876027590308,1.5246800772058335,1.1814470092826066,1.3690454940098133,1.3888293420951447
gene_2355,1.155972868877629,1.6646115424749894,1.4167639057721841,1.3728477794031664,1.2168009511031639,1.8933790308361433,1.5237719904562863,2.374760139807622
gene_2356,1.6541346670135695,1.919177612674896,1.8042428365782772,1.8157899169724019,1.6514466298009782,1.5713887781711486,1.821689762643784,15212.173394867576
gene_2357,2.291111099235029,1.5430677995721602,1.5596390639863387,2.0073608074386184,2.297650936459169,2.3578558431946495,13585.846076369922,2.4909792461634823
gene_2358,2.3801742583749537,2.922926139592472,36814.38608832464,2.0285091522592547,1.6503193918648271,1.3676975263565583,2.6188425257708383,13519.728561242113
gene_2359,1.2121025569896642,1.3699624904733634,1.1868856891102793,1.2566671811435137,1.1666498134110945,1.5776049168278987,1.9018049825482948,1.1429296703811058
gene_2360,1.5324593221473954,1.1821306328467294,1.669578969338301,3.7923712479189566,1.6784475432420722,1.9593997838479755,1.2467515938402365,1.4299772658405823
gene_2361,1.93282789272231,13086.162586167911,1.1842877797376232,1.507822255487028,1.9169081576380926,1.4054122808984795,1.7965117182855308,2.6703800780547953
gene_2362,2.012250719185623,1.8361295241253788,1.341265735601141,1.6240908248277093,1.3811584490863134,1.3855653572594728,1.1372549656901043,1.4507554967357867
gene_2363,1.5436909142434376,1.7736489288112054,1.2753960723869058,1.8986804328125042,2.396380825913427,1.466714227484517,1.3284258489184428,2.5101612021224247
gene_2364,1.119239970547947,1.4329068061719987,1.1861958848488212,1.3166325490843995,1.7332063842877867,1.4362766464123167,1.5032478210876252,1.525033337837989
gene_2365,1.9417714928843268,1.936892467170786,1.607520930510733,1.347443181871568,1.3605796413538505,1.3817394728921466,1.72654610100013,12277.682441416668
gene_2366,9734.635102408523,1.8129759245850738,1.9170368933319175,3.3418971295819633,1.6713682295861978,1.6713308731646679,1.7159144575939755,1.8462827070718546
gene_2367,1.3797257179329299,1.3662574064689268,1.8539019566029984,1.6846818791800564,1.240780362158468,1.4250843722062,1.6627995078394584,1.4231291499449092
gene_2368,1.4189182901027988,5477.588011865251,1.7287447222549799,1.7093743723789157,1.7025467323217789,2.546298337668162,1.6361266923159137,1.4489376101015146
gene_2369,1.4768317954079138,1.3261910503483856,1.516557292203108,1.3952486287613388,1.53125858947597,1.4315695548875065,1.4405217886611446,1.6621116710460537
gene_2370,1.2868920818488174,1.887417349863006,2.008233821610683,1.429279137745379,1.3483674004608575,1.2724605196942516,1.312773858186383,1.4200781421308222
gene_2371,1.313067435724841,1.3692694031830122,2.636873578381513,1.6222363064476855,1.27611033383217,3.3581390386701866,1.530859787585487,1.368726282599214
gene_2372,1.1630684795226773,1.4614648396223395,1.1618591421768967,1.4386083941002623,1.3395368221868411,1.4215757847380583,1.4923677311767167,1.2925257882712518
gene_2373,1.4598722552133674,1.5342380994508726,1.794907586771534,9168.479876412563,1.448159867632031,1.533036367639484,2.8919486161502554,2.788437662477609
gene_2374,1.8292779044057272,1.589998101720363,1.0875508149269344,1.5114783701525702,1.5686697135485663,1.2827645930034255,1.787971010959533,2.391350003624379
gene_2375,1.6104742822771738,1.4898650779131468,1.3108410527143117,1.2024993447283818,1.2770118204472505,1.1861304077897195,1.3483057912093024,1.2733921348851092
gene_2376,1.4331625948971316,1.2584411568029528,1.4026674382891104,1.7020255244428362,1.7720468405594014,1.8620049038315956,1.1800133269711208,1.5220941759125521
gene_2377,1.6411783658140735,1.323739175555462,1.145002399039555,2.054653324260597,1.6290229679515165,1.3399850209771544,12799.600430900417,1.2143222561694527
gene_2378,1.3998057088276863,12256.521530738115,2.371710949404518,1.7741837916245207,1.224815537042914,1.634878926620294,1.2036279003740795,1.2105505678450887
gene_2379,1.7477163527210253,2.353281538197398,1.4952728029675733,1.7737490639803084,1.5514370044226213,2.3277403325223402,2.2706112467419524,1.286944149025349
gene_2380,2.0749521094907823,1.9220278442611274,1.9184133615755086,2.331029363514286,2.6355569820031612,1.6273277071446226,2.2137446043222306,2.3191469674839347
gene_2381,1.3286142188075918,1.6841296699874109,1.2627964061604342,1.2453629096924084,1.8918429843966458,1.73007621752266,1.3026853462182226,1.1946397975609913
gene_2382,1.197626278337569,11877.13800364063,1.2863909242678082,2.352799933114017,1.5807055496547766,2.4907022444194498,2.431483748481437,2.1323236593570245
gene_2383,1.3116436323435783,1.711053276382114,1.607456272705459,1.7420704324477128,2.0533358365373386,1.7190623127305642,1.493814468718325,2.334786156432893
gene_2384,1.5082171500525656,1.5577892252789862,10370.93472222814,2.28860413361989,1.2556342283443553,1.435159596466371,1.3005019780014935,1.2108993934455852
gene_2385,2.6626070006241114,1.5348828849886633,1.4195762394906046,1.4064142474467387,2.681612320941192,1.51414792605069,1.434821509472621,2.5498074056131137
gene_2386,1.5091028306775713,1.3614440475281027,1.3695477583408295,1.55344925048892,1.0696181327594307,1.4713822934471539,1.2524435266040312,1.1943391024379548
gene_2387,9948.483417717369,1.743556303950698,1.473003373040797,1.6062434884692691,2.2853888080799214,1.2015859981993162,1.4359947064496226,13010.29237288861
gene_2388,1.3647730088808785,1.4437259189473912,1.4952021999260747,1.0991935878297212,1.6041782815917434,2.0458429574387273,1.650004159157766,1.60484697804024
gene_2389,1.3419537828992136,1.4313139833669537,1.4392072921108094,1.3778423647208347,1.2619035439398048,1.4532398728263616,1.1105343621960353,1.8164431391985945
gene_2390,1.565605892505632,7669.094916310534,3.0619453740456395,1.4357282544808734,2.8014115533418456,2.510619240985937,1.4712617816586964,2.1437601538153066
gene_2391,1.3249708568115308,1.3671435886265255,1.8761544085114559,1.932476076987717,1.5380982134356267,1.3727772398955622,12896.39069806056,8477.655789884708
gene_2392,9152.664735655168,12002.40357159708,1.62605203772245,9208.765666142857,1.1690925117271906,1.7832954556426088,1.2746628600495549,2.1412955183121576
gene_2393,1.4668773331291678,1.4727275116873602,1.2410124414656438,1.749804235349055,1.184245598912042,2.2567355917008265,1.646068795758859,2.0768514095305446
gene_2394,1.167177565507127,1.3980107242520103,1.142095444288145,1.3441165036222729,1.3663033946517253,1.357993555999867,1.3566956832212749,1.2252594640729235
gene_2395,1.3998241590711509,1.7296444748776771,2.686959374031431,1.4606635252650721,2.8389091171667946,1.5966991018413679,1.3093049745428829,1.3723536149851345
gene_2396,1.5360654915952805,1.21033474319035,1.224708441338756,1.3666313037986413,1.3002341238890687,1.7327277064767574,1.4469423974555424,1.2951652734718162
gene_2397,9613.637510895162,2.0487878542401647,1.3203000128719573,2.545962031110699,2.17475080235405,2.41815426588936,2.4241425859329158,2.0267455051402035
gene_2398,2.0678121017546522,2.1848100173250646,1.5329643952047427,2.4538182477166823,1.4170354790923145,9402.466082625777,1.445757099719913,12469.878991379403
gene_2399,1.4111467266619013,1.9271593935127806,1.4265769795317875,1.5985841508149978,1.2920466189920725,1.3412217978852647,1.3307750453624767,2.1118298074754347
gene_2400,1.4193182097801906,1.2603183410132597,1.3661659580949617,1.723669359368665,1.1852821656298618,1.432721622440767,1.445417997536307,1.767417940492437
gene_2401,1.547086761161275,1.8817549932543038,1.450506273518239,1.2300554589302535,1.413888562919386,1.2972298999079983,1.4823242695802457,1.307394862157017
gene_2402,1.2433343817063567,1.4316420673368442,1.5791540503138033,1.4178770680176611,1.6786356879541589,1.6970531531584965,1.2975275965263633,1.6375477786241044
gene_2403,1.3619881404262384,1.7248945498810215,14070.050883358099,1.687241931221474,1.6608275225034952,1.5454276800079838,1.4301134422308657,1.781886372817268
gene_2404,1.185780948963163,1.4220314522856614,1.3914883826659288,2.353119591320961,1.6554097652790885,1.1753622598667572,1.389308801545904,1.2912926637171243
gene_2405,1.324884952080658,1.3444803096044038,1.182393331631759,1.2880482592923994,2.3083351446279803,1.5067722555104441,1.1972750112107027,1.609085485850295
gene_2406,1.798582298966296,2.584463081005092,1.3037483700890828,2.450692239409041,2.6060105645751417,2.852709747331534,1.3437034468612876,1.5495582715452072
gene_2407,1.6645804213024755,1.2504835580390021,2.2756790544130023,1.4283852822853444,2.091914793657103,2.249168839744439,1.3243832868693541,1.6269286165325731
gene_2408,1.852579151414258,1.375932179654982,1.4159215979957525,1.607198693429005,1.2248419322732935,2.7533573949941057,2.3597683696650944,1.7288018043106785
gene_2409,1.4949540668164563,3.015085973302685,2.071328585450726,1.7375050635163258,1.2923818474291577,1.5401629227218165,1.6747467885202794,2.3150345553276175
gene_2410,2.7560605338804933,1.2123522132161457,1.675765439990857,1.672253403282212,15163.154497497619,2.0856608084486714,1.7358137055045288,1.857686602141267
gene_2411,1.8382573244618932,1.2971866016414617,2.1621185150282467,1.3028972975624191,1.4710148950274022,1.4387343510308401,1.6477816226544302,1.2642583591662468
gene_2412,1.662238749334609,1.561008154599939,1.360945083935884,1.2656900092426204,1.3141247022168518,2.1300860337462244,1.3707303257974068,1.5253138376691784
gene_2413,1.3031330196163635,1.655934095758896,1.426877034912831,1.3414758560899724,2.7854730748513092,1.8639850647477658,2.2594553835773943,1.4691714171096462
gene_2414,1.3554900345424836,1.4562837706708358,1.3128637899676099,1.4033368062266496,1.1623855075707439,1.3683500362549486,1.2854599736131016,1.411391280875084
gene_2415,2.1152102740268317,1.416667683024915,1.4918921969419898,1.2347178805473062,1.6627647446849285,1.2824566559862574,1.8703981937133685,1.5032692354069745
gene_2416,2.4616075850957113,1.6004741048975195,2.341058143936034,13231.233727632274,2.67276662174721,1.250537939934804,1.8043621577428979,1.9690941794934418
gene_2417,1.2564391789912817,1.4288193229695223,1.5660789555960892,1.3184538505508445,1.942973406885017,1.774732847435986,2.7965987331418245,1.6568100448540164
gene_2418,1.8005020890416843,1.6589704164240655,1.4917255311261197,6969.801595214437,2.1110027641948514,2.5979073085186877,1.9593261415464311,2.0417464567559387
gene_2419,2.5889748239059003,1.366396445378492,1.4843687832462202,1.2582444693759902,1.354673295585437,2.2841402572985348,1.506997435370368,2.3137101470717516
gene_2420,1.2305827027625902,1.774573253165644,1.857318578611494,1.3335865879358784,2.2393244102965855,1.3406920934725328,1.5860921809714994,1.4896480322778727
gene_2421,1.3927638540918164,1.778390649266992,1.5942632388326452,1.897741046062576,1.7423125072621166,1.810800912765829,1.596226949020327,1.7391671300098779
gene_2422,1.5486161935956195,1.3925835664094977,1.3568940020824147,1.6609263104734138,1.3668514285209021,1.1828458181752475,11534.037549526727,1.14115395987982
gene_2423,2.0484399924826695,1.9223550883996492,1.4183205998863853,1.2667409414318855,2.9301802481126,1.1987406432702623,3.3112643967817723,1.6290773560273233
gene_2424,2.7414539419383064,1.531331891802144,1.8300824359869616,57126.29059217738,2.533629216776862,1.4157696248979166,1.3997604816965077,1.6562764823312257
gene_2425,1.8600788922595828,13678.27052362749,1.2739558723797735,1.3175441923691589,1.3855583569668826,1.2335877919245735,2.1193171240258573,1.4765357374523953
gene_2426,2.870783068180273,2.2345442434449314,2.0119792555844302,1.4958341434974753,8737.54788578358,1.374155592859884,1.3330524400608166,2.1850685678897954
gene_2427,1.7504664783837618,1.6652087015870223,1.7656233631154281,2.070867337576301,1.4507193413750672,1.5292870844471378,1.2773616780999169,1.4517028795053932
gene_2428,1.2432684740667217,1.1289609769978548,1.0618402265367033,1.6183373412486668,1.5260234175824847,1.3890810490314638,1.1207342828652096,1.2000926149091922
gene_2429,1.349942232238484,1.447207701892236,2.464626834382848,1.4287434796223257,8404.926408564475,2.2130243839878765,1.6594404637578144,1.627980419524617
gene_2430,1.3261066607454077,1.5379894104901446,1.5273601270825483,1.33213399977231,1.512659484465652,1.8770323392131132,1.7345682788968417,1.5483337892206237
gene_2431,1.518596922472972,1.5648042277113499,1.5883125613377418,1.314512846942584,1.465432463751282,1.3248362771886153,1.7352181623340095,1.3243063291009367
gene_2432,1.2593641035990844,1.644856103685697,1.5671380019803742,2.07402005556566,1.4682606631914363,1.9843533071403738,1.9020886606973435,1.2809415498372692
gene_2433,2.3691153748563845,1.4839889024777821,1.6549812751956572,15011.856874494499,1.895971013121884,2.230170675073695,1.4491809443524164,1.6112130191310712
gene_2434,1.833845973889695,1.474733302982135,2.825694948555635,1.5877606419938395,2.850642315057841,1.3206882772996138,1.500364659577711,1.8384419036209796
gene_2435,12701.918934060262,12721.066339668732,12520.00060436772,1.7102130164267209,1.7358005118311417,13101.351608990752,1.9944323527454562,2.2457026380375815
gene_2436,1.746544599378899,1.8377886963059806,2.162464797427471,1.5738876656608685,1.488985264380622,1.5544496911958943,2.461039553886263,1.181923484102785
gene_2437,1.1510021156977355,1.3469844441693495,1.4139128691197151,1.5726024981040196,1.2960184857362826,1.3332061078637634,1.203654940057957,1.2351660726053433
gene_2438,2.58844169397109,1.5925764647259337,1.7045813673979442,2.033567201576455,1.2242525433129752,10990.6525099721,1.68918675361263,1.6621824891634152
gene_2439,1.8592537091774102,1.3621869165188245,1.490386719297938,1.3734451291760814,1.9121387798683,1.3924167122924853,1.2229058265635528,2.0061877503192607
gene_2440,1.3073868684856313,1.2179172673927807,1.983165635966271,2.0674828068720124,1.3842912918526773,1.3676924416674456,1.2890098974801427,1.4085673190492167
gene_2441,2.126317006439911,1.4761901555965273,2.8848985152641027,1.8274437623398436,2.0946588190577855,1.761353063818482,2.6261982038825353,1.6982551264344177
gene_2442,1.6738268515520225,1.395279594862943,1.2250770728351001,1.7890550756191934,9496.2364885604,1.6549756214604872,1.6257497716208529,1.3240405013615193
gene_2443,1.4457647529191497,1.4831673603837379,1.679366789787187,1.3158610492993172,1.7500094301199913,1.2381863619017761,1.7739769280244413,1.9707624797537053
gene_2444,1.8115586635726906,2.595616229822124,1.2454130772940153,1.3630681185598545,1.743060609429052,1.2516880445862897,1.6581823349125557,1.3237741001973216
gene_2445,1.3563849278935036,1.8129476193205554,1.4117193136308839,1.7441419685371724,1.1633687724045043,1.3938136699959194,1.4428406250250314,1.7023011365146834
gene_2446,2.5024721761095856,1.2867407553769565,1.2932500361767616,1.3610451717632805,1.4699936609398079,1.308017305773125,2.339530444112063,1.4846186751588228
gene_2447,2.0886629698128965,1.4696210316238896,2.880023910307989,9657.256717288103,1.852820983254721,2.2236710347088073,13450.037149289526,10004.939912557656
gene_2448,1.1124542915906768,1.455266913039198,1.1613458800737333,1.1644198173539055,1.117289843439438,1.2793138976844665,1.1532379115938114,1.3825077183647787
gene_2449,2.817699254965878,2.848082291787177,1.6373229890322385,1.7999176827933916,1.8924583647506594,1.554920661109515,2.1937834526087743,1.3709852147840447
gene_2450,1.6586702823160813,1.9297045095875207,1.1212284826205419,1.1505219329081913,1.423599999034023,1.2865857575447237,1.8243405885769695,1.4869422307000073
gene_2451,1.2797419218590211,1.693289999112982,1.563020938621373,2.7376926733761144,1.9084750797231491,1.9666698984150441,1.4280485889082246,2.2077459999355185
gene_2452,2.065177496083525,2.6624528671847427,9739.336096335363,16755.005872820075,14492.238163907386,1.9837665980574961,11369.13533061389,11989.206656894181
gene_2453,2.5857155109550596,2.2221747101740017,3.1216707530309757,1.5755426231173653,2.2169612587123626,2.0891980223584845,1.518397064239622,1.545450714399015
gene_2454,1.7351981352383812,1.3280166922347274,1.3975325331680226,2.1869208023401048,1.3990854131231716,1.8123326091945593,1.6787775595280616,3.2612260451457558
gene_2455,1.8813474440498505,2.311323581996123,1.8658813950413626,1.3593209912070332,1.7140631663486496,1.824891066977689,2.231511870878523,1.3766582724710563
gene_2456,1.1449899338689205,1.1793653229039267,1.594208768181222,1.2816820225514762,1.188760756171761,1.1637489057045782,1.4749647257035388,1.5744664333223344
gene_2457,2.891026845787234,1.584278613295299,1.4825871969089126,1.2644941553590412,1.6624973494939652,2.4165563699802273,1.3928912330424439,1.691228690207129
gene_2458,1.9397687911754433,11065.464001159255,3.0973881150455136,3.2687088366399064,1.717105116084855,1.0926410699105553,1.1158002821371926,1.54251277624666
gene_2459,6742.40962878448,1.3445441642647364,1.4444463539355186,1.4099382605580342,3.3871412852828477,1.5112332520717724,1.9808258556718947,1.6729936855716336
gene_2460,1.62691389271603,1.725987971501761,2.093023104111816,1.7807565066955129,1.917925772387413,2.289713209846813,2.119593281391735,2.020514159798588
gene_2461,1.2399155977976415,1.3341806060419301,1.5213927267586145,1.5415438684614244,1.4096985498598034,1.39390038102676,1.6368039907224785,1.806122032132993
gene_2462,1.5716349794817168,1.8017130660710357,2.042891173829275,1.377596728589458,1.6308598187908039,1.5314676566889804,1.957471710883754,1.0587066674523387
gene_2463,1.7315903134682094,1.5611788013942882,2.2135171460493037,1.8990790760717522,1.2722673543204375,1.2751898539702582,1.737177157311037,1.2327252841765501
gene_2464,1.2002775099557286,1.768803736317987,2.5025716070622868,2.8737567077375754,2.7670463178557556,1.9681155306563167,1.4653593018239706,1.7708485989737734
gene_2465,1.3098009098303334,1.2610805813719248,1.3808180137840895,1.49426565439606,1.2721779495622862,1.4910216297857974,1.2430880219419391,1.9380191519484655
gene_2466,10207.346035930352,3.1370522352578365,1.736720589117066,2.672628866927112,1.3200362059114867,1.4282159323051904,1.6650097003326965,2.277970036061734
gene_2467,1.9003879284246243,1.7066603109365919,2.046692538607543,1.613182800917023,2.2738875712055435,1.1996520390380636,2.675393171707459,1.7510411641350385
gene_2468,1.1384802143942492,1.7443102655896165,1.3688696301862433,1.1835320000000085,1.3912608811150788,1.6291989813035757,1.8906733686501913,1.8547260356374222
gene_2469,1.9501669403948676,1.4712531383280658,1.3296039471010423,1.1537583368000979,1.3788033639731627,1.6097084026948187,1.2751121707597226,1.578579296829235
gene_2470,1.618425294268737,1.246255062470092,1.2135472602632151,1.4677456194942091,1.6297229201625028,1.7345287749082883,10655.923047925964,1.4896351756555193
gene_2471,1.7448310565885456,2.1387336635115144,2.2157092844231094,1.3556101012141535,1.3637716611499908,1.414127828524616,1.2351883065890925,1.913473216731566
gene_2472,2.105100754433193,1.4301369450701367,1.6860272990243255,1.2511117779917347,1.526618521175668,1.8858082788515529,1.339426096820515,1.2522749770231683
gene_2473,1.3669576050372947,1.4325480758249098,1.8224119077112373,1.8080408654041253,2.540447664647683,2.3636184648059397,1.6923757745033372,1.3476802740150726
gene_2474,8773.621125790924,13969.599575853028,1.9102356630279533,2.5737450211374777,1.3558499820300605,8058.218029213623,1.684394360727611,1.649910334621912
gene_2475,1.2432889321595046,1.1931492957964527,1.3361058939462602,1.665872939032926,1.35759989512627,1.8428151688224075,1.4065838754846596,2.6155623921180275
gene_2476,1.3697569914481937,3.252066400232414,2.9866449134491453,1.781668432288763,1.5919687260535178,1.419946489731362,1.951348057523669,1.8564219257851768
gene_2477,1.805735228082735,1.782739135384006,1.8632123571748878,1.89214509665871,11194.13873319115,2.9423052455072845,1.6962215664685676,2.348917686688501
gene_2478,3.4476221546753516,1.3751827798875849,1.386035856371,1.2558272163878639,1.7635049674734027,2.807120713119985,1.3901238886096658,2.504360011305404
gene_2479,1.7429665987569782,1.3698686901677175,2.874328205443962,1.3171560609648323,10760.473196418383,1.4633064206394566,2.529086157960349,1.6125753922638213
gene_2480,12710.399847001596,1.4797696162477767,3.308746307792408,1.5333652258128418,2.2863517749065077,1.336061276703464,1.6740836628949887,1.6262174101912683
gene_2481,9622.471644502006,1.6021330958885902,1.3221928926678577,1.3861033409265093,1.2617758533880548,1.5510914911048213,1.810439317401349,2.3490443629368083
gene_2482,1.7354910769322722,1.7194365093000492,1.4325342548519204,1.767493225172317,1.3399788733614595,2.434408530598832,1.4571629271629658,1.7191124836552139
gene_2483,2.2636792546087876,2.1302516498363073,1.5397023645546326,1.389960745298062,1.5766179852598114,1.2954741159735155,2.6236840258842364,2.387648393266842
gene_2484,1.4502281561709116,1.2039335043238053,1.2363582672700977,1.2161493403708992,1.5248115618801292,1.6831384743959106,1.1703476681822729,1.3858527272242962
gene_2485,1.2962959304776054,1.7112676190372476,1.2162447350305856,1.5571967150182946,1.3504302883391308,1.8174537644199833,1.359480024403949,1.198084464413655
gene_2486,2.4106371930285295,1.194490420342976,1.3577881770706153,1.2012816858774127,1.5272805100454663,1.440757351536865,1.5648560696126927,1.6333872037936434
gene_2487,1.4634394426780553,1.6285338704416108,1.9842717754924803,1.331549082318741,2.3383890336423803,1.9428249686305983,1.6731041689470856,2.567156104685068
gene_2488,1.6787855836570365,1.8085412692128369,1.9193776031994698,1.838984409761897,12191.630348897157,2.854144339274266,1.450178905224177,1.4915650808354723
gene_2489,1.3075901449441079,1.3917124731866222,1.2682665076208042,1.361127031291023,1.331438811884161,1.6545902767282263,1.2970214799488389,1.525963104192086
gene_2490,1.3313936301303197,1.1580962685917915,1.2565247533140578,1.1818379946837914,1.5278347841387154,2.225130484524972,1.5188617095598778,1.3633734036457132
gene_2491,1.2603754879371134,1.0935291572989025,1.3196582828027266,1.1967132578638904,2.678693896095287,1.938615196913774,1.9018250808541277,1.9975139273222275
gene_2492,1.2355390597158789,1.420756119640985,1.495737004117574,1.3511481500937976,1.3217029905572664,1.4878752024412072,1.201379366838056,1.3074110405375938
gene_2493,1.3663128827635058,1.5579735172077278,1.5394059534104032,1.755526889748446,1.3890370420835985,1.5371206070368828,1.6621122775026418,1.60723494861957
gene_2494,2.1543190467588382,1.645455107364785,1.3750837372850235,1.3835010194156105,1.1573943081150513,1.8549860825173496,1.575288628356293,1.7644970188479578
gene_2495,2.051404055995158,1.6507707657963269,1.505510835599612,2.3081285570588608,1.868074688916584,1.8892981454480235,1.5215098041496764,1.4665426218535336
gene_2496,1.3779099618197022,1.1384904754583924,2.2307899508146285,1.5269848094168266,1.485763334139815,3.453344459078695,1.6595586041504522,1.380426881269373
gene_2497,1.9181113768322346,2.3445319087629874,1.6807456667966194,1.592466760013261,1.4988428079942056,2.1773801452352135,1.2135153923125617,2.0576593632286206
gene_2498,1.2103502990349941,1.3000211025430994,1.2258223161144246,1.1529195324928077,1.1811739646620785,1.550553079651324,1.4257073600211003,1.1797136220845081
gene_2499,1.1898294649352652,1.4508932625094404,1.736227958532336,1.6423336224415523,1.5552944120900716,1.3694991160578158,1.3190035889506917,1.1577918165379124
gene_2500,2.171622006712898,1.2523420906329343,14676.216832134967,1.3402077154478098,2.2345142827011344,1.73854167077924,2.735453156571662,2.2793808128014774
gene_2501,1.731913882848435,2.0630610062574353,1.86929148236172,2.259708066266896,1.606875149706446,1.6670475988667668,1.4125345987225457,28208.301987469255
gene_2502,1.2119611831969428,1.8616803043949983,1.3385651865517938,1.259256307342451,1.3976334285748095,1.884633420468509,1.2797901251990385,1.6881030403342485
gene_2503,2.246376312303534,1.3587548965913445,1.8592466480686562,2.016702354516867,1.9597235761987402,11618.367503071016,1.2893466839325696,1.4742512636075211
gene_2504,1.9160646860578399,1.5024162067411997,1.1412966449511917,1.6602337642316882,1.2916241601893994,1.3422377132741288,1.8388193436671123,1.424569667855814
gene_2505,1.6369133634829511,1.8314037782919386,2.952427220092597,1.587470067847586,1.5371569262233382,1.072467009218482,1.2777622620442879,1.5960561691670754
gene_2506,1.2046245807129745,1.8896305605216328,1.7041640631917565,3.421277719965544,1.174350565037509,1.8007367356405073,1.3676999499282159,1.9298166785576676
gene_2507,2.3564010491917133,1.4343616328580306,1.3930970453073475,1.8100650157511071,1.509443847649354,1.599578811263436,1.8094767559568012,1.5012667104764919
gene_2508,2.758119546899386,1.9239556903593649,2.511574554536113,1.531195997599417,1.1421240952741816,1.711906581813182,2.505167267261198,66732.05874897008
gene_2509,1.458118128553443,2.0014330190001437,1.4363603553640227,1.7417208697229594,1.521050738831178,2.1901313346575715,1.6766259665139354,3.106715914814829
gene_2510,2.001775098593128,1.870231484583608,1.5721025335059353,1.410513458602491,2.935894258476037,1.2019451303150483,1.6034055081032568,1.170683142758095
gene_2511,1.3533273218852833,1.3042487085878396,1.5196644956270673,1.1330573885883712,2.0416668925111177,1.363459165307189,1.2001573310007105,1.3945622721922593
gene_2512,12577.291708884492,2.839100161442542,1.5797198909455512,12195.664041331182,1.5286730824287331,2.5273408028429403,2.5921599263872497,1.718025543277467
gene_2513,5923.716751797847,16635.054111426474,2.4724752850967793,10451.942455735123,1.9494768843191894,2.3984682640388413,1.416723579585729,1.7509315665308243
gene_2514,2.2636950127510542,1.456120004802192,2.5554025724023592,1.2739014147327477,2.396100303545841,32978.38689739331,12238.919160944595,1.4021705018876534
gene_2515,3.0325361856307262,1.847373811704205,1.2781994533254395,1.441542066366952,1.5224278069604116,1.2786240084623475,1.3220266879195592,1.420939098619365
gene_2516,1.7423671152832283,1.096781794073479,1.1835689565670073,2.034946598155735,1.3458402822872946,1.250569800294742,1.2284515964306177,1.2787155791558222
gene_2517,2.2042907786603956,1.3162195876114589,1.420219819289474,1.3342064942998486,1.235115428539463,2.133047344746676,1.2074189211892339,2.711275312099736
gene_2518,1.7038139249275979,2.6938247009082534,1.4320986408641445,1.823752278782657,1.482356184753096,2.792102274344861,1.418481286154203,1.3220144516396009
gene_2519,1.4120434003526274,1.2857703674744128,1.5346396983233268,1.7685756204235492,1.9273511123490756,1.3880812849191495,2.751326406784385,1.175450768084457
gene_2520,1.3754705304993153,1.4410804419100156,1.4305390070003554,1.8235014005538177,1.6120605972197202,1.3901612717571743,1.7547995103649083,1.486795210946294
gene_2521,1.3132487404587805,2.1831484255021736,1.1968984642493687,1.526897824371225,1.2495088376724437,1.567453123404391,1.4455135883946837,1.8066439805462007
gene_2522,2.8341497333924583,1.4234921979798367,1.9102418073479421,1.4825202059981293,6959.11318735079,1.4263283751567168,2.046205098062632,1.4613562448191948
gene_2523,1.3189717618029677,1.059886381870646,1.2615466953173748,1.242047805722297,1.7143308364512744,2.6972626750894,1.559037014418223,1.7908369330796947
gene_2524,2.7711057785777737,1.2565754796871098,1.5415549187805135,1.3175209414848847,2.0437892985507813,1.4169519917303108,1.6082256637039603,1.2642232697790852
gene_2525,1.3476234037548254,1.4758172854967277,1.5685226274732225,1.5484343116824895,1.449999292811054,1.1467381792506446,1.5406545116477435,1.691294801951707
gene_2526,1.5121048647738116,1.9151139682773306,3.0941008456022385,2.7548054354938527,1.7908887266538558,2.432292332637418,1.526650461399377,1.5572418910314594
gene_2527,1.6821903853409266,1.9796444289321606,1.569846005083144,1.4918042798125517,1.4339506889555436,1.7565726611091625,1.9286348761739618,1.7272526604804135
gene_2528,1.7045131699513578,2.9029348060913196,11688.131073501316,1.2043682998135194,2.562683613389005,1.9426687057219894,1.2980813947545675,2.536713089858233
gene_2529,2.1575988568308233,1.4630945850504529,1.6253104811709524,2.033153259482292,2.0949974833113623,1.710556938722279,9595.942027340687,10073.452004492698
gene_2530,1.2584346443677896,1.4356753309583696,1.74151325410778,1.7594814468526223,1.3425789873758742,1.6499422108160597,1.7251314267898015,1.3368220283887822
gene_2531,1.417578866827284,2.4080510018335004,1.8555979422999727,1.3864600458057708,2.611491069888956,1.4998472381757268,2.491228695791555,1.7832478400513432
gene_2532,1.5565736962128476,2.698625835207601,2.203258188721073,2.1646254685437514,1.751151789537871,1.594245813518172,1.4364167375000116,2.005273754453811
gene_2533,1.6661699560493493,1.4860550725281698,2.3367285840215644,2.1664599584168323,12887.314630678255,1.8340622390984,2.070439096000843,1.3364254933706243
gene_2534,1.3196495357457103,1.4453943085501253,1.3961212999264585,1.2667485771425253,1.3702955378500798,2.586493024544284,2.19091632676218,2.5474966346830463
gene_2535,1.65472665372893,1.2751932490238966,1.376840649187991,1.88358324986117,1.6471660852392151,1.1953784864099675,1.801053606431801,1.9940720309295896
gene_2536,2.1735088992864364,1.7989494824429255,1.1852370584903764,3.0537630324638525,1.6495181022610408,1.2680312507249145,1.6178301218091038,1.4514050109664853
gene_2537,1.3595904953453992,1.371865776101644,1.8145339277715928,2.947604882073074,1.7737500994932147,1.8094113359504638,1.446126972175853,1.3621802070618259
gene_2538,1.5058971918200719,1.6623999683572674,1.4107430031776824,1.4646337352161214,1.3899829865181068,1.3020630302211924,1.263318868456105,1.3029125691986438
gene_2539,1.3275366351992475,1.227172114339816,1.3360786972591807,1.3384369475849927,1.394687814117632,1.424321284320085,1.3160210425083354,2.5833561250946535
gene_2540,1.7862335369701714,1.8533193200531954,2.632548262965888,1.894267050289482,8557.767410739587,1.218259210291913,1.365742645172619,1.4988787722380135
gene_2541,1.4797243808351723,1.4905601445083165,1.3860857765739214,1.8235541569918328,1.509407098886042,1.3428394370839376,1.4035017839694497,1.119991763046724
gene_2542,1.5038701503136103,2.369289442948416,2.358183588654498,2.599385404178746,1.9206535262549835,2.050481417633959,1.4737013662538545,9333.636933255213
gene_2543,1.4322944087607037,1.7407411545671168,3.461187911386584,1.4372395268454994,2.4979907440805995,1.5571238527629723,1.9129222160098522,1.7417423257267313
gene_2544,2.517732814133562,9273.952121279704,8999.105028628514,2.6244479036692487,46874.29036539873,3.022929621079115,79613.46874760225,2.453634509593763
gene_2545,1.478323458245498,1.4088773314913183,1.3906711791682138,1.866612688061936,1.5459916884710752,1.3429221474471413,1.5441293816321557,1.1528055296327286
gene_2546,1.2463488524006863,1.1344107865898683,1.2026782865367436,1.1245123770383096,1.2414909672351313,1.313685831859092,1.3312503901305395,1.2811307017520062
gene_2547,1.5335076783499337,1.4523322508268628,2.693669278310894,1.2171582958537324,1.525927790040456,10735.10277986419,1.8332565835855446,1.564875101729423
gene_2548,1.236150105030976,1.7098877597998878,1.377857350275669,1.2160018883975157,1.2387328967896984,1.4395631314765485,1.303475698346413,1.4871472974511468
gene_2549,1.207530113102691,1.1057854513318597,1.3138263169024338,1.0858268432309042,1.5959809415855863,1.660699587350444,1.6735555963767486,1.6042294981825453
gene_2550,1.793679577570918,1.763793263717293,3.050006049247941,1.7159050795775193,1.3621703115106765,2.025723554115709,10017.656216821017,1.290460620548456
gene_2551,1.8553875508654352,1.5277291648690392,1.8827545244618376,1.904153430976726,2.0682403127493667,1.989871518251767,2.2588085657653374,2.0620980611995074
gene_2552,1.5759813813101478,1.3978237800797184,1.269558639747639,1.4748797810427499,1.2479792105811494,1.7705141262734054,1.6929922313122627,1.3616770976346604
gene_2553,1.796174132585236,2.316809884931458,1.3215356600602406,1.648061989600822,1.3368744022626065,11741.01988586107,1.4952692012443525,4.262203746406458
gene_2554,1.7415332019075385,2.9582293427181834,1.277846143587405,1.6731343685450593,1.4372867565186254,1.5781784266741754,1.2726004947036536,1.330377997798901
gene_2555,1.6025769685851232,1.4004824785757097,1.5369466165185017,1.7811026157972687,1.5193473699732585,1.5237643570481267,1.48923703582677,3.2589642509957977
gene_2556,1.7346778688124644,1.9719008667375222,1.3810333481851473,2.854467991847613,1.46490958728977,1.5406085140977468,1.9444136307326214,2.640503183300365
gene_2557,1.5676715160735684,1.7468810134064705,13563.489400814264,1.4117545929346051,2.726151051557658,2.412670023541661,2.6196602832757616,9605.575051247508
gene_2558,1.7397566021300284,1.3657904302449404,9758.783593425824,2.0035453186294134,2.3709664684899923,1.260654800908145,2.0820542043990447,13163.900776117665
gene_2559,1.5175356650563538,1.0724259429733378,2.375372765326712,1.412714059762808,1.7739764001911964,1.4239118894414144,1.1401540700030444,1.5171999985528455
gene_2560,1.4785580647871792,1.9755639645529535,1.387357637849834,1.4462596581979508,1.2681825080990856,1.1762349435052901,1.8324840203080695,1.2214112690351098
gene_2561,1.8729454139312223,9860.903322183241,2.5571913939816597,2.625995644807443,9388.049665741844,1.8176936061005142,1.7046971340006698,9781.76635023982
gene_2562,1.3242249897633418,11895.068145656243,1.1401229235244095,11260.480471250634,1.3582910719621855,1.8965087233719542,1.3891107502594775,2.3323517271795824
gene_2563,9183.606888066322,1.3037114287938436,1.755250421678209,2.049745856941291,1.4441526842156909,1.6045301963976866,1.9075290985274207,37797.510559550705
gene_2564,1.356701867290143,1.5932484166818321,1.3367736089798739,1.4717215532882193,1.5747306105274488,1.2873648458251847,1.6336024648795855,2.6420654249018733
gene_2565,1.1140741662833205,1.398838226572317,1.2277834714637974,1.2574684502195934,1.3893409578444027,2.048082818027721,1.2473854584373203,1.1569279203548475
gene_2566,2.874086565908215,2.028995559189375,1.21739765440498,12200.393207256651,2.8759703644156995,1.6698282202333707,2.3427280080656385,1.659891410877147
gene_2567,1.388936339090278,1.2032991367422126,1.374502889463426,1.2888294208209945,1.2843689293527545,1.521241182665128,1.3147470498875278,1.384451488425845
gene_2568,1.9333983731576687,1.4372369782632082,1.9268190418359512,1.2706979344745304,1.3004943056131988,1.2634030727355694,1.2127750862627693,1.6429605191933077
gene_2569,1.6171589771956263,1.6788000323135008,1.6481914258606718,1.47948081163361,1.1969058315457726,1.5182581603154666,1.3912440362125424,1.3219358191808188
gene_2570,3.090058085271737,1.4101580917264613,1.4950747151894288,1.414428547602072,1.4506423874527832,1.7925932894942669,2.472825401996772,1.763989500961861
gene_2571,1.2657596509204057,1.4071189543688136,1.1310496366905802,1.348047619900706,1.2781347835550592,1.45159886017562,1.7722476160902279,1.547579087080476
gene_2572,1.9669057357259856,1.324915532287733,1.3365738454917881,1.2908218682274568,1.4508281439342219,1.4403271446780728,1.2886184464155843,1.652000311432946
gene_2573,1.6890925985802532,1.442366810399794,11811.065231358574,1.5348281283168097,1.3971078495982123,2.0617594444885268,1.3131076330630718,2.0986926580289555
gene_2574,1.210495446947712,1.1273982735232455,1.2159237123507112,1.4838303207704173,1.428692119505753,1.1759963671787776,1.273877740722933,1.1967209601663935
gene_2575,1.416895348826134,1.379713598108304,1.3091302441608663,10657.666341003514,3.311758531554403,1.989804533847095,1.543604144636253,1.4554684253717267
gene_2576,1.8138747890465652,1.6742375933072127,2.4492724637712153,1.6447851588959956,1.3350480601989616,2.036715876280243,1.787960837845583,1.5525555531782327
gene_2577,2.934570268317323,1.8836331136192859,2.563295759792882,1.8515308327018647,2.4860739443512223,2.1502575096751686,1.189607357407919,12297.281170753728
gene_2578,1.8982028096901433,1.1464494985360965,1.3290496364190065,1.185392606472453,1.6269568341147216,1.332644578757144,1.8221082490032028,1.6550889024197262
gene_2579,1.509823196897951,1.5684057556629374,1.349021989229237,1.7084804798176896,1.502955696979036,1.340208065950533,2.03432892566736,1.2757386853324137
gene_2580,1.420214342455492,1.412423400472165,1.3513619493252795,1.436412836502833,1.4243443911396005,2.127818077118733,1.2374754521371558,3.0257856781388126
gene_2581,1.447342797649007,1.471647065761725,1.593333371653398,1.2904433043054724,1.3394975840169903,1.3698991418232795,1.2536270042724846,1.999187916958455
gene_2582,13141.390699907135,1.7357583985317397,2.4697588323325483,1.32613384868754,1.481630157155555,1.8782257658843287,1.3947035922790927,1.490438090609804
gene_2583,2.190725033555834,2.2759771263316013,1.750878084202986,1.3899782660277005,1.7757639797450813,1.4462046160898154,1.5015836169400558,1.2816936811823496
gene_2584,1.852339565923349,57327.73600639678,1.7203452871807643,78937.38835786116,1.5450801381639323,1.721378787899678,1.9404241896718974,9710.563036291323
gene_2585,8170.294231775785,1.6509375258175774,1.8328211996423371,1.5585228551061745,1.9043825745355438,1.7627123442136048,1.2222834834677778,1.2093818152013274
gene_2586,1.6640565125314177,1.5731462455800154,2.123116789481319,1.5616649115029355,1.7057617736647344,2.31968021180039,1.480069884583968,1.3439069950222797
gene_2587,3.3451244590153864,1.3881117332213746,1.6071075549569143,9376.23127958113,2.217567150306241,1.9978110176217216,1.3620805029835512,2.1580185020639644
gene_2588,1.5583887235286513,1.9907931195392599,2.6159766825294137,2.7453198257558924,1.244780877603063,12560.428681761445,1.545566058575669,6899.610120049017
gene_2589,1.391585580625573,2.658584243274591,1.3447098005559237,1.4508111403828339,1.8708577018942432,2.0329100416447003,10418.902320752335,11005.424336738777
gene_2590,1.177403689064121,1.1902613353516351,1.2293188343052004,1.47979124376103,1.6568472541051429,2.3126121043048014,1.8530727489453243,1.596922105598583
gene_2591,1.2029204683400334,1.3309971240444034,1.4168347761463227,1.4843786099519352,1.456728689008223,1.8024692609007025,1.9982368616017312,1.77640675162843
gene_2592,9643.701708568542,1.658370616032685,1.7455796561319876,1.486294115177294,1.5311265103305007,1.7870800119154444,1.6977206186647567,3.2712173673301543
gene_2593,1.1971416666351087,9675.60693076072,1.8658844538043748,1.2234925389796758,2.031959965973733,2.176550097927718,2.0079131044216445,1.4821857822569247
gene_2594,1.4813299761200929,1.5269140653147923,1.5388943217280262,2.095249342573983,1.5413682111577554,1.5220095831438616,2.0905054143233808,1.2822321385695588
gene_2595,1.5770158117589783,1.4257007611621204,1.8239738636495444,1.532053941134203,1.3876770253981778,1.475586583238933,1.342252073757595,2.7923304761848327
gene_2596,1.4579732023566092,2.4447158514927594,1.5666764696903126,12932.088208429741,1.6046537034668005,1.6742397736166825,1.3578360245027918,1.5811405266186025
gene_2597,1.9603661494579505,1.7290125925375528,14722.642213052784,1.5775741595749604,9159.797764954379,1.8556290559518742,2.068527945612733,1.9511396948640927
gene_2598,7449.764863307336,12908.62404169614,1.2881603428102246,1.7553194433274892,13979.402913807742,1.5361719055167289,2.9766212189034724,1.7216812360406073
gene_2599,2.44097647950752,1.3377448487170729,1.3870033225350693,1.3887619028096783,2.3102419738323183,2.418871714620797,1.7462159288418597,2.4534640809180557
gene_2600,1.7009025040380545,1.2683425206927395,1.3256091962929442,1.9959138321926184,1.2415887231086262,1.2821902906795013,1.4856415872705915,2.515377740795281
gene_2601,2.1520157455706586,9930.995966732355,1.6754927429725364,1.5692119597423988,3.0719267590599895,2.4748476050568415,1.884710183370686,2.3002661932467876
gene_2602,2.764669598732619,1.7314134139992226,2.017422231858423,1.4223886864493376,1.4732399491052037,1.819689238647259,14576.105204244193,2.343254460553494
gene_2603,1.2768524096421252,1.5229059144536508,1.4618335084617742,2.4306947258075615,1.50320938665382,2.094442313732099,1.7658300391531523,1.385496675131983
gene_2604,1.8490244952247676,1.5555976347384022,1.516307486457464,2.3486552984717743,1.722644706788769,8033.484757104791,1.5794186369145093,1.204105186296983
gene_2605,1.720690009364414,1.9788124036509436,2.082797979237156,9674.01356889722,1.4922210352542697,1.9515807778489742,1.558942076626367,1.6767555501173983
gene_2606,1.377207426660723,11224.07819502184,1.3550899943086037,1.7335908095422095,1.7394601814962622,7503.6604607525505,2.0635575779375084,10847.377481481722
gene_2607,1.498231950757199,2.7532851607447575,14735.17900867403,2.289343546623595,1.7275300583179287,2.068472005859768,2.352571235235589,1.3279804275533613
gene_2608,1.6207518477585223,2.028490675270661,1.7077071846057366,1.528399252977037,2.609538343730029,1.2308776867960782,1.6424120460756988,1.7448853051665736
gene_2609,1.1270566379315146,1.5126539580665004,1.4310467748040774,1.8635481236986005,2.46355879019907,1.3368228074412578,1.568281060384834,1.5180844388509473
gene_2610,1.2018345949357587,1.5538656547927479,1.3785459033372962,1.1691496865770628,1.4423516291435623,1.2200646364612178,1.4035215115186477,1.5110267428714095
gene_2611,1.8463239056773681,12526.550480849399,1.4390649742231387,1.6219343831601039,2.155857587563594,6665.056111538669,2.1213271831242912,1.4382130903652226
gene_2612,1.4170802125564623,10227.232079885933,1.1919698782737778,1.1549253834967168,1.9176707018692059,2.986837553720971,1.2707197416868674,2.5954037353982633
gene_2613,1.5602732089574118,1.2050861842330851,1.3368386898959528,1.693826442500831,1.169663389723998,1.4002750160991926,1.3416929637336301,1.162978789082592
gene_2614,3.0560476518043447,2.1576338583809385,2.338488190863528,9871.162065509996,1.4847532104775814,1.5668965677369162,11968.524669478358,1.6692948344150282
gene_2615,1.808428819576459,1.4196510081701452,1.640641769495251,1.1946801178448858,1.6784070102755169,1.8441434155740484,1.3144079854638526,1.2417639620427883
gene_2616,1.4912513648605144,1.1461226560157654,1.513529014716262,1.3849633281319662,1.5454834101572748,1.6999826087199912,1.699212578576858,2.21800601368019
gene_2617,1.110090819657965,2.6907265883511435,1.6567240986631557,1.2930562322243528,1.9790716539270576,2.6779652621961083,1.186230836462414,2.9649407897965228
gene_2618,1.717733762606686,1.5174201965993594,1.5714115431413134,1.7214419768005198,2.3521383074975155,1.2647202192417295,1.5076055750111308,1.6275712270543263
gene_2619,1.3119768088575934,1.0889810273317158,1.1788133024699299,1.771661930789223,1.5166424041381918,1.9958576638419678,1.1821825459520543,1.220525445171221
gene_2620,2.272507266121807,1.7387955676505904,1.3044476069068172,1.2001918616449843,1.2186785135459801,1.2561617985216462,2.896882953207288,1.8602069451842103
gene_2621,1.8634599837718646,1.508513623185972,2.0607754700887515,1.4200267592739781,3.2153779181266766,1.7761833174942872,1.4421226531190936,13313.017771774454
gene_2622,1.3603415953336853,1.5416705199366443,1.5176994142148104,1.5716155513900598,1.977582651032321,1.276966345596181,1.3598811500263834,1.3223133816499544
gene_2623,1.5273708412987441,1.4769280430129053,1.2375977998230723,1.2537719796980495,1.5764844398703748,1.7098239933792267,1.1764606675791482,1.5723575516777109
gene_2624,1.8768270730460097,1.314976058178432,1.2050939426784988,1.328020574265145,1.441208307875184,1.3439669312293654,1.2434669915553327,1.3747061009593549
gene_2625,1.709858446044922,1.4107401466128884,1.64257082793683,1.3972253389209943,2.448756756578256,1.2589308918123183,2.734526794186788,1.474074227622242
gene_2626,1.4537453745459836,2.4086025993786464,1.1757196145450473,3.013784086937004,1.362730244450965,1.3127791993964308,1.3299138961049495,2.185809476271375
gene_2627,12596.071149827754,1.55445751198302,1.5654980496371482,1.8036402477284919,2.008143666561558,1.8515081636475275,11227.606420604725,2.52640973339894
gene_2628,1.7538500920426674,1.3380723644066448,1.780589982670456,13176.823970887164,1.7253472143757393,1.5210798101279146,1.3728838736706677,1.5107062683563126
gene_2629,1.590663728818721,48979.474153545154,2.692140947543017,1.9943881222069715,3.2016262426584974,1.3872443018441514,32665.140243498692,1.8384008410368415
gene_2630,1.5138420435102637,12054.319974895536,1.693263192252294,14830.63350609056,2.461504448417002,43157.40431768493,1.6211649286646996,9742.702956641728
gene_2631,1.570152114135377,1.4166104230305823,10732.487527707332,1.2888182857437032,1.8663223840938716,1.8978491292209207,1.828921375982696,1.420736850427624
gene_2632,9104.44657786539,8686.205500480935,16971.386210439145,1.77416048582546,1.943933060906802,2.161988751857227,10117.100329318853,2.01526585184383
gene_2633,2.068099562068055,1.4143384842995583,2.7998767440549077,13361.444899618351,1.7877877650233263,2.536247903092451,1.3853013139237373,2.4752239178545454
gene_2634,1.9233920496375043,2.3727250966589337,2.8813561511645807,1.402200782177396,2.3611067564169907,1.8523814708869284,1.6119239572717485,1.732972200196065
gene_2635,1.6057112169856003,1.3726920899745878,1.267701137552945,1.4104424027701,1.5233765496806622,1.9560178536770096,1.3382591193066977,1.4814577747635806
gene_2636,1.2513556838330684,1.5530963012178691,1.4509288414256063,1.5660378741957934,1.5044496958868625,1.4462573106892396,2.417602489404167,1.3337396364182905
gene_2637,2.087500063076614,1.2687342625877636,1.4066541372941577,1.253618028474695,1.4602755087819903,1.7907439755499208,1.2547276682952617,1.2014227525691779
gene_2638,1.4785538283617299,1.8169599726830399,1.8409277591603002,1.4262312415186096,1.1331312230238868,1.2527907782200025,3.086823533208826,1.2541341922281481
gene_2639,1.2627629442767152,1.7195807845771807,1.3279689393642375,1.4680008457193578,1.7439240347611686,1.0798690870638963,1.5501623298043739,1.2520413004927213
gene_2640,1.488640143799648,1.315521295735697,1.2992904137246144,1.8218124116612866,2.100976637103275,1.5497881801585818,1.3401963987458447,1.4273329601143767
gene_2641,1.8714679485484245,1.2917331092485307,3.1056702707428543,1.6315560160770797,1.94083957859812,1.4442924394124077,1.8939491927046193,1.7753236440474611
gene_2642,11053.828704410691,1.179903355895203,8645.703132000664,2.753686302754729,2.9238324999333147,1.803486914077069,2.599281840056463,1.755293719021145
gene_2643,1.9258583377065266,1.8204089407559876,1.926344807154374,12228.395522532495,1.6484529387987885,2.0504499208301263,11137.829071083952,1.9611281840599855
gene_2644,2.580613493064572,1.2990422417641472,1.488366794856626,1.2367948284577737,1.5528976368019463,2.3258343718011196,1.6757397412665853,2.6949213552670033
gene_2645,1.6973844402817972,1.835721847315764,1.523434051376988,1.6342538904082295,1.2941197358504315,1.5172161774368098,1.8056189464782204,1.808261372181652
gene_2646,1.4696891885299548,1.3232844083168873,1.2983552432436878,1.2091839135772824,1.4495189438813618,1.6535568271509755,2.1922353488258195,1.7235376545199537
gene_2647,1.9976622102574957,1.4630472467853763,1.215007923959237,1.9959901984768393,1.4064884577604002,1.511862536832428,1.221153253801832,1.3327014517997178
gene_2648,1.2426857706735455,2.066547237750207,2.364632597350588,2.4497705172823685,1.3235359357199699,13335.478803043654,1.4970532036528887,2.638939089571485
gene_2649,9346.189595803562,1.9508914071175258,1.4105686335870347,2.6088403296326486,2.6803269402743313,13196.47733549181,1.3562744587521354,10615.465667540258
gene_2650,1.3283369156578526,1.2739986497408884,1.244916018141846,1.2197253589476966,1.198878329142295,1.5786992566044162,2.2038200541323794,1.3242213195936468
gene_2651,2.860078609552073,1.8615173328306642,1.578766503092786,1.8429348490847015,3.1721703814183937,2.9306659450613455,12667.89182086894,1.704443913150372
gene_2652,1.677283146211751,1.696724216723046,11319.032010686518,1.6900672927874456,1.3399112265111264,2.7450967430957016,11319.365220922486,1.3017154204808712
gene_2653,1.601000497023221,1.3577233910591673,13268.699933779038,1.2353490445698738,2.7811247553228458,12699.436492607696,1.3633135990790668,1.82860298733881
gene_2654,1.2575958168738832,1.2615360414333376,1.8150324746691868,1.5220105403558202,1.4511523651757017,1.6070160631080745,1.154646332502767,1.292786530364389
gene_2655,1.8642591891371159,1.8024200787906315,2.2462704219757996,11863.365142017836,10575.72327601001,1.5250595988826527,2.447271730835016,1.9941789621684203
gene_2656,1.3264113039574528,3.324953731764083,1.612929286053338,2.056634119567261,2.3260906020261602,1.4174407930926642,1.3006880604432678,1.1997749085672145
gene_2657,2.090136670993785,12778.40363399261,2.268706743461387,3.003777872784499,1.3570424575464175,1.443480055216411,1.9088064647883956,2.0372685996898556
gene_2658,2.3814076780976206,1.1256282554842616,1.4113240515439347,1.1373333974650313,1.6540755774795657,1.5171639786818312,1.2243866586956904,8501.534396196177
gene_2659,1.1889824641683524,1.3940725902155688,2.0410986845953443,1.4034069962911375,1.5414051412003433,1.58748452564588,1.6460062149809307,2.494662852718582
gene_2660,1.390099233121839,1.3117707240311747,2.755790867496534,1.4699783978340881,1.2587495968927391,1.6078982120315382,1.468543877925384,2.3766447352934588
gene_2661,1.9913647779637997,2.336419964261933,1.162985291238357,1.2361840135644484,1.3758920904415481,1.3680268030765612,1.2622345321619743,1.3055793720699873
gene_2662,1.481523509602896,1.3309202944214003,1.6226443524395089,1.3638778722690452,1.9704183392990449,1.5502664930616536,1.718231885570388,1.335650451900156
gene_2663,1.2870644869539083,1.1702606716610908,1.155280046701937,1.2313867890101093,1.5609107985313337,1.402009539145037,1.7175349187600157,1.1537600175765335
gene_2664,1.4429126910323882,1.3173085581450463,1.8689787544865009,2.0812618982033877,1.3227348464505038,1.6100151470806032,1.2268591259468675,1.5383605947308185
gene_2665,1.4551270766538185,1.3083651840221386,1.3364251326651007,1.7179073332235273,2.040852395098283,2.5238546754530136,1.5274912919517174,2.869035895891444
gene_2666,2.220256221348126,1.4013086446639877,1.5085107834772014,1.8638121880656717,1.28069669712437,2.654635973179299,1.6806045425196288,1.4253238572529527
gene_2667,1.2355915500562384,1.292263495125634,1.2936079640471372,1.1064056591855502,1.2689488197470582,1.228652885000989,1.2736790192139031,1.1081723864689352
gene_2668,1.4633427393913416,1.3607769193720867,1.7497909235453675,1.2330262631759292,1.3491290470843667,2.2701055829030405,1.2501020825993627,2.067074584413584
gene_2669,1.4308157876282044,2.780198249973956,1.4198992952784397,1.1557345826606218,1.3182057238640896,1.5057187814358917,2.1415563403660545,1.515584178476198
gene_2670,11061.27438593606,1.3198715471370936,1.676171665839675,8684.726737210793,8160.584360139901,1.8298314952846433,2.134212997565692,9401.531640663768
gene_2671,10631.29114326686,12903.01828068851,1.5327800268598892,11167.256196920403,1.7662282064104673,10948.820959443767,1.5633809185682557,1.7323714441423343
gene_2672,1.2403267111048482,1.504634977056091,1.5095038557103009,1.7959341867855543,1.5958074381138438,1.9848946067809576,1.9846609231117276,1.3794116531617726
gene_2673,1.3047772156439255,2.158602664340707,2.1370211429950823,1.582126300251243,1.8828991377821573,1.9722167153678436,2.3659765652350777,1.6549886309362711
gene_2674,1.9254321051856413,1.9624676322995334,1.8192613200814058,1.835710472306216,1.3523898798178073,12744.622193522608,2.032320191011578,1.354157181757261
gene_2675,1.6976393414544755,1.9657314349896686,1.5794313351766442,1.201618464435363,1.5372826647306206,1.8191672338287754,1.2772623356426613,1.2802589904577972
gene_2676,1.1626587281386396,1.2632414910114103,1.2032403753530712,1.1677951298215625,1.4298846385280224,1.197618357275137,1.3553490217839488,2.2755588987506736
gene_2677,1.1978581163497835,1.1838907417250757,1.2668857849321247,1.094384036207587,1.261079402100864,1.2464474434392818,1.4445201485735093,1.4833675775888717
gene_2678,1.6689622499325079,1.3125806433507632,1.6887021286046524,1.4153063597865092,2.4168026243544016,2.910151427237985,1.474831202612361,1.7699281838185854
gene_2679,1.2619031492992414,1.8584428586316557,1.9107525532833476,1.4221246075856815,1.2334398725710465,1.3938607740252442,1.2185227654338036,1.4899228915500837
gene_2680,2.49351959495681,1.3161691655988257,15049.886839139563,1.273671847931696,1.6293483407229594,2.739941868688821,2.5833162179113858,1.9002461873693632
gene_2681,1.236016339312022,1.570690019257919,1.4584885629209907,1.3596762753208678,1.8919550309390623,1.8916604492674227,1.790499835215377,1.4883887591808607
gene_2682,1.9849538497211534,1.1326707520813721,1.4474792212122296,1.4497725416600327,1.4125323228450575,1.1613238941508657,1.3182349414903336,1.3030182552494192
gene_2683,1.5492141193461393,1.145915355917106,1.3177644957421908,1.4146632732432365,1.2066188561119995,1.4319709699219068,1.4363261254597883,1.4904626821363758
gene_2684,1.6530746903804197,1.1842133192753952,1.4022993538666562,1.2943621457979841,1.9355310979913305,1.4786429864573556,1.6590177986601244,1.5114884279253773
gene_2685,8063.563004734261,1.6002048608940562,1.5204331001849962,3.030415820410233,1.2430723841764937,1.262110893516557,2.1628881382682135,1.5458683691661457
gene_2686,2.3799507105872726,2.22563822019257,2.7357985932061495,1.9908040361843238,2.0470615091343225,1.8278593655123205,2.2394499496893596,1.3788974282693007
gene_2687,1.3405694799691308,1.9461156150935301,1.2589073356811031,1.5979434661208531,1.2834213290139453,1.5903398167257186,1.2148397789218408,1.4118296857686239
gene_2688,1.4587501344020832,1.4837928674921688,2.6326580664509276,3.396902651411488,2.698957923756633,1.6090955464743326,1.5573522950968361,2.2522627872139673
gene_2689,1.975183514365807,1.3867251303225043,1.4008427870130542,1.3380869298384164,2.5445941282212465,2.1697120426163914,1.6105130730031552,1.8867594004251511
gene_2690,12218.235604980648,1.7258708517098846,1.284381639673128,1.3016169527028292,1.7049947631513227,1.9517469582578528,1.4353604905381527,1.4414143498349974
gene_2691,11967.260192820344,1.1681334462292028,15329.22959771619,1.8800125766408,1.4812991054719018,1.5103649432524004,2.0673725789363777,1.830484769189311
gene_2692,1.4424019979312663,1.9071487247191232,1.6487167655835069,1.2662062236857297,2.022346336429438,2.2293407315213924,58035.93783610604,1.9948169116222823
gene_2693,1.4793312544597887,1.4346932918892172,1.3350038473967958,1.1957286957412367,1.6035913852366646,1.4318716630791082,1.550181859836927,1.3874236940829954
gene_2694,1.4440851245355917,1.3585814070728974,1.2493304577381672,1.5851527189535044,1.8224432728835893,1.3189937352268812,1.346932361376521,1.3694700475781545
gene_2695,1.4662828673198651,1.4487944759124038,2.1643752149059585,1.5703551334080914,1.130426227024114,1.6004405291490256,1.2486816130482932,1.3900165376926212
gene_2696,1.078553902594472,1.2296127832357666,1.420426053076137,1.2274918302751432,1.2540522634982258,1.3435714320051448,1.1146433616760036,1.164316872668594
gene_2697,1.708250586167597,1.5829211175169842,1.7187350980907716,1.221665657572076,1.4560425496211398,1.787216253071292,1.561525942738155,2.247441085859135
gene_2698,1.4722204100958403,1.5366769549877863,2.0979593939153367,1.2147826249901894,2.175937656904828,1.267456761964037,1.484583053543042,3.4643060319618937
gene_2699,2.1081743030154727,1.3158513618820267,1.5664544917743943,1.9518538925735585,2.2975483694619823,9780.725094387171,2.028230140164467,2.310099874803829
gene_2700,1.221736972516389,1.2054938038993632,1.3491879714099542,2.652680138284093,1.6568255412570192,1.1465795552674198,1.8818731800471327,1.644931001690558
gene_2701,2.5253299957231428,1.8201066659122183,1.3547780421201585,1.3916664923613387,1.3955173752476726,1.5812912367594647,2.6439189257499565,2.1623571503320673
gene_2702,1.7144558540971122,1.4324773138321962,1.6400551752188062,1.778753043338902,1.3381331931734832,8023.027556604046,1.7003916282619707,1.4178937379842635
gene_2703,1.3242380615873734,1.5158150249363447,1.6480315676357564,1.2637949664793764,1.6671653520302034,1.6073324607311268,1.834519405715846,1.801625409767869
gene_2704,1.609012994817625,1.709878116535921,10608.72705740488,1.3237522791046876,2.6275300350020396,1.7826678759849894,1.3783938495351287,1.9780996594205018
gene_2705,1.324542212139227,8646.743094454834,1.973396995986852,1.5298171260530968,1.999288865217257,1.7051867749733836,1.2717802566274998,2.1804165755913516
gene_2706,1.5104068864081763,1.2231260679721572,1.5870324845483403,2.601632600475812,1.461140646027738,1.6247499121218953,1.211565846287841,1.3065899234240115
gene_2707,1.903218501783413,1.3349286656673898,1.183639048674243,1.87342588315226,1.3622464303195667,2.59268342628311,1.5621684773944153,1.3512051917263832
gene_2708,1.7629450703743572,1.2709284578989353,2.2056800888083816,1.1176384400390516,1.373665718169615,1.3857378710556816,1.5725107008330865,1.1825214570960114
gene_2709,2.31286228858532,1.2622155700001791,2.9675532075900164,1.3587411699936267,1.8907767829269884,1.758524802927138,1.3105227198778828,1.290155276459462
gene_2710,1.2730820537923992,1.5300312287641478,1.3268051246598616,2.4759614412695856,1.4047565195256755,1.574694407903736,2.2491559921585256,1.7424582723664335
gene_2711,2.2782669064058294,2.033149241143516,11263.905931411256,1.7601709831429604,2.2054578095473376,1.4587444585753344,1.111123859581192,2.015652966275373
gene_2712,10868.712940437932,1.7730953385326045,1.9457822902290445,12813.290373869433,2.3534029402786163,2.501332560637861,2.3317908899425364,1.4126894782517816
gene_2713,1.3006795907065865,1.341769749821825,2.8110626142104755,2.8356265025032807,1.4044172890003412,1.7677345848913009,1.3920978964980115,1.2637338553449864
gene_2714,1.2574704275670356,1.5399893461773844,13025.377557750142,1.437332805875472,1.54107414733272,1.7892122151612926,1.562107443798684,3.34225461827033
gene_2715,1.9841152270591917,1.8005973905988928,1.3914049235625563,1.3010719575586398,1.5553737018861644,1.7050412011948097,2.6825983019291453,1.9913788701901576
gene_2716,1.456462074173226,2.1074748113534363,2.8426250223944787,1.4538587406297567,1.4735531250330411,1.376487394202458,2.162857163083938,1.3618046953827851
gene_2717,2.0530170720935756,2.285675000395071,1.4037645277052515,2.438975085231466,9217.408535495366,1.9863385618892613,2.464640616990638,2.0055296681720187
gene_2718,1.373844508077017,1.3130183311872048,2.0037494025955587,1.8113699835623769,1.5449002543724215,10944.643872840095,2.4525559965686967,2.3495111746203463
gene_2719,1.530750587911585,1.777484125922209,1.316554110378469,1.6245703713835669,2.750484141830709,1.5166830215831175,1.6626668358273768,1.8338994624722527
gene_2720,1.2995386111035052,1.7267658647004034,1.5375815994163926,2.688790168768929,2.2228656861251324,1.4637694271799622,1.2893123413306997,1.3727399951877606
gene_2721,1.2092255480883516,1.347578584569228,1.3590426658407875,1.2461760838650362,1.602346058810455,1.1881275925076247,1.135790753362594,1.4517230942357662
gene_2722,12040.022714117793,1.5217670800101681,1.4873524676504073,1.3644929508390256,1.5020475275846452,2.588881238905242,1.761373791136357,1.6704789586974003
gene_2723,1.76942747762749,1.7159153022153169,1.7949629043311361,2.0869592951345837,1.1655644060816002,12296.541240840577,1.6385825428213414,1.6023622823602828
gene_2724,1.7875108795468961,1.2374968114443468,1.310170206336994,1.3303652424116488,1.6829829115968689,1.2085314151977604,2.912163343437238,1.2267000075610295
gene_2725,1.3409307172704945,1.4678279779420782,1.700909645975691,1.3665012387176265,1.6338136570961277,1.2455385589618826,1.2103906974991867,1.9564885197158237
gene_2726,1.1962337022790563,1.7151390160234783,1.4693362501907314,1.609619305491498,2.309277703306766,1.1970721802525466,1.5241620771050313,1.3910314527301384
gene_2727,1.1709982301372686,1.553012659275217,1.2873540955276366,1.1447529277524198,1.7757713684089156,1.5359269638245945,1.3008334839777551,1.2921707207349595
gene_2728,1.3909911920562472,1.4297208072748167,11011.933006353058,1.5547320412769619,1.3632123183512492,1.2614592843417025,1.659846594784185,1.7817693794864415
gene_2729,1.852450173502526,1.6271550971777466,1.4684385021043926,1.4991634705719945,1.3819854880280098,2.0654904336445314,1.5814910879410913,1.6150216989168844
gene_2730,1.8411904477503853,1.3344491405662278,2.549465820084284,1.4107161049119794,1.709892354517929,1.558270178564465,3.070410503461734,2.059992449980583
gene_2731,1.640008683024827,1.5195364576395982,1.646920446615435,1.3265587733913553,2.950937112920008,1.3246210552423585,1.9155080574379222,2.011512993233641
gene_2732,1.2590729017157134,4.123218850488056,1.562947167342734,1.5291761136857935,1.5561538414406773,2.557494439562849,1.8503698553236394,1.7497060975382206
gene_2733,2.1497292860550603,2.6919155417829317,2.383145950736147,1.9173026157834392,1.7059140916450592,8475.358350239429,1.4820220900208674,1.9318492229580848
gene_2734,1.3457501245088386,1.2706652313317095,1.2802152526666408,1.3164529080084595,1.1980916580220085,1.3994280851745302,1.5188404936515578,1.4119561942339938
gene_2735,1.5806303561080184,1.3518951007181255,1.2478623147669679,2.097002683360182,1.4494032941458441,1.2246099647843027,1.3524724167499464,1.1451091881656046
gene_2736,1.8832291644101808,1.316729378437914,1.541156292879836,13426.361891599197,2.7935124425091047,3.058238440006726,1.445376730106875,1.372722134612157
gene_2737,1.8582115282587262,1.6765412038541951,1.116565721405597,1.5380080695883989,1.129094551893317,1.1684940411449667,1.8270850450828888,1.250444734335835
gene_2738,1.7137549813743262,1.3866720319117787,1.6193430296518134,1.5480740084060352,48841.505678837675,2.5313567810596203,1.4928355971832834,12034.968118787265
gene_2739,1.4907844487161737,1.555381768670528,1.2327191894744993,1.0925875300501415,1.153580124350167,1.1639271788582588,1.1845284250545203,1.229110331428019
gene_2740,1.9300853920287862,1.3960478351587098,2.406622165967047,2.546474002732029,2.5163573401288946,1.4723140646515362,2.1346945737753815,1.5977184716863053
gene_2741,1.4061816420814974,1.548871485733304,1.4620148208020511,1.3058893707164037,1.205059390176215,1.29456697639015,1.4728047464667757,1.2044125639490841
gene_2742,1.300323178542635,1.198957034551234,1.1828625494296388,1.330034921398045,1.3607784378983379,1.859164074654457,1.6105362034440196,1.816112395916794
gene_2743,1.7517752354133185,1.693966561339316,2.295710031679767,1.754028524426384,1.9113412229400508,13673.278749046103,2.8203652934965424,1.3357924211493448
gene_2744,1.5295780119409355,2.079953699410174,1.210688425594873,2.533329763294384,1.9947723409491793,1.5789023976246,1.2545304116544083,1.379743034126348
gene_2745,1.2794971927693737,2.6129500026940558,1.323447302615341,1.3728411042452076,1.178103401688463,1.197695032988257,1.3102890474813302,1.2892612776614572
gene_2746,2.8932368640891633,1.5787283880704754,2.0383337174347664,1.2385297828107114,1.4473014053634419,1.775978565847197,2.9185120826215933,1.3239172744501462
gene_2747,1.490223696354214,1.5044440080286263,1.4276434352047545,1.7061500014001678,1.4722689950175136,1.594707473656019,1.3573369091570735,1.3895662122066532
gene_2748,11292.027043345986,1.226918323651039,2.0863030341224778,1.5508382839364834,1.3727234015450964,1.3842035859059048,2.7375773095868414,1.6286029704567289
gene_2749,1.5209239870384832,1.7860631531240765,2.6858934293411902,1.3842508161337,1.741594373626016,1.3237170876656739,1.989555226079783,1.2182595117390733
gene_2750,1.3899749064281386,1.5796123836707872,1.095567822734579,1.2339724848666733,9423.701831745022,1.1458686914901943,2.0934590282931693,1.3063156815070418
gene_2751,1.4644938501586588,2.029803117011701,1.3751453565791012,1.8907565745696802,1.4922310955324387,1.3216435623564302,1.8760684625479445,1.455092220737401
gene_2752,2.0925045194386085,2.2449043803430744,1.5235941262366377,2.8882929078574406,1.9827578856793129,2.2504227555179233,1.20703803831758,1.6931393177473268
gene_2753,1.3252074989430398,1.1919729415629838,1.2725992440153286,2.867915347517334,1.8052568766490913,1.7392768850204603,2.334357278979471,2.3584960115980627
gene_2754,1.140108700701395,1.1719246233210607,1.3486665099628976,1.320591471381646,1.7608299052320142,1.3048839538976182,1.714331399211234,1.4239869397827778
gene_2755,1.275784682824,1.499911090507771,1.2980499102808098,1.135658215040986,1.2086044993608016,1.422186035317152,1.342203767986408,1.5097098032517429
gene_2756,1.9166281779470413,1.5363758500145426,13059.79016753861,1.3224990213476147,10319.44619463398,11557.615213418687,2.3985675554672463,2.327534504652358
gene_2757,1.5711931044038887,1.8810124378159836,3.034841833696128,13955.753958022491,1.235856526465965,2.351933562905704,2.1733338893321736,1.862638448905517
gene_2758,1.153631112340843,1.7331339615509196,1.2448833406956914,2.644027522113815,1.3870130021347977,1.269936927726621,1.4550580574582805,1.7033200875283205
gene_2759,1.1285418370100873,1.4798311217995828,1.307401007402891,1.5146170453358827,1.275685434834226,1.2127824130943332,1.2071468339184717,1.6310573267083246
gene_2760,1.443737361644189,1.9946446462032135,1.7188760903142972,1.615618365622557,9775.125490603088,1.3762836630233908,1.3923166604876327,1.966271907041096
gene_2761,1.639157056760908,2.8769054764426167,1.5173808354342437,1.6585911624052951,1.5610788281360768,2.6476585059775966,1.541078563519638,1.4594197481274387
gene_2762,1.4658318254406306,1.7614031262810261,1.3266832675904023,1.5183979250024369,2.876496427086359,1.2259405367085643,1.3359229088742026,1.4513104695244041
gene_2763,1.6480098450633758,1.532070811202795,1.656103231671392,1.3425834471897553,1.3116785674576246,3.3381201507128586,1.8953418990964803,1.7102513538845754
gene_2764,1.5669614755034966,1.1862091938972257,1.3683675603444578,1.3507717326457045,1.117615205302855,1.6531040572171045,1.2451503657716594,1.3733384509466324
gene_2765,3.084813733066042,1.80423908272679,1.5044852394226156,2.2235522419693337,1.7108231450717482,1.4591771899261674,1.6741247356019888,2.168107470935959
gene_2766,11197.171689553861,1.6402885132964093,1.6130074072288714,1.7804386317534102,1.31457370074289,1.9562524535191075,1.473175243167704,1.7334848727362828
gene_2767,2.283014571568295,1.6430129351811038,11260.275645302336,1.6630497468954264,1.6941011101916177,1.8543030016738427,1.4352672018044852,1.2777900250208332
gene_2768,1.4043912835279833,1.620285275196596,1.9552923835140081,1.322693352456459,2.6192290113725614,2.05158622789492,1.337074096998374,2.350072253340412
gene_2769,1.4071397427005536,1.4472795566756005,1.777465987610571,2.2265007470654887,1.4143735558969552,1.3477506182363284,1.3288848915123677,1.6668874389150596
gene_2770,1.378821751476731,1.5225405300969175,1.7424381329696537,2.624094344637915,9074.84127595005,1.5189332945690077,1.683971848393635,1.5096785925419878
gene_2771,1.5704698498891099,1.29316816603919,2.2848265711296216,1.1881348342307119,1.2308469959618367,1.1757036813468462,1.5649299556043543,1.3392185175752351
gene_2772,1.8249282021172495,2.6626126902358473,1.3042270671923213,1.5366025655072457,1.9499514552452608,1.5098938991519293,1.388356142868346,2.0579204063987304
gene_2773,1.3209255389790742,1.4457575965238103,2.5286087456436612,1.8390238464707913,1.3009009665878002,1.5841397569801798,2.9809365464961255,1.9443049265248165
gene_2774,1.7383048021099097,2.677674327138534,1.5437274222358612,10930.787186979025,1.456139550820943,11748.573611674981,1.8616165911759779,1.425785711484995
gene_2775,1.7597427839651745,2.3314332368938495,1.3969399502217832,1.2454290136981079,2.4624225879141757,2.396955543019481,2.514856489484738,1.432185145088328
gene_2776,1.4989150647144605,6627.673804405112,2.6308955191182335,2.34627522088971,1.5256227543829797,2.0301903622567132,2.6002300526526225,1.4014880551842501
gene_2777,39853.2350033374,1.5190117468369242,1.6023315806561815,1.6019149951620528,9601.83394734324,3.2305795949625367,2.543746065139316,38773.350075028364
gene_2778,1.6623167204674087,2.6204243483272007,1.6120005901603018,1.2276400365457714,1.7416037471361183,3.1180404801584793,1.527697341997793,1.2530420875068053
gene_2779,1.438822126268484,1.3040156442650817,1.4865982033618972,1.327446969082137,1.4975381539142298,1.2101224253244667,1.2166917711414873,1.5438643291346374
gene_2780,1.4425301622362277,1.470430603554777,1.2765790479975343,1.3692183643388065,1.7354337275977931,1.5638165047897012,1.685226784173825,1.2579978282244892
gene_2781,1.4662068224559934,1.2406526275472942,1.2060373895143515,1.5227845558824922,1.365311201489385,1.2510179008352522,1.4315596700508229,1.316506632155827
gene_2782,1.4403734228711735,1.6780958381788706,2.033523363774619,1.6775653826034669,1.2785810848307289,2.549808344091145,2.49604028673447,1.6823107194165816
gene_2783,2.721399921611843,1.3446002353554445,1.3139817438398804,1.2645427459570253,2.63598576220153,2.9280997766342685,1.503150046440774,1.4794486786371308
gene_2784,1.2669861366333919,1.891899185082105,1.216565550784238,1.2672644300478249,1.9505247379221193,1.7907063951891071,1.5499856156024543,1.5334122156777488
gene_2785,1.5269223886046057,1.370858527626292,1.475299195619583,1.6273271304156598,1.3912863293998345,1.96803090781981,2.981015855636808,1.7168588477235296
gene_2786,1.2600569925039729,1.1622590549282825,2.258022363573081,1.2595452504609514,1.758123524168287,1.82924301998885,1.3779565230276696,1.54728940740016
gene_2787,2.927308212394199,2.7396637421413286,1.8084636831753584,13649.057950886006,1.7813852728105322,1.3073808486050826,10903.37898462562,1.5701064824990842
gene_2788,1.4968021649354528,1.3234573559589533,1.2320266436340734,2.877197728215861,1.4434310263924204,2.6949219776223217,1.5057896866846785,1.4941724923593918
gene_2789,1.3199119946075935,1.3905418476290747,1.3822528411221517,1.3098450219213147,1.5978552757658848,1.453868271467303,1.465971695677893,1.1282636505411352
gene_2790,1.1267794607661903,2.6190331763901464,1.3635315903434932,1.4790117830581357,2.067627988478074,1.7526317165120477,1.1676379206086895,2.566567505584242
gene_2791,2.8378975845832284,2.1366944384513578,1.8021804704594897,2.2469852739830247,1.275833562882166,1.1879868183186133,1.5694918170484038,1.5432521572486453
gene_2792,1.2667699046371617,1.6855053937340454,1.7984827196462987,1.5109012453444264,1.4770513038455892,1.5024655972590693,1.3814246453508157,1.2385038935773622
gene_2793,1.1661386690319535,1.7677122175900801,1.8175493788152464,1.6330299292592276,1.1810506555207732,13721.099142188385,1.4472983003430462,1.6609032609041645
gene_2794,1.8587694978427376,1.7940493859926858,16714.04520740063,36322.706640512864,1.7255383980611896,2.525825034612162,2.19508908340728,1.853253439185762
gene_2795,1.8420340480569792,2.166662257424874,1.3826685310678237,2.0496937397599484,10126.066867385629,9962.124603520017,2.2144248854901023,1.5171064456172632
gene_2796,1.405208362325671,1.106854139960415,1.4166188105999284,1.15583367623177,1.7613642958550324,1.3033304402800887,1.3008254964104529,1.2372406729328524
gene_2797,1.4614536418686443,1.3874236237458755,1.2303135170381752,1.3906774548837695,1.3626575344617036,1.4926508717096312,1.447629127250379,1.7295532272983545
gene_2798,1.4495979945989643,1.4800365811144125,2.41342039032106,1.7888527335976427,2.9759976940479813,2.494135212155239,2.0069435333418495,2.8278667492484817
gene_2799,1.7394855616367808,1.3601281569060937,1.743808243833386,1.207526702049211,1.3227584125008942,1.9617563270995617,1.2966308751230826,1.406735163862806
gene_2800,1.9033651408861503,1.4036734739291796,1.7555794962518934,1.405031815650063,1.2318865501722014,1.4293771146315013,1.235099169909036,1.3629226109082722
gene_2801,1.737389858514541,1.5457401014971386,2.5772892164279138,1.5511272213385405,1.2632366715658716,1.3881817190709795,1.343825466407283,1.747055794404869
gene_2802,2.623090966708267,1.9635698476484442,1.4208622597297365,1.3059722783924514,1.4915433059723884,2.209082872906092,2.6285312482886267,1.4396089884609318
gene_2803,1.6434598085226233,1.7538807816701696,1.272869622854893,1.7409258787954838,1.2868964388473165,1.5524757967218477,1.5651069930658645,1.39974313135074
gene_2804,1.33283094127135,1.639063240330146,1.4431845557379994,2.4168094388241768,1.2383011196298144,1.3158976290710844,1.239782970679663,1.470974820960615
gene_2805,1.288860910372447,1.9180908774798058,2.147829657275004,2.462783994985656,1.6983058028259035,1.9957396033344497,1.597708529558817,2.581064467048395
gene_2806,1.8359314020968622,1.3480426547002533,2.0659489010668692,2.92054393391997,1.4153231693173014,1.452021515646376,1.72360257929643,2.1119360094187627
gene_2807,1.333709231870932,1.388810273279785,1.0906993777850171,1.1160398906588225,1.4873523690942927,1.6593167872085641,1.2603136206502545,1.2415290362412172
gene_2808,1.2768756238742556,1.3588634272784952,1.5076278364925888,1.079277564376483,1.7187937915666034,1.5453244795261285,1.1901816273898007,1.447987665298021
gene_2809,1.235113971862323,2.3815733316929077,2.6300404723797888,1.6684869711030654,2.2021253664144838,1.6918622760206024,1.7520584754451587,1.2726044126093468
gene_2810,1.4955005294242727,1.5922783236112983,1.1829945688115548,1.9699620868806302,1.5542201868675587,10790.110292526128,1.3328057800344832,2.8966310567139235
gene_2811,1.5454477815073786,1.312821478584748,12945.440831969001,1.3535825425375279,1.924595038587514,2.5077253270696778,1.414142110603171,1.6456943679855618
gene_2812,1.7316615696297808,1.2821662171646446,1.7424445512039515,9924.958120770869,1.5158246362950218,1.6499991690381797,1.447269227842691,2.7561425923053897
gene_2813,1.7645663861888519,1.1585916799418228,2.7561709171714734,1.7186090382302228,1.645925381715341,1.3303713645214426,1.2232227352228633,1.569970906866524
gene_2814,2.4981621978790085,12292.62587508539,1.2677464401724274,1.7689885713052442,2.4411232088517942,2.7396855879010404,1.679407864051037,2.276434175274856
gene_2815,1.6257897441511175,1.5371181717459352,1.2637072176096755,1.3194006386827604,2.959419455027245,1.364988768586075,1.1218304588621844,1.4151401092664007
gene_2816,2.1334561899648294,2.256674167892334,11236.396902092885,2.1717970837846763,2.3430787395269013,1.4850741288804923,9704.839240859239,1.5191875823416963
gene_2817,8735.13683011089,2.175222487617597,1.5829557354990165,2.243793437986702,2.050306318630335,2.0179722326694773,2.213577930378361,12044.38143076401
gene_2818,1.489231519672681,1.5876980661468378,1.5539727179160274,1.7392095939539371,1.4580213918256348,1.4506269363220576,1.5509646044039367,2.331655706943452
gene_2819,1.3361183294272547,1.8090735870664374,1.6693299974290872,1.3393437523558063,1.550088656518557,1.6724729447563278,1.6763488210830495,1.3202547407415284
gene_2820,2.240008204756351,12955.660300073878,2.2671011197005004,2.006384712128743,1.8555856528087857,1.4832550215528237,1.9805481146961008,1.7417114180101794
gene_2821,1.2074423077438412,1.2440419817632737,2.2542599544206614,1.3885673706412096,1.1462145190114914,1.7716451383266478,1.318341530866443,1.4065081293549422
gene_2822,1.5346945958181404,1.422539464219783,1.1396790804330141,2.326694854940163,1.724848853655052,1.5723488581476506,1.2320004702947476,1.6060597119224378
gene_2823,2.1020434446998046,2.3857368149124727,40916.18725353308,1.9077965716654455,1.4496815614023604,1.6165056642704385,1.4450638073544548,11906.47778532509
gene_2824,1.3218209875747822,1.2284596777080246,2.0320841870288957,1.5674883361212435,1.2150771469145123,1.3131188353673555,1.2279150853384138,1.371555052925953
gene_2825,1.5911123377255432,1.8072852874997771,1.5041808003121215,1.9407905814900752,1.7877906419887761,2.2973085510287112,1.7898165326403472,1.8057994895069196
gene_2826,1.395961857155865,1.706482473232045,1.8333011642447086,2.0999845103399997,1.3796286379287468,1.3801873820952477,2.839299979904701,1.4129801652189773
gene_2827,2.1625231124290405,2.1759313992000444,1.4985811877446917,1.2501084949483656,1.29955274374796,1.549516859524518,1.8337569163454737,1.5794826319379647
gene_2828,1.4830679671845268,1.228168152528382,1.3915051027433616,1.1278789112503058,1.8562484919947546,1.4381772361998661,1.4623590016895274,1.7093160551281228
gene_2829,1.4836680245743898,1.3958637766467676,1.570038104719633,1.8783678062962064,1.4803319817881493,1.6098907287424027,1.8787884493009885,3.4779412178775737
gene_2830,1.3037144599975201,1.5771280196859971,1.3684177531540762,1.4951151813493815,1.2409500444651471,1.1632052930071564,2.1743137010484035,1.362166064405763
gene_2831,1.940166743754987,7015.12346235021,2.7936102813357415,2.1572252319628444,1.6426051326285092,1.8282075612371966,1.4422828315305152,1.6854654063350143
gene_2832,1.2312424896500642,1.7263498429836985,1.7776210488364725,1.7366324485241706,1.5823359119011289,2.409959467934003,1.407644834966486,3.0039349148101433
gene_2833,1.3894128862886692,1.4030317981960894,1.369383729334235,1.3094011751222892,8407.245125377394,1.7837896176905268,1.6133706881763525,1.7388454781771998
gene_2834,1.2899575683217626,1.5149734321909316,1.5176119616793593,1.3282852649359629,1.5285344265946033,1.69603480549828,1.3559871537991532,1.3819304231267082
gene_2835,1.3635572839935177,1.1679872008375773,1.378467063043643,1.4693605356356267,1.4313325585847885,1.1931392505826544,1.165032800356175,1.6264635943221166
gene_2836,1.417737537685914,1.3740196110266443,1.122973927254148,1.411952067927046,1.5058181229521213,1.3533991772212035,1.5551731489569824,1.2166090026772984
gene_2837,1.26094861529642,1.8670043245885535,1.6944234678390921,1.5969233741176265,2.7280571184281515,2.694319575828977,1.2680269892266098,2.59276994577331
gene_2838,1.2312987597667122,1.2809883256891346,1.2156397261028689,1.1901699918486877,1.3901385968808706,1.1035257481089844,1.4459177982182336,1.631314646324792
gene_2839,1.217770338250547,1.991858418439652,2.122134607124692,2.08591939391092,1.9069277901112784,2.0089780952404888,2.2765945682213573,2.480459885935143
gene_2840,2.249239811013751,1.57733532294931,1.6565851942787375,1.173813646900942,1.3027688165254632,1.4295238075859285,1.7070425831961349,1.8932650593302582
gene_2841,1.5738825515141173,1.623657790235566,1.1531034710724053,1.720420471800405,1.361474324990858,1.7972803484590472,2.2586009436349945,1.4439079891421323
gene_2842,2.03102678031219,2.28051851899441,2.2346512322990226,7963.676438794991,2.27001204270609,2.1485774088759655,15566.451992056524,1.2781735462353117
gene_2843,1.8702953432050626,9542.672682692977,6063.80962670872,1.3654646050533243,1.6904691454075025,2.046552558240443,2.4094268793649505,2.090242766712549
gene_2844,1.197097266734412,1.9056361503652557,1.393284483157678,1.5263010224188782,1.847845696404259,2.1026743657858664,1.2630488037524321,1.3842058606781826
gene_2845,1.5063124487630812,1.4255934206790337,1.7927647488378287,1.3266652069298155,1.467381724332307,1.3935976488193609,2.004187826048903,1.7110115485734263
gene_2846,1.3463166459347933,1.6879567273764606,1.7879235528964748,1.3958481342425635,1.2363815970291547,1.5506073453638238,1.856903355211178,2.88139514410999
gene_2847,2.4495892767751855,1.626182895279384,1.6047354612425315,1.5728622454209706,1.3250079445258862,1.8984800475722055,1.5321324442652344,1.7002802463962916
gene_2848,2.0994625567041356,1.3990179678648123,2.5040544938660614,1.3193659884090516,1.6251271376356724,2.8411239984072627,1.9359350458219087,1.9565205433235524
gene_2849,1.3031434389399785,1.5653369361425278,1.2299526216436674,1.2619352370815884,1.9096609825140987,1.9714117206965598,1.4620340386242467,1.21603106715141
gene_2850,1.3360030788798112,1.5177927299617355,1.3460921038282496,1.445398976378618,1.364014432490548,1.5614960916538398,1.4593775414649406,1.1218409492268215
gene_2851,1.5762123925224336,1.6529239238372326,2.2755510290040344,1.525195554178247,1.4823293162864193,1.9488539115464318,1.5703681591311898,1.53432547950346
gene_2852,1.75448667272356,2.7567195341561495,2.1884339706915696,1.3558088852817867,1.3330882634006649,1.3035141530455503,1.3104600251229956,1.3704741466843249
gene_2853,1.499728998012425,1.4358298704012904,1.39642334983765,1.130800612794428,1.4652070691385795,2.34447894683087,1.5041234267679948,1.2688747891616066
gene_2854,2.719104946243805,2.293605455895273,2.778112967764025,1.909717700309002,1.696963702527991,1.7852720399001387,1.6535072253814778,2.1670069591673404
gene_2855,2.2455921017246787,13424.19899029094,1.8812678043132067,11951.064990907827,1.9760494290483186,1.6473978473690907,32696.932964857646,1.5992828540417188
gene_2856,1.8893109556117291,2.2228168183785915,1.9766359697758038,2.1931459629933934,2.7730395188895396,2.504530345572176,1.8941068589029413,2.3194881324164216
gene_2857,1.4870169317488828,1.4210130029125994,1.9604037796778053,1.1842479091821259,1.6000041089332842,1.54567150374069,1.5743103297228886,3.6580675875578352
gene_2858,1.599997026924387,1.8248255216805687,2.923549737442191,1.7628302178382167,1.443422744703954,1.785701095457595,3.013040781282756,2.2192770777890973
gene_2859,1.4217296645992328,1.42982985453326,1.3814328776745923,1.4817274417020299,1.4255447757151285,1.3013812034473342,1.4903083333136715,1.2981302535940662
gene_2860,6868.101378527296,2.0794507475618875,15653.912789603603,10199.498905390137,1.54931359050178,2.484983993636195,2.4333700128880307,1.4401256591926233
gene_2861,1.836849103728947,1.451405292929588,2.1256938642759464,2.247346872484064,1.3238465300976445,6126.761681424023,2.1882634711146847,1.6043862609708375
gene_2862,1.4085341010657169,1.749141179242452,1.769289935338571,1.4278077163801648,1.4788831812797278,1.2215684674233198,3.740634430123887,1.346505583888756
gene_2863,1.485115295504778,1.463949899344562,1.9678823800757603,1.4610129772998557,1.1356344787893236,1.3144599579030354,1.2720968174149825,1.2487267394056119
gene_2864,2.1394465420308606,1.5085579185586935,1.3193380155250851,11859.819622560506,1.5919510407248492,3.4078715175144976,2.134006021533007,1.53805310371962
gene_2865,1.8321746074033942,1.4869539211789236,10700.799941631049,1.317817857513476,1.8892662014951098,1.4955023526708444,1.6132896425951122,2.999886124814008
gene_2866,1.8811887281303687,1.4557185882111796,2.1519440208611775,1.1900765737929535,2.2901376057374865,1.6052998582647402,1.1760814798884143,1.3240771208310966
gene_2867,2.1116425727994037,1.586429113882278,1.3314545554489527,1.7012893604420563,1.5096839419024544,1.4848118764811342,1.7453667888322246,1.7539948890203936
gene_2868,1.1631083578427774,1.4687273864499681,1.2240081222505197,1.2869859198603766,1.618586639537727,1.1450171967338796,1.3388333730966424,1.1921003966541976
gene_2869,1.6010818502807669,1.5926345846351695,1.929747042004124,1.3018447991536983,1.7114322152403474,1.7735712842256628,1.264938527939471,1.3054022355065809
gene_2870,2.2952827583412807,2.296858838578637,1.5158373921650912,1.8620370984766905,1.5300206696333942,2.2388706657011914,1.6787916869999933,1.522427783940497
gene_2871,3.108840883780668,1.9990364975207358,1.9736786652631197,13538.750571712473,1.186481274594248,12132.659595522251,2.6733002253263765,1.2671247197562088
gene_2872,1.2096557652133573,1.1754672215616488,1.4761347874624682,1.5049514757906617,1.3154723130697958,1.450887067083352,1.2727055695128697,1.1163611280452572
gene_2873,1.541795551480618,13414.219052530047,1.5314474918072811,12919.007095994626,10787.599985434366,1.408154910641587,1.3068159045702672,1.3133881678507504
gene_2874,1.2032822138837067,1.4620888176029534,1.2825682695200078,1.5122326909978374,1.7847936441456436,1.8148866251929392,1.1366691881795752,1.09873614261138
gene_2875,2.3228265924197204,1.329337804019471,1.6634563046130482,3.0297511470246543,1.4693558446781854,1.4178404096447674,1.372993608371749,1.632601580623799
gene_2876,1.8853105395416467,2.9795698882851593,2.157000519990554,12212.091746904567,9505.223361188182,1.6110003114676354,2.3748547113797414,2.0335398967591387
gene_2877,1.5686178956351697,1.8566094210052684,1.526904093074212,1.6456381998330871,1.6457523860985066,2.2579406142993204,2.1485448016161315,3.309301662597626
gene_2878,1.6499420353597203,1.5186827348178564,1.4103154037802854,2.643610037144335,11423.587318922873,2.1591039992781926,13263.025988011754,11875.538719762073
gene_2879,1.2608316593690743,1.338010927336764,2.3129689245543306,1.5780219401759898,1.557242029385106,1.1826455289431828,1.217145975297612,1.6759336490053427
gene_2880,3.02382816691821,1.8395290535870676,11878.040555803285,2.3536433745540237,2.016623359015412,1.9198394229223839,1.7278912005339462,1.6494484278553907
gene_2881,1.4451275390068308,1.4119945720642049,1.6920796453305553,52226.75524413705,1.2170770500012098,9822.952160575356,1.949850001757704,1.4203457793189853
gene_2882,2.2231257545796463,2.4397697039647572,14808.469309240316,2.13975712188506,2.7932725025054177,1.6461308788748759,1.4605574604257476,2.115611351926913
gene_2883,1.4987157977302954,1.5028356043969915,1.2394912738407238,1.7271686471261867,1.2783577349470603,1.3044862235413617,1.4835435695374053,1.1935757506344973
gene_2884,1.2747530228969841,1.6677775133444588,1.3004288407927842,1.5208229444874943,1.3948183291889924,1.3179261916559148,1.963830481919753,1.415337415274407
gene_2885,2.4370718091307673,1.4955495864834802,1.6315796388928399,1.6471296425181474,1.2297388405193799,1.6590141712668645,1.4152904795642014,2.5070778270460394
gene_2886,1.1501161601710108,1.2756858277853935,1.5241981206918291,1.2909858309196307,1.4064432261053081,3.603505217788181,1.1376573172409896,1.3555239850599925
gene_2887,1.6709396977733277,1.4326636613484067,2.8365395859454154,1.3823760732014367,1.15109885863356,1.6256350074000807,1.4134489794254712,1.4506863880807588
gene_2888,1.5202394209837191,1.3155606769436667,2.2283209480175525,1.5247132156672885,2.21623023995239,1.3969699317659587,2.9276565583930196,1.9861400719496993
gene_2889,1.5753660649009225,1.6293941113023143,1.6715369828004134,1.4719000866774787,1.2787345953065536,1.2228949195477752,1.257201792152841,2.02880577776748
gene_2890,2.1295736758657524,1.3970402506216342,1.3931967792881719,1.3428080119577066,1.5879634403725633,1.23243884334177,1.8298096948124742,1.3318998224106167
gene_2891,3.3180972128638784,2.612209892077798,11132.69486547546,1.5989690613902015,2.45209968964348,1.7063043121483157,1.7014295333303349,10885.645738378422
gene_2892,1.7084443839734376,1.849535335706064,1.2644133607714307,1.4695963564615317,1.7823237310934648,1.197713341900933,1.2058958347875308,1.4760733816083933
gene_2893,1.278735772970863,1.1522950783035413,1.3295125186401173,1.114158206709985,1.3466149717408935,1.8303836128323436,1.1850822770397786,1.3179721915083598
gene_2894,1.9014637558942658,1.2921315654462635,1.6991256130113832,1.2215065551950157,1.9504285438149631,1.4358752248812494,1.4023731266703392,1.6374171955625851
gene_2895,1.4933977019708007,1.9029544364706545,1.606821271172644,2.32535938985216,1.4505172157609763,10590.341827469945,1.8786744484598146,1.2744199713062032
gene_2896,1.5077539275940546,1.8730268891432929,1.287211747256013,2.1917666513231344,2.216642455223691,12879.776316175105,2.3696298966194234,1.8166612406353162
gene_2897,1.6027021321388661,1.4500429865219326,1.258560433473969,1.331572087408806,1.147126662753748,1.305321938705958,1.5504644363245959,1.6489484666542336
gene_2898,1.6140284322769172,2.2333276150401757,1.2288698814770473,2.0659057572478443,2.1656067953716196,1.421526036505462,1.1864771437335366,1.9615238885222275
gene_2899,1.5949607948116915,1.3238542925921883,1.3295539154099967,1.951947628510198,3.2919057522146242,1.5550830535695552,1.4951660253413575,1.936091239909198
gene_2900,1.4746095029395718,1.2206606262234605,1.2917378636234265,1.575370271708456,1.2494494037126758,1.5449808253211585,1.426541195483785,1.521067277505236
gene_2901,2.3896827437319694,1.2877122833842785,1.2680235839332217,1.5124695439032634,1.7567098297137602,1.6072443991967817,2.235468792779676,1.391758913022034
gene_2902,7940.184367358634,2.605515096790881,1.3063512493311562,2.3610244517563763,1.76763357437357,1.983202809441707,1.4675989558965825,11551.956794738542
gene_2903,1.4048190995420193,1.826630152320193,1.9866567192993592,1.2990338689952177,3.111151838379901,1.3591466208264522,1.4077184217080656,1.3538328022395254
gene_2904,1.5522231009914302,1.5345904761773232,1.8263701433040629,1.242787148236507,1.4998786506901345,1.4697042090197179,1.5648919994556498,1.4239738246636997
gene_2905,1.3216864241010526,1.389470873434304,1.7160676934561712,1.1751712431924326,1.9225573245308658,8556.527529654604,12395.917091642117,1.9099906792009143
gene_2906,2.0539518929837657,1.4012970309172135,1.9923172156582314,1.4163914600162846,1.8472043125733244,1.8969640600996567,1.8236718374493701,1.2696963771647691
gene_2907,1.7984298198436979,1.0669408303890484,1.5778671851868138,1.4440138877293769,1.4009426012368413,1.5548662090882108,1.2883501991593616,1.5503573711101641
gene_2908,1.9292081995278956,1.3552872562710576,2.5307161587419977,1.602554018558945,1.9722570206221308,2.1455040704655173,1.208355359101948,2.296269544253944
gene_2909,1.2912679374866012,1.239677990043558,1.42703964263014,1.1547949022979307,1.0907608018938377,1.3578173212610147,1.454323549371292,1.467723546742437
gene_2910,1.736444219220567,3.2778083686435506,1.5865067338851728,1.3081783342664868,1.866249587865654,2.035048348686685,1.5410757487076385,7319.194996618077
gene_2911,10562.339744600642,1.1581246859748553,14053.263008348908,2.3229503149962905,12960.894576436578,9886.844268243736,1.6690408902327558,8718.279367589292
gene_2912,1.5183912693075758,1.1500427698771765,1.811472774683163,1.409632520045865,1.3796738110242173,1.2942564844248887,1.3077331458756112,1.8942926643422335
gene_2913,1.617234761005973,1.63931141395071,1.295342191968502,1.3892735298677665,2.2615306265209294,44046.059408064735,2.079721503532677,37427.25690629628
gene_2914,1.4405908240546597,1.3335039537340112,1.3707729196487575,1.1098264641897868,1.7655601379988615,1.9256319853270663,1.3988097329980906,1.4580945796624287
gene_2915,1.425900540043363,1.2503461579226753,1.433392635429786,2.4646803654841345,1.9735975684492535,2.322923211613696,1.828990829706295,1.7194791034478605
gene_2916,1.5045959603757797,1.2993900758677235,1.7814766112927012,1.5573041483984218,3.2607089379069754,1.8858915240464578,1.7100145265742306,1.814920704335937
gene_2917,1.191454129498426,1.2145467200517919,1.3858069281890077,1.22509155731914,1.2475846123339647,1.1153243046277541,1.9071272507062182,1.220060066214396
gene_2918,1.8203827443185754,1.610449188737228,1.4634571639854097,1.5659595051244362,7639.036610915007,1.3000686477865921,1.4153982751805254,14836.990734663232
gene_2919,1.8104375743430166,1.5814536623306363,1.6006906705204564,1.4831783401749548,1.364653975929528,1.389561353078482,1.2421484936502554,1.418046796810176
gene_2920,1.2672379228768766,1.2255682681317503,1.3099820110749927,1.1582990920416019,1.220009298729692,1.154554755956176,1.2261165056830579,1.2351906826050458
gene_2921,1.8855089423479563,1.1043389652138913,1.1458112968794447,1.2993438363683496,1.5519475116711132,2.113896740369184,1.2950955300127478,1.1652273084337057
gene_2922,1.5885701523840436,1.6569679611163945,1.720521902259041,1.197933950818271,1.493829814132998,1.4922150355445984,1.98591324012082,1.2018611219143727
gene_2923,1.8404519776926924,2.0153386086446257,1.1943378164178071,1.6643350567114328,1.1733460038379415,1.8781121567498902,1.5267063403151795,1.546610583823454
gene_2924,1.55997269040206,1.6323822699353103,2.3038865544091247,1.1976018141140223,1.4009943000845042,2.6234274090800995,1.829672502408928,1.4858463927788887
gene_2925,1.6735724854064056,1.567632536422102,1.22360398012881,2.1400644029554665,1.4108913080648426,1.4869758837742937,1.373662711381581,1.312902325703065
gene_2926,10892.872727761149,2.5533471276630766,2.425812896400294,13742.33838315808,2.487148612481238,2.3741384973352715,2.0757487105711343,1.522148978886543
gene_2927,1.2117155264779085,1.3363572245717699,1.5083447895653093,2.9369243602925086,3.3306314390790352,1.6100420093850556,1.3833014443044591,1.5243284611829875
gene_2928,1.5910908581417404,12452.856169811814,1.4493890206901325,1.980522520725369,2.3132476542336398,1.1517135408723926,1.9897863924126498,1.425948311387319
gene_2929,1.2432648164758928,1.4557979965564165,1.5571846038835242,1.9316751106659422,1.4894589226183037,1.5549490424745807,2.009646237996852,1.4317128560291406
gene_2930,1.243202799744195,1.313901918911403,1.3848143698302247,1.2429090098435618,1.4394440038513918,2.4125317605843013,1.3222451828233015,1.5755195284794554
gene_2931,1.792550397592274,1.5138277803829248,8596.89573633604,1.7203836548446332,2.5387988055440185,1.8232933779770195,1.5900111337274085,2.3974441516159586
gene_2932,1.9502459358260749,2.2924296063671483,1.3919899228964154,1.9720825926653118,1.4779232456269764,1.145945851530219,3.172484859472409,2.1662343721489945
gene_2933,1.4080486115183686,1.4479002262265777,1.332584906650686,1.4859060866452132,1.3094772812136843,1.517237222411858,1.1586550782156977,1.094137150524581
gene_2934,2.700815260991151,1.7571272346002442,2.6506008277071276,1.5133029689218156,1.9001288039468198,10103.1388476873,2.064363324434433,1.595532352270648
gene_2935,1.3569934826197256,1.231539443817118,2.1118290147075305,1.3911926128594523,2.8907988661317026,1.5968908041334444,1.2860627568001377,1.9113238077432448
gene_2936,1.4335073878874882,1.5983562285563355,1.2968804711856745,1.2906962074259636,1.306397135623283,1.506381739521697,1.5689784666318658,1.8411988046067114
gene_2937,1.588006809988523,1.5473063977395802,1.377844253062743,1.5834398717156726,1.4973025806915623,1.5352263646609794,1.7096614518886781,1.4618184600106812
gene_2938,1.707033719266452,1.4979433423009618,1.2790341806996015,1.4133842579328062,1.4588994355876264,1.1831829122056545,1.299402062823345,1.358506952929493
gene_2939,1.557662415968929,1.3243787292449773,1.2868042626143201,1.6029508314841103,1.2382210072318756,1.3910009166696788,1.2974952072172328,1.5376020151814218
gene_2940,1.515295239143785,1.3457175445213767,1.1744044942718688,1.455390936818007,1.1509696886783813,1.2495386193905502,1.6791006617002204,1.3327530736818045
gene_2941,1.514757183261337,1.50212283108165,2.5480023505120886,3.171027201275564,1.879706061767228,2.01288922726138,1.4822542216997951,2.73242659686934
gene_2942,1.912108769894909,1.489142365433322,1.9319554590186232,1.3515773429278735,1.2001216440335667,1.4512309620838648,1.2820292478514574,1.4405551588935632
gene_2943,1.4946629654079358,2.4717889541001825,1.8304348393639374,2.76895159024548,2.737802960431465,1.3822692288562768,1.2427713796733995,1.510295235176337
gene_2944,1.189140143945304,9357.519314828089,2.1877938581321548,2.1464998833164324,1.544139494386422,2.493718827716868,1.6912685859748915,1.5599699587293405
gene_2945,1.193124900424103,2.1698421932808363,1.6418130304279355,1.3539121185648337,1.2847585861335349,1.493231901234205,1.4375805534832429,1.554992148568343
gene_2946,1.5240955197792403,1.3221602444763028,1.6170824314871648,1.383370247284905,1.3117751955970016,3.340555973307832,1.684760129756323,1.5136080144168622
gene_2947,1.412567963860334,1.433194530179997,1.2178186980033134,1.3582547784804786,1.390160881584107,1.2850117349047903,1.4125687843390724,1.8521368087085301
gene_2948,1.9961890150087143,1.373519552284747,1.3927416690036676,1.6559128775771526,1.279031595894205,1.9317786822532084,1.5501285816213792,1.722112772015671
gene_2949,1.4164562586512712,1.2971630107141507,1.2237228232195758,1.3772627694853457,1.3630935621523605,1.1190550886489985,1.5618624531800218,1.1370880448700793
gene_2950,1.3377116959839193,1.094850176541605,1.2573233041141991,1.426967096802676,1.2337445451208162,2.3740828698182574,2.032279040633307,1.4058696288557573
gene_2951,1.5912092770925361,3.7136899461730137,1.4787459269335148,1.462434639881982,1.3615784262383213,1.7993390975791004,1.5236821588911318,1.239142121302471
gene_2952,1.8015326619342205,1.428415080011714,1.2185626857265077,11533.22664877455,1.6794863689054558,10456.120451335986,2.3376123516094465,2.623055830109843
gene_2953,1.6130673500927122,1.2720187106509815,1.9419537832979599,2.3864506757070845,2.3835068495864817,1.7778477606005123,2.188068433612345,4.090901625759084
gene_2954,2.1005364644420585,1.916334535931276,10471.329273625684,1.4767638968161325,11673.086751461582,1.6706475886951495,1.8181047014393528,3.303646807559225
gene_2955,10750.137655170203,1.3064383660209082,9592.906656300238,11879.070762895437,1.8645135980685958,1.5653351499516717,1.7956729700324083,2.978928293795541
gene_2956,1.9184537139857207,1.3283431670178976,1.233447581300563,1.1074049390139886,1.4872914531590111,1.122920149208663,1.1262332213208786,1.224598336890559
gene_2957,1.170917002808935,1.617935178462441,2.1786147793879618,1.9576568578336375,1.3870008612479088,1.8919895059804754,1.4676149887713354,1.5109299041764863
gene_2958,2.313262516858069,2.210217777343558,1.9427512518036298,61696.96275853478,1.6958462341414167,2.1369538296203934,1.8179860689867726,1.4149035604593914
gene_2959,2.4206506813864235,1.8577236271003439,1.3950828098809935,1.3646356890768763,1.1595892811905073,1.4602185880054137,1.3992222582561429,1.5116828925669838
gene_2960,1.3481181899531716,1.8360098216597385,1.2612419099390129,1.4456046226837718,1.7167843494330692,2.366773671103151,1.502293279316581,1.3080363437313627
gene_2961,1.246010739959888,1.6305798410007832,1.1709378957221472,1.3060234870618066,1.347159864957355,1.3515190309745324,2.132961178819963,2.5920156417342572
gene_2962,1.0585075300495947,1.3575218809741842,1.2406793606899629,1.2490141672797945,1.2357465873796174,1.0915455982904498,1.292349139472074,1.2113110267179468
gene_2963,1.82884515073765,1.517212175544169,1.2023053353699977,1.2678499261433371,1.327806478660265,1.804852193959241,2.4891169017572357,1.3366061478671833
gene_2964,1.2994129556238438,1.5506684603970373,1.5189595381471934,1.1543306034710863,1.4714267143783406,1.211864863550701,1.3980711920461766,1.8817339760715484
gene_2965,2.0348670167632745,1.841024001680797,1.5183193607469976,1.294024693720741,2.6801369016123324,1.477684841343175,1.3132697547417165,1.9602800340374813
gene_2966,1.1241163646681716,1.2012177413947795,1.362645498631009,1.209843928897154,1.4607897715543705,1.2111079272132164,1.2674849922292455,1.6980065941825468
gene_2967,1.3813484475392772,14910.46829846373,1.5065101358520423,1.339054932292786,9230.01882034781,1.7832551154650456,10616.960684462387,12985.406142864715
gene_2968,1.5062172774907114,1.9366272120967467,1.4218149896982664,1.2636010979193912,1.575578483844763,1.6731766397009116,1.5756550703641403,1.5920218707774036
gene_2969,1.356137552498498,1.334582255428381,1.202219674711434,1.0939087989468474,1.227785947342761,1.1800734870612497,1.2590162119893844,1.5605063853110928
gene_2970,3.4465281780241472,1.9123759684145154,1.3636969107733743,1.3085837554733024,1.2279077494317763,1.6906037910044482,1.6189770470249734,3.631158358264752
gene_2971,1.642487365347918,2.7392146417560688,2.542581400573047,13857.754864011888,37696.92438287104,2.044551627933502,1.1472383022808528,12887.038639361992
gene_2972,1.8624328056611292,1.3714623989045382,1.5331815868129235,1.5401925171967212,2.290499038065457,10583.087974965667,16234.0896504165,11943.215418945996
gene_2973,1.9690199079475776,9914.696744757346,2.3784882175546134,1.4031965394281936,1.7140421765179743,1.285405313367259,1.4832664001563025,1.7623170263255894
gene_2974,2.3062196341753607,1.358456148367888,1.787226608381155,1.9366969813298267,1.292524193098492,1.507233708924257,14590.16376265788,2.0616594881397896
gene_2975,1.6373268151590077,11848.648349774277,2.08483504700355,1.3786776175197077,13957.509047968371,1.3250587087051164,1.6256101583065319,9434.643939404843
gene_2976,1.177206282737484,2.0916391292432164,1.17098515766502,1.2291898888438384,1.5453077394254917,1.2152571365219453,1.4678229609260849,1.638005584284584
gene_2977,1.3517045506086989,2.2324517089266074,1.8010951498105447,1.5259170216111706,1.164673535067782,1.3419239696265894,2.910949192262985,1.1866295450946274
gene_2978,1.4382481194226167,1.1945265083002388,2.1328607797940307,1.4859974541834216,2.3403930755440627,2.201898681583515,1.691877990596912,11078.538578083622
gene_2979,2.1385966829517113,2.0511514551069396,9427.126875588681,1.3700257165843661,1.7949727790192884,1.2679558733211678,1.4391166670071653,1.4839716897936661
gene_2980,1.7678612549712729,2.3996349809404696,12785.108651340484,2.3719352086921925,10473.679866691215,1.349094910679391,13280.939932458698,1.0854248140490295
gene_2981,2.0384156585825632,1.5994640040110464,1.5141530332355735,2.0022754166322314,1.7445994318454938,1.6799908405305237,3.815748374068097,1.484139988632112
gene_2982,1.2001676286168268,1.2658483399640326,1.747142183967446,1.863014097881085,2.135042750000838,1.4307966140929431,2.1434302433109633,1.1745296439715533
gene_2983,1.642779235189917,1.8166270521574384,1.2176117396455808,2.1208631808361247,2.0067604664140237,2.3593358744192985,1.6800791820109084,1.5640650234584088
gene_2984,1.3559023889200965,1.3418252618847695,1.4476859971451879,1.6515722555168777,1.2947604130728345,1.192168755944531,3.7833639957696126,1.1135979884025722
gene_2985,1.9825074078771632,1.4871919651485563,2.155743962647222,2.0000233378179266,1.8967591151933192,2.7411048880490836,1.6233890833662823,10904.41463483577
gene_2986,1.7435078560123987,1.7585622241938152,1.9761785744100733,1.83932530233698,2.176330773757455,1.6791703227311419,1.858027394991026,12402.513408609671
gene_2987,2.6885082196847683,2.2783932163745613,1.3096784650291582,1.4159504649451449,1.5046438728969163,1.5635326549893287,1.3008332773644062,1.307631480424227
gene_2988,11064.447885890055,2.5225166238806116,3.6191254983026737,1.5877464729309625,1.2846512602968951,7955.194104724434,1.412126643943336,2.230826866794858
gene_2989,2.3533375149836155,10982.086303372162,2.0221389124829714,2.0811458662494613,1.6095024529277013,1.5033922578483674,1.2440851462256635,1.4920320512203122
gene_2990,7124.956695217226,1.231719654611056,1.8980320562015676,1.3371385754154892,2.801070031436409,2.3436025838684182,1.7856979961138106,2.159301841257
gene_2991,1.4446101976028491,2.231316176696215,1.563387498549371,12185.570427501034,2.1664218408004006,2.6626125973505945,2.749451937706556,1.5544459256314107
gene_2992,1.2230888179976616,1.4244798275747068,1.219145907792185,1.3871878007303982,1.42375357825138,1.4403955971402946,2.19651934310028,1.3720005837832439
gene_2993,1.2371895503797996,1.3873203980125441,2.0839428631595176,1.346148598043614,1.7201255837402911,1.9934493090118173,1.3416221226321257,1.7673989590940304
gene_2994,2.337884353696995,1.2526186187166113,1.6000363808119227,12215.086239014885,2.361976124653082,3.1207972858763204,1.272295231250172,1.4706312814624676
gene_2995,1.8989815569983888,1.5007134336500376,2.019433085976514,2.7537620981729156,1.2855359698258801,1.4745999509168974,1.4252720343186909,1.3152890951505614
gene_2996,2.6965465472659136,1.561642113023719,1.2504999258609637,1.813386131325088,1.6320222668334237,1.5336309706924136,1.350363244663987,2.0686222573626334
gene_2997,1.5062603874236313,1.1912927767520398,3.286160214206097,1.317400078039103,1.8492373999382987,1.247001149628886,1.4074728508113576,2.8095460556560843
gene_2998,1.935332907922874,1.617509854354435,2.631323565555461,2.4513973346629974,1.6885646870065139,2.794894184055352,2.3186670174832087,2.1858307961049346
gene_2999,1.6225262073755191,1.6239967481797692,1.2460209898689476,1.5102017719929477,1.2512521683038134,1.0920508452983095,1.1425711292720502,1.211241453394205
