gene,Psi,Psi_pvalue,Psi_qvalue,Psi_block_1,ranking_value,eligible,Zeta,Zeta p-value,Zeta q-value,is_target,unfiltered_rank,gene_index,eligible_rank,category,Psi_block_2,mean_expression,StrainA_CT1_Psi_block,StrainB_CT2_Psi_block
gene_139,0.8341657268404997,0.0009990009990009,0.0024902392995454,0.7844966291634909,0.7844966291634909,True,0.4426421621760063,0.0009990009990009,0.0024902392995454,True,1,139,1,Category 1: CT1,,,,
gene_111,0.8240924999776159,0.0009990009990009,0.0024902392995454,0.7788333489216052,0.7788333489216052,True,0.433824696626872,0.0009990009990009,0.0024902392995454,True,2,111,2,Category 1: CT1,,,,
gene_40,0.8224366220810482,0.0009990009990009,0.0024902392995454,0.7746224967161377,0.7746224967161377,True,0.4256400039400042,0.0009990009990009,0.0024902392995454,True,3,40,3,Category 1: CT1,,,,
gene_88,0.8243985226115655,0.0009990009990009,0.0024902392995454,0.7670339117546157,0.7670339117546157,True,0.4123653770880002,0.0009990009990009,0.0024902392995454,True,4,88,4,Category 1: CT1,,,,
gene_95,0.8222927769227629,0.0009990009990009,0.0024902392995454,0.7326822650972628,0.7326822650972628,True,0.3742555271293292,0.0009990009990009,0.0024902392995454,True,5,95,5,Category 1: CT1,,,,
gene_154,0.8210033965716027,0.0009990009990009,0.0024902392995454,0.7305625088210551,0.7305625088210551,True,0.3641136565695881,0.0009990009990009,0.0024902392995454,True,6,154,6,Category 1: CT1,,,,
gene_126,0.8249365625664402,0.0009990009990009,0.0024902392995454,0.7303998249050707,0.7303998249050707,True,0.3666380687221742,0.0009990009990009,0.0024902392995454,True,7,126,7,Category 1: CT1,,,,
gene_69,0.8174124789255209,0.0009990009990009,0.0024902392995454,0.7274215787349437,0.7274215787349437,True,0.3645104174208476,0.0009990009990009,0.0024902392995454,True,8,69,8,Category 1: CT1,,,,
gene_153,0.8189646541764992,0.0009990009990009,0.0024902392995454,0.7268920754930802,0.7268920754930802,True,0.3602083975074711,0.0009990009990009,0.0024902392995454,True,9,153,9,Category 1: CT1,,,,
gene_50,0.8121106006244672,0.0009990009990009,0.0024902392995454,0.7213556738684259,0.7213556738684259,True,0.3454124483053991,0.0009990009990009,0.0024902392995454,True,10,50,10,Category 1: CT1,,,,
gene_61,0.8177837948679737,0.0009990009990009,0.0024902392995454,0.7197646691144671,0.7197646691144671,True,0.352461237397519,0.0009990009990009,0.0024902392995454,True,11,61,11,Category 1: CT1,,,,
gene_114,0.815825007418458,0.0009990009990009,0.0024902392995454,0.7144269672795295,0.7144269672795295,True,0.3526152178246596,0.0009990009990009,0.0024902392995454,True,12,114,12,Category 1: CT1,,,,
gene_155,0.8209242775912551,0.0009990009990009,0.0024902392995454,0.7109002797933087,0.7109002797933087,True,0.3361901709645029,0.0009990009990009,0.0024902392995454,True,13,155,13,Category 1: CT1,,,,
gene_55,0.8157642988866426,0.0009990009990009,0.0024902392995454,0.7103777101237897,0.7103777101237897,True,0.3338682484894289,0.0009990009990009,0.0024902392995454,True,14,55,14,Category 1: CT1,,,,
gene_160,0.819024932333421,0.0009990009990009,0.0024902392995454,0.7101552413319994,0.7101552413319994,True,0.3322580654750139,0.0009990009990009,0.0024902392995454,True,15,160,15,Category 1: CT1,,,,
gene_181,0.8131362997397962,0.0009990009990009,0.0024902392995454,0.7101190654512574,0.7101190654512574,True,0.3337103453748658,0.0009990009990009,0.0024902392995454,True,16,181,16,Category 1: CT1,,,,
gene_109,0.8168526730374502,0.0009990009990009,0.0024902392995454,0.7096343171997166,0.7096343171997166,True,0.3301151068162348,0.0009990009990009,0.0024902392995454,True,17,109,17,Category 1: CT1,,,,
gene_82,0.8161549278764215,0.0009990009990009,0.0024902392995454,0.7086373124892318,0.7086373124892318,True,0.3326992765074046,0.0009990009990009,0.0024902392995454,True,18,82,18,Category 1: CT1,,,,
gene_8,0.8179339814584424,0.0009990009990009,0.0024902392995454,0.7066541573448151,0.7066541573448151,True,0.3311661708882862,0.0009990009990009,0.0024902392995454,True,19,8,19,Category 1: CT1,,,,
gene_14,0.815931879059929,0.0009990009990009,0.0024902392995454,0.705747911449903,0.705747911449903,True,0.3310477838001101,0.0009990009990009,0.0024902392995454,True,20,14,20,Category 1: CT1,,,,
gene_85,0.8162965684126641,0.0009990009990009,0.0024902392995454,0.7039596223231055,0.7039596223231055,True,0.3180966364295738,0.0009990009990009,0.0024902392995454,True,21,85,21,Category 1: CT1,,,,
gene_198,0.8174253224393394,0.0009990009990009,0.0024902392995454,0.7028173119984835,0.7028173119984835,True,0.3193755982996271,0.0009990009990009,0.0024902392995454,True,22,198,22,Category 1: CT1,,,,
gene_27,0.818678147338906,0.0009990009990009,0.0024902392995454,0.7006164555447032,0.7006164555447032,True,0.3188572940817503,0.0009990009990009,0.0024902392995454,True,23,27,23,Category 1: CT1,,,,
gene_21,0.8136944104687802,0.0009990009990009,0.0024902392995454,0.6999371238504966,0.6999371238504966,True,0.3204514402132477,0.0009990009990009,0.0024902392995454,True,24,21,24,Category 1: CT1,,,,
gene_191,0.8174686777115137,0.0009990009990009,0.0024902392995454,0.6960630036999643,0.6960630036999643,True,0.3242884058976781,0.0009990009990009,0.0024902392995454,True,25,191,25,Category 1: CT1,,,,
gene_197,0.8141810246017004,0.0009990009990009,0.0024902392995454,0.6946083120364563,0.6946083120364563,True,0.3126471250628967,0.0009990009990009,0.0024902392995454,True,26,197,26,Category 1: CT1,,,,
gene_45,0.8152122863314879,0.0009990009990009,0.0024902392995454,0.6930667722349012,0.6930667722349012,True,0.32222093914738,0.0009990009990009,0.0024902392995454,True,27,45,27,Category 1: CT1,,,,
gene_179,0.8109283715916796,0.0009990009990009,0.0024902392995454,0.6927838823087356,0.6927838823087356,True,0.3096177724289968,0.0009990009990009,0.0024902392995454,True,28,179,28,Category 1: CT1,,,,
gene_65,0.8122811931534775,0.0009990009990009,0.0024902392995454,0.6926853535973805,0.6926853535973805,True,0.3089869793534524,0.0009990009990009,0.0024902392995454,True,29,65,29,Category 1: CT1,,,,
gene_43,0.8133161525084761,0.0009990009990009,0.0024902392995454,0.6926529720382103,0.6926529720382103,True,0.3150256091651497,0.0009990009990009,0.0024902392995454,True,30,43,30,Category 1: CT1,,,,
gene_138,0.8073449884845901,0.0009990009990009,0.0024902392995454,0.6921759997380073,0.6921759997380073,True,0.3079301461627446,0.0009990009990009,0.0024902392995454,True,31,138,31,Category 1: CT1,,,,
gene_122,0.8120729674541098,0.0009990009990009,0.0024902392995454,0.6910614934162019,0.6910614934162019,True,0.3061412956085853,0.0009990009990009,0.0024902392995454,True,32,122,32,Category 1: CT1,,,,
gene_37,0.817455069734005,0.0009990009990009,0.0024902392995454,0.6905631485599752,0.6905631485599752,True,0.3156734540665334,0.0009990009990009,0.0024902392995454,True,33,37,33,Category 1: CT1,,,,
gene_90,0.8146049584866643,0.0009990009990009,0.0024902392995454,0.6896446852321325,0.6896446852321325,True,0.3069233769161624,0.0009990009990009,0.0024902392995454,True,34,90,34,Category 1: CT1,,,,
gene_12,0.8123015955521065,0.0009990009990009,0.0024902392995454,0.6888410595021276,0.6888410595021276,True,0.3137068113622783,0.0009990009990009,0.0024902392995454,True,35,12,35,Category 1: CT1,,,,
gene_145,0.8120073538356671,0.0009990009990009,0.0024902392995454,0.6866960895912876,0.6866960895912876,True,0.3013270706887775,0.0009990009990009,0.0024902392995454,True,36,145,36,Category 1: CT1,,,,
gene_22,0.8115719654837218,0.0009990009990009,0.0024902392995454,0.6864177358360783,0.6864177358360783,True,0.305574904490464,0.0009990009990009,0.0024902392995454,True,37,22,37,Category 1: CT1,,,,
gene_130,0.8130905129562873,0.0009990009990009,0.0024902392995454,0.6862045445077636,0.6862045445077636,True,0.3089670866802851,0.0009990009990009,0.0024902392995454,True,38,130,38,Category 1: CT1,,,,
gene_46,0.809667683603328,0.0009990009990009,0.0024902392995454,0.6843536938432899,0.6843536938432899,True,0.2945087959420644,0.0009990009990009,0.0024902392995454,True,39,46,39,Category 1: CT1,,,,
gene_33,0.8118225522461812,0.0009990009990009,0.0024902392995454,0.6826637450516245,0.6826637450516245,True,0.2989207002840675,0.0009990009990009,0.0024902392995454,True,40,33,40,Category 1: CT1,,,,
gene_78,0.8144862953096581,0.0009990009990009,0.0024902392995454,0.6817421025563545,0.6817421025563545,True,0.2965315205810614,0.0009990009990009,0.0024902392995454,True,41,78,41,Category 1: CT1,,,,
gene_128,0.8100427065191075,0.0009990009990009,0.0024902392995454,0.6800433742342655,0.6800433742342655,True,0.2954724000786606,0.0009990009990009,0.0024902392995454,True,42,128,42,Category 1: CT1,,,,
gene_39,0.8074737746021334,0.0009990009990009,0.0024902392995454,0.6786906306202227,0.6786906306202227,True,0.2923925519209324,0.0009990009990009,0.0024902392995454,True,43,39,43,Category 1: CT1,,,,
gene_30,0.8118829558993937,0.0009990009990009,0.0024902392995454,0.6786045173442627,0.6786045173442627,True,0.2898495980440474,0.0009990009990009,0.0024902392995454,True,44,30,44,Category 1: CT1,,,,
gene_199,0.8105868619034967,0.0009990009990009,0.0024902392995454,0.6783536099720264,0.6783536099720264,True,0.2924416323871553,0.0009990009990009,0.0024902392995454,True,45,199,45,Category 1: CT1,,,,
gene_3,0.8100631444507973,0.0009990009990009,0.0024902392995454,0.6779426954283664,0.6779426954283664,True,0.2952179874564431,0.0009990009990009,0.0024902392995454,True,46,3,46,Category 1: CT1,,,,
gene_103,0.8132324745088424,0.0009990009990009,0.0024902392995454,0.6774754007688515,0.6774754007688515,True,0.2924899772955799,0.0009990009990009,0.0024902392995454,True,47,103,47,Category 1: CT1,,,,
gene_165,0.8134684721976613,0.0009990009990009,0.0024902392995454,0.6760782123209096,0.6760782123209096,True,0.2889237979182292,0.0009990009990009,0.0024902392995454,True,48,165,48,Category 1: CT1,,,,
gene_36,0.804836207193078,0.0009990009990009,0.0024902392995454,0.6760526095317335,0.6760526095317335,True,0.2881957850282357,0.0009990009990009,0.0024902392995454,True,49,36,49,Category 1: CT1,,,,
gene_91,0.812653547447985,0.0009990009990009,0.0024902392995454,0.6757679340542532,0.6757679340542532,True,0.294122258141362,0.0009990009990009,0.0024902392995454,True,50,91,50,Category 1: CT1,,,,
gene_136,0.8120419001557795,0.0009990009990009,0.0024902392995454,0.675419250123117,0.675419250123117,True,0.2918950603077307,0.0009990009990009,0.0024902392995454,True,51,136,51,Category 1: CT1,,,,
gene_169,0.8113575357769496,0.0009990009990009,0.0024902392995454,0.6750559756541205,0.6750559756541205,True,0.2874927542934773,0.0009990009990009,0.0024902392995454,True,52,169,52,Category 1: CT1,,,,
gene_83,0.8179410998574231,0.0009990009990009,0.0024902392995454,0.6744869919850542,0.6744869919850542,True,0.2869597589987836,0.0009990009990009,0.0024902392995454,True,53,83,53,Category 1: CT1,,,,
gene_158,0.8099072680372712,0.0009990009990009,0.0024902392995454,0.6743387667818018,0.6743387667818018,True,0.290663210916017,0.0009990009990009,0.0024902392995454,True,54,158,54,Category 1: CT1,,,,
gene_105,0.8054837493177766,0.0009990009990009,0.0024902392995454,0.6730475608385988,0.6730475608385988,True,0.2861152664305252,0.0009990009990009,0.0024902392995454,True,55,105,55,Category 1: CT1,,,,
gene_66,0.8110124564105176,0.0009990009990009,0.0024902392995454,0.6722722572955389,0.6722722572955389,True,0.2827702483864725,0.0009990009990009,0.0024902392995454,True,56,66,56,Category 1: CT1,,,,
gene_26,0.8103645694328669,0.0009990009990009,0.0024902392995454,0.6711194153443327,0.6711194153443327,True,0.2828651292979248,0.0009990009990009,0.0024902392995454,True,57,26,57,Category 1: CT1,,,,
gene_80,0.8120570153895602,0.0009990009990009,0.0024902392995454,0.6709386316751322,0.6709386316751322,True,0.2833204047959142,0.0009990009990009,0.0024902392995454,True,58,80,58,Category 1: CT1,,,,
gene_119,0.8130165093409428,0.0009990009990009,0.0024902392995454,0.6708504632304833,0.6708504632304833,True,0.2837461812004106,0.0009990009990009,0.0024902392995454,True,59,119,59,Category 1: CT1,,,,
gene_166,0.8115810657327376,0.0009990009990009,0.0024902392995454,0.6705013396950019,0.6705013396950019,True,0.2857829425647545,0.0009990009990009,0.0024902392995454,True,60,166,60,Category 1: CT1,,,,
gene_25,0.8091728563354119,0.0009990009990009,0.0024902392995454,0.6703724921980639,0.6703724921980639,True,0.2836555449353834,0.0009990009990009,0.0024902392995454,True,61,25,61,Category 1: CT1,,,,
gene_44,0.8134947295182888,0.0009990009990009,0.0024902392995454,0.6700464340799918,0.6700464340799918,True,0.281428844225754,0.0009990009990009,0.0024902392995454,True,62,44,62,Category 1: CT1,,,,
gene_167,0.8096628100150483,0.0009990009990009,0.0024902392995454,0.6695774771367562,0.6695774771367562,True,0.2810520798353669,0.0009990009990009,0.0024902392995454,True,63,167,63,Category 1: CT1,,,,
gene_59,0.8128588670429442,0.0009990009990009,0.0024902392995454,0.6690408795416578,0.6690408795416578,True,0.2796713154008732,0.0009990009990009,0.0024902392995454,True,64,59,64,Category 1: CT1,,,,
gene_13,0.8023418670898904,0.0009990009990009,0.0024902392995454,0.6689819718799989,0.6689819718799989,True,0.2816394371368351,0.0009990009990009,0.0024902392995454,True,65,13,65,Category 1: CT1,,,,
gene_64,0.8078179979643394,0.0009990009990009,0.0024902392995454,0.6686365426420103,0.6686365426420103,True,0.2814383042838604,0.0009990009990009,0.0024902392995454,True,66,64,66,Category 1: CT1,,,,
gene_15,0.804998294107608,0.0009990009990009,0.0024902392995454,0.6684197164546232,0.6684197164546232,True,0.2801835979253722,0.0009990009990009,0.0024902392995454,True,67,15,67,Category 1: CT1,,,,
gene_75,0.8122768284436582,0.0009990009990009,0.0024902392995454,0.6676516001122362,0.6676516001122362,True,0.2825759578216626,0.0009990009990009,0.0024902392995454,True,68,75,68,Category 1: CT1,,,,
gene_168,0.8129484553132507,0.0009990009990009,0.0024902392995454,0.6675780363568816,0.6675780363568816,True,0.2832085275496435,0.0009990009990009,0.0024902392995454,True,69,168,69,Category 1: CT1,,,,
gene_32,0.8060403182738473,0.0009990009990009,0.0024902392995454,0.666941865767643,0.666941865767643,True,0.278372410628726,0.0009990009990009,0.0024902392995454,True,70,32,70,Category 1: CT1,,,,
gene_162,0.8077432177695115,0.0009990009990009,0.0024902392995454,0.6668863262479233,0.6668863262479233,True,0.2754955706350768,0.0009990009990009,0.0024902392995454,True,71,162,71,Category 1: CT1,,,,
gene_177,0.8108120237929552,0.0009990009990009,0.0024902392995454,0.6663091793331963,0.6663091793331963,True,0.2745224175766015,0.0009990009990009,0.0024902392995454,True,72,177,72,Category 1: CT1,,,,
gene_87,0.8136499988010268,0.0009990009990009,0.0024902392995454,0.6658903100067518,0.6658903100067518,True,0.2864363567439814,0.0009990009990009,0.0024902392995454,True,73,87,73,Category 1: CT1,,,,
gene_147,0.8105365953597782,0.0009990009990009,0.0024902392995454,0.6657128506932614,0.6657128506932614,True,0.2764223118065207,0.0009990009990009,0.0024902392995454,True,74,147,74,Category 1: CT1,,,,
gene_67,0.8120065326578374,0.0009990009990009,0.0024902392995454,0.6651233087743436,0.6651233087743436,True,0.2777691639731716,0.0009990009990009,0.0024902392995454,True,75,67,75,Category 1: CT1,,,,
gene_163,0.8092308403373185,0.0009990009990009,0.0024902392995454,0.6643602909158692,0.6643602909158692,True,0.2789031746988415,0.0009990009990009,0.0024902392995454,True,76,163,76,Category 1: CT1,,,,
gene_48,0.812583195868706,0.0009990009990009,0.0024902392995454,0.6637370197619472,0.6637370197619472,True,0.2738273436468728,0.0009990009990009,0.0024902392995454,True,77,48,77,Category 1: CT1,,,,
gene_134,0.8113305264807197,0.0009990009990009,0.0024902392995454,0.6626876603713394,0.6626876603713394,True,0.2709078353000437,0.0009990009990009,0.0024902392995454,True,78,134,78,Category 1: CT1,,,,
gene_38,0.809288969606686,0.0009990009990009,0.0024902392995454,0.6626202617566925,0.6626202617566925,True,0.2724194463075785,0.0009990009990009,0.0024902392995454,True,79,38,79,Category 1: CT1,,,,
gene_172,0.8097455843099834,0.0009990009990009,0.0024902392995454,0.6625592849656008,0.6625592849656008,True,0.2711604432931588,0.0009990009990009,0.0024902392995454,True,80,172,80,Category 1: CT1,,,,
gene_24,0.8102132594691401,0.0009990009990009,0.0024902392995454,0.6623604177646087,0.6623604177646087,True,0.2748366377104774,0.0009990009990009,0.0024902392995454,True,81,24,81,Category 1: CT1,,,,
gene_188,0.8133462611462615,0.0009990009990009,0.0024902392995454,0.6623427779033514,0.6623427779033514,True,0.2743073492151946,0.0009990009990009,0.0024902392995454,True,82,188,82,Category 1: CT1,,,,
gene_6,0.8114845041419793,0.0009990009990009,0.0024902392995454,0.6621398311809102,0.6621398311809102,True,0.2754810547115023,0.0009990009990009,0.0024902392995454,True,83,6,83,Category 1: CT1,,,,
gene_170,0.8117937678175038,0.0009990009990009,0.0024902392995454,0.6616920286062586,0.6616920286062586,True,0.2717833376342995,0.0009990009990009,0.0024902392995454,True,84,170,84,Category 1: CT1,,,,
gene_57,0.8073930573954234,0.0009990009990009,0.0024902392995454,0.6614556994239935,0.6614556994239935,True,0.2697800450814044,0.0009990009990009,0.0024902392995454,True,85,57,85,Category 1: CT1,,,,
gene_189,0.8067592935253043,0.0009990009990009,0.0024902392995454,0.6614452977086241,0.6614452977086241,True,0.2702469557843755,0.0009990009990009,0.0024902392995454,True,86,189,86,Category 1: CT1,,,,
gene_2,0.8107443127704486,0.0009990009990009,0.0024902392995454,0.6612261366100172,0.6612261366100172,True,0.2708437854838095,0.0009990009990009,0.0024902392995454,True,87,2,87,Category 1: CT1,,,,
gene_92,0.8115183721895858,0.0009990009990009,0.0024902392995454,0.6609075406748803,0.6609075406748803,True,0.2767604052551904,0.0009990009990009,0.0024902392995454,True,88,92,88,Category 1: CT1,,,,
gene_152,0.8094504178583302,0.0009990009990009,0.0024902392995454,0.660471024829996,0.660471024829996,True,0.2689115585190813,0.0009990009990009,0.0024902392995454,True,89,152,89,Category 1: CT1,,,,
gene_148,0.8134989227470574,0.0009990009990009,0.0024902392995454,0.660334856561602,0.660334856561602,True,0.2702341612809217,0.0009990009990009,0.0024902392995454,True,90,148,90,Category 1: CT1,,,,
gene_101,0.8030915700972577,0.0009990009990009,0.0024902392995454,0.6596855388015612,0.6596855388015612,True,0.2684748869037111,0.0009990009990009,0.0024902392995454,True,91,101,91,Category 1: CT1,,,,
gene_157,0.8050662304146223,0.0009990009990009,0.0024902392995454,0.6591931907666353,0.6591931907666353,True,0.2679507785871787,0.0009990009990009,0.0024902392995454,True,92,157,92,Category 1: CT1,,,,
gene_58,0.8150847604819969,0.0009990009990009,0.0024902392995454,0.6591875232910669,0.6591875232910669,True,0.2683873713312541,0.0009990009990009,0.0024902392995454,True,93,58,93,Category 1: CT1,,,,
gene_62,0.8099643081188747,0.0009990009990009,0.0024902392995454,0.6578668646499164,0.6578668646499164,True,0.2732030658828557,0.0009990009990009,0.0024902392995454,True,94,62,94,Category 1: CT1,,,,
gene_142,0.8064648852015106,0.0009990009990009,0.0024902392995454,0.6574726701556736,0.6574726701556736,True,0.2658651147965981,0.0009990009990009,0.0024902392995454,True,95,142,95,Category 1: CT1,,,,
gene_113,0.8090017056892604,0.0009990009990009,0.0024902392995454,0.6574423860614428,0.6574423860614428,True,0.2670795052183366,0.0009990009990009,0.0024902392995454,True,96,113,96,Category 1: CT1,,,,
gene_81,0.8078361696025775,0.0009990009990009,0.0024902392995454,0.6572417120048674,0.6572417120048674,True,0.2642572932850203,0.0009990009990009,0.0024902392995454,True,97,81,97,Category 1: CT1,,,,
gene_118,0.8111523812214444,0.0009990009990009,0.0024902392995454,0.656167801416433,0.656167801416433,True,0.2642001658529581,0.0009990009990009,0.0024902392995454,True,98,118,98,Category 1: CT1,,,,
gene_127,0.8081609688577187,0.0009990009990009,0.0024902392995454,0.6560606947505742,0.6560606947505742,True,0.2659468254105738,0.0009990009990009,0.0024902392995454,True,99,127,99,Category 1: CT1,,,,
gene_140,0.8090584759430737,0.0009990009990009,0.0024902392995454,0.6558562076046116,0.6558562076046116,True,0.2755195565910033,0.0009990009990009,0.0024902392995454,True,100,140,100,Category 1: CT1,,,,
gene_29,0.8092792464021249,0.0009990009990009,0.0024902392995454,0.6548530721229618,0.6548530721229618,True,0.2660651567642523,0.0009990009990009,0.0024902392995454,True,101,29,101,Category 1: CT1,,,,
gene_192,0.8062482353192783,0.0009990009990009,0.0024902392995454,0.6533082223476769,0.6533082223476769,True,0.2601962591190575,0.0009990009990009,0.0024902392995454,True,102,192,102,Category 1: CT1,,,,
gene_110,0.8097729173442768,0.0009990009990009,0.0024902392995454,0.6532560304486473,0.6532560304486473,True,0.2579940310092554,0.0009990009990009,0.0024902392995454,True,103,110,103,Category 1: CT1,,,,
gene_185,0.81189809959514,0.0009990009990009,0.0024902392995454,0.652657907171622,0.652657907171622,True,0.2671053337083602,0.0009990009990009,0.0024902392995454,True,104,185,104,Category 1: CT1,,,,
gene_749,0.785263524424556,0.0009990009990009,0.0024902392995454,0.6513745268400305,0.6513745268400305,True,0.2547104879520057,0.0009990009990009,0.0024902392995454,False,105,749,105,Category 1: CT1,,,,
gene_97,0.8053777536471814,0.0009990009990009,0.0024902392995454,0.6513688559460373,0.6513688559460373,True,0.2610258527849687,0.0009990009990009,0.0024902392995454,True,106,97,106,Category 1: CT1,,,,
gene_161,0.8114777643165396,0.0009990009990009,0.0024902392995454,0.6512679024023755,0.6512679024023755,True,0.2575811624226022,0.0009990009990009,0.0024902392995454,True,107,161,107,Category 1: CT1,,,,
gene_52,0.8121152952653937,0.0009990009990009,0.0024902392995454,0.6510539919782329,0.6510539919782329,True,0.2655911499032168,0.0009990009990009,0.0024902392995454,True,108,52,108,Category 1: CT1,,,,
gene_99,0.8104507512835859,0.0009990009990009,0.0024902392995454,0.6509445880422684,0.6509445880422684,True,0.2562996394357127,0.0009990009990009,0.0024902392995454,True,109,99,109,Category 1: CT1,,,,
gene_84,0.805130937183214,0.0009990009990009,0.0024902392995454,0.6498555132457867,0.6498555132457867,True,0.2629843166168211,0.0009990009990009,0.0024902392995454,True,110,84,110,Category 1: CT1,,,,
gene_79,0.8066260522608025,0.0009990009990009,0.0024902392995454,0.6496351549904573,0.6496351549904573,True,0.2627005540891758,0.0009990009990009,0.0024902392995454,True,111,79,111,Category 1: CT1,,,,
gene_183,0.8123294383253303,0.0009990009990009,0.0024902392995454,0.6494395037160591,0.6494395037160591,True,0.2549969493429885,0.0009990009990009,0.0024902392995454,True,112,183,112,Category 1: CT1,,,,
gene_102,0.8126372651704383,0.0009990009990009,0.0024902392995454,0.6494105148326333,0.6494105148326333,True,0.2590096575333879,0.0009990009990009,0.0024902392995454,True,113,102,113,Category 1: CT1,,,,
gene_16,0.8080116332694535,0.0009990009990009,0.0024902392995454,0.6490891051642667,0.6490891051642667,True,0.2628891941009409,0.0009990009990009,0.0024902392995454,True,114,16,114,Category 1: CT1,,,,
gene_11,0.8090281462279677,0.0009990009990009,0.0024902392995454,0.6490314182232625,0.6490314182232625,True,0.2556001806654919,0.0009990009990009,0.0024902392995454,True,115,11,115,Category 1: CT1,,,,
gene_164,0.8084104422784909,0.0009990009990009,0.0024902392995454,0.648731987086306,0.648731987086306,True,0.2547080197225209,0.0009990009990009,0.0024902392995454,True,116,164,116,Category 1: CT1,,,,
gene_117,0.8126925073998339,0.0009990009990009,0.0024902392995454,0.6485057116769732,0.6485057116769732,True,0.2550566219227181,0.0009990009990009,0.0024902392995454,True,117,117,117,Category 1: CT1,,,,
gene_171,0.8042754941792499,0.0009990009990009,0.0024902392995454,0.6484540206579407,0.6484540206579407,True,0.2617808384467913,0.0009990009990009,0.0024902392995454,True,118,171,118,Category 1: CT1,,,,
gene_108,0.8077090964811118,0.0009990009990009,0.0024902392995454,0.6481737533621459,0.6481737533621459,True,0.2553745503948921,0.0009990009990009,0.0024902392995454,True,119,108,119,Category 1: CT1,,,,
gene_193,0.8111036381382596,0.0009990009990009,0.0024902392995454,0.6473008475942644,0.6473008475942644,True,0.2520989838380825,0.0009990009990009,0.0024902392995454,True,120,193,120,Category 1: CT1,,,,
gene_54,0.8077420541203265,0.0009990009990009,0.0024902392995454,0.6472953472436067,0.6472953472436067,True,0.2519555941071194,0.0009990009990009,0.0024902392995454,True,121,54,121,Category 1: CT1,,,,
gene_89,0.8107786889558705,0.0009990009990009,0.0024902392995454,0.6469690846419361,0.6469690846419361,True,0.2579182350336446,0.0009990009990009,0.0024902392995454,True,122,89,122,Category 1: CT1,,,,
gene_74,0.8079824511422365,0.0009990009990009,0.0024902392995454,0.645862335482428,0.645862335482428,True,0.254123073991922,0.0009990009990009,0.0024902392995454,True,123,74,123,Category 1: CT1,,,,
gene_135,0.8090052195333524,0.0009990009990009,0.0024902392995454,0.6456203277845778,0.6456203277845778,True,0.2499611573317184,0.0009990009990009,0.0024902392995454,True,124,135,124,Category 1: CT1,,,,
gene_72,0.8075664343314954,0.0009990009990009,0.0024902392995454,0.6452382223690581,0.6452382223690581,True,0.252211920477442,0.0009990009990009,0.0024902392995454,True,125,72,125,Category 1: CT1,,,,
gene_112,0.806553210156473,0.0009990009990009,0.0024902392995454,0.645033957187394,0.645033957187394,True,0.2511367442029726,0.0009990009990009,0.0024902392995454,True,126,112,126,Category 1: CT1,,,,
gene_94,0.8087412377620605,0.0009990009990009,0.0024902392995454,0.6448386200193537,0.6448386200193537,True,0.2523779107194882,0.0009990009990009,0.0024902392995454,True,127,94,127,Category 1: CT1,,,,
gene_17,0.8104420603162481,0.0009990009990009,0.0024902392995454,0.6446383811786305,0.6446383811786305,True,0.255792413405599,0.0009990009990009,0.0024902392995454,True,128,17,128,Category 1: CT1,,,,
gene_10,0.808242267345492,0.0009990009990009,0.0024902392995454,0.6438367162886103,0.6438367162886103,True,0.2505358906301238,0.0009990009990009,0.0024902392995454,True,129,10,129,Category 1: CT1,,,,
gene_0,0.8080230942222962,0.0009990009990009,0.0024902392995454,0.643677202479027,0.643677202479027,True,0.2494382653796049,0.0009990009990009,0.0024902392995454,True,130,0,130,Category 1: CT1,,,,
gene_98,0.8035397009488384,0.0009990009990009,0.0024902392995454,0.6430842641844621,0.6430842641844621,True,0.2475029658511792,0.0009990009990009,0.0024902392995454,True,131,98,131,Category 1: CT1,,,,
gene_120,0.8051984743811974,0.0009990009990009,0.0024902392995454,0.6427230456044024,0.6427230456044024,True,0.2476570143114135,0.0009990009990009,0.0024902392995454,True,132,120,132,Category 1: CT1,,,,
gene_176,0.8058156314749476,0.0009990009990009,0.0024902392995454,0.6425715073170444,0.6425715073170444,True,0.2479098241147338,0.0009990009990009,0.0024902392995454,True,133,176,133,Category 1: CT1,,,,
gene_28,0.8075286760957145,0.0009990009990009,0.0024902392995454,0.6421866014975793,0.6421866014975793,True,0.2475992764752673,0.0009990009990009,0.0024902392995454,True,134,28,134,Category 1: CT1,,,,
gene_116,0.8066040147427997,0.0009990009990009,0.0024902392995454,0.6399479291432552,0.6399479291432552,True,0.2571683866543192,0.0009990009990009,0.0024902392995454,True,135,116,135,Category 1: CT1,,,,
gene_51,0.8096430367730071,0.0009990009990009,0.0024902392995454,0.639657257847215,0.639657257847215,True,0.2582928333744234,0.0009990009990009,0.0024902392995454,True,136,51,136,Category 1: CT1,,,,
gene_100,0.8070220660127023,0.0009990009990009,0.0024902392995454,0.6391209928987797,0.6391209928987797,True,0.2479710718637038,0.0009990009990009,0.0024902392995454,True,137,100,137,Category 1: CT1,,,,
gene_41,0.8041328161471123,0.0009990009990009,0.0024902392995454,0.6390584242086152,0.6390584242086152,True,0.2521781866987464,0.0009990009990009,0.0024902392995454,True,138,41,138,Category 1: CT1,,,,
gene_144,0.8047847445998606,0.0009990009990009,0.0024902392995454,0.6380127435450194,0.6380127435450194,True,0.243228344585251,0.0009990009990009,0.0024902392995454,True,139,144,139,Category 1: CT1,,,,
gene_115,0.8086578840925407,0.0009990009990009,0.0024902392995454,0.6378144076021287,0.6378144076021287,True,0.2503816162262761,0.0009990009990009,0.0024902392995454,True,140,115,140,Category 1: CT1,,,,
gene_60,0.8112323977894857,0.0009990009990009,0.0024902392995454,0.6353053104001004,0.6353053104001004,True,0.2405776181019306,0.0009990009990009,0.0024902392995454,True,141,60,141,Category 1: CT1,,,,
gene_5,0.8074120476950741,0.0009990009990009,0.0024902392995454,0.6351871813967535,0.6351871813967535,True,0.242645986801554,0.0009990009990009,0.0024902392995454,True,142,5,142,Category 1: CT1,,,,
gene_133,0.802943515380893,0.0009990009990009,0.0024902392995454,0.6348427966697828,0.6348427966697828,True,0.2382624627799321,0.0009990009990009,0.0024902392995454,True,143,133,143,Category 1: CT1,,,,
gene_125,0.8118207610607788,0.0009990009990009,0.0024902392995454,0.6347305400343574,0.6347305400343574,True,0.2414861055032533,0.0009990009990009,0.0024902392995454,True,144,125,144,Category 1: CT1,,,,
gene_141,0.8074061413980856,0.0009990009990009,0.0024902392995454,0.6346159225500285,0.6346159225500285,True,0.2383348317245192,0.0009990009990009,0.0024902392995454,True,145,141,145,Category 1: CT1,,,,
gene_156,0.8111918274629663,0.0009990009990009,0.0024902392995454,0.6344118749178264,0.6344118749178264,True,0.2463707247565953,0.0009990009990009,0.0024902392995454,True,146,156,146,Category 1: CT1,,,,
gene_35,0.8068115449634196,0.0009990009990009,0.0024902392995454,0.634191735946385,0.634191735946385,True,0.2366102074617971,0.0009990009990009,0.0024902392995454,True,147,35,147,Category 1: CT1,,,,
gene_4,0.808334744619876,0.0009990009990009,0.0024902392995454,0.6338528378175228,0.6338528378175228,True,0.2392528742866638,0.0009990009990009,0.0024902392995454,True,148,4,148,Category 1: CT1,,,,
gene_53,0.8064399239648286,0.0009990009990009,0.0024902392995454,0.6335079102959024,0.6335079102959024,True,0.2357364060790277,0.0009990009990009,0.0024902392995454,True,149,53,149,Category 1: CT1,,,,
gene_18,0.8072724482877986,0.0009990009990009,0.0024902392995454,0.6333597221902715,0.6333597221902715,True,0.2367653066067125,0.0009990009990009,0.0024902392995454,True,150,18,150,Category 1: CT1,,,,
gene_137,0.8101166929239302,0.0009990009990009,0.0024902392995454,0.6320923102796108,0.6320923102796108,True,0.244004143395623,0.0009990009990009,0.0024902392995454,True,151,137,151,Category 1: CT1,,,,
gene_34,0.8093870036102798,0.0009990009990009,0.0024902392995454,0.631786712781718,0.631786712781718,True,0.2379197951296434,0.0009990009990009,0.0024902392995454,True,152,34,152,Category 1: CT1,,,,
gene_132,0.8065739519614789,0.0009990009990009,0.0024902392995454,0.6296187397813956,0.6296187397813956,True,0.2334491180017378,0.0009990009990009,0.0024902392995454,True,153,132,153,Category 1: CT1,,,,
gene_121,0.8082541794674369,0.0009990009990009,0.0024902392995454,0.6293869655907633,0.6293869655907633,True,0.2364069082306926,0.0009990009990009,0.0024902392995454,True,154,121,154,Category 1: CT1,,,,
gene_159,0.8060769481381344,0.0009990009990009,0.0024902392995454,0.6293480501864701,0.6293480501864701,True,0.2362784713889033,0.0009990009990009,0.0024902392995454,True,155,159,155,Category 1: CT1,,,,
gene_178,0.8012767411915352,0.0009990009990009,0.0024902392995454,0.6291291959847171,0.6291291959847171,True,0.2325739325813775,0.0009990009990009,0.0024902392995454,True,156,178,156,Category 1: CT1,,,,
gene_70,0.8024159858546637,0.0009990009990009,0.0024902392995454,0.6275090647033681,0.6275090647033681,True,0.2308444394851834,0.0009990009990009,0.0024902392995454,True,157,70,157,Category 1: CT1,,,,
gene_124,0.8063679249865601,0.0009990009990009,0.0024902392995454,0.6274548657002499,0.6274548657002499,True,0.2296777901854178,0.0009990009990009,0.0024902392995454,True,158,124,158,Category 1: CT1,,,,
gene_174,0.8053733173068832,0.0009990009990009,0.0024902392995454,0.6268421333630192,0.6268421333630192,True,0.2298274612849393,0.0009990009990009,0.0024902392995454,True,159,174,159,Category 1: CT1,,,,
gene_73,0.8083634838588937,0.0009990009990009,0.0024902392995454,0.6262547102052469,0.6262547102052469,True,0.2302878469405355,0.0009990009990009,0.0024902392995454,True,160,73,160,Category 1: CT1,,,,
gene_131,0.8059408136757368,0.0009990009990009,0.0024902392995454,0.6258481973901712,0.6258481973901712,True,0.2296779447941135,0.0009990009990009,0.0024902392995454,True,161,131,161,Category 1: CT1,,,,
gene_195,0.8060626163577751,0.0009990009990009,0.0024902392995454,0.6257344672897681,0.6257344672897681,True,0.2281289004336599,0.0009990009990009,0.0024902392995454,True,162,195,162,Category 1: CT1,,,,
gene_86,0.8064877954798763,0.0009990009990009,0.0024902392995454,0.6252247924418888,0.6252247924418888,True,0.2282551227044525,0.0009990009990009,0.0024902392995454,True,163,86,163,Category 1: CT1,,,,
gene_143,0.8051788519237663,0.0009990009990009,0.0024902392995454,0.624259266209424,0.624259266209424,True,0.2266420067196182,0.0009990009990009,0.0024902392995454,True,164,143,164,Category 1: CT1,,,,
gene_187,0.8080679430047658,0.0009990009990009,0.0024902392995454,0.6239935595146984,0.6239935595146984,True,0.2298295185734245,0.0009990009990009,0.0024902392995454,True,165,187,165,Category 1: CT1,,,,
gene_150,0.8058706842027802,0.0009990009990009,0.0024902392995454,0.6235393348709135,0.6235393348709135,True,0.2300065961032157,0.0009990009990009,0.0024902392995454,True,166,150,166,Category 1: CT1,,,,
gene_180,0.8057295075874621,0.0009990009990009,0.0024902392995454,0.6228444555794501,0.6228444555794501,True,0.2253222577676674,0.0009990009990009,0.0024902392995454,True,167,180,167,Category 1: CT1,,,,
gene_151,0.808409756248536,0.0009990009990009,0.0024902392995454,0.6226967223319156,0.6226967223319156,True,0.2237655639426894,0.0009990009990009,0.0024902392995454,True,168,151,168,Category 1: CT1,,,,
gene_31,0.8060032570254106,0.0009990009990009,0.0024902392995454,0.6226864129637106,0.6226864129637106,True,0.2257144907114135,0.0009990009990009,0.0024902392995454,True,169,31,169,Category 1: CT1,,,,
gene_23,0.8085467534131697,0.0009990009990009,0.0024902392995454,0.6225129579493242,0.6225129579493242,True,0.2279762376418189,0.0009990009990009,0.0024902392995454,True,170,23,170,Category 1: CT1,,,,
gene_129,0.805734545978261,0.0009990009990009,0.0024902392995454,0.6222219498635031,0.6222219498635031,True,0.2259087605138737,0.0009990009990009,0.0024902392995454,True,171,129,171,Category 1: CT1,,,,
gene_182,0.8049532230954747,0.0009990009990009,0.0024902392995454,0.6208276449649991,0.6208276449649991,True,0.2224631424800238,0.0009990009990009,0.0024902392995454,True,172,182,172,Category 1: CT1,,,,
gene_76,0.8084487844651893,0.0009990009990009,0.0024902392995454,0.62036451732853,0.62036451732853,True,0.2221687459009296,0.0009990009990009,0.0024902392995454,True,173,76,173,Category 1: CT1,,,,
gene_106,0.8006648426411612,0.0009990009990009,0.0024902392995454,0.6197795461865732,0.6197795461865732,True,0.2296357676624147,0.0009990009990009,0.0024902392995454,True,174,106,174,Category 1: CT1,,,,
gene_196,0.8078337501385701,0.0009990009990009,0.0024902392995454,0.6193204101349725,0.6193204101349725,True,0.2252037388860939,0.0009990009990009,0.0024902392995454,True,175,196,175,Category 1: CT1,,,,
gene_702,0.7809290781105658,0.0009990009990009,0.0024902392995454,0.6176818176077168,0.6176818176077168,True,0.2191167156410645,0.0009990009990009,0.0024902392995454,False,176,702,176,Category 1: CT1,,,,
gene_107,0.8077349294913304,0.0009990009990009,0.0024902392995454,0.6172186114547104,0.6172186114547104,True,0.2186419988650355,0.0009990009990009,0.0024902392995454,True,177,107,177,Category 1: CT1,,,,
gene_146,0.8031672228700447,0.0009990009990009,0.0024902392995454,0.6159446043826814,0.6159446043826814,True,0.2263222519406031,0.0009990009990009,0.0024902392995454,True,178,146,178,Category 1: CT1,,,,
gene_7,0.8050042857144104,0.0009990009990009,0.0024902392995454,0.6158449398702013,0.6158449398702013,True,0.2208760353786399,0.0009990009990009,0.0024902392995454,True,179,7,179,Category 1: CT1,,,,
gene_173,0.803808468714333,0.0009990009990009,0.0024902392995454,0.6157012506929741,0.6157012506929741,True,0.2173521787500775,0.0009990009990009,0.0024902392995454,True,180,173,180,Category 1: CT1,,,,
gene_47,0.8075871906803122,0.0009990009990009,0.0024902392995454,0.6144845403726049,0.6144845403726049,True,0.2160962965590036,0.0009990009990009,0.0024902392995454,True,181,47,181,Category 1: CT1,,,,
gene_71,0.8087413839641426,0.0009990009990009,0.0024902392995454,0.6143734443422091,0.6143734443422091,True,0.2176965671155084,0.0009990009990009,0.0024902392995454,True,182,71,182,Category 1: CT1,,,,
gene_49,0.806862659846627,0.0009990009990009,0.0024902392995454,0.6136303917830971,0.6136303917830971,True,0.2140890631528268,0.0009990009990009,0.0024902392995454,True,183,49,183,Category 1: CT1,,,,
gene_123,0.8050028340307871,0.0009990009990009,0.0024902392995454,0.6122499547100403,0.6122499547100403,True,0.2135265576812524,0.0009990009990009,0.0024902392995454,True,184,123,184,Category 1: CT1,,,,
gene_63,0.8052050562229349,0.0009990009990009,0.0024902392995454,0.6089683104815578,0.6089683104815578,True,0.2114803006711618,0.0009990009990009,0.0024902392995454,True,185,63,185,Category 1: CT1,,,,
gene_664,0.7822610382168983,0.0009990009990009,0.0024902392995454,0.6083625560154056,0.6083625560154056,True,0.2110997743702342,0.0009990009990009,0.0024902392995454,False,186,664,186,Category 1: CT1,,,,
gene_184,0.8068390947236601,0.0009990009990009,0.0024902392995454,0.6081266632971393,0.6081266632971393,True,0.2089982791469521,0.0009990009990009,0.0024902392995454,True,187,184,187,Category 1: CT1,,,,
gene_9,0.807684217603239,0.0009990009990009,0.0024902392995454,0.6079335887642295,0.6079335887642295,True,0.210324516163336,0.0009990009990009,0.0024902392995454,True,188,9,188,Category 1: CT1,,,,
gene_77,0.8030830298425622,0.0009990009990009,0.0024902392995454,0.6074501139116246,0.6074501139116246,True,0.2079080675958419,0.0009990009990009,0.0024902392995454,True,189,77,189,Category 1: CT1,,,,
gene_42,0.8046674199432307,0.0009990009990009,0.0024902392995454,0.6065234061036946,0.6065234061036946,True,0.2069839444062968,0.0009990009990009,0.0024902392995454,True,190,42,190,Category 1: CT1,,,,
gene_19,0.8045624009399325,0.0009990009990009,0.0024902392995454,0.6064199578897974,0.6064199578897974,True,0.2075399752356591,0.0009990009990009,0.0024902392995454,True,191,19,191,Category 1: CT1,,,,
gene_96,0.8072544364977817,0.0009990009990009,0.0024902392995454,0.6043648981232019,0.6043648981232019,True,0.2101805805830233,0.0009990009990009,0.0024902392995454,True,192,96,192,Category 1: CT1,,,,
gene_190,0.8077954456111931,0.0009990009990009,0.0024902392995454,0.6028814591003481,0.6028814591003481,True,0.2044905425668076,0.0009990009990009,0.0024902392995454,True,193,190,193,Category 1: CT1,,,,
gene_186,0.8024178162128809,0.0009990009990009,0.0024902392995454,0.6024106174839883,0.6024106174839883,True,0.2042287042960442,0.0009990009990009,0.0024902392995454,True,194,186,194,Category 1: CT1,,,,
gene_93,0.8065799326811154,0.0009990009990009,0.0024902392995454,0.6015845153141149,0.6015845153141149,True,0.2025997444720648,0.0009990009990009,0.0024902392995454,True,195,93,195,Category 1: CT1,,,,
gene_741,0.7748858175654298,0.0009990009990009,0.0024902392995454,0.6014201778231557,0.6014201778231557,True,0.2082182138421401,0.0009990009990009,0.0024902392995454,False,196,741,196,Category 1: CT1,,,,
gene_1,0.8031360517065788,0.0009990009990009,0.0024902392995454,0.600861625298325,0.600861625298325,True,0.2011239493058403,0.0009990009990009,0.0024902392995454,True,197,1,197,Category 1: CT1,,,,
gene_68,0.8056878721907521,0.0009990009990009,0.0024902392995454,0.6006073999195539,0.6006073999195539,True,0.2014013962402879,0.0009990009990009,0.0024902392995454,True,198,68,198,Category 1: CT1,,,,
gene_635,0.7772798311193032,0.0009990009990009,0.0024902392995454,0.5977951862560068,0.5977951862560068,True,0.2008343687750089,0.0009990009990009,0.0024902392995454,False,199,635,199,Category 1: CT1,,,,
gene_56,0.8048682181512496,0.0009990009990009,0.0024902392995454,0.5965470614785253,0.5965470614785253,True,0.1980949585593174,0.0009990009990009,0.0024902392995454,True,200,56,200,Category 1: CT1,,,,
gene_330,0.8200985512066892,0.0009990009990009,0.0024902392995454,0.4646682315597675,0.4522991457299706,True,0.2924117522577191,0.0009990009990009,0.0024902392995454,True,1,330,1,Category 2: CT1 + CT2,0.4522991457299706,,,
gene_207,0.8083623744004279,0.0009990009990009,0.0024902392995454,0.4513794820770121,0.4504023215804685,True,0.2620237944716737,0.0009990009990009,0.0024902392995454,True,2,207,2,Category 2: CT1 + CT2,0.4504023215804685,,,
gene_297,0.8151852488824013,0.0009990009990009,0.0024902392995454,0.4483394668898616,0.4450245144516378,True,0.2517246425514886,0.0009990009990009,0.0024902392995454,True,3,297,3,Category 2: CT1 + CT2,0.4450245144516378,,,
gene_355,0.8151262105518216,0.0009990009990009,0.0024902392995454,0.4414047394284229,0.4414047394284229,True,0.2378353942720754,0.0009990009990009,0.0024902392995454,True,4,355,4,Category 2: CT1 + CT2,0.4443432009134634,,,
gene_302,0.8198018151553361,0.0009990009990009,0.0024902392995454,0.4390049335546425,0.4390049335546425,True,0.2678484972101655,0.0009990009990009,0.0024902392995454,True,5,302,5,Category 2: CT1 + CT2,0.4981702027070996,,,
gene_222,0.8167611564026547,0.0009990009990009,0.0024902392995454,0.4386035456735749,0.4386035456735749,True,0.2376069730977092,0.0009990009990009,0.0024902392995454,True,6,222,6,Category 2: CT1 + CT2,0.4420225639877528,,,
gene_397,0.8163994584555849,0.0009990009990009,0.0024902392995454,0.4610023996272582,0.4385097890110723,True,0.2622121071709602,0.0009990009990009,0.0024902392995454,True,7,397,7,Category 2: CT1 + CT2,0.4385097890110723,,,
gene_247,0.8195127103956503,0.0009990009990009,0.0024902392995454,0.4384606475264779,0.4384606475264779,True,0.2762037031538158,0.0009990009990009,0.0024902392995454,True,8,247,8,Category 2: CT1 + CT2,0.4722193946054654,,,
gene_218,0.8158659558657795,0.0009990009990009,0.0024902392995454,0.4375783204874769,0.4371483102178841,True,0.2246974943950372,0.0009990009990009,0.0024902392995454,True,9,218,9,Category 2: CT1 + CT2,0.4371483102178841,,,
gene_234,0.8121285975857514,0.0009990009990009,0.0024902392995454,0.4367878097620478,0.4367878097620478,True,0.2476865109749768,0.0009990009990009,0.0024902392995454,True,10,234,10,Category 2: CT1 + CT2,0.4550015764959975,,,
gene_393,0.8208964286905311,0.0009990009990009,0.0024902392995454,0.4366830523504979,0.4366830523504979,True,0.24351978734425,0.0009990009990009,0.0024902392995454,True,11,393,11,Category 2: CT1 + CT2,0.4552161207258504,,,
gene_252,0.8093286937136096,0.0009990009990009,0.0024902392995454,0.4328806871189024,0.4328806871189024,True,0.2184830739467812,0.0009990009990009,0.0024902392995454,True,12,252,12,Category 2: CT1 + CT2,0.4386008715170313,,,
gene_231,0.8090008596300474,0.0009990009990009,0.0024902392995454,0.4472505811803692,0.430760697935589,True,0.2305283354772226,0.0009990009990009,0.0024902392995454,True,13,231,13,Category 2: CT1 + CT2,0.430760697935589,,,
gene_385,0.8144293624511527,0.0009990009990009,0.0024902392995454,0.4307282943846548,0.4307282943846548,True,0.2151475608478791,0.0009990009990009,0.0024902392995454,True,14,385,14,Category 2: CT1 + CT2,0.4333084561143811,,,
gene_319,0.8164055773588781,0.0009990009990009,0.0024902392995454,0.4307148664942094,0.4307148664942094,True,0.2200020442054372,0.0009990009990009,0.0024902392995454,True,15,319,15,Category 2: CT1 + CT2,0.4384020227786147,,,
gene_365,0.8149313004181185,0.0009990009990009,0.0024902392995454,0.4301643931147514,0.4301643931147514,True,0.222186425591349,0.0009990009990009,0.0024902392995454,True,16,365,16,Category 2: CT1 + CT2,0.4403435039315851,,,
gene_321,0.8096531131256416,0.0009990009990009,0.0024902392995454,0.4298158038847535,0.4298158038847535,True,0.2195921796762425,0.0009990009990009,0.0024902392995454,True,17,321,17,Category 2: CT1 + CT2,0.43760815938158,,,
gene_377,0.8138321344576178,0.0009990009990009,0.0024902392995454,0.4293780324958125,0.4293780324958125,True,0.2164171381025395,0.0009990009990009,0.0024902392995454,True,18,377,18,Category 2: CT1 + CT2,0.4379713550678157,,,
gene_316,0.8104455984926426,0.0009990009990009,0.0024902392995454,0.4290705100994355,0.4290705100994355,True,0.2111190857144975,0.0009990009990009,0.0024902392995454,True,19,316,19,Category 2: CT1 + CT2,0.434355544183346,,,
gene_372,0.8142874248918952,0.0009990009990009,0.0024902392995454,0.4286355646099363,0.4286355646099363,True,0.2171360717993581,0.0009990009990009,0.0024902392995454,True,20,372,20,Category 2: CT1 + CT2,0.4404592942762415,,,
gene_225,0.8195867016279703,0.0009990009990009,0.0024902392995454,0.4276513013146224,0.4276513013146224,True,0.2693458826428141,0.0009990009990009,0.0024902392995454,True,21,225,21,Category 2: CT1 + CT2,0.4754527332320262,,,
gene_235,0.8158278661148405,0.0009990009990009,0.0024902392995454,0.4276237667762405,0.4276237667762405,True,0.2175092614161318,0.0009990009990009,0.0024902392995454,True,22,235,22,Category 2: CT1 + CT2,0.4393555736265913,,,
gene_262,0.8119356532072854,0.0009990009990009,0.0024902392995454,0.4273546506228574,0.4273546506228574,True,0.2096139118668323,0.0009990009990009,0.0024902392995454,True,23,262,23,Category 2: CT1 + CT2,0.4346350860264613,,,
gene_362,0.8116802833197091,0.0009990009990009,0.0024902392995454,0.4387396466509103,0.4269641634856611,True,0.2166102141428945,0.0009990009990009,0.0024902392995454,True,24,362,24,Category 2: CT1 + CT2,0.4269641634856611,,,
gene_229,0.8137956923817864,0.0009990009990009,0.0024902392995454,0.4350368819696907,0.4266986985607265,True,0.209520499857579,0.0009990009990009,0.0024902392995454,True,25,229,25,Category 2: CT1 + CT2,0.4266986985607265,,,
gene_200,0.817806701091081,0.0009990009990009,0.0024902392995454,0.4266498895040425,0.4266498895040425,True,0.2422317609652401,0.0009990009990009,0.0024902392995454,True,26,200,26,Category 2: CT1 + CT2,0.4607810628485934,,,
gene_237,0.8105386157182732,0.0009990009990009,0.0024902392995454,0.426634176993198,0.426634176993198,True,0.2204354653978423,0.0009990009990009,0.0024902392995454,True,27,237,27,Category 2: CT1 + CT2,0.4442263695233722,,,
gene_210,0.8129774665511844,0.0009990009990009,0.0024902392995454,0.4265982076227034,0.4265982076227034,True,0.2460875727707926,0.0009990009990009,0.0024902392995454,True,28,210,28,Category 2: CT1 + CT2,0.4637565814880947,,,
gene_375,0.8154852682104501,0.0009990009990009,0.0024902392995454,0.4263781520878308,0.4263781520878308,True,0.2302258621080965,0.0009990009990009,0.0024902392995454,True,29,375,29,Category 2: CT1 + CT2,0.4502644782858107,,,
gene_373,0.817558591343286,0.0009990009990009,0.0024902392995454,0.4263153376856385,0.4263153376856385,True,0.2468523049355154,0.0009990009990009,0.0024902392995454,True,30,373,30,Category 2: CT1 + CT2,0.4648296109241489,,,
gene_364,0.8133284060679982,0.0009990009990009,0.0024902392995454,0.4260667425420665,0.4260667425420665,True,0.1983006588078857,0.0009990009990009,0.0024902392995454,True,31,364,31,Category 2: CT1 + CT2,0.4270625177373491,,,
gene_285,0.8146104302320191,0.0009990009990009,0.0024902392995454,0.4246778977832308,0.4246778977832308,True,0.2033888903872317,0.0009990009990009,0.0024902392995454,True,32,285,32,Category 2: CT1 + CT2,0.4315928704334745,,,
gene_240,0.811088249128623,0.0009990009990009,0.0024902392995454,0.424612475525384,0.424612475525384,True,0.2085933580698523,0.0009990009990009,0.0024902392995454,True,33,240,33,Category 2: CT1 + CT2,0.4359683019680914,,,
gene_249,0.8112534606728654,0.0009990009990009,0.0024902392995454,0.4245877949384962,0.4245877949384962,True,0.2014833710168989,0.0009990009990009,0.0024902392995454,True,34,249,34,Category 2: CT1 + CT2,0.429995001499287,,,
gene_227,0.8152826637833757,0.0009990009990009,0.0024902392995454,0.4244560015195026,0.4244560015195026,True,0.2336111865219962,0.0009990009990009,0.0024902392995454,True,35,227,35,Category 2: CT1 + CT2,0.4553451661453157,,,
gene_245,0.8173479669691502,0.0009990009990009,0.0024902392995454,0.424217944887284,0.424217944887284,True,0.2213400250257702,0.0009990009990009,0.0024902392995454,True,36,245,36,Category 2: CT1 + CT2,0.4476445705278825,,,
gene_328,0.8126612445287769,0.0009990009990009,0.0024902392995454,0.4240473375192155,0.4240473375192155,True,0.1968028997427948,0.0009990009990009,0.0024902392995454,True,37,328,37,Category 2: CT1 + CT2,0.4268511923790924,,,
gene_280,0.8104282027365415,0.0009990009990009,0.0024902392995454,0.4238955245194996,0.4238955245194996,True,0.2250862779979294,0.0009990009990009,0.0024902392995454,True,38,280,38,Category 2: CT1 + CT2,0.4499992946364005,,,
gene_368,0.8128404883718368,0.0009990009990009,0.0024902392995454,0.4264540431123271,0.4238024101088404,True,0.1949434548657433,0.0009990009990009,0.0024902392995454,True,39,368,39,Category 2: CT1 + CT2,0.4238024101088404,,,
gene_347,0.8111844914074198,0.0009990009990009,0.0024902392995454,0.4236588575524377,0.4236588575524377,True,0.2147901336030237,0.0009990009990009,0.0024902392995454,True,40,347,40,Category 2: CT1 + CT2,0.4418790544277708,,,
gene_276,0.8103193260695459,0.0009990009990009,0.0024902392995454,0.4351086240001945,0.4229876529706372,True,0.204543727413054,0.0009990009990009,0.0024902392995454,True,41,276,41,Category 2: CT1 + CT2,0.4229876529706372,,,
gene_351,0.8127581101434521,0.0009990009990009,0.0024902392995454,0.4216648889289344,0.4216648889289344,True,0.2062738836773408,0.0009990009990009,0.0024902392995454,True,42,351,42,Category 2: CT1 + CT2,0.4377019019424069,,,
gene_257,0.8146060426735723,0.0009990009990009,0.0024902392995454,0.4213099077355379,0.4213099077355379,True,0.2118693391179572,0.0009990009990009,0.0024902392995454,True,43,257,43,Category 2: CT1 + CT2,0.443608997028575,,,
gene_215,0.8120603528401141,0.0009990009990009,0.0024902392995454,0.42114872004269,0.42114872004269,True,0.1967705811587296,0.0009990009990009,0.0024902392995454,True,44,215,44,Category 2: CT1 + CT2,0.4300462418453256,,,
gene_307,0.8103241321377748,0.0009990009990009,0.0024902392995454,0.4236002829504079,0.4209792630417292,True,0.1872596797155163,0.0009990009990009,0.0024902392995454,True,45,307,45,Category 2: CT1 + CT2,0.4209792630417292,,,
gene_238,0.8121239932676294,0.0009990009990009,0.0024902392995454,0.420697634112631,0.420697634112631,True,0.2197130876978561,0.0009990009990009,0.0024902392995454,True,46,238,46,Category 2: CT1 + CT2,0.4477235092626369,,,
gene_298,0.8153313371407732,0.0009990009990009,0.0024902392995454,0.4204811919421933,0.4204811919421933,True,0.2236470563026544,0.0009990009990009,0.0024902392995454,True,47,298,47,Category 2: CT1 + CT2,0.4449820869545584,,,
gene_320,0.8124155044352107,0.0009990009990009,0.0024902392995454,0.4200274517805398,0.4200274517805398,True,0.186745137620198,0.0009990009990009,0.0024902392995454,True,48,320,48,Category 2: CT1 + CT2,0.4231603955788995,,,
gene_274,0.8088587279886663,0.0009990009990009,0.0024902392995454,0.4212370964726742,0.4199319000466988,True,0.1839237047932944,0.0009990009990009,0.0024902392995454,True,49,274,49,Category 2: CT1 + CT2,0.4199319000466988,,,
gene_305,0.8129859879729697,0.0009990009990009,0.0024902392995454,0.4198772654888016,0.4198772654888016,True,0.2155416490371706,0.0009990009990009,0.0024902392995454,True,50,305,50,Category 2: CT1 + CT2,0.4427345406582684,,,
gene_360,0.8125949705928591,0.0009990009990009,0.0024902392995454,0.4196709154377391,0.4196709154377391,True,0.2168154523644968,0.0009990009990009,0.0024902392995454,True,51,360,51,Category 2: CT1 + CT2,0.4472925040835381,,,
gene_348,0.8113687962615502,0.0009990009990009,0.0024902392995454,0.4195035168883041,0.4195035168883041,True,0.1870211693055322,0.0009990009990009,0.0024902392995454,True,52,348,52,Category 2: CT1 + CT2,0.4211483829613281,,,
gene_248,0.8120953216341894,0.0009990009990009,0.0024902392995454,0.4303081741095796,0.4193643200923239,True,0.1967052825905897,0.0009990009990009,0.0024902392995454,True,53,248,53,Category 2: CT1 + CT2,0.4193643200923239,,,
gene_308,0.8076579299965055,0.0009990009990009,0.0024902392995454,0.4191068524725072,0.4191068524725072,True,0.1897638194048906,0.0009990009990009,0.0024902392995454,True,54,308,54,Category 2: CT1 + CT2,0.4313841065288062,,,
gene_313,0.8111459556452705,0.0009990009990009,0.0024902392995454,0.4188424164924882,0.4188424164924882,True,0.1930366359922898,0.0009990009990009,0.0024902392995454,True,55,313,55,Category 2: CT1 + CT2,0.4294371899607418,,,
gene_246,0.8071580624989914,0.0009990009990009,0.0024902392995454,0.4187827455027931,0.4187827455027931,True,0.1861010464779526,0.0009990009990009,0.0024902392995454,True,56,246,56,Category 2: CT1 + CT2,0.4222527739318114,,,
gene_322,0.8201563964490379,0.0009990009990009,0.0024902392995454,0.4186719292048241,0.4186719292048241,True,0.249924685640272,0.0009990009990009,0.0024902392995454,True,57,322,57,Category 2: CT1 + CT2,0.4720064338641842,,,
gene_304,0.8181436237465456,0.0009990009990009,0.0024902392995454,0.4186361799794431,0.4186361799794431,True,0.2365783374417132,0.0009990009990009,0.0024902392995454,True,58,304,58,Category 2: CT1 + CT2,0.4637603128478629,,,
gene_310,0.8117746442780679,0.0009990009990009,0.0024902392995454,0.4196103334393798,0.4186274994924782,True,0.1803221130445725,0.0009990009990009,0.0024902392995454,True,59,310,59,Category 2: CT1 + CT2,0.4186274994924782,,,
gene_212,0.8114634173573886,0.0009990009990009,0.0024902392995454,0.4182856737153796,0.4182856737153796,True,0.2049643575482296,0.0009990009990009,0.0024902392995454,True,60,212,60,Category 2: CT1 + CT2,0.4409864619213103,,,
gene_301,0.8068898062068833,0.0009990009990009,0.0024902392995454,0.4182414862717706,0.4182414862717706,True,0.1882554104224014,0.0009990009990009,0.0024902392995454,True,61,301,61,Category 2: CT1 + CT2,0.4264883066329871,,,
gene_264,0.8111918632904452,0.0009990009990009,0.0024902392995454,0.4179161054291741,0.4179161054291741,True,0.2019168335078404,0.0009990009990009,0.0024902392995454,True,62,264,62,Category 2: CT1 + CT2,0.4377443487580048,,,
gene_394,0.8122795086237926,0.0009990009990009,0.0024902392995454,0.4178022264402208,0.4178022264402208,True,0.1829071771801644,0.0009990009990009,0.0024902392995454,True,63,394,63,Category 2: CT1 + CT2,0.4221298946243612,,,
gene_288,0.8225368006381035,0.0009990009990009,0.0024902392995454,0.4172225914206514,0.4172225914206514,True,0.2574780368276313,0.0009990009990009,0.0024902392995454,True,64,288,64,Category 2: CT1 + CT2,0.4771419827542013,,,
gene_369,0.8105128143666293,0.0009990009990009,0.0024902392995454,0.4170649941020234,0.4170649941020234,True,0.1840693050474563,0.0009990009990009,0.0024902392995454,True,65,369,65,Category 2: CT1 + CT2,0.423391517374846,,,
gene_371,0.812139233525611,0.0009990009990009,0.0024902392995454,0.4169360220219731,0.4169360220219731,True,0.1897094820713109,0.0009990009990009,0.0024902392995454,True,66,371,66,Category 2: CT1 + CT2,0.4285357216323941,,,
gene_363,0.8157910854787171,0.0009990009990009,0.0024902392995454,0.4168651786415974,0.4168651786415974,True,0.2431172502822756,0.0009990009990009,0.0024902392995454,True,67,363,67,Category 2: CT1 + CT2,0.469993480089807,,,
gene_398,0.806592150314427,0.0009990009990009,0.0024902392995454,0.4168095951206101,0.4168095951206101,True,0.2057895786511003,0.0009990009990009,0.0024902392995454,True,68,398,68,Category 2: CT1 + CT2,0.4424341158543531,,,
gene_255,0.8117645893825977,0.0009990009990009,0.0024902392995454,0.4153191506657755,0.4153191506657755,True,0.2107971972009019,0.0009990009990009,0.0024902392995454,True,69,255,69,Category 2: CT1 + CT2,0.4487841518614612,,,
gene_253,0.8120068545410858,0.0009990009990009,0.0024902392995454,0.4150265484690947,0.4150265484690947,True,0.1948935799055509,0.0009990009990009,0.0024902392995454,True,70,253,70,Category 2: CT1 + CT2,0.4351686232785616,,,
gene_204,0.8155671684838952,0.0009990009990009,0.0024902392995454,0.4146252847121487,0.4146252847121487,True,0.2043408535444749,0.0009990009990009,0.0024902392995454,True,71,204,71,Category 2: CT1 + CT2,0.4438768863374975,,,
gene_259,0.8116795725029315,0.0009990009990009,0.0024902392995454,0.4142632831896091,0.4142632831896091,True,0.2039325150527993,0.0009990009990009,0.0024902392995454,True,72,259,72,Category 2: CT1 + CT2,0.4423098145499625,,,
gene_345,0.8087891013780276,0.0009990009990009,0.0024902392995454,0.4222495356823291,0.4139183241813497,True,0.180317789273213,0.0009990009990009,0.0024902392995454,True,73,345,73,Category 2: CT1 + CT2,0.4139183241813497,,,
gene_329,0.8172332253260131,0.0009990009990009,0.0024902392995454,0.4137106348064943,0.4137106348064943,True,0.2080250821527692,0.0009990009990009,0.0024902392995454,True,74,329,74,Category 2: CT1 + CT2,0.4481960160558936,,,
gene_286,0.8074872106017098,0.0009990009990009,0.0024902392995454,0.4134710880741494,0.413468576335652,True,0.1680292338418717,0.0009990009990009,0.0024902392995454,True,75,286,75,Category 2: CT1 + CT2,0.413468576335652,,,
gene_341,0.8111100220117851,0.0009990009990009,0.0024902392995454,0.4133858023772403,0.4133858023772403,True,0.228755349445698,0.0009990009990009,0.0024902392995454,True,76,341,76,Category 2: CT1 + CT2,0.4614669175721718,,,
gene_220,0.8122483904100299,0.0009990009990009,0.0024902392995454,0.4133165634357789,0.4133165634357789,True,0.1894879803790586,0.0009990009990009,0.0024902392995454,True,77,220,77,Category 2: CT1 + CT2,0.4326069409759266,,,
gene_269,0.811905621690852,0.0009990009990009,0.0024902392995454,0.4131506121204089,0.4131506121204089,True,0.2058207091805458,0.0009990009990009,0.0024902392995454,True,78,269,78,Category 2: CT1 + CT2,0.4443652090702745,,,
gene_325,0.8087230012684621,0.0009990009990009,0.0024902392995454,0.4129753308925819,0.4129753308925819,True,0.1935030420842,0.0009990009990009,0.0024902392995454,True,79,325,79,Category 2: CT1 + CT2,0.4360053854299338,,,
gene_205,0.8081197188103924,0.0009990009990009,0.0024902392995454,0.4127359591577116,0.4127359591577116,True,0.1703866520322405,0.0009990009990009,0.0024902392995454,True,80,205,80,Category 2: CT1 + CT2,0.4170421038081633,,,
gene_267,0.8136096600502609,0.0009990009990009,0.0024902392995454,0.4126505792516256,0.4126505792516256,True,0.2039583958459037,0.0009990009990009,0.0024902392995454,True,81,267,81,Category 2: CT1 + CT2,0.4453059291734297,,,
gene_256,0.8118974040816367,0.0009990009990009,0.0024902392995454,0.412643974714839,0.412643974714839,True,0.1904617080658335,0.0009990009990009,0.0024902392995454,True,82,256,82,Category 2: CT1 + CT2,0.4320937945191199,,,
gene_209,0.8059507215109781,0.0009990009990009,0.0024902392995454,0.4122625388694247,0.4122625388694247,True,0.1782983031321541,0.0009990009990009,0.0024902392995454,True,83,209,83,Category 2: CT1 + CT2,0.4244850866816236,,,
gene_314,0.8149315432285401,0.0009990009990009,0.0024902392995454,0.4121562054252866,0.4121562054252866,True,0.2074864159475945,0.0009990009990009,0.0024902392995454,True,84,314,84,Category 2: CT1 + CT2,0.4480778764791969,,,
gene_399,0.8156242780433116,0.0009990009990009,0.0024902392995454,0.4120159756550817,0.4120159756550817,True,0.2294009711455656,0.0009990009990009,0.0024902392995454,True,85,399,85,Category 2: CT1 + CT2,0.4630211988335406,,,
gene_270,0.8087613444068852,0.0009990009990009,0.0024902392995454,0.4117245341453185,0.4117245341453185,True,0.1696766724075873,0.0009990009990009,0.0024902392995454,True,86,270,86,Category 2: CT1 + CT2,0.4168083253731812,,,
gene_208,0.8153489914115573,0.0009990009990009,0.0024902392995454,0.4117025037680659,0.4117025037680659,True,0.2130321243244884,0.0009990009990009,0.0024902392995454,True,87,208,87,Category 2: CT1 + CT2,0.4524623890055216,,,
gene_332,0.8103891595962309,0.0009990009990009,0.0024902392995454,0.4116201546159652,0.4116201546159652,True,0.1845906510672774,0.0009990009990009,0.0024902392995454,True,88,332,88,Category 2: CT1 + CT2,0.428907442206776,,,
gene_273,0.8122383017997937,0.0009990009990009,0.0024902392995454,0.4116069747062646,0.4116069747062646,True,0.2012451729980887,0.0009990009990009,0.0024902392995454,True,89,273,89,Category 2: CT1 + CT2,0.4403656540294285,,,
gene_346,0.8102926374084719,0.0009990009990009,0.0024902392995454,0.4114141845532147,0.4114141845532147,True,0.1698529820621421,0.0009990009990009,0.0024902392995454,True,90,346,90,Category 2: CT1 + CT2,0.4184939290136598,,,
gene_323,0.8092386759807572,0.0009990009990009,0.0024902392995454,0.4109839288813366,0.4109839288813366,True,0.1854129616039854,0.0009990009990009,0.0024902392995454,True,91,323,91,Category 2: CT1 + CT2,0.430584576235078,,,
gene_296,0.8091924611735647,0.0009990009990009,0.0024902392995454,0.4109543354251559,0.4109543354251559,True,0.184845925407904,0.0009990009990009,0.0024902392995454,True,92,296,92,Category 2: CT1 + CT2,0.4296980099297137,,,
gene_272,0.8119235091498075,0.0009990009990009,0.0024902392995454,0.4556092077109111,0.4106326602184819,True,0.2163239475836925,0.0009990009990009,0.0024902392995454,True,93,272,93,Category 2: CT1 + CT2,0.4106326602184819,,,
gene_202,0.8122996007259697,0.0009990009990009,0.0024902392995454,0.4104745472895654,0.4104745472895654,True,0.2246695699847785,0.0009990009990009,0.0024902392995454,True,94,202,94,Category 2: CT1 + CT2,0.4627363274386566,,,
gene_278,0.814050191954357,0.0009990009990009,0.0024902392995454,0.4104703666457833,0.4104703666457833,True,0.2012008701528326,0.0009990009990009,0.0024902392995454,True,95,278,95,Category 2: CT1 + CT2,0.4409171633595501,,,
gene_338,0.8124875690286094,0.0009990009990009,0.0024902392995454,0.4102817175665365,0.4102817175665365,True,0.2023202487034737,0.0009990009990009,0.0024902392995454,True,96,338,96,Category 2: CT1 + CT2,0.4458109284942342,,,
gene_261,0.8107747350766716,0.0009990009990009,0.0024902392995454,0.4101930386416824,0.4101930386416824,True,0.200081335592985,0.0009990009990009,0.0024902392995454,True,97,261,97,Category 2: CT1 + CT2,0.4439216035654204,,,
gene_311,0.8118452766328977,0.0009990009990009,0.0024902392995454,0.4100072276444091,0.4100072276444091,True,0.206509672906782,0.0009990009990009,0.0024902392995454,True,98,311,98,Category 2: CT1 + CT2,0.4470920878963805,,,
gene_260,0.8055578277637289,0.0009990009990009,0.0024902392995454,0.4175934325020836,0.4099328974354495,True,0.1690105576897396,0.0009990009990009,0.0024902392995454,True,99,260,99,Category 2: CT1 + CT2,0.4099328974354495,,,
gene_206,0.8132464092471571,0.0009990009990009,0.0024902392995454,0.4095972270721778,0.4095972270721778,True,0.207110896372084,0.0009990009990009,0.0024902392995454,True,100,206,100,Category 2: CT1 + CT2,0.4487985548707563,,,
gene_333,0.8147856751797868,0.0009990009990009,0.0024902392995454,0.4095632586370955,0.4095632586370955,True,0.2112088188560994,0.0009990009990009,0.0024902392995454,True,101,333,101,Category 2: CT1 + CT2,0.4543218053314897,,,
gene_382,0.8136564984339022,0.0009990009990009,0.0024902392995454,0.4094844652168437,0.4094844652168437,True,0.222552998837063,0.0009990009990009,0.0024902392995454,True,102,382,102,Category 2: CT1 + CT2,0.4564546362920553,,,
gene_211,0.8158151217619986,0.0009990009990009,0.0024902392995454,0.4086823645787331,0.4086823645787331,True,0.211436158537917,0.0009990009990009,0.0024902392995454,True,103,211,103,Category 2: CT1 + CT2,0.4543047429148072,,,
gene_295,0.8141898901029311,0.0009990009990009,0.0024902392995454,0.408532073806178,0.408532073806178,True,0.2113449916512787,0.0009990009990009,0.0024902392995454,True,104,295,104,Category 2: CT1 + CT2,0.452431758318993,,,
gene_254,0.8160261775059426,0.0009990009990009,0.0024902392995454,0.4082186647925988,0.4082186647925988,True,0.2362628213588888,0.0009990009990009,0.0024902392995454,True,105,254,105,Category 2: CT1 + CT2,0.4756970044098691,,,
gene_342,0.8094435682989103,0.0009990009990009,0.0024902392995454,0.4318123641845396,0.4081605953864287,True,0.1829984380392618,0.0009990009990009,0.0024902392995454,True,106,342,106,Category 2: CT1 + CT2,0.4081605953864287,,,
gene_318,0.8144651909487173,0.0009990009990009,0.0024902392995454,0.4081591406563832,0.4081591406563832,True,0.209893493650996,0.0009990009990009,0.0024902392995454,True,107,318,107,Category 2: CT1 + CT2,0.452541191374709,,,
gene_219,0.8104727789236464,0.0009990009990009,0.0024902392995454,0.4080149862925127,0.4080149862925127,True,0.1978930387183659,0.0009990009990009,0.0024902392995454,True,108,219,108,Category 2: CT1 + CT2,0.4431356804963122,,,
gene_223,0.8133024617289869,0.0009990009990009,0.0024902392995454,0.4077097198124679,0.4077097198124679,True,0.2075737760471023,0.0009990009990009,0.0024902392995454,True,109,223,109,Category 2: CT1 + CT2,0.4499098751697093,,,
gene_226,0.8152185274012798,0.0009990009990009,0.0024902392995454,0.4074054223760698,0.4074054223760698,True,0.1927482548973134,0.0009990009990009,0.0024902392995454,True,110,226,110,Category 2: CT1 + CT2,0.4412635848049564,,,
gene_239,0.8090384023158677,0.0009990009990009,0.0024902392995454,0.4073818526066434,0.4073818526066434,True,0.1838021858771093,0.0009990009990009,0.0024902392995454,True,111,239,111,Category 2: CT1 + CT2,0.434943147895652,,,
gene_367,0.8062749527114665,0.0009990009990009,0.0024902392995454,0.4073412194127395,0.4073412194127395,True,0.1715052617005422,0.0009990009990009,0.0024902392995454,True,112,367,112,Category 2: CT1 + CT2,0.4169783076946503,,,
gene_213,0.8131817082001913,0.0009990009990009,0.0024902392995454,0.4066877496680385,0.4066877496680385,True,0.2067732343596757,0.0009990009990009,0.0024902392995454,True,113,213,113,Category 2: CT1 + CT2,0.4529465200912139,,,
gene_340,0.8145693949187867,0.0009990009990009,0.0024902392995454,0.4066368375085117,0.4066368375085117,True,0.2010354423235674,0.0009990009990009,0.0024902392995454,True,114,340,114,Category 2: CT1 + CT2,0.44824469773004,,,
gene_292,0.8091025999697993,0.0009990009990009,0.0024902392995454,0.4065975427054874,0.4065975427054874,True,0.1544588830422443,0.0009990009990009,0.0024902392995454,True,115,292,115,Category 2: CT1 + CT2,0.4073533667810248,,,
gene_294,0.8112686357915189,0.0009990009990009,0.0024902392995454,0.4064797042934274,0.4064797042934274,True,0.1665353487878151,0.0009990009990009,0.0024902392995454,True,116,294,116,Category 2: CT1 + CT2,0.4197302084558297,,,
gene_287,0.8121608176682278,0.0009990009990009,0.0024902392995454,0.4064216008470902,0.4064216008470902,True,0.2137014965549249,0.0009990009990009,0.0024902392995454,True,117,287,117,Category 2: CT1 + CT2,0.4572653896509914,,,
gene_352,0.8136487228318419,0.0009990009990009,0.0024902392995454,0.4063783256180087,0.4063783256180087,True,0.2109568481793686,0.0009990009990009,0.0024902392995454,True,118,352,118,Category 2: CT1 + CT2,0.4535854690248657,,,
gene_339,0.8092561936995132,0.0009990009990009,0.0024902392995454,0.4063428204980633,0.4063428204980633,True,0.1753184978875374,0.0009990009990009,0.0024902392995454,True,119,339,119,Category 2: CT1 + CT2,0.4260785761197797,,,
gene_282,0.8063720140891089,0.0009990009990009,0.0024902392995454,0.4062022447469784,0.4062022447469784,True,0.1781829750660767,0.0009990009990009,0.0024902392995454,True,120,282,120,Category 2: CT1 + CT2,0.4291738563273248,,,
gene_233,0.8111812943837131,0.0009990009990009,0.0024902392995454,0.4058450049861978,0.4058450049861978,True,0.1869444008047446,0.0009990009990009,0.0024902392995454,True,121,233,121,Category 2: CT1 + CT2,0.4372465054241207,,,
gene_279,0.8176635125659312,0.0009990009990009,0.0024902392995454,0.4057668196579395,0.4057668196579395,True,0.2320736326877746,0.0009990009990009,0.0024902392995454,True,122,279,122,Category 2: CT1 + CT2,0.4708243398135586,,,
gene_306,0.8141865631307571,0.0009990009990009,0.0024902392995454,0.4057637460482273,0.4057637460482273,True,0.206527528090858,0.0009990009990009,0.0024902392995454,True,123,306,123,Category 2: CT1 + CT2,0.4531483625739249,,,
gene_808,0.787624476030573,0.0009990009990009,0.0024902392995454,0.436535519954154,0.4055645204135618,True,0.1849305279483781,0.0009990009990009,0.0024902392995454,False,124,808,124,Category 2: CT1 + CT2,0.4055645204135618,,,
gene_392,0.8116914742540088,0.0009990009990009,0.0024902392995454,0.4051477362242077,0.4051477362242077,True,0.1938752158004725,0.0009990009990009,0.0024902392995454,True,125,392,125,Category 2: CT1 + CT2,0.4433260370494444,,,
gene_224,0.8082777125249023,0.0009990009990009,0.0024902392995454,0.4050063020882558,0.4050063020882558,True,0.1779530801470328,0.0009990009990009,0.0024902392995454,True,126,224,126,Category 2: CT1 + CT2,0.4287906142631115,,,
gene_349,0.8189355488876282,0.0009990009990009,0.0024902392995454,0.4049246776026808,0.4049246776026808,True,0.2320696789425608,0.0009990009990009,0.0024902392995454,True,127,349,127,Category 2: CT1 + CT2,0.471641730273524,,,
gene_964,0.793490095620851,0.0009990009990009,0.0024902392995454,0.4262397138702825,0.4048466996214325,True,0.1724045124287673,0.0009990009990009,0.0024902392995454,False,128,964,128,Category 2: CT1 + CT2,0.4048466996214325,,,
gene_353,0.8114421802564229,0.0009990009990009,0.0024902392995454,0.4048402939807344,0.4048402939807344,True,0.2038077727868655,0.0009990009990009,0.0024902392995454,True,129,353,129,Category 2: CT1 + CT2,0.4499197005256901,,,
gene_303,0.8090763974442213,0.0009990009990009,0.0024902392995454,0.4042300553924877,0.4042300553924877,True,0.186666682433777,0.0009990009990009,0.0024902392995454,True,130,303,130,Category 2: CT1 + CT2,0.4380966473027222,,,
gene_331,0.8105827409666401,0.0009990009990009,0.0024902392995454,0.4040998530919342,0.4040998530919342,True,0.1748296062273105,0.0009990009990009,0.0024902392995454,True,131,331,131,Category 2: CT1 + CT2,0.4271739587160605,,,
gene_281,0.8114501908378635,0.0009990009990009,0.0024902392995454,0.4040353356048236,0.4040353356048236,True,0.2105073035223748,0.0009990009990009,0.0024902392995454,True,132,281,132,Category 2: CT1 + CT2,0.4574499701480968,,,
gene_266,0.8075001644521062,0.0009990009990009,0.0024902392995454,0.4037563706146493,0.4037563706146493,True,0.1645870490465678,0.0009990009990009,0.0024902392995454,True,133,266,133,Category 2: CT1 + CT2,0.4155095360899629,,,
gene_203,0.811020990905567,0.0009990009990009,0.0024902392995454,0.403508029405586,0.403508029405586,True,0.1818202804730031,0.0009990009990009,0.0024902392995454,True,134,203,134,Category 2: CT1 + CT2,0.4353908028066063,,,
gene_284,0.813008373381185,0.0009990009990009,0.0024902392995454,0.4033860538233785,0.4033860538233785,True,0.2122706661423318,0.0009990009990009,0.0024902392995454,True,135,284,135,Category 2: CT1 + CT2,0.4586365888511045,,,
gene_386,0.8147433843901111,0.0009990009990009,0.0024902392995454,0.4032038665367496,0.4032038665367496,True,0.2118685828762514,0.0009990009990009,0.0024902392995454,True,136,386,136,Category 2: CT1 + CT2,0.4584410031231013,,,
gene_230,0.812239779594785,0.0009990009990009,0.0024902392995454,0.4029630162659389,0.4029630162659389,True,0.1831743289698327,0.0009990009990009,0.0024902392995454,True,137,230,137,Category 2: CT1 + CT2,0.4362217843147494,,,
gene_263,0.814276598249122,0.0009990009990009,0.0024902392995454,0.4028328610544133,0.4028328610544133,True,0.2126187394115501,0.0009990009990009,0.0024902392995454,True,138,263,138,Category 2: CT1 + CT2,0.4607861150351822,,,
gene_395,0.8136301485155057,0.0009990009990009,0.0024902392995454,0.4025517136748825,0.4025517136748825,True,0.2211597555892968,0.0009990009990009,0.0024902392995454,True,139,395,139,Category 2: CT1 + CT2,0.4678953147446509,,,
gene_350,0.8118754004526968,0.0009990009990009,0.0024902392995454,0.4022786694151187,0.4022786694151187,True,0.1858615966410433,0.0009990009990009,0.0024902392995454,True,140,350,140,Category 2: CT1 + CT2,0.4386649930128595,,,
gene_293,0.8144050808365342,0.0009990009990009,0.0024902392995454,0.4021865593908805,0.4021865593908805,True,0.2017818383504632,0.0009990009990009,0.0024902392995454,True,141,293,141,Category 2: CT1 + CT2,0.4520825889800036,,,
gene_378,0.8126852463253593,0.0009990009990009,0.0024902392995454,0.4021722943313029,0.4021722943313029,True,0.213183267089196,0.0009990009990009,0.0024902392995454,True,142,378,142,Category 2: CT1 + CT2,0.463181478283188,,,
gene_357,0.8056708325566879,0.0009990009990009,0.0024902392995454,0.4017519482732501,0.4016826882811807,True,0.1437459239071992,0.0009990009990009,0.0024902392995454,True,143,357,143,Category 2: CT1 + CT2,0.4016826882811807,,,
gene_290,0.8178302140910776,0.0009990009990009,0.0024902392995454,0.401646186190778,0.401646186190778,True,0.2467063905049375,0.0009990009990009,0.0024902392995454,True,144,290,144,Category 2: CT1 + CT2,0.4843223538638811,,,
gene_241,0.8047183470016117,0.0009990009990009,0.0024902392995454,0.4167385054013939,0.4016354022265161,True,0.1610653579559967,0.0009990009990009,0.0024902392995454,True,145,241,145,Category 2: CT1 + CT2,0.4016354022265161,,,
gene_214,0.8088326932308558,0.0009990009990009,0.0024902392995454,0.4015968421184633,0.4015968421184633,True,0.1818126503523428,0.0009990009990009,0.0024902392995454,True,146,214,146,Category 2: CT1 + CT2,0.4335481393376296,,,
gene_356,0.8136054847669034,0.0009990009990009,0.0024902392995454,0.4013600021603741,0.4013600021603741,True,0.2000207996874105,0.0009990009990009,0.0024902392995454,True,147,356,147,Category 2: CT1 + CT2,0.45160122211652,,,
gene_327,0.8102854269824776,0.0009990009990009,0.0024902392995454,0.4009274404371654,0.4009274404371654,True,0.1794569042545113,0.0009990009990009,0.0024902392995454,True,148,327,148,Category 2: CT1 + CT2,0.4349807758642063,,,
gene_309,0.8114048252735154,0.0009990009990009,0.0024902392995454,0.4008679687738016,0.4008679687738016,True,0.19982787346447,0.0009990009990009,0.0024902392995454,True,149,309,149,Category 2: CT1 + CT2,0.451668572796691,,,
gene_374,0.8120479068112294,0.0009990009990009,0.0024902392995454,0.400635341170394,0.400635341170394,True,0.2129063081425778,0.0009990009990009,0.0024902392995454,True,150,374,150,Category 2: CT1 + CT2,0.4619234337358412,,,
gene_396,0.809490784283658,0.0009990009990009,0.0024902392995454,0.4004601996227937,0.4004601996227937,True,0.1777449228661486,0.0009990009990009,0.0024902392995454,True,151,396,151,Category 2: CT1 + CT2,0.428708358046277,,,
gene_337,0.8117375751025577,0.0009990009990009,0.0024902392995454,0.400285216429216,0.400285216429216,True,0.2077728656786541,0.0009990009990009,0.0024902392995454,True,152,337,152,Category 2: CT1 + CT2,0.458343850309826,,,
gene_291,0.8152330531062013,0.0009990009990009,0.0024902392995454,0.400136378889578,0.400136378889578,True,0.2117046940713056,0.0009990009990009,0.0024902392995454,True,153,291,153,Category 2: CT1 + CT2,0.4597909181528453,,,
gene_383,0.8069530328111985,0.0009990009990009,0.0024902392995454,0.3998927116210153,0.3998927116210153,True,0.1894816796637272,0.0009990009990009,0.0024902392995454,True,154,383,154,Category 2: CT1 + CT2,0.4434747614794041,,,
gene_265,0.8116141986430979,0.0009990009990009,0.0024902392995454,0.3997167164841599,0.3997167164841599,True,0.1954822345398406,0.0009990009990009,0.0024902392995454,True,155,265,155,Category 2: CT1 + CT2,0.4507508892042145,,,
gene_221,0.8102728587155338,0.0009990009990009,0.0024902392995454,0.3996324795680765,0.3996324795680765,True,0.1733474600268762,0.0009990009990009,0.0024902392995454,True,156,221,156,Category 2: CT1 + CT2,0.432080601983762,,,
gene_380,0.81580946971624,0.0009990009990009,0.0024902392995454,0.3992891800652294,0.3992891800652294,True,0.239140879944922,0.0009990009990009,0.0024902392995454,True,157,380,157,Category 2: CT1 + CT2,0.4810737101304242,,,
gene_990,0.7881824029380851,0.0009990009990009,0.0024902392995454,0.4267243627485252,0.3991988533173224,True,0.1663306850652553,0.0009990009990009,0.0024902392995454,False,158,990,158,Category 2: CT1 + CT2,0.3991988533173224,,,
gene_232,0.8118246266775462,0.0009990009990009,0.0024902392995454,0.3990275720714278,0.3990275720714278,True,0.1961860592031786,0.0009990009990009,0.0024902392995454,True,159,232,159,Category 2: CT1 + CT2,0.4522662582041123,,,
gene_387,0.8140366528434109,0.0009990009990009,0.0024902392995454,0.3989410286054711,0.3989410286054711,True,0.2026508634206095,0.0009990009990009,0.0024902392995454,True,160,387,160,Category 2: CT1 + CT2,0.4566465617886259,,,
gene_384,0.8136891171070679,0.0009990009990009,0.0024902392995454,0.3988891283295361,0.3988891283295361,True,0.2330274566380949,0.0009990009990009,0.0024902392995454,True,161,384,161,Category 2: CT1 + CT2,0.4782010915025432,,,
gene_813,0.7840739478738703,0.0009990009990009,0.0024902392995454,0.3977924384128454,0.3977924384128454,True,0.1346498607290848,0.0009990009990009,0.0024902392995454,False,162,813,162,Category 2: CT1 + CT2,0.437454289198163,,,
gene_228,0.8105762456637193,0.0009990009990009,0.0024902392995454,0.3976852746755746,0.3976852746755746,True,0.1852036125283933,0.0009990009990009,0.0024902392995454,True,163,228,163,Category 2: CT1 + CT2,0.4430714738653484,,,
gene_359,0.807902913002341,0.0009990009990009,0.0024902392995454,0.4116632202066116,0.3975533205167441,True,0.1510603510379216,0.0009990009990009,0.0024902392995454,True,164,359,164,Category 2: CT1 + CT2,0.3975533205167441,,,
gene_376,0.8130556763275769,0.0009990009990009,0.0024902392995454,0.3966298358626364,0.3966298358626364,True,0.2309377451633972,0.0009990009990009,0.0024902392995454,True,165,376,165,Category 2: CT1 + CT2,0.4791003997811878,,,
gene_379,0.8130272848989647,0.0009990009990009,0.0024902392995454,0.3965673471090448,0.3965673471090448,True,0.2041243053285628,0.0009990009990009,0.0024902392995454,True,166,379,166,Category 2: CT1 + CT2,0.4595091637377307,,,
gene_324,0.8078117291293277,0.0009990009990009,0.0024902392995454,0.3964247159190139,0.3964247159190139,True,0.1766717197882781,0.0009990009990009,0.0024902392995454,True,167,324,167,Category 2: CT1 + CT2,0.4366977645216543,,,
gene_1503,0.7294170101650354,0.0009990009990009,0.0024902392995454,0.3988837443775655,0.3963822752527774,True,0.1416726109283538,0.0009990009990009,0.0024902392995454,False,168,1503,168,Category 2: CT1 + CT2,0.3963822752527774,,,
gene_897,0.7818260506228812,0.0009990009990009,0.0024902392995454,0.3961013547197342,0.3961013547197342,True,0.1653486820291537,0.0009990009990009,0.0024902392995454,False,169,897,169,Category 2: CT1 + CT2,0.4260099577425248,,,
gene_242,0.812161216886262,0.0009990009990009,0.0024902392995454,0.3960566710067651,0.3960566710067651,True,0.1746253594606479,0.0009990009990009,0.0024902392995454,True,170,242,170,Category 2: CT1 + CT2,0.4361203848445792,,,
gene_361,0.8073002101531449,0.0009990009990009,0.0024902392995454,0.3959841450556926,0.3959841450556926,True,0.1643269314820544,0.0009990009990009,0.0024902392995454,True,171,361,171,Category 2: CT1 + CT2,0.4253157524184835,,,
gene_258,0.8129067485897269,0.0009990009990009,0.0024902392995454,0.39574096219407,0.39574096219407,True,0.1778700572056698,0.0009990009990009,0.0024902392995454,True,172,258,172,Category 2: CT1 + CT2,0.4392580704590607,,,
gene_299,0.8129082674536999,0.0009990009990009,0.0024902392995454,0.3955649833967677,0.3955649833967677,True,0.1735965499407271,0.0009990009990009,0.0024902392995454,True,173,299,173,Category 2: CT1 + CT2,0.4349952719639869,,,
gene_250,0.807613271844191,0.0009990009990009,0.0024902392995454,0.3955646895820859,0.3955646895820859,True,0.1645356446002298,0.0009990009990009,0.0024902392995454,True,174,250,174,Category 2: CT1 + CT2,0.4277076793763545,,,
gene_391,0.8081230907940207,0.0009990009990009,0.0024902392995454,0.3940525674554005,0.3940525674554005,True,0.1481596775773988,0.0009990009990009,0.0024902392995454,True,175,391,175,Category 2: CT1 + CT2,0.4140120781059314,,,
gene_366,0.8080230868633518,0.0009990009990009,0.0024902392995454,0.3940205129896063,0.3940205129896063,True,0.1561746018866183,0.0009990009990009,0.0024902392995454,True,176,366,176,Category 2: CT1 + CT2,0.4209291972185018,,,
gene_390,0.8108342865948428,0.0009990009990009,0.0024902392995454,0.3937905183692929,0.3937905183692929,True,0.1723912499848661,0.0009990009990009,0.0024902392995454,True,177,390,177,Category 2: CT1 + CT2,0.4377174569825058,,,
gene_216,0.8064135958716105,0.0009990009990009,0.0024902392995454,0.3936769662906554,0.3936769662906554,True,0.1772133897024155,0.0009990009990009,0.0024902392995454,True,178,216,178,Category 2: CT1 + CT2,0.4402850215126329,,,
gene_275,0.8094308893594214,0.0009990009990009,0.0024902392995454,0.393343724617164,0.393343724617164,True,0.1492002420706402,0.0009990009990009,0.0024902392995454,True,179,275,179,Category 2: CT1 + CT2,0.4158175677666151,,,
gene_344,0.8096615448899352,0.0009990009990009,0.0024902392995454,0.3932287059784425,0.3932287059784425,True,0.168669291483389,0.0009990009990009,0.0024902392995454,True,180,344,180,Category 2: CT1 + CT2,0.433198864631831,,,
gene_289,0.8087305004763331,0.0009990009990009,0.0024902392995454,0.3931083613935583,0.3931083613935583,True,0.1670575747111126,0.0009990009990009,0.0024902392995454,True,181,289,181,Category 2: CT1 + CT2,0.4318812835511431,,,
gene_918,0.7865378672434029,0.0009990009990009,0.0024902392995454,0.3929208907083303,0.3929208907083303,True,0.1601410689610507,0.0009990009990009,0.0024902392995454,False,182,918,182,Category 2: CT1 + CT2,0.4245973208905398,,,
gene_814,0.7863020909583037,0.0009990009990009,0.0024902392995454,0.3918268419130576,0.3918268419130576,True,0.1480537848224614,0.0009990009990009,0.0024902392995454,False,183,814,183,Category 2: CT1 + CT2,0.4148795231332478,,,
gene_334,0.8141845492309561,0.0009990009990009,0.0024902392995454,0.3917892070974296,0.3917892070974296,True,0.1961926679860608,0.0009990009990009,0.0024902392995454,True,184,334,184,Category 2: CT1 + CT2,0.4592582272233388,,,
gene_271,0.8099582943354979,0.0009990009990009,0.0024902392995454,0.3905136714416938,0.3905136714416938,True,0.1560586010825793,0.0009990009990009,0.0024902392995454,True,185,271,185,Category 2: CT1 + CT2,0.4250714180395618,,,
gene_312,0.8082188645699792,0.0009990009990009,0.0024902392995454,0.3904464535589349,0.3904464535589349,True,0.1672552392326936,0.0009990009990009,0.0024902392995454,True,186,312,186,Category 2: CT1 + CT2,0.4346677412758283,,,
gene_381,0.8076894177633474,0.0009990009990009,0.0024902392995454,0.3901646932880889,0.3901646932880889,True,0.1422119318409664,0.0009990009990009,0.0024902392995454,True,187,381,187,Category 2: CT1 + CT2,0.4125032860692927,,,
gene_336,0.8103235686181498,0.0009990009990009,0.0024902392995454,0.3901070756868606,0.3901070756868606,True,0.1864104754227176,0.0009990009990009,0.0024902392995454,True,188,336,188,Category 2: CT1 + CT2,0.448937766611184,,,
gene_949,0.7851666979160161,0.0009990009990009,0.0024902392995454,0.3986930893478713,0.3896301217847254,True,0.1302815899001231,0.0009990009990009,0.0024902392995454,False,189,949,189,Category 2: CT1 + CT2,0.3896301217847254,,,
gene_283,0.8069124644474183,0.0009990009990009,0.0024902392995454,0.3896164320028723,0.3896164320028723,True,0.1522728491622345,0.0009990009990009,0.0024902392995454,True,190,283,190,Category 2: CT1 + CT2,0.42133352326834,,,
gene_201,0.8118878409684842,0.0009990009990009,0.0024902392995454,0.3895689087383778,0.3895689087383778,True,0.1719941004827024,0.0009990009990009,0.0024902392995454,True,191,201,191,Category 2: CT1 + CT2,0.4389244992082086,,,
gene_866,0.7863312550651733,0.0009990009990009,0.0024902392995454,0.3890057199899239,0.3890057199899239,True,0.1307936449915022,0.0009990009990009,0.0024902392995454,False,192,866,192,Category 2: CT1 + CT2,0.3976532673428535,,,
gene_268,0.8105939002193823,0.0009990009990009,0.0024902392995454,0.3886214801740734,0.3886214801740734,True,0.199704409795755,0.0009990009990009,0.0024902392995454,True,193,268,193,Category 2: CT1 + CT2,0.4627321318304415,,,
gene_970,0.7836618451741011,0.0009990009990009,0.0024902392995454,0.388582592525421,0.388582592525421,True,0.1270446669501918,0.0009990009990009,0.0024902392995454,False,194,970,194,Category 2: CT1 + CT2,0.3967468130738259,,,
gene_388,0.807584047265282,0.0009990009990009,0.0024902392995454,0.3885744396765602,0.3885744396765602,True,0.1696430846341012,0.0009990009990009,0.0024902392995454,True,195,388,195,Category 2: CT1 + CT2,0.4387596047629656,,,
gene_828,0.7837850190260371,0.0009990009990009,0.0024902392995454,0.3884199665738252,0.3884199665738252,True,0.1251309581313571,0.0009990009990009,0.0024902392995454,False,196,828,196,Category 2: CT1 + CT2,0.3901625702066758,,,
gene_317,0.8101756423161033,0.0009990009990009,0.0024902392995454,0.3881277179435521,0.3881277179435521,True,0.2003410517043463,0.0009990009990009,0.0024902392995454,True,197,317,197,Category 2: CT1 + CT2,0.4660079777368113,,,
gene_389,0.8105153098917209,0.0009990009990009,0.0024902392995454,0.3876963080242855,0.3876963080242855,True,0.1533285050218591,0.0009990009990009,0.0024902392995454,True,198,389,198,Category 2: CT1 + CT2,0.4251454008799869,,,
gene_354,0.8088789300614048,0.0009990009990009,0.0024902392995454,0.387641190246845,0.387641190246845,True,0.1977268544587019,0.0009990009990009,0.0024902392995454,True,199,354,199,Category 2: CT1 + CT2,0.4570695010678655,,,
gene_300,0.8065808619519088,0.0009990009990009,0.0024902392995454,0.3874441082092047,0.3874441082092047,True,0.200358379369267,0.0009990009990009,0.0024902392995454,True,200,300,200,Category 2: CT1 + CT2,0.4653654095395946,,,
gene_408,0.7985013987834951,0.1868131868131868,0.2361734346563676,,0.0007659323274985,True,0.0007659323274985,0.0009990009990009,0.0024902392995454,True,1,408,1,Category 3: Housekeeping,,6.027500000000036,,
gene_495,0.7972849074851905,0.4395604395604395,0.446556491256796,,0.0009157464462563,True,0.0009157464462563,0.0019980019980019,0.0044367179822398,True,2,495,2,Category 3: Housekeeping,,4.373749999999992,,
gene_545,0.7983666522156649,0.2577422577422577,0.2963122334649447,,0.0009270704049798,True,0.0009270704049798,0.0009990009990009,0.0024902392995454,True,3,545,3,Category 3: Housekeeping,,5.613750000000053,,
gene_439,0.7979012025627016,0.3756243756243756,0.3930495733774422,,0.000931238452626,True,0.000931238452626,0.0009990009990009,0.0024902392995454,True,4,439,4,Category 3: Housekeeping,,4.665000000000023,,
gene_401,0.7984470652289677,0.2987012987012987,0.3306656443187808,,0.0009687547523483,True,0.0009687547523483,0.0009990009990009,0.0024902392995454,True,5,401,5,Category 3: Housekeeping,,5.671250000000012,,
gene_437,0.7976418065837648,0.3066933066933067,0.3377059717672674,,0.0010003626181074,True,0.0010003626181074,0.0009990009990009,0.0024902392995454,True,6,437,6,Category 3: Housekeeping,,4.230000000000025,,
gene_425,0.798425555202336,0.2617382617382617,0.2991864298779902,,0.0010411797867167,True,0.0010411797867167,0.0009990009990009,0.0024902392995454,True,7,425,7,Category 3: Housekeeping,,5.967500000000042,,
gene_428,0.797368927150643,0.3836163836163836,0.3991845823271421,,0.0010538197313237,True,0.0010538197313237,0.0009990009990009,0.0024902392995454,True,8,428,8,Category 3: Housekeeping,,4.692500000000022,,
gene_498,0.798331844680284,0.0599400599400599,0.0875037371387736,,0.0010547031778284,True,0.0010547031778284,0.0009990009990009,0.0024902392995454,True,9,498,9,Category 3: Housekeeping,,5.251250000000017,,
gene_598,0.7987248760748706,0.2327672327672327,0.2790974013995597,,0.0010612963996539,True,0.0010612963996539,0.0009990009990009,0.0024902392995454,True,10,598,10,Category 3: Housekeeping,,6.665000000000098,,
gene_471,0.7988726351382368,0.0009990009990009,0.0024902392995454,,0.0010774526136304,True,0.0010774526136304,0.0009990009990009,0.0024902392995454,True,11,471,11,Category 3: Housekeeping,,6.696250000000094,,
gene_466,0.797890922732029,0.2437562437562437,0.2885258359710914,,0.0011219241677211,True,0.0011219241677211,0.0009990009990009,0.0024902392995454,True,12,466,12,Category 3: Housekeeping,,5.707500000000071,,
gene_572,0.7984485435165654,0.1268731268731268,0.1707196145410991,,0.0011267249672885,True,0.0011267249672885,0.0009990009990009,0.0024902392995454,True,13,572,13,Category 3: Housekeeping,,5.7600000000000975,,
gene_558,0.7988682701662023,0.0119880119880119,0.0201479193075831,,0.001150929466293,True,0.001150929466293,0.0009990009990009,0.0024902392995454,True,14,558,14,Category 3: Housekeeping,,6.181250000000047,,
gene_537,0.7978498450956782,0.2507492507492507,0.2929884137284332,,0.0011663774515644,True,0.0011663774515644,0.0009990009990009,0.0024902392995454,True,15,537,15,Category 3: Housekeeping,,4.646250000000031,,
gene_431,0.7983902109720095,0.1168831168831168,0.1596037098995679,,0.001183661383851,True,0.001183661383851,0.0009990009990009,0.0024902392995454,True,16,431,16,Category 3: Housekeeping,,5.723750000000033,,
gene_430,0.7982559459220802,0.0939060939060939,0.1310927323025973,,0.0011916034406437,True,0.0011916034406437,0.0009990009990009,0.0024902392995454,True,17,430,17,Category 3: Housekeeping,,5.675000000000086,,
gene_520,0.7985053680523228,0.3146853146853147,0.3433554988383139,,0.0011953687830241,True,0.0011953687830241,0.0009990009990009,0.0024902392995454,True,18,520,18,Category 3: Housekeeping,,5.933750000000003,,
gene_435,0.7986303296928619,0.0679320679320679,0.0978143526739639,,0.0011960314767275,True,0.0011960314767275,0.0009990009990009,0.0024902392995454,True,19,435,19,Category 3: Housekeeping,,7.223750000000069,,
gene_508,0.7980416554126545,0.2587412587412587,0.2968350960702777,,0.0012010702213846,True,0.0012010702213846,0.0009990009990009,0.0024902392995454,True,20,508,20,Category 3: Housekeeping,,5.607500000000036,,
gene_499,0.7986947057048447,0.1718281718281718,0.2203867103396817,,0.0012051947451692,True,0.0012051947451692,0.0009990009990009,0.0024902392995454,True,21,499,21,Category 3: Housekeeping,,6.182500000000039,,
gene_459,0.798440598838337,0.3076923076923077,0.3379377349723313,,0.0012073300546627,True,0.0012073300546627,0.0009990009990009,0.0024902392995454,True,22,459,22,Category 3: Housekeeping,,6.27875000000003,,
gene_518,0.7982684846904243,0.1848151848151848,0.2343883130186237,,0.0012180804973048,True,0.0012180804973048,0.0009990009990009,0.0024902392995454,True,23,518,23,Category 3: Housekeeping,,5.135000000000027,,
gene_419,0.7981844264723487,0.1178821178821178,0.1607118171535349,,0.0012332129527709,True,0.0012332129527709,0.0009990009990009,0.0024902392995454,True,24,419,24,Category 3: Housekeeping,,5.141250000000013,,
gene_442,0.7981684012660165,0.2507492507492507,0.2929884137284332,,0.00123349236273,True,0.00123349236273,0.0009990009990009,0.0024902392995454,True,25,442,25,Category 3: Housekeeping,,5.643750000000049,,
gene_522,0.7986934795059886,0.1958041958041958,0.2442463980925519,,0.0012394251918215,True,0.0012394251918215,0.0009990009990009,0.0024902392995454,True,26,522,26,Category 3: Housekeeping,,6.640000000000056,,
gene_589,0.797015629472087,0.3626373626373626,0.3819916039017162,,0.0012421198172029,True,0.0012421198172029,0.0009990009990009,0.0024902392995454,True,27,589,27,Category 3: Housekeeping,,3.7299999999999858,,
gene_584,0.7986814555621631,0.1928071928071928,0.2419667761646427,,0.0012511163423158,True,0.0012511163423158,0.0009990009990009,0.0024902392995454,True,28,584,28,Category 3: Housekeeping,,6.798750000000124,,
gene_578,0.7983613355555877,0.4405594405594406,0.4474198786994995,,0.0012522157525296,True,0.0012522157525296,0.0009990009990009,0.0024902392995454,True,29,578,29,Category 3: Housekeeping,,5.532500000000036,,
gene_579,0.7986604131195998,0.0639360639360639,0.0926385857561901,,0.0012581537194785,True,0.0012581537194785,0.0009990009990009,0.0024902392995454,True,30,579,30,Category 3: Housekeeping,,6.946250000000089,,
gene_453,0.7978285442010944,0.4205794205794206,0.4289438251702402,,0.0012597731226124,True,0.0012597731226124,0.0009990009990009,0.0024902392995454,True,31,453,31,Category 3: Housekeeping,,4.803750000000043,,
gene_450,0.797436565193755,0.3226773226773227,0.3494700245602772,,0.0012720142947397,True,0.0012720142947397,0.0009990009990009,0.0024902392995454,True,32,450,32,Category 3: Housekeeping,,4.222500000000026,,
gene_468,0.7984984243810345,0.1318681318681318,0.1764122165459958,,0.0012797112425314,True,0.0012797112425314,0.0009990009990009,0.0024902392995454,True,33,468,33,Category 3: Housekeeping,,5.22375000000002,,
gene_402,0.7988376825141122,0.0369630369630369,0.055891688956205,,0.001295054068153,True,0.001295054068153,0.0009990009990009,0.0024902392995454,True,34,402,34,Category 3: Housekeeping,,6.347500000000088,,
gene_440,0.798005122196707,0.3046953046953047,0.3361845951033152,,0.0013015341476268,True,0.0013015341476268,0.0009990009990009,0.0024902392995454,True,35,440,35,Category 3: Housekeeping,,4.758750000000025,,
gene_429,0.7984683596167124,0.3316683316683316,0.3565687134939956,,0.0013159361583006,True,0.0013159361583006,0.0009990009990009,0.0024902392995454,True,36,429,36,Category 3: Housekeeping,,5.9387500000000735,,
gene_412,0.7980513615174352,0.3756243756243756,0.3930495733774422,,0.0013173461835673,True,0.0013173461835673,0.0009990009990009,0.0024902392995454,True,37,412,37,Category 3: Housekeeping,,5.096250000000029,,
gene_482,0.7983961602684673,0.0049950049950049,0.0095354851956824,,0.0013306699409544,True,0.0013306699409544,0.0009990009990009,0.0024902392995454,True,38,482,38,Category 3: Housekeeping,,5.90375000000005,,
gene_564,0.7979578056159438,0.1838161838161838,0.2332199414034897,,0.0013316566292988,True,0.0013316566292988,0.0009990009990009,0.0024902392995454,True,39,564,39,Category 3: Housekeeping,,5.318750000000058,,
gene_422,0.7981227540401599,0.3296703296703296,0.3549931762422789,,0.0013368047858669,True,0.0013368047858669,0.0009990009990009,0.0024902392995454,True,40,422,40,Category 3: Housekeeping,,5.718750000000039,,
gene_587,0.7978393247007143,0.2337662337662337,0.2801273022962657,,0.0013376731042913,True,0.0013376731042913,0.0009990009990009,0.0024902392995454,True,41,587,41,Category 3: Housekeeping,,4.357500000000018,,
gene_594,0.7976005878212457,0.2577422577422577,0.2963122334649447,,0.0013449519497103,True,0.0013449519497103,0.0009990009990009,0.0024902392995454,True,42,594,42,Category 3: Housekeeping,,4.473749999999988,,
gene_544,0.7977646514945442,0.2527472527472527,0.2932102700084139,,0.0013568175195222,True,0.0013568175195222,0.0009990009990009,0.0024902392995454,True,43,544,43,Category 3: Housekeeping,,4.802500000000049,,
gene_526,0.7986010276213348,0.1358641358641358,0.1802310004830455,,0.0013615167692298,True,0.0013615167692298,0.0009990009990009,0.0024902392995454,True,44,526,44,Category 3: Housekeeping,,5.77000000000003,,
gene_524,0.7980604243047896,0.3956043956043956,0.407839583097315,,0.0013678016388256,True,0.0013678016388256,0.0009990009990009,0.0024902392995454,True,45,524,45,Category 3: Housekeeping,,4.576250000000012,,
gene_403,0.7982295128200263,0.1898101898101898,0.2392565417775502,,0.0013723472099906,True,0.0013723472099906,0.0009990009990009,0.0024902392995454,True,46,403,46,Category 3: Housekeeping,,5.12375000000007,,
gene_515,0.7984101993187227,0.2427572427572427,0.2879682594985086,,0.0013797565125637,True,0.0013797565125637,0.0009990009990009,0.0024902392995454,True,47,515,47,Category 3: Housekeeping,,5.493750000000039,,
gene_559,0.7989166821231123,0.0009990009990009,0.0024902392995454,,0.0013977106776419,True,0.0013977106776419,0.0009990009990009,0.0024902392995454,True,48,559,48,Category 3: Housekeeping,,6.780000000000096,,
gene_541,0.797852516055906,0.3006993006993007,0.3328160494734927,,0.0013984289966939,True,0.0013984289966939,0.0009990009990009,0.0024902392995454,True,49,541,49,Category 3: Housekeeping,,4.781250000000052,,
gene_500,0.798904901799891,0.2347652347652347,0.2810437766543113,,0.001402533890125,True,0.001402533890125,0.0009990009990009,0.0024902392995454,True,50,500,50,Category 3: Housekeeping,,6.95625000000005,,
gene_554,0.797651213414846,0.2087912087912088,0.2561331532911987,,0.0014051547711009,True,0.0014051547711009,0.0009990009990009,0.0024902392995454,True,51,554,51,Category 3: Housekeeping,,4.317499999999994,,
gene_534,0.7983453714626549,0.2007992007992008,0.2488218101601001,,0.0014079239863286,True,0.0014079239863286,0.0009990009990009,0.0024902392995454,True,52,534,52,Category 3: Housekeeping,,5.753750000000047,,
gene_586,0.7984192246164759,0.1958041958041958,0.2442463980925519,,0.0014116084626899,True,0.0014116084626899,0.0009990009990009,0.0024902392995454,True,53,586,53,Category 3: Housekeeping,,6.13875000000007,,
gene_576,0.7984214090674344,0.2057942057942058,0.2534931707586193,,0.0014121029881537,True,0.0014121029881537,0.0009990009990009,0.0024902392995454,True,54,576,54,Category 3: Housekeeping,,5.311250000000056,,
gene_465,0.7989486471467674,0.0459540459540459,0.0684519055919254,,0.0014152297441672,True,0.0014152297441672,0.0009990009990009,0.0024902392995454,True,55,465,55,Category 3: Housekeeping,,7.443750000000087,,
gene_548,0.7983153453402674,0.3296703296703296,0.3549931762422789,,0.0014249129900339,True,0.0014249129900339,0.0009990009990009,0.0024902392995454,True,56,548,56,Category 3: Housekeeping,,5.44125000000004,,
gene_488,0.7981876675821181,0.4465534465534465,0.4521297130139519,,0.0014375160519542,True,0.0014375160519542,0.0009990009990009,0.0024902392995454,True,57,488,57,Category 3: Housekeeping,,5.43750000000004,,
gene_469,0.7986102680410746,0.0589410589410589,0.0862131530098375,,0.0014504520416769,True,0.0014504520416769,0.0009990009990009,0.0024902392995454,True,58,469,58,Category 3: Housekeeping,,6.506250000000023,,
gene_405,0.7985025954264652,0.0579420579420579,0.0848760614385614,,0.0014505855653656,True,0.0014505855653656,0.0009990009990009,0.0024902392995454,True,59,405,59,Category 3: Housekeeping,,5.605000000000048,,
gene_404,0.7987408078599466,0.0699300699300699,0.1003780908087128,,0.0014584855287033,True,0.0014584855287033,0.0009990009990009,0.0024902392995454,True,60,404,60,Category 3: Housekeeping,,6.47625000000005,,
gene_567,0.798599929091669,0.1448551448551448,0.1903067372741119,,0.0014595267308107,True,0.0014595267308107,0.0009990009990009,0.0024902392995454,True,61,567,61,Category 3: Housekeeping,,6.445000000000056,,
gene_573,0.7977949682196732,0.0579420579420579,0.0848760614385614,,0.001488210518591,True,0.001488210518591,0.0009990009990009,0.0024902392995454,True,62,573,62,Category 3: Housekeeping,,4.261250000000018,,
gene_409,0.7981253507298673,0.3476523476523476,0.369449891235226,,0.001488939558488,True,0.001488939558488,0.0009990009990009,0.0024902392995454,True,63,409,63,Category 3: Housekeeping,,5.040000000000046,,
gene_575,0.7984381010578838,0.2597402597402597,0.2976397170438423,,0.0014893019995661,True,0.0014893019995661,0.0009990009990009,0.0024902392995454,True,64,575,64,Category 3: Housekeeping,,5.941250000000092,,
gene_521,0.7977043078205321,0.3716283716283716,0.3896156263795614,,0.0014953302035026,True,0.0014953302035026,0.0009990009990009,0.0024902392995454,True,65,521,65,Category 3: Housekeeping,,4.586250000000052,,
gene_590,0.7985727083515128,0.1218781218781218,0.1651838109936144,,0.0015047167705384,True,0.0015047167705384,0.0009990009990009,0.0024902392995454,True,66,590,66,Category 3: Housekeeping,,5.815000000000048,,
gene_588,0.7972902697094056,0.2507492507492507,0.2929884137284332,,0.0015131076650597,True,0.0015131076650597,0.0009990009990009,0.0024902392995454,True,67,588,67,Category 3: Housekeeping,,4.216250000000016,,
gene_565,0.7984708641893549,0.3156843156843157,0.344132611574472,,0.0015205689444965,True,0.0015205689444965,0.0009990009990009,0.0024902392995454,True,68,565,68,Category 3: Housekeeping,,6.106250000000105,,
gene_474,0.7974669629753263,0.3596403596403596,0.3794341758118793,,0.0015347957234868,True,0.0015347957234868,0.0009990009990009,0.0024902392995454,True,69,474,69,Category 3: Housekeeping,,4.570000000000042,,
gene_591,0.7988017539846158,0.0009990009990009,0.0024902392995454,,0.0015383461876905,True,0.0015383461876905,0.0009990009990009,0.0024902392995454,True,70,591,70,Category 3: Housekeeping,,7.336250000000072,,
gene_486,0.797203421874414,0.3206793206793207,0.3479341634857006,,0.0015398774747847,True,0.0015398774747847,0.0009990009990009,0.0024902392995454,True,71,486,71,Category 3: Housekeeping,,4.395000000000014,,
gene_472,0.7981314415256513,0.1658341658341658,0.2137497303984951,,0.0015460455477575,True,0.0015460455477575,0.0009990009990009,0.0024902392995454,True,72,472,72,Category 3: Housekeeping,,5.276250000000043,,
gene_561,0.7985613567294358,0.0039960039960039,0.0078920421250901,,0.0015490257265007,True,0.0015490257265007,0.0009990009990009,0.0024902392995454,True,73,561,73,Category 3: Housekeeping,,6.088750000000047,,
gene_477,0.7977000915582859,0.0649350649350649,0.0938820215928649,,0.0015534850085725,True,0.0015534850085725,0.0009990009990009,0.0024902392995454,True,74,477,74,Category 3: Housekeeping,,4.727500000000031,,
gene_464,0.7983669912181119,0.0619380619380619,0.0899826565686129,,0.0015598144143413,True,0.0015598144143413,0.0009990009990009,0.0024902392995454,True,75,464,75,Category 3: Housekeeping,,5.60625000000005,,
gene_487,0.7983447479967,0.1158841158841158,0.1585643546875018,,0.0015653677805397,True,0.0015653677805397,0.0009990009990009,0.0024902392995454,True,76,487,76,Category 3: Housekeeping,,5.4550000000000205,,
gene_560,0.797877890196794,0.2897102897102897,0.3230369333324174,,0.0015751313676862,True,0.0015751313676862,0.0009990009990009,0.0024902392995454,True,77,560,77,Category 3: Housekeeping,,4.921250000000036,,
gene_540,0.7982797377621056,0.2437562437562437,0.2885258359710914,,0.0016038890769746,True,0.0016038890769746,0.0009990009990009,0.0024902392995454,True,78,540,78,Category 3: Housekeeping,,5.833750000000035,,
gene_525,0.7982702335358279,0.1188811188811188,0.1616696992943593,,0.0016113103351018,True,0.0016113103351018,0.0009990009990009,0.0024902392995454,True,79,525,79,Category 3: Housekeeping,,5.537499999999991,,
gene_427,0.7980193354497516,0.2327672327672327,0.2790974013995597,,0.001618083655003,True,0.001618083655003,0.0009990009990009,0.0024902392995454,True,80,427,80,Category 3: Housekeeping,,4.5125,,
gene_581,0.7982676723665266,0.1738261738261738,0.2223789004172799,,0.001623086511897,True,0.001623086511897,0.0009990009990009,0.0024902392995454,True,81,581,81,Category 3: Housekeeping,,5.38750000000007,,
gene_562,0.7983379582109486,0.1818181818181818,0.2311737848927931,,0.0016269981231756,True,0.0016269981231756,0.0009990009990009,0.0024902392995454,True,82,562,82,Category 3: Housekeeping,,5.442500000000034,,
gene_506,0.7983602726712818,0.1538461538461538,0.2001467743011541,,0.001632176312948,True,0.001632176312948,0.0009990009990009,0.0024902392995454,True,83,506,83,Category 3: Housekeeping,,5.595000000000043,,
gene_507,0.7980825756731754,0.1838161838161838,0.2332199414034897,,0.0016628078344673,True,0.0016628078344673,0.0009990009990009,0.0024902392995454,True,84,507,84,Category 3: Housekeeping,,5.036250000000049,,
gene_553,0.7980409724024868,0.0699300699300699,0.1003780908087128,,0.0016703621216261,True,0.0016703621216261,0.0009990009990009,0.0024902392995454,True,85,553,85,Category 3: Housekeeping,,4.207499999999992,,
gene_552,0.7987147328486326,0.0009990009990009,0.0024902392995454,,0.0016760908221699,True,0.0016760908221699,0.0009990009990009,0.0024902392995454,True,86,552,86,Category 3: Housekeeping,,6.676250000000078,,
gene_599,0.7981474049791322,0.0159840159840159,0.0259410592112783,,0.0016797500998546,True,0.0016797500998546,0.0009990009990009,0.0024902392995454,True,87,599,87,Category 3: Housekeeping,,5.196250000000001,,
gene_418,0.7984255826317078,0.1418581418581418,0.1870245772684797,,0.0016871171514829,True,0.0016871171514829,0.0009990009990009,0.0024902392995454,True,88,418,88,Category 3: Housekeeping,,5.598750000000026,,
gene_443,0.7981184770037939,0.2677322677322677,0.3039533786932084,,0.0016902957140454,True,0.0016902957140454,0.0009990009990009,0.0024902392995454,True,89,443,89,Category 3: Housekeeping,,5.061250000000032,,
gene_449,0.7986462910704961,0.0009990009990009,0.0024902392995454,,0.0016921575077149,True,0.0016921575077149,0.0009990009990009,0.0024902392995454,True,90,449,90,Category 3: Housekeeping,,6.417500000000048,,
gene_420,0.7987834369356152,0.0069930069930069,0.0126914827459292,,0.0016941534628501,True,0.0016941534628501,0.0009990009990009,0.0024902392995454,True,91,420,91,Category 3: Housekeeping,,6.932500000000018,,
gene_502,0.7980830082703865,0.1818181818181818,0.2311737848927931,,0.0017121110058741,True,0.0017121110058741,0.0009990009990009,0.0024902392995454,True,92,502,92,Category 3: Housekeeping,,5.376250000000057,,
gene_597,0.7971054746587142,0.3166833166833167,0.3449083136866763,,0.001719497130464,True,0.001719497130464,0.0009990009990009,0.0024902392995454,True,93,597,93,Category 3: Housekeeping,,4.0375,,
gene_481,0.7985854619439038,0.1268731268731268,0.1707196145410991,,0.0017244497965989,True,0.0017244497965989,0.0009990009990009,0.0024902392995454,True,94,481,94,Category 3: Housekeeping,,5.103750000000003,,
gene_462,0.7985097650258273,0.1938061938061938,0.2426115507692808,,0.0017373685705649,True,0.0017373685705649,0.0009990009990009,0.0024902392995454,True,95,462,95,Category 3: Housekeeping,,5.105000000000049,,
gene_463,0.7986660963060737,0.1858141858141858,0.235207830144539,,0.0017483728573969,True,0.0017483728573969,0.0009990009990009,0.0024902392995454,True,96,463,96,Category 3: Housekeeping,,6.016250000000051,,
gene_494,0.7976552412577051,0.1148851148851148,0.1574487641184763,,0.0017511429576307,True,0.0017511429576307,0.0009990009990009,0.0024902392995454,True,97,494,97,Category 3: Housekeeping,,4.0550000000000015,,
gene_509,0.7972851846865239,0.2517482517482518,0.2932102700084139,,0.0017558834591197,True,0.0017558834591197,0.0009990009990009,0.0024902392995454,True,98,509,98,Category 3: Housekeeping,,4.174999999999993,,
gene_571,0.7983633667229836,0.2777222777222777,0.3126329580363351,,0.0017563761084432,True,0.0017563761084432,0.0009990009990009,0.0024902392995454,True,99,571,99,Category 3: Housekeeping,,5.095000000000007,,
gene_447,0.7983539925502725,0.1288711288711288,0.1730588122709877,,0.0017568672559087,True,0.0017568672559087,0.0009990009990009,0.0024902392995454,True,100,447,100,Category 3: Housekeeping,,5.417500000000056,,
gene_555,0.7986660449551094,0.1198801198801198,0.1628805976632063,,0.0017619542170503,True,0.0017619542170503,0.0009990009990009,0.0024902392995454,True,101,555,101,Category 3: Housekeeping,,6.036250000000072,,
gene_413,0.7977624912597598,0.2527472527472527,0.2932102700084139,,0.001762464473265,True,0.001762464473265,0.0009990009990009,0.0024902392995454,True,102,413,102,Category 3: Housekeeping,,5.102500000000041,,
gene_454,0.7981325714772837,0.0589410589410589,0.0862131530098375,,0.001765188027555,True,0.001765188027555,0.0009990009990009,0.0024902392995454,True,103,454,103,Category 3: Housekeeping,,4.833750000000013,,
gene_593,0.7983284021601585,0.1318681318681318,0.1764122165459958,,0.0017671607450158,True,0.0017671607450158,0.0009990009990009,0.0024902392995454,True,104,593,104,Category 3: Housekeeping,,5.126250000000033,,
gene_566,0.7978028438136591,0.1298701298701298,0.1742054055937355,,0.0017734461249828,True,0.0017734461249828,0.0009990009990009,0.0024902392995454,True,105,566,105,Category 3: Housekeeping,,4.816250000000046,,
gene_461,0.7981802587714758,0.1188811188811188,0.1616696992943593,,0.0017935745649795,True,0.0017935745649795,0.0009990009990009,0.0024902392995454,True,106,461,106,Category 3: Housekeeping,,5.256250000000053,,
gene_538,0.7978176874249892,0.4015984015984016,0.4127424476859215,,0.0017964653388128,True,0.0017964653388128,0.0009990009990009,0.0024902392995454,True,107,538,107,Category 3: Housekeeping,,4.871250000000008,,
gene_479,0.79868952916424,0.1188811188811188,0.1616696992943593,,0.0017997828626519,True,0.0017997828626519,0.0009990009990009,0.0024902392995454,True,108,479,108,Category 3: Housekeeping,,6.571250000000035,,
gene_530,0.7987529180070877,0.0669330669330669,0.0965148766158138,,0.0018092738378963,True,0.0018092738378963,0.0009990009990009,0.0024902392995454,True,109,530,109,Category 3: Housekeeping,,6.453750000000085,,
gene_445,0.7980214239617491,0.1198801198801198,0.1628805976632063,,0.0018098155430911,True,0.0018098155430911,0.0009990009990009,0.0024902392995454,True,110,445,110,Category 3: Housekeeping,,4.997500000000046,,
gene_475,0.7981378908723196,0.0049950049950049,0.0095354851956824,,0.0018133804868696,True,0.0018133804868696,0.0009990009990009,0.0024902392995454,True,111,475,111,Category 3: Housekeeping,,4.903750000000026,,
gene_556,0.798582686436301,0.1238761238761238,0.1675511143500323,,0.0018283746990342,True,0.0018283746990342,0.0009990009990009,0.0024902392995454,True,112,556,112,Category 3: Housekeeping,,5.317500000000025,,
gene_510,0.79835576798823,0.3856143856143856,0.4003610163845498,,0.0018360793405355,True,0.0018360793405355,0.0009990009990009,0.0024902392995454,True,113,510,113,Category 3: Housekeeping,,4.973750000000011,,
gene_456,0.7980300426141964,0.2487512487512487,0.2929884137284332,,0.0018376226943921,True,0.0018376226943921,0.0009990009990009,0.0024902392995454,True,114,456,114,Category 3: Housekeeping,,4.520000000000014,,
gene_505,0.798178881698761,0.1328671328671328,0.1773927007571867,,0.0018393507437005,True,0.0018393507437005,0.0009990009990009,0.0024902392995454,True,115,505,115,Category 3: Housekeeping,,5.001250000000051,,
gene_421,0.7986513764866106,0.0589410589410589,0.0862131530098375,,0.0018400378841012,True,0.0018400378841012,0.0009990009990009,0.0024902392995454,True,116,421,116,Category 3: Housekeeping,,5.698750000000045,,
gene_528,0.7981458343669882,0.3266733266733266,0.3528424770548983,,0.0018411844884323,True,0.0018411844884323,0.0009990009990009,0.0024902392995454,True,117,528,117,Category 3: Housekeeping,,5.561250000000047,,
gene_407,0.7980621223975193,0.0889110889110889,0.12469998444753,,0.0018514487165568,True,0.0018514487165568,0.0009990009990009,0.0024902392995454,True,118,407,118,Category 3: Housekeeping,,5.050000000000064,,
gene_460,0.7981354774428273,0.2457542457542457,0.2904896521917798,,0.0018674227520527,True,0.0018674227520527,0.0009990009990009,0.0024902392995454,True,119,460,119,Category 3: Housekeeping,,4.877500000000023,,
gene_546,0.7983625874437661,0.0579420579420579,0.0848760614385614,,0.0018803183783322,True,0.0018803183783322,0.0009990009990009,0.0024902392995454,True,120,546,120,Category 3: Housekeeping,,5.653750000000028,,
gene_455,0.798234520572086,0.2507492507492507,0.2929884137284332,,0.0018861969861549,True,0.0018861969861549,0.0009990009990009,0.0024902392995454,True,121,455,121,Category 3: Housekeeping,,5.696250000000076,,
gene_535,0.7987134626479093,0.0579420579420579,0.0848760614385614,,0.0018994360553809,True,0.0018994360553809,0.0009990009990009,0.0024902392995454,True,122,535,122,Category 3: Housekeeping,,6.823750000000088,,
gene_595,0.7980415927257911,0.2527472527472527,0.2932102700084139,,0.0019262647157273,True,0.0019262647157273,0.0009990009990009,0.0024902392995454,True,123,595,123,Category 3: Housekeeping,,5.432500000000034,,
gene_432,0.7983874056013012,0.1248751248751248,0.1685982784092595,,0.0019277782345504,True,0.0019277782345504,0.0009990009990009,0.0024902392995454,True,124,432,124,Category 3: Housekeeping,,5.756250000000043,,
gene_569,0.7986753271286255,0.0009990009990009,0.0024902392995454,,0.0019379513233268,True,0.0019379513233268,0.0009990009990009,0.0024902392995454,True,125,569,125,Category 3: Housekeeping,,6.113750000000065,,
gene_400,0.7980511388418491,0.2517482517482518,0.2932102700084139,,0.0019504054290781,True,0.0019504054290781,0.0009990009990009,0.0024902392995454,True,126,400,126,Category 3: Housekeeping,,4.787500000000015,,
gene_501,0.7987522924651986,0.0019980019980019,0.0044367179822398,,0.0019512040856827,True,0.0019512040856827,0.0009990009990009,0.0024902392995454,True,127,501,127,Category 3: Housekeeping,,6.280000000000065,,
gene_441,0.7984323066560736,0.0619380619380619,0.0899826565686129,,0.0019534801133562,True,0.0019534801133562,0.0009990009990009,0.0024902392995454,True,128,441,128,Category 3: Housekeeping,,5.3387500000000285,,
gene_451,0.7984542684754757,0.1968031968031968,0.2451358066886404,,0.0019588643937497,True,0.0019588643937497,0.0009990009990009,0.0024902392995454,True,129,451,129,Category 3: Housekeeping,,5.512500000000024,,
gene_517,0.7986897726311708,0.0579420579420579,0.0848760614385614,,0.001958868767636,True,0.001958868767636,0.0009990009990009,0.0024902392995454,True,130,517,130,Category 3: Housekeeping,,5.72500000000009,,
gene_490,0.7978221397990797,0.3086913086913087,0.3388488569608218,,0.0019601682447361,True,0.0019601682447361,0.0009990009990009,0.0024902392995454,True,131,490,131,Category 3: Housekeeping,,4.707500000000016,,
gene_417,0.7982706423593968,0.1838161838161838,0.2332199414034897,,0.0019621725397769,True,0.0019621725397769,0.0009990009990009,0.0024902392995454,True,132,417,132,Category 3: Housekeeping,,5.687500000000059,,
gene_491,0.7984967762204618,0.0009990009990009,0.0024902392995454,,0.0019665683030792,True,0.0019665683030792,0.0009990009990009,0.0024902392995454,True,133,491,133,Category 3: Housekeeping,,5.456250000000006,,
gene_547,0.7981939830802468,0.1478521478521478,0.1936504883459696,,0.0019787668603704,True,0.0019787668603704,0.0009990009990009,0.0024902392995454,True,134,547,134,Category 3: Housekeeping,,5.382500000000069,,
gene_434,0.7984413654553654,0.2277722277722277,0.2745346256796638,,0.0019935309599431,True,0.0019935309599431,0.0009990009990009,0.0024902392995454,True,135,434,135,Category 3: Housekeeping,,5.108750000000016,,
gene_480,0.7979200996555188,0.0079920079920079,0.0141911950139236,,0.0019981128688752,True,0.0019981128688752,0.0009990009990009,0.0024902392995454,True,136,480,136,Category 3: Housekeeping,,4.525000000000009,,
gene_504,0.7981439491368998,0.0569430569430569,0.0836782614886949,,0.0020024940330966,True,0.0020024940330966,0.0009990009990009,0.0024902392995454,True,137,504,137,Category 3: Housekeeping,,4.947500000000025,,
gene_483,0.7985417873765225,0.2127872127872128,0.2601840792181122,,0.0020084389364035,True,0.0020084389364035,0.0009990009990009,0.0024902392995454,True,138,483,138,Category 3: Housekeeping,,6.87750000000005,,
gene_493,0.7983641222545873,0.1328671328671328,0.1773927007571867,,0.0020109955476221,True,0.0020109955476221,0.0009990009990009,0.0024902392995454,True,139,493,139,Category 3: Housekeeping,,5.891250000000051,,
gene_411,0.7982792698544975,0.0739260739260739,0.1055584111271878,,0.0020245329842694,True,0.0020245329842694,0.0009990009990009,0.0024902392995454,True,140,411,140,Category 3: Housekeeping,,5.335000000000011,,
gene_436,0.7980636344307763,0.1228771228771228,0.1663498955917728,,0.0020304250015216,True,0.0020304250015216,0.0009990009990009,0.0024902392995454,True,141,436,141,Category 3: Housekeeping,,4.65,,
gene_452,0.7981784546444103,0.1268731268731268,0.1707196145410991,,0.0020324882485629,True,0.0020324882485629,0.0009990009990009,0.0024902392995454,True,142,452,142,Category 3: Housekeeping,,4.937500000000027,,
gene_596,0.7982940936917313,0.0679320679320679,0.0978143526739639,,0.0020352770432194,True,0.0020352770432194,0.0009990009990009,0.0024902392995454,True,143,596,143,Category 3: Housekeeping,,5.39500000000002,,
gene_492,0.7976443444182714,0.2597402597402597,0.2976397170438423,,0.0020371198438579,True,0.0020371198438579,0.0009990009990009,0.0024902392995454,True,144,492,144,Category 3: Housekeeping,,3.982499999999984,,
gene_458,0.797906243304211,0.2677322677322677,0.3039533786932084,,0.0020531374997756,True,0.0020531374997756,0.0009990009990009,0.0024902392995454,True,145,458,145,Category 3: Housekeeping,,4.67000000000001,,
gene_467,0.7975835866331049,0.3076923076923077,0.3379377349723313,,0.0020627801864012,True,0.0020627801864012,0.0009990009990009,0.0024902392995454,True,146,467,146,Category 3: Housekeeping,,4.446250000000021,,
gene_532,0.7987245935189644,0.0799200799200799,0.1132012463457222,,0.0020705824321201,True,0.0020705824321201,0.0009990009990009,0.0024902392995454,True,147,532,147,Category 3: Housekeeping,,6.243750000000073,,
gene_476,0.7981994908504751,0.0579420579420579,0.0848760614385614,,0.0020775942463622,True,0.0020775942463622,0.0009990009990009,0.0024902392995454,True,148,476,148,Category 3: Housekeeping,,5.226250000000031,,
gene_444,0.7981487726349586,0.2677322677322677,0.3039533786932084,,0.0021078011310566,True,0.0021078011310566,0.0009990009990009,0.0024902392995454,True,149,444,149,Category 3: Housekeeping,,5.256250000000032,,
gene_577,0.7983488606102597,0.0019980019980019,0.0044367179822398,,0.0021431330442491,True,0.0021431330442491,0.0009990009990009,0.0024902392995454,True,150,577,150,Category 3: Housekeeping,,4.880000000000019,,
gene_585,0.7981303027635397,0.1218781218781218,0.1651838109936144,,0.0021497762901046,True,0.0021497762901046,0.0009990009990009,0.0024902392995454,True,151,585,151,Category 3: Housekeeping,,4.9575000000000085,,
gene_529,0.7987543456819945,0.0009990009990009,0.0024902392995454,,0.0021516387640926,True,0.0021516387640926,0.0009990009990009,0.0024902392995454,True,152,529,152,Category 3: Housekeeping,,6.170000000000036,,
gene_563,0.7973595173448168,0.2567432567432567,0.2956168759277567,,0.0021635152618458,True,0.0021635152618458,0.0009990009990009,0.0024902392995454,True,153,563,153,Category 3: Housekeeping,,4.118750000000005,,
gene_496,0.7977866833248825,0.1168831168831168,0.1596037098995679,,0.0021656055282601,True,0.0021656055282601,0.0009990009990009,0.0024902392995454,True,154,496,154,Category 3: Housekeeping,,4.087500000000024,,
gene_512,0.7980023794711343,0.1458541458541458,0.1914096402285378,,0.0021670024968013,True,0.0021670024968013,0.0009990009990009,0.0024902392995454,True,155,512,155,Category 3: Housekeeping,,4.876250000000007,,
gene_592,0.7988327031693514,0.0799200799200799,0.1132012463457222,,0.0021676080692609,True,0.0021676080692609,0.0009990009990009,0.0024902392995454,True,156,592,156,Category 3: Housekeeping,,6.081250000000064,,
gene_484,0.7983601528621515,0.1718281718281718,0.2203867103396817,,0.0021821428246319,True,0.0021821428246319,0.0009990009990009,0.0024902392995454,True,157,484,157,Category 3: Housekeeping,,5.066250000000048,,
gene_426,0.7977705131298335,0.1768231768231768,0.2256356999019696,,0.0022102496447887,True,0.0022102496447887,0.0009990009990009,0.0024902392995454,True,158,426,158,Category 3: Housekeeping,,4.481250000000027,,
gene_470,0.7981580912314696,0.0799200799200799,0.1132012463457222,,0.002223785425806,True,0.002223785425806,0.0009990009990009,0.0024902392995454,True,159,470,159,Category 3: Housekeeping,,4.0362500000000106,,
gene_489,0.7981866104121415,0.1248751248751248,0.1685982784092595,,0.0022325901848254,True,0.0022325901848254,0.0009990009990009,0.0024902392995454,True,160,489,160,Category 3: Housekeeping,,5.286250000000028,,
gene_473,0.7981109095220933,0.0619380619380619,0.0899826565686129,,0.0022341846682345,True,0.0022341846682345,0.0009990009990009,0.0024902392995454,True,161,473,161,Category 3: Housekeeping,,4.74625000000002,,
gene_551,0.798228951017151,0.1348651348651348,0.1793816912415893,,0.0022439655227397,True,0.0022439655227397,0.0009990009990009,0.0024902392995454,True,162,551,162,Category 3: Housekeeping,,4.447500000000036,,
gene_485,0.7984628874217403,0.0799200799200799,0.1132012463457222,,0.0022440375229171,True,0.0022440375229171,0.0009990009990009,0.0024902392995454,True,163,485,163,Category 3: Housekeeping,,5.406250000000036,,
gene_424,0.7974505087890522,0.3076923076923077,0.3379377349723313,,0.0022521700940229,True,0.0022521700940229,0.0009990009990009,0.0024902392995454,True,164,424,164,Category 3: Housekeeping,,3.877500000000007,,
gene_514,0.7981917460939342,0.1958041958041958,0.2442463980925519,,0.0022754225204279,True,0.0022754225204279,0.0009990009990009,0.0024902392995454,True,165,514,165,Category 3: Housekeeping,,5.210000000000066,,
gene_570,0.7982046580334287,0.2507492507492507,0.2929884137284332,,0.0022798175275482,True,0.0022798175275482,0.0009990009990009,0.0024902392995454,True,166,570,166,Category 3: Housekeeping,,5.228750000000033,,
gene_503,0.7980880138996764,0.1788211788211788,0.227846054985575,,0.002285428269902,True,0.002285428269902,0.0009990009990009,0.0024902392995454,True,167,503,167,Category 3: Housekeeping,,4.736250000000016,,
gene_497,0.7978710375365676,0.0659340659340659,0.095165839693143,,0.0022878465380061,True,0.0022878465380061,0.0009990009990009,0.0024902392995454,True,168,497,168,Category 3: Housekeeping,,4.703750000000023,,
gene_433,0.7980122652351409,0.0619380619380619,0.0899826565686129,,0.0023271654972351,True,0.0023271654972351,0.0009990009990009,0.0024902392995454,True,169,433,169,Category 3: Housekeeping,,4.417499999999996,,
gene_533,0.7982026929049245,0.2427572427572427,0.2879682594985086,,0.0023358727107574,True,0.0023358727107574,0.0009990009990009,0.0024902392995454,True,170,533,170,Category 3: Housekeeping,,4.746250000000015,,
gene_536,0.7984556327078485,0.2157842157842157,0.2629377121659819,,0.0023396189400903,True,0.0023396189400903,0.0009990009990009,0.0024902392995454,True,171,536,171,Category 3: Housekeeping,,5.386250000000039,,
gene_478,0.7982503029888741,0.0019980019980019,0.0044367179822398,,0.0023397239496535,True,0.0023397239496535,0.0009990009990009,0.0024902392995454,True,172,478,172,Category 3: Housekeeping,,4.997500000000021,,
gene_523,0.7982850531308154,0.1758241758241758,0.2246475841024393,,0.0023537368979429,True,0.0023537368979429,0.0009990009990009,0.0024902392995454,True,173,523,173,Category 3: Housekeeping,,4.463749999999989,,
gene_557,0.7985379192653993,0.1188811188811188,0.1616696992943593,,0.0023613712399197,True,0.0023613712399197,0.0009990009990009,0.0024902392995454,True,174,557,174,Category 3: Housekeeping,,5.108750000000072,,
gene_410,0.7982340692571986,0.1188811188811188,0.1616696992943593,,0.0023624212798906,True,0.0023624212798906,0.0009990009990009,0.0024902392995454,True,175,410,175,Category 3: Housekeeping,,4.957500000000063,,
gene_543,0.798067361097276,0.0699300699300699,0.1003780908087128,,0.0023790159878823,True,0.0023790159878823,0.0009990009990009,0.0024902392995454,True,176,543,176,Category 3: Housekeeping,,4.601250000000019,,
gene_448,0.798848988866342,0.0019980019980019,0.0044367179822398,,0.0023833117469126,True,0.0023833117469126,0.0009990009990009,0.0024902392995454,True,177,448,177,Category 3: Housekeeping,,6.191250000000049,,
gene_549,0.798363614670563,0.0009990009990009,0.0024902392995454,,0.0023891504248725,True,0.0023891504248725,0.0009990009990009,0.0024902392995454,True,178,549,178,Category 3: Housekeeping,,5.292500000000037,,
gene_406,0.7980504555136011,0.2507492507492507,0.2929884137284332,,0.0023931140745824,True,0.0023931140745824,0.0009990009990009,0.0024902392995454,True,179,406,179,Category 3: Housekeeping,,4.388750000000032,,
gene_519,0.7980180013089976,0.0599400599400599,0.0875037371387736,,0.0024108367248228,True,0.0024108367248228,0.0009990009990009,0.0024902392995454,True,180,519,180,Category 3: Housekeeping,,4.6300000000000265,,
gene_446,0.798146594653584,0.0719280719280719,0.1029259316881544,,0.0024253269215652,True,0.0024253269215652,0.0009990009990009,0.0024902392995454,True,181,446,181,Category 3: Housekeeping,,4.601250000000045,,
gene_457,0.7977980407352417,0.2437562437562437,0.2885258359710914,,0.0024435779088545,True,0.0024435779088545,0.0009990009990009,0.0024902392995454,True,182,457,182,Category 3: Housekeeping,,4.172499999999996,,
gene_568,0.7984456652272993,0.0579420579420579,0.0848760614385614,,0.0024448096984413,True,0.0024448096984413,0.0009990009990009,0.0024902392995454,True,183,568,183,Category 3: Housekeeping,,5.38500000000002,,
gene_415,0.7984175537819367,0.0709290709290709,0.1017147288657804,,0.0024500406403917,True,0.0024500406403917,0.0009990009990009,0.0024902392995454,True,184,415,184,Category 3: Housekeeping,,5.043750000000006,,
gene_513,0.7987021661924902,0.0009990009990009,0.0024902392995454,,0.0024686008369057,True,0.0024686008369057,0.0009990009990009,0.0024902392995454,True,185,513,185,Category 3: Housekeeping,,5.337500000000043,,
gene_414,0.7978380050186468,0.0589410589410589,0.0862131530098375,,0.0024704676138923,True,0.0024704676138923,0.0009990009990009,0.0024902392995454,True,186,414,186,Category 3: Housekeeping,,4.177500000000017,,
gene_574,0.798161385176922,0.0849150849150849,0.1196829949472655,,0.0024875653333829,True,0.0024875653333829,0.0009990009990009,0.0024902392995454,True,187,574,187,Category 3: Housekeeping,,4.963750000000034,,
gene_542,0.7977189927458421,0.2707292707292707,0.3067174517325574,,0.0024955689493042,True,0.0024955689493042,0.0009990009990009,0.0024902392995454,True,188,542,188,Category 3: Housekeeping,,4.175000000000028,,
gene_527,0.7979958200187989,0.1158841158841158,0.1585643546875018,,0.0025857805921083,True,0.0025857805921083,0.0009990009990009,0.0024902392995454,True,189,527,189,Category 3: Housekeeping,,5.181249999999989,,
gene_580,0.7973767887360005,0.1898101898101898,0.2392565417775502,,0.0025945004426412,True,0.0025945004426412,0.0009990009990009,0.0024902392995454,True,190,580,190,Category 3: Housekeeping,,3.95750000000001,,
gene_531,0.7979499606535102,0.1928071928071928,0.2419667761646427,,0.0026477380266105,True,0.0026477380266105,0.0009990009990009,0.0024902392995454,True,191,531,191,Category 3: Housekeeping,,4.243750000000012,,
gene_438,0.7976768278245386,0.1768231768231768,0.2256356999019696,,0.0026608710169898,True,0.0026608710169898,0.0009990009990009,0.0024902392995454,True,192,438,192,Category 3: Housekeeping,,4.403750000000009,,
gene_583,0.7980603483098853,0.0009990009990009,0.0024902392995454,,0.0026967248328681,True,0.0026967248328681,0.0009990009990009,0.0024902392995454,True,193,583,193,Category 3: Housekeeping,,4.347499999999995,,
gene_582,0.7980616562279592,0.1248751248751248,0.1685982784092595,,0.0027252406646196,True,0.0027252406646196,0.0009990009990009,0.0024902392995454,True,194,582,194,Category 3: Housekeeping,,4.828749999999997,,
gene_423,0.7976477640560629,0.1188811188811188,0.1616696992943593,,0.0027395728242545,True,0.0027395728242545,0.0009990009990009,0.0024902392995454,True,195,423,195,Category 3: Housekeeping,,3.932500000000016,,
gene_511,0.7978601116858544,0.1318681318681318,0.1764122165459958,,0.002752720809898,True,0.002752720809898,0.0009990009990009,0.0024902392995454,True,196,511,196,Category 3: Housekeeping,,4.763749999999983,,
gene_539,0.7979024778241776,0.0019980019980019,0.0044367179822398,,0.0027665194363482,True,0.0027665194363482,0.0009990009990009,0.0024902392995454,True,197,539,197,Category 3: Housekeeping,,4.4500000000000615,,
gene_550,0.7984181354661559,0.0009990009990009,0.0024902392995454,,0.0028618280542077,True,0.0028618280542077,0.0009990009990009,0.0024902392995454,True,198,550,198,Category 3: Housekeeping,,5.907500000000017,,
gene_516,0.7984654711774406,0.0309690309690309,0.0473532583624326,,0.0028697320328756,True,0.0028697320328756,0.0009990009990009,0.0024902392995454,True,199,516,199,Category 3: Housekeeping,,4.983750000000036,,
gene_416,0.79823898958698,0.1148851148851148,0.1574487641184763,,0.0034886578474758,True,0.0034886578474758,0.0009990009990009,0.0024902392995454,True,200,416,200,Category 3: Housekeeping,,4.932500000000026,,
gene_749,0.6942058240084487,0.0009990009990009,0.0016134605636624,,0.6688015172295241,True,0.3200623153477215,0.0009990009990009,0.0016134605636624,True,1,749,1,Category 4: StrainA:CT1,,,0.6688015172295241,
gene_636,0.677991238981433,0.0009990009990009,0.0016134605636624,,0.6021476167150465,True,0.2746104008860081,0.0009990009990009,0.0016134605636624,True,2,636,2,Category 4: StrainA:CT1,,,0.6021476167150465,
gene_664,0.6873389980794907,0.0009990009990009,0.0016134605636624,,0.5964427779170829,True,0.2783617147869262,0.0009990009990009,0.0016134605636624,True,3,664,3,Category 4: StrainA:CT1,,,0.5964427779170829,
gene_741,0.6727997955904439,0.0009990009990009,0.0016134605636624,,0.5744781678645737,True,0.2578820686006435,0.0009990009990009,0.0016134605636624,True,4,741,4,Category 4: StrainA:CT1,,,0.5744781678645737,
gene_658,0.6830891206927191,0.0009990009990009,0.0016134605636624,,0.5736867088369678,True,0.2742310798651141,0.0009990009990009,0.0016134605636624,True,5,658,5,Category 4: StrainA:CT1,,,0.5736867088369678,
gene_632,0.6800163900009781,0.0009990009990009,0.0016134605636624,,0.5736394722023552,True,0.2712385071368517,0.0009990009990009,0.0016134605636624,True,6,632,6,Category 4: StrainA:CT1,,,0.5736394722023552,
gene_799,0.684487771406587,0.0009990009990009,0.0016134605636624,,0.5733455263416576,True,0.2478887792921633,0.0009990009990009,0.0016134605636624,True,7,799,7,Category 4: StrainA:CT1,,,0.5733455263416576,
gene_610,0.6770908612493869,0.0009990009990009,0.0016134605636624,,0.5597391076966037,True,0.2549932906484065,0.0009990009990009,0.0016134605636624,True,8,610,8,Category 4: StrainA:CT1,,,0.5597391076966037,
gene_702,0.676289067636967,0.0009990009990009,0.0016134605636624,,0.5578551777587244,True,0.2591575317413553,0.0009990009990009,0.0016134605636624,True,9,702,9,Category 4: StrainA:CT1,,,0.5578551777587244,
gene_618,0.6781153527739473,0.0009990009990009,0.0016134605636624,,0.5464124867268345,True,0.2116268870191474,0.0009990009990009,0.0016134605636624,True,10,618,10,Category 4: StrainA:CT1,,,0.5464124867268345,
gene_649,0.6848323639533034,0.0009990009990009,0.0016134605636624,,0.5460909778589186,True,0.2471116042484016,0.0009990009990009,0.0016134605636624,True,11,649,11,Category 4: StrainA:CT1,,,0.5460909778589186,
gene_742,0.6796368279670719,0.0009990009990009,0.0016134605636624,,0.5423857394992023,True,0.2392453919595779,0.0009990009990009,0.0016134605636624,True,12,742,12,Category 4: StrainA:CT1,,,0.5423857394992023,
gene_777,0.677772787925173,0.0009990009990009,0.0016134605636624,,0.5366262489969699,True,0.2158311938640728,0.0009990009990009,0.0016134605636624,True,13,777,13,Category 4: StrainA:CT1,,,0.5366262489969699,
gene_792,0.6681627293869533,0.0009990009990009,0.0016134605636624,,0.5343947609558343,True,0.228782428508507,0.0009990009990009,0.0016134605636624,True,14,792,14,Category 4: StrainA:CT1,,,0.5343947609558343,
gene_723,0.6781949427850604,0.0009990009990009,0.0016134605636624,,0.533618994128071,True,0.2416182718254682,0.0009990009990009,0.0016134605636624,True,15,723,15,Category 4: StrainA:CT1,,,0.533618994128071,
gene_762,0.6805262038720895,0.0009990009990009,0.0016134605636624,,0.5326353590312498,True,0.2353045666888457,0.0009990009990009,0.0016134605636624,True,16,762,16,Category 4: StrainA:CT1,,,0.5326353590312498,
gene_692,0.6753144969155191,0.0009990009990009,0.0016134605636624,,0.5318149898456057,True,0.2366981321786899,0.0009990009990009,0.0016134605636624,True,17,692,17,Category 4: StrainA:CT1,,,0.5318149898456057,
gene_780,0.68692814361037,0.0009990009990009,0.0016134605636624,,0.528891530352871,True,0.2237351222381392,0.0009990009990009,0.0016134605636624,True,18,780,18,Category 4: StrainA:CT1,,,0.528891530352871,
gene_635,0.6707160487892261,0.0009990009990009,0.0016134605636624,,0.5288210372502082,True,0.2350613540371234,0.0009990009990009,0.0016134605636624,True,19,635,19,Category 4: StrainA:CT1,,,0.5288210372502082,
gene_654,0.6793177733983478,0.0009990009990009,0.0016134605636624,,0.5281679249335499,True,0.2269005706661858,0.0009990009990009,0.0016134605636624,True,20,654,20,Category 4: StrainA:CT1,,,0.5281679249335499,
gene_774,0.6744226685609925,0.0009990009990009,0.0016134605636624,,0.5237197349391898,True,0.2227317413169609,0.0009990009990009,0.0016134605636624,True,21,774,21,Category 4: StrainA:CT1,,,0.5237197349391898,
gene_727,0.680398491985459,0.0009990009990009,0.0016134605636624,,0.5234864291277946,True,0.2331155627804471,0.0009990009990009,0.0016134605636624,True,22,727,22,Category 4: StrainA:CT1,,,0.5234864291277946,
gene_604,0.6855620285386158,0.0009990009990009,0.0016134605636624,,0.5232309569562628,True,0.2217342811316932,0.0009990009990009,0.0016134605636624,True,23,604,23,Category 4: StrainA:CT1,,,0.5232309569562628,
gene_634,0.6721401537614119,0.0009990009990009,0.0016134605636624,,0.5215946664637529,True,0.2309149044650677,0.0009990009990009,0.0016134605636624,True,24,634,24,Category 4: StrainA:CT1,,,0.5215946664637529,
gene_744,0.6804608542807773,0.0009990009990009,0.0016134605636624,,0.5200943254741334,True,0.2244094142705321,0.0009990009990009,0.0016134605636624,True,25,744,25,Category 4: StrainA:CT1,,,0.5200943254741334,
gene_776,0.6816520062958324,0.0009990009990009,0.0016134605636624,,0.5157352688820004,True,0.2242364124487386,0.0009990009990009,0.0016134605636624,True,26,776,26,Category 4: StrainA:CT1,,,0.5157352688820004,
gene_639,0.6789182046583758,0.0009990009990009,0.0016134605636624,,0.5139421759608548,True,0.2220251382022043,0.0009990009990009,0.0016134605636624,True,27,639,27,Category 4: StrainA:CT1,,,0.5139421759608548,
gene_761,0.6860942707669044,0.0009990009990009,0.0016134605636624,,0.5128208978263884,True,0.2202728401944018,0.0009990009990009,0.0016134605636624,True,28,761,28,Category 4: StrainA:CT1,,,0.5128208978263884,
gene_720,0.6849363463267384,0.0009990009990009,0.0016134605636624,,0.511107506184068,True,0.2227653345990768,0.0009990009990009,0.0016134605636624,True,29,720,29,Category 4: StrainA:CT1,,,0.511107506184068,
gene_731,0.6796102351219045,0.0009990009990009,0.0016134605636624,,0.5101259954591716,True,0.2350164162404654,0.0009990009990009,0.0016134605636624,True,30,731,30,Category 4: StrainA:CT1,,,0.5101259954591716,
gene_785,0.678023408336121,0.0009990009990009,0.0016134605636624,,0.5086222321131534,True,0.215021031998272,0.0009990009990009,0.0016134605636624,True,31,785,31,Category 4: StrainA:CT1,,,0.5086222321131534,
gene_711,0.6632491286583665,0.0009990009990009,0.0016134605636624,,0.5077382726940299,True,0.2137869214127791,0.0009990009990009,0.0016134605636624,True,32,711,32,Category 4: StrainA:CT1,,,0.5077382726940299,
gene_768,0.6764221888272418,0.0009990009990009,0.0016134605636624,,0.5065728212331295,True,0.220594254319578,0.0009990009990009,0.0016134605636624,True,33,768,33,Category 4: StrainA:CT1,,,0.5065728212331295,
gene_623,0.6811758385545481,0.0009990009990009,0.0016134605636624,,0.5065257781015007,True,0.2104385357985912,0.0009990009990009,0.0016134605636624,True,34,623,34,Category 4: StrainA:CT1,,,0.5065257781015007,
gene_755,0.6640181527402299,0.0009990009990009,0.0016134605636624,,0.5060350589979498,True,0.2117440296241931,0.0009990009990009,0.0016134605636624,True,35,755,35,Category 4: StrainA:CT1,,,0.5060350589979498,
gene_758,0.6715604356293357,0.0009990009990009,0.0016134605636624,,0.5050733457841571,True,0.2159305854111269,0.0009990009990009,0.0016134605636624,True,36,758,36,Category 4: StrainA:CT1,,,0.5050733457841571,
gene_705,0.6777911087352103,0.0009990009990009,0.0016134605636624,,0.5039894197951924,True,0.2135893402213369,0.0009990009990009,0.0016134605636624,True,37,705,37,Category 4: StrainA:CT1,,,0.5039894197951924,
gene_652,0.6777902309297454,0.0009990009990009,0.0016134605636624,,0.5018687267674059,True,0.207802156688821,0.0009990009990009,0.0016134605636624,True,38,652,38,Category 4: StrainA:CT1,,,0.5018687267674059,
gene_615,0.6566486120894969,0.0009990009990009,0.0016134605636624,,0.5016827053254105,True,0.2029233176937901,0.0009990009990009,0.0016134605636624,True,39,615,39,Category 4: StrainA:CT1,,,0.5016827053254105,
gene_607,0.6727940053733392,0.0009990009990009,0.0016134605636624,,0.4998028925200684,True,0.2101375967125472,0.0009990009990009,0.0016134605636624,True,40,607,40,Category 4: StrainA:CT1,,,0.4998028925200684,
gene_754,0.6794337919844754,0.0009990009990009,0.0016134605636624,,0.4997095954202057,True,0.201665026439349,0.0009990009990009,0.0016134605636624,True,41,754,41,Category 4: StrainA:CT1,,,0.4997095954202057,
gene_643,0.6679711351405251,0.0009990009990009,0.0016134605636624,,0.4996352088617603,True,0.2182922327337965,0.0009990009990009,0.0016134605636624,True,42,643,42,Category 4: StrainA:CT1,,,0.4996352088617603,
gene_648,0.6809802774823751,0.0009990009990009,0.0016134605636624,,0.4972539022849215,True,0.2073410139978696,0.0009990009990009,0.0016134605636624,True,43,648,43,Category 4: StrainA:CT1,,,0.4972539022849215,
gene_791,0.6785845738451223,0.0009990009990009,0.0016134605636624,,0.4965352722098612,True,0.2143521593290428,0.0009990009990009,0.0016134605636624,True,44,791,44,Category 4: StrainA:CT1,,,0.4965352722098612,
gene_710,0.6773165137272514,0.0009990009990009,0.0016134605636624,,0.4965004971701929,True,0.2100372467144025,0.0009990009990009,0.0016134605636624,True,45,710,45,Category 4: StrainA:CT1,,,0.4965004971701929,
gene_728,0.6757429908547324,0.0009990009990009,0.0016134605636624,,0.4960080892436438,True,0.2054824569849064,0.0009990009990009,0.0016134605636624,True,46,728,46,Category 4: StrainA:CT1,,,0.4960080892436438,
gene_620,0.6775288811398891,0.0009990009990009,0.0016134605636624,,0.495934956271167,True,0.2067112433835742,0.0009990009990009,0.0016134605636624,True,47,620,47,Category 4: StrainA:CT1,,,0.495934956271167,
gene_707,0.6802827324787007,0.0009990009990009,0.0016134605636624,,0.4952824269423277,True,0.2102313885715749,0.0009990009990009,0.0016134605636624,True,48,707,48,Category 4: StrainA:CT1,,,0.4952824269423277,
gene_726,0.6836868388534535,0.0009990009990009,0.0016134605636624,,0.494561582426556,True,0.1973805675166986,0.0009990009990009,0.0016134605636624,True,49,726,49,Category 4: StrainA:CT1,,,0.494561582426556,
gene_616,0.6811162348426132,0.0009990009990009,0.0016134605636624,,0.4935312266284523,True,0.2029154300162012,0.0009990009990009,0.0016134605636624,True,50,616,50,Category 4: StrainA:CT1,,,0.4935312266284523,
gene_748,0.6803475828850919,0.0009990009990009,0.0016134605636624,,0.4934925229534381,True,0.1979344832422544,0.0009990009990009,0.0016134605636624,True,51,748,51,Category 4: StrainA:CT1,,,0.4934925229534381,
gene_687,0.6815393132606807,0.0009990009990009,0.0016134605636624,,0.4912237115242306,True,0.2045875225531278,0.0009990009990009,0.0016134605636624,True,52,687,52,Category 4: StrainA:CT1,,,0.4912237115242306,
gene_745,0.68074473359839,0.0009990009990009,0.0016134605636624,,0.4891538599993414,True,0.1915637216343574,0.0009990009990009,0.0016134605636624,True,53,745,53,Category 4: StrainA:CT1,,,0.4891538599993414,
gene_631,0.681288288014724,0.0009990009990009,0.0016134605636624,,0.488787946433234,True,0.1996853227844949,0.0009990009990009,0.0016134605636624,True,54,631,54,Category 4: StrainA:CT1,,,0.488787946433234,
gene_666,0.6853401291823166,0.0009990009990009,0.0016134605636624,,0.4886954379782369,True,0.2041365817319856,0.0009990009990009,0.0016134605636624,True,55,666,55,Category 4: StrainA:CT1,,,0.4886954379782369,
gene_797,0.6828413724024822,0.0009990009990009,0.0016134605636624,,0.48837377195579,True,0.1962885504046679,0.0009990009990009,0.0016134605636624,True,56,797,56,Category 4: StrainA:CT1,,,0.48837377195579,
gene_606,0.6669691422146449,0.0009990009990009,0.0016134605636624,,0.4879160902883676,True,0.1974417077231714,0.0009990009990009,0.0016134605636624,True,57,606,57,Category 4: StrainA:CT1,,,0.4879160902883676,
gene_779,0.6707494588800988,0.0009990009990009,0.0016134605636624,,0.4876317376763246,True,0.2108323923159496,0.0009990009990009,0.0016134605636624,True,58,779,58,Category 4: StrainA:CT1,,,0.4876317376763246,
gene_733,0.6793369872886034,0.0009990009990009,0.0016134605636624,,0.487419228576347,True,0.1944115262299174,0.0009990009990009,0.0016134605636624,True,59,733,59,Category 4: StrainA:CT1,,,0.487419228576347,
gene_740,0.6774765089156756,0.0009990009990009,0.0016134605636624,,0.4871000257159186,True,0.1917375524117925,0.0009990009990009,0.0016134605636624,True,60,740,60,Category 4: StrainA:CT1,,,0.4871000257159186,
gene_602,0.6708657132421932,0.0009990009990009,0.0016134605636624,,0.4865003434532963,True,0.1881319692258861,0.0009990009990009,0.0016134605636624,True,61,602,61,Category 4: StrainA:CT1,,,0.4865003434532963,
gene_718,0.6779484553048835,0.0009990009990009,0.0016134605636624,,0.4860374767233781,True,0.1927346030387711,0.0009990009990009,0.0016134605636624,True,62,718,62,Category 4: StrainA:CT1,,,0.4860374767233781,
gene_676,0.6800324121603157,0.0009990009990009,0.0016134605636624,,0.4851226843204055,True,0.1932364357011861,0.0009990009990009,0.0016134605636624,True,63,676,63,Category 4: StrainA:CT1,,,0.4851226843204055,
gene_767,0.6613298791369,0.0009990009990009,0.0016134605636624,,0.4850114978579831,True,0.1915485711281015,0.0009990009990009,0.0016134605636624,True,64,767,64,Category 4: StrainA:CT1,,,0.4850114978579831,
gene_638,0.6747971202140357,0.0009990009990009,0.0016134605636624,,0.4848433938354466,True,0.200265062733538,0.0009990009990009,0.0016134605636624,True,65,638,65,Category 4: StrainA:CT1,,,0.4848433938354466,
gene_769,0.6758228956342394,0.0009990009990009,0.0016134605636624,,0.4842745739701979,True,0.1933565138220274,0.0009990009990009,0.0016134605636624,True,66,769,66,Category 4: StrainA:CT1,,,0.4842745739701979,
gene_637,0.6788377856371324,0.0009990009990009,0.0016134605636624,,0.4820818196728169,True,0.1939771218974297,0.0009990009990009,0.0016134605636624,True,67,637,67,Category 4: StrainA:CT1,,,0.4820818196728169,
gene_793,0.6805013568230059,0.0009990009990009,0.0016134605636624,,0.4817010304218809,True,0.1930745499282666,0.0009990009990009,0.0016134605636624,True,68,793,68,Category 4: StrainA:CT1,,,0.4817010304218809,
gene_646,0.6739751750179549,0.0009990009990009,0.0016134605636624,,0.4816505953143115,True,0.1935498619219207,0.0009990009990009,0.0016134605636624,True,69,646,69,Category 4: StrainA:CT1,,,0.4816505953143115,
gene_739,0.6744727810942168,0.0009990009990009,0.0016134605636624,,0.481439496405655,True,0.1891767570505231,0.0009990009990009,0.0016134605636624,True,70,739,70,Category 4: StrainA:CT1,,,0.481439496405655,
gene_1478,0.6252993709733702,0.0009990009990009,0.0016134605636624,,0.4808709717544088,True,0.168231875553491,0.0029970029970029,0.0043413853167595,False,71,1478,71,Category 4: StrainA:CT1,,,0.4808709717544088,
gene_724,0.674061082943287,0.0009990009990009,0.0016134605636624,,0.4806810736502178,True,0.1953723408943219,0.0009990009990009,0.0016134605636624,True,72,724,72,Category 4: StrainA:CT1,,,0.4806810736502178,
gene_671,0.66730591375763,0.0009990009990009,0.0016134605636624,,0.4801159335859376,True,0.1924315987484225,0.0009990009990009,0.0016134605636624,True,73,671,73,Category 4: StrainA:CT1,,,0.4801159335859376,
gene_708,0.6652942663919387,0.0009990009990009,0.0016134605636624,,0.4800197222676434,True,0.1964014482022958,0.0009990009990009,0.0016134605636624,True,74,708,74,Category 4: StrainA:CT1,,,0.4800197222676434,
gene_743,0.68061498102556,0.0009990009990009,0.0016134605636624,,0.4793163598310777,True,0.1942601187288168,0.0009990009990009,0.0016134605636624,True,75,743,75,Category 4: StrainA:CT1,,,0.4793163598310777,
gene_680,0.6778099730963534,0.0009990009990009,0.0016134605636624,,0.477397279852936,True,0.1864876351973075,0.0009990009990009,0.0016134605636624,True,76,680,76,Category 4: StrainA:CT1,,,0.477397279852936,
gene_669,0.6697337210949421,0.0009990009990009,0.0016134605636624,,0.4773553513924294,True,0.1890974264642302,0.0009990009990009,0.0016134605636624,True,77,669,77,Category 4: StrainA:CT1,,,0.4773553513924294,
gene_757,0.6744082616679684,0.0009990009990009,0.0016134605636624,,0.4771246593318748,True,0.1941846740727788,0.0009990009990009,0.0016134605636624,True,78,757,78,Category 4: StrainA:CT1,,,0.4771246593318748,
gene_672,0.6770450176111256,0.0009990009990009,0.0016134605636624,,0.4770103245651724,True,0.1911058919728692,0.0009990009990009,0.0016134605636624,True,79,672,79,Category 4: StrainA:CT1,,,0.4770103245651724,
gene_621,0.6820633686920943,0.0009990009990009,0.0016134605636624,,0.4761317734082133,True,0.1901989463456017,0.0009990009990009,0.0016134605636624,True,80,621,80,Category 4: StrainA:CT1,,,0.4761317734082133,
gene_713,0.6765703460322772,0.0009990009990009,0.0016134605636624,,0.4760284955662253,True,0.1894868491328259,0.0009990009990009,0.0016134605636624,True,81,713,81,Category 4: StrainA:CT1,,,0.4760284955662253,
gene_640,0.6737435061683272,0.0009990009990009,0.0016134605636624,,0.4757048256915384,True,0.1868688767373808,0.0009990009990009,0.0016134605636624,True,82,640,82,Category 4: StrainA:CT1,,,0.4757048256915384,
gene_737,0.676699359176649,0.0009990009990009,0.0016134605636624,,0.4751877421777084,True,0.189958473256072,0.0009990009990009,0.0016134605636624,True,83,737,83,Category 4: StrainA:CT1,,,0.4751877421777084,
gene_736,0.6761960301701114,0.0009990009990009,0.0016134605636624,,0.4751574526477302,True,0.1894219224238035,0.0009990009990009,0.0016134605636624,True,84,736,84,Category 4: StrainA:CT1,,,0.4751574526477302,
gene_644,0.6712488827603301,0.0009990009990009,0.0016134605636624,,0.4748260153189829,True,0.1863524089987368,0.0009990009990009,0.0016134605636624,True,85,644,85,Category 4: StrainA:CT1,,,0.4748260153189829,
gene_752,0.679382661219816,0.0009990009990009,0.0016134605636624,,0.4748051281100185,True,0.1918814719290006,0.0009990009990009,0.0016134605636624,True,86,752,86,Category 4: StrainA:CT1,,,0.4748051281100185,
gene_667,0.6642808322840089,0.0009990009990009,0.0016134605636624,,0.474570962857934,True,0.1866602385938601,0.0009990009990009,0.0016134605636624,True,87,667,87,Category 4: StrainA:CT1,,,0.474570962857934,
gene_660,0.6725953033387001,0.0009990009990009,0.0016134605636624,,0.4745110420285816,True,0.1892249935511734,0.0009990009990009,0.0016134605636624,True,88,660,88,Category 4: StrainA:CT1,,,0.4745110420285816,
gene_787,0.680835918993818,0.0009990009990009,0.0016134605636624,,0.4724142697651559,True,0.1800170515963252,0.0009990009990009,0.0016134605636624,True,89,787,89,Category 4: StrainA:CT1,,,0.4724142697651559,
gene_783,0.6843747845186556,0.0009990009990009,0.0016134605636624,,0.4720666759403035,True,0.194595724428582,0.0009990009990009,0.0016134605636624,True,90,783,90,Category 4: StrainA:CT1,,,0.4720666759403035,
gene_600,0.6763601583441036,0.0009990009990009,0.0016134605636624,,0.4718820223098602,True,0.1839839469956641,0.0009990009990009,0.0016134605636624,True,91,600,91,Category 4: StrainA:CT1,,,0.4718820223098602,
gene_688,0.6716201524099972,0.0009990009990009,0.0016134605636624,,0.4716031344711814,True,0.1747386091121339,0.0009990009990009,0.0016134605636624,True,92,688,92,Category 4: StrainA:CT1,,,0.4716031344711814,
gene_717,0.6752105553899307,0.0009990009990009,0.0016134605636624,,0.4714949024659236,True,0.1810476843507512,0.0009990009990009,0.0016134605636624,True,93,717,93,Category 4: StrainA:CT1,,,0.4714949024659236,
gene_682,0.6778524039238275,0.0009990009990009,0.0016134605636624,,0.4708594398492607,True,0.1785320541933626,0.0009990009990009,0.0016134605636624,True,94,682,94,Category 4: StrainA:CT1,,,0.4708594398492607,
gene_764,0.6768817557082603,0.0009990009990009,0.0016134605636624,,0.4699321476758231,True,0.1822425144562684,0.0009990009990009,0.0016134605636624,True,95,764,95,Category 4: StrainA:CT1,,,0.4699321476758231,
gene_614,0.6713495255050294,0.0009990009990009,0.0016134605636624,,0.4696726992448631,True,0.177855912337922,0.0009990009990009,0.0016134605636624,True,96,614,96,Category 4: StrainA:CT1,,,0.4696726992448631,
gene_661,0.679525011800689,0.0009990009990009,0.0016134605636624,,0.4685908586320031,True,0.1745979964097631,0.0009990009990009,0.0016134605636624,True,97,661,97,Category 4: StrainA:CT1,,,0.4685908586320031,
gene_633,0.6716901444105816,0.0009990009990009,0.0016134605636624,,0.468134023149824,True,0.1775882710370804,0.0009990009990009,0.0016134605636624,True,98,633,98,Category 4: StrainA:CT1,,,0.468134023149824,
gene_795,0.6778591250555812,0.0009990009990009,0.0016134605636624,,0.4679048515884345,True,0.1843677490569643,0.0009990009990009,0.0016134605636624,True,99,795,99,Category 4: StrainA:CT1,,,0.4679048515884345,
gene_763,0.6801566769576203,0.0009990009990009,0.0016134605636624,,0.4671681345184401,True,0.1889285102311786,0.0009990009990009,0.0016134605636624,True,100,763,100,Category 4: StrainA:CT1,,,0.4671681345184401,
gene_697,0.6794574304245252,0.0009990009990009,0.0016134605636624,,0.4668479874919413,True,0.1791697164239747,0.0009990009990009,0.0016134605636624,True,101,697,101,Category 4: StrainA:CT1,,,0.4668479874919413,
gene_766,0.6747827015288772,0.0009990009990009,0.0016134605636624,,0.4657395652116536,True,0.1868519474016622,0.0009990009990009,0.0016134605636624,True,102,766,102,Category 4: StrainA:CT1,,,0.4657395652116536,
gene_701,0.669715942101951,0.0009990009990009,0.0016134605636624,,0.4647790861182982,True,0.1816217042069201,0.0009990009990009,0.0016134605636624,True,103,701,103,Category 4: StrainA:CT1,,,0.4647790861182982,
gene_630,0.673772982892009,0.0009990009990009,0.0016134605636624,,0.4644475620844546,True,0.1879890770789486,0.0009990009990009,0.0016134605636624,True,104,630,104,Category 4: StrainA:CT1,,,0.4644475620844546,
gene_753,0.6807342587710624,0.0009990009990009,0.0016134605636624,,0.4641699657973987,True,0.1828013372486637,0.0009990009990009,0.0016134605636624,True,105,753,105,Category 4: StrainA:CT1,,,0.4641699657973987,
gene_628,0.6771958423095583,0.0009990009990009,0.0016134605636624,,0.4635528089693468,True,0.1735258505554385,0.0009990009990009,0.0016134605636624,True,106,628,106,Category 4: StrainA:CT1,,,0.4635528089693468,
gene_698,0.6790511788795239,0.0009990009990009,0.0016134605636624,,0.4635526453929491,True,0.1711100856228076,0.0009990009990009,0.0016134605636624,True,107,698,107,Category 4: StrainA:CT1,,,0.4635526453929491,
gene_751,0.678257474131707,0.0009990009990009,0.0016134605636624,,0.4618886993819487,True,0.1766336597801108,0.0009990009990009,0.0016134605636624,True,108,751,108,Category 4: StrainA:CT1,,,0.4618886993819487,
gene_655,0.6759863980890347,0.0009990009990009,0.0016134605636624,,0.461436855264746,True,0.170780660672913,0.0009990009990009,0.0016134605636624,True,109,655,109,Category 4: StrainA:CT1,,,0.461436855264746,
gene_704,0.6801487141052451,0.0009990009990009,0.0016134605636624,,0.4613657560674555,True,0.1724288204283285,0.0009990009990009,0.0016134605636624,True,110,704,110,Category 4: StrainA:CT1,,,0.4613657560674555,
gene_622,0.6773243377028371,0.0009990009990009,0.0016134605636624,,0.4613646265988452,True,0.1719252025206039,0.0009990009990009,0.0016134605636624,True,111,622,111,Category 4: StrainA:CT1,,,0.4613646265988452,
gene_784,0.6762866535494743,0.0009990009990009,0.0016134605636624,,0.4610949127560623,True,0.1734002874094297,0.0009990009990009,0.0016134605636624,True,112,784,112,Category 4: StrainA:CT1,,,0.4610949127560623,
gene_612,0.6714480799441078,0.0009990009990009,0.0016134605636624,,0.4605538027340375,True,0.1713387096733107,0.0009990009990009,0.0016134605636624,True,113,612,113,Category 4: StrainA:CT1,,,0.4605538027340375,
gene_608,0.6785223532561082,0.0009990009990009,0.0016134605636624,,0.4587355101613105,True,0.1725080902015663,0.0009990009990009,0.0016134605636624,True,114,608,114,Category 4: StrainA:CT1,,,0.4587355101613105,
gene_650,0.6782994053640733,0.0009990009990009,0.0016134605636624,,0.4583148412330138,True,0.1619874966177293,0.0009990009990009,0.0016134605636624,True,115,650,115,Category 4: StrainA:CT1,,,0.4583148412330138,
gene_659,0.6700567564376658,0.0009990009990009,0.0016134605636624,,0.458117634169532,True,0.1711090602500426,0.0009990009990009,0.0016134605636624,True,116,659,116,Category 4: StrainA:CT1,,,0.458117634169532,
gene_729,0.6804825762452414,0.0009990009990009,0.0016134605636624,,0.4577569279109901,True,0.1787500158893824,0.0009990009990009,0.0016134605636624,True,117,729,117,Category 4: StrainA:CT1,,,0.4577569279109901,
gene_683,0.6795988094781305,0.0009990009990009,0.0016134605636624,,0.4575840862006168,True,0.1682426105383861,0.0009990009990009,0.0016134605636624,True,118,683,118,Category 4: StrainA:CT1,,,0.4575840862006168,
gene_759,0.6817600239368837,0.0009990009990009,0.0016134605636624,,0.4566896395133961,True,0.1809797561144223,0.0009990009990009,0.0016134605636624,True,119,759,119,Category 4: StrainA:CT1,,,0.4566896395133961,
gene_693,0.6813076976940097,0.0009990009990009,0.0016134605636624,,0.4561171431524578,True,0.1728950338651419,0.0009990009990009,0.0016134605636624,True,120,693,120,Category 4: StrainA:CT1,,,0.4561171431524578,
gene_771,0.6710768975695452,0.0009990009990009,0.0016134605636624,,0.4559749670599107,True,0.168909241870826,0.0009990009990009,0.0016134605636624,True,121,771,121,Category 4: StrainA:CT1,,,0.4559749670599107,
gene_796,0.6739835258852026,0.0009990009990009,0.0016134605636624,,0.4547928636543533,True,0.1747647421526722,0.0009990009990009,0.0016134605636624,True,122,796,122,Category 4: StrainA:CT1,,,0.4547928636543533,
gene_613,0.6744323318226174,0.0009990009990009,0.0016134605636624,,0.4536287949077149,True,0.1652609134003262,0.0009990009990009,0.0016134605636624,True,123,613,123,Category 4: StrainA:CT1,,,0.4536287949077149,
gene_746,0.6797934267665804,0.0009990009990009,0.0016134605636624,,0.4535041751197062,True,0.1765950580460639,0.0009990009990009,0.0016134605636624,True,124,746,124,Category 4: StrainA:CT1,,,0.4535041751197062,
gene_798,0.6752543105738336,0.0009990009990009,0.0016134605636624,,0.4530115627147352,True,0.1631397325482718,0.0009990009990009,0.0016134605636624,True,125,798,125,Category 4: StrainA:CT1,,,0.4530115627147352,
gene_611,0.6777483409835185,0.0009990009990009,0.0016134605636624,,0.4525496842641411,True,0.164519830058352,0.0009990009990009,0.0016134605636624,True,126,611,126,Category 4: StrainA:CT1,,,0.4525496842641411,
gene_722,0.6755479776202036,0.0009990009990009,0.0016134605636624,,0.4524630598810994,True,0.1720896499389804,0.0009990009990009,0.0016134605636624,True,127,722,127,Category 4: StrainA:CT1,,,0.4524630598810994,
gene_782,0.6707582940195785,0.0009990009990009,0.0016134605636624,,0.4495384822349748,True,0.1647631130037423,0.0009990009990009,0.0016134605636624,True,128,782,128,Category 4: StrainA:CT1,,,0.4495384822349748,
gene_709,0.6741104022056326,0.0009990009990009,0.0016134605636624,,0.4491361784530033,True,0.1647327221652849,0.0009990009990009,0.0016134605636624,True,129,709,129,Category 4: StrainA:CT1,,,0.4491361784530033,
gene_691,0.6825757713815436,0.0009990009990009,0.0016134605636624,,0.4486043312655758,True,0.1687890337700405,0.0009990009990009,0.0016134605636624,True,130,691,130,Category 4: StrainA:CT1,,,0.4486043312655758,
gene_626,0.6655351609753157,0.0009990009990009,0.0016134605636624,,0.4480947850258536,True,0.1649553483380401,0.0009990009990009,0.0016134605636624,True,131,626,131,Category 4: StrainA:CT1,,,0.4480947850258536,
gene_663,0.6697373197961485,0.0009990009990009,0.0016134605636624,,0.4469203355407682,True,0.1651668412403585,0.0009990009990009,0.0016134605636624,True,132,663,132,Category 4: StrainA:CT1,,,0.4469203355407682,
gene_734,0.677252368979264,0.0009990009990009,0.0016134605636624,,0.4464866791221855,True,0.1615763959795089,0.0009990009990009,0.0016134605636624,True,133,734,133,Category 4: StrainA:CT1,,,0.4464866791221855,
gene_686,0.6791174506105881,0.0009990009990009,0.0016134605636624,,0.4463858897044351,True,0.1647001830765112,0.0009990009990009,0.0016134605636624,True,134,686,134,Category 4: StrainA:CT1,,,0.4463858897044351,
gene_647,0.6737934375304518,0.0009990009990009,0.0016134605636624,,0.4459153038432921,True,0.165472039013812,0.0009990009990009,0.0016134605636624,True,135,647,135,Category 4: StrainA:CT1,,,0.4459153038432921,
gene_719,0.6722800331659526,0.0009990009990009,0.0016134605636624,,0.4457311963860084,True,0.1588204338975361,0.0009990009990009,0.0016134605636624,True,136,719,136,Category 4: StrainA:CT1,,,0.4457311963860084,
gene_699,0.6765294670313794,0.0009990009990009,0.0016134605636624,,0.4451571510239107,True,0.1594592995283378,0.0009990009990009,0.0016134605636624,True,137,699,137,Category 4: StrainA:CT1,,,0.4451571510239107,
gene_703,0.674566033777957,0.0009990009990009,0.0016134605636624,,0.444708906082446,True,0.1605384302714442,0.0009990009990009,0.0016134605636624,True,138,703,138,Category 4: StrainA:CT1,,,0.444708906082446,
gene_603,0.6802463837339744,0.0009990009990009,0.0016134605636624,,0.4443663540726127,True,0.1573534381825496,0.0009990009990009,0.0016134605636624,True,139,603,139,Category 4: StrainA:CT1,,,0.4443663540726127,
gene_760,0.678801513142339,0.0009990009990009,0.0016134605636624,,0.4442918075429053,True,0.1624443853346244,0.0009990009990009,0.0016134605636624,True,140,760,140,Category 4: StrainA:CT1,,,0.4442918075429053,
gene_706,0.6750400952512853,0.0009990009990009,0.0016134605636624,,0.443225667851288,True,0.1630910822135443,0.0009990009990009,0.0016134605636624,True,141,706,141,Category 4: StrainA:CT1,,,0.443225667851288,
gene_715,0.6707850068094554,0.0009990009990009,0.0016134605636624,,0.4427769670194348,True,0.1647155165492252,0.0009990009990009,0.0016134605636624,True,142,715,142,Category 4: StrainA:CT1,,,0.4427769670194348,
gene_668,0.6835900437926018,0.0009990009990009,0.0016134605636624,,0.4423150054478923,True,0.162855811991252,0.0009990009990009,0.0016134605636624,True,143,668,143,Category 4: StrainA:CT1,,,0.4423150054478923,
gene_662,0.6735260169719975,0.0009990009990009,0.0016134605636624,,0.4417927318270316,True,0.1663546156156588,0.0009990009990009,0.0016134605636624,True,144,662,144,Category 4: StrainA:CT1,,,0.4417927318270316,
gene_772,0.6775026063408709,0.0009990009990009,0.0016134605636624,,0.4399819320622473,True,0.1541603364121554,0.0009990009990009,0.0016134605636624,True,145,772,145,Category 4: StrainA:CT1,,,0.4399819320622473,
gene_790,0.6766842790329188,0.0009990009990009,0.0016134605636624,,0.43970097615553,True,0.1665747862894694,0.0009990009990009,0.0016134605636624,True,146,790,146,Category 4: StrainA:CT1,,,0.43970097615553,
gene_695,0.6779718860453342,0.0009990009990009,0.0016134605636624,,0.4396439014041875,True,0.163167676973248,0.0009990009990009,0.0016134605636624,True,147,695,147,Category 4: StrainA:CT1,,,0.4396439014041875,
gene_732,0.6683481361170268,0.0009990009990009,0.0016134605636624,,0.4391725360536536,True,0.1503464209361395,0.0009990009990009,0.0016134605636624,True,148,732,148,Category 4: StrainA:CT1,,,0.4391725360536536,
gene_690,0.6772191071132969,0.0009990009990009,0.0016134605636624,,0.4380634721628469,True,0.1613759632439564,0.0009990009990009,0.0016134605636624,True,149,690,149,Category 4: StrainA:CT1,,,0.4380634721628469,
gene_670,0.6737975912753975,0.0009990009990009,0.0016134605636624,,0.4365746217796492,True,0.1562922071834964,0.0009990009990009,0.0016134605636624,True,150,670,150,Category 4: StrainA:CT1,,,0.4365746217796492,
gene_747,0.6797388578450454,0.0009990009990009,0.0016134605636624,,0.436007385954428,True,0.156812712993207,0.0009990009990009,0.0016134605636624,True,151,747,151,Category 4: StrainA:CT1,,,0.436007385954428,
gene_673,0.67969408066538,0.0009990009990009,0.0016134605636624,,0.4355850126979977,True,0.1522976499373665,0.0009990009990009,0.0016134605636624,True,152,673,152,Category 4: StrainA:CT1,,,0.4355850126979977,
gene_681,0.6821322070243885,0.0009990009990009,0.0016134605636624,,0.4339162630581666,True,0.1576239995339956,0.0009990009990009,0.0016134605636624,True,153,681,153,Category 4: StrainA:CT1,,,0.4339162630581666,
gene_773,0.6769774306625378,0.0009990009990009,0.0016134605636624,,0.4330411615417453,True,0.1628168015526326,0.0009990009990009,0.0016134605636624,True,154,773,154,Category 4: StrainA:CT1,,,0.4330411615417453,
gene_617,0.677578866091054,0.0009990009990009,0.0016134605636624,,0.4329491007218005,True,0.1553942956210138,0.0009990009990009,0.0016134605636624,True,155,617,155,Category 4: StrainA:CT1,,,0.4329491007218005,
gene_794,0.6752901131617093,0.0009990009990009,0.0016134605636624,,0.4326297090318691,True,0.1566552919202981,0.0009990009990009,0.0016134605636624,True,156,794,156,Category 4: StrainA:CT1,,,0.4326297090318691,
gene_609,0.6695774652207852,0.0009990009990009,0.0016134605636624,,0.4325369474145056,True,0.1552996712002194,0.0009990009990009,0.0016134605636624,True,157,609,157,Category 4: StrainA:CT1,,,0.4325369474145056,
gene_629,0.6719747345605231,0.0009990009990009,0.0016134605636624,,0.4316771458213412,True,0.1555719050013597,0.0009990009990009,0.0016134605636624,True,158,629,158,Category 4: StrainA:CT1,,,0.4316771458213412,
gene_696,0.6833452079430079,0.0009990009990009,0.0016134605636624,,0.4295423110212213,True,0.147025415754317,0.0009990009990009,0.0016134605636624,True,159,696,159,Category 4: StrainA:CT1,,,0.4295423110212213,
gene_88,0.7097170069435962,0.0009990009990009,0.0016134605636624,,0.4282574086606711,True,0.3053237509306167,0.0009990009990009,0.0016134605636624,False,160,88,160,Category 4: StrainA:CT1,,,0.4282574086606711,
gene_625,0.6728320346708637,0.0009990009990009,0.0016134605636624,,0.4277198051542765,True,0.1450501445328508,0.0009990009990009,0.0016134605636624,True,161,625,161,Category 4: StrainA:CT1,,,0.4277198051542765,
gene_721,0.6611407701888964,0.0009990009990009,0.0016134605636624,,0.4274746108782637,True,0.148900813894348,0.0009990009990009,0.0016134605636624,True,162,721,162,Category 4: StrainA:CT1,,,0.4274746108782637,
gene_651,0.6765623317015745,0.0009990009990009,0.0016134605636624,,0.4272039033914912,True,0.1521478191336608,0.0009990009990009,0.0016134605636624,True,163,651,163,Category 4: StrainA:CT1,,,0.4272039033914912,
gene_645,0.6800207895168096,0.0009990009990009,0.0016134605636624,,0.4271558792510221,True,0.1513264935040592,0.0009990009990009,0.0016134605636624,True,164,645,164,Category 4: StrainA:CT1,,,0.4271558792510221,
gene_665,0.675531297647417,0.0009990009990009,0.0016134605636624,,0.4267560820919423,True,0.1432655063640422,0.0009990009990009,0.0016134605636624,True,165,665,165,Category 4: StrainA:CT1,,,0.4267560820919423,
gene_684,0.6730417405629877,0.0009990009990009,0.0016134605636624,,0.4261066759854122,True,0.1455143914543778,0.0009990009990009,0.0016134605636624,True,166,684,166,Category 4: StrainA:CT1,,,0.4261066759854122,
gene_675,0.6680333889954008,0.0009990009990009,0.0016134605636624,,0.4258896541863541,True,0.1453319374952996,0.0009990009990009,0.0016134605636624,True,167,675,167,Category 4: StrainA:CT1,,,0.4258896541863541,
gene_775,0.6778879544927856,0.0009990009990009,0.0016134605636624,,0.4248630742338435,True,0.1456036927349019,0.0009990009990009,0.0016134605636624,True,168,775,168,Category 4: StrainA:CT1,,,0.4248630742338435,
gene_685,0.6732801897540565,0.0009990009990009,0.0016134605636624,,0.4246684594145681,True,0.1423667728868474,0.0009990009990009,0.0016134605636624,True,169,685,169,Category 4: StrainA:CT1,,,0.4246684594145681,
gene_619,0.6765518941154729,0.0009990009990009,0.0016134605636624,,0.4227860211400741,True,0.1462926025184104,0.0009990009990009,0.0016134605636624,True,170,619,170,Category 4: StrainA:CT1,,,0.4227860211400741,
gene_605,0.6720099441363196,0.0009990009990009,0.0016134605636624,,0.4222694898434009,True,0.1457982667061036,0.0009990009990009,0.0016134605636624,True,171,605,171,Category 4: StrainA:CT1,,,0.4222694898434009,
gene_786,0.6817765085555697,0.0009990009990009,0.0016134605636624,,0.4220158419175916,True,0.1461631074023637,0.0009990009990009,0.0016134605636624,True,172,786,172,Category 4: StrainA:CT1,,,0.4220158419175916,
gene_750,0.6760758226299823,0.0009990009990009,0.0016134605636624,,0.4219394146734749,True,0.1507387148738717,0.0009990009990009,0.0016134605636624,True,173,750,173,Category 4: StrainA:CT1,,,0.4219394146734749,
gene_788,0.6808488117950013,0.0009990009990009,0.0016134605636624,,0.4219314754568784,True,0.1402988233317367,0.0009990009990009,0.0016134605636624,True,174,788,174,Category 4: StrainA:CT1,,,0.4219314754568784,
gene_725,0.6787189543672798,0.0009990009990009,0.0016134605636624,,0.4212999694439308,True,0.1582329848476837,0.0009990009990009,0.0016134605636624,True,175,725,175,Category 4: StrainA:CT1,,,0.4212999694439308,
gene_716,0.6778444008104858,0.0009990009990009,0.0016134605636624,,0.4210554413593344,True,0.1446455396819644,0.0009990009990009,0.0016134605636624,True,176,716,176,Category 4: StrainA:CT1,,,0.4210554413593344,
gene_656,0.6811427729760089,0.0009990009990009,0.0016134605636624,,0.4202716133184715,True,0.1494135085086327,0.0009990009990009,0.0016134605636624,True,177,656,177,Category 4: StrainA:CT1,,,0.4202716133184715,
gene_770,0.6798984840922866,0.0009990009990009,0.0016134605636624,,0.4186416305309314,True,0.1350241756237971,0.0009990009990009,0.0016134605636624,True,178,770,178,Category 4: StrainA:CT1,,,0.4186416305309314,
gene_679,0.678486686088823,0.0009990009990009,0.0016134605636624,,0.4173277471559115,True,0.1440789265801068,0.0009990009990009,0.0016134605636624,True,179,679,179,Category 4: StrainA:CT1,,,0.4173277471559115,
gene_694,0.6712281909778129,0.0009990009990009,0.0016134605636624,,0.4172887547632321,True,0.1362617559873213,0.0009990009990009,0.0016134605636624,True,180,694,180,Category 4: StrainA:CT1,,,0.4172887547632321,
gene_139,0.7167198958434623,0.0009990009990009,0.0016134605636624,,0.4164553920118375,True,0.3207730981645865,0.0009990009990009,0.0016134605636624,False,181,139,181,Category 4: StrainA:CT1,,,0.4164553920118375,
gene_627,0.6734562357600283,0.0009990009990009,0.0016134605636624,,0.4151132347691894,True,0.1367349107168812,0.0009990009990009,0.0016134605636624,True,182,627,182,Category 4: StrainA:CT1,,,0.4151132347691894,
gene_601,0.674302390889677,0.0009990009990009,0.0016134605636624,,0.4140397462494389,True,0.1363269872728734,0.0009990009990009,0.0016134605636624,True,183,601,183,Category 4: StrainA:CT1,,,0.4140397462494389,
gene_677,0.6711830117181077,0.0009990009990009,0.0016134605636624,,0.4140135779691057,True,0.1363668378580338,0.0009990009990009,0.0016134605636624,True,184,677,184,Category 4: StrainA:CT1,,,0.4140135779691057,
gene_778,0.6790533479770464,0.0009990009990009,0.0016134605636624,,0.4132898301239216,True,0.1338581069146532,0.0009990009990009,0.0016134605636624,True,185,778,185,Category 4: StrainA:CT1,,,0.4132898301239216,
gene_653,0.6709106604419462,0.0009990009990009,0.0016134605636624,,0.4131852041348244,True,0.1394845642237574,0.0009990009990009,0.0016134605636624,True,186,653,186,Category 4: StrainA:CT1,,,0.4131852041348244,
gene_641,0.6793395770880193,0.0009990009990009,0.0016134605636624,,0.4129974447444674,True,0.1324860782721323,0.0009990009990009,0.0016134605636624,True,187,641,187,Category 4: StrainA:CT1,,,0.4129974447444674,
gene_789,0.67649886914002,0.0009990009990009,0.0016134605636624,,0.4125216464455926,True,0.1400518753563931,0.0009990009990009,0.0016134605636624,True,188,789,188,Category 4: StrainA:CT1,,,0.4125216464455926,
gene_714,0.675628155789637,0.0009990009990009,0.0016134605636624,,0.4115894982777858,True,0.1397581454278106,0.0009990009990009,0.0016134605636624,True,189,714,189,Category 4: StrainA:CT1,,,0.4115894982777858,
gene_1088,0.6080334402727428,0.0009990009990009,0.0016134605636624,,0.4106311574299701,True,0.1846864158867215,0.0009990009990009,0.0016134605636624,False,190,1088,190,Category 4: StrainA:CT1,,,0.4106311574299701,
gene_678,0.6787317703412633,0.0009990009990009,0.0016134605636624,,0.4096411577763601,True,0.1386956874993708,0.0009990009990009,0.0016134605636624,True,191,678,191,Category 4: StrainA:CT1,,,0.4096411577763601,
gene_781,0.6754902301053992,0.0009990009990009,0.0016134605636624,,0.408003720671441,True,0.1338751719470715,0.0009990009990009,0.0016134605636624,True,192,781,192,Category 4: StrainA:CT1,,,0.408003720671441,
gene_756,0.6723201255805896,0.0009990009990009,0.0016134605636624,,0.4079880685221655,True,0.129385205720823,0.0009990009990009,0.0016134605636624,True,193,756,193,Category 4: StrainA:CT1,,,0.4079880685221655,
gene_700,0.6738830366113303,0.0009990009990009,0.0016134605636624,,0.4034092178329269,True,0.1344110967493205,0.0009990009990009,0.0016134605636624,True,194,700,194,Category 4: StrainA:CT1,,,0.4034092178329269,
gene_738,0.6775806722363565,0.0009990009990009,0.0016134605636624,,0.4027836864255233,True,0.1248888954646956,0.0009990009990009,0.0016134605636624,True,195,738,195,Category 4: StrainA:CT1,,,0.4027836864255233,
gene_765,0.6751591996257583,0.0009990009990009,0.0016134605636624,,0.4018915342146955,True,0.1271764921914076,0.0009990009990009,0.0016134605636624,True,196,765,196,Category 4: StrainA:CT1,,,0.4018915342146955,
gene_674,0.664703989883016,0.0009990009990009,0.0016134605636624,,0.4016658672135469,True,0.1292174560857721,0.0009990009990009,0.0016134605636624,True,197,674,197,Category 4: StrainA:CT1,,,0.4016658672135469,
gene_735,0.6673891585413599,0.0009990009990009,0.0016134605636624,,0.3990333490183069,True,0.1292353101684296,0.0009990009990009,0.0016134605636624,True,198,735,198,Category 4: StrainA:CT1,,,0.3990333490183069,
gene_109,0.7012099314199619,0.0009990009990009,0.0016134605636624,,0.3977475320473208,True,0.2438588816712985,0.0009990009990009,0.0016134605636624,False,199,109,199,Category 4: StrainA:CT1,,,0.3977475320473208,
gene_642,0.6721596995611198,0.0009990009990009,0.0016134605636624,,0.39738563210395,True,0.1315062258410814,0.0009990009990009,0.0016134605636624,True,200,642,200,Category 4: StrainA:CT1,,,0.39738563210395,
gene_990,0.7101924983066529,0.0009990009990009,0.0016134605636624,,0.3849804880528207,True,0.281720730743961,0.0009990009990009,0.0016134605636624,True,1,990,1,Category 5: StrainA:CT1 + StrainB:CT2,,,0.3950440024201952,0.3849804880528207
gene_962,0.7020454618591115,0.0009990009990009,0.0016134605636624,,0.3715604491190267,True,0.2574689187777244,0.0009990009990009,0.0016134605636624,True,2,962,2,Category 5: StrainA:CT1 + StrainB:CT2,,,0.3715604491190267,0.375039291320777
gene_891,0.701914190163538,0.0009990009990009,0.0016134605636624,,0.3715044612395046,True,0.2552552334337208,0.0009990009990009,0.0016134605636624,True,3,891,3,Category 5: StrainA:CT1 + StrainB:CT2,,,0.3715044612395046,0.3724577573963087
gene_808,0.6974650406169451,0.0009990009990009,0.0016134605636624,,0.3689296930702654,True,0.2588311267381833,0.0009990009990009,0.0016134605636624,True,4,808,4,Category 5: StrainA:CT1 + StrainB:CT2,,,0.3784666601545509,0.3689296930702654
gene_918,0.7043280464319293,0.0009990009990009,0.0016134605636624,,0.3672046138639602,True,0.26147896900367,0.0009990009990009,0.0016134605636624,True,5,918,5,Category 5: StrainA:CT1 + StrainB:CT2,,,0.3672046138639602,0.3934319511914839
gene_813,0.7048207280907446,0.0009990009990009,0.0016134605636624,,0.3666766006804493,True,0.246064072254404,0.0009990009990009,0.0016134605636624,True,6,813,6,Category 5: StrainA:CT1 + StrainB:CT2,,,0.3666766006804493,0.4158116531055249
gene_874,0.6901940820606568,0.0009990009990009,0.0016134605636624,,0.3659506154621403,True,0.2312143906482542,0.0009990009990009,0.0016134605636624,True,7,874,7,Category 5: StrainA:CT1 + StrainB:CT2,,,0.3659506154621403,0.3719828936878706
gene_896,0.6982077561399992,0.0009990009990009,0.0016134605636624,,0.3658238815008092,True,0.2610955651492533,0.0009990009990009,0.0016134605636624,True,8,896,8,Category 5: StrainA:CT1 + StrainB:CT2,,,0.3658238815008092,0.4250895015352182
gene_814,0.7014897238160189,0.0009990009990009,0.0016134605636624,,0.3612353228099471,True,0.2380977903010826,0.0009990009990009,0.0016134605636624,True,9,814,9,Category 5: StrainA:CT1 + StrainB:CT2,,,0.3612353228099471,0.3958766618445861
gene_894,0.6934787960382954,0.0009990009990009,0.0016134605636624,,0.3556116619657248,True,0.2142140890917671,0.0009990009990009,0.0016134605636624,True,10,894,10,Category 5: StrainA:CT1 + StrainB:CT2,,,0.3556116619657248,0.3847524224478391
gene_970,0.6948460433443853,0.0009990009990009,0.0016134605636624,,0.3550826504077474,True,0.2079279847853392,0.0009990009990009,0.0016134605636624,True,11,970,11,Category 5: StrainA:CT1 + StrainB:CT2,,,0.3550826504077474,0.3600768876072139
gene_984,0.690175103011039,0.0009990009990009,0.0016134605636624,,0.3550712299354212,True,0.2324783405757095,0.0009990009990009,0.0016134605636624,True,12,984,12,Category 5: StrainA:CT1 + StrainB:CT2,,,0.3661561992212707,0.3550712299354212
gene_897,0.692185653053522,0.0009990009990009,0.0016134605636624,,0.3549815401768571,True,0.2534702019294412,0.0009990009990009,0.0016134605636624,True,13,897,13,Category 5: StrainA:CT1 + StrainB:CT2,,,0.3549815401768571,0.3884772504013071
gene_923,0.6974884153857074,0.0009990009990009,0.0016134605636624,,0.3525451889722353,True,0.2568788941619613,0.0009990009990009,0.0016134605636624,True,14,923,14,Category 5: StrainA:CT1 + StrainB:CT2,,,0.3525451889722353,0.3977972871986831
gene_917,0.6984013368991898,0.0009990009990009,0.0016134605636624,,0.3515623103209104,True,0.2300193843585109,0.0009990009990009,0.0016134605636624,True,15,917,15,Category 5: StrainA:CT1 + StrainB:CT2,,,0.3515623103209104,0.3655971720403171
gene_880,0.6924862798422917,0.0009990009990009,0.0016134605636624,,0.3510625438301297,True,0.2444515919673932,0.0009990009990009,0.0016134605636624,True,16,880,16,Category 5: StrainA:CT1 + StrainB:CT2,,,0.3510625438301297,0.3833722111890806
gene_902,0.7061775073844724,0.0009990009990009,0.0016134605636624,,0.3495725578255297,True,0.2666517193076133,0.0009990009990009,0.0016134605636624,True,17,902,17,Category 5: StrainA:CT1 + StrainB:CT2,,,0.3495725578255297,0.4062615867086508
gene_868,0.6998190425921312,0.0009990009990009,0.0016134605636624,,0.3492678421596424,True,0.2256640871638172,0.0009990009990009,0.0016134605636624,True,18,868,18,Category 5: StrainA:CT1 + StrainB:CT2,,,0.3545237334437259,0.3492678421596424
gene_957,0.6974567632039439,0.0009990009990009,0.0016134605636624,,0.3483605303347452,True,0.2082518230754926,0.0009990009990009,0.0016134605636624,True,19,957,19,Category 5: StrainA:CT1 + StrainB:CT2,,,0.3483605303347452,0.37406244097832
gene_930,0.7005965458733656,0.0009990009990009,0.0016134605636624,,0.3482186057693566,True,0.2587449098568943,0.0009990009990009,0.0016134605636624,True,20,930,20,Category 5: StrainA:CT1 + StrainB:CT2,,,0.3482186057693566,0.3950091751256098
gene_862,0.6975339315711755,0.0009990009990009,0.0016134605636624,,0.3456705909329793,True,0.2108998269337839,0.0009990009990009,0.0016134605636624,True,21,862,21,Category 5: StrainA:CT1 + StrainB:CT2,,,0.3456705909329793,0.3589913910807042
gene_875,0.6990680746407396,0.0009990009990009,0.0016134605636624,,0.3453453489472214,True,0.2236563258074551,0.0009990009990009,0.0016134605636624,True,22,875,22,Category 5: StrainA:CT1 + StrainB:CT2,,,0.3453453489472214,0.3607193981747821
gene_964,0.700360411511147,0.0009990009990009,0.0016134605636624,,0.3451321280169199,True,0.2245553311056708,0.0009990009990009,0.0016134605636624,True,23,964,23,Category 5: StrainA:CT1 + StrainB:CT2,,,0.3624080843377184,0.3451321280169199
gene_959,0.6984906797486641,0.0009990009990009,0.0016134605636624,,0.3449522906934106,True,0.2184812769746087,0.0009990009990009,0.0016134605636624,True,24,959,24,Category 5: StrainA:CT1 + StrainB:CT2,,,0.3668248830257247,0.3449522906934106
gene_998,0.6951680157000983,0.0009990009990009,0.0016134605636624,,0.3448064613899746,True,0.2128572077737887,0.0009990009990009,0.0016134605636624,True,25,998,25,Category 5: StrainA:CT1 + StrainB:CT2,,,0.3498452890285581,0.3448064613899746
gene_965,0.6936964799155391,0.0009990009990009,0.0016134605636624,,0.3446625457493127,True,0.2064401612997459,0.0009990009990009,0.0016134605636624,True,26,965,26,Category 5: StrainA:CT1 + StrainB:CT2,,,0.3448582067603088,0.3446625457493127
gene_876,0.708489020705133,0.0009990009990009,0.0016134605636624,,0.344609168321052,True,0.2797289510258926,0.0009990009990009,0.0016134605636624,True,27,876,27,Category 5: StrainA:CT1 + StrainB:CT2,,,0.344609168321052,0.4352384638923545
gene_863,0.6961268272413307,0.0009990009990009,0.0016134605636624,,0.3440769203912605,True,0.2209206308563465,0.0009990009990009,0.0016134605636624,True,28,863,28,Category 5: StrainA:CT1 + StrainB:CT2,,,0.3440769203912605,0.3582666311663119
gene_912,0.693944158798986,0.0009990009990009,0.0016134605636624,,0.3439836034902688,True,0.2116775751644413,0.0009990009990009,0.0016134605636624,True,29,912,29,Category 5: StrainA:CT1 + StrainB:CT2,,,0.3542682644923403,0.3439836034902688
gene_828,0.6978497988766199,0.0009990009990009,0.0016134605636624,,0.3437725455861815,True,0.2189454252886885,0.0009990009990009,0.0016134605636624,True,30,828,30,Category 5: StrainA:CT1 + StrainB:CT2,,,0.3437725455861815,0.3642790925672029
gene_873,0.6954551582362852,0.0009990009990009,0.0016134605636624,,0.3435522763618563,True,0.2295686341754473,0.0009990009990009,0.0016134605636624,True,31,873,31,Category 5: StrainA:CT1 + StrainB:CT2,,,0.3435522763618563,0.3771533129234279
gene_947,0.7012235596870083,0.0009990009990009,0.0016134605636624,,0.3432439457477955,True,0.2103862084189347,0.0009990009990009,0.0016134605636624,True,32,947,32,Category 5: StrainA:CT1 + StrainB:CT2,,,0.3432439457477955,0.3536957881960304
gene_836,0.7080247997075275,0.0009990009990009,0.0016134605636624,,0.3426777209689407,True,0.2842832767778105,0.0009990009990009,0.0016134605636624,True,33,836,33,Category 5: StrainA:CT1 + StrainB:CT2,,,0.3426777209689407,0.4550312492202395
gene_870,0.7020340178497249,0.0009990009990009,0.0016134605636624,,0.3423516491145124,True,0.2541056686206983,0.0009990009990009,0.0016134605636624,True,34,870,34,Category 5: StrainA:CT1 + StrainB:CT2,,,0.3423516491145124,0.405116714998544
gene_926,0.6964702944216772,0.0009990009990009,0.0016134605636624,,0.3416529309726676,True,0.2192073075299516,0.0009990009990009,0.0016134605636624,True,35,926,35,Category 5: StrainA:CT1 + StrainB:CT2,,,0.3416529309726676,0.3602827169424459
gene_867,0.6903093837314687,0.0009990009990009,0.0016134605636624,,0.3408411023144263,True,0.2100412307633674,0.0009990009990009,0.0016134605636624,True,36,867,36,Category 5: StrainA:CT1 + StrainB:CT2,,,0.3408411023144263,0.3512751089135994
gene_974,0.6952967395978067,0.0009990009990009,0.0016134605636624,,0.3404827588797028,True,0.2226349249329642,0.0009990009990009,0.0016134605636624,True,37,974,37,Category 5: StrainA:CT1 + StrainB:CT2,,,0.3404827588797028,0.3710420542430223
gene_835,0.6999142556135356,0.0009990009990009,0.0016134605636624,,0.3402469840973993,True,0.2393743797621071,0.0009990009990009,0.0016134605636624,True,38,835,38,Category 5: StrainA:CT1 + StrainB:CT2,,,0.3402469840973993,0.3960019991033925
gene_916,0.6954077521623631,0.0009990009990009,0.0016134605636624,,0.3399544321245072,True,0.21486633780737,0.0009990009990009,0.0016134605636624,True,39,916,39,Category 5: StrainA:CT1 + StrainB:CT2,,,0.3399544321245072,0.3622455917476116
gene_987,0.7045994975180876,0.0009990009990009,0.0016134605636624,,0.3394935588466755,True,0.2268008806071072,0.0009990009990009,0.0016134605636624,True,40,987,40,Category 5: StrainA:CT1 + StrainB:CT2,,,0.3394935588466755,0.4019097420239353
gene_842,0.6905355394695949,0.0009990009990009,0.0016134605636624,,0.3393078233475545,True,0.2406547912329009,0.0009990009990009,0.0016134605636624,True,41,842,41,Category 5: StrainA:CT1 + StrainB:CT2,,,0.3393078233475545,0.390318951854188
gene_871,0.68992535467962,0.0009990009990009,0.0016134605636624,,0.3388988502979298,True,0.207061329003857,0.0009990009990009,0.0016134605636624,True,42,871,42,Category 5: StrainA:CT1 + StrainB:CT2,,,0.3519045338405298,0.3388988502979298
gene_857,0.6835935486467805,0.0009990009990009,0.0016134605636624,,0.3386427873567477,True,0.195806092553334,0.0009990009990009,0.0016134605636624,True,43,857,43,Category 5: StrainA:CT1 + StrainB:CT2,,,0.3386427873567477,0.3408575786785259
gene_958,0.7030289200809364,0.0009990009990009,0.0016134605636624,,0.3385519791676715,True,0.2351792327410123,0.0009990009990009,0.0016134605636624,True,44,958,44,Category 5: StrainA:CT1 + StrainB:CT2,,,0.3385519791676715,0.3840969942456425
gene_921,0.6898275490451677,0.0009990009990009,0.0016134605636624,,0.3383896041734862,True,0.1998624471815552,0.0009990009990009,0.0016134605636624,True,45,921,45,Category 5: StrainA:CT1 + StrainB:CT2,,,0.3383896041734862,0.3427087555602281
gene_800,0.6996122224599285,0.0009990009990009,0.0016134605636624,,0.3383472114112868,True,0.2256057715536214,0.0009990009990009,0.0016134605636624,True,46,800,46,Category 5: StrainA:CT1 + StrainB:CT2,,,0.3383472114112868,0.3619467513727469
gene_956,0.697911650187307,0.0009990009990009,0.0016134605636624,,0.3379958361525311,True,0.1991395463499019,0.0009990009990009,0.0016134605636624,True,47,956,47,Category 5: StrainA:CT1 + StrainB:CT2,,,0.3379958361525311,0.3409720710565437
gene_971,0.6885731070733744,0.0009990009990009,0.0016134605636624,,0.3373684563555455,True,0.193211902487503,0.0009990009990009,0.0016134605636624,True,48,971,48,Category 5: StrainA:CT1 + StrainB:CT2,,,0.3399241536159711,0.3373684563555455
gene_905,0.7023387925178518,0.0009990009990009,0.0016134605636624,,0.3372452092073124,True,0.2222336057988505,0.0009990009990009,0.0016134605636624,True,49,905,49,Category 5: StrainA:CT1 + StrainB:CT2,,,0.3372452092073124,0.3715291653885897
gene_838,0.690496678203661,0.0009990009990009,0.0016134605636624,,0.3364063372390057,True,0.2007565689166411,0.0009990009990009,0.0016134605636624,True,50,838,50,Category 5: StrainA:CT1 + StrainB:CT2,,,0.3508951839844032,0.3364063372390057
gene_943,0.6971107653456131,0.0009990009990009,0.0016134605636624,,0.3360213292711487,True,0.194776163734604,0.0009990009990009,0.0016134605636624,True,51,943,51,Category 5: StrainA:CT1 + StrainB:CT2,,,0.3360213292711487,0.3426712862504923
gene_848,0.6877737194310655,0.0009990009990009,0.0016134605636624,,0.3359666762631731,True,0.2278320604270587,0.0009990009990009,0.0016134605636624,True,52,848,52,Category 5: StrainA:CT1 + StrainB:CT2,,,0.3795135759669836,0.3359666762631731
gene_939,0.694212240858367,0.0009990009990009,0.0016134605636624,,0.3358822169036631,True,0.2180370485938139,0.0009990009990009,0.0016134605636624,True,53,939,53,Category 5: StrainA:CT1 + StrainB:CT2,,,0.3735137903486594,0.3358822169036631
gene_872,0.7005209686120415,0.0009990009990009,0.0016134605636624,,0.3357242596959387,True,0.2027021129359016,0.0009990009990009,0.0016134605636624,True,54,872,54,Category 5: StrainA:CT1 + StrainB:CT2,,,0.3357242596959387,0.3435836069595593
gene_851,0.6912878193088499,0.0009990009990009,0.0016134605636624,,0.335548326975607,True,0.1901466296275755,0.0009990009990009,0.0016134605636624,True,55,851,55,Category 5: StrainA:CT1 + StrainB:CT2,,,0.3386308748285759,0.335548326975607
gene_913,0.6993426742424741,0.0009990009990009,0.0016134605636624,,0.33542190870231,True,0.2161672914017097,0.0009990009990009,0.0016134605636624,True,56,913,56,Category 5: StrainA:CT1 + StrainB:CT2,,,0.33542190870231,0.378138531860838
gene_951,0.6968053384098447,0.0009990009990009,0.0016134605636624,,0.3352474736856545,True,0.211285574111543,0.0009990009990009,0.0016134605636624,True,57,951,57,Category 5: StrainA:CT1 + StrainB:CT2,,,0.3352474736856545,0.3572540018351933
gene_933,0.6978794189022697,0.0009990009990009,0.0016134605636624,,0.3349587931032933,True,0.1898740037922347,0.0009990009990009,0.0016134605636624,True,58,933,58,Category 5: StrainA:CT1 + StrainB:CT2,,,0.3349587931032933,0.3394767438685944
gene_950,0.6825306577096085,0.0009990009990009,0.0016134605636624,,0.3343490056103312,True,0.1975936445420524,0.0009990009990009,0.0016134605636624,True,59,950,59,Category 5: StrainA:CT1 + StrainB:CT2,,,0.3343490056103312,0.3438825197872028
gene_975,0.6942904585020793,0.0009990009990009,0.0016134605636624,,0.3341027475675153,True,0.2049343518228066,0.0009990009990009,0.0016134605636624,True,60,975,60,Category 5: StrainA:CT1 + StrainB:CT2,,,0.3341027475675153,0.3552111872844951
gene_997,0.6999129655232809,0.0009990009990009,0.0016134605636624,,0.3333969453731972,True,0.1955842724508181,0.0009990009990009,0.0016134605636624,True,61,997,61,Category 5: StrainA:CT1 + StrainB:CT2,,,0.3333969453731972,0.3598710057920852
gene_949,0.6966439409929759,0.0009990009990009,0.0016134605636624,,0.3330329188717496,True,0.2127550393803284,0.0009990009990009,0.0016134605636624,True,62,949,62,Category 5: StrainA:CT1 + StrainB:CT2,,,0.3662466676404561,0.3330329188717496
gene_832,0.7017651146980035,0.0009990009990009,0.0016134605636624,,0.3322179870328327,True,0.2039227571042016,0.0009990009990009,0.0016134605636624,True,63,832,63,Category 5: StrainA:CT1 + StrainB:CT2,,,0.3322179870328327,0.3510319770188966
gene_899,0.6983265997049477,0.0009990009990009,0.0016134605636624,,0.3321346600716933,True,0.1953339231096526,0.0009990009990009,0.0016134605636624,True,64,899,64,Category 5: StrainA:CT1 + StrainB:CT2,,,0.3321346600716933,0.3420504950596271
gene_968,0.6964888135504205,0.0009990009990009,0.0016134605636624,,0.3318410049419536,True,0.2361284671868413,0.0009990009990009,0.0016134605636624,True,65,968,65,Category 5: StrainA:CT1 + StrainB:CT2,,,0.392478041724945,0.3318410049419536
gene_967,0.702972792073685,0.0009990009990009,0.0016134605636624,,0.3311113872461387,True,0.2397971368833606,0.0009990009990009,0.0016134605636624,True,66,967,66,Category 5: StrainA:CT1 + StrainB:CT2,,,0.3311113872461387,0.3898418887372565
gene_834,0.6978795621278701,0.0009990009990009,0.0016134605636624,,0.3307457509291485,True,0.2019187186249911,0.0009990009990009,0.0016134605636624,True,67,834,67,Category 5: StrainA:CT1 + StrainB:CT2,,,0.3307457509291485,0.3587703261168274
gene_993,0.6991338868711745,0.0009990009990009,0.0016134605636624,,0.3299420703021141,True,0.1877656293792557,0.0009990009990009,0.0016134605636624,True,68,993,68,Category 5: StrainA:CT1 + StrainB:CT2,,,0.3299420703021141,0.3375108544214936
gene_881,0.6960635997468306,0.0009990009990009,0.0016134605636624,,0.3297795838462951,True,0.2049534051599713,0.0009990009990009,0.0016134605636624,True,69,881,69,Category 5: StrainA:CT1 + StrainB:CT2,,,0.3297795838462951,0.3576741779283177
gene_817,0.694626385301169,0.0009990009990009,0.0016134605636624,,0.3297223647978766,True,0.1822346100366943,0.0009990009990009,0.0016134605636624,True,70,817,70,Category 5: StrainA:CT1 + StrainB:CT2,,,0.3297223647978766,0.3302330181098304
gene_803,0.6970728843365044,0.0009990009990009,0.0016134605636624,,0.3292300034095368,True,0.1830573169206821,0.0009990009990009,0.0016134605636624,True,71,803,71,Category 5: StrainA:CT1 + StrainB:CT2,,,0.3292300034095368,0.3319035861314362
gene_802,0.6941599965119232,0.0009990009990009,0.0016134605636624,,0.3289196659386178,True,0.2242577446265682,0.0009990009990009,0.0016134605636624,True,72,802,72,Category 5: StrainA:CT1 + StrainB:CT2,,,0.3289196659386178,0.3797395017103642
gene_806,0.6964697639433703,0.0009990009990009,0.0016134605636624,,0.3286810648873426,True,0.2298931353229668,0.0009990009990009,0.0016134605636624,True,73,806,73,Category 5: StrainA:CT1 + StrainB:CT2,,,0.3286810648873426,0.3839766736183511
gene_886,0.6933913175969119,0.0009990009990009,0.0016134605636624,,0.3282593162824302,True,0.191500302003313,0.0009990009990009,0.0016134605636624,True,74,886,74,Category 5: StrainA:CT1 + StrainB:CT2,,,0.3282593162824302,0.3465616722701256
gene_999,0.6917453666421203,0.0009990009990009,0.0016134605636624,,0.3281468295505269,True,0.1941364475428206,0.0009990009990009,0.0016134605636624,True,75,999,75,Category 5: StrainA:CT1 + StrainB:CT2,,,0.3281468295505269,0.3481071103871838
gene_976,0.690549324051702,0.0009990009990009,0.0016134605636624,,0.3281274803497934,True,0.2019830355411585,0.0009990009990009,0.0016134605636624,True,76,976,76,Category 5: StrainA:CT1 + StrainB:CT2,,,0.3625560152457323,0.3281274803497934
gene_992,0.6958405124200008,0.0009990009990009,0.0016134605636624,,0.3280365171477736,True,0.1925297014590446,0.0009990009990009,0.0016134605636624,True,77,992,77,Category 5: StrainA:CT1 + StrainB:CT2,,,0.3382592890393863,0.3280365171477736
gene_948,0.6960627850039601,0.0009990009990009,0.0016134605636624,,0.3279724385557852,True,0.1886899084740277,0.0009990009990009,0.0016134605636624,True,78,948,78,Category 5: StrainA:CT1 + StrainB:CT2,,,0.3279724385557852,0.3393660071611987
gene_983,0.699384597487425,0.0009990009990009,0.0016134605636624,,0.3277024866328055,True,0.1842763114976738,0.0009990009990009,0.0016134605636624,True,79,983,79,Category 5: StrainA:CT1 + StrainB:CT2,,,0.3277024866328055,0.3349020698821181
gene_952,0.6851941199949555,0.0009990009990009,0.0016134605636624,,0.3272247113243896,True,0.1939083793983361,0.0009990009990009,0.0016134605636624,True,80,952,80,Category 5: StrainA:CT1 + StrainB:CT2,,,0.3457657092175347,0.3272247113243896
gene_938,0.6967618436048282,0.0009990009990009,0.0016134605636624,,0.3270971868948803,True,0.2260019083376886,0.0009990009990009,0.0016134605636624,True,81,938,81,Category 5: StrainA:CT1 + StrainB:CT2,,,0.3270971868948803,0.384863559216939
gene_818,0.6994932660589469,0.0009990009990009,0.0016134605636624,,0.3268100998129594,True,0.2047332871093983,0.0009990009990009,0.0016134605636624,True,82,818,82,Category 5: StrainA:CT1 + StrainB:CT2,,,0.3268100998129594,0.3628530428456802
gene_831,0.6942791616790622,0.0009990009990009,0.0016134605636624,,0.326582244343863,True,0.1827536177017581,0.0009990009990009,0.0016134605636624,True,83,831,83,Category 5: StrainA:CT1 + StrainB:CT2,,,0.326582244343863,0.3365185529386528
gene_866,0.6946709820296518,0.0009990009990009,0.0016134605636624,,0.3258491604147702,True,0.1986715694110093,0.0009990009990009,0.0016134605636624,True,84,866,84,Category 5: StrainA:CT1 + StrainB:CT2,,,0.3258491604147702,0.3537870377935748
gene_960,0.7010995285661443,0.0009990009990009,0.0016134605636624,,0.3257956603895363,True,0.1952322157030375,0.0009990009990009,0.0016134605636624,True,85,960,85,Category 5: StrainA:CT1 + StrainB:CT2,,,0.3257956603895363,0.3473632946798373
gene_822,0.6906502167714947,0.0009990009990009,0.0016134605636624,,0.3256834718714416,True,0.1866413459223029,0.0009990009990009,0.0016134605636624,True,86,822,86,Category 5: StrainA:CT1 + StrainB:CT2,,,0.3256834718714416,0.3319785722515692
gene_820,0.6992776747120685,0.0009990009990009,0.0016134605636624,,0.3252872324551941,True,0.1790821468408787,0.0009990009990009,0.0016134605636624,True,87,820,87,Category 5: StrainA:CT1 + StrainB:CT2,,,0.3449466851539134,0.3252872324551941
gene_932,0.6813369406089025,0.0009990009990009,0.0016134605636624,,0.3251502544171899,True,0.1762244830015313,0.0009990009990009,0.0016134605636624,True,88,932,88,Category 5: StrainA:CT1 + StrainB:CT2,,,0.3287441153483026,0.3251502544171899
gene_804,0.6937594197920949,0.0009990009990009,0.0016134605636624,,0.3244924439217176,True,0.1748450345956115,0.0009990009990009,0.0016134605636624,True,89,804,89,Category 5: StrainA:CT1 + StrainB:CT2,,,0.3244924439217176,0.3256916631694347
gene_887,0.6950558232470742,0.0009990009990009,0.0016134605636624,,0.3237322923123337,True,0.1892780950378881,0.0009990009990009,0.0016134605636624,True,90,887,90,Category 5: StrainA:CT1 + StrainB:CT2,,,0.3237322923123337,0.3466154417214787
gene_972,0.6955474772284306,0.0009990009990009,0.0016134605636624,,0.3237217490255892,True,0.2037212217676409,0.0009990009990009,0.0016134605636624,True,91,972,91,Category 5: StrainA:CT1 + StrainB:CT2,,,0.3237217490255892,0.3583662782525986
gene_919,0.695960189341886,0.0009990009990009,0.0016134605636624,,0.3232516851228104,True,0.1870820434779351,0.0009990009990009,0.0016134605636624,True,92,919,92,Category 5: StrainA:CT1 + StrainB:CT2,,,0.3232516851228104,0.3405856978929403
gene_978,0.6979802354133143,0.0009990009990009,0.0016134605636624,,0.3229544904081788,True,0.196749214059852,0.0009990009990009,0.0016134605636624,True,93,978,93,Category 5: StrainA:CT1 + StrainB:CT2,,,0.3229544904081788,0.3561128129722386
gene_906,0.6998713242593102,0.0009990009990009,0.0016134605636624,,0.3227364761008724,True,0.2137661493625549,0.0009990009990009,0.0016134605636624,True,94,906,94,Category 5: StrainA:CT1 + StrainB:CT2,,,0.3227364761008724,0.3747670544524393
gene_953,0.689696071991523,0.0009990009990009,0.0016134605636624,,0.3226468273580308,True,0.1986438362975973,0.0009990009990009,0.0016134605636624,True,95,953,95,Category 5: StrainA:CT1 + StrainB:CT2,,,0.3226468273580308,0.3597469695833565
gene_931,0.6949012211137814,0.0009990009990009,0.0016134605636624,,0.3223570403911409,True,0.2044072385432297,0.0009990009990009,0.0016134605636624,True,96,931,96,Category 5: StrainA:CT1 + StrainB:CT2,,,0.3223570403911409,0.3638082521654139
gene_853,0.6970302183593904,0.0009990009990009,0.0016134605636624,,0.3222642367955814,True,0.1893348070155749,0.0009990009990009,0.0016134605636624,True,97,853,97,Category 5: StrainA:CT1 + StrainB:CT2,,,0.3222642367955814,0.3446257445191807
gene_829,0.6950134289273632,0.0009990009990009,0.0016134605636624,,0.321428658927228,True,0.1721887286790484,0.0009990009990009,0.0016134605636624,True,98,829,98,Category 5: StrainA:CT1 + StrainB:CT2,,,0.3236017106850353,0.321428658927228
gene_854,0.6983306275867877,0.0009990009990009,0.0016134605636624,,0.3210847412177092,True,0.1902811500115785,0.0009990009990009,0.0016134605636624,True,99,854,99,Category 5: StrainA:CT1 + StrainB:CT2,,,0.3210847412177092,0.3462755994681012
gene_811,0.6920272804176303,0.0009990009990009,0.0016134605636624,,0.321065526778208,True,0.1976852812424891,0.0009990009990009,0.0016134605636624,True,100,811,100,Category 5: StrainA:CT1 + StrainB:CT2,,,0.321065526778208,0.3675273182304355
gene_888,0.6925939695620091,0.0009990009990009,0.0016134605636624,,0.3204941382675662,True,0.1680144680723413,0.0009990009990009,0.0016134605636624,True,101,888,101,Category 5: StrainA:CT1 + StrainB:CT2,,,0.3208800112310738,0.3204941382675662
gene_827,0.6966572796910082,0.0009990009990009,0.0016134605636624,,0.3203775659947687,True,0.185094046158048,0.0009990009990009,0.0016134605636624,True,102,827,102,Category 5: StrainA:CT1 + StrainB:CT2,,,0.3203775659947687,0.3397059963186792
gene_979,0.6945528380977121,0.0009990009990009,0.0016134605636624,,0.3202690463873424,True,0.1833577420533175,0.0009990009990009,0.0016134605636624,True,103,979,103,Category 5: StrainA:CT1 + StrainB:CT2,,,0.3202690463873424,0.3428708882703028
gene_889,0.6978624553269507,0.0009990009990009,0.0016134605636624,,0.3198519785997687,True,0.1904618574079248,0.0009990009990009,0.0016134605636624,True,104,889,104,Category 5: StrainA:CT1 + StrainB:CT2,,,0.347026263018944,0.3198519785997687
gene_927,0.6900638500813892,0.0009990009990009,0.0016134605636624,,0.3195365775456454,True,0.2013255717309213,0.0009990009990009,0.0016134605636624,True,105,927,105,Category 5: StrainA:CT1 + StrainB:CT2,,,0.3628339013907104,0.3195365775456454
gene_934,0.6911303372628455,0.0009990009990009,0.0016134605636624,,0.3195262166603071,True,0.1762453066064687,0.0009990009990009,0.0016134605636624,True,106,934,106,Category 5: StrainA:CT1 + StrainB:CT2,,,0.3301718318790058,0.3195262166603071
gene_940,0.7014554461635649,0.0009990009990009,0.0016134605636624,,0.3194285099729344,True,0.2030100779509317,0.0009990009990009,0.0016134605636624,True,107,940,107,Category 5: StrainA:CT1 + StrainB:CT2,,,0.3194285099729344,0.3605417952991144
gene_821,0.69419282504055,0.0009990009990009,0.0016134605636624,,0.3193620081303525,True,0.1912364255658484,0.0009990009990009,0.0016134605636624,True,108,821,108,Category 5: StrainA:CT1 + StrainB:CT2,,,0.3193620081303525,0.3514967570316983
gene_801,0.6988879583829118,0.0009990009990009,0.0016134605636624,,0.3191102173728642,True,0.2379832937962901,0.0009990009990009,0.0016134605636624,True,109,801,109,Category 5: StrainA:CT1 + StrainB:CT2,,,0.3191102173728642,0.4233490250837296
gene_877,0.6950234481523111,0.0009990009990009,0.0016134605636624,,0.3190485964850321,True,0.1907884074623531,0.0009990009990009,0.0016134605636624,True,110,877,110,Category 5: StrainA:CT1 + StrainB:CT2,,,0.3512174579670316,0.3190485964850321
gene_861,0.6933147026936075,0.0009990009990009,0.0016134605636624,,0.3186123457286472,True,0.1882090100717444,0.0009990009990009,0.0016134605636624,True,111,861,111,Category 5: StrainA:CT1 + StrainB:CT2,,,0.3186123457286472,0.3481050103268463
gene_824,0.6952169884381305,0.0009990009990009,0.0016134605636624,,0.3184333804445937,True,0.2262190833463014,0.0009990009990009,0.0016134605636624,True,112,824,112,Category 5: StrainA:CT1 + StrainB:CT2,,,0.3184333804445937,0.3992545751857417
gene_884,0.7001748035773379,0.0009990009990009,0.0016134605636624,,0.3183444146073556,True,0.1868905462762531,0.0009990009990009,0.0016134605636624,True,113,884,113,Category 5: StrainA:CT1 + StrainB:CT2,,,0.3183444146073556,0.349094681838337
gene_922,0.7048224790712219,0.0009990009990009,0.0016134605636624,,0.3180183182448287,True,0.2103305977575382,0.0009990009990009,0.0016134605636624,True,114,922,114,Category 5: StrainA:CT1 + StrainB:CT2,,,0.3180183182448287,0.3944519337692721
gene_837,0.6901553681233371,0.0009990009990009,0.0016134605636624,,0.3177572071941368,True,0.1807154935508038,0.0009990009990009,0.0016134605636624,True,115,837,115,Category 5: StrainA:CT1 + StrainB:CT2,,,0.3177572071941368,0.3431216187286151
gene_815,0.697575599495523,0.0009990009990009,0.0016134605636624,,0.3176641809537435,True,0.2021398774712131,0.0009990009990009,0.0016134605636624,True,116,815,116,Category 5: StrainA:CT1 + StrainB:CT2,,,0.3176641809537435,0.3695116292805293
gene_985,0.6952260507189646,0.0009990009990009,0.0016134605636624,,0.3175929421822022,True,0.1709190214370564,0.0009990009990009,0.0016134605636624,True,117,985,117,Category 5: StrainA:CT1 + StrainB:CT2,,,0.3175929421822022,0.324530396843356
gene_915,0.6954214876129611,0.0009990009990009,0.0016134605636624,,0.3171140115454905,True,0.1923641151769689,0.0009990009990009,0.0016134605636624,True,118,915,118,Category 5: StrainA:CT1 + StrainB:CT2,,,0.3171140115454905,0.3512384995466792
gene_849,0.6907116864122272,0.0009990009990009,0.0016134605636624,,0.3165394682476598,True,0.1722521942493099,0.0009990009990009,0.0016134605636624,True,119,849,119,Category 5: StrainA:CT1 + StrainB:CT2,,,0.3165394682476598,0.3296577478298714
gene_936,0.6974056646504306,0.0009990009990009,0.0016134605636624,,0.316536776094546,True,0.2229316094626457,0.0009990009990009,0.0016134605636624,True,120,936,120,Category 5: StrainA:CT1 + StrainB:CT2,,,0.316536776094546,0.3920751683143584
gene_895,0.6904854288883053,0.0009990009990009,0.0016134605636624,,0.3158389144241761,True,0.1817391785617564,0.0009990009990009,0.0016134605636624,True,121,895,121,Category 5: StrainA:CT1 + StrainB:CT2,,,0.3158389144241761,0.3460763218420744
gene_900,0.6938402484321715,0.0009990009990009,0.0016134605636624,,0.3157349451529355,True,0.1725737254537953,0.0009990009990009,0.0016134605636624,True,122,900,122,Category 5: StrainA:CT1 + StrainB:CT2,,,0.3157349451529355,0.3342908696457055
gene_989,0.6921947904751047,0.0009990009990009,0.0016134605636624,,0.315056808027821,True,0.1750507252917787,0.0009990009990009,0.0016134605636624,True,123,989,123,Category 5: StrainA:CT1 + StrainB:CT2,,,0.315056808027821,0.3251763485340482
gene_973,0.6896919932753834,0.0009990009990009,0.0016134605636624,,0.3147403793679396,True,0.1877483754159327,0.0009990009990009,0.0016134605636624,True,124,973,124,Category 5: StrainA:CT1 + StrainB:CT2,,,0.3147403793679396,0.3478141236567775
gene_845,0.6982695545771176,0.0009990009990009,0.0016134605636624,,0.3142635591459419,True,0.2116292754218682,0.0009990009990009,0.0016134605636624,True,125,845,125,Category 5: StrainA:CT1 + StrainB:CT2,,,0.3142635591459419,0.3843023152698874
gene_944,0.6899374488529559,0.0009990009990009,0.0016134605636624,,0.313554755827573,True,0.1616011451821,0.0009990009990009,0.0016134605636624,True,126,944,126,Category 5: StrainA:CT1 + StrainB:CT2,,,0.3166169514235354,0.313554755827573
gene_839,0.6917018462598887,0.0009990009990009,0.0016134605636624,,0.3133016995799597,True,0.1667008437356994,0.0009990009990009,0.0016134605636624,True,127,839,127,Category 5: StrainA:CT1 + StrainB:CT2,,,0.3133016995799597,0.328114280718018
gene_856,0.7007687608467983,0.0009990009990009,0.0016134605636624,,0.3132743076741228,True,0.185504769761741,0.0009990009990009,0.0016134605636624,True,128,856,128,Category 5: StrainA:CT1 + StrainB:CT2,,,0.3132743076741228,0.3503754379154926
gene_995,0.6947335353820127,0.0009990009990009,0.0016134605636624,,0.3126910493147173,True,0.1737531794662839,0.0009990009990009,0.0016134605636624,True,129,995,129,Category 5: StrainA:CT1 + StrainB:CT2,,,0.3126910493147173,0.3334517396046334
gene_890,0.6960230236642496,0.0009990009990009,0.0016134605636624,,0.3126631958180346,True,0.1752329432148646,0.0009990009990009,0.0016134605636624,True,130,890,130,Category 5: StrainA:CT1 + StrainB:CT2,,,0.3126631958180346,0.336544118372911
gene_882,0.6856759352121433,0.0009990009990009,0.0016134605636624,,0.3122316455288553,True,0.1769713007220118,0.0009990009990009,0.0016134605636624,True,131,882,131,Category 5: StrainA:CT1 + StrainB:CT2,,,0.3122316455288553,0.3376396783014663
gene_963,0.6813754018562594,0.0009990009990009,0.0016134605636624,,0.3120159738739139,True,0.1744922323011014,0.0009990009990009,0.0016134605636624,True,132,963,132,Category 5: StrainA:CT1 + StrainB:CT2,,,0.3120159738739139,0.3354494473261146
gene_920,0.6973340870538163,0.0009990009990009,0.0016134605636624,,0.3119735590647618,True,0.1768247905222685,0.0009990009990009,0.0016134605636624,True,133,920,133,Category 5: StrainA:CT1 + StrainB:CT2,,,0.3396670010839128,0.3119735590647618
gene_847,0.6993269557492532,0.0009990009990009,0.0016134605636624,,0.3118550913168156,True,0.1785198359344156,0.0009990009990009,0.0016134605636624,True,134,847,134,Category 5: StrainA:CT1 + StrainB:CT2,,,0.3448798544494825,0.3118550913168156
gene_911,0.6912458220422251,0.0009990009990009,0.0016134605636624,,0.3115015844420112,True,0.1782738169019324,0.0009990009990009,0.0016134605636624,True,135,911,135,Category 5: StrainA:CT1 + StrainB:CT2,,,0.3473361314859142,0.3115015844420112
gene_961,0.6868215899318952,0.0009990009990009,0.0016134605636624,,0.3114811811211661,True,0.1621652994600251,0.0009990009990009,0.0016134605636624,True,136,961,136,Category 5: StrainA:CT1 + StrainB:CT2,,,0.3169832521716923,0.3114811811211661
gene_841,0.6933710785642393,0.0009990009990009,0.0016134605636624,,0.3113590470497024,True,0.1778128262652321,0.0009990009990009,0.0016134605636624,True,137,841,137,Category 5: StrainA:CT1 + StrainB:CT2,,,0.3426775854175936,0.3113590470497024
gene_903,0.6953599730940768,0.0009990009990009,0.0016134605636624,,0.311306317926658,True,0.1740985160159895,0.0009990009990009,0.0016134605636624,True,138,903,138,Category 5: StrainA:CT1 + StrainB:CT2,,,0.311306317926658,0.3425425911710628
gene_941,0.6889508943545504,0.0009990009990009,0.0016134605636624,,0.3112780081095691,True,0.2016474784057746,0.0009990009990009,0.0016134605636624,True,139,941,139,Category 5: StrainA:CT1 + StrainB:CT2,,,0.3112780081095691,0.364282677369926
gene_819,0.6918450660123618,0.0009990009990009,0.0016134605636624,,0.3109338519873352,True,0.1851017659948717,0.0009990009990009,0.0016134605636624,True,140,819,140,Category 5: StrainA:CT1 + StrainB:CT2,,,0.3531022125720839,0.3109338519873352
gene_807,0.6828175606035214,0.0009990009990009,0.0016134605636624,,0.3102389274982589,True,0.155917411669904,0.0009990009990009,0.0016134605636624,True,141,807,141,Category 5: StrainA:CT1 + StrainB:CT2,,,0.3163284677798411,0.3102389274982589
gene_843,0.6916529807771605,0.0009990009990009,0.0016134605636624,,0.3100796985621234,True,0.1780372266767819,0.0009990009990009,0.0016134605636624,True,142,843,142,Category 5: StrainA:CT1 + StrainB:CT2,,,0.3100796985621234,0.3446477131240036
gene_969,0.6935416988523366,0.0009990009990009,0.0016134605636624,,0.3094927520479846,True,0.1806595656248853,0.0009990009990009,0.0016134605636624,True,143,969,143,Category 5: StrainA:CT1 + StrainB:CT2,,,0.3094927520479846,0.3541743771024724
gene_840,0.687959142171482,0.0009990009990009,0.0016134605636624,,0.3094207098441677,True,0.2048624659741212,0.0009990009990009,0.0016134605636624,True,144,840,144,Category 5: StrainA:CT1 + StrainB:CT2,,,0.3094207098441677,0.3765840372492044
gene_907,0.696967840454211,0.0009990009990009,0.0016134605636624,,0.3091349462116364,True,0.1731392785576311,0.0009990009990009,0.0016134605636624,True,145,907,145,Category 5: StrainA:CT1 + StrainB:CT2,,,0.3091349462116364,0.3409099605307116
gene_966,0.694412598738219,0.0009990009990009,0.0016134605636624,,0.3084420722867569,True,0.1906670699643252,0.0009990009990009,0.0016134605636624,True,146,966,146,Category 5: StrainA:CT1 + StrainB:CT2,,,0.3084420722867569,0.350012245909552
gene_928,0.6932853025792084,0.0009990009990009,0.0016134605636624,,0.30794529011799,True,0.2027153273788793,0.0009990009990009,0.0016134605636624,True,147,928,147,Category 5: StrainA:CT1 + StrainB:CT2,,,0.30794529011799,0.3700523776206934
gene_981,0.6961907597529938,0.0009990009990009,0.0016134605636624,,0.3077874099715418,True,0.1743437382422363,0.0009990009990009,0.0016134605636624,True,148,981,148,Category 5: StrainA:CT1 + StrainB:CT2,,,0.3077874099715418,0.3442543508306703
gene_858,0.7001904202738898,0.0009990009990009,0.0016134605636624,,0.3076543391434603,True,0.1954234139369562,0.0009990009990009,0.0016134605636624,True,149,858,149,Category 5: StrainA:CT1 + StrainB:CT2,,,0.3076543391434603,0.3677298733239558
gene_955,0.6950049981259461,0.0009990009990009,0.0016134605636624,,0.3073162007248267,True,0.1928432510133653,0.0009990009990009,0.0016134605636624,True,150,955,150,Category 5: StrainA:CT1 + StrainB:CT2,,,0.3073162007248267,0.3673375157894627
gene_830,0.6942821605347969,0.0009990009990009,0.0016134605636624,,0.307216928156069,True,0.1859728407364811,0.0009990009990009,0.0016134605636624,True,151,830,151,Category 5: StrainA:CT1 + StrainB:CT2,,,0.307216928156069,0.3567287106467633
gene_982,0.6910555233196627,0.0009990009990009,0.0016134605636624,,0.3067560081125254,True,0.1757433854064065,0.0009990009990009,0.0016134605636624,True,152,982,152,Category 5: StrainA:CT1 + StrainB:CT2,,,0.3377658055012088,0.3067560081125254
gene_878,0.6950096083438543,0.0009990009990009,0.0016134605636624,,0.3040303139083275,True,0.2127355981661608,0.0009990009990009,0.0016134605636624,True,153,878,153,Category 5: StrainA:CT1 + StrainB:CT2,,,0.3040303139083275,0.3862542453940625
gene_954,0.6896989778801483,0.0009990009990009,0.0016134605636624,,0.3034775415972999,True,0.1417432180177777,0.0009990009990009,0.0016134605636624,True,154,954,154,Category 5: StrainA:CT1 + StrainB:CT2,,,0.3034775415972999,0.3052549018721736
gene_865,0.6878048765775859,0.0009990009990009,0.0016134605636624,,0.3030278404444425,True,0.1627965213836421,0.0009990009990009,0.0016134605636624,True,155,865,155,Category 5: StrainA:CT1 + StrainB:CT2,,,0.3030278404444425,0.3338137647934908
gene_879,0.6929015152308097,0.0009990009990009,0.0016134605636624,,0.3025271449004552,True,0.1725897169921467,0.0009990009990009,0.0016134605636624,True,156,879,156,Category 5: StrainA:CT1 + StrainB:CT2,,,0.3025271449004552,0.3411650518655082
gene_910,0.6962437605455688,0.0009990009990009,0.0016134605636624,,0.302236366350837,True,0.1770647868544204,0.0009990009990009,0.0016134605636624,True,157,910,157,Category 5: StrainA:CT1 + StrainB:CT2,,,0.302236366350837,0.3477204987177733
gene_904,0.6903236750468728,0.0009990009990009,0.0016134605636624,,0.3017899539685141,True,0.182713030887744,0.0009990009990009,0.0016134605636624,True,158,904,158,Category 5: StrainA:CT1 + StrainB:CT2,,,0.3017899539685141,0.3525949834340546
gene_929,0.6902587775701181,0.0009990009990009,0.0016134605636624,,0.3014930994421065,True,0.1724870529623192,0.0009990009990009,0.0016134605636624,True,159,929,159,Category 5: StrainA:CT1 + StrainB:CT2,,,0.3014930994421065,0.3412676488678649
gene_935,0.6901371096933521,0.0009990009990009,0.0016134605636624,,0.301061220278864,True,0.1629553584814634,0.0009990009990009,0.0016134605636624,True,160,935,160,Category 5: StrainA:CT1 + StrainB:CT2,,,0.301061220278864,0.3366296877345919
gene_805,0.69260089799518,0.0009990009990009,0.0016134605636624,,0.3007726313476791,True,0.1611399638482441,0.0009990009990009,0.0016134605636624,True,161,805,161,Category 5: StrainA:CT1 + StrainB:CT2,,,0.3007726313476791,0.3320250169131659
gene_859,0.6968159155153376,0.0009990009990009,0.0016134605636624,,0.3007470943867535,True,0.1623784396405539,0.0009990009990009,0.0016134605636624,True,162,859,162,Category 5: StrainA:CT1 + StrainB:CT2,,,0.3007470943867535,0.3340886881780107
gene_988,0.6924521286218687,0.0009990009990009,0.0016134605636624,,0.3001653665901316,True,0.1703059723736267,0.0009990009990009,0.0016134605636624,True,163,988,163,Category 5: StrainA:CT1 + StrainB:CT2,,,0.3001653665901316,0.3425490146729355
gene_892,0.6903830831569436,0.0009990009990009,0.0016134605636624,,0.2996181417460527,True,0.1626268970800499,0.0009990009990009,0.0016134605636624,True,164,892,164,Category 5: StrainA:CT1 + StrainB:CT2,,,0.2996181417460527,0.3316107016015175
gene_893,0.6911396353903692,0.0009990009990009,0.0016134605636624,,0.299520243473608,True,0.1533123256955838,0.0009990009990009,0.0016134605636624,True,165,893,165,Category 5: StrainA:CT1 + StrainB:CT2,,,0.299520243473608,0.3251798196611051
gene_908,0.6901398469798614,0.0009990009990009,0.0016134605636624,,0.2994848440019283,True,0.1393563160366148,0.0009990009990009,0.0016134605636624,True,166,908,166,Category 5: StrainA:CT1 + StrainB:CT2,,,0.3021536685035877,0.2994848440019283
gene_942,0.6942364999592874,0.0009990009990009,0.0016134605636624,,0.2991185614082054,True,0.1727775358579723,0.0009990009990009,0.0016134605636624,True,167,942,167,Category 5: StrainA:CT1 + StrainB:CT2,,,0.2991185614082054,0.3511994890721058
gene_844,0.6980744611916534,0.0009990009990009,0.0016134605636624,,0.298937735624961,True,0.1827624419160509,0.0009990009990009,0.0016134605636624,True,168,844,168,Category 5: StrainA:CT1 + StrainB:CT2,,,0.298937735624961,0.3615690705531769
gene_945,0.6936019823365546,0.0009990009990009,0.0016134605636624,,0.2981454463275826,True,0.1599616665741956,0.0009990009990009,0.0016134605636624,True,169,945,169,Category 5: StrainA:CT1 + StrainB:CT2,,,0.2981454463275826,0.3283054942645033
gene_816,0.6935707541693216,0.0009990009990009,0.0016134605636624,,0.2974828582120328,True,0.1495518208911344,0.0009990009990009,0.0016134605636624,True,170,816,170,Category 5: StrainA:CT1 + StrainB:CT2,,,0.2974828582120328,0.3228948715406087
gene_986,0.6981503594329526,0.0009990009990009,0.0016134605636624,,0.2972443430393257,True,0.1638460636960342,0.0009990009990009,0.0016134605636624,True,171,986,171,Category 5: StrainA:CT1 + StrainB:CT2,,,0.2972443430393257,0.3368361195136458
gene_850,0.7006808019514118,0.0009990009990009,0.0016134605636624,,0.2968124051577247,True,0.1892772024541103,0.0009990009990009,0.0016134605636624,True,172,850,172,Category 5: StrainA:CT1 + StrainB:CT2,,,0.2968124051577247,0.3697553642381286
gene_846,0.6988608218192333,0.0009990009990009,0.0016134605636624,,0.2967174155169749,True,0.2069671780384596,0.0009990009990009,0.0016134605636624,True,173,846,173,Category 5: StrainA:CT1 + StrainB:CT2,,,0.2967174155169749,0.3913749220684989
gene_825,0.6953299118147631,0.0009990009990009,0.0016134605636624,,0.2962781565202926,True,0.1826875478568742,0.0009990009990009,0.0016134605636624,True,174,825,174,Category 5: StrainA:CT1 + StrainB:CT2,,,0.2962781565202926,0.3633271197057081
gene_898,0.6820405456969534,0.0009990009990009,0.0016134605636624,,0.2961103577694945,True,0.1361763590928051,0.0009990009990009,0.0016134605636624,True,175,898,175,Category 5: StrainA:CT1 + StrainB:CT2,,,0.2994543073463666,0.2961103577694945
gene_924,0.6906937947755943,0.0009990009990009,0.0016134605636624,,0.2959360939012813,True,0.161168051056348,0.0009990009990009,0.0016134605636624,True,176,924,176,Category 5: StrainA:CT1 + StrainB:CT2,,,0.2959360939012813,0.3388923436696661
gene_914,0.6987473047822991,0.0009990009990009,0.0016134605636624,,0.2957528004053695,True,0.186450587984496,0.0009990009990009,0.0016134605636624,True,177,914,177,Category 5: StrainA:CT1 + StrainB:CT2,,,0.2957528004053695,0.3691763320407754
gene_996,0.6920549338143531,0.0009990009990009,0.0016134605636624,,0.2957142140940506,True,0.1703964489973245,0.0009990009990009,0.0016134605636624,True,178,996,178,Category 5: StrainA:CT1 + StrainB:CT2,,,0.2957142140940506,0.3434978148269598
gene_809,0.6953930263671307,0.0009990009990009,0.0016134605636624,,0.2954352649673417,True,0.1521071265707776,0.0009990009990009,0.0016134605636624,True,179,809,179,Category 5: StrainA:CT1 + StrainB:CT2,,,0.2954352649673417,0.3263909003742693
gene_994,0.6956344256919977,0.0009990009990009,0.0016134605636624,,0.2953313648573659,True,0.1748368353957217,0.0009990009990009,0.0016134605636624,True,180,994,180,Category 5: StrainA:CT1 + StrainB:CT2,,,0.2953313648573659,0.3531220990817059
gene_946,0.6961289058884932,0.0009990009990009,0.0016134605636624,,0.2952128634912822,True,0.1620399751228277,0.0009990009990009,0.0016134605636624,True,181,946,181,Category 5: StrainA:CT1 + StrainB:CT2,,,0.2952128634912822,0.3327827307775577
gene_860,0.6962053304882441,0.0009990009990009,0.0016134605636624,,0.2949650417509314,True,0.1723397674095483,0.0009990009990009,0.0016134605636624,True,182,860,182,Category 5: StrainA:CT1 + StrainB:CT2,,,0.2949650417509314,0.3497377004732851
gene_826,0.6928837458012207,0.0009990009990009,0.0016134605636624,,0.2947019549401231,True,0.1871618945627311,0.0009990009990009,0.0016134605636624,True,183,826,183,Category 5: StrainA:CT1 + StrainB:CT2,,,0.2947019549401231,0.3644006342877419
gene_833,0.698530344155454,0.0009990009990009,0.0016134605636624,,0.2946299157107391,True,0.1750928507187448,0.0009990009990009,0.0016134605636624,True,184,833,184,Category 5: StrainA:CT1 + StrainB:CT2,,,0.2946299157107391,0.3566521428208274
gene_991,0.6888973658227449,0.0009990009990009,0.0016134605636624,,0.2941906115428554,True,0.1796196837012315,0.0009990009990009,0.0016134605636624,True,185,991,185,Category 5: StrainA:CT1 + StrainB:CT2,,,0.2941906115428554,0.3583910797712309
gene_883,0.6912016296402466,0.0009990009990009,0.0016134605636624,,0.2933777220807435,True,0.1886878313466586,0.0009990009990009,0.0016134605636624,True,186,883,186,Category 5: StrainA:CT1 + StrainB:CT2,,,0.2933777220807435,0.3734402043367956
gene_977,0.6950249500452396,0.0009990009990009,0.0016134605636624,,0.2908920673339533,True,0.1479028606481044,0.0009990009990009,0.0016134605636624,True,187,977,187,Category 5: StrainA:CT1 + StrainB:CT2,,,0.2908920673339533,0.3253490295477285
gene_901,0.6991004042314071,0.0009990009990009,0.0016134605636624,,0.2886774959969985,True,0.2044818723871526,0.0009990009990009,0.0016134605636624,True,188,901,188,Category 5: StrainA:CT1 + StrainB:CT2,,,0.2886774959969985,0.399690806912493
gene_980,0.6950312167219657,0.0009990009990009,0.0016134605636624,,0.2876068265238749,True,0.1625788389991466,0.0009990009990009,0.0016134605636624,True,189,980,189,Category 5: StrainA:CT1 + StrainB:CT2,,,0.2876068265238749,0.3451929269909329
gene_909,0.6906517274234841,0.0009990009990009,0.0016134605636624,,0.287198863450876,True,0.1661013312464017,0.0009990009990009,0.0016134605636624,True,190,909,190,Category 5: StrainA:CT1 + StrainB:CT2,,,0.287198863450876,0.3510577290440267
gene_885,0.692302348539962,0.0009990009990009,0.0016134605636624,,0.2871051414884352,True,0.1441123379552016,0.0009990009990009,0.0016134605636624,True,191,885,191,Category 5: StrainA:CT1 + StrainB:CT2,,,0.2871051414884352,0.3259835170894043
gene_869,0.6945439403446014,0.0009990009990009,0.0016134605636624,,0.2870513840448663,True,0.1332058251499805,0.0009990009990009,0.0016134605636624,True,192,869,192,Category 5: StrainA:CT1 + StrainB:CT2,,,0.2870513840448663,0.3063956915197413
gene_925,0.6869849393685332,0.0009990009990009,0.0016134605636624,,0.285939444059892,True,0.1648639362016186,0.0009990009990009,0.0016134605636624,True,193,925,193,Category 5: StrainA:CT1 + StrainB:CT2,,,0.3475259769813261,0.285939444059892
gene_864,0.6887416634585318,0.0009990009990009,0.0016134605636624,,0.2835937650329798,True,0.1490388656501899,0.0009990009990009,0.0016134605636624,True,194,864,194,Category 5: StrainA:CT1 + StrainB:CT2,,,0.2835937650329798,0.3266332531669225
gene_812,0.6813527067535394,0.0009990009990009,0.0016134605636624,,0.2835795309970056,True,0.1691583369344282,0.0009990009990009,0.0016134605636624,True,195,812,195,Category 5: StrainA:CT1 + StrainB:CT2,,,0.2835795309970056,0.3639110739955572
gene_823,0.6969396458404661,0.0009990009990009,0.0016134605636624,,0.2811928973704409,True,0.1415944142305449,0.0009990009990009,0.0016134605636624,True,196,823,196,Category 5: StrainA:CT1 + StrainB:CT2,,,0.2811928973704409,0.325923583865628
gene_852,0.6906489453259406,0.0009990009990009,0.0016134605636624,,0.2801583341586772,True,0.1492822467671745,0.0009990009990009,0.0016134605636624,True,197,852,197,Category 5: StrainA:CT1 + StrainB:CT2,,,0.2801583341586772,0.3309601827922946
gene_937,0.6900294426971942,0.0009990009990009,0.0016134605636624,,0.2747199992729947,True,0.1165243797502894,0.0009990009990009,0.0016134605636624,True,198,937,198,Category 5: StrainA:CT1 + StrainB:CT2,,,0.2747199992729947,0.2988335571730752
gene_810,0.6870567741701656,0.0009990009990009,0.0016134605636624,,0.2736913200283362,True,0.1602161433575421,0.0009990009990009,0.0016134605636624,True,199,810,199,Category 5: StrainA:CT1 + StrainB:CT2,,,0.2736913200283362,0.3583558359212822
gene_855,0.6912822587427576,0.0009990009990009,0.0016134605636624,,0.2620453531743055,True,0.1614402119960659,0.0009990009990009,0.0016134605636624,True,200,855,200,Category 5: StrainA:CT1 + StrainB:CT2,,,0.2620453531743055,0.3595375661081746
