gene,CT1,CT2,CT3,CT4
gene_0,0.643677202479027,0.0964770468497607,0.1273171105631197,0.1325286401080924
gene_1,0.600861625298325,0.1131721202250544,0.1476272780787502,0.1383389763978703
gene_2,0.6612261366100172,0.1240428333453576,0.1105824441862446,0.1041485858583804
gene_3,0.6779426954283664,0.1213035832200783,0.0820963228458836,0.1186573985056715
gene_4,0.6338528378175228,0.109217029425561,0.1186374522630911,0.138292680493825
gene_5,0.6351871813967535,0.1132469265351951,0.0972419943528733,0.1543238977151781
gene_6,0.6621398311809102,0.0710900548362129,0.1381539796274473,0.1286161343554294
gene_7,0.6158449398702013,0.1026560821785477,0.1417129079546066,0.1397860699966442
gene_8,0.7066541573448151,0.0748252413915114,0.1084529788204203,0.110067622443253
gene_9,0.6079335887642295,0.1281177326541054,0.1129304144652675,0.1510182641163975
gene_10,0.6438367162886103,0.1063463094529016,0.1385066145607842,0.1113103596977038
gene_11,0.6490314182232625,0.1044242757473866,0.1250801003478518,0.121464205681499
gene_12,0.6888410595021276,0.1018587040265779,0.1394769719003677,0.0698232645709268
gene_13,0.6689819718799989,0.1141309613765566,0.1261645117620162,0.0907225549814282
gene_14,0.705747911449903,0.1056601319830779,0.0705185433035865,0.1180734132634325
gene_15,0.6684197164546232,0.0917352445928893,0.1129456384337126,0.1268994005187748
gene_16,0.6490891051642667,0.0787546646838507,0.1591494290271927,0.1130068011246899
gene_17,0.6446383811786305,0.0847682760422288,0.1342097737503352,0.1363835690288054
gene_18,0.6333597221902715,0.1246296065100804,0.1330096864879961,0.1090009848116519
gene_19,0.6064199578897974,0.143955289243208,0.1361035555645124,0.1135211973024821
gene_20,0.5802409236674358,0.1239330114324084,0.1434438967515309,0.1523821681486248
gene_21,0.6999371238504966,0.1101299233929758,0.0939017532780139,0.0960311994785136
gene_22,0.6864177358360783,0.1112663863333252,0.0800449430631242,0.1222709347674721
gene_23,0.6225129579493242,0.1011994954867288,0.1216355205097714,0.1546520260541756
gene_24,0.6623604177646087,0.0882440402572178,0.1226231179845156,0.1267724239936579
gene_25,0.6703724921980639,0.1218807288283396,0.1024490851453996,0.1052976938281968
gene_26,0.6711194153443327,0.1117049422868614,0.1022623667075018,0.1149132756613039
gene_27,0.7006164555447032,0.0996717945232097,0.1015779098162773,0.0981338401158097
gene_28,0.6421866014975793,0.1338336483335322,0.105149365583089,0.1188303845857994
gene_29,0.6548530721229618,0.088159256145051,0.1416522763523361,0.1153353953796509
gene_30,0.6786045173442627,0.1228797163024107,0.0936643730998136,0.104851393253513
gene_31,0.6226864129637106,0.1097877754661048,0.1363589952464378,0.1311668163237466
gene_32,0.666941865767643,0.1071876108676075,0.1033422860247983,0.1225282373399511
gene_33,0.6826637450516245,0.0930522855139076,0.1263891454824471,0.0978948239520205
gene_34,0.631786712781718,0.1466984555930557,0.0952746589760932,0.1262401726491329
gene_35,0.634191735946385,0.1131816451023367,0.1095184650833002,0.1431081538679779
gene_36,0.6760526095317335,0.1014446274568453,0.1074791876670071,0.1150235753444139
gene_37,0.6905631485599752,0.0685610866654933,0.1355744126539021,0.1053013521206293
gene_38,0.6626202617566925,0.0956832181807663,0.1117001297139696,0.1299963903485714
gene_39,0.6786906306202227,0.1144483531138397,0.1074673781779854,0.0993936380879521
gene_40,0.7746224967161377,0.0690546150485015,0.0796871241004175,0.076635764134943
gene_41,0.6390584242086152,0.0909689881131261,0.1582700862903098,0.1117025013879487
gene_42,0.6065234061036946,0.1315894379881013,0.1427352648258469,0.1191518910823571
gene_43,0.6926529720382103,0.0793274401836191,0.0928559337560412,0.1351636540221294
gene_44,0.6700464340799918,0.1145302492760582,0.105618128866452,0.109805187777498
gene_45,0.6930667722349012,0.0928377807014281,0.1468335740889909,0.0672618729746797
gene_46,0.6843536938432899,0.1113286577908468,0.1041063777348132,0.1002112706310498
gene_47,0.6144845403726049,0.1426846473590213,0.1248159796259158,0.118014832642458
gene_48,0.6637370197619472,0.1111541408017523,0.0876398791360999,0.1374689603002004
gene_49,0.6136303917830971,0.1327741412650124,0.120923513465305,0.1326719534865853
gene_50,0.7213556738684259,0.1063523418530895,0.0736096746400359,0.0986823096384486
gene_51,0.639657257847215,0.0757066306940395,0.17201137614823,0.1126247353105154
gene_52,0.6510539919782329,0.0807568389340862,0.1617159475164084,0.1064732215712725
gene_53,0.6335079102959024,0.1214787025851586,0.1169951935361129,0.1280181935828259
gene_54,0.6472953472436067,0.1226893621130049,0.1170851890678491,0.1129301015755391
gene_55,0.7103777101237897,0.1173802326491327,0.0855412271439753,0.0867008300831023
gene_56,0.5965470614785253,0.1505410733765921,0.1106286315792824,0.1422832335656
gene_57,0.6614556994239935,0.1050054846551514,0.1230606508611309,0.1104781650597241
gene_58,0.6591875232910669,0.0963039347420926,0.1093993397149331,0.1351092022519073
gene_59,0.6690408795416578,0.1074546790687333,0.1032031268783271,0.1203013145112816
gene_60,0.6353053104001004,0.1093882399378625,0.1114403343190677,0.1438661153429693
gene_61,0.7197646691144671,0.0907203157663264,0.0743883037602196,0.1151267113589868
gene_62,0.6578668646499164,0.0799937952459419,0.1281844136535367,0.1339549264506049
gene_63,0.6089683104815578,0.1512379236856093,0.1198449319819563,0.1199488338508766
gene_64,0.6686365426420103,0.0976331909888525,0.1283887124115563,0.1053415539575808
gene_65,0.6926853535973805,0.125097641891848,0.0808484612919533,0.1013685432188181
gene_66,0.6722722572955389,0.1088288253906598,0.0982456127355463,0.1206533045782547
gene_67,0.6651233087743436,0.0816993888233106,0.1409834057616658,0.11219389664068
gene_68,0.6006073999195539,0.1266259602016765,0.1352449168889962,0.1375217229897733
gene_69,0.7274215787349437,0.0639154923181948,0.1390421492662075,0.0696207796806537
gene_70,0.6275090647033681,0.1183537968563576,0.124880038212789,0.1292571002274851
gene_71,0.6143734443422091,0.1052799500769542,0.119410358998208,0.1609362465826285
gene_72,0.6452382223690581,0.0990215113471131,0.1335845820750162,0.1221556842088124
gene_73,0.6262547102052469,0.1144046702589244,0.1347952601938758,0.1245453593419528
gene_74,0.645862335482428,0.123741227039087,0.092185758021256,0.1382106794572287
gene_75,0.6676516001122362,0.1088744323891982,0.1389349013546789,0.0845390661438866
gene_76,0.62036451732853,0.1060753267982324,0.1410535764484269,0.1325065794248105
gene_77,0.6074501139116246,0.114847052292579,0.1289292257203567,0.1487736080754396
gene_78,0.6817421025563545,0.0899601526043526,0.1114080260182818,0.1168897188210109
gene_79,0.6496351549904573,0.0756867158823859,0.1291453159660279,0.1455328131611287
gene_80,0.6709386316751322,0.0988665171177878,0.1210793056937991,0.1091155455132807
gene_81,0.6572417120048674,0.1083673748928231,0.1151275771504925,0.1192633359518169
gene_82,0.7086373124892318,0.0991358142808312,0.1013597386026058,0.0908671346273311
gene_83,0.6744869919850542,0.0761945781590313,0.1371674135242877,0.1121510163316267
gene_84,0.6498555132457867,0.1307670853942343,0.0731817988380055,0.1461956025219734
gene_85,0.7039596223231055,0.1100872993259014,0.1155367688553285,0.0704163094956646
gene_86,0.6252247924418888,0.111175241202246,0.1249427941263513,0.1386571722295138
gene_87,0.6658903100067518,0.0711250330664783,0.1082466941247029,0.1547379628020669
gene_88,0.7670339117546157,0.0848362274877092,0.0711671733516951,0.0769626874059801
gene_89,0.6469690846419361,0.0870495953217786,0.1145915533879634,0.1513897666483219
gene_90,0.6896446852321325,0.0853402494496784,0.1322580450044916,0.0927570203136973
gene_91,0.6757679340542532,0.0772599887331786,0.1303371047122664,0.1166349725003017
gene_92,0.6609075406748803,0.0766439361191413,0.1205647592685999,0.1418837639373783
gene_93,0.6015845153141149,0.1436188965540561,0.1293992321151041,0.1253973560167247
gene_94,0.6448386200193537,0.1338653679145716,0.1322763847362818,0.0890196273297929
gene_95,0.7326822650972628,0.0732710958209061,0.1291822726048524,0.0648643664769788
gene_96,0.6043648981232019,0.1113654873388881,0.1107322913057605,0.1735373232321493
gene_97,0.6513688559460373,0.0936060524355766,0.1461454419626711,0.1088796496557148
gene_98,0.6430842641844621,0.1091172140455321,0.1335632602084518,0.1142352615615539
gene_99,0.6509445880422684,0.1195514554070583,0.1071174671001257,0.1223864894505475
gene_100,0.6391209928987797,0.156564743657814,0.0917478586075362,0.1125664048358701
gene_101,0.6596855388015612,0.1082179224094546,0.0982715504354767,0.1338249883535073
gene_102,0.6494105148326333,0.0845375032550157,0.1198070489353537,0.1462449329769971
gene_103,0.6774754007688515,0.1193464065229027,0.0802834092642002,0.1228947834440456
gene_104,0.5919576735273067,0.1265271685881437,0.1384068307638647,0.1431083271206848
gene_105,0.6730475608385988,0.110226820315481,0.093502590663425,0.1232230281824949
gene_106,0.6197795461865732,0.0847684801683383,0.1231693409718261,0.1722826326732624
gene_107,0.6172186114547104,0.1227907824224622,0.133668050267078,0.1263225558557493
gene_108,0.6481737533621459,0.1281854654323838,0.1263664020827328,0.0972743791227375
gene_109,0.7096343171997166,0.090681833869577,0.1041793159526339,0.0955045329780726
gene_110,0.6532560304486473,0.110290294886504,0.1183203257853235,0.118133348879525
gene_111,0.7788333489216052,0.0759193654608811,0.0859841285140153,0.0592631571034982
gene_112,0.645033957187394,0.1114704695370918,0.1143732465075603,0.1291223267679537
gene_113,0.6574423860614428,0.1257541067821143,0.0948775785958091,0.1219259285606337
gene_114,0.7144269672795295,0.0560574857381009,0.0955527380783735,0.1339628089039959
gene_115,0.6378144076021287,0.0826037735448989,0.1246204259063415,0.1549613929466309
gene_116,0.6399479291432552,0.0823982951360689,0.1744348813022205,0.1032188944184554
gene_117,0.6485057116769732,0.1072365643583905,0.125419184453791,0.1188385395108451
gene_118,0.656167801416433,0.1164781485587111,0.1287579529829082,0.0985960970419474
gene_119,0.6708504632304833,0.0962377739724891,0.1006116839024282,0.1323000788945993
gene_120,0.6427230456044024,0.114803335354876,0.1329624450863921,0.1095111739543294
gene_121,0.6293869655907633,0.1158301577112488,0.1013931645752673,0.1533897121227204
gene_122,0.6910614934162019,0.1046282904737074,0.0969966938851767,0.1073135222249138
gene_123,0.6122499547100403,0.1363200592642027,0.1100614793442277,0.1413685066815292
gene_124,0.6274548657002499,0.1240774230715015,0.1091527257742084,0.13931498545404
gene_125,0.6347305400343574,0.1079162583028034,0.10715514721199,0.1501980544508491
gene_126,0.7303998249050707,0.0635137065648047,0.1074044395923544,0.0986820289377699
gene_127,0.6560606947505742,0.0881106242813883,0.1285383994605124,0.127290281507525
gene_128,0.6800433742342655,0.0873907739501768,0.108204210661809,0.1243616411537486
gene_129,0.6222219498635031,0.142459409792348,0.1162685612291523,0.1190500791149965
gene_130,0.6862045445077636,0.0803358132142668,0.0909263841023789,0.1425332581755906
gene_131,0.6258481973901712,0.1356227022477779,0.1369173063031005,0.1016117940589503
gene_132,0.6296187397813956,0.127700374241328,0.1321649073314733,0.1105159786458028
gene_133,0.6348427966697828,0.1285349279304006,0.1228368423887079,0.1137854330111086
gene_134,0.6626876603713394,0.1155424475769942,0.1168636623912762,0.1049062296603901
gene_135,0.6456203277845778,0.1092141712469933,0.1181050184092445,0.1270604825591843
gene_136,0.675419250123117,0.0774464225171427,0.1182126249846309,0.1289217023751092
gene_137,0.6320923102796108,0.0813346678035357,0.1381391713343147,0.1484338505825387
gene_138,0.6921759997380073,0.0929671813336045,0.0990081848679058,0.1158486340604823
gene_139,0.7844966291634909,0.0620700238732056,0.0769130389380154,0.076520308025288
gene_140,0.6558562076046116,0.0972261178281261,0.0782659098093773,0.1686517647578848
gene_141,0.6346159225500285,0.1223595958791726,0.1124079332057108,0.130616548365088
gene_142,0.6574726701556736,0.1149052937077799,0.1300517955798149,0.0975702405567315
gene_143,0.624259266209424,0.137436225294588,0.1075199733270423,0.1307845351689457
gene_144,0.6380127435450194,0.1166848371809045,0.1320600588390233,0.1132423604350528
gene_145,0.6866960895912876,0.1225851955609495,0.0949561104748781,0.0957626043728847
gene_146,0.6159446043826814,0.0897358219932613,0.13558484228362,0.1587347313404372
gene_147,0.6657128506932614,0.0951635978324064,0.139658985229722,0.0994645662446102
gene_148,0.660334856561602,0.0872077324552556,0.1217867632554389,0.1306706477277036
gene_149,0.5910822737226831,0.1357158066732609,0.1196291131396801,0.1535728064643759
gene_150,0.6235393348709135,0.1615778360905233,0.0946360442236693,0.1202467848148937
gene_151,0.6226967223319156,0.1290287018789336,0.1212552649832135,0.1270193108059371
gene_152,0.660471024829996,0.1132107815221748,0.1061577479076258,0.1201604457402032
gene_153,0.7268920754930802,0.0895808574048207,0.0931970126225971,0.0903300544795018
gene_154,0.7305625088210551,0.0766538655510416,0.0841518904931116,0.1086317351347914
gene_155,0.7109002797933087,0.0764597492486658,0.0957386854174152,0.1169012855406102
gene_156,0.6344118749178264,0.1384002741895069,0.1512985075305966,0.07588934336207
gene_157,0.6591931907666353,0.1092683500340746,0.1258759434665563,0.1056625157327337
gene_158,0.6743387667818018,0.0819957631198512,0.1419214130919089,0.1017440570064379
gene_159,0.6293480501864701,0.0965624288414978,0.1294349211211363,0.1446545998508956
gene_160,0.7101552413319994,0.1057761337917759,0.0865191102336873,0.0975495146425374
gene_161,0.6512679024023755,0.1012780504269314,0.1165471133298041,0.130906933840889
gene_162,0.6668863262479233,0.1081823015086844,0.103797300031385,0.1211340722120071
gene_163,0.6643602909158692,0.0754189232094093,0.1359052473127671,0.1243155385619542
gene_164,0.648731987086306,0.1175315810640339,0.0996320338294472,0.1341043980202128
gene_165,0.6760782123209096,0.0983277135110569,0.1122315924548372,0.1133624817131961
gene_166,0.6705013396950019,0.077253431194719,0.1095015696454514,0.1427436594648275
gene_167,0.6695774771367562,0.0997598684663232,0.1061334316081311,0.1245292227887894
gene_168,0.6675780363568816,0.0884062672846899,0.0994106613439731,0.1446050350144553
gene_169,0.6750559756541205,0.1034353259237729,0.0982132520046069,0.1232954464174996
gene_170,0.6616920286062586,0.1218641371942439,0.1234045457543475,0.0930392884451499
gene_171,0.6484540206579407,0.105284507957722,0.0912238122063484,0.1550376591779889
gene_172,0.6625592849656008,0.119174435818109,0.1133962600087292,0.1048700192075609
gene_173,0.6157012506929741,0.1075335658638439,0.1336337431137734,0.1431314403294084
gene_174,0.6268421333630192,0.119359634841556,0.1139710148360062,0.1398272169594185
gene_175,0.5882750021769688,0.151076612048698,0.1349241469426148,0.1257242388317183
gene_176,0.6425715073170444,0.1092235815343995,0.1193252578018281,0.1288796533467278
gene_177,0.6663091793331963,0.0987000121952811,0.1227989883970553,0.1121918200744671
gene_178,0.6291291959847171,0.1426469364012783,0.1138905466585697,0.1143333209554349
gene_179,0.6927838823087356,0.1127066984667445,0.1110999538559772,0.0834094653685425
gene_180,0.6228444555794501,0.1295709137067089,0.1394493659346596,0.1081352647791813
gene_181,0.7101190654512574,0.0964549549926234,0.1085820407293039,0.0848439388268152
gene_182,0.6208276449649991,0.1377871395541215,0.129729670838577,0.1116555446423024
gene_183,0.6494395037160591,0.1238203675912429,0.1237120139493465,0.1030281147433515
gene_184,0.6081266632971393,0.1321032844012862,0.1494230406810498,0.1103470116205246
gene_185,0.652657907171622,0.0858493429174682,0.0989209822864091,0.1625717676245006
gene_186,0.6024106174839883,0.1246568075616377,0.1575577674950219,0.1153748074593519
gene_187,0.6239935595146984,0.0936611048104944,0.1488650614532153,0.1334802742215919
gene_188,0.6623427779033514,0.1121844079587627,0.1339252096798401,0.0915476044580456
gene_189,0.6614452977086241,0.1241598941635834,0.1090889617312613,0.1053058463965309
gene_190,0.6028814591003481,0.1058338769541445,0.1365264301881064,0.1547582337574007
gene_191,0.6960630036999643,0.1126671891578008,0.132125339918661,0.0591444672235737
gene_192,0.6533082223476769,0.1020680640120961,0.1293496966429895,0.1152740169972373
gene_193,0.6473008475942644,0.1113466503416956,0.1284386320515974,0.1129138700124424
gene_194,0.5612273596056538,0.114848685369224,0.18172109425123,0.1422028607738919
gene_195,0.6257344672897681,0.1255745593960964,0.1385811906972219,0.1101097826169135
gene_196,0.6193204101349725,0.0958284213437675,0.1500856760075356,0.1347654925137244
gene_197,0.6946083120364563,0.0971237369009725,0.1191027618848848,0.0891651891776862
gene_198,0.7028173119984835,0.0924942960961409,0.0856814772216233,0.1190069146837522
gene_199,0.6783536099720264,0.1053417552093842,0.0927414802948981,0.1235631545236911
gene_200,0.4266498895040425,0.4607810628485934,0.0571277981968803,0.0554412494504836
gene_201,0.3895689087383778,0.4389244992082086,0.0930730651472846,0.0784335269061289
gene_202,0.4104745472895654,0.4627363274386566,0.0752386618822254,0.0515504633895525
gene_203,0.403508029405586,0.4353908028066063,0.0724195044433714,0.0886816633444362
gene_204,0.4146252847121487,0.4438768863374975,0.0720003101939759,0.0694975187563778
gene_205,0.4127359591577116,0.4170421038081633,0.0871680662848385,0.0830538707492864
gene_206,0.4095972270721778,0.4487985548707563,0.0642848921891801,0.0773193258678856
gene_207,0.4513794820770121,0.4504023215804685,0.0518695294104445,0.0463486669320748
gene_208,0.4117025037680659,0.4524623890055216,0.0747330438979459,0.0611020633284665
gene_209,0.4122625388694247,0.4244850866816236,0.0898022943659554,0.073450080082996
gene_210,0.4265982076227034,0.4637565814880947,0.0508823032113521,0.0587629076778498
gene_211,0.4086823645787331,0.4543047429148072,0.0685281047910121,0.0684847877154475
gene_212,0.4182856737153796,0.4409864619213103,0.0687172644460976,0.0720105999172124
gene_213,0.4066877496680385,0.4529465200912139,0.0667969740310191,0.0735687562097283
gene_214,0.4015968421184633,0.4335481393376296,0.1048158787655451,0.0600391397783618
gene_215,0.42114872004269,0.4300462418453256,0.0616445175168846,0.0871605205950997
gene_216,0.3936769662906554,0.4402850215126329,0.0724062078084651,0.0936318043882464
gene_217,0.3874404992830085,0.4450503811342442,0.0746462408277643,0.092862878754983
gene_218,0.4375783204874769,0.4371483102178841,0.05512911286908,0.0701442564255589
gene_219,0.4080149862925127,0.4431356804963122,0.0623869279178568,0.0864624052933182
gene_220,0.4133165634357789,0.4326069409759266,0.077677877971198,0.0763986176170964
gene_221,0.3996324795680765,0.432080601983762,0.0795542996298463,0.088732618818315
gene_222,0.4386035456735749,0.4420225639877528,0.0452757178839201,0.074098172454752
gene_223,0.4077097198124679,0.4499098751697093,0.0898295052080145,0.0525508998098081
gene_224,0.4050063020882558,0.4287906142631115,0.0785788390708358,0.0876242445777969
gene_225,0.4276513013146224,0.4754527332320262,0.0436429035738511,0.0532530618795002
gene_226,0.4074054223760698,0.4412635848049564,0.0776048625121606,0.073726130306813
gene_227,0.4244560015195026,0.4553451661453157,0.0531448448858369,0.0670539874493447
gene_228,0.3976852746755746,0.4430714738653484,0.0748728526702276,0.0843703987888493
gene_229,0.4350368819696907,0.4266986985607265,0.0790391142865843,0.0592253051829983
gene_230,0.4029630162659389,0.4362217843147494,0.0794101034430309,0.0814050959762806
gene_231,0.4472505811803692,0.430760697935589,0.0524717912899286,0.069516929594113
gene_232,0.3990275720714278,0.4522662582041123,0.0735004517682334,0.0752057179562263
gene_233,0.4058450049861978,0.4372465054241207,0.0842257299494559,0.0726827596402255
gene_234,0.4367878097620478,0.4550015764959975,0.0546880304644892,0.0535225832774654
gene_235,0.4276237667762405,0.4393555736265913,0.058874843555137,0.0741458160420313
gene_236,0.3795163813228019,0.4278479005233369,0.1051317437410067,0.0875039744128543
gene_237,0.426634176993198,0.4442263695233722,0.0675647467634933,0.0615747067199362
gene_238,0.420697634112631,0.4477235092626369,0.0726419801667797,0.0589368764579524
gene_239,0.4073818526066434,0.434943147895652,0.0715483105688274,0.0861266889288772
gene_240,0.424612475525384,0.4359683019680914,0.0720186409901354,0.067400581516389
gene_241,0.4167385054013939,0.4016354022265161,0.1047512706951769,0.076874821676913
gene_242,0.3960566710067651,0.4361203848445792,0.077187891783775,0.0906350523648807
gene_243,0.3817890676013397,0.4586133301104143,0.0867015508657566,0.0728960514224894
gene_244,0.3873343841562094,0.4567359837092607,0.0816053224465946,0.0743243096879351
gene_245,0.424217944887284,0.4476445705278825,0.0627474394415388,0.0653900451432946
gene_246,0.4187827455027931,0.4222527739318114,0.0867571075289071,0.0722073730364883
gene_247,0.4384606475264779,0.4722193946054654,0.0540241609470434,0.035295796921013
gene_248,0.4303081741095796,0.4193643200923239,0.0584728416809298,0.0918546641171667
gene_249,0.4245877949384962,0.429995001499287,0.0858459235069838,0.0595712800552329
gene_250,0.3955646895820859,0.4277076793763545,0.0954908374484476,0.0812367935931118
gene_251,0.3718070945415798,0.4731989897646603,0.0637635137276876,0.0912304019660723
gene_252,0.4328806871189024,0.4386008715170313,0.0676252722478947,0.0608931691161715
gene_253,0.4150265484690947,0.4351686232785616,0.0725135436399806,0.0772912846123629
gene_254,0.4082186647925988,0.4756970044098691,0.0497497983508613,0.0663345324466708
gene_255,0.4153191506657755,0.4487841518614612,0.0800612403348546,0.0558354571379086
gene_256,0.412643974714839,0.4320937945191199,0.090657270767393,0.064604959998648
gene_257,0.4213099077355379,0.443608997028575,0.0595155997767222,0.0755654954591647
gene_258,0.39574096219407,0.4392580704590607,0.0897632494463646,0.0752377179005045
gene_259,0.4142632831896091,0.4423098145499625,0.0717657879333204,0.071661114327108
gene_260,0.4175934325020836,0.4099328974354495,0.0816276862042791,0.0908459838581877
gene_261,0.4101930386416824,0.4439216035654204,0.0773048380857354,0.0685805197071618
gene_262,0.4273546506228574,0.4346350860264613,0.0627607434744066,0.0752495198762746
gene_263,0.4028328610544133,0.4607861150351822,0.0588440321213262,0.0775369917890782
gene_264,0.4179161054291741,0.4377443487580048,0.0665020142128778,0.0778375315999432
gene_265,0.3997167164841599,0.4507508892042145,0.0751674940531323,0.0743649002584932
gene_266,0.4037563706146493,0.4155095360899629,0.0725330787396274,0.1082010145557602
gene_267,0.4126505792516256,0.4453059291734297,0.0746766859901959,0.0673668055847486
gene_268,0.3886214801740734,0.4627321318304415,0.082732719036909,0.0659136689585761
gene_269,0.4131506121204089,0.4443652090702745,0.081609605388656,0.0608745734206604
gene_270,0.4117245341453185,0.4168083253731812,0.0805591992856606,0.0909079411958397
gene_271,0.3905136714416938,0.4250714180395618,0.0909197093012671,0.0934952012174772
gene_272,0.4556092077109111,0.4106326602184819,0.0765864424075332,0.0571716896630738
gene_273,0.4116069747062646,0.4403656540294285,0.0515852782004095,0.0964420930638971
gene_274,0.4212370964726742,0.4199319000466988,0.0818539026375582,0.0769771008430688
gene_275,0.393343724617164,0.4158175677666151,0.1014941936405863,0.0893445139756344
gene_276,0.4351086240001945,0.4229876529706372,0.0694707842317115,0.0724329387974566
gene_277,0.376336501660476,0.4288727518063668,0.1021163168656737,0.0926744296674834
gene_278,0.4104703666457833,0.4409171633595501,0.0964253178789585,0.0521871521157079
gene_279,0.4057668196579395,0.4708243398135586,0.0599697431059206,0.0634390974225813
gene_280,0.4238955245194996,0.4499992946364005,0.0588989511104235,0.0672062297336761
gene_281,0.4040353356048236,0.4574499701480968,0.0556600774582612,0.0828546167888182
gene_282,0.4062022447469784,0.4291738563273248,0.0688807644072539,0.0957431345184429
gene_283,0.3896164320028723,0.42133352326834,0.0894812311010811,0.0995688136277065
gene_284,0.4033860538233785,0.4586365888511045,0.0599388159845577,0.0780385413409592
gene_285,0.4246778977832308,0.4315928704334745,0.0831461504367243,0.0605830813465703
gene_286,0.4134710880741494,0.413468576335652,0.0903144940038859,0.0827458415863126
gene_287,0.4064216008470902,0.4572653896509914,0.0771447897725446,0.0591682197293737
gene_288,0.4172225914206514,0.4771419827542013,0.0533977639952004,0.0522376618299468
gene_289,0.3931083613935583,0.4318812835511431,0.0840343635074054,0.0909759915478933
gene_290,0.401646186190778,0.4843223538638811,0.0681770448584006,0.0458544150869401
gene_291,0.400136378889578,0.4597909181528453,0.0900358787476316,0.050036824209945
gene_292,0.4065975427054874,0.4073533667810248,0.0851154340561833,0.1009336564573042
gene_293,0.4021865593908805,0.4520825889800036,0.0632389470110566,0.0824919046180591
gene_294,0.4064797042934274,0.4197302084558297,0.0851488013936782,0.0886412858570646
gene_295,0.408532073806178,0.452431758318993,0.0824504847243589,0.05658568315047
gene_296,0.4109543354251559,0.4296980099297137,0.0892833754435868,0.0700642792015434
gene_297,0.4483394668898616,0.4450245144516378,0.0554833846362895,0.051152634022211
gene_298,0.4204811919421933,0.4449820869545584,0.0949795039093261,0.039557217193922
gene_299,0.3955649833967677,0.4349952719639869,0.0729169334182729,0.0965228112209724
gene_300,0.3874441082092047,0.4653654095395946,0.0759101729003737,0.0712803093508268
gene_301,0.4182414862717706,0.4264883066329871,0.0772696315689652,0.0780005755262769
gene_302,0.4390049335546425,0.4981702027070996,0.0046729040256718,0.0581519597125859
gene_303,0.4042300553924877,0.4380966473027222,0.0850509222944547,0.0726223750103355
gene_304,0.4186361799794431,0.4637603128478629,0.0516833036827283,0.0659202034899656
gene_305,0.4198772654888016,0.4427345406582684,0.0499548971906752,0.0874332966622547
gene_306,0.4057637460482273,0.4531483625739249,0.063226355218317,0.0778615361595308
gene_307,0.4236002829504079,0.4209792630417292,0.0839208308560828,0.0714996231517801
gene_308,0.4191068524725072,0.4313841065288062,0.0632182707637131,0.0862907702349734
gene_309,0.4008679687738016,0.451668572796691,0.0689045975005956,0.0785588609289119
gene_310,0.4196103334393798,0.4186274994924782,0.0829056217058003,0.0788565453623416
gene_311,0.4100072276444091,0.4470920878963805,0.0716312134904091,0.0712694709688013
gene_312,0.3904464535589349,0.4346677412758283,0.0854291082660469,0.0894566968991896
gene_313,0.4188424164924882,0.4294371899607418,0.0739640108231322,0.0777563827236377
gene_314,0.4121562054252866,0.4480778764791969,0.0577462518508646,0.082019666244652
gene_315,0.3839510010180268,0.4424681659039013,0.0856493487159047,0.087931484362167
gene_316,0.4290705100994355,0.434355544183346,0.0654651375824555,0.071108808134763
gene_317,0.3881277179435521,0.4660079777368113,0.0715012888398538,0.0743630154797826
gene_318,0.4081591406563832,0.452541191374709,0.0594142791361366,0.0798853888327712
gene_319,0.4307148664942094,0.4384020227786147,0.0577975404571212,0.0730855702700546
gene_320,0.4200274517805398,0.4231603955788995,0.0688223108570008,0.0879898417835597
gene_321,0.4298158038847535,0.43760815938158,0.0536526312969796,0.0789234054366869
gene_322,0.4186719292048241,0.4720064338641842,0.0615363649871111,0.0477852719438804
gene_323,0.4109839288813366,0.430584576235078,0.0833928121960347,0.0750386826875505
gene_324,0.3964247159190139,0.4366977645216543,0.0862666004890583,0.0806109190702733
gene_325,0.4129753308925819,0.4360053854299338,0.07810526930122,0.0729140143762642
gene_326,0.3867499821122641,0.453806998731546,0.0800540933234946,0.0793889258326951
gene_327,0.4009274404371654,0.4349807758642063,0.0701752648572101,0.0939165188414181
gene_328,0.4240473375192155,0.4268511923790924,0.0773999705737902,0.0717014995279018
gene_329,0.4137106348064943,0.4481960160558936,0.0770855525217133,0.0610077966158987
gene_330,0.4646682315597675,0.4522991457299706,0.0417680975535484,0.0412645251567133
gene_331,0.4040998530919342,0.4271739587160605,0.0950004154511341,0.073725772740871
gene_332,0.4116201546159652,0.428907442206776,0.0719691586253617,0.087503244551897
gene_333,0.4095632586370955,0.4543218053314897,0.0613362183060767,0.0747787177253381
gene_334,0.3917892070974296,0.4592582272233388,0.0751315700763378,0.0738209956028936
gene_335,0.3767655066397651,0.4286462244096116,0.0813199771241466,0.1132682918264766
gene_336,0.3901070756868606,0.448937766611184,0.0594852807021845,0.1014698769997707
gene_337,0.400285216429216,0.458343850309826,0.0635846393073054,0.0777862939536523
gene_338,0.4102817175665365,0.4458109284942342,0.0706458565921357,0.0732614973470934
gene_339,0.4063428204980633,0.4260785761197797,0.0733798915482648,0.0941987118338921
gene_340,0.4066368375085117,0.44824469773004,0.0795585910053501,0.0655598737560979
gene_341,0.4133858023772403,0.4614669175721718,0.0505169432437945,0.0746303368067933
gene_342,0.4318123641845396,0.4081605953864287,0.084971333940169,0.0750557064888626
gene_343,0.3851310492600127,0.437140141876523,0.0829547582175592,0.094774050645905
gene_344,0.3932287059784425,0.433198864631831,0.085920668996241,0.0876517603934855
gene_345,0.4222495356823291,0.4139183241813497,0.0649253451747312,0.09890679496159
gene_346,0.4114141845532147,0.4184939290136598,0.0869793229020609,0.0831125635310645
gene_347,0.4236588575524377,0.4418790544277708,0.0631106778514546,0.0713514101683367
gene_348,0.4195035168883041,0.4211483829613281,0.0599178716704379,0.0994302284799297
gene_349,0.4049246776026808,0.471641730273524,0.0542897802604659,0.0691438118633292
gene_350,0.4022786694151187,0.4386649930128595,0.0891725098976669,0.0698838276743547
gene_351,0.4216648889289344,0.4377019019424069,0.0780459091718313,0.0625872999568274
gene_352,0.4063783256180087,0.4535854690248657,0.0865085551556567,0.0535276502014688
gene_353,0.4048402939807344,0.4499197005256901,0.0878111621422572,0.057428843351318
gene_354,0.387641190246845,0.4570695010678655,0.0515547140461057,0.1037345946391837
gene_355,0.4414047394284229,0.4443432009134634,0.0577059331445665,0.056546126513547
gene_356,0.4013600021603741,0.45160122211652,0.0640427738197991,0.0829960019033067
gene_357,0.4017519482732501,0.4016826882811807,0.1115185552013886,0.0850468082441805
gene_358,0.3719746633886172,0.4286752272632816,0.1112304278304976,0.0881196815176036
gene_359,0.4116632202066116,0.3975533205167441,0.1132367775999417,0.0775466816767023
gene_360,0.4196709154377391,0.4472925040835381,0.0674258363006664,0.0656107441780562
gene_361,0.3959841450556926,0.4253157524184835,0.0823629228768427,0.0963371796489811
gene_362,0.4387396466509103,0.4269641634856611,0.0830500991007167,0.0512460907627118
gene_363,0.4168651786415974,0.469993480089807,0.0511908970817115,0.0619504441868839
gene_364,0.4260667425420665,0.4270625177373491,0.0784902671199654,0.0683804726006189
gene_365,0.4301643931147514,0.4403435039315851,0.0726593336231898,0.0568327693304734
gene_366,0.3940205129896063,0.4209291972185018,0.1015485866712697,0.0835017031206222
gene_367,0.4073412194127395,0.4169783076946503,0.1122569568502133,0.0634235160423968
gene_368,0.4264540431123271,0.4238024101088404,0.0879092616130157,0.0618342851658167
gene_369,0.4170649941020234,0.423391517374846,0.0674504800774823,0.0920930084456481
gene_370,0.3714747384419078,0.4334926747880532,0.0968495218333407,0.0981830649366982
gene_371,0.4169360220219731,0.4285357216323941,0.0777475683676724,0.0767806879779602
gene_372,0.4286355646099363,0.4404592942762415,0.0701026291790635,0.0608025119347586
gene_373,0.4263153376856385,0.4648296109241489,0.0511723170654069,0.0576827343248056
gene_374,0.400635341170394,0.4619234337358412,0.0725717468008448,0.0648694782929197
gene_375,0.4263781520878308,0.4502644782858107,0.0487966469551984,0.0745607226711598
gene_376,0.3966298358626364,0.4791003997811878,0.0671444919492655,0.0571252724069102
gene_377,0.4293780324958125,0.4379713550678157,0.0712505268869284,0.0614000855494433
gene_378,0.4021722943313029,0.463181478283188,0.0639520110543292,0.0706942163311797
gene_379,0.3965673471090448,0.4595091637377307,0.0746905655110542,0.0692329236421701
gene_380,0.3992891800652294,0.4810737101304242,0.0541164918719511,0.0655206179323951
gene_381,0.3901646932880889,0.4125032860692927,0.0976925324425712,0.099639488200047
gene_382,0.4094844652168437,0.4564546362920553,0.0889807477767442,0.0450801507143565
gene_383,0.3998927116210153,0.4434747614794041,0.0732923679357286,0.0833401589638519
gene_384,0.3988891283295361,0.4782010915025432,0.0734865965584181,0.0494231836095024
gene_385,0.4307282943846548,0.4333084561143811,0.0549896429458969,0.080973606555067
gene_386,0.4032038665367496,0.4584410031231013,0.0644840764252953,0.0738710539148536
gene_387,0.3989410286054711,0.4566465617886259,0.0596872755370187,0.0847251340688843
gene_388,0.3885744396765602,0.4387596047629656,0.0898494144534854,0.0828165411069886
gene_389,0.3876963080242855,0.4251454008799869,0.0969649510442243,0.090193340051503
gene_390,0.3937905183692929,0.4377174569825058,0.0859033349731851,0.0825886896750162
gene_391,0.3940525674554005,0.4140120781059314,0.0955605747606829,0.096374779677985
gene_392,0.4051477362242077,0.4433260370494444,0.0611946963180399,0.0903315304083078
gene_393,0.4366830523504979,0.4552161207258504,0.0497982602310503,0.0583025666926013
gene_394,0.4178022264402208,0.4221298946243612,0.072888433917618,0.0871794450177999
gene_395,0.4025517136748825,0.4678953147446509,0.0628448412627534,0.0667081303177131
gene_396,0.4004601996227937,0.428708358046277,0.0628513170455373,0.1079801252853919
gene_397,0.4610023996272582,0.4385097890110723,0.0574855320783656,0.0430022792833038
gene_398,0.4168095951206101,0.4424341158543531,0.0842901283888629,0.0564661606361737
gene_399,0.4120159756550817,0.4630211988335406,0.0528219342601647,0.072140891251213
gene_400,0.2246871173650788,0.2499308685521618,0.2569188509746915,0.2684631631080678
gene_401,0.2324820976929562,0.2462606803863465,0.2585302280691288,0.2627269938515684
gene_402,0.2331823040736254,0.2399795872956469,0.2661338246882898,0.2607042839424377
gene_403,0.2358462806362246,0.2417232524893992,0.2653701856185773,0.2570602812557987
gene_404,0.2339678589370409,0.2363206148389406,0.2655220081741369,0.2641895180498815
gene_405,0.2273420904927829,0.2456501665316403,0.2670956355999997,0.2599121073755769
gene_406,0.2227117155179133,0.2476265766707275,0.2556340749995736,0.2740276328117853
gene_407,0.223988831481062,0.2484376650844621,0.2588941041913384,0.2686793992431374
gene_408,0.2332897323000617,0.2480723255416732,0.2588350343956286,0.2598029077626363
gene_409,0.2268944583044075,0.2478497110437595,0.2622127104947978,0.2630431201570352
gene_410,0.2269959788409088,0.2356501046810171,0.2643257678169266,0.2730281486611473
gene_411,0.2255719233227789,0.2430003616669222,0.2642667096085108,0.2671610054017878
gene_412,0.2301182394825319,0.2445887485884695,0.2640160860322165,0.261276925896782
gene_413,0.2283926361797228,0.2447826045732901,0.2636372756716526,0.2631874835753345
gene_414,0.227711953521309,0.2349838243968062,0.2632087381476075,0.2740954839342771
gene_415,0.2239044807557838,0.2395685723092421,0.2708676713093045,0.2656592756256695
gene_416,0.2177574535007117,0.2376672475716467,0.2745648722720051,0.2700104266556365
gene_417,0.2263478293631139,0.2423730319696934,0.2675838264053669,0.2636953122618258
gene_418,0.2316237447935962,0.2372899139423868,0.2670021262431398,0.264084215020877
gene_419,0.2308883787835221,0.2451013136259281,0.2590000195222172,0.2650102880683324
gene_420,0.230736489982466,0.2387581598692483,0.2662638896106039,0.2642414605376817
gene_421,0.2238107082299182,0.2482940040914579,0.2636763627178261,0.2642189249607976
gene_422,0.2313824032034424,0.2418883932207344,0.2653399043477382,0.261389299228085
gene_423,0.2257911421366996,0.2334712696168315,0.2689131191300831,0.2718244691163854
gene_424,0.2257230978804297,0.2410966143886326,0.2607151687986558,0.2724651189322819
gene_425,0.234343179773297,0.2414424336050897,0.26457593924073,0.2596384473808832
gene_426,0.2269394718220996,0.2389926578509248,0.2681358314162413,0.2659320389107341
gene_427,0.2310849644660138,0.2417690409250257,0.2664500548197599,0.2606959397892005
gene_428,0.2371141981631615,0.2400926988967383,0.2657349053763302,0.2570581975637699
gene_429,0.2320923730611413,0.2419461923746723,0.2653908166855828,0.2605706178786037
gene_430,0.2321153086792442,0.2438530149141974,0.2626327851898826,0.2613988912166756
gene_431,0.2343457309081178,0.2411190043685337,0.2565686769664657,0.2679665877568827
gene_432,0.2266760259976111,0.2411124886730162,0.2638820523418709,0.2683294329875016
gene_433,0.2272216458045208,0.2379530649153697,0.2662330361253156,0.2685922531547937
gene_434,0.2271082825205718,0.2419592144635371,0.2691063317431399,0.261826171272751
gene_435,0.2297499926171913,0.2464861953688285,0.2624221577647365,0.2613416542492436
gene_436,0.2240328071744275,0.2446513393270652,0.2623796211538527,0.2689362323446545
gene_437,0.2360638367459493,0.2458827179062152,0.2621146558759871,0.2559387894718483
gene_438,0.2219547495349992,0.2426795921392066,0.2697516319503211,0.2656140263754729
gene_439,0.2346727532015025,0.2477909454414694,0.2610746539660468,0.2564616473909811
gene_440,0.2312335702376405,0.2505575716533179,0.2507761459137081,0.2674327121953334
gene_441,0.2233273993364496,0.2524970860466664,0.2646399758614676,0.2595355387554163
gene_442,0.2299794487636839,0.2461511572039097,0.2575301622289159,0.2663392318034905
gene_443,0.228645092739624,0.2422973867578436,0.2660803437494022,0.2629771767531301
gene_444,0.22622551540859,0.2431343047585084,0.2652575284052866,0.265382651427615
gene_445,0.2276933450773065,0.240459375989604,0.2677928654133695,0.2640544135197199
gene_446,0.2193335782063678,0.2510111621003963,0.2602319990103622,0.2694232606828735
gene_447,0.2259211650323542,0.2461042774832214,0.2620385782569674,0.2659359792274567
gene_448,0.2213077798561558,0.2435332401098333,0.2646379086137385,0.2705210714202724
gene_449,0.225824958899153,0.2477563211162779,0.2674518528351382,0.2589668671494309
gene_450,0.2278433671610138,0.2497613816470816,0.2627659184676873,0.2596293327242173
gene_451,0.2245847802019271,0.2473211054415294,0.2631475363113305,0.2649465780452129
gene_452,0.2251816405788385,0.2427205741963566,0.2641272810166692,0.2679705042081355
gene_453,0.2315489406769876,0.2461984580761827,0.2601411192903641,0.2621114819564655
gene_454,0.2281356279861797,0.2418889402078377,0.2620291213828478,0.2679463104231348
gene_455,0.2246755263767736,0.247300901528039,0.2622916162445235,0.2657319558506639
gene_456,0.2273914376336072,0.2447847661194404,0.2701814938579853,0.2576423023889669
gene_457,0.2300536667474965,0.234422619931636,0.2632129918542271,0.2723107214666402
gene_458,0.2278476523911007,0.2384411810736468,0.2658562794768447,0.2678548870584076
gene_459,0.2312392441783817,0.2447373626833215,0.2637496961838768,0.2602736969544199
gene_460,0.2299013592541984,0.2474327669156747,0.2508365311493133,0.2718293426808136
gene_461,0.2271524167613129,0.2412554393866552,0.2628859329926187,0.2687062108594131
gene_462,0.2259317634139731,0.2445760216462399,0.2646287790320394,0.2648634359077475
gene_463,0.2287535705072419,0.2407837256531927,0.2637913757809415,0.2666713280586237
gene_464,0.2326852423280413,0.2374755411412617,0.2607265528748534,0.2691126636558436
gene_465,0.228694040900273,0.2440358697803231,0.2631730707261368,0.264097018593267
gene_466,0.2337834569912393,0.2440387186511873,0.2648416562904772,0.2573361680670961
gene_467,0.226888304800785,0.2399379241189951,0.2607711206956802,0.2724026503845396
gene_468,0.2296848501243432,0.2471018899511646,0.2547222253596979,0.2684910345647941
gene_469,0.2284736389196617,0.2458459006052596,0.263012834425919,0.2626676260491595
gene_470,0.226927590631144,0.2417588614404429,0.2590206346445416,0.2722929132838712
gene_471,0.2361228929316666,0.2405000201435392,0.2636960893493619,0.2596809975754322
gene_472,0.2277233601604177,0.2507302646930974,0.262776214786407,0.2587701603600778
gene_473,0.2261750586158945,0.2403703017524541,0.2739910034227323,0.259463636208919
gene_474,0.2328936846356703,0.2383472197234387,0.2632689658279499,0.265490129812941
gene_475,0.2325058084927211,0.2365248776111535,0.2623910805564007,0.2685782333397246
gene_476,0.2236268944744651,0.2461722547825684,0.2588187843536656,0.2713820663893008
gene_477,0.2332557346677193,0.2442253423887412,0.2655176408376558,0.2570012821058836
gene_478,0.2275286207551667,0.2374718862791332,0.2614457538764407,0.2735537390892593
gene_479,0.2272593276744415,0.2414393581870189,0.2633083027766902,0.2679930113618493
gene_480,0.2247634291782208,0.2444175255957001,0.2640909140487993,0.2667281311772796
gene_481,0.2286232088174542,0.239861588868457,0.2684900104394312,0.2630251918746575
gene_482,0.2305426467432831,0.2468831125675197,0.2647685967459005,0.2578056439432965
gene_483,0.2275517049774143,0.240448660263976,0.268872309802308,0.2631273249563016
gene_484,0.2289857670518884,0.2351946591489659,0.2674397064550619,0.2683798673440836
gene_485,0.2216721969928433,0.2453592277809095,0.269639213001843,0.2633293622244042
gene_486,0.2304596230283413,0.2488246675825129,0.2593510955618989,0.2613646138272469
gene_487,0.2294930362747895,0.2422762850157976,0.2643671785222629,0.2638635001871497
gene_488,0.2341266654749137,0.2386805192264042,0.2681893593406544,0.2590034559580276
gene_489,0.2248216902010665,0.2414312550115403,0.2726420963948582,0.2611049583925349
gene_490,0.227810956478749,0.2428932329947147,0.258083780252316,0.2712120302742203
gene_491,0.2247374839366687,0.2465940343821241,0.2622723561077704,0.2663961255734366
gene_492,0.2249042686613507,0.2468167515012824,0.2607825811854302,0.2674963986519367
gene_493,0.2270485473679458,0.2430331666748796,0.2597423570245831,0.2701759289325913
gene_494,0.2295423806776794,0.2418546041092557,0.2662090945840834,0.2623939206289813
gene_495,0.2330608551496887,0.2457418672790164,0.262437808618585,0.2587594689527098
gene_496,0.2217920061384398,0.2489377966745693,0.2627882874518774,0.2664819097351133
gene_497,0.223418257022487,0.2449041112944395,0.2742162111047437,0.2574614205783297
gene_498,0.2312058160776289,0.2475827974277418,0.2605216767871131,0.2606897097075161
gene_499,0.2304776804790126,0.245068398008133,0.2586480441290252,0.2658058773838292
gene_500,0.2305253922179993,0.2413509722916068,0.2627748100771906,0.2653488254132032
gene_501,0.2250014994012017,0.242633125917245,0.269161611732175,0.2632037629493782
gene_502,0.232719764477849,0.2380165230246394,0.2651263500498251,0.2641373624476864
gene_503,0.22256838502934,0.2461086182550638,0.26571992567271,0.2656030710428862
gene_504,0.2273916736464983,0.2415311204687418,0.266277517226241,0.2647996886585188
gene_505,0.2244992180408492,0.2488654431619217,0.2634367957545012,0.2631985430427277
gene_506,0.2302017878326912,0.240243460195525,0.2689919176067679,0.2605628343650158
gene_507,0.2301651033859012,0.2406325050399745,0.2622830771641319,0.2669193144099923
gene_508,0.2336089087309198,0.2458655787532707,0.2600155749411941,0.2605099375746154
gene_509,0.2255654076365886,0.2489953251561102,0.2649634895463816,0.2604757776609194
gene_510,0.2246124624292344,0.2481597772277035,0.260068246925703,0.2671595134173589
gene_511,0.2258004410516599,0.2363047756951589,0.2692984576454408,0.2685963256077403
gene_512,0.2228138343984851,0.2512221871763765,0.2707602318553693,0.2552037465697689
gene_513,0.2225119329035498,0.2456457412110853,0.2610096205558503,0.2708327053295144
gene_514,0.2245965339522278,0.2402373788825231,0.2640804311216445,0.2710856560436046
gene_515,0.2286251261372062,0.248821356275282,0.2664207710393571,0.2561327465481546
gene_516,0.2164951974061502,0.2517449157909328,0.2638597533703037,0.2679001334326134
gene_517,0.223119225722703,0.2462290207124336,0.2670111849453704,0.2636405686194928
gene_518,0.2314569316915958,0.2429630455181388,0.2598941221592262,0.2656859006310392
gene_519,0.2290825931496918,0.2376268972275304,0.2728432141595081,0.2604472954632696
gene_520,0.2350330451909354,0.2402999201066935,0.2600313300695401,0.264635704632831
gene_521,0.2314712286506057,0.244051233714414,0.2567123654158557,0.2677651722191245
gene_522,0.230363269237782,0.2456915999732538,0.2604737187502474,0.2634714120387166
gene_523,0.220361745617381,0.2504242360242394,0.2598171770799131,0.2693968412784664
gene_524,0.2359265500854614,0.2365479472023881,0.2655080708702579,0.2620174318418923
gene_525,0.2249243351101361,0.2498334772619854,0.2578466515389372,0.2673955360889413
gene_526,0.229165698321974,0.2473060750135918,0.263058163428327,0.2604700632361071
gene_527,0.2212200346285754,0.2459303338093359,0.2572805063366499,0.2755691252254388
gene_528,0.2248086220052593,0.2471155984683023,0.2632575061124493,0.264818273413989
gene_529,0.2241120148942488,0.240957371015043,0.2658392643726386,0.2690913497180694
gene_530,0.2255631063154722,0.2464278487664337,0.2610271604118654,0.2669818845062287
gene_531,0.2172307039462872,0.2491237456451429,0.261707299264215,0.2719382511443546
gene_532,0.2233170715603695,0.2436989112800179,0.2683490350999929,0.2646349820596195
gene_533,0.2255991993754337,0.2434308283548001,0.2691848920624158,0.2617850802073502
gene_534,0.229541890546643,0.2433939367266512,0.2638325523331616,0.2632316203935442
gene_535,0.223522275112787,0.2449189418126236,0.2642168595344871,0.2673419235401022
gene_536,0.2206837621279805,0.251698655881694,0.2625288380478444,0.265088743942481
gene_537,0.2357837372718776,0.2408005191491359,0.2611303729659496,0.2622853706130367
gene_538,0.2326884047547714,0.2412202236532873,0.2542011583669217,0.2718902132250195
gene_539,0.2188656076081575,0.2505456967807299,0.2711277940656739,0.2594609015454385
gene_540,0.2267628001353294,0.2458224447273264,0.2638865848566248,0.2635281702807194
gene_541,0.233746384579563,0.2407428246571885,0.262059665203411,0.2634511255598373
gene_542,0.2284523865492128,0.2333130806594358,0.2685652757639348,0.2696692570274164
gene_543,0.2228229689812355,0.2419110163233859,0.2651288188724204,0.270137195822958
gene_544,0.2327465605952574,0.2467636369193888,0.2556356692491719,0.2648541332361817
gene_545,0.2352765497739965,0.2434122001379827,0.2649229045987087,0.256388345489312
gene_546,0.2266884606258893,0.244334565210587,0.2661686250624949,0.2628083491010285
gene_547,0.2251266576068484,0.2444004894816691,0.2614613403619449,0.2690115125495375
gene_548,0.2275931804786214,0.2461465126015181,0.2638059560849429,0.2624543508349176
gene_549,0.2219777185715878,0.2448983040497741,0.2676166445968904,0.2655073327817475
gene_550,0.2213385267011182,0.2396997803730887,0.2762206899632939,0.262741002962499
gene_551,0.2258697291506093,0.2398706098393288,0.2726014468135399,0.2616582141965219
gene_552,0.2298668685927666,0.2397693950230055,0.2645711678641379,0.26579256852009
gene_553,0.2327474394902174,0.239629033125709,0.2638931402164551,0.2637303871676184
gene_554,0.2279681486912273,0.2460197844333236,0.2607964595062947,0.2652156073691543
gene_555,0.2269147229955683,0.2444088835979538,0.26354672702491,0.2651296663815677
gene_556,0.2282147845105306,0.2390736262633654,0.2660479629160744,0.2666636263100295
gene_557,0.2243304033391777,0.2416517602572367,0.2766368393243338,0.2573809970792516
gene_558,0.2331511914913457,0.2404323358655237,0.263015502449058,0.2634009701940725
gene_559,0.2291423478227805,0.2420575413626542,0.2641136809351017,0.2646864298794635
gene_560,0.2259981242745103,0.2492815844794848,0.2620436535565211,0.2626766376894838
gene_561,0.2317943537359267,0.2382614365450665,0.2661894612573304,0.2637547484616763
gene_562,0.2276975247534799,0.245482609503337,0.2671184930044353,0.2597013727387476
gene_563,0.2252386965594172,0.2434607544091724,0.2675927856838907,0.2637077633475195
gene_564,0.2305139968067211,0.2472909265013211,0.262539474030138,0.2596556026618197
gene_565,0.2292554135595589,0.2417373261310127,0.2626571807205214,0.266350079588907
gene_566,0.2247807655307406,0.2464258380832745,0.262248502469767,0.2665448939162178
gene_567,0.227113222766894,0.2475600630144986,0.2621004890834375,0.2632262251351698
gene_568,0.2192060565868782,0.247747152281507,0.2648765237835976,0.268170267348017
gene_569,0.2281872437721406,0.237409437745251,0.2662351740591737,0.2681681444234347
gene_570,0.2296887649110067,0.232652492926771,0.2657696981293173,0.2718890440329048
gene_571,0.2282095097616034,0.2431641208288495,0.2699369672653017,0.2586894021442452
gene_572,0.234585199744963,0.2418017115544155,0.264487775725311,0.2591253129753105
gene_573,0.2323700705122065,0.237667293768418,0.2655905657078641,0.2643720700115114
gene_574,0.2249910325324002,0.2361471704026774,0.2692377208908454,0.2696240761740768
gene_575,0.2315439181018387,0.239828768619425,0.268174964525847,0.2604523487528892
gene_576,0.2299713097157962,0.2425576719468577,0.2643026025784453,0.2631684157589007
gene_577,0.2225774169523781,0.2452279446716536,0.2640171725474953,0.2681774658284729
gene_578,0.2327273941472728,0.2463364085196435,0.2567221024814068,0.2642140948516767
gene_579,0.2309909975220013,0.2466124239004045,0.2704884294737382,0.2519081491038558
gene_580,0.2267468205191523,0.2435315764313614,0.2589466242853677,0.2707749787641186
gene_581,0.2300901153138401,0.2401351547846375,0.2668815728989311,0.2628931570025912
gene_582,0.2200107227570838,0.2456736116598095,0.2680148897006058,0.2663007758825009
gene_583,0.2216782023279625,0.2511467995116626,0.2665979180927262,0.2605770800676487
gene_584,0.2349718610413042,0.2374540679760794,0.2620359456278381,0.2655381253547782
gene_585,0.2254254108539524,0.2404983361943062,0.2675159309232888,0.2665603220284525
gene_586,0.2294225271474396,0.2474999493653663,0.2564025502248601,0.2666749732623338
gene_587,0.2317723022352126,0.2424436726188324,0.2611979553464376,0.2645860697995172
gene_588,0.2316007630327951,0.2457779035745064,0.2684497859471052,0.2541715474455932
gene_589,0.2366822709409403,0.2412706754964741,0.2589431412223487,0.2631039123402368
gene_590,0.2315573313807982,0.2412525506228827,0.2597635310543408,0.2674265869419783
gene_591,0.2292842888910703,0.2408882943095809,0.2641372106997912,0.2656902060995575
gene_592,0.2275852875659686,0.2374404831578546,0.271392071512735,0.2635821577634417
gene_593,0.227522597842284,0.2449936179398382,0.2632493186003997,0.264234465617478
gene_594,0.2321204056640599,0.2431960663110636,0.2605350482540321,0.2641484797708444
gene_595,0.2249251587183462,0.2516029864737367,0.2599115529338064,0.2635603018741106
gene_596,0.2238319508546078,0.2465593078012673,0.2628343897281624,0.2667743516159622
gene_597,0.2266306744181776,0.2466896474658379,0.2683345227699938,0.2583451553459906
gene_598,0.2331061239440487,0.2438482098966937,0.2621943804063293,0.2608512857529282
gene_599,0.2306644008837803,0.2441203372320064,0.2589495537554178,0.2662657081287954
gene_600,0.5357109845777215,0.1471046259470617,0.1898380769923111,0.1273463124829057
gene_601,0.4547215634997895,0.1745996132669134,0.1873090222905187,0.1833698009427782
gene_602,0.5069008313112046,0.1674354374990987,0.1702554754726485,0.1554082557170481
gene_603,0.4973285432731825,0.1452608822997823,0.1563936975980184,0.2010168768290166
gene_604,0.5559664536729166,0.1322723640354981,0.1418681436892951,0.16989303860229
gene_605,0.4604964881688142,0.1576633887319213,0.2025337464299708,0.1793063766692936
gene_606,0.5006603359432752,0.1465588546554877,0.1826094487552815,0.1701713606459555
gene_607,0.5299285277109542,0.1208243498022191,0.206044335078672,0.1432027874081546
gene_608,0.4882339695635916,0.1643508439483449,0.1390539556154371,0.2083612308726262
gene_609,0.4801964422967996,0.1643668721450187,0.2021488163729039,0.1532878691852776
gene_610,0.576664141843419,0.125231815435826,0.1291749177762891,0.1689291249444658
gene_611,0.5054361544767709,0.1808151868034533,0.1496377775396693,0.1641108811801062
gene_612,0.5344169003035364,0.1509885758022344,0.1677938874316871,0.1468006364625421
gene_613,0.4855820009201875,0.1914765535651008,0.1725114456625586,0.1504299998521529
gene_614,0.5508564648273607,0.1428451538218093,0.1484533274180066,0.1578450539328232
gene_615,0.5102595004197727,0.133434329163304,0.1586965847379836,0.1976095856789395
gene_616,0.5283877350605114,0.1389971802366046,0.1625421574732431,0.1700729272296407
gene_617,0.5373397028794238,0.1312334787868583,0.1365644897453196,0.1948623285883981
gene_618,0.5506941809726926,0.166401917628598,0.1414961181658802,0.1414077832328291
gene_619,0.4797122948052357,0.1709953426652392,0.1803580546692511,0.1689343078602738
gene_620,0.5178420597788518,0.1476093907977517,0.2055581434936481,0.1289904059297482
gene_621,0.5318506343567733,0.121538397591734,0.1796680327140316,0.166942935337461
gene_622,0.5408230613906099,0.1625230726411943,0.1406321330272213,0.1560217329409744
gene_623,0.5005645197089875,0.1644864550559533,0.1510856982898608,0.1838633269451982
gene_624,0.414922290229407,0.1591019485562056,0.2224106241346836,0.2035651370797036
gene_625,0.4775389272178821,0.1684394535711277,0.205932479015084,0.148089140195906
gene_626,0.4695000521298446,0.1667349700131646,0.1564391715694119,0.2073258062875788
gene_627,0.4938096625000563,0.1621302866059466,0.1628666680757683,0.1811933828182287
gene_628,0.5041815258654708,0.1647243310184198,0.1578603803585103,0.173233762757599
gene_629,0.4623559496232981,0.1686114008582832,0.1768933767519621,0.1921392727664565
gene_630,0.4794636872663484,0.15609031281306,0.1554961917207555,0.2089498081998359
gene_631,0.510628014250856,0.1412260341114573,0.154498200787382,0.1936477508503046
gene_632,0.5853728890772049,0.1238324068037912,0.1596112733478877,0.131183430771116
gene_633,0.4930140326735027,0.1458991901477677,0.1933185494015516,0.1677682277771779
gene_634,0.5154256694467882,0.1262151395313899,0.1839542632005334,0.1744049278212883
gene_635,0.5977951862560068,0.1339478092448309,0.1511041877591059,0.1171528167400562
gene_636,0.5367407024990495,0.1070602897767658,0.1699137213595531,0.1862852863646314
gene_637,0.5237126803921883,0.1626382147686128,0.1674334060236575,0.1462156988155414
gene_638,0.4974146062233847,0.1297901798541321,0.2302285364715451,0.1425666774509381
gene_639,0.5358011228576177,0.1386105138916273,0.1166111575003531,0.2089772057504018
gene_640,0.5227527880146469,0.112145361946286,0.2111740236884483,0.1539278263506187
gene_641,0.4720022001499034,0.1788537662871405,0.1990613362421906,0.1500826973207653
gene_642,0.4216745454695736,0.1624667158882164,0.1942082107197468,0.221650527922463
gene_643,0.5069583635163311,0.107190418597379,0.1557492013656032,0.2301020165206867
gene_644,0.5202739567648148,0.1928331251224069,0.1233757777192887,0.1635171403934895
gene_645,0.4620050396389706,0.1478351191387819,0.2091084760411352,0.1810513651811122
gene_646,0.5200155918157512,0.1560526076304992,0.1382250394440336,0.1857067611097158
gene_647,0.484712575544418,0.1428781005135334,0.1805006902510743,0.1919086336909742
gene_648,0.5160627840916452,0.1569585872818981,0.1690468096475755,0.1579318189788811
gene_649,0.5643715290970525,0.1414219122943732,0.160023631324346,0.1341829272842282
gene_650,0.4876573240764507,0.1751149605906687,0.1894715867958327,0.1477561285370477
gene_651,0.4601628380262023,0.1310315316468584,0.2282453067200593,0.18056032360688
gene_652,0.5431823207572489,0.1417557056742561,0.1517741801940268,0.1632877933744681
gene_653,0.4290658628865397,0.1838394156981181,0.1938504740543586,0.1932442473609834
gene_654,0.551744834643928,0.1146168916872517,0.1673641111005943,0.1662741625682257
gene_655,0.519240178821066,0.1774027160626785,0.1570813495368845,0.1462757555793711
gene_656,0.4763625957203492,0.1340186837304196,0.1718083310598709,0.2178103894893602
gene_657,0.4632032002626847,0.1768946970826841,0.1598780087671285,0.2000240938875026
gene_658,0.5562244504182675,0.1522891564582922,0.1339724302911227,0.1575139628323175
gene_659,0.5348658511539985,0.1748062763549435,0.1526146244143277,0.1377132480767301
gene_660,0.5058045523776766,0.1389221819792337,0.2056799723701033,0.1495932932729862
gene_661,0.5227946576203768,0.161423204042825,0.128707691651436,0.1870744466853621
gene_662,0.4791125498568775,0.137071757824562,0.1856147529879466,0.1982009393306137
gene_663,0.496257973025238,0.161375067183438,0.1890482242020449,0.153318735589279
gene_664,0.6083625560154056,0.1227847992401292,0.1584432462644817,0.1104093984799833
gene_665,0.4908122681284662,0.1558390775847807,0.18941786568498,0.1639307886017731
gene_666,0.5160146941461755,0.1678111025758148,0.1490453853819675,0.167128817896042
gene_667,0.5060617464470469,0.1525844943805957,0.1501849414225487,0.1911688177498085
gene_668,0.5088331816504927,0.1141662608958302,0.2024133652290921,0.1745871922245849
gene_669,0.518530880684757,0.1224607916031024,0.1447801252247901,0.2142282024873504
gene_670,0.486782634722897,0.1584103005322917,0.1951549272482644,0.1596521374965469
gene_671,0.5401096556659829,0.1271061687869746,0.1844921648642845,0.1482920106827579
gene_672,0.5199352325242309,0.1515716475167992,0.1751565085829331,0.1533366113760367
gene_673,0.4675219448954625,0.1579927585953155,0.1613568194597409,0.2131284770494809
gene_674,0.464764250576667,0.1746969380261982,0.2165233790431625,0.1440154323539723
gene_675,0.4613145300973892,0.1869044135008023,0.1890420252179745,0.1627390311838339
gene_676,0.5229708752999532,0.1249497363004516,0.1926263808187835,0.1594530075808116
gene_677,0.4448814561912098,0.1866738982897413,0.190133209196069,0.1783114363229798
gene_678,0.4510465176813716,0.1941630191324321,0.2164362278223292,0.138354235363867
gene_679,0.4570195925215181,0.1500525381042658,0.1745001819259527,0.2184276874482634
gene_680,0.5215810097548061,0.1371873534108333,0.1824111695885773,0.1588204672457832
gene_681,0.4868478169646167,0.1132010001919389,0.1949980911440103,0.204953091699434
gene_682,0.4883510228600737,0.1875299897078711,0.1751136363747176,0.1490053510573374
gene_683,0.5314652580505047,0.1328071086138039,0.1571720749781332,0.1785555583575581
gene_684,0.4762362729777452,0.1958512189281044,0.1494822019411306,0.1784303061530195
gene_685,0.4570067059209822,0.180060130791939,0.1889114374635739,0.1740217258235049
gene_686,0.4808063893055039,0.1274357532204761,0.1906660389856888,0.2010918184883312
gene_687,0.5393619103317163,0.1106884706403485,0.2034617067508556,0.1464879122770797
gene_688,0.5035369480842657,0.1669669847313512,0.1591835865623965,0.1703124806219866
gene_689,0.4731097028230046,0.1861521778107973,0.169352851812108,0.1713852675540899
gene_690,0.5228619192329215,0.1487313106404982,0.1281783532312792,0.2002284168953012
gene_691,0.5072961887762955,0.1247567901670588,0.1637137592000975,0.2042332618565481
gene_692,0.5747488302675037,0.1614374401961378,0.1374829086768863,0.1263308208594721
gene_693,0.4662964072686913,0.1405883344484923,0.2072478775200979,0.1858673807627184
gene_694,0.4637975877921663,0.1726595503048622,0.1586695226394188,0.2048733392635527
gene_695,0.5095895899522085,0.1899819274015063,0.1543019630728907,0.1461265195733944
gene_696,0.4955593459451031,0.1719559687909822,0.1569252065434724,0.1755594787204422
gene_697,0.5337614231552719,0.1220663753876973,0.1765959670886051,0.1675762343684255
gene_698,0.515766384846781,0.1438285619154929,0.1560181873183284,0.1843868659193977
gene_699,0.4735803939647738,0.1638967870216948,0.202207832161424,0.1603149868521072
gene_700,0.431635874819977,0.1746066666252029,0.1938614631388821,0.1998959954159379
gene_701,0.4841225793611383,0.1454983806763707,0.1797635436506558,0.1906154963118351
gene_702,0.6176818176077168,0.116907155956842,0.1457237653565275,0.1196872610789137
gene_703,0.4736341234025316,0.1803468349002926,0.1826135209867458,0.1634055207104298
gene_704,0.5219235654755753,0.1354867999953141,0.1720999615659272,0.1704896729631833
gene_705,0.5230339873752966,0.1417065378406759,0.1350464796150932,0.2002129951689341
gene_706,0.456723704593254,0.1565811798257346,0.1997822934914733,0.1869128220895381
gene_707,0.5257322357113412,0.1432544613485611,0.1857865399207233,0.1452267630193743
gene_708,0.5437409774053759,0.1759939444250619,0.1151812776648818,0.1650838005046803
gene_709,0.4769116882576947,0.1588547597717691,0.1693207323900667,0.1949128195804692
gene_710,0.5258060929188062,0.1074975779408977,0.1907711623894271,0.1759251667508689
gene_711,0.5291732146303129,0.1552369849648578,0.1801852387844938,0.1354045616203354
gene_712,0.430504828987538,0.1854809503496889,0.1673787858931462,0.2166354347696268
gene_713,0.4807453577429011,0.1889912382287235,0.161711224585446,0.1685521794429292
gene_714,0.4666296850634209,0.1682489983477254,0.1810800025601067,0.1840413140287468
gene_715,0.4871112174057314,0.1921416351254395,0.146761949332586,0.1739851981362429
gene_716,0.4498782394024062,0.1660552936871586,0.2095675007428529,0.1744989661675821
gene_717,0.5152854145382331,0.1570495959016501,0.1311532292570421,0.1965117603030747
gene_718,0.5323390720122425,0.1830271151545172,0.1264093938115251,0.1582244190217151
gene_719,0.4917994496011376,0.1954169623423503,0.1665684941548221,0.1462150939016898
gene_720,0.5271142561391451,0.1325990432337661,0.1545062735261347,0.1857804271009541
gene_721,0.4582076163362523,0.2091434977655812,0.179296347341192,0.1533525385569744
gene_722,0.4746549103171709,0.1521800944689569,0.1488446310723231,0.2243203641415489
gene_723,0.5196795445950395,0.1307238996477473,0.1654067651871585,0.1841897905700545
gene_724,0.5166060113666707,0.1868492173327346,0.1208388410784747,0.1757059302221198
gene_725,0.4734976656305355,0.1308777022247006,0.2376650106488035,0.1579596214959601
gene_726,0.520233256603596,0.1628026746139656,0.1319270402411323,0.185037028541306
gene_727,0.5528642173152618,0.1292233188130004,0.1290264797748749,0.1888859840968626
gene_728,0.4952922721236018,0.1485957367193843,0.1796202284717221,0.1764917626852916
gene_729,0.4699302491797751,0.1867922619477198,0.1480130473040604,0.1952644415684446
gene_730,0.4238011034312581,0.1774475515623937,0.200383625163532,0.1983677198428161
gene_731,0.5536650331528401,0.1245393458968709,0.2343012859272675,0.0874943350230214
gene_732,0.4840347731903934,0.1453400255775846,0.1767318623423721,0.1938933388896497
gene_733,0.4919849638994095,0.1527179470529436,0.2201514824153462,0.1351456066323006
gene_734,0.5060115138719554,0.1541955562539104,0.1624582241187668,0.1773347057553674
gene_735,0.4744532796387585,0.1887182992701317,0.1700258848486531,0.1668025362424565
gene_736,0.4939832522406231,0.1836526274392605,0.1886280743340447,0.1337360459860714
gene_737,0.5208382431589161,0.1445267402656846,0.1803362839950313,0.1542987325803677
gene_738,0.4600839585577034,0.1634419317946558,0.1724202449934097,0.204053864654231
gene_739,0.5520105126123048,0.1180581400408052,0.1709520236405481,0.1589793237063418
gene_740,0.510822682195977,0.1539391113032739,0.1575372891072495,0.1777009173934994
gene_741,0.6014201778231557,0.1087119446937306,0.1790677560872359,0.1108001213958777
gene_742,0.5803652470058994,0.1208152665853514,0.146862002050614,0.1519574843581351
gene_743,0.5131438365955567,0.1847087858061953,0.203647628873822,0.0984997487244258
gene_744,0.5409265348281859,0.1381981905703331,0.2148830543476818,0.1059922202537992
gene_745,0.5151613797608572,0.1376131307100679,0.1730145862135211,0.1742109033155538
gene_746,0.4950391344823593,0.1053232605017586,0.2165322618767353,0.1831053431391467
gene_747,0.4652049158835286,0.1764831767445902,0.1790191912838523,0.1792927160880288
gene_748,0.5517484594526587,0.1424715598478727,0.1538734954312753,0.1519064852681933
gene_749,0.6513745268400305,0.0936393901583179,0.1528365291314277,0.1021495538702237
gene_750,0.4702881786559847,0.1409498180315038,0.1888066471767806,0.1999553561357308
gene_751,0.485326523542832,0.1801213570799381,0.1695737476456766,0.1649783717315531
gene_752,0.4739075644704936,0.1523247544594144,0.1557307385025332,0.2180369425675585
gene_753,0.5067671132268218,0.1121727604446179,0.1649887033386063,0.2160714229899538
gene_754,0.5373575620678811,0.1446523225696971,0.1953168434350674,0.1226732719273543
gene_755,0.5312512274550062,0.1027592343925336,0.1959272991559386,0.1700622389965216
gene_756,0.4606157928916191,0.1421197560909009,0.1885040464316325,0.2087604045858475
gene_757,0.5089776549729726,0.1647080646451555,0.143352923627876,0.1829613567539958
gene_758,0.571551508709022,0.102719240807843,0.1474961450769882,0.1782331054061466
gene_759,0.5032177451786506,0.1351779899267675,0.1712691300427335,0.1903351348518482
gene_760,0.4677658493520808,0.2115884942252657,0.1623753145745061,0.1582703418481472
gene_761,0.5263681622682521,0.1418805151472399,0.1694836872810108,0.1622676353034969
gene_762,0.5259703465413275,0.1340809591068654,0.1399871280525643,0.1999615662992427
gene_763,0.4987847800164494,0.1438252929528457,0.1396343435751741,0.2177555834555306
gene_764,0.5080275697614531,0.1336846986608615,0.1627818706608249,0.1955058609168602
gene_765,0.4492850684321501,0.1880880499454932,0.1747166586182282,0.1879102230041285
gene_766,0.4791288575733005,0.1232728796052509,0.1949312564439465,0.2026670063775021
gene_767,0.5231015784383539,0.1509249270725144,0.1240952827339601,0.2018782117551715
gene_768,0.5506132854468544,0.114585188243772,0.1739859612373131,0.1608155650720604
gene_769,0.5216666832964175,0.1168686141376375,0.179326296329477,0.1821384062364678
gene_770,0.490027262655776,0.1645682232639854,0.1542971228253338,0.1911073912549047
gene_771,0.5230420542562927,0.1478966414259906,0.1455509723713355,0.1835103319463812
gene_772,0.4716642920887145,0.173283890342285,0.1551795791684522,0.1998722384005482
gene_773,0.5100499166399454,0.1499180013480789,0.1037403184558872,0.2362917635560885
gene_774,0.5412571371858557,0.1447358125725213,0.1417191046294984,0.1722879456121246
gene_775,0.4575663693836699,0.1382934177797747,0.1878948403980266,0.2162453724385286
gene_776,0.5532624934058398,0.1436658481416244,0.170293060482167,0.1327785979703687
gene_777,0.5241359478274435,0.1463258051259957,0.142872453621294,0.1866657934252667
gene_778,0.4555461369455777,0.1726654329199006,0.163314296409836,0.2084741337246855
gene_779,0.4695148669152266,0.1948741531624334,0.1663960408087235,0.1692149391136164
gene_780,0.5712667794774585,0.143230908765939,0.113223048750253,0.1722792630063495
gene_781,0.4894621261322404,0.1647153104227036,0.1768648193851814,0.1689577440598743
gene_782,0.4932328244240326,0.1291179448686342,0.2196317309974636,0.1580174997098694
gene_783,0.4720173479263648,0.1427488618372589,0.1890090782414005,0.1962247119949757
gene_784,0.514330151893481,0.1726931047702499,0.1776441063847963,0.1353326369514727
gene_785,0.5215326297443996,0.1166132040435658,0.1714320539418053,0.1904221122702292
gene_786,0.4745283388858103,0.1514736350665524,0.1899239093585562,0.184074116689081
gene_787,0.5119577140272525,0.1919156188066639,0.1558472160841474,0.1402794510819362
gene_788,0.4635109904521741,0.1745400330965302,0.1920970918937333,0.1698518845575623
gene_789,0.456395452096432,0.1560471811166789,0.1994025204682253,0.1881548463186637
gene_790,0.4976312829915932,0.1641075165424709,0.1143638001442172,0.2238974003217185
gene_791,0.5296249570944809,0.1312526337627003,0.2095683350078318,0.1295540741349869
gene_792,0.4979615377761342,0.1594094772276029,0.1781804283507311,0.1644485566455318
gene_793,0.5090260468383131,0.1750221116682238,0.1689785241327063,0.1469733173607567
gene_794,0.504323141557362,0.1073396398185823,0.194093207577331,0.1942440110467247
gene_795,0.498023460674269,0.1324656468822553,0.2034655808767123,0.1660453115667633
gene_796,0.5048768137777447,0.2051819323297953,0.1693199468998154,0.1206213069926445
gene_797,0.5404629807483041,0.1242938407585035,0.1722984357146618,0.1629447427785305
gene_798,0.5081846087060163,0.1629675099103754,0.1367006693108907,0.1921472120727174
gene_799,0.5585124323878327,0.1439478437410942,0.1450226482137563,0.1525170756573167
gene_800,0.3493055196946754,0.3664287609532038,0.1437854084373926,0.1404803109147281
gene_801,0.3501433325978968,0.4315082672948168,0.0847687473903907,0.1335796527168957
gene_802,0.3543197229292192,0.410689776473154,0.1224037736119481,0.1125867269856784
gene_803,0.3880321975353628,0.3656474506732457,0.1422008032990887,0.1041195484923027
gene_804,0.3871025895285032,0.3531179386678055,0.1390433776582623,0.1207360941454289
gene_805,0.3275326366764087,0.3817103253454381,0.1290195912463226,0.1617374467318303
gene_806,0.3636605584037047,0.4244340715182207,0.1402005089280695,0.0717048611500051
gene_807,0.3526541149775347,0.3602555374447118,0.1391115517953621,0.1479787957823913
gene_808,0.436535519954154,0.4055645204135618,0.081085364296276,0.0768145953360081
gene_809,0.3471631028871512,0.3866266100547993,0.1289701460990425,0.137240140959007
gene_810,0.3306739656557537,0.387039739520554,0.1340100473419235,0.1482762474817688
gene_811,0.3631789155139787,0.4130311845234047,0.0781786825763071,0.1456112173863092
gene_812,0.2977491059984505,0.3983878179251578,0.1524664042718726,0.151396671804519
gene_813,0.3977924384128454,0.437454289198163,0.0260357926310087,0.1387174797579826
gene_814,0.3918268419130576,0.4148795231332478,0.1078559520712644,0.0854376828824301
gene_815,0.3705040944317554,0.4000315164861738,0.1020209147758164,0.1274434743062542
gene_816,0.3460638386683333,0.3848762517446058,0.1211345500146922,0.1479253595723686
gene_817,0.3785249185974458,0.4071454441305186,0.0982476888835145,0.1160819483885211
gene_818,0.3514580782716417,0.3949169439741134,0.1411184598968161,0.1125065178574286
gene_819,0.3671610292971412,0.3507157848085963,0.1497679450505588,0.1323552408437036
gene_820,0.3893953326971515,0.3438086019879495,0.1287348899146542,0.1380611754002446
gene_821,0.3704078333052525,0.3868428709995906,0.121017785944126,0.1217315097510308
gene_822,0.3728149582720441,0.389312017494771,0.0777273145047743,0.1601457097284107
gene_823,0.3270899528635284,0.3768465831500208,0.1321272866180458,0.163936177368405
gene_824,0.3312988004572979,0.443387789649134,0.1065142205342502,0.1187991893593177
gene_825,0.3488881503338729,0.3953814713633201,0.130635835536153,0.1250945427666539
gene_826,0.3537485388730308,0.3783123595869259,0.1275501742503314,0.1403889272897117
gene_827,0.3554874589083437,0.3730510102652035,0.1015218904995195,0.1699396403269333
gene_828,0.3884199665738252,0.3901625702066758,0.1377138029904743,0.0837036602290246
gene_829,0.3658252170689373,0.3765075593806228,0.1379121917918033,0.1197550317586365
gene_830,0.3633104649139222,0.37821031421518,0.1346499773319546,0.1238292435389431
gene_831,0.353196570214526,0.3942262817053846,0.1242896602742212,0.128287487805868
gene_832,0.3827455787271411,0.395728151704864,0.134127136988752,0.0873991325792427
gene_833,0.3376532346854395,0.4046796840114968,0.1161804094637898,0.1414866718392737
gene_834,0.3853932633814713,0.3752010925335837,0.1216530409494416,0.1177526031355033
gene_835,0.3664091165221575,0.4065298519956557,0.1064763659291885,0.1205846655529981
gene_836,0.3516195985805505,0.452200548873684,0.1154032539521141,0.0807765985936513
gene_837,0.3666861773488148,0.3850146112130642,0.1165782461889261,0.1317209652491946
gene_838,0.3821855472616479,0.3853499206863939,0.1159443727575097,0.1165201592944484
gene_839,0.3431824586808284,0.3723846470510823,0.1571722010762198,0.1272606931918694
gene_840,0.350597677845825,0.4301444948919226,0.1081277585994032,0.1111300686628491
gene_841,0.3821365261268807,0.3335418987123841,0.1374401587133783,0.1468814164473568
gene_842,0.3535505892602109,0.3872385260776389,0.1357098316905777,0.1235010529715724
gene_843,0.3422250423610813,0.3991953828401767,0.1166695474088389,0.1419100273899029
gene_844,0.3619768227226428,0.3944410830871083,0.1214743162434746,0.1221077779467741
gene_845,0.3423044983812847,0.4047429901402565,0.1140492334372484,0.1389032780412104
gene_846,0.3369734855425461,0.4114528542225165,0.1344851075367381,0.1170885526981992
gene_847,0.3825684801963768,0.3584305799274939,0.119979251990173,0.1390216878859562
gene_848,0.400596441960219,0.3861453275428028,0.0959548789359977,0.1173033515609803
gene_849,0.3643360215860902,0.3601526843088891,0.1533757528493543,0.1221355412556663
gene_850,0.3286755761012963,0.4057620101169876,0.1185967746195815,0.1469656391621345
gene_851,0.3531079962957881,0.3752755394891058,0.1567043913763992,0.1149120728387068
gene_852,0.3086062934282984,0.391267084642229,0.1450166212481653,0.1551100006813073
gene_853,0.3532647684033902,0.4020044583855518,0.1302838324132547,0.1144469407978031
gene_854,0.3414519985721552,0.3828228417463752,0.1289644905404919,0.1467606691409776
gene_855,0.2999337913989794,0.394995911308962,0.1250770878911871,0.1799932094008713
gene_856,0.3487709706545066,0.4063664263367491,0.1253803447476002,0.119482258261144
gene_857,0.361171055059273,0.4083064437262955,0.1400173956926778,0.0905051055217535
gene_858,0.348783802197298,0.39523538506133,0.1226161507644943,0.1333646619768776
gene_859,0.3476561112792072,0.3734354999206813,0.1465317434395759,0.1323766453605354
gene_860,0.353637735857409,0.3731779558859011,0.1199503274395861,0.1532339808171037
gene_861,0.3630442895608601,0.3963404648529331,0.1278040518600459,0.1128111937261607
gene_862,0.3821475304240082,0.3792426048129579,0.1267338334300963,0.1118760313329376
gene_863,0.3924519442495448,0.3742979630174907,0.1139893211787959,0.1192607715541685
gene_864,0.3534998186703411,0.3524555025799178,0.1635832992731677,0.1304613794765733
gene_865,0.3435195373454118,0.3970996975611602,0.1249063628697652,0.1344744022236627
gene_866,0.3890057199899239,0.3976532673428535,0.1221334091060429,0.0912076035611796
gene_867,0.3715636915669,0.3584071229778964,0.148821302102049,0.1212078833531545
gene_868,0.3965307500340801,0.3778675754577482,0.0768085950657599,0.1487930794424117
gene_869,0.3435971498907653,0.3449741806619398,0.168669156699296,0.1427595127479988
gene_870,0.3572599734267767,0.4322981199893374,0.1227709925098202,0.0876709140740654
gene_871,0.3944554902099665,0.3872010705391606,0.1086429353904703,0.1097005038604027
gene_872,0.3635577483770142,0.3525131430426634,0.1283763053750775,0.1555528032052448
gene_873,0.3721059310601482,0.3951576862178005,0.1158854522406141,0.1168509304814371
gene_874,0.3986309375190769,0.3748794489523914,0.1146639311643903,0.1118256823641413
gene_875,0.3814321663844225,0.3890974655023256,0.0837750799900996,0.1456952881231522
gene_876,0.3789920421812528,0.4700742811485052,0.0802060992657264,0.0707275774045154
gene_877,0.3927036756888402,0.3654827019467319,0.1482158546916138,0.0935977676728141
gene_878,0.332282141017992,0.4078113103116967,0.1187151549124697,0.1411913937578413
gene_879,0.3529122547919976,0.4014687104566759,0.1115622361890461,0.1340567985622802
gene_880,0.3766123801973451,0.4034656180140696,0.0860259693510305,0.1338960324375547
gene_881,0.3657989821644103,0.4117102304930919,0.1059435878661019,0.1165471994763958
gene_882,0.357604134128969,0.3621962113030119,0.1317785892284911,0.1484210653395279
gene_883,0.3297457497932759,0.3950243381058881,0.1527933896105338,0.1224365224903021
gene_884,0.3576152375417272,0.3909682776426831,0.1255546527456022,0.1258618320699873
gene_885,0.3404523249192233,0.3984628622604911,0.1208679362835857,0.1402168765366998
gene_886,0.3689892349342511,0.3883479439153562,0.1252344987092292,0.1174283224411634
gene_887,0.3469466266669408,0.4035742710216024,0.126698962176659,0.1227801401347976
gene_888,0.3666719584574216,0.3546416942758438,0.1587060291680793,0.1199803180986552
gene_889,0.3581006477283057,0.3852235600891212,0.1151613745582204,0.1415144176243525
gene_890,0.3461666059390393,0.386464191672238,0.1689498528544063,0.0984193495343161
gene_891,0.3774645553440782,0.4056919681949764,0.0838982449856707,0.1329452314752746
gene_892,0.357540333443101,0.3948521988002096,0.1621754840830686,0.0854319836736207
gene_893,0.3531434311804338,0.3683492272725087,0.1577340508642126,0.1207732906828448
gene_894,0.3802830639099875,0.387463938328534,0.0982987449144633,0.1339542528470152
gene_895,0.3704355114353588,0.3897241200357846,0.1199124430570843,0.1199279254717721
gene_896,0.3871974257859606,0.4206301374501165,0.1161750579993718,0.075997378764551
gene_897,0.3961013547197342,0.4260099577425248,0.1037725909232881,0.0741160966144527
gene_898,0.3510862236675304,0.3623952980510339,0.1591725631950274,0.1273459150864082
gene_899,0.3714447330517822,0.3942689026659553,0.1427994688625553,0.091486895419707
gene_900,0.3535470186291148,0.3917240829501663,0.1280242814685542,0.1267046169521645
gene_901,0.3121694880582969,0.447559205339324,0.0917414878669657,0.1485298187354133
gene_902,0.3626350114876745,0.4544886890981083,0.098375366057587,0.0845009333566301
gene_903,0.3719290508456687,0.3890049849706955,0.1179232915575783,0.1211426726260574
gene_904,0.3434242854320455,0.4051908221640494,0.1301724191481835,0.1212124732557215
gene_905,0.3641371278637265,0.4092262738491381,0.1221128574232653,0.1045237408638699
gene_906,0.3560917617452702,0.4083253816805387,0.1212912762265375,0.1142915803476535
gene_907,0.3742271100146859,0.3971165294290852,0.1264904359735812,0.1021659245826477
gene_908,0.3710739173258742,0.3406287469077447,0.141328480957226,0.146968854809155
gene_909,0.3490166068203168,0.3989522954007434,0.1154991411331853,0.1365319566457544
gene_910,0.3391419501684835,0.3758167006053516,0.1289197490481681,0.1561216001779968
gene_911,0.3929268618342512,0.3468369784611146,0.1420598365398052,0.1181763231648288
gene_912,0.3804640507063572,0.3695607670195042,0.1155700853413583,0.1344050969327803
gene_913,0.3644148822334814,0.4152648878601339,0.0960795881546215,0.124240641751763
gene_914,0.3507040093117374,0.4267022974123203,0.1038444163966487,0.1187492768792933
gene_915,0.3377751496469056,0.4321467057469652,0.1382890406646332,0.0917891039414958
gene_916,0.3608315977891418,0.4102983044768795,0.1096972372084241,0.1191728605255545
gene_917,0.3808440587851803,0.4121792164777064,0.0932889526255109,0.1136877721116022
gene_918,0.3929208907083303,0.4245973208905398,0.0688087964374665,0.1136729919636634
gene_919,0.3608880245902026,0.3667606594990918,0.1356631003796339,0.1366882155310715
gene_920,0.3816093374174732,0.3523119223990505,0.1281469347160656,0.1379318054674106
gene_921,0.3777769574404563,0.3735071881747793,0.1068954094005908,0.1418204449841734
gene_922,0.3722595118805233,0.4139608322799034,0.1215554811974984,0.0922241746420748
gene_923,0.3630391556289991,0.436299498517829,0.0904539458064229,0.110207400046749
gene_924,0.3425802950399944,0.3916886835929764,0.1434619789404332,0.1222690424265958
gene_925,0.3814887438032546,0.3282780311870538,0.1150968055752728,0.1751364194344187
gene_926,0.3745734536865229,0.3747886448718742,0.1245996026288496,0.1260382988127533
gene_927,0.3930481495321063,0.3528009157772808,0.1111694428146871,0.1429814918759258
gene_928,0.3615819690253192,0.3898398102401415,0.1455099249368689,0.1030682957976702
gene_929,0.3271795207946709,0.3831317253508984,0.1656142828900886,0.1240744709643419
gene_930,0.3707662344988468,0.4255713447112896,0.0778740774094651,0.1257883433803984
gene_931,0.3797157527500107,0.3486587644840451,0.1237633563308354,0.1478621264351089
gene_932,0.4060005289610479,0.3727991932382397,0.0975900940526179,0.1236101837480945
gene_933,0.3843337099311738,0.3795740528694474,0.1189733842461817,0.1171188529531968
gene_934,0.3671746633390298,0.3957912831535705,0.0933872402125632,0.1436468132948362
gene_935,0.3418353353033907,0.3875255005012516,0.1205555243210003,0.1500836398743573
gene_936,0.362313924132026,0.4208415772851861,0.1288690833052802,0.0879754152775074
gene_937,0.335382692976501,0.3691770187208479,0.155316409180801,0.1401238791218499
gene_938,0.3614088761814859,0.4083848915639008,0.1085273693888649,0.1216788628657483
gene_939,0.3900157532771518,0.3462017914608217,0.1102510433677141,0.1535314118943122
gene_940,0.3450750316612954,0.4155512294135307,0.1447371194686585,0.0946366194565154
gene_941,0.3517899119603974,0.4407343028460783,0.1197940144363891,0.087681770757135
gene_942,0.3485283785562708,0.3830432125692665,0.1362125613945733,0.1322158474798894
gene_943,0.3889050712114452,0.3796633611153558,0.1163426432997889,0.11508892437341
gene_944,0.3717207858164368,0.3629248629578351,0.15791255174686,0.1074417994788679
gene_945,0.3776969886233726,0.3432570773827757,0.1278814874439942,0.1511644465498574
gene_946,0.3372062676588911,0.4109572419239433,0.1631452269672489,0.0886912634499165
gene_947,0.3812576989715798,0.3992773912996497,0.1298485230367121,0.0896163866920584
gene_948,0.3572369308719801,0.3782169559876921,0.1179187894966852,0.1466273236436426
gene_949,0.3986930893478713,0.3896301217847254,0.1050156173700811,0.1066611714973222
gene_950,0.3653763067215184,0.3703609017885864,0.136195326868188,0.128067464621707
gene_951,0.3350000480952489,0.4145869144725936,0.1213748377922883,0.129038199639869
gene_952,0.3714725027564285,0.3956885197988628,0.108626815803408,0.1242121616413006
gene_953,0.3657760146964217,0.3818541641110027,0.1281685007895856,0.1242013204029899
gene_954,0.3630160663492389,0.3509661827399541,0.1449522397348962,0.1410655111759106
gene_955,0.3542268581513467,0.4101244441887913,0.1182935858909412,0.1173551117689207
gene_956,0.3832378048205206,0.3615680246882194,0.1391312739903337,0.1160628965009262
gene_957,0.3612356580476906,0.4116628234504162,0.116661093180538,0.110440425321355
gene_958,0.3713589174211389,0.4027144769758202,0.1092521488862323,0.1166744567168085
gene_959,0.3936529587314744,0.36163575958938,0.1176676250208025,0.1270436566583429
gene_960,0.3476339775767177,0.4166665136488734,0.0864696954097037,0.1492298133647052
gene_961,0.372288404949438,0.3545337819733078,0.1729542110565994,0.1002236020206546
gene_962,0.3835609017907578,0.3955094324003736,0.1183231784877621,0.1026064873211063
gene_963,0.382412377287588,0.3639550786605028,0.1286121039753767,0.1250204400765323
gene_964,0.4262397138702825,0.4048466996214325,0.0773703275832337,0.0915432589250512
gene_965,0.3837202936895603,0.3940257293714208,0.1232978213884672,0.0989561555505515
gene_966,0.3316945040474408,0.4187298013586887,0.1548365589370098,0.0947391356568606
gene_967,0.3680901963122788,0.4052170269577511,0.1474601914146291,0.0792325853153408
gene_968,0.4234403116031596,0.3641326515626446,0.1284491157328392,0.0839779211013564
gene_969,0.3396600746864054,0.406594289386737,0.1302613965997115,0.123484239327146
gene_970,0.388582592525421,0.3967468130738259,0.1019513546162295,0.1127192397845235
gene_971,0.3747513711004206,0.3671497850699391,0.145132951251789,0.1129658925778511
gene_972,0.343127209185368,0.4221573737843013,0.1023936618158232,0.1323217552145074
gene_973,0.3459888874576072,0.3908830613342952,0.124191582090931,0.1389364691171665
gene_974,0.3860379840372784,0.3858600766695469,0.1199994173956477,0.1081025218975268
gene_975,0.368562042234489,0.396065955214251,0.1133421418440543,0.1220298607072056
gene_976,0.3578448257578302,0.4006924640239059,0.1408366596273887,0.100626050590875
gene_977,0.3244137601516589,0.3838449788548946,0.1462211223695239,0.1455201386239225
gene_978,0.3767187951032736,0.3945952040107965,0.087700712439261,0.1409852884466687
gene_979,0.3611652634548061,0.3904419495077365,0.1393303794618561,0.1090624075756011
gene_980,0.3239585625601315,0.4051017729909609,0.1546217296629389,0.1163179347859686
gene_981,0.3541129009024243,0.3964023499979577,0.1137542888748163,0.1357304602248016
gene_982,0.3885150781330925,0.3336043830854213,0.1105432121222706,0.1673373266592155
gene_983,0.3704087787553478,0.3933007368575664,0.1312253671530315,0.1050651172340542
gene_984,0.3955536346577678,0.3538033875069859,0.1340820480267122,0.1165609298085339
gene_985,0.3758245838130817,0.3785492972177289,0.0892168119223318,0.1564093070468573
gene_986,0.3350728884330152,0.3746714982225639,0.1385672525534134,0.1516883607910074
gene_987,0.3797372841513033,0.4319828794100022,0.1021389488225942,0.0861408876161002
gene_988,0.3311469182586918,0.4184239743387081,0.1385090836909294,0.1119200237116706
gene_989,0.3447549385485893,0.3397250726494283,0.1539609124785763,0.1615590763234058
gene_990,0.4267243627485252,0.3991988533173224,0.080984570585313,0.0930922133488394
gene_991,0.3676010413970139,0.4015385372108935,0.1103428693284651,0.1205175520636274
gene_992,0.3493633162205093,0.3644026222828737,0.1410601690683175,0.1451738924282994
gene_993,0.3694706958261121,0.370736911892123,0.147332088492431,0.1124603037893338
gene_994,0.3549008348235881,0.3966082148259871,0.1324555327915685,0.1160354175588562
gene_995,0.3817475452629899,0.406573461472568,0.1065067287517599,0.1051722645126819
gene_996,0.3306949232675218,0.4004869880480104,0.1205504041629347,0.148267684521533
gene_997,0.3746812890717543,0.3958677765324432,0.1086517991120895,0.1207991352837129
gene_998,0.3580916110924317,0.3981433289055127,0.1337061688620199,0.1100588911400356
gene_999,0.3695534448508576,0.3926942751700915,0.1262365894538574,0.1115156905251935
gene_1000,0.2214985701614628,0.2460640259547406,0.2819307748275709,0.2505066290562256
gene_1001,0.2441111151170806,0.2874771877005438,0.2340098159094303,0.2344018812729452
gene_1002,0.2321206048877218,0.2427050841689867,0.2713197188702225,0.2538545920730689
gene_1003,0.2142624886735346,0.272562150959781,0.1990897110909257,0.3140856492757585
gene_1004,0.2482996563878327,0.1433960262641251,0.3069114389322347,0.3013928784158074
gene_1005,0.1895244224796363,0.1985127501418838,0.2404743197106725,0.3714885076678074
gene_1006,0.2160128725102305,0.2711406736233581,0.2828815843315006,0.2299648695349107
gene_1007,0.2284746138118495,0.19693451809715,0.2824496852456714,0.2921411828453288
gene_1008,0.2524330606457608,0.1738802040161645,0.2346133364738452,0.3390733988642295
gene_1009,0.233970429884126,0.2914821480879166,0.3145916535922787,0.1599557684356785
gene_1010,0.2192115334869472,0.2101879705025265,0.3253065298282358,0.2452939661822903
gene_1011,0.1679740756794286,0.2773793713215342,0.2924186257992026,0.2622279271998347
gene_1012,0.2186964838771705,0.28032360066346,0.2968048394260359,0.2041750760333333
gene_1013,0.2059935348621321,0.257072685241704,0.2360244030576267,0.3009093768385372
gene_1014,0.2185279093467569,0.2687317282153176,0.2115226436115741,0.3012177188263513
gene_1015,0.2126781734785171,0.1980084905347429,0.213097807152866,0.3762155288338741
gene_1016,0.3157839284512802,0.1796042949991715,0.2855023139503549,0.2191094625991932
gene_1017,0.2766256955802426,0.1896264872632831,0.2804363832273621,0.2533114339291121
gene_1018,0.2263875984807757,0.2308404075816662,0.3078012822843479,0.2349707116532099
gene_1019,0.2757517002364561,0.251087707294528,0.2341554404712778,0.2390051519977379
gene_1020,0.2215566752969134,0.258040243350126,0.3054120792862732,0.2149910020666872
gene_1021,0.1938698280537845,0.3702372710506262,0.2297854658004304,0.2061074350951588
gene_1022,0.2887361868899324,0.1833290640121894,0.3120616911006121,0.215873057997266
gene_1023,0.2970935209721648,0.2149749511608688,0.2522506734826279,0.2356808543843385
gene_1024,0.1783032222377341,0.1422545780943343,0.2656417336997186,0.4138004659682128
gene_1025,0.2258449672743359,0.2339643347124788,0.2674050183558717,0.2727856796573136
gene_1026,0.2500342051348327,0.1895645163273756,0.2486618367957312,0.3117394417420604
gene_1027,0.2462728116525499,0.2200182175561267,0.2779790209452241,0.2557299498460993
gene_1028,0.2620604392873926,0.1842279083834081,0.2163049466590214,0.3374067056701779
gene_1029,0.280150587635994,0.249318152154446,0.2384160511998098,0.23211520900975
gene_1030,0.2104254232816591,0.2911177277072039,0.2746662030626601,0.2237906459484767
gene_1031,0.26867074496306,0.2084870131041458,0.2530525045675547,0.2697897373652395
gene_1032,0.1640792415124358,0.2263888038001719,0.2745507964466805,0.3349811582407117
gene_1033,0.2434070675586365,0.2666890957387169,0.2729269227454298,0.2169769139572167
gene_1034,0.1952259793109939,0.2447519506674601,0.2897549256285159,0.27026714439303
gene_1035,0.1776583373837171,0.1463927316945239,0.3478657658348643,0.3280831650868945
gene_1036,0.2102782979499254,0.2016023257006688,0.3307014077346741,0.2574179686147315
gene_1037,0.2534944838762892,0.2719520709653767,0.2538515271910823,0.2207019179672517
gene_1038,0.2028791994181919,0.2957613327181701,0.2311131330304524,0.2702463348331855
gene_1039,0.2344826193166692,0.2508264504376389,0.2285238508864938,0.2861670793591981
gene_1040,0.1910463851991927,0.2767463879818961,0.2814176843068474,0.2507895425120637
gene_1041,0.2071111993958993,0.2037070767142061,0.3033017196962215,0.285880004193673
gene_1042,0.2079438796266099,0.1793805255230792,0.3608527713755322,0.2518228234747786
gene_1043,0.292496106191913,0.1841275325221252,0.3099117339071017,0.2134646273788599
gene_1044,0.224481332636157,0.2484139055955867,0.2806317167109731,0.246473045057283
gene_1045,0.159256371624089,0.2572529955153259,0.2544328708368333,0.3290577620237517
gene_1046,0.1774335718809719,0.2983734830520765,0.2074622690925588,0.3167306759743926
gene_1047,0.2036443904761338,0.2264889889899395,0.1994322574699739,0.3704343630639528
gene_1048,0.1647829279900078,0.1837285499807273,0.3054661135495058,0.3460224084797592
gene_1049,0.2232807631694361,0.2195203121465761,0.2956429722851602,0.2615559523988275
gene_1050,0.2553490648376516,0.2655181147614956,0.2545724545946478,0.2245603658062049
gene_1051,0.2858404735876674,0.1914290727215487,0.2361570557151621,0.2865733979756217
gene_1052,0.1492544495051667,0.3043373281244448,0.182525618058135,0.3638826043122534
gene_1053,0.3243059258793675,0.0764706694488862,0.359738117535834,0.2394852871359123
gene_1054,0.1874416348105604,0.2420551527386317,0.3261877439040909,0.2443154685467168
gene_1055,0.2160691622569193,0.2214893879938694,0.2446012609019663,0.3178401888472449
gene_1056,0.2214122045041104,0.2308316380346892,0.2185507630367017,0.3292053944244987
gene_1057,0.240299217787209,0.2254963754821595,0.2363571064707381,0.2978473002598932
gene_1058,0.2367609315660782,0.2704358918579241,0.2734900560954809,0.2193131204805167
gene_1059,0.2602156111508513,0.2067944239570324,0.2000650710786016,0.3329248938135146
gene_1060,0.2303144650163999,0.2105425124301805,0.2147361213865361,0.3444069011668833
gene_1061,0.221813082592524,0.2787157220100521,0.2171804917070359,0.2822907036903879
gene_1062,0.2183767338566677,0.2747317596308283,0.2225053972107334,0.2843861093017705
gene_1063,0.2578936856679542,0.2380896712801869,0.2651175683205249,0.2388990747313339
gene_1064,0.1390194031488132,0.3409587832010421,0.3194866732745783,0.2005351403755662
gene_1065,0.2602350780399673,0.2277428674226875,0.2150186197458272,0.2970034347915179
gene_1066,0.2368051300786783,0.2265512320911437,0.2073928365565075,0.3292508012736705
gene_1067,0.2347027946434199,0.2378929474331756,0.2624982788474505,0.264905979075954
gene_1068,0.2316042477402029,0.2653019296395242,0.2323305906647076,0.2707632319555653
gene_1069,0.2032410917241715,0.1727597951783515,0.3199576924196146,0.3040414206778623
gene_1070,0.2487309506610407,0.2333935011773155,0.2476334458155936,0.2702421023460502
gene_1071,0.1724973921513166,0.268533629021592,0.2372496066374558,0.3217193721896355
gene_1072,0.2394421010245912,0.330212727903418,0.2706222110587775,0.1597229600132133
gene_1073,0.3288110836464118,0.2287182294742829,0.216017359678521,0.2264533272007842
gene_1074,0.2721005129424284,0.2643134649587825,0.1769488383009723,0.2866371837978168
gene_1075,0.1972557053261812,0.2247812232734788,0.2794647150631253,0.2984983563372146
gene_1076,0.1816088642094214,0.2070128750059725,0.2528519099222515,0.3585263508623544
gene_1077,0.2495011925824913,0.2733668087712042,0.2486976001516521,0.2284343984946521
gene_1078,0.2104135710853983,0.2615165507647907,0.2389024762334937,0.2891674019163172
gene_1079,0.2204808834719433,0.2083075993316598,0.2344135831961581,0.3367979340002387
gene_1080,0.1774273622661276,0.2973336104316131,0.2649824879771442,0.2602565393251148
gene_1081,0.2378809294791868,0.1957654909893839,0.3197537130629833,0.2465998664684459
gene_1082,0.1725179724707697,0.2734641775063248,0.2396829477944254,0.31433490222848
gene_1083,0.1843685172870786,0.2177955143647323,0.2543062771776717,0.3435296911705172
gene_1084,0.2355147020870966,0.2473484885308209,0.2749455615283218,0.2421912478537606
gene_1085,0.166158566473577,0.3253426597894098,0.172390649188597,0.3361081245484161
gene_1086,0.2165699060066976,0.2673180082287353,0.2486219660811431,0.2674901196834237
gene_1087,0.1878363451377324,0.2318825798587655,0.2484336223150869,0.3318474526884152
gene_1088,0.3860946462329043,0.2605653976734586,0.0752090603631225,0.2781308957305145
gene_1089,0.138826578856243,0.1834056801352118,0.3263145789506349,0.3514531620579101
gene_1090,0.1636001550821645,0.247870929784187,0.2667644126849539,0.3217645024486946
gene_1091,0.2070743665275973,0.2164331566112544,0.2725105216808738,0.3039819551802745
gene_1092,0.2141440896477439,0.2467755079663858,0.2747449602545316,0.2643354421313387
gene_1093,0.2659312406679083,0.229699818678193,0.2253292827448008,0.279039657909098
gene_1094,0.2276045526859068,0.2380041500045288,0.2843218198570549,0.2500694774525093
gene_1095,0.1989701465277575,0.2972008167965653,0.3001135701993385,0.2037154664763387
gene_1096,0.2395329000385263,0.271092961114081,0.2195569276283489,0.2698172112190436
gene_1097,0.1903919183863477,0.2362178615441316,0.2419608672371915,0.3314293528323289
gene_1098,0.1207076926446177,0.1746662011542052,0.3418008197830764,0.3628252864181004
gene_1099,0.2247107572106565,0.1785449567375018,0.2354508817847074,0.3612934042671342
gene_1100,0.1675555187958708,0.264201934430728,0.2935078955850064,0.2747346511883947
gene_1101,0.2329828821681781,0.2468538999652403,0.2381590656920608,0.2820041521745208
gene_1102,0.2041876832909267,0.2452389074318913,0.2810343681915953,0.2695390410855866
gene_1103,0.2838647057312979,0.2170973144828869,0.2359434967254726,0.2630944830603425
gene_1104,0.1998964096423375,0.1994112878216136,0.3065695169626928,0.2941227855733561
gene_1105,0.1905102199196931,0.1469329466341841,0.3610574468480496,0.301499386598073
gene_1106,0.2418027139550993,0.271545901499215,0.2557617693461493,0.2308896151995362
gene_1107,0.2584676901473056,0.3169515361161814,0.233262194989381,0.191318578747132
gene_1108,0.221111466282392,0.2451653673613126,0.2959038161112683,0.2378193502450269
gene_1109,0.392278473266801,0.0700109711151588,0.2146368995619609,0.3230736560560792
gene_1110,0.1296297437043259,0.3942062028889361,0.294230249199768,0.1819338042069698
gene_1111,0.2636736803188523,0.182282891176797,0.2726726367834619,0.2813707917208887
gene_1112,0.1791355386899466,0.2320136496899169,0.2922772773583849,0.2965735342617515
gene_1113,0.1500252210408225,0.2799714119440003,0.3314319964960024,0.2385713705191747
gene_1114,0.2399470301811175,0.2960220805858857,0.2600552394116657,0.2039756498213311
gene_1115,0.198636018245181,0.2661276562991532,0.2254475690766197,0.3097887563790459
gene_1116,0.2252601366937945,0.2789387640870581,0.2538599077173914,0.241941191501756
gene_1117,0.1460648566934903,0.249898967778515,0.2789462634441581,0.3250899120838366
gene_1118,0.1733370606998545,0.2989381370204118,0.215747170465974,0.3119776318137595
gene_1119,0.2297039913438862,0.2330883151529398,0.139812305966552,0.3973953875366218
gene_1120,0.2360612256242728,0.2435906151147147,0.3214840992454951,0.1988640600155172
gene_1121,0.2299235439745046,0.2535281418251147,0.2888936097954407,0.2276547044049399
gene_1122,0.2556427182048769,0.2993921214897774,0.2757137400069921,0.1692514202983536
gene_1123,0.2481350950515834,0.212974530673672,0.2896021606094255,0.2492882136653189
gene_1124,0.2403362628230996,0.3085630653045293,0.2360218146192272,0.2150788572531438
gene_1125,0.1424502084881284,0.1937588370705893,0.3365168098651113,0.3272741445761708
gene_1126,0.2111531635836919,0.2554560496250553,0.2347641213776699,0.2986266654135827
gene_1127,0.251958386490332,0.2730755989084602,0.3234466370287206,0.1515193775724871
gene_1128,0.2396461010923297,0.2120194343295584,0.2363697023351636,0.3119647622429482
gene_1129,0.2477185308523636,0.1983619996413025,0.3298364510806984,0.2240830184256354
gene_1130,0.1711574685875291,0.3061958659603794,0.1975829869361581,0.3250636785159331
gene_1131,0.2561988160468043,0.190381419409023,0.2489653637739199,0.3044544007702527
gene_1132,0.2429323679783379,0.2116664937484375,0.2658477177452723,0.2795534205279522
gene_1133,0.2818886398169395,0.2458743260169218,0.2309026719410528,0.2413343622250857
gene_1134,0.2357029462586186,0.2541496216687335,0.345450726804291,0.1646967052683567
gene_1135,0.1947561836649192,0.2765172810386921,0.2784661590779533,0.2502603762184351
gene_1136,0.3253730934399786,0.2411719337600688,0.2279399540242806,0.2055150187756718
gene_1137,0.2369397796179051,0.2165825124305701,0.2574308022322489,0.2890469057192758
gene_1138,0.2356340907351694,0.2388411777702362,0.3111907575668578,0.2143339739277366
gene_1139,0.2635262284394229,0.2280403277806989,0.2406191137010754,0.2678143300788026
gene_1140,0.2122129244280572,0.2007608694679191,0.2621991860858903,0.3248270200181333
gene_1141,0.2113453403385786,0.3059137204166858,0.3078057125703402,0.1749352266743953
gene_1142,0.2899096233757668,0.2748385496048223,0.1894257672782829,0.2458260597411278
gene_1143,0.2451845677947683,0.1981203546708726,0.1867748367632005,0.3699202407711583
gene_1144,0.2267881857526954,0.2124337540094791,0.311356179469809,0.2494218807680162
gene_1145,0.1233087471526088,0.2068262040312493,0.3077203712279428,0.362144677588199
gene_1146,0.2747194435671391,0.1691342332808565,0.0606536862579474,0.4954926368940568
gene_1147,0.2027583356762592,0.2158879523584097,0.3406707685633819,0.240682943401949
gene_1148,0.2024710287193454,0.2197794816209856,0.288373869445808,0.289375620213861
gene_1149,0.2099957676202277,0.2586854210857857,0.2720876760743181,0.2592311352196684
gene_1150,0.2445185518732291,0.0808722638060366,0.3542868491925346,0.3203223351281996
gene_1151,0.2119191391511193,0.2687307798387265,0.2941790997155335,0.2251709812946206
gene_1152,0.1445512142300151,0.2203544711951788,0.287631017507035,0.3474632970677709
gene_1153,0.2287470239594362,0.2201500695591979,0.2828103925130436,0.2682925139683222
gene_1154,0.1483555505791564,0.2523871717873938,0.2257017827974432,0.3735554948360065
gene_1155,0.2621062303225722,0.2060550656227318,0.2523282747861373,0.2795104292685587
gene_1156,0.1734134245985172,0.2058860232571102,0.3405967846085455,0.2801037675358269
gene_1157,0.1992373437665907,0.2198361497419106,0.2515142514180611,0.3294122550734375
gene_1158,0.2135116439111548,0.2536855161291395,0.2845972852480204,0.2482055547116852
gene_1159,0.2036092614612242,0.2285122683934342,0.2578096770195515,0.3100687931257901
gene_1160,0.0284336113019432,0.3693999939811256,0.3819324186885071,0.220233976028424
gene_1161,0.1778509669339219,0.26597316068994,0.2238880637044298,0.3322878086717081
gene_1162,0.1557779260360284,0.325960152635228,0.2007534444781976,0.3175084768505458
gene_1163,0.2286203593790094,0.1970118529833945,0.2703156694175366,0.3040521182200595
gene_1164,0.2542820182504131,0.2527064288815068,0.2618708830342482,0.2311406698338318
gene_1165,0.2180507417729798,0.268080260776057,0.267880801914322,0.245988195536641
gene_1166,0.2810737308344229,0.2809128931598177,0.275812422427058,0.1622009535787013
gene_1167,0.2248193092889076,0.220471710825378,0.3797198842450432,0.174989095640671
gene_1168,0.2152250530881514,0.261694883715603,0.2273774205788272,0.2957026426174183
gene_1169,0.2400816060645963,0.1820047057721853,0.2231389773792062,0.3547747107840121
gene_1170,0.1162441025009374,0.2637723423916576,0.2867858514576328,0.3331977036497721
gene_1171,0.2573064081474894,0.2510726981459517,0.2421213739513409,0.2494995197552178
gene_1172,0.2365088017950183,0.3284021171655955,0.1092402810116855,0.3258488000277006
gene_1173,0.1808804768632354,0.2557197312678934,0.2708909965685376,0.2925087953003337
gene_1174,0.2260957743684075,0.2401574463871143,0.2696440733765451,0.264102705867933
gene_1175,0.2090896136375003,0.2034698871172802,0.2754393816147391,0.3120011176304803
gene_1176,0.1619789079730695,0.2459231497236076,0.2570839281772571,0.3350140141260657
gene_1177,0.2321502342975071,0.2781077228524413,0.2853571141528921,0.2043849286971592
gene_1178,0.2005598426646884,0.2317194357166009,0.2486243807981437,0.3190963408205668
gene_1179,0.2387327650581027,0.2592133777142886,0.2577493177208297,0.2443045395067788
gene_1180,0.1791028379720715,0.2340339023273769,0.2675676109912903,0.3192956487092612
gene_1181,0.2672046879303337,0.1681887442164918,0.2887895983968627,0.2758169694563117
gene_1182,0.2018664867365503,0.2645747968276001,0.2640294814120826,0.2695292350237668
gene_1183,0.1883350652519137,0.279192435119624,0.1899877736529893,0.3424847259754729
gene_1184,0.2784094462641012,0.1728265984035343,0.2767715193042482,0.2719924360281163
gene_1185,0.178241975476874,0.2674673610018511,0.2489484611335446,0.3053422023877303
gene_1186,0.2102554582450614,0.25879728404416,0.2718933363182081,0.2590539213925704
gene_1187,0.2766856919940239,0.2181191548509988,0.2655955539211376,0.2395995992338396
gene_1188,0.2527492509471862,0.2374506279173906,0.2511034256671481,0.2586966954682751
gene_1189,0.2304714707352011,0.2243903135970743,0.1738909373631249,0.3712472783045997
gene_1190,0.1224211763035109,0.241163982167365,0.3467188746024546,0.2896959669266694
gene_1191,0.2352903001390453,0.2713693857573388,0.2378176745590173,0.2555226395445985
gene_1192,0.1552274907862361,0.2440789591919123,0.2909993147974068,0.3096942352244446
gene_1193,0.207038160082619,0.2311863615140299,0.2972966013891779,0.2644788770141731
gene_1194,0.2722386104630813,0.1814098560793934,0.2720236303507282,0.2743279031067971
gene_1195,0.2795142097732123,0.2324679580172977,0.2880618536104373,0.1999559785990526
gene_1196,0.2551772925240019,0.2165231649947106,0.2559795548926723,0.2723199875886151
gene_1197,0.2457272345540921,0.2292587007751075,0.3270663187603875,0.1979477459104129
gene_1198,0.2265189941495261,0.2249426205767317,0.2655073483452356,0.2830310369285066
gene_1199,0.2097826379937742,0.2162043456762973,0.3362987835111021,0.2377142328188261
gene_1200,0.1336939347408861,0.3001981164701812,0.3009429889963728,0.2651649597925598
gene_1201,0.1744482148080108,0.221906314829435,0.3550432069699812,0.2486022633925729
gene_1202,0.2293130646379064,0.2310954185069354,0.2536245398948488,0.2859669769603094
gene_1203,0.2424430599515364,0.221930574029342,0.1790679348284322,0.3565584311906893
gene_1204,0.1923178804872609,0.193170782137058,0.3270543034589502,0.2874570339167308
gene_1205,0.2878626163255982,0.2033412243987145,0.2690926235460799,0.2397035357296073
gene_1206,0.2483650153424554,0.2605298716208368,0.2752821491317773,0.2158229639049304
gene_1207,0.2613607872527556,0.200441183475654,0.3066943537661245,0.2315036755054658
gene_1208,0.2793833129327743,0.133295549322667,0.2510035133914343,0.3363176243531243
gene_1209,0.2284490387934682,0.2639296427069854,0.278159345682418,0.2294619728171284
gene_1210,0.2898916693995272,0.2402822779582542,0.2518578763797984,0.21796817626242
gene_1211,0.2375250514696071,0.2567058953279533,0.2695261219066365,0.2362429312958031
gene_1212,0.2452099645684148,0.2494102899387901,0.2632234639117133,0.2421562815810817
gene_1213,0.3105478996750771,0.0792174801995665,0.3085473340510493,0.3016872860743069
gene_1214,0.2360164215723061,0.2488849644202645,0.2634719900305047,0.2516266239769246
gene_1215,0.166784500212869,0.2356163054851069,0.2832309225327846,0.3143682717692393
gene_1216,0.2184131050551886,0.314486098849808,0.1901093140113382,0.2769914820836651
gene_1217,0.2311977143156238,0.223452797297756,0.2728129651523853,0.2725365232342349
gene_1218,0.2205071980015797,0.2501891015115927,0.2161814045351587,0.3131222959516688
gene_1219,0.1946512113751475,0.1796853744010178,0.3192824255288729,0.3063809886949617
gene_1220,0.2547555412945363,0.2967009188825779,0.243149338891705,0.2053942009311808
gene_1221,0.1754818360956121,0.2007839974780252,0.3087902061360023,0.3149439602903603
gene_1222,0.220605380843175,0.2893270025532413,0.2886588146793741,0.2014088019242094
gene_1223,0.2031771434570388,0.3107866306219295,0.2665339270728636,0.219502298848168
gene_1224,0.2444640820338786,0.1260412925868668,0.2298658683304101,0.3996287570488444
gene_1225,0.2471029824677495,0.2454477964309888,0.3015123662802674,0.2059368548209941
gene_1226,0.1844048608161127,0.270327809551992,0.3406973802148959,0.2045699494169992
gene_1227,0.186883906187735,0.2916809755003012,0.2823095278818765,0.2391255904300872
gene_1228,0.1657495577703423,0.2520812342963893,0.3083426907177762,0.2738265172154921
gene_1229,0.2377266089921683,0.2740853172216582,0.2038084501763474,0.2843796236098259
gene_1230,0.2015422858562181,0.2344281754277929,0.2931012129758532,0.2709283257401356
gene_1231,0.2603108877652727,0.1983481632936868,0.3174275530997072,0.2239133958413331
gene_1232,0.2965588662581423,0.2535221184228496,0.2647729736222577,0.1851460416967503
gene_1233,0.2168839731349502,0.3027868433157131,0.3038295060545667,0.1764996774947698
gene_1234,0.1551871027636079,0.331173442081243,0.2361077760474806,0.2775316791076683
gene_1235,0.2945673336248513,0.1743688961713909,0.2081029079897198,0.3229608622140378
gene_1236,0.24886662544874,0.2808440178926208,0.2472793133078981,0.2230100433507409
gene_1237,0.2314290269150223,0.2401000867457709,0.2716500017119325,0.2568208846272742
gene_1238,0.2749162758853413,0.2377013699727241,0.2333944781113397,0.2539878760305949
gene_1239,0.1698682313052437,0.2819347021390917,0.2673622321803539,0.2808348343753105
gene_1240,0.2307344535363854,0.2187402483166949,0.2482568078045291,0.3022684903423905
gene_1241,0.2710575995339648,0.0030764966498335,0.3864893384221376,0.339376565394064
gene_1242,0.1743419429470072,0.2889739444369133,0.3454622387057339,0.1912218739103455
gene_1243,0.2637956208816908,0.212940205490871,0.2880313032208166,0.2352328704066213
gene_1244,0.2899860751900418,0.2337605669829789,0.2531123012932527,0.2231410565337265
gene_1245,0.2410023723612493,0.2319242251299687,0.2680025447554016,0.2590708577533804
gene_1246,0.2216136453783045,0.242349342699903,0.2053645413606295,0.3306724705611627
gene_1247,0.2061439066763297,0.2810120090067467,0.263900762545197,0.2489433217717264
gene_1248,0.2206875955064096,0.2740659186597796,0.2639898790317542,0.2412566068020565
gene_1249,0.2623756260419487,0.2500647500235162,0.2225285289305251,0.26503109500401
gene_1250,0.1904589389641664,0.4132396955604488,0.3408775181429695,0.0554238473324151
gene_1251,0.19682077026804,0.241553493152166,0.2797395288073545,0.2818862077724393
gene_1252,0.1613861257873028,0.2423486486315825,0.3078698614430821,0.2883953641380326
gene_1253,0.2326842274459359,0.2233580878669434,0.2469146259172931,0.2970430587698276
gene_1254,0.2320676729571008,0.2686282145991719,0.2548246311354257,0.2444794813083015
gene_1255,0.2087000583579961,0.2398600052316937,0.1763101678183189,0.3751297685919911
gene_1256,0.2559428225459679,0.2684897123652364,0.2420301688224706,0.2335372962663249
gene_1257,0.1943667693427608,0.2453707852429739,0.3351408737566325,0.2251215716576326
gene_1258,0.2004781795513588,0.2573096380036101,0.2995154823236463,0.2426967001213847
gene_1259,0.2552226919750687,0.2342399452005188,0.2599500170359354,0.2505873457884768
gene_1260,0.3667143503137358,0.039998506375961,0.3095064500565335,0.2837806932537695
gene_1261,0.3275764147571711,0.2164406920570762,0.1862462789744027,0.2697366142113499
gene_1262,0.2220139430290305,0.2595417997641187,0.2941815512247906,0.2242627059820602
gene_1263,0.215660615451551,0.203479056032695,0.2976881171384789,0.2831722113772749
gene_1264,0.1777973083689267,0.2908629913048702,0.2578653870427458,0.2734743132834571
gene_1265,0.1670706031449276,0.2055588434251491,0.2558482932638366,0.3715222601660866
gene_1266,0.2437039530301507,0.204154717352272,0.2630221933724316,0.2891191362451457
gene_1267,0.1748786431432376,0.2531874935234227,0.3240729313030888,0.2478609320302509
gene_1268,0.2192696631826096,0.2563692171768116,0.2462610110951553,0.2781001085454233
gene_1269,0.183861358627369,0.1478222418236116,0.2542896714594306,0.4140267280895888
gene_1270,0.136940429356522,0.2757547273148704,0.2557228133273757,0.3315820300012317
gene_1271,0.2357034114065421,0.2400586102545416,0.2640393718039223,0.2601986065349939
gene_1272,0.1601707663125602,0.2347190901901135,0.2884464618089954,0.3166636816883307
gene_1273,0.2045524789203488,0.2346249897583913,0.2325855285909735,0.3282370027302863
gene_1274,0.1608092772188998,0.2765958462889265,0.2697669362758865,0.2928279402162871
gene_1275,0.1968256836235901,0.2653948158994461,0.242590713912553,0.2951887865644108
gene_1276,0.235692831274255,0.2017778834930093,0.3208487092538122,0.2416805759789234
gene_1277,0.2144205718318865,0.2322559455424004,0.2369779535668973,0.3163455290588157
gene_1278,0.2926795523979582,0.2171795423498978,0.1888096676617476,0.3013312375903962
gene_1279,0.2186441332754051,0.304336709325795,0.2504216662105745,0.2265974911882254
gene_1280,0.1981043595859307,0.1929310975069014,0.3409991901925275,0.2679653527146402
gene_1281,0.1726203706661688,0.2300496188687477,0.2870136599418826,0.3103163505232006
gene_1282,0.2456252653937498,0.2001237891922703,0.3357037181015026,0.2185472273124772
gene_1283,0.2825446009743975,0.2169323141625102,0.2825098378260419,0.2180132470370503
gene_1284,0.1741541832600749,0.2015465407174939,0.2698735538303832,0.3544257221920479
gene_1285,0.2110688886102163,0.1605064652544415,0.3242833860967329,0.3041412600386092
gene_1286,0.1652896375192676,0.257087681192364,0.3089591951494131,0.2686634861389552
gene_1287,0.2453085936512635,0.2802008999159987,0.2385934565485994,0.2358970498841382
gene_1288,0.213721583448297,0.2515172330386265,0.2898038281057378,0.2449573554073387
gene_1289,0.2673036751388059,0.2714924442864323,0.221600114758524,0.2396037658162378
gene_1290,0.2422759707366795,0.2793168658899605,0.2335428081182098,0.24486435525515
gene_1291,0.2463750687525281,0.1356732020567837,0.3214148132732602,0.296536915917428
gene_1292,0.2386539202834441,0.2773605429086185,0.2593049803673183,0.224680556440619
gene_1293,0.2293404686105244,0.1820903116913833,0.2973271943825938,0.2912420253154985
gene_1294,0.2503326745439684,0.2125308042725798,0.3085385098662694,0.2285980113171822
gene_1295,0.2537278731408132,0.2582058960246163,0.2735105547217427,0.2145556761128277
gene_1296,0.2888300863087963,0.1276013854219524,0.2267427885536481,0.356825739715603
gene_1297,0.1931435523036636,0.1777124574791591,0.3492121171438172,0.27993187307336
gene_1298,0.3074109073976195,0.2338551962286482,0.1966571763830011,0.262076719990731
gene_1299,0.19592197980131,0.2268883700249816,0.2378010104879797,0.3393886396857284
gene_1300,0.2401274460871326,0.2109201935533533,0.3457179208445541,0.2032344395149598
gene_1301,0.1832994615866192,0.250947202927671,0.2574995316245509,0.3082538038611588
gene_1302,0.2096313007902946,0.2194959187443383,0.2262928310024899,0.3445799494628771
gene_1303,0.1868120200660139,0.1724448813718943,0.2809606651437161,0.3597824334183755
gene_1304,0.204845855485323,0.194367540715123,0.2992016029792536,0.3015850008203001
gene_1305,0.1230480433223752,0.3270979693376084,0.2630124428241341,0.2868415445158822
gene_1306,0.2745632317801052,0.3282304622700415,0.1479021888001442,0.249304117149709
gene_1307,0.3083683751847905,0.0392420854147362,0.3619901130282584,0.2903994263722149
gene_1308,0.2218630370176064,0.2578624291521309,0.2473360365122778,0.2729384973179847
gene_1309,0.1805013654917473,0.3105035367623151,0.2503296204927225,0.258665477253215
gene_1310,0.2731021420848544,0.2526456490120767,0.2117845611417307,0.2624676477613382
gene_1311,0.2212875009034596,0.278125078800151,0.3078709289802185,0.1927164913161708
gene_1312,0.2290007103949059,0.2434800828991923,0.2702330125273283,0.2572861941785733
gene_1313,0.3018209889303604,0.1816824764324618,0.2443881262284752,0.2721084084087025
gene_1314,0.2151909065270028,0.2883603692566684,0.2482864820277272,0.2481622421886014
gene_1315,0.2185818886235453,0.2542837281244756,0.2689774874811516,0.2581568957708274
gene_1316,0.2193028983261131,0.2413219378524437,0.1764892780416565,0.3628858857797866
gene_1317,0.2737336942931001,0.2511383759468026,0.2091644255558689,0.2659635042042283
gene_1318,0.2502889710716395,0.2167561081003981,0.2221537626518677,0.3108011581760945
gene_1319,0.1702327617538753,0.2174369041493796,0.2548656963753565,0.3574646377213885
gene_1320,0.2773522820167164,0.2030559247987886,0.1957032760544497,0.3238885171300452
gene_1321,0.208003077641214,0.3318168569904316,0.2035947129982686,0.2565853523700857
gene_1322,0.1446028883436014,0.2500969433823638,0.3240084754768888,0.2812916927971459
gene_1323,0.1912342922410888,0.2357400458617886,0.2761190618917195,0.296906600005403
gene_1324,0.2354636517096156,0.2775760445004109,0.2753475786722672,0.211612725117706
gene_1325,0.2203518250588479,0.1970442596179757,0.3367344428048282,0.245869472518348
gene_1326,0.2366125966400536,0.2608832234922201,0.3111440704456948,0.1913601094220314
gene_1327,0.2082180756426342,0.278627840989035,0.2449529209071517,0.268201162461179
gene_1328,0.2196106418248077,0.1821101523152645,0.3152365245859161,0.2830426812740115
gene_1329,0.2131672531669678,0.2577138128858117,0.2576480225060766,0.2714709114411438
gene_1330,0.1972949956506506,0.2328251935183436,0.3102664228886944,0.2596133879423114
gene_1331,0.2480489385738557,0.2678610744571404,0.2858356514883678,0.1982543354806359
gene_1332,0.1818877321124684,0.2564843993351517,0.2427794912733174,0.3188483772790623
gene_1333,0.2505756059709837,0.2402029773024919,0.2676578537909284,0.241563562935596
gene_1334,0.1739390144406273,0.2303527369009584,0.309537866031236,0.2861703826271781
gene_1335,0.2400069506080987,0.2459839150679631,0.3865725250507724,0.1274366092731657
gene_1336,0.1456809454802153,0.3511972180993469,0.2716662267126063,0.2314556097078315
gene_1337,0.2435730629116922,0.2703775489233953,0.2574558726700603,0.228593515494852
gene_1338,0.2033324945643158,0.2142110563048375,0.4034895348626164,0.1789669142682302
gene_1339,0.2065416916607013,0.1997829164054402,0.3090291104116731,0.2846462815221853
gene_1340,0.2387118915305493,0.2457351027789349,0.2544913019826152,0.2610617037079004
gene_1341,0.2485263050911278,0.2767520000706581,0.2549634383610912,0.219758256477123
gene_1342,0.2296254932058465,0.1890704373066539,0.3489597559667907,0.232344313520709
gene_1343,0.2498390614994789,0.2295766461432267,0.2383427231944467,0.2822415691628476
gene_1344,0.2246787062115539,0.2019229358116321,0.2763428753649461,0.2970554826118679
gene_1345,0.1819291580498956,0.2548024195593812,0.2958142567417986,0.2674541656489244
gene_1346,0.1766369076591502,0.3278734979296869,0.208937883564918,0.2865517108462447
gene_1347,0.2191559472765235,0.2779551128181643,0.2526239916808772,0.2502649482244349
gene_1348,0.2423264229255727,0.2442256914778133,0.2097978339148504,0.3036500516817635
gene_1349,0.277834028533813,0.2736821532616591,0.1579188749398228,0.2905649432647049
gene_1350,0.2250173991419491,0.256529794874645,0.282355950192255,0.2360968557911506
gene_1351,0.231719459549506,0.1801651802406038,0.1830567451027206,0.4050586151071694
gene_1352,0.2334050095237627,0.2394769428354923,0.2537391019468569,0.273378945693888
gene_1353,0.3584993989535507,0.4144221285651088,0.1678122083327213,0.0592662641486193
gene_1354,0.2071866482418227,0.2209417037464061,0.3071403818079149,0.2647312662038563
gene_1355,0.1957395036329847,0.1735447158331749,0.3978103771546246,0.2329054033792158
gene_1356,0.2238419385919594,0.2637651159705599,0.1857670177460953,0.3266259276913854
gene_1357,0.279430734397988,0.2526983674541592,0.1838138377210622,0.2840570604267906
gene_1358,0.2154045101222938,0.2577634489575456,0.3243503404303539,0.2024817004898066
gene_1359,0.2175902801470937,0.269335697454673,0.2212644500033356,0.2918095723948974
gene_1360,0.2147655683749827,0.2679865243158251,0.2587120781934283,0.2585358291157637
gene_1361,0.2358145020204807,0.1825848032119148,0.222241553642785,0.3593591411248193
gene_1362,0.2059779404554292,0.2735224748350374,0.2580428754284437,0.2624567092810898
gene_1363,0.2819816189701934,0.1819603804248029,0.2245590810145586,0.311498919590445
gene_1364,0.2309270202730684,0.2729374091482564,0.2231772504152473,0.2729583201634277
gene_1365,0.2135406130814235,0.2511962739651829,0.2857812611232058,0.2494818518301878
gene_1366,0.2001639924428374,0.2579630660517838,0.2989929920788275,0.2428799494265512
gene_1367,0.2354734914981053,0.229220378562643,0.2126442919573233,0.3226618379819284
gene_1368,0.2388266274306494,0.1934022299701931,0.2605114384649144,0.307259704134243
gene_1369,0.1885749838439797,0.1926993556757918,0.3139498063884396,0.3047758540917889
gene_1370,0.2979114347894693,0.17080464747238,0.2775510553427208,0.2537328623954299
gene_1371,0.2442321605469729,0.2883233276728517,0.2953821682649387,0.1720623435152367
gene_1372,0.2348069438652299,0.2619996603280272,0.2830860943667104,0.2201073014400323
gene_1373,0.2532775352638882,0.179753390410973,0.2847836898933965,0.2821853844317422
gene_1374,0.197306387172678,0.2311294171761241,0.2700414414479966,0.3015227542032011
gene_1375,0.2048834651366397,0.2658473723967144,0.2829884408849862,0.2462807215816595
gene_1376,0.2123157920663084,0.2646634161266168,0.2414976149325924,0.2815231768744821
gene_1377,0.2127261736462286,0.2041522495596309,0.2492391828607805,0.3338823939333599
gene_1378,0.2345872450594231,0.2922942836743939,0.2528808080589308,0.2202376632072522
gene_1379,0.2397407040152352,0.164727088721368,0.3127068032206803,0.2828254040427165
gene_1380,0.2424913791319504,0.2689557457607706,0.207307979612542,0.2812448954947369
gene_1381,0.2377785885893479,0.2217316692686355,0.2286511611953197,0.3118385809466968
gene_1382,0.1798264686477493,0.2954725606439895,0.2577349600167482,0.2669660106915129
gene_1383,0.2050838167836566,0.262792864087684,0.2967783517252946,0.2353449674033647
gene_1384,0.1451815791170004,0.2755489927386732,0.3880534032425874,0.1912160249017389
gene_1385,0.239956707262742,0.2567604835663175,0.243180368721708,0.2601024404492324
gene_1386,0.1866808443956149,0.2373602949569222,0.3258465471604818,0.2501123134869811
gene_1387,0.3740966712427843,0.2962502798378529,0.2465636370168479,0.0830894119025147
gene_1388,0.3157834376939436,0.2542655052661899,0.180303999640581,0.2496470573992853
gene_1389,0.1897058849070266,0.2335438869801539,0.2505085543553781,0.3262416737574412
gene_1390,0.2568741728465399,0.249442078459474,0.1997335070391677,0.2939502416548183
gene_1391,0.1703624729962632,0.2900179928058271,0.263349662349455,0.2762698718484546
gene_1392,0.2183425367649736,0.2651572405130002,0.2382663518073367,0.2782338709146894
gene_1393,0.2961897054897793,0.2190194471581376,0.2421771733016274,0.2426136740504555
gene_1394,0.1970798386722086,0.1710121030808591,0.2355228963405125,0.3963851619064196
gene_1395,0.2121607808444087,0.2428816438134225,0.2634917247492921,0.2814658505928765
gene_1396,0.3373916371200845,0.2234648094199722,0.1545380208195188,0.2846055326404244
gene_1397,0.2502557955913017,0.2357152241828958,0.224407326008999,0.2896216542168033
gene_1398,0.2344055324221812,0.2063006243020962,0.3014579569624495,0.257835886313273
gene_1399,0.2014034352524752,0.2574966077860838,0.256853322132092,0.284246634829349
gene_1400,0.1933788613308169,0.2255878947579837,0.3493196187398968,0.2317136251713025
gene_1401,0.2082460312234204,0.1457154549258875,0.2724128812269303,0.3736256326237616
gene_1402,0.2726384747944169,0.1919492141288729,0.283037243938979,0.2523750671377311
gene_1403,0.1978119482922854,0.2802436341287787,0.3215833269722603,0.2003610906066755
gene_1404,0.2288379020186262,0.1688980829410088,0.3274030523270377,0.2748609627133272
gene_1405,0.3167703045765928,0.0079189412620087,0.398832823453334,0.2764779307080645
gene_1406,0.2495520827779837,0.2151689874038784,0.2902384482601858,0.2450404815579519
gene_1407,0.1730660362423599,0.2303580476581922,0.299393790329716,0.2971821257697318
gene_1408,0.262760930178802,0.2110417285992972,0.2934511927101321,0.2327461485117685
gene_1409,0.2175790794210612,0.1918140915647962,0.3510561027566405,0.2395507262575018
gene_1410,0.2182166277928243,0.2896493966263881,0.2482453904733121,0.2438885851074754
gene_1411,0.245075370057959,0.2277510041995736,0.3248012040554779,0.2023724216869895
gene_1412,0.2788524245280878,0.1469781408283321,0.3256334427188047,0.2485359919247753
gene_1413,0.2152087539212709,0.2745160011144421,0.2336643416206768,0.2766109033436101
gene_1414,0.2677235091077034,0.1664121049029659,0.2490214641394462,0.3168429218498843
gene_1415,0.2367145716390581,0.1994918426665027,0.2968122742474435,0.2669813114469956
gene_1416,0.2271697657006199,0.3280775181563432,0.2182303037788563,0.2265224123641805
gene_1417,0.2683214058094756,0.1667105060854061,0.3225069121684432,0.2424611759366749
gene_1418,0.2432768783213433,0.2429024878572424,0.245853585952362,0.2679670478690522
gene_1419,0.1479906073121761,0.287642161028223,0.3261229512847906,0.2382442803748102
gene_1420,0.2493592799500712,0.2678476459541324,0.1432753710988645,0.3395177029969318
gene_1421,0.2906305326505604,0.2044148253944142,0.2537663817926901,0.2511882601623352
gene_1422,0.1933544978260798,0.296412538912784,0.2181140190323288,0.2921189442288074
gene_1423,0.2472740977066495,0.2266406107073091,0.1995853524086934,0.3264999391773479
gene_1424,0.2127001564226524,0.2100192603394814,0.2986285078329819,0.2786520754048843
gene_1425,0.2500380946108687,0.1782808169956138,0.2870146896919536,0.2846663987015638
gene_1426,0.2179434664158532,0.227307117186432,0.2782433288742312,0.2765060875234834
gene_1427,0.2006070238833482,0.2533491468918917,0.3116199250763218,0.2344239041484381
gene_1428,0.1967989802736953,0.2078713782329586,0.3541011179809901,0.2412285235123558
gene_1429,0.2654899473369931,0.2253931225682869,0.2847489302744577,0.2243679998202621
gene_1430,0.214244143901425,0.1823553451867237,0.2986128763416999,0.3047876345701514
gene_1431,0.2452388423949163,0.2997608652709834,0.2497749970516555,0.2052252952824448
gene_1432,0.2961670088545463,0.3119522898685902,0.2557020800317674,0.136178621245096
gene_1433,0.2236732731635696,0.2499852541671797,0.2077059021594756,0.3186355705097749
gene_1434,0.1902953598054187,0.3167980607865177,0.221328990506969,0.2715775889010945
gene_1435,0.2085938114613622,0.2642933712441363,0.2529280831165332,0.2741847341779683
gene_1436,0.1563250969144155,0.2140340999954083,0.3154898353034907,0.3141509677866853
gene_1437,0.1874433615696926,0.2304001466902409,0.3364658878687812,0.2456906038712852
gene_1438,0.1676712055243724,0.2440263091448298,0.2494184245052463,0.3388840608255513
gene_1439,0.258531380615661,0.2253183131922666,0.2570090859651837,0.2591412202268885
gene_1440,0.1902173884998055,0.2570683531793183,0.245960820640296,0.3067534376805799
gene_1441,0.2774499292368015,0.212662678151885,0.3223350303103474,0.187552362300966
gene_1442,0.1608722928042474,0.2385846228439097,0.3434779290114168,0.2570651553404259
gene_1443,0.0820129495960442,0.2972817893864045,0.2054645138648432,0.4152407471527081
gene_1444,0.2515251062772905,0.2636607070541693,0.2602591353288596,0.2245550513396805
gene_1445,0.2019493577579436,0.260147976943859,0.2958535430250764,0.2420491222731209
gene_1446,0.1385573768151788,0.2260755831814642,0.2716525233573071,0.3637145166460497
gene_1447,0.2623938239119994,0.1989893727651607,0.331550556074595,0.2070662472482448
gene_1448,0.2536793850063852,0.2672891902612362,0.2373276180730274,0.2417038066593512
gene_1449,0.2645307220046911,0.2659585558831291,0.2573889375843082,0.2121217845278715
gene_1450,0.2744382531319462,0.0171714217556381,0.3551256515001739,0.3532646736122417
gene_1451,0.2631732372152184,0.2405835583643492,0.2098482387295029,0.2863949656909293
gene_1452,0.2463951194608791,0.3249658611883789,0.2508109067211809,0.1778281126295609
gene_1453,0.3133413347348402,0.1481726346581839,0.1969504059227987,0.3415356246841771
gene_1454,0.1478795140010965,0.2419402341841119,0.2454873394720238,0.3646929123427678
gene_1455,0.2179063733751214,0.1875357764452146,0.3474386979518722,0.2471191522277918
gene_1456,0.2215074749788396,0.2026113153786868,0.3237501010596113,0.2521311085828621
gene_1457,0.2789359410483994,0.2691523317081884,0.226391311160917,0.225520416082495
gene_1458,0.0610840037369718,0.1987673901195314,0.361689193694398,0.3784594124490985
gene_1459,0.2098994359400324,0.2563426685946852,0.2444546011483109,0.2893032943169714
gene_1460,0.2241274241054602,0.2825070876785047,0.286140020640465,0.20722546757557
gene_1461,0.2051480723700972,0.3000629054564069,0.2417129976459016,0.2530760245275942
gene_1462,0.1878553223563611,0.2491587120694523,0.258145856951063,0.3048401086231236
gene_1463,0.2103500738692527,0.2936454520954023,0.2732337971521294,0.2227706768832156
gene_1464,0.2915949514139155,0.2567190000005614,0.1773818815730356,0.2743041670124873
gene_1465,0.2111403877337207,0.2438007170500425,0.2515715637776904,0.2934873314385464
gene_1466,0.2361126308968623,0.2452295429916762,0.2745816685457937,0.2440761575656676
gene_1467,0.2032881093147294,0.2667855053467631,0.2861619287197923,0.2437644566187151
gene_1468,0.2077081444454688,0.2433186168043628,0.2924924471211849,0.2564807916289835
gene_1469,0.1611765364740892,0.3053115970068432,0.1691525311445779,0.3643593353744896
gene_1470,0.240235329409395,0.2440297905743749,0.2700220651820158,0.2457128148342143
gene_1471,0.2519232304734812,0.1843628777568622,0.3395549307908174,0.224158960978839
gene_1472,0.2096247649567406,0.2494060276288009,0.2690542708639794,0.2719149365504791
gene_1473,0.2137543774135428,0.2966433622954985,0.3762565195555023,0.1133457407354564
gene_1474,0.254071521570846,0.2048420022253465,0.286920135552321,0.2541663406514864
gene_1475,0.248864426754796,0.3088459916062122,0.1058136891885485,0.3364758924504433
gene_1476,0.266460590226764,0.1947726045854818,0.2553970486291985,0.2833697565585557
gene_1477,0.1935245621963234,0.2295805770560757,0.2488663573993526,0.3280285033482482
gene_1478,0.3952344965227941,0.1953435573238259,0.311217117949242,0.0982048282041378
gene_1479,0.2140151001313656,0.2606318849653566,0.3055040316616536,0.2198489832416242
gene_1480,0.266759715671122,0.2675503422521174,0.2929549296672932,0.1727350124094673
gene_1481,0.2847757954935931,0.2646098728368348,0.2746183005504701,0.1759960311191019
gene_1482,0.2552814633938705,0.2075454356993127,0.300296560769201,0.2368765401376157
gene_1483,0.1727439254566138,0.2142725867245639,0.2071951679686156,0.4057883198502065
gene_1484,0.1950221273396876,0.2378111769171302,0.2790738350129241,0.288092860730258
gene_1485,0.2207754566953998,0.2887028091008325,0.2489232895380501,0.2415984446657174
gene_1486,0.264121250634093,0.2057996843814456,0.2524027774833975,0.2776762875010638
gene_1487,0.210807017718568,0.1929762797020755,0.2916976887297262,0.3045190138496301
gene_1488,0.3041706959005887,0.2224325704398037,0.2495532269656818,0.2238435066939257
gene_1489,0.2835699874475925,0.2635594992331214,0.0771798146795176,0.3756906986397684
gene_1490,0.2790875955908772,0.1978458990105258,0.2403777737637028,0.282688731634894
gene_1491,0.2074479971577258,0.2530050674406746,0.2991232850980121,0.2404236503035873
gene_1492,0.2492189006621523,0.1770074169899373,0.3058999984207314,0.2678736839271789
gene_1493,0.2400928573050883,0.2547133518980448,0.2759204934527451,0.2292732973441218
gene_1494,0.379129048933712,0.199232221466185,0.2392537869326086,0.1823849426674943
gene_1495,0.201146013542212,0.1608391670753035,0.3316621630259018,0.3063526563565826
gene_1496,0.2039371741120767,0.234459234229557,0.3211214655978473,0.2404821260605188
gene_1497,0.1804432581697326,0.1609895133967792,0.3061219120790727,0.3524453163544153
gene_1498,0.2234330772212456,0.2336576924558898,0.2711433440278257,0.2717658862950389
gene_1499,0.2370274553163756,0.2400865015651432,0.2716316253904752,0.2512544177280059
gene_1500,0.2155526587356135,0.2838209719841632,0.2351345040012821,0.2654918652789411
gene_1501,0.188629645553681,0.231526753832635,0.3443091870939112,0.2355344135197727
gene_1502,0.181611048989312,0.2633372797150413,0.2068053942230236,0.348246277072623
gene_1503,0.3988837443775655,0.3963822752527774,0.1660798512774006,0.0386541290922565
gene_1504,0.2353370516429112,0.2688137827786918,0.2291986946903331,0.2666504708880637
gene_1505,0.2532033832632189,0.2112281772288919,0.2773511176963008,0.2582173218115883
gene_1506,0.2178422417243117,0.2255441155211104,0.2554632268103493,0.3011504159442285
gene_1507,0.165513319797621,0.249770403453111,0.3128247495407363,0.2718915272085316
gene_1508,0.1752829555916178,0.2776366174795985,0.2684404539566064,0.2786399729721772
gene_1509,0.1786920635497111,0.2272162361496626,0.304377264427254,0.2897144358733723
gene_1510,0.1965319713785326,0.2239714923797083,0.3408777778696857,0.2386187583720733
gene_1511,0.2482808988977344,0.3057066310231816,0.2470764952620593,0.1989359748170246
gene_1512,0.2507461258176252,0.2271215146409249,0.2762104867511435,0.2459218727903064
gene_1513,0.2353696129231879,0.2257852147907647,0.2843671569612492,0.2544780153247981
gene_1514,0.2731523441389966,0.2721304242630909,0.2257692647322447,0.2289479668656676
gene_1515,0.1188949500907077,0.1862957689329583,0.2958632329126949,0.3989460480636389
gene_1516,0.2914659280104542,0.1662167925401207,0.2558938105908923,0.2864234688585329
gene_1517,0.1990176574289597,0.2719948040862193,0.2574390746685827,0.2715484638162382
gene_1518,0.1435216210197218,0.2538046225541565,0.3056594826614014,0.2970142737647201
gene_1519,0.2049139963042589,0.2560331683462736,0.3038448045583365,0.2352080307911307
gene_1520,0.2789587768880569,0.2263311789059294,0.1797629750425181,0.3149470691634956
gene_1521,0.2469976277721909,0.2515889271493396,0.2573546034113176,0.2440588416671518
gene_1522,0.236403554982895,0.1810420423266645,0.2895628499294502,0.2929915527609902
gene_1523,0.3206266040203819,0.2381921857317597,0.1789188412805698,0.2622623689672884
gene_1524,0.2864192403725949,0.2765224530938935,0.1602825298836662,0.2767757766498452
gene_1525,0.2518244784218599,0.1281782329375723,0.3178795363592244,0.3021177522813433
gene_1526,0.1663787015350313,0.2153009963036775,0.3304341888458388,0.2878861133154523
gene_1527,0.2197677106039384,0.2374641903505713,0.2533653363583186,0.2894027626871716
gene_1528,0.182857898336736,0.3597959818416662,0.1789611370608261,0.2783849827607717
gene_1529,0.2593208497163458,0.2774235003253593,0.1761820859990163,0.2870735639592783
gene_1530,0.17118676698485,0.2372635298879882,0.2703451166882518,0.3212045864389099
gene_1531,0.2393531328739282,0.2615762523390557,0.23925439633833,0.2598162184486861
gene_1532,0.2089258873671259,0.2317306429033819,0.2577722686699759,0.3015712010595162
gene_1533,0.2722053021469893,0.1941801386038835,0.3036599375645442,0.2299546216845828
gene_1534,0.2118359332592674,0.2449893614762182,0.2792512642306673,0.2639234410338472
gene_1535,0.2056258357211642,0.2475463890744239,0.2689631329556731,0.2778646422487387
gene_1536,0.2237014897992507,0.2115226407977201,0.2592243786346161,0.3055514907684128
gene_1537,0.1805201001542829,0.2295558144302657,0.1994589330020162,0.390465152413435
gene_1538,0.1944823825944703,0.2530795457311707,0.2780873532439004,0.2743507184304584
gene_1539,0.2030539760880292,0.1194527578835136,0.2572153736609811,0.420277892367476
gene_1540,0.3948067073275878,0.1185746528510145,0.288755546532175,0.1978630932892225
gene_1541,0.271559927334321,0.2192157338423298,0.2287470891351032,0.280477249688246
gene_1542,0.1705354325406424,0.2115861076253677,0.2972398893864407,0.320638570447549
gene_1543,0.2184893736075191,0.2132916954438488,0.3243843340137318,0.2438345969349003
gene_1544,0.229256412366781,0.2253425030197366,0.2717882882594006,0.2736127963540816
gene_1545,0.2372828413444008,0.2806770348257156,0.2528156387098557,0.2292244851200278
gene_1546,0.2124533735095176,0.2174333677284547,0.3329096616852228,0.2372035970768047
gene_1547,0.2299246134551454,0.2415330299049902,0.1687709235171927,0.3597714331226717
gene_1548,0.2014114770878006,0.2528316107154619,0.3251568775816498,0.2206000346150876
gene_1549,0.2365681221172323,0.1677667197409317,0.3084614391750492,0.2872037189667866
gene_1550,0.1868749027469438,0.2712287680443461,0.2796282918626629,0.2622680373460471
gene_1551,0.2793976228246211,0.2549982938696509,0.2134699793644307,0.2521341039412973
gene_1552,0.2157183294367657,0.2000313402760277,0.3501111996444099,0.2341391306427966
gene_1553,0.2268436960762597,0.2204419379264752,0.2568162310048462,0.2958981349924187
gene_1554,0.2302042381569841,0.1836596692990378,0.3312506924591465,0.2548854000848315
gene_1555,0.282386907213537,0.2128791473952016,0.2509493565324322,0.2537845888588291
gene_1556,0.2136798709614161,0.2539955463246239,0.2198367351700136,0.3124878475439461
gene_1557,0.1766355508207403,0.2537559997710074,0.3028482707033821,0.26676017870487
gene_1558,0.3673134237423161,0.258534573786668,0.1520742503886776,0.2220777520823383
gene_1559,0.246793739451643,0.2642297196656573,0.1828759553653165,0.3061005855173832
gene_1560,0.2807031825975074,0.2062529082531061,0.1952086560107466,0.3178352531386398
gene_1561,0.2145893565610006,0.2418094417586493,0.3223305710930936,0.2212706305872564
gene_1562,0.1522920221165022,0.2576462821100403,0.3051511119110253,0.2849105838624319
gene_1563,0.2685815367384238,0.1907938410821269,0.2779991103207174,0.2626255118587318
gene_1564,0.2700330896927291,0.2210298791262046,0.2775593238218632,0.2313777073592029
gene_1565,0.2415432567421178,0.2495661444379464,0.2946380347372347,0.2142525640827011
gene_1566,0.2450272309008127,0.2332654087799809,0.2698647004171532,0.2518426599020529
gene_1567,0.1949183531970094,0.2173268808986061,0.2630152229891098,0.3247395429152747
gene_1568,0.2116812678448808,0.298577090159808,0.2110862333917736,0.2786554086035375
gene_1569,0.1978258765561269,0.2801542379593054,0.2689064989977806,0.253113386486787
gene_1570,0.2137249698738968,0.1619136586908524,0.2704045422060944,0.3539568292291562
gene_1571,0.2511574054518429,0.2313027713332241,0.2387812769634768,0.278758546251456
gene_1572,0.2213932721927089,0.2388710533338346,0.259486581274597,0.2802490931988592
gene_1573,0.1853138942942299,0.2571035410672487,0.2641279882259225,0.2934545764125988
gene_1574,0.2687515131109395,0.2219790996476064,0.1974408275174593,0.3118285597239946
gene_1575,0.206704800915818,0.2214495147023843,0.2815302969542513,0.2903153874275462
gene_1576,0.2600809876019874,0.2023317672502531,0.2422874544628643,0.2952997906848953
gene_1577,0.2542455357445892,0.2684199455569218,0.2937772494181024,0.1835572692803864
gene_1578,0.25618756126295,0.1358275322191153,0.2969023855981267,0.3110825209198079
gene_1579,0.2428689747625421,0.2116928691250723,0.2959708825851625,0.2494672735272229
gene_1580,0.2004049955201796,0.2656182389626407,0.2750705147849761,0.2589062507322036
gene_1581,0.2266573020080322,0.2329854913943181,0.3089975805748252,0.2313596260228245
gene_1582,0.2498329868176385,0.2069564429488172,0.2696713782645492,0.2735391919689949
gene_1583,0.2199484643435874,0.2652681437608632,0.2536223312876527,0.2611610606078967
gene_1584,0.2478201359031017,0.2754919753066195,0.2350401018323812,0.2416477869578976
gene_1585,0.2336926488852478,0.208414525786952,0.2653942907059909,0.2924985346218092
gene_1586,0.3052286532655504,0.2140179495621978,0.1956310788356809,0.2851223183365707
gene_1587,0.0972129486931994,0.0202543557384689,0.4639764217454024,0.4185562738229292
gene_1588,0.3615060593283881,0.1209449452710331,0.2244008746426059,0.2931481207579727
gene_1589,0.249639346592921,0.253444122654348,0.2497877948681978,0.2471287358845331
gene_1590,0.3270523980569892,0.1961657533808828,0.2370021825294112,0.2397796660327166
gene_1591,0.2174955968062457,0.2386855296097898,0.2451976578154751,0.2986212157684892
gene_1592,0.2302094203342588,0.2543717870216085,0.3220991427133322,0.1933196499308005
gene_1593,0.2409456797469111,0.182710337110454,0.318991819594553,0.2573521635480817
gene_1594,0.2167716018263424,0.2281123270314766,0.2578500932951107,0.2972659778470703
gene_1595,0.2536877792600223,0.2808947274316554,0.2429445724853208,0.2224729208230014
gene_1596,0.3263957871072838,0.2221080494828796,0.269128362679558,0.1823678007302787
gene_1597,0.1497852595770449,0.1915473334944536,0.323695188632946,0.3349722182955554
gene_1598,0.2895228380954459,0.3177843798506884,0.1930561081719399,0.1996366738819258
gene_1599,0.2660602927740403,0.2720393347324165,0.2023077074294995,0.2595926650640437
gene_1600,0.2518679611442014,0.2365644258474268,0.2640861326659764,0.2474814803423953
gene_1601,0.216244643517478,0.2158216902210113,0.2384713113544231,0.3294623549070875
gene_1602,0.2198208629708281,0.2296261498403428,0.3009243029651483,0.2496286842236806
gene_1603,0.1500309442976418,0.2001103346004335,0.3224673158878025,0.3273914052141221
gene_1604,0.228227496402122,0.1884474729753912,0.2859944855226041,0.2973305450998826
gene_1605,0.2142535118623801,0.2060161673813348,0.3170957281158402,0.2626345926404448
gene_1606,0.1799974350467846,0.2307642803194813,0.31915320026286,0.2700850843708738
gene_1607,0.279241863813396,0.3014019294356038,0.1879722591027816,0.2313839476482184
gene_1608,0.2328032118167141,0.1991435234009057,0.2742391494053895,0.2938141153769906
gene_1609,0.1834049890209975,0.2244270470623762,0.2805029691328838,0.3116649947837424
gene_1610,0.1996479670220613,0.2234914980810932,0.2602323329965754,0.31662820190027
gene_1611,0.2087107181895748,0.2270042554419967,0.2738476023103401,0.2904374240580883
gene_1612,0.2270967735639665,0.2177631637274531,0.2665548292962612,0.2885852334123191
gene_1613,0.2152906894069775,0.2652792164184401,0.2625520167225393,0.2568780774520429
gene_1614,0.1766611169954152,0.2305424280145131,0.3101943376283239,0.2826021173617478
gene_1615,0.2151019832045631,0.2773571294964019,0.2847924313444904,0.2227484559545444
gene_1616,0.1951476303349406,0.3172932165366213,0.2176691939249853,0.2698899592034527
gene_1617,0.197276901025012,0.2322489161244478,0.2470257763988713,0.3234484064516688
gene_1618,0.1775872170851821,0.3729503161415491,0.2337677582736999,0.2156947084995689
gene_1619,0.1915131563542967,0.2915109658189528,0.2013291296433505,0.3156467481834
gene_1620,0.1625437987808712,0.2117919458004747,0.2641019063959032,0.3615623490227507
gene_1621,0.2541649744658792,0.2976871891333742,0.1613457491773564,0.2868020872233903
gene_1622,0.2036682554636768,0.2320837697765133,0.2871321777019792,0.2771157970578306
gene_1623,0.2187928481726999,0.228720928998228,0.2458010949175013,0.3066851279115706
gene_1624,0.1775505198622796,0.2420847674800693,0.3015201717695204,0.2788445408881306
gene_1625,0.1893419350725433,0.3044912499735718,0.2006455408079303,0.3055212741459546
gene_1626,0.1743333624953743,0.1711815350439513,0.3437648420954078,0.3107202603652664
gene_1627,0.2253362188830938,0.2734475435730883,0.2662325428555571,0.2349836946882607
gene_1628,0.2411065863564721,0.276544872269424,0.2388617482483867,0.2434867931257172
gene_1629,0.2363880416397382,0.2395352864887354,0.2661933512503904,0.2578833206211359
gene_1630,0.219317811989373,0.2636676103430791,0.3044156264259965,0.2125989512415512
gene_1631,0.2081995429289682,0.2323791118695586,0.279793924121573,0.2796274210799001
gene_1632,0.2003589502665473,0.2309142562813164,0.2836750816204237,0.2850517118317124
gene_1633,0.2863833235942971,0.1938402041272705,0.2276289545663383,0.2921475177120941
gene_1634,0.2214625922203215,0.2204826217649178,0.1968722545051073,0.3611825315096533
gene_1635,0.2492524321120798,0.2556834545563657,0.2644707645197517,0.2305933488118028
gene_1636,0.2283984175105674,0.2503737201677685,0.2476992683036723,0.2735285940179917
gene_1637,0.0173291626868577,0.2556825511300579,0.3938065158690059,0.3331817703140785
gene_1638,0.185392360845884,0.2623773064324181,0.2859310980585366,0.2662992346631612
gene_1639,0.2853748236143392,0.1999395215685468,0.198334490439591,0.316351164377523
gene_1640,0.2024580143095527,0.2276699672851647,0.299561915647874,0.2703101027574085
gene_1641,0.2266971599237678,0.2001526873853824,0.2427701996108174,0.3303799530800323
gene_1642,0.0442689721625403,0.3458869114038645,0.36719924669523,0.242644869738365
gene_1643,0.2037350952865442,0.2496041773658987,0.2796540552806554,0.2670066720669015
gene_1644,0.3136639739106192,0.1467801859610703,0.1991221771396945,0.340433662988616
gene_1645,0.1914485672924546,0.3064965461142973,0.3440059229408006,0.1580489636524474
gene_1646,0.2687363959835954,0.1786460784929045,0.2524320772864273,0.3001854482370727
gene_1647,0.2318391786578949,0.2739858585495523,0.256309378423539,0.2378655843690137
gene_1648,0.2305241095987333,0.2859809938108786,0.2037915135740374,0.2797033830163506
gene_1649,0.3297297731459923,0.2525490613166215,0.2122219236856161,0.2054992418517699
gene_1650,0.1909908226080955,0.2068913332081623,0.3181570934176978,0.2839607507660443
gene_1651,0.2044126568126134,0.2647522069771348,0.2506705595021584,0.2801645767080932
gene_1652,0.2342753644752279,0.2330246276117337,0.2483000856772476,0.2843999222357907
gene_1653,0.1659245435827899,0.1413070114955044,0.3710892484332432,0.3216791964884624
gene_1654,0.2017816600978198,0.2580003390865063,0.3433994492859953,0.1968185515296783
gene_1655,0.2617085147237652,0.2455260851348648,0.2370303914645791,0.2557350086767908
gene_1656,0.1622663361821929,0.3091587306400513,0.3210739236581555,0.2075010095196003
gene_1657,0.1659667811761735,0.2790118559361802,0.2648095229578904,0.2902118399297557
gene_1658,0.2607441902694964,0.2299644133475148,0.2385130699959474,0.2707783263870411
gene_1659,0.2267569540602271,0.2267951760260538,0.2762642851262502,0.2701835847874688
gene_1660,0.1931978841167272,0.2932943751221004,0.2702655178787564,0.2432422228824159
gene_1661,0.2693719817765454,0.2496459830576397,0.2980695606185598,0.1829124745472549
gene_1662,0.2268888389345598,0.353118410085358,0.1755455470757226,0.2444472039043595
gene_1663,0.2005353706578012,0.2256133297840774,0.2839334870768375,0.2899178124812838
gene_1664,0.1734857226061487,0.2807935468487901,0.2324082070682859,0.3133125234767751
gene_1665,0.2679624674767448,0.2356441964995196,0.2636722533490755,0.23272108267466
gene_1666,0.0002582371628448,0.4539761575256398,0.5165696971315556,0.0291959081799596
gene_1667,0.2073961401604593,0.2827345890986131,0.2807563210933761,0.2291129496475513
gene_1668,0.1810593646340848,0.0169416919046986,0.4655619638701281,0.3364369795910883
gene_1669,0.2590719706377972,0.1894622558367085,0.2780360530902961,0.273429720435198
gene_1670,0.2013700316503625,0.2598228922896111,0.1925600496429577,0.3462470264170688
gene_1671,0.2489339366731314,0.2340108152916796,0.2267663998581071,0.2902888481770818
gene_1672,0.1698987079589982,0.2841347120131681,0.2676105258267086,0.2783560542011249
gene_1673,0.2049193170948283,0.288792981423955,0.2431792214255181,0.2631084800556985
gene_1674,0.1565476837537028,0.2416724214453407,0.2645711949905898,0.3372086998103668
gene_1675,0.2299110150100693,0.2340260733173242,0.338606358843128,0.1974565528294784
gene_1676,0.2584841400390998,0.2519126028901061,0.3242262007351685,0.1653770563356254
gene_1677,0.2410999261113701,0.2434300511775029,0.2788055682355327,0.2366644544755941
gene_1678,0.2157850772055106,0.2056556172785174,0.306088028932046,0.272471276583926
gene_1679,0.2360389135476011,0.1961557457527279,0.3447719543133217,0.2230333863863491
gene_1680,0.2199542407101742,0.2502710339180955,0.214934834440141,0.3148398909315892
gene_1681,0.1777462017468886,0.1212586227140348,0.3624262172392515,0.3385689582998248
gene_1682,0.2344170703053371,0.2699127034153875,0.1505774750243142,0.3450927512549609
gene_1683,0.1998800256327787,0.2421719486862046,0.322921274179855,0.2350267515011617
gene_1684,0.2501165779562512,0.2172919960998065,0.2734795797195896,0.2591118462243526
gene_1685,0.2455519297202883,0.2183715387339001,0.285210652003017,0.2508658795427943
gene_1686,0.2601484580123247,0.2815147155536526,0.244164947707973,0.2141718787260496
gene_1687,0.2405088230382033,0.2605439272793377,0.240885493750571,0.2580617559318879
gene_1688,0.1940767833286079,0.2826352516751028,0.2167295750092231,0.3065583899870661
gene_1689,0.3026448691461554,0.1458037033707125,0.2727381994886151,0.2788132279945169
gene_1690,0.2415115171648519,0.2707760426902031,0.1638212033075211,0.3238912368374238
gene_1691,0.1416491526114518,0.261873600475235,0.3246979714690905,0.2717792754442225
gene_1692,0.2183856338352369,0.335875241716869,0.2467305451987765,0.1990085792491174
gene_1693,0.2555622151081075,0.2365839834832078,0.2631926904001216,0.2446611110085629
gene_1694,0.2349342819715552,0.2951007470340898,0.2289461276922879,0.241018843302067
gene_1695,0.1916042497878315,0.2350368016006448,0.304458569634173,0.2689003789773505
gene_1696,0.2235598259295107,0.249153480290302,0.2630194058041556,0.2642672879760317
gene_1697,0.2160034953462476,0.2800079783801512,0.2477774110191289,0.2562111152544721
gene_1698,0.2631171960312229,0.2243722150627748,0.2983671046157645,0.2141434842902377
gene_1699,0.3123205911012601,0.2629689547760837,0.1746590948338606,0.2500513592887957
gene_1700,0.2049529497703662,0.2494619260934467,0.2518360580533959,0.293749066082791
gene_1701,0.2382479189034241,0.3097813147576113,0.2034551684735733,0.2485155978653913
gene_1702,0.2166916142331937,0.2252728457589673,0.2979453239457661,0.2600902160620728
gene_1703,0.2413796696524125,0.2919274506275088,0.2577810025482244,0.2089118771718542
gene_1704,0.2229053561062914,0.2550735066306937,0.297511151746946,0.224509985516069
gene_1705,0.2163822361171365,0.2516689334434644,0.246577637061607,0.285371193377792
gene_1706,0.1190880223242037,0.2248827410773271,0.3444934343874566,0.3115358022110125
gene_1707,0.2353904919598126,0.2298801048024731,0.2523897165367851,0.2823396867009291
gene_1708,0.2104341213670884,0.1960115014500837,0.2368382878875498,0.356716089295278
gene_1709,0.216218515041233,0.2604423043120914,0.2541073623204074,0.2692318183262682
gene_1710,0.2933793448309861,0.219225860607473,0.2477373656298456,0.2396574289316953
gene_1711,0.2267646876199716,0.2472614071890848,0.3408536172927602,0.1851202878981833
gene_1712,0.2327101131692513,0.2232394150234292,0.2897519933909955,0.2542984784163238
gene_1713,0.2236095223754783,0.2316396608759442,0.3020760873368042,0.242674729411773
gene_1714,0.1913961234349866,0.2504229808091167,0.2608615104174461,0.2973193853384504
gene_1715,0.2078845677054343,0.2324678031507301,0.2862930821638025,0.2733545469800329
gene_1716,0.2240543742158993,0.2520815951852802,0.2486944206488027,0.2751696099500177
gene_1717,0.1771156453838762,0.2149554689498363,0.2525379073544004,0.355390978311887
gene_1718,0.1618727529415468,0.233541518407126,0.2819453536628024,0.3226403749885247
gene_1719,0.1999866331322073,0.2630630206388886,0.3129514208439604,0.2239989253849436
gene_1720,0.2384962706589684,0.2597247805534446,0.2798698097894795,0.2219091389981074
gene_1721,0.2384726058438923,0.2007148114847977,0.310921979348338,0.249890603322972
gene_1722,0.2678577021028193,0.250048566611193,0.4104299051941653,0.0716638260918223
gene_1723,0.2314117567261769,0.2299815536632589,0.2348577630022726,0.3037489266082915
gene_1724,0.1261504200230346,0.2975682989882826,0.2251048145533518,0.351176466435331
gene_1725,0.2475588708485419,0.1614050232037424,0.1756802491282466,0.4153558568194689
gene_1726,0.2006012353998142,0.2594998975789864,0.2608329812848969,0.2790658857363025
gene_1727,0.2396306672833622,0.2742990211856929,0.1972346836479131,0.2888356278830316
gene_1728,0.2179056891942397,0.2496375140088092,0.2787415541996234,0.2537152425973275
gene_1729,0.2172334896147573,0.2231699964363331,0.2828767264602073,0.2767197874887022
gene_1730,0.1596179370069384,0.18534210774223,0.3858002993593155,0.2692396558915159
gene_1731,0.0448424091307624,0.3222190550431967,0.3504471889559256,0.2824913468701152
gene_1732,0.2995442360784476,0.2316850701777507,0.2475029875914084,0.2212677061523931
gene_1733,0.24611171612808,0.1348461434102833,0.3333651948984125,0.2856769455632241
gene_1734,0.1845245161918715,0.2861241712423747,0.2009829805446036,0.32836833202115
gene_1735,0.2193515396297093,0.2940292811154042,0.2861013851900402,0.2005177940648461
gene_1736,0.300681175622423,0.2393898694474087,0.2494924600024424,0.2104364949277257
gene_1737,0.2496833371820101,0.3342577043116219,0.1730369768726612,0.2430219816337067
gene_1738,0.1839102362805773,0.2817937306729701,0.2936376940019242,0.2406583390445282
gene_1739,0.3243064619304627,0.1833793121065732,0.2493726157275894,0.2429416102353745
gene_1740,0.2330193751929914,0.2632425124196882,0.2540256160162902,0.2497124963710302
gene_1741,0.2329258062876956,0.1922653503561122,0.289007495676208,0.285801347679984
gene_1742,0.2506389921005408,0.1579346619082199,0.3089668204937327,0.2824595254975064
gene_1743,0.225434590061792,0.2478667611891968,0.2525422849529753,0.2741563637960358
gene_1744,0.169182667383152,0.2152332401916448,0.2761063489817225,0.3394777434434807
gene_1745,0.2558572731560063,0.2766043177627006,0.2307522314533332,0.2367861776279598
gene_1746,0.1728699743190599,0.2508301875467056,0.2966983167001862,0.2796015214340482
gene_1747,0.4219633896706368,0.0684814987024199,0.2317542178914251,0.2778008937355182
gene_1748,0.1960875807590323,0.2598247060454561,0.244668786530845,0.2994189266646666
gene_1749,0.2284111408996461,0.2231096857059729,0.3285048441043636,0.2199743292900171
gene_1750,0.1962859694203486,0.2556317373819915,0.2772459679919181,0.2708363252057418
gene_1751,0.2436151936481868,0.2444487571385358,0.2925518592085955,0.2193841900046817
gene_1752,0.2401567113255522,0.2985029293859556,0.2850828954045166,0.1762574638839756
gene_1753,0.2700780469180651,0.2247678786932603,0.2844863877385762,0.2206676866500984
gene_1754,0.2306126854225702,0.2739937663649381,0.2475873207429412,0.2478062274695504
gene_1755,0.2424352786779288,0.2564106699603305,0.2092451092399135,0.2919089421218271
gene_1756,0.2169988982746289,0.2684304496214224,0.2666169191159459,0.2479537329880027
gene_1757,0.24978578012367,0.2072880163812294,0.3077944429722258,0.2351317605228746
gene_1758,0.1472206084598545,0.242769231432999,0.332712981302981,0.2772971788041651
gene_1759,0.1682884118676384,0.2430868654728694,0.3058418255475802,0.2827828971119119
gene_1760,0.1933606069432202,0.285972404955595,0.2227399983785699,0.2979269897226148
gene_1761,0.2574185197509394,0.1952241034655729,0.2849031820657963,0.2624541947176912
gene_1762,0.3067691748697515,0.2145657447327422,0.1953648112319079,0.2833002691655983
gene_1763,0.177445781547368,0.1773320305253848,0.3149941228880182,0.3302280650392288
gene_1764,0.2499931189587435,0.2502759297067293,0.2718021728661975,0.2279287784683297
gene_1765,0.1714109486017292,0.2536038663384017,0.3170043614567714,0.2579808236030976
gene_1766,0.268720694403906,0.2210632403622149,0.237684669392974,0.2725313958409049
gene_1767,0.3039170978578911,0.2239105937870278,0.2046332135717293,0.2675390947833518
gene_1768,0.1830152996410897,0.1249194622077833,0.3939983553573357,0.2980668827937912
gene_1769,0.1790021367344007,0.2199355993599406,0.2814268148521035,0.319635449053555
gene_1770,0.2698290288428095,0.2664148773436735,0.2315858427552826,0.2321702510582343
gene_1771,0.2411811570097989,0.2478659410484762,0.2723059637189249,0.2386469382227999
gene_1772,0.2451223917120761,0.2264033387614966,0.2283827956458495,0.3000914738805776
gene_1773,0.1757654121057837,0.3247604689399977,0.1901891330184486,0.30928498593577
gene_1774,0.2493712443925066,0.2481764752102765,0.2481152809672217,0.254336999429995
gene_1775,0.262224240032084,0.2848353507114807,0.0770631588876518,0.3758772503687834
gene_1776,0.2101159474615567,0.2447642450942466,0.2318405676857081,0.3132792397584885
gene_1777,0.2252236631886043,0.197794334343553,0.3021722149130205,0.2748097875548219
gene_1778,0.2095632418468413,0.2074367628751852,0.3129319257335522,0.2700680695444213
gene_1779,0.2680573551313855,0.1879576640962689,0.1664002509661556,0.3775847298061899
gene_1780,0.2353810915543238,0.188914130633802,0.3171866122472723,0.2585181655646017
gene_1781,0.141579617760741,0.2396164519746452,0.2780126359118668,0.3407912943527467
gene_1782,0.2542875968056519,0.2638573042598011,0.1793318597697338,0.3025232391648131
gene_1783,0.2955383197079653,0.2040865823188509,0.2957337459430965,0.2046413520300874
gene_1784,0.2035859796283313,0.2299955733161783,0.3413588505312341,0.2250595965242562
gene_1785,0.1989206825270672,0.1905912167885657,0.4082230075660917,0.2022650931182752
gene_1786,0.1703333545485426,0.2176137746117101,0.2997914680028392,0.312261402836908
gene_1787,0.2035140781364529,0.1857035476051393,0.316207867604262,0.2945745066541458
gene_1788,0.1802012638913886,0.2885491392912648,0.291053582084446,0.2401960147329005
gene_1789,0.2326529820344836,0.1763326490726669,0.296251202087065,0.2947631668057844
gene_1790,0.2916428839869175,0.1460148661281919,0.2971899682780232,0.2651522816068673
gene_1791,0.3045041526965778,0.1876939716861495,0.1761903210156309,0.3316115546016418
gene_1792,0.1828418378058945,0.2667662107498155,0.267579304840834,0.282812646603456
gene_1793,0.2425320066857827,0.2009879187051537,0.2369215165635953,0.3195585580454682
gene_1794,0.1611901919569082,0.246369449116284,0.2887996465974612,0.3036407123293464
gene_1795,0.1904421517098556,0.2759380796523885,0.2336341423841453,0.2999856262536103
gene_1796,0.2239552559784258,0.2573117492018895,0.2747495019460191,0.2439834928736655
gene_1797,0.2425358869637769,0.2251196210256756,0.3089008298586261,0.2234436621519212
gene_1798,0.204770816506974,0.2339485213120662,0.2963297795814451,0.2649508825995145
gene_1799,0.2718997893929176,0.2831490100962426,0.247212446892874,0.1977387536179657
gene_1800,0.1910773087323713,0.244083660464106,0.1849243880521925,0.3799146427513301
gene_1801,0.2402897813004157,0.2333935470812618,0.2008766778305953,0.325439993787727
gene_1802,0.2218564425092097,0.1824837793429971,0.3032765511757001,0.2923832269720929
gene_1803,0.2109443506718134,0.2238730783715042,0.2745311229385986,0.2906514480180836
gene_1804,0.2300130146933367,0.2252152954079996,0.2576394872248778,0.2871322026737859
gene_1805,0.2237021546774464,0.2466524740133772,0.2218276897864763,0.3078176815226999
gene_1806,0.2598465980760668,0.244922675530165,0.2460621369043129,0.2491685894894553
gene_1807,0.1896126365863462,0.2345810328385658,0.3132628916039895,0.2625434389710983
gene_1808,0.2447863202228492,0.3091122169904806,0.1810976855965959,0.2650037771900741
gene_1809,0.1921993000530738,0.2106192334741073,0.3652254363205743,0.2319560301522444
gene_1810,0.2121410290416875,0.2581152780715019,0.3271474929203173,0.2025961999664931
gene_1811,0.2313716247052965,0.2902269970232595,0.316668272937693,0.1617331053337509
gene_1812,0.1857728207699242,0.272402272647201,0.2647524067741921,0.2770724998086827
gene_1813,0.2265425882250409,0.3031360237231267,0.2333946104357118,0.2369267776161203
gene_1814,0.2313089571420282,0.2840930204833632,0.2132908817507916,0.2713071406238169
gene_1815,0.1253993334058979,0.3359674167247451,0.3024075104220146,0.2362257394473423
gene_1816,0.2459096300255508,0.2752591500654336,0.2361174842677468,0.2427137356412688
gene_1817,0.2038669283680109,0.2139944925737011,0.2939367331523837,0.2882018459059042
gene_1818,0.1798562619967622,0.2298132953498754,0.315699803058681,0.2746306395946813
gene_1819,0.2114527451221734,0.2295205965226212,0.2732643733643422,0.2857622849908632
gene_1820,0.2843506049614809,0.2083387339684462,0.1977352968242614,0.3095753642458114
gene_1821,0.1690153007071065,0.230324111874611,0.2705096874367246,0.3301508999815578
gene_1822,0.1924211373685787,0.2663897091780441,0.2894271190143049,0.2517620344390722
gene_1823,0.1754681981411642,0.2036582755189756,0.354667937790366,0.2662055885494941
gene_1824,0.2493172384446748,0.1987116911527228,0.2994728534148396,0.2524982169877627
gene_1825,0.1272789720544051,0.2797394963019571,0.3116273127181275,0.2813542189255102
gene_1826,0.2288492021114667,0.2456228876760434,0.2483097390121922,0.2772181712002975
gene_1827,0.2588826531551959,0.2296601040477937,0.3002486465329312,0.2112085962640792
gene_1828,0.2874495730583015,0.2508674666333054,0.2415449085138286,0.2201380517945643
gene_1829,0.283005565344448,0.2537463596449058,0.2063623816939243,0.2568856933167219
gene_1830,0.1962699763352781,0.3084149532843969,0.2778274591128128,0.2174876112675122
gene_1831,0.221201263614966,0.2139560366697268,0.2715907844794072,0.2932519152358999
gene_1832,0.2542254737875911,0.2862688720698922,0.1961384517232348,0.2633672024192817
gene_1833,0.2267008704762126,0.2239330859910077,0.2989817022717109,0.2503843412610687
gene_1834,0.1588551763776988,0.2530193965712654,0.1690170299464772,0.4191083971045585
gene_1835,0.2326883762577762,0.196677165103751,0.2548513888892856,0.315783069749187
gene_1836,0.223020125621829,0.2560764765783319,0.2382476795793344,0.2826557182205046
gene_1837,0.2411766181485896,0.1953391700733319,0.2892929866449216,0.2741912251331568
gene_1838,0.1891582893149865,0.2484098517147411,0.2765137496036856,0.2859181093665867
gene_1839,0.2413041288553641,0.2824964170893556,0.2544085510765485,0.221790902978732
gene_1840,0.2444211336197732,0.2410219359233341,0.281045249609213,0.2335116808476795
gene_1841,0.2516613358806185,0.2014809023904458,0.2184376244843557,0.3284201372445799
gene_1842,0.2568173053458759,0.2310035511135045,0.2582730411506403,0.2539061023899792
gene_1843,0.1539126812490426,0.3235056768564348,0.2232521661240833,0.2993294757704391
gene_1844,0.20434292355171,0.2946397417612341,0.2746063032135406,0.2264110314735152
gene_1845,0.2214791573488682,0.3111964185439863,0.1585973153266926,0.3087271087804528
gene_1846,0.2067127841585068,0.2054345932024892,0.336160539379553,0.2516920832594508
gene_1847,0.2169245003733116,0.2035708483466444,0.2571409030132114,0.3223637482668325
gene_1848,0.2452697368899536,0.2052742501994818,0.311041503142506,0.2384145097680585
gene_1849,0.2560932285637994,0.3177225978522072,0.1553998393771853,0.2707843342068081
gene_1850,0.2436676751631019,0.2348229844752778,0.2146086533820931,0.306900686979527
gene_1851,0.2460005008816566,0.2751467086036685,0.2629247587752951,0.2159280317393797
gene_1852,0.166558451457333,0.265575926608672,0.3180540771505702,0.2498115447834247
gene_1853,0.3373382857068008,0.2976220217693761,0.3072405268684681,0.0577991656553549
gene_1854,0.1571858304566315,0.2020397607303186,0.3014603486759775,0.3393140601370723
gene_1855,0.279624612748247,0.2682007992393606,0.1981501496467869,0.2540244383656055
gene_1856,0.2140982610452535,0.1913719679054894,0.272982448135193,0.321547322914064
gene_1857,0.231674980952537,0.2857712836278004,0.2595924327669893,0.2229613026526733
gene_1858,0.2355752879322294,0.196263051005374,0.3245089019607123,0.2436527591016842
gene_1859,0.247133990423468,0.2221916004259698,0.2366655763561934,0.2940088327943685
gene_1860,0.1784567021250377,0.2852715306685108,0.2709475037663078,0.2653242634401436
gene_1861,0.2272578649410298,0.2135371340236588,0.2102933965148961,0.3489116045204153
gene_1862,0.2069664686251052,0.3228063273841895,0.2129055931867295,0.2573216108039758
gene_1863,0.2612052380904316,0.2227047686828175,0.3517195264889893,0.1643704667377614
gene_1864,0.2730467977249651,0.2335036731451052,0.2563888615339492,0.2370606675959804
gene_1865,0.2061593871962523,0.2294133331170181,0.3482466357366797,0.2161806439500497
gene_1866,0.291030575760951,0.3139457413334873,0.3381894474438499,0.0568342354617117
gene_1867,0.1113669925357739,0.203410576767411,0.4052765096444927,0.2799459210523222
gene_1868,0.0192279229715269,0.4414210441298689,0.3375295127586057,0.2018215201399983
gene_1869,0.2270901867574437,0.2651140895491304,0.3047184957123305,0.2030772279810953
gene_1870,0.2266539808406061,0.2483990089624013,0.2551366407017363,0.2698103694952561
gene_1871,0.2679343347906162,0.2872745672133294,0.2030195409163851,0.2417715570796692
gene_1872,0.2113262903270237,0.2548460309819943,0.3098081867829781,0.2240194919080036
gene_1873,0.2398362192909239,0.2214035338500121,0.3146402113480698,0.224120035510994
gene_1874,0.212164615031783,0.141822951165391,0.3530174188752057,0.2929950149276201
gene_1875,0.2068951331162718,0.2209465999250788,0.3555315519325162,0.2166267150261332
gene_1876,0.1640679579085798,0.2731939348832403,0.2912142743017388,0.2715238329064411
gene_1877,0.2289618189089062,0.2500561399207479,0.2361135461751702,0.2848684949951756
gene_1878,0.2644936805846277,0.2087974601317565,0.2218758644883061,0.3048329947953095
gene_1879,0.2491261125724226,0.143520019942025,0.1667975658313442,0.4405563016542081
gene_1880,0.2189029091184213,0.2447460870668845,0.2601271728153951,0.276223830999299
gene_1881,0.2692767667469292,0.1799884046258182,0.2324108113080049,0.3183240173192476
gene_1882,0.0132397877487024,0.3335521995884329,0.3314006369688766,0.3218073756939879
gene_1883,0.322249674846595,0.1648416551671393,0.253738276662874,0.2591703933233916
gene_1884,0.2616654883943415,0.133566354651835,0.2686072085345221,0.3361609484193013
gene_1885,0.2334869152726032,0.2856221876433077,0.2417782828039765,0.2391126142801125
gene_1886,0.1880449821514063,0.2491593597068467,0.2287116724151995,0.3340839857265474
gene_1887,0.1931289472940282,0.2237151884379678,0.2785199767406744,0.3046358875273295
gene_1888,0.2155906086999549,0.2536422477072622,0.2693028381706265,0.2614643054221562
gene_1889,0.2517003320763783,0.1752910009300743,0.251297095930651,0.3217115710628964
gene_1890,0.2604987029074082,0.2066681081992371,0.259081404803243,0.2737517840901117
gene_1891,0.1760977902020811,0.2612851586777645,0.278241707843912,0.2843753432762424
gene_1892,0.2053948666164132,0.2528039627024452,0.3379833969040737,0.2038177737770677
gene_1893,0.2379987484497457,0.2854156081584979,0.2162225358904876,0.2603631075012687
gene_1894,0.1983701923034355,0.2215133485752862,0.2712616702526496,0.3088547888686286
gene_1895,0.2110729963016089,0.2892181253391513,0.2197642020322784,0.2799446763269613
gene_1896,0.2245573093327018,0.235825588160477,0.262938198776908,0.2766789037299131
gene_1897,0.3127292056075828,0.2400312341228536,0.2133505006408276,0.2338890596287358
gene_1898,0.2945082215924679,0.2852612850903862,0.186273715440368,0.2339567778767778
gene_1899,0.1567720036091312,0.247357298021301,0.225425373755487,0.3704453246140807
gene_1900,0.2117738628345443,0.2094817166426583,0.258854445708683,0.3198899748141143
gene_1901,0.2352579073934919,0.1864598395765295,0.2646918146132401,0.3135904384167383
gene_1902,0.2723301064249995,0.1941967429098134,0.2220190175263324,0.3114541331388546
gene_1903,0.1907712737858891,0.2595047149645117,0.298891686735969,0.2508323245136301
gene_1904,0.4028284397651573,0.1736920337470548,0.1765333473095864,0.2469461791782012
gene_1905,0.1411523993008303,0.2324580275678847,0.3053579057895325,0.3210316673417522
gene_1906,0.2785608912652204,0.2671642830161785,0.2513472438151965,0.2029275819034045
gene_1907,0.1869240444776621,0.3180022021358392,0.2803930202264217,0.2146807331600768
gene_1908,0.1930350068951678,0.2282545588969039,0.2630099040225035,0.3157005301854247
gene_1909,0.326600088620131,0.0833365724922718,0.30829872479592,0.2817646140916771
gene_1910,0.2473918947405114,0.1021708319310996,0.3006137363096452,0.3498235370187438
gene_1911,0.2801350389122463,0.2585748686601219,0.2123225823064957,0.248967510121136
gene_1912,0.1464623763883661,0.1731800712297077,0.3888110740438431,0.2915464783380829
gene_1913,0.1955948849316486,0.1522401025420295,0.2559676403241648,0.396197372202157
gene_1914,0.1883656864419945,0.2383574062543056,0.2580523668064795,0.3152245404972202
gene_1915,0.0186652422627039,0.3304559970117334,0.3161838327244282,0.3346949280011343
gene_1916,0.1660785120132398,0.2468813368565407,0.2649827867547746,0.3220573643754448
gene_1917,0.2554440269967208,0.2358317983788485,0.2430621948285328,0.2656619797958979
gene_1918,0.1439163050265711,0.2256767738126976,0.3070585350876202,0.3233483860731109
gene_1919,0.2487280282522419,0.2653944444463211,0.2261366121769779,0.259740915124459
gene_1920,0.2920394221364561,0.2959979576839411,0.2142489536090386,0.1977136665705642
gene_1921,0.2431866827564976,0.2805099706427603,0.246064189357649,0.230239157243093
gene_1922,0.2056543874115038,0.2015291244934509,0.3207667878478079,0.2720497002472373
gene_1923,0.291595200022504,0.2207710357475688,0.2458119968406857,0.2418217673892414
gene_1924,0.255372802265936,0.2283274802444775,0.202314940493121,0.3139847769964654
gene_1925,0.3010865178632685,0.0399138845959308,0.230932217728771,0.4280673798120296
gene_1926,0.1795935333840571,0.2724275146317541,0.2388288285035537,0.309150123480635
gene_1927,0.2350584246284967,0.1971576210260792,0.275650254651783,0.292133699693641
gene_1928,0.2772030070564528,0.2329516048943598,0.1713743095412075,0.3184710785079799
gene_1929,0.200624427868028,0.253239740633,0.2747021759902388,0.2714336555087331
gene_1930,0.2526794310867541,0.3000806651797281,0.1790571364690762,0.2681827672644415
gene_1931,0.2249731601854215,0.1977887419744894,0.3028360026565969,0.274402095183492
gene_1932,0.2255832493242937,0.2320068718218553,0.2325951395895066,0.3098147392643443
gene_1933,0.1945443979416881,0.2482152773385939,0.2978457750831749,0.259394549636543
gene_1934,0.2508039028675863,0.2282325590784755,0.1629904735335352,0.357973064520403
gene_1935,0.2907797976933268,0.2022710247141553,0.2593780128593354,0.2475711647331825
gene_1936,0.2236801727695483,0.2260300646892601,0.2342366399506307,0.3160531225905607
gene_1937,0.2258750182128656,0.2521371362971213,0.2716091861109004,0.2503786593791126
gene_1938,0.2445293005237985,0.1934295766503038,0.2751217339243061,0.2869193889015915
gene_1939,0.1885586462378863,0.2478613131676741,0.2797726716290745,0.283807368965365
gene_1940,0.2704852322571937,0.2020950500311305,0.283126860048803,0.2442928576628727
gene_1941,0.1880745037040825,0.1958361182744835,0.2879920533223439,0.32809732469909
gene_1942,0.2579207148785341,0.2354258160706497,0.2360893923772779,0.2705640766735382
gene_1943,0.1890596562960805,0.1740298051688615,0.3555802376396213,0.2813303008954366
gene_1944,0.1765110943588115,0.2516803898054385,0.3327915483083317,0.2390169675274181
gene_1945,0.1841967088393957,0.2161460147454839,0.3410280936473006,0.2586291827678196
gene_1946,0.2787865863474983,0.1702641363716791,0.3548236019885066,0.1961256752923159
gene_1947,0.2678761178047216,0.2625312570787727,0.2464617834855935,0.223130841630912
gene_1948,0.2169272019209025,0.2308317913486919,0.2603821895641971,0.2918588171662084
gene_1949,0.1744748583941774,0.2806817325022234,0.3058443217589708,0.2389990873446282
gene_1950,0.1125151658118825,0.2273755279496927,0.3340463300701565,0.326062976168268
gene_1951,0.2735022779274483,0.2424110666716775,0.2239160864106012,0.2601705689902728
gene_1952,0.1883729844966409,0.2513896008100533,0.3193700162279099,0.2408673984653958
gene_1953,0.2286136178433341,0.2293528874095453,0.2813265617173233,0.2607069330297971
gene_1954,0.1172570844111165,0.303162849623026,0.3027762457286158,0.2768038202372415
gene_1955,0.2150114465492599,0.2022328181541437,0.316229009876143,0.2665267254204532
gene_1956,0.2513561207535832,0.1842065896339564,0.3018553208306117,0.2625819687818485
gene_1957,0.2649321108733135,0.1666347909727429,0.2913495458364247,0.2770835523175188
gene_1958,0.1581506999346293,0.2388736143000581,0.3424072374040809,0.2605684483612316
gene_1959,0.2431425701392347,0.2565300108464432,0.2861342661339167,0.2141931528804053
gene_1960,0.179236921730913,0.2744162660358658,0.2141386045215455,0.3322082077116756
gene_1961,0.2211730901033599,0.2598178616194608,0.2402600696492497,0.2787489786279296
gene_1962,0.2045781842755993,0.2751891487852085,0.249184682851503,0.2710479840876891
gene_1963,0.2550895163008202,0.2275729116471206,0.2815074591256335,0.2358301129264255
gene_1964,0.2598290211745337,0.2507178281104791,0.1854907373115151,0.303962413403472
gene_1965,0.2317468722434919,0.1909515049561617,0.3851281522933268,0.1921734705070193
gene_1966,0.2054461902962411,0.1895971809992511,0.2934493217893109,0.3115073069151967
gene_1967,0.367588267089159,0.3324151434054553,0.1879731688778835,0.112023420627502
gene_1968,0.1840696715819104,0.1700057606207235,0.3010912200476221,0.3448333477497437
gene_1969,0.2076486231362917,0.2203078701660338,0.2622915985090023,0.309751908188672
gene_1970,0.2536626371728547,0.3172428347027342,0.2339607838685049,0.1951337442559061
gene_1971,0.2216407674824456,0.2353536291332806,0.2697565598754145,0.2732490435088591
gene_1972,0.2251195483403908,0.230220391664142,0.3163125697722067,0.2283474902232605
gene_1973,0.2305312310390612,0.2506239287532795,0.2420520983145933,0.2767927418930659
gene_1974,0.2710365669920589,0.2916311000666515,0.2543081261495957,0.1830242067916938
gene_1975,0.2653005159418442,0.2749496101920429,0.2298616872636554,0.2298881866024574
gene_1976,0.3081863570574195,0.1893509782762669,0.2822746422947547,0.2201880223715588
gene_1977,0.1561875447968485,0.2160704802014059,0.317307137448531,0.3104348375532146
gene_1978,0.1239076256089807,0.364178187239997,0.2330913329169533,0.278822854234069
gene_1979,0.2558884788640496,0.2289772301725132,0.3211699470128666,0.1939643439505705
gene_1980,0.2647873938950718,0.159235928508833,0.2928232358232243,0.2831534417728708
gene_1981,0.1733330155564209,0.1738502325742621,0.3382083520149068,0.3146083998544102
gene_1982,0.1612488839630394,0.1830082979863078,0.3543570008200684,0.3013858172305844
gene_1983,0.2692008915694734,0.1033822476506396,0.4146288555974332,0.2127880051824537
gene_1984,0.2043686545845849,0.2365162109023234,0.2955344762089952,0.2635806583040964
gene_1985,0.2172959956030665,0.2608429211363117,0.2442884713654531,0.2775726118951687
gene_1986,0.1958266044910417,0.2752180346470952,0.2319853831759745,0.2969699776858885
gene_1987,0.205725694629528,0.2434336199086267,0.2559057020626615,0.2949349833991836
gene_1988,0.1696791316876368,0.281194274575242,0.1949339893732182,0.3541926043639029
gene_1989,0.2277547235257089,0.2622143426573297,0.2450375726626774,0.2649933611542839
gene_1990,0.1371206997182074,0.199509409481601,0.2835740926578721,0.3797957981423193
gene_1991,0.1492645976320263,0.1994044263187593,0.3155901631179851,0.3357408129312292
gene_1992,0.2218860461908982,0.1507945703459106,0.2980790997544567,0.3292402837087344
gene_1993,0.1825033073977641,0.2678588486453527,0.3074713384349013,0.2421665055219817
gene_1994,0.2554686976746013,0.3356385648184194,0.198961549596723,0.2099311879102561
gene_1995,0.2583034725303866,0.2285354987329835,0.2588909073336215,0.2542701214030082
gene_1996,0.2256907815648212,0.2631613966070447,0.2591815283092014,0.2519662935189326
gene_1997,0.173862795923662,0.2895068373521091,0.2918331559245578,0.244797210799671
gene_1998,0.2380093193125616,0.2446949236236586,0.2235269308621102,0.2937688262016694
gene_1999,0.1991148230960123,0.2387054565826572,0.2456477939575112,0.3165319263638192
gene_2000,0.2012698606751359,0.2705490187975517,0.2883360278037135,0.2398450927235988
gene_2001,0.1712284552679468,0.2319055568235547,0.3136958109531865,0.2831701769553118
gene_2002,0.2542292286101735,0.2587914544762528,0.2501377369100687,0.236841580003505
gene_2003,0.1629663463842417,0.2647514253883827,0.250701483823488,0.3215807444038875
gene_2004,0.2567818656517927,0.2263524726166043,0.2391196901347315,0.2777459715968713
gene_2005,0.1926439911983812,0.2611458957945243,0.2820425565167471,0.2641675564903473
gene_2006,0.2769985259976388,0.2212787915678531,0.2693456214013349,0.232377061033173
gene_2007,0.1721325409569103,0.2774490429122765,0.2933241537646562,0.2570942623661569
gene_2008,0.2017237756286785,0.2170904719390808,0.2333990056392946,0.3477867467929461
gene_2009,0.2758563120277124,0.2091121322056839,0.1948752195838616,0.3201563361827421
gene_2010,0.1650331452899905,0.2247020718916884,0.3391804159588423,0.2710843668594788
gene_2011,0.2922341938886266,0.199492702498239,0.2701570543847371,0.2381160492283971
gene_2012,0.2160518081211979,0.2277370249381089,0.2750578148091797,0.2811533521315134
gene_2013,0.2484516346199601,0.2124675511287907,0.3343647580012306,0.2047160562500185
gene_2014,0.2456798526032899,0.2588990663553093,0.3199660010539518,0.1754550799874487
gene_2015,0.1800366499855286,0.2857426236687019,0.2882650749112376,0.2459556514345318
gene_2016,0.2569135541711676,0.184321275832952,0.3092772393383234,0.2494879306575569
gene_2017,0.2170029082997036,0.2964415560262738,0.2279288144141969,0.2586267212598256
gene_2018,0.3690982724348067,0.2676149375370034,0.3462846326151019,0.0170021574130879
gene_2019,0.2395864229153453,0.2555141558047833,0.2532319768279504,0.2516674444519208
gene_2020,0.2656724828688675,0.2601996968248701,0.229674670744084,0.2444531495621783
gene_2021,0.2666438793592283,0.1540200204032432,0.3043979345586026,0.2749381656789257
gene_2022,0.1635193839362816,0.257653714039076,0.2720673868878405,0.3067595151368018
gene_2023,0.2098341671596615,0.2373700114673625,0.2920579209207255,0.2607379004522503
gene_2024,0.1828646047124084,0.2512328093765233,0.3055671472209149,0.2603354386901534
gene_2025,0.2369879139612522,0.3384309615318845,0.0382716715944523,0.386309452912411
gene_2026,0.2510333050078779,0.251267735812296,0.2105102575396214,0.2871887016402047
gene_2027,0.214226869028853,0.2107390866514639,0.1861966482418069,0.388837396077876
gene_2028,0.273745388171536,0.2441833883095704,0.273951625274996,0.2081195982438976
gene_2029,0.2392154340361057,0.2253828042514959,0.2539722089021671,0.281429552810231
gene_2030,0.1762060755687719,0.3014119995906898,0.3038255857433451,0.2185563390971931
gene_2031,0.2088085630436552,0.2753968247288699,0.2825791219486737,0.2332154902788011
gene_2032,0.2485798977660592,0.2173019228329238,0.2357001148925673,0.2984180645084495
gene_2033,0.2432388119922189,0.2430767585544056,0.2658767538250833,0.2478076756282921
gene_2034,0.2362134281015698,0.2849546889286838,0.2417246047839431,0.2371072781858031
gene_2035,0.2291413879214797,0.3254766862792617,0.2215106205449525,0.223871305254306
gene_2036,0.162795725073513,0.2550611014109555,0.1870354830769805,0.395107690438551
gene_2037,0.2068373084551059,0.2220516977416209,0.3172216112461098,0.2538893825571632
gene_2038,0.2243890830655325,0.154316596035117,0.3210491273257852,0.3002451935735652
gene_2039,0.2430115928728869,0.2843983658047254,0.2039393183986227,0.2686507229237648
gene_2040,0.1998864051784635,0.1954833003217412,0.2916424765482172,0.3129878179515781
gene_2041,0.2472662746038696,0.1902347217903721,0.3650557609709975,0.1974432426347608
gene_2042,0.2508652890121178,0.3155276025839444,0.2335126113062727,0.200094497097665
gene_2043,0.1586441215956327,0.2042648822074223,0.2946429708076163,0.3424480253893286
gene_2044,0.32474189394571,0.2203033515016609,0.2229362653069093,0.2320184892457197
gene_2045,0.2690555660688062,0.1957291425706318,0.2343034304173694,0.3009118609431924
gene_2046,0.2734046103031052,0.1999386520099404,0.2818533303197248,0.2448034073672295
gene_2047,0.2110153964082909,0.228355589033799,0.2895185550948155,0.2711104594630946
gene_2048,0.1788177985197072,0.1496162301748167,0.4014697254487828,0.2700962458566931
gene_2049,0.2308385836943097,0.2314115968795742,0.2276351796138555,0.3101146398122605
gene_2050,0.1450914038957733,0.3952261765820178,0.2234644526103632,0.2362179669118456
gene_2051,0.2051260058835181,0.2500449497333101,0.2289952016672806,0.315833842715891
gene_2052,0.3032459187699324,0.2783791789932693,0.221750249322601,0.1966246529141972
gene_2053,0.2459172539586291,0.1627590293274197,0.2950771826368158,0.2962465340771352
gene_2054,0.1354393093474264,0.2579796395571461,0.2839684690638386,0.3226125820315887
gene_2055,0.2123370072510657,0.1918230260881651,0.2354327949076108,0.3604071717531583
gene_2056,0.2572346349505841,0.2182924957904115,0.2502489753676324,0.274223893891372
gene_2057,0.2510497758998262,0.3108592712706792,0.2205536466518852,0.2175373061776094
gene_2058,0.2240095651627062,0.3559164342228909,0.2288839548495987,0.1911900457648042
gene_2059,0.2980464795083315,0.2418721079560792,0.2208474728468937,0.2392339396886955
gene_2060,0.2704016086851417,0.1799888538386992,0.3169006009779736,0.2327089364981854
gene_2061,0.2788091061109372,0.1400167582748297,0.202324320266931,0.378849815347302
gene_2062,0.1685296235337672,0.3524945673160172,0.2265758390899201,0.2523999700602953
gene_2063,0.1747653593317333,0.2413546699357544,0.2635779000240653,0.3203020707084469
gene_2064,0.2637911635513457,0.2581696310989435,0.2575274035739801,0.2205118017757308
gene_2065,0.1855831332359518,0.1695869714242564,0.2991212608689252,0.3457086344708663
gene_2066,0.245718333126422,0.1858401565431452,0.2244539735895822,0.3439875367408505
gene_2067,0.1912327450347969,0.2305107425058355,0.2829409822148626,0.2953155302445048
gene_2068,0.1807562276586828,0.2283587064033143,0.3275353615459329,0.2633497043920699
gene_2069,0.1389150534794044,0.2435617057144599,0.2495822342568804,0.3679410065492551
gene_2070,0.2204645636835241,0.3060689606040429,0.1965388301965095,0.2769276455159234
gene_2071,0.1783875528468029,0.3239925697367624,0.2675688867085243,0.2300509907079104
gene_2072,0.1783735006361037,0.2084367125793584,0.2860827786995309,0.3271070080850071
gene_2073,0.277739203975383,0.2432906190584779,0.2934841061612764,0.1854860708048625
gene_2074,0.1847671586996477,0.2640947229489732,0.2360264933878353,0.3151116249635438
gene_2075,0.2495696377346659,0.2577368203490877,0.204687023413212,0.2880065185030342
gene_2076,0.224803207372598,0.2611561920375832,0.2244261632650462,0.2896144373247726
gene_2077,0.2125883181365616,0.2049861653736923,0.2896013094469118,0.2928242070428342
gene_2078,0.2367687269089766,0.2260792478552229,0.2083797042699695,0.3287723209658309
gene_2079,0.1827302605428597,0.2439975132005457,0.264983934416696,0.3082882918398985
gene_2080,0.2305765987763984,0.2328337695979301,0.2815610602843141,0.2550285713413572
gene_2081,0.2159864393699464,0.2889586618353848,0.2792770857992147,0.215777812995454
gene_2082,0.2201759094337926,0.2700250801150013,0.2919203030626497,0.2178787073885563
gene_2083,0.2221546680014413,0.2021209817308491,0.239453350541661,0.3362709997260485
gene_2084,0.1688267443857456,0.3311032387072961,0.2764049029277567,0.2236651139792016
gene_2085,0.1849175536756793,0.247022068786009,0.3159779300486505,0.2520824474896613
gene_2086,0.048237456321647,0.200164643565529,0.3733344451806872,0.3782634549321366
gene_2087,0.1624819250356305,0.2887527018089441,0.2727368392275756,0.2760285339278499
gene_2088,0.3251226017457916,0.2039004673281318,0.2300561179889574,0.2409208129371191
gene_2089,0.2106821961704959,0.2600361759031074,0.2798685812258923,0.2494130467005042
gene_2090,0.2166992633716808,0.2365486065995052,0.2902309563536113,0.2565211736752025
gene_2091,0.241551078251733,0.3410731545185725,0.2389763362597833,0.1783994309699111
gene_2092,0.3068568888094764,0.2313499595574298,0.2708585775454546,0.1909345740876391
gene_2093,0.3154259955787735,0.2166961246819966,0.1950285168370485,0.2728493629021813
gene_2094,0.2399072565903057,0.2218322367550695,0.2609620688013044,0.2772984378533203
gene_2095,0.2461011009123807,0.2479164756270721,0.2406111274177325,0.2653712960428146
gene_2096,0.2342325672953422,0.2287656976709732,0.2517733072274148,0.2852284278062697
gene_2097,0.1999506416373908,0.2730059541216907,0.2245819880570188,0.3024614161838996
gene_2098,0.2066949740943807,0.2125086258103537,0.3134862010555186,0.2673101990397468
gene_2099,0.2229055654588269,0.2029476229732322,0.3195420656516634,0.2546047459162774
gene_2100,0.2382685759807173,0.5011758704461609,0.2232681481464898,0.0372874054266319
gene_2101,0.2273390535838362,0.2231343281751272,0.241649840134644,0.3078767781063924
gene_2102,0.2019969249048283,0.1922887654955752,0.2643979428853392,0.3413163667142571
gene_2103,0.2170690728458049,0.26670626458928,0.2024941235816028,0.3137305389833121
gene_2104,0.1678174774692105,0.3328758681314417,0.2517655427078433,0.2475411116915043
gene_2105,0.0108405495366019,0.4391637154213351,0.3786777574227308,0.1713179776193321
gene_2106,0.2563853529263483,0.2205207438372372,0.2714841491787728,0.2516097540576418
gene_2107,0.1583817332633046,0.2070697340394059,0.3131242833049834,0.3214242493923061
gene_2108,0.2817936491109323,0.2640797621623254,0.2840393850089131,0.170087203717829
gene_2109,0.1920707549168834,0.2603110013003156,0.2506568701136647,0.2969613736691363
gene_2110,0.2344826903680917,0.2296564421681582,0.251569036702115,0.2842918307616351
gene_2111,0.2136696671646522,0.2580084954428867,0.260251219067196,0.268070618325265
gene_2112,0.2375345015039485,0.2489599014076859,0.3093086684303245,0.2041969286580409
gene_2113,0.2328639444698056,0.1803002671111183,0.3243617986876269,0.2624739897314491
gene_2114,0.2308234590888605,0.2935892565898277,0.233326928710901,0.2422603556104106
gene_2115,0.2541249712915644,0.2884018800406551,0.2343171544148507,0.2231559942529297
gene_2116,0.2120305976265705,0.2325149680224804,0.2861021413035947,0.2693522930473543
gene_2117,0.1990731666440384,0.218400434314934,0.3423747062931305,0.240151692747897
gene_2118,0.2266482787215774,0.2285701538162988,0.3181701802671818,0.2266113871949419
gene_2119,0.2896124509304832,0.2210832325260785,0.2340507901353518,0.2552535264080863
gene_2120,0.2298299888116839,0.290817644037233,0.2665283195099615,0.2128240476411214
gene_2121,0.196390809815411,0.2351039730751958,0.2797363170005045,0.2887689001088887
gene_2122,0.220606242693936,0.2335141988568985,0.2673039175133975,0.2785756409357679
gene_2123,0.2732790761056547,0.2354672547514291,0.2412761666705732,0.2499775024723429
gene_2124,0.1871161230938679,0.2730063857601688,0.2797368388562947,0.2601406522896685
gene_2125,0.2581534935063888,0.2454858865993818,0.2865810643195379,0.2097795555746914
gene_2126,0.2048993765133749,0.2866880060726174,0.2804300241545481,0.2279825932594595
gene_2127,0.5130133321290837,0.1058030689578365,0.2507422294392368,0.130441369473843
gene_2128,0.1774044496364977,0.3008184207455897,0.2469989187339967,0.2747782108839158
gene_2129,0.2305996350782682,0.2062888481313622,0.3239051724884253,0.2392063443019443
gene_2130,0.2225854080661661,0.2324801437214875,0.2598102746179969,0.2851241735943493
gene_2131,0.1825733793708717,0.3201589351077014,0.2852617512882512,0.2120059342331756
gene_2132,0.1994236852978455,0.2050234418060031,0.3013753170606911,0.2941775558354602
gene_2133,0.1618908424728107,0.264523907779999,0.3045515305959397,0.2690337191512505
gene_2134,0.2141060642823666,0.2096446451173238,0.3282344335412454,0.2480148570590641
gene_2135,0.0327814345875374,0.2767636946945389,0.3516121010478711,0.3388427696700525
gene_2136,0.2161203837586723,0.2276580255869598,0.2610299464249769,0.295191644229391
gene_2137,0.2358868127324088,0.3020347880402114,0.1755689210101227,0.2865094782172568
gene_2138,0.1761732468349522,0.2767672592586296,0.2029215112614873,0.3441379826449308
gene_2139,0.1435335788250475,0.2642083021358644,0.2628911483767058,0.3293669706623822
gene_2140,0.2076187838257534,0.2513650702208833,0.2783861083041776,0.2626300376491856
gene_2141,0.3087546169692666,0.2003879033281878,0.1473638014132084,0.3434936782893371
gene_2142,0.172160919865665,0.2625910082600049,0.2723173485307805,0.2929307233435495
gene_2143,0.2377148707293958,0.1852371157086595,0.2131244566831253,0.3639235568788191
gene_2144,0.2067726482934664,0.2416267273940722,0.3462187796999925,0.2053818446124689
gene_2145,0.2509217118888807,0.2566677909847,0.2408831763861792,0.25152732074024
gene_2146,0.2765931276260264,0.2684836437189198,0.1959263541225952,0.2589968745324585
gene_2147,0.2509536294163418,0.2457262394408289,0.1669911085117451,0.336329022631084
gene_2148,0.196515035584451,0.2321709042916238,0.2864223280731364,0.2848917320507886
gene_2149,0.2094023048552785,0.2803538383498771,0.1851855199016341,0.3250583368932101
gene_2150,0.166382972198929,0.2333243770640845,0.3442975180936268,0.2559951326433597
gene_2151,0.2274475031411765,0.2963774397225933,0.2559407974386619,0.2202342596975682
gene_2152,0.290477378019362,0.3312536079846748,0.2340108759565379,0.144258138039425
gene_2153,0.3673245675906287,0.0371274756714855,0.32104838354872,0.2744995731891657
gene_2154,0.1437199731557722,0.1867961237869536,0.399551259791214,0.2699326432660601
gene_2155,0.2628588944644342,0.1521969638248881,0.3030840118741056,0.2818601298365719
gene_2156,0.2396319524526325,0.2798643567395387,0.2219612377923043,0.2585424530155245
gene_2157,0.2304518667996269,0.3023527141617491,0.2392993341488913,0.2278960848897326
gene_2158,0.2535531380303163,0.2513486190222863,0.2471412290817758,0.2479570138656215
gene_2159,0.2128979780741798,0.2652377068623546,0.2756428371541048,0.2462214779093608
gene_2160,0.2289350619150227,0.1975098090889294,0.3208501581070203,0.2527049708890274
gene_2161,0.0943664564608837,0.2886756803629686,0.2380177776185899,0.3789400855575577
gene_2162,0.2264654493430757,0.1534492725221667,0.2940126450227697,0.3260726331119878
gene_2163,0.1877281299357149,0.2612612478517257,0.4251201824119102,0.1258904398006491
gene_2164,0.2112796079362662,0.264006831034275,0.3318464424226668,0.192867118606792
gene_2165,0.2802697297331061,0.2025897510534937,0.3122183754787266,0.2049221437346734
gene_2166,0.2049661228435123,0.2581819487968435,0.2527422068221442,0.2841097215375001
gene_2167,0.2076806747986672,0.3808925258937081,0.1936072348586156,0.2178195644490089
gene_2168,0.2241678779941929,0.2688510489536238,0.218646159138682,0.2883349139135012
gene_2169,0.2362063512691145,0.2538972460706943,0.2399846952587635,0.2699117074014275
gene_2170,0.1316830509918819,0.2880972536589911,0.2904848385082625,0.2897348568408644
gene_2171,0.2085193288699135,0.2910032883282149,0.2988473990450037,0.2016299837568678
gene_2172,0.2164726623043967,0.1754811578037559,0.2249783442701784,0.3830678356216688
gene_2173,0.2091731839996183,0.2317410525607186,0.2404989840358957,0.3185867794037672
gene_2174,0.124890202575802,0.0468077803623335,0.5491913296890424,0.2791106873728221
gene_2175,0.2037195264710476,0.1941337063964785,0.359383502137134,0.2427632649953399
gene_2176,0.2506996960559418,0.2142878746913047,0.2925200068298422,0.2424924224229111
gene_2177,0.3036120813354948,0.2572540824214483,0.3135152699107714,0.1256185663322854
gene_2178,0.2206725914213163,0.2955905466425034,0.2486026280384605,0.2351342338977197
gene_2179,0.2157336712355321,0.2956939950579244,0.2409514237223903,0.247620909984153
gene_2180,0.2224224002998307,0.2515304379241721,0.2588746341164094,0.2671725276595877
gene_2181,0.2038915248140278,0.2598347535633349,0.2072999798313622,0.328973741791275
gene_2182,0.2959783421439002,0.1336584526295866,0.2737479656943495,0.2966152395321637
gene_2183,0.2247719095245548,0.290341514084909,0.252160935772982,0.232725640617554
gene_2184,0.2564954930375213,0.2625021482957463,0.2465098747544743,0.2344924839122579
gene_2185,0.1813816327840965,0.2316531412912968,0.3218446690600851,0.2651205568645214
gene_2186,0.3868421227482599,0.3128865657714937,0.2889653859225469,0.0113059255576994
gene_2187,0.1941383439846496,0.1915433956769354,0.3765485973823722,0.2377696629560427
gene_2188,0.2796363826735252,0.2048728793773504,0.2641687781161104,0.2513219598330139
gene_2189,0.1831962428640456,0.2436511189805327,0.2668648810884977,0.3062877570669239
gene_2190,0.2179749184119286,0.247702165055581,0.2702600303888111,0.2640628861436791
gene_2191,0.267418015760437,0.2218236528848981,0.2544730653500372,0.2562852660046276
gene_2192,0.2722195649699412,0.2615829015497354,0.2682584078894651,0.1979391255908582
gene_2193,0.2392994880713992,0.2267578261645317,0.3331494120954074,0.2007932736686615
gene_2194,0.1191040101135505,0.226406747844679,0.350614272883527,0.3038749691582432
gene_2195,0.1617475839368062,0.3372528151709424,0.2604187660663384,0.2405808348259127
gene_2196,0.2421901559720062,0.2588589368855419,0.293055327432238,0.2058955797102138
gene_2197,0.2791748789037808,0.2348993881873895,0.1960184258561705,0.2899073070526591
gene_2198,0.245688255493587,0.2084469944071002,0.1839293462237888,0.361935403875524
gene_2199,0.158852128558082,0.2559078908006684,0.2110459052436767,0.3741940753975726
gene_2200,0.2306163529252219,0.0523725844113768,0.4090347592662928,0.3079763033971084
gene_2201,0.276222832920278,0.3385097619737828,0.2001012416185934,0.1851661634873456
gene_2202,0.2178362463237278,0.1996801397456601,0.3090751427914531,0.2734084711391588
gene_2203,0.275380642742022,0.1683184594788635,0.3297574401338281,0.2265434576452863
gene_2204,0.2006034885727696,0.2044804016529708,0.3839145816607305,0.211001528113529
gene_2205,0.2295420657880929,0.2249127601488504,0.2837212357599628,0.2618239383030937
gene_2206,0.2448776684417775,0.2716376869854911,0.2170647049837974,0.266419939588934
gene_2207,0.2228915728956935,0.2417218781232576,0.273199417171008,0.2621871318100407
gene_2208,0.2028628048492108,0.2317866033402556,0.2982179804254149,0.2671326113851186
gene_2209,0.2121140999982742,0.2326525491415677,0.3024163047547811,0.2528170461053768
gene_2210,0.2233046460721358,0.19975809029434,0.3527657947676302,0.2241714688658939
gene_2211,0.2300348175698024,0.3588408697642528,0.3983535797100423,0.0127707329559024
gene_2212,0.2112972466784746,0.2247641309436241,0.2766670026771058,0.2872716197007954
gene_2213,0.2797105741307753,0.2229572849273594,0.271274349125419,0.2260577918164462
gene_2214,0.2292768111069695,0.2319912767270983,0.2750851403192581,0.2636467718466738
gene_2215,0.2226423932854614,0.2500295371016842,0.3143020504106835,0.2130260192021707
gene_2216,0.25696668192231,0.1900777756759133,0.2453186351351121,0.3076369072666644
gene_2217,0.2563011796243183,0.191609821052579,0.3196200252203558,0.2324689741027469
gene_2218,0.3034245988681677,0.2575384031445187,0.2681207784889306,0.1709162194983828
gene_2219,0.2474792752880734,0.2825048091377315,0.3309766698710483,0.1390392457031465
gene_2220,0.2425718246616517,0.2900371167144107,0.2494817076911152,0.2179093509328224
gene_2221,0.1866686864669205,0.215167624850873,0.300624842011031,0.2975388466711753
gene_2222,0.2520231786012565,0.2542378749701011,0.2790920214993361,0.2146469249293062
gene_2223,0.2969644940615872,0.228679832406437,0.2544955382685626,0.2198601352634131
gene_2224,0.2171409827897141,0.2262927755139729,0.2529639727373557,0.3036022689589571
gene_2225,0.1864445852222852,0.2496373609487394,0.1851457453521383,0.378772308476837
gene_2226,0.2294961644531699,0.1652020575983562,0.2759173949506076,0.329384382997866
gene_2227,0.2401827666402432,0.2309541514040992,0.2302056241435953,0.2986574578120622
gene_2228,0.1845738347427469,0.2735355764030174,0.2984082553084062,0.2434823335458295
gene_2229,0.2346265187709196,0.2488268080031561,0.2141818195493672,0.3023648536765569
gene_2230,0.3279332353559878,0.1726684532550411,0.2332506333809486,0.2661476780080224
gene_2231,0.2926785652156042,0.2142320803916225,0.2191725000596422,0.273916854333131
gene_2232,0.2679105130106518,0.1958023358103643,0.318467574390644,0.2178195767883398
gene_2233,0.263121635730018,0.2418145029262095,0.1857306915270003,0.3093331698167719
gene_2234,0.0097450217259023,0.2830750120520706,0.3478781544887327,0.3593018117332942
gene_2235,0.2048445048540058,0.2424725230542783,0.2734888130535837,0.2791941590381321
gene_2236,0.2613525331625243,0.2422935843237858,0.26655914255882,0.2297947399548698
gene_2237,0.1759995184977358,0.3493315116159709,0.2241959432405649,0.2504730266457283
gene_2238,0.2355266473899219,0.22455120655592,0.1791897257801713,0.3607324202739866
gene_2239,0.2894800428727309,0.1846157362152713,0.2131644649148129,0.3127397559971848
gene_2240,0.1951529713019731,0.1823889623833343,0.3023386060018291,0.3201194603128633
gene_2241,0.3480927330042284,0.0365817465728296,0.2685628136704837,0.3467627067524582
gene_2242,0.208703890713067,0.2288633038332114,0.2737633216559954,0.2886694837977262
gene_2243,0.2071522757017019,0.2471174227458084,0.2318463673890845,0.3138839341634051
gene_2244,0.2439749266042413,0.2554500834106055,0.2379327567562847,0.2626422332288685
gene_2245,0.2275391346878638,0.2379450851379376,0.2599099670995553,0.2746058130746431
gene_2246,0.2373473398025725,0.2314479042736628,0.2698254233725802,0.2613793325511843
gene_2247,0.2896157614879515,0.2216353332070742,0.2957647055208437,0.1929841997841305
gene_2248,0.2357596108788661,0.2893312215259976,0.2216465773514875,0.2532625902436486
gene_2249,0.2224080182243727,0.2446796321896545,0.3239785381429046,0.2089338114430681
gene_2250,0.2093430823208626,0.1877018431735144,0.2806514737460924,0.3223036007595304
gene_2251,0.2258787445525895,0.2485891071416576,0.2301779398465054,0.2953542084592474
gene_2252,0.1708413650698274,0.2540445251536064,0.2770114524877803,0.2981026572887857
gene_2253,0.1971245920193587,0.1480036259074947,0.1939623910680174,0.460909391005129
gene_2254,0.2173987232465977,0.2047381249597978,0.3062390651226112,0.2716240866709933
gene_2255,0.3142016271594679,0.2263552341893892,0.2984228708885604,0.1610202677625825
gene_2256,0.1742973228622186,0.2585343795293061,0.2907286421118041,0.276439655496671
gene_2257,0.2014657637377978,0.2614627121275424,0.2677074348043643,0.2693640893302953
gene_2258,0.2284032458608501,0.2325729314777899,0.2823844121583731,0.2566394105029867
gene_2259,0.1478562597306314,0.2851042382859828,0.2798505542365648,0.2871889477468208
gene_2260,0.2277424863845188,0.2408770950375215,0.2603921114025755,0.2709883071753839
gene_2261,0.2207045704685065,0.2445830522560018,0.2134007279620327,0.3213116493134589
gene_2262,0.2079229956008657,0.1910225824996875,0.321988315061652,0.2790661068377947
gene_2263,0.1835657333870569,0.2269267528085153,0.274671765018768,0.3148357487856598
gene_2264,0.2627450184634823,0.1997998482701192,0.3427549461208616,0.1947001871455368
gene_2265,0.2101152880188801,0.2144153910885707,0.1729755373190462,0.4024937835735027
gene_2266,0.1951806766634941,0.3091894681463199,0.2250735602568169,0.270556294933369
gene_2267,0.1433575199844515,0.309701669241069,0.3528604705026183,0.1940803402718612
gene_2268,0.2152157723644594,0.2467436728710332,0.2142978062787293,0.323742748485778
gene_2269,0.1973361415492922,0.2555151048372706,0.3016909043484959,0.2454578492649411
gene_2270,0.2076535800046175,0.2239744152576599,0.2890518549479325,0.27932014978979
gene_2271,0.2798968352811476,0.1858166128311679,0.2932304555907083,0.241056096296976
gene_2272,0.1183228799248867,0.2679442562241928,0.2550554893816176,0.3586773744693028
gene_2273,0.2797295607557072,0.2394349067513991,0.2467006808555748,0.2341348516373187
gene_2274,0.198774409321377,0.2048691582584747,0.2239546400036087,0.3724017924165396
gene_2275,0.2277833541817226,0.2210936676259465,0.2506164540367309,0.3005065241556
gene_2276,0.1402849494259515,0.2551539084798514,0.3214275097950033,0.2831336322991937
gene_2277,0.2323126513011857,0.1868544282834171,0.2534919794761729,0.3273409409392243
gene_2278,0.21710718530252,0.2718629576982289,0.2588867784574244,0.2521430785418266
gene_2279,0.2588763538056641,0.2359237577483684,0.2590541999743749,0.2461456884715925
gene_2280,0.2478252096350725,0.2279133711056967,0.2403601222028189,0.2839012970564118
gene_2281,0.2356159781635859,0.2176507986049719,0.2691620586066325,0.2775711646248097
gene_2282,0.2779166002855854,0.2133205492806472,0.2296619676257132,0.2791008828080542
gene_2283,0.2168008158459395,0.2366092138985803,0.2319350541629789,0.314654916092501
gene_2284,0.1877584716743976,0.2107062163667478,0.3057473236573687,0.2957879883014858
gene_2285,0.2257733236240899,0.2906719670999701,0.2383444538151944,0.2452102554607456
gene_2286,0.2600593106116896,0.2244078022217359,0.2661484589549227,0.2493844282116518
gene_2287,0.2669782175190561,0.2584916749067145,0.1960374525175691,0.2784926550566603
gene_2288,0.2270546552898191,0.2250580186286464,0.2836412268734858,0.2642460992080486
gene_2289,0.2414850238233116,0.2037528317718677,0.3108355948151959,0.2439265495896246
gene_2290,0.2460076668818771,0.2007082922633957,0.2795475648650101,0.2737364759897169
gene_2291,0.2131327211089888,0.2408979238160963,0.2988063745033414,0.2471629805715733
gene_2292,0.2141748202112453,0.2959186722489896,0.2225882895830705,0.2673182179566944
gene_2293,0.2081061001384587,0.2628363291097609,0.3236130545641446,0.2054445161876356
gene_2294,0.214946433392615,0.3115440897765548,0.2035986414800935,0.2699108353507367
gene_2295,0.2785876028879044,0.26983213839004,0.2712416876198533,0.1803385711022022
gene_2296,0.2660437225556045,0.2016222967539681,0.204019001001258,0.3283149796891693
gene_2297,0.2051865055434156,0.2066372946568647,0.2459451934152473,0.3422310063844723
gene_2298,0.2435141045352292,0.256077851900053,0.290576103048387,0.2098319405163307
gene_2299,0.2123620549808843,0.3051748998932148,0.2320432889962389,0.2504197561296619
gene_2300,0.2175332388853872,0.2544400347510031,0.3076763681970811,0.2203503581665285
gene_2301,0.2571711987423694,0.2369979869530779,0.2879085255952563,0.2179222887092963
gene_2302,0.219539105238236,0.1496763299320098,0.3463965829218211,0.284387981907933
gene_2303,0.1879525892581456,0.2066841627290644,0.2889577162938699,0.31640553171892
gene_2304,0.2086662462753654,0.238361715729907,0.3434618842219846,0.2095101537727428
gene_2305,0.2550683663686278,0.2142741587268976,0.2945754382717825,0.2360820366326918
gene_2306,0.1597600895104622,0.2691438548730673,0.2928958272304232,0.2782002283860472
gene_2307,0.2174535226299504,0.2368000866813824,0.2330259777713209,0.3127204129173462
gene_2308,0.180372970894743,0.242161318687859,0.2581734082550971,0.3192923021623007
gene_2309,0.2259589354628476,0.2423427929243526,0.2589999980321336,0.2726982735806662
gene_2310,0.1678706894510065,0.2859979923927566,0.1957410947502214,0.3503902234060154
gene_2311,0.1920492226181057,0.2853370126610096,0.2721130053098999,0.2505007594109847
gene_2312,0.2514500199414209,0.2222176052731906,0.2730815189027458,0.2532508558826425
gene_2313,0.3304948859336459,0.2894937052116917,0.3403685247985978,0.0396428840560644
gene_2314,0.2947869556842568,0.2363466723255925,0.1969849551295221,0.2718814168606284
gene_2315,0.1863601103437955,0.3295578011199572,0.2801275601919604,0.2039545283442868
gene_2316,0.1497138962496314,0.2053466326154623,0.3293600133497062,0.3155794577851999
gene_2317,0.2443304799718545,0.3017901033807275,0.2238969705572766,0.2299824460901414
gene_2318,0.1770924252831251,0.2074244423339749,0.2964247008489962,0.3190584315339038
gene_2319,0.2343941901825635,0.2611611479621384,0.2943761479273134,0.2100685139279846
gene_2320,0.2202213273399388,0.1797785052228822,0.3191975346016714,0.2808026328355075
gene_2321,0.2215214534229216,0.1624773466579398,0.192520440111315,0.4234807598078234
gene_2322,0.1959229163022096,0.2818144008093184,0.2978726071307671,0.2243900757577047
gene_2323,0.256647808707662,0.2665068980264206,0.2363092681831327,0.2405360250827846
gene_2324,0.1743215123789796,0.2339698813287649,0.30371820148395,0.2879904048083054
gene_2325,0.1863029784681015,0.2561957330995755,0.2141838453675383,0.3433174430647847
gene_2326,0.2669487702754791,0.2339220083926709,0.2353616863992608,0.2637675349325892
gene_2327,0.2522546936751449,0.2452288134228425,0.2606326750136875,0.2418838178883251
gene_2328,0.209770198083473,0.2858660988776388,0.2381561339579044,0.2662075690809837
gene_2329,0.1987316725150084,0.2708995464922717,0.3329388019639928,0.197429979028727
gene_2330,0.1781484762256362,0.2237467302378055,0.2553659873671398,0.3427388061694184
gene_2331,0.1980126919981314,0.2780333371786673,0.2553798532215046,0.2685741176016967
gene_2332,0.2259103013726694,0.2319749240472753,0.2500918679086146,0.2920229066714406
gene_2333,0.3176668497421202,0.2765916676898807,0.1920334541359764,0.2137080284320227
gene_2334,0.1956303095585273,0.2220192160119203,0.2887797934298362,0.2935706809997161
gene_2335,0.2074200470256005,0.2211155850660099,0.3584562696364596,0.2130080982719298
gene_2336,0.2680781579911193,0.2422859187253459,0.3184867349909339,0.1711491882926007
gene_2337,0.2079550246624096,0.3018185450470154,0.2106623455949292,0.2795640846956457
gene_2338,0.2577358502188773,0.2592388198301247,0.2191572826008694,0.2638680473501286
gene_2339,0.2032626908327711,0.2443887968882301,0.2851063477938874,0.2672421644851112
gene_2340,0.1967961703959813,0.2433788493694422,0.2659862262546593,0.2938387539799171
gene_2341,0.0175981155052564,0.3247910440890222,0.3692186847528164,0.2883921556529049
gene_2342,0.2202310206016148,0.1996331083651844,0.2902529444044088,0.2898829266287919
gene_2343,0.1926720488795308,0.2416078111549403,0.2772385590002357,0.2884815809652931
gene_2344,0.2373436069279495,0.1887509013841718,0.2604364460441052,0.3134690456437735
gene_2345,0.3248642980016432,0.2680149834682614,0.231424498943616,0.1756962195864793
gene_2346,0.2254749156360168,0.2056056364015712,0.2927477279947203,0.2761717199676916
gene_2347,0.1620905418712317,0.2881965358835375,0.3405937506939904,0.2091191715512402
gene_2348,0.0994184649279456,0.2432423302746822,0.2753105266633205,0.3820286781340514
gene_2349,0.2772709729167632,0.2045268205707135,0.2509798475160364,0.2672223589964866
gene_2350,0.2056251318159707,0.2445320049015674,0.2514757672518883,0.2983670960305734
gene_2351,0.2198275110124369,0.2622062741037062,0.2438567707495292,0.2741094441343274
gene_2352,0.2429867164491762,0.2726876683988877,0.2575142625634863,0.2268113525884497
gene_2353,0.2385580584871656,0.271155492936777,0.231384248138687,0.2589022004373703
gene_2354,0.182215767593524,0.2209698704540814,0.2923525514721717,0.3044618104802228
gene_2355,0.2639034581122733,0.1654567712913038,0.3217614737515598,0.248878296844863
gene_2356,0.2469282031495289,0.1886055290291051,0.1982510510922566,0.3662152167291092
gene_2357,0.1536267148533747,0.2616740233329021,0.2517733154539321,0.332925946359791
gene_2358,0.2302406961538766,0.3338212008229275,0.1044171702529453,0.3315209327702505
gene_2359,0.250245177547805,0.2324707082654152,0.2140688909557619,0.3032152232310178
gene_2360,0.2880718180073122,0.153865401835441,0.2957012461035024,0.2623615340537444
gene_2361,0.1913434736207463,0.2466815686544513,0.2844986236876138,0.2774763340371886
gene_2362,0.2261982177310101,0.2466209006839045,0.2587550857067892,0.2684257958782962
gene_2363,0.2291281389795364,0.3183068308545874,0.2096722878776193,0.2428927422882568
gene_2364,0.2201769398018785,0.2086312421120603,0.3147232610513851,0.2564685570346759
gene_2365,0.2380089641830435,0.2665476104421763,0.3192791258655731,0.1761642995092069
gene_2366,0.1971537509492776,0.2435763880565747,0.3578373216732222,0.2014325393209255
gene_2367,0.2274138420735405,0.2249220493585697,0.2478026866656928,0.2998614219021969
gene_2368,0.3285172843263652,0.1155444657292524,0.2928776003069293,0.263060649637453
gene_2369,0.192264192797035,0.268436859505551,0.2801638838686947,0.2591350638287192
gene_2370,0.1913723698682193,0.1807153407840472,0.3611388835413396,0.2667734058063938
gene_2371,0.286934981351826,0.229971671165131,0.2119676347256112,0.2711257127574318
gene_2372,0.2144686681204454,0.2428369397773063,0.2681525722313505,0.2745418198708977
gene_2373,0.2740965049051309,0.2965193026406167,0.1946230212357147,0.2347611712185376
gene_2374,0.208036978496496,0.2578375692230254,0.2664290079873463,0.2676964442931322
gene_2375,0.2108707704227947,0.2970884926514223,0.2435376430892689,0.2485030938365141
gene_2376,0.1976179336961663,0.2048029456646847,0.3816588640145446,0.2159202566246043
gene_2377,0.2155966324696867,0.2698100434789078,0.2348848835368664,0.2797084405145389
gene_2378,0.279131342886521,0.2003768436631937,0.2311500507169145,0.2893417627333707
gene_2379,0.2810624742039079,0.1568587168960091,0.1977872391600468,0.3642915697400362
gene_2380,0.2734014716487363,0.3579348530448428,0.2174084858462166,0.1512551894602041
gene_2381,0.1912005497551611,0.2150999970153409,0.3248468874395669,0.268852565789931
gene_2382,0.2158866176691557,0.1968651430743413,0.3756035461518883,0.2116446931046146
gene_2383,0.2469642966381283,0.1915367428731285,0.2306908594890152,0.3308081009997279
gene_2384,0.2915406794307048,0.2754650140521008,0.2051882586402065,0.2278060478769879
gene_2385,0.1850666888255397,0.3875535231935815,0.2082611076229373,0.2191186803579413
gene_2386,0.2267780221640325,0.2236145308510305,0.2972681069243095,0.2523393400606273
gene_2387,0.1545954603847666,0.2697757288219333,0.2595504476646712,0.3160783631286287
gene_2388,0.1836211028747933,0.2602275046722938,0.2465244298182725,0.3096269626346403
gene_2389,0.2680403761383008,0.2321309438738531,0.2909830324447176,0.2088456475431283
gene_2390,0.2335003134447186,0.1855261047854997,0.3323240540552525,0.2486495277145289
gene_2391,0.2289037634040515,0.2694308803133978,0.2657562491522128,0.2359091071303379
gene_2392,0.3223245864392042,0.1374008554406346,0.3889038081810687,0.1513707499390924
gene_2393,0.2821941816943348,0.1843899213660008,0.3328195426003611,0.2005963543393033
gene_2394,0.233589268772332,0.2505873291686267,0.2503031789671763,0.2655202230918648
gene_2395,0.2667760787397665,0.2147858560425212,0.1933155310069883,0.3251225342107239
gene_2396,0.1996957317787684,0.2549568093655778,0.2914713683950473,0.2538760904606065
gene_2397,0.1492256423745264,0.2198410436536121,0.3883499056467276,0.2425834083251338
gene_2398,0.2992953847605032,0.1643873843199839,0.2655880886185209,0.2707291423009919
gene_2399,0.2312737479912331,0.2345018930098035,0.3023129905276248,0.2319113684713384
gene_2400,0.2633933608406738,0.2352240427612651,0.2589872278769842,0.2423953685210769
gene_2401,0.2360391818164209,0.22875580782747,0.2311871593703798,0.3040178509857292
gene_2402,0.1863362229674467,0.2857457664612919,0.2724851040556114,0.2554329065156498
gene_2403,0.2898624872816779,0.2365953520571735,0.2039453468330842,0.2695968138280641
gene_2404,0.2668276655447734,0.2750194201617355,0.2055700617211611,0.25258285257233
gene_2405,0.194090686502775,0.2683462306794059,0.2788141318724293,0.2587489509453897
gene_2406,0.2139810862646809,0.243762479499419,0.3267728684783882,0.2154835657575117
gene_2407,0.1735863077536511,0.1908165365720633,0.3201973819497508,0.3153997737245346
gene_2408,0.2334398060795412,0.2409516633846155,0.2964688584621174,0.2291396720737258
gene_2409,0.2063998646522139,0.2522373578672089,0.3130760518228963,0.2282867256576808
gene_2410,0.2089847961012332,0.2643954453433108,0.2963118319382944,0.2303079266171616
gene_2411,0.2653060591552496,0.1989011606730409,0.2763776441431274,0.259415136028582
gene_2412,0.2351527948987237,0.2369788807539008,0.2139350482367345,0.3139332761106408
gene_2413,0.2135414447043086,0.226158524032501,0.2300653858339434,0.3302346454292469
gene_2414,0.2394373677841563,0.1799818425517406,0.305412729212271,0.275168060451832
gene_2415,0.1592746283598801,0.2134505670496325,0.3193968972609424,0.3078779073295448
gene_2416,0.1889741070576394,0.2657189274393908,0.2441451277697786,0.301161837733191
gene_2417,0.2029332997609089,0.1989933385126457,0.2515943100455268,0.3464790516809184
gene_2418,0.3011828208307215,0.2843285435875044,0.321750264007775,0.092738371573999
gene_2419,0.1807033829876548,0.1952933776416209,0.3532039168411784,0.2707993225295458
gene_2420,0.2075510913718317,0.2887134020081209,0.2009764871446427,0.3027590194754046
gene_2421,0.2411931355525287,0.1944710486548677,0.2991585940616291,0.2651772217309745
gene_2422,0.2109252743459136,0.2883196006506159,0.2388832307882096,0.2618718942152608
gene_2423,0.1850975151950884,0.300232968352485,0.2757544360666888,0.2389150803857377
gene_2424,0.1798061538509801,0.2393543908397498,0.3440087371152273,0.2368307181940428
gene_2425,0.2542230918926511,0.2194466504651653,0.2692900289666731,0.2570402286755104
gene_2426,0.1571815685139717,0.2723021576004192,0.2010731860355997,0.3694430878500094
gene_2427,0.2590703476267804,0.2552728739929668,0.2335430271707065,0.2521137512095461
gene_2428,0.2107768017452167,0.2334306064176283,0.267513835398744,0.288278756438411
gene_2429,0.1683533541487079,0.2455749457840092,0.3053324873956413,0.2807392126716415
gene_2430,0.1958046281164115,0.253504904089297,0.2448732768893391,0.3058171909049521
gene_2431,0.199706465672492,0.205319636725022,0.2419001160574583,0.3530737815450278
gene_2432,0.2583326785520979,0.2177749138970647,0.2817159549929852,0.2421764525578521
gene_2433,0.2329094268167245,0.2273580500447308,0.2757413549341738,0.2639911682043708
gene_2434,0.1985547265631948,0.2733250052009303,0.2375560040291232,0.2905642642067516
gene_2435,0.3183234504271519,0.0254039470909166,0.329248467081819,0.3270241354001124
gene_2436,0.1516722484728991,0.2612565554486412,0.2581454337142213,0.3289257623642382
gene_2437,0.2633825686552439,0.2047509634151654,0.2623604778112529,0.2695059901183376
gene_2438,0.212445617647776,0.1748009267926012,0.2848042273976708,0.3279492281619519
gene_2439,0.226900736270435,0.2905253897488088,0.2142221254514644,0.2683517485292916
gene_2440,0.2000249575366008,0.258730572552992,0.2425575782858492,0.2986868916245578
gene_2441,0.1386087857727173,0.2410190594767184,0.306713138127218,0.3136590166233463
gene_2442,0.1887127346135763,0.2794492587895473,0.2105522417275818,0.3212857648692945
gene_2443,0.2104326033688697,0.2333081119654932,0.2661752235662379,0.2900840610993991
gene_2444,0.1782649278580901,0.2234289631166168,0.276353407494444,0.321952701530849
gene_2445,0.2445045110297163,0.2644254958769633,0.2140355992173381,0.2770343938759822
gene_2446,0.2988349370153362,0.1972200258487089,0.2248541377913573,0.2790908993445976
gene_2447,0.359314836616393,0.2767166792394248,0.3181153508042459,0.0458531333399361
gene_2448,0.2216203524100578,0.2364862671258016,0.25858122920719,0.2833121512569504
gene_2449,0.2043024421514671,0.2233879862613958,0.2731582920668207,0.2991512795203162
gene_2450,0.2334888599356126,0.2046378348676691,0.2704904579321508,0.2913828472645674
gene_2451,0.2319570215416818,0.2887489752752202,0.234959221807293,0.2443347813758049
gene_2452,0.3207567395246811,0.4565036821389358,0.0772580998180844,0.1454814785182986
gene_2453,0.2104063463227729,0.1363849764528719,0.2588337384598852,0.3943749387644699
gene_2454,0.2789343806016799,0.2831226149686289,0.2020404588214369,0.2359025456082542
gene_2455,0.1926636876198326,0.2814788261493197,0.2012237279257378,0.3246337583051097
gene_2456,0.2579211819903385,0.2645849180047098,0.2329671746276852,0.2445267253772664
gene_2457,0.2214054685324428,0.2301481347948399,0.2814592844514874,0.2669871122212298
gene_2458,0.189678258469764,0.2051650907314154,0.283479600752275,0.3216770500465455
gene_2459,0.1194116775678771,0.225008516955667,0.343973115909326,0.3116066895671299
gene_2460,0.2415577821503683,0.218523048799242,0.3298146010394601,0.2101045680109295
gene_2461,0.2603344958854514,0.2212005640544257,0.2907924174067267,0.2276725226533962
gene_2462,0.2529042884150361,0.2296568998175923,0.304086665307169,0.2133521464602025
gene_2463,0.2219438059649,0.261546081452536,0.273685836531014,0.24282427605155
gene_2464,0.2263376076021482,0.2515395979878818,0.2705533380053068,0.2515694564046631
gene_2465,0.2521719067945455,0.238214672407584,0.2721977573594583,0.2374156634384121
gene_2466,0.2241264198641884,0.2330369180228816,0.26593967731983,0.2768969847931
gene_2467,0.1092709119020995,0.3125390045898915,0.2567072729488511,0.3214828105591578
gene_2468,0.1893387221954248,0.2815421930104412,0.3004551489326555,0.2286639358614784
gene_2469,0.1874709668294266,0.2484105761792789,0.2991564524702894,0.2649620045210049
gene_2470,0.2069544145526042,0.2566271820316415,0.2068420798655054,0.3295763235502488
gene_2471,0.208627523508881,0.2570191781711963,0.2335645692319874,0.3007887290879351
gene_2472,0.2329352940092207,0.2615539425414954,0.2576568148600579,0.2478539485892258
gene_2473,0.2076410198769551,0.2394962842095749,0.2292937961667817,0.3235688997466882
gene_2474,0.2259243410685145,0.0166827624851482,0.3538420869479469,0.4035508094983902
gene_2475,0.3045844906808334,0.2344566930840304,0.2488239521283519,0.2121348641067842
gene_2476,0.252844918593716,0.1638043909393884,0.2531968995008373,0.3301537909660581
gene_2477,0.2024859875541795,0.2955921392385632,0.3025763007025723,0.199345572504685
gene_2478,0.2614278526073809,0.2493913417723893,0.2711324835691472,0.2180483220510826
gene_2479,0.2279029889161881,0.2494988169149783,0.2513534709461371,0.2712447232226964
gene_2480,0.1708340399109043,0.2584059480031543,0.2745573070614153,0.2962027050245259
gene_2481,0.2278442780378687,0.2192538152485302,0.2752964144298717,0.2776054922837292
gene_2482,0.1765027622848768,0.2134049344511657,0.2664406350030621,0.3436516682608954
gene_2483,0.2421475702589239,0.3162103918212971,0.2148174936209718,0.226824544298807
gene_2484,0.204816792798512,0.2871426000850572,0.264882686777134,0.2431579203392968
gene_2485,0.2306409217811341,0.2249215793534149,0.2730838491025738,0.2713536497628772
gene_2486,0.1680525710670323,0.2380331542934136,0.2827616191418886,0.3111526554976653
gene_2487,0.1886476595149468,0.2260261456191229,0.1959820619505526,0.3893441329153776
gene_2488,0.2117406361818401,0.2252630773686641,0.2232311025487144,0.3397651839007812
gene_2489,0.2116501326992511,0.2230898658279819,0.2880167392770552,0.2772432621957117
gene_2490,0.1793396135952611,0.2235346163955196,0.3184250751846477,0.2787006948245715
gene_2491,0.1528396044940389,0.2669452413301092,0.270188029264922,0.3100271249109298
gene_2492,0.2228661333005143,0.2011019832793341,0.2808614593689794,0.2951704240511721
gene_2493,0.2634293221302912,0.2646284954842808,0.2501905843871503,0.2217515979982777
gene_2494,0.1586871005752063,0.2632487599270627,0.272533638801253,0.3055305006964779
gene_2495,0.1626266941965793,0.203830325684495,0.3565840579642995,0.276958922154626
gene_2496,0.2118327967739768,0.2118009865305666,0.2807883866750714,0.2955778300203851
gene_2497,0.2350351220741202,0.1219141260893353,0.3926068118381923,0.250443939998352
gene_2498,0.2391577661865096,0.2380530452617537,0.230780561946987,0.2920086266047496
gene_2499,0.220686366815846,0.2262644370912639,0.2881347732532847,0.2649144228396054
gene_2500,0.2101941519378093,0.2409423506110734,0.2853034827754687,0.2635600146756485
gene_2501,0.2320790036048945,0.2759246334657464,0.3778738800714089,0.1141224828579501
gene_2502,0.2160152889769387,0.2578361697505731,0.2630313436991083,0.2631171975733797
gene_2503,0.1786755198630982,0.2001608797737755,0.378069219274981,0.2430943810881451
gene_2504,0.264305354313756,0.1994522785214249,0.2612666333962534,0.2749757337685656
gene_2505,0.250634300022985,0.2573804347083965,0.2125067084082832,0.2794785568603352
gene_2506,0.3131052852523201,0.1777352830793032,0.2717801396105532,0.2373792920578234
gene_2507,0.2006210585044363,0.281116121515507,0.2112219230831423,0.3070408968969143
gene_2508,0.3033021624432773,0.2150830398565731,0.2623032959647767,0.2193115017353728
gene_2509,0.2270029871110837,0.1883665835430206,0.3368584950721711,0.2477719342737245
gene_2510,0.1384315293481166,0.2617721820176349,0.2770558033414887,0.3227404852927598
gene_2511,0.2256148907511592,0.223370118154048,0.2609260896450062,0.2900889014497865
gene_2512,0.2598124188853929,0.267574686685593,0.2144635048848936,0.2581493895441205
gene_2513,0.1037795557452321,0.2693840495013552,0.4089570877675883,0.2178793069858242
gene_2514,0.2448757286345923,0.1493822858700926,0.2190741615439836,0.3866678239513314
gene_2515,0.2409617666069378,0.1923306612349346,0.2887810570103205,0.2779265151478071
gene_2516,0.1936637611960647,0.2476710139739052,0.2878787486968035,0.2707864761332265
gene_2517,0.2481380938723633,0.2856371298417229,0.2714623621324371,0.1947624141534766
gene_2518,0.195650138500298,0.2067946252045221,0.3314169111442784,0.2661383251509013
gene_2519,0.194642104130478,0.345103079611829,0.2462142857521456,0.2140405305055473
gene_2520,0.1764800919506732,0.2708148975247477,0.2833737054714406,0.2693313050531384
gene_2521,0.2222970356195763,0.1437405594283103,0.3414512395059573,0.2925111654461561
gene_2522,0.1301127296355179,0.2960374626828569,0.1944796131053427,0.3793701945762824
gene_2523,0.1910202269038259,0.2698921178828008,0.1974149258798465,0.3416727293335266
gene_2524,0.1930474168226189,0.2894517194918899,0.2431386838013467,0.2743621798841443
gene_2525,0.2274454627820521,0.2376420074432408,0.2774347486892082,0.2574777810854989
gene_2526,0.1772844122461502,0.2284512969905018,0.2714106865343104,0.3228536042290375
gene_2527,0.2726199761663193,0.1706870217365212,0.2410988491178442,0.3155941529793151
gene_2528,0.2023266078488182,0.2196021439458003,0.2598218624104333,0.3182493857949481
gene_2529,0.209756587893276,0.303179907851642,0.2118337756136325,0.2752297286414495
gene_2530,0.2938016165818086,0.2433477807734181,0.2638950193703357,0.1989555832744375
gene_2531,0.1951338075890059,0.1730571442199844,0.2698349387766912,0.3619741094143183
gene_2532,0.2943059261340378,0.340656471654519,0.2231468628333889,0.1418907393780543
gene_2533,0.2417590667221497,0.3214615848571244,0.1869215635857768,0.2498577848349489
gene_2534,0.2703604372021761,0.2445744682793694,0.2136477374681808,0.2714173570502735
gene_2535,0.2153287100325644,0.2552618931486864,0.342057621596526,0.1873517752222231
gene_2536,0.2262152068218799,0.2283590605562511,0.2273478315291916,0.3180779010926773
gene_2537,0.1852944313676327,0.2648914667925764,0.2854542711518202,0.2643598306879705
gene_2538,0.2260046758689159,0.2709486013613933,0.230408515131563,0.2726382076381277
gene_2539,0.1785140304622055,0.2727025521396365,0.2757258549786047,0.2730575624195533
gene_2540,0.1205326962285484,0.3277960032061342,0.2579875610290722,0.2936837395362451
gene_2541,0.2154964226368975,0.1771384410497528,0.3057666775929201,0.3015984587204294
gene_2542,0.2576829538919397,0.2251383678617923,0.3228686758789802,0.1943100023672877
gene_2543,0.2082642924783464,0.2456315976902909,0.2724896087817644,0.2736145010495983
gene_2544,0.2302935617575431,0.3919143464193619,0.0057801054555004,0.3720119863675945
gene_2545,0.1953529663194063,0.2352867962438061,0.255658146475496,0.3137020909612915
gene_2546,0.2218365338487614,0.2002217273426577,0.2900761168683492,0.2878656219402317
gene_2547,0.2547814072016404,0.2249411785119299,0.2407287663239822,0.2795486479624474
gene_2548,0.2422961401039367,0.2268373939992823,0.2683277118331493,0.2625387540636317
gene_2549,0.2355969039905797,0.2619266010955082,0.2705045619431439,0.231971932970768
gene_2550,0.278751419901944,0.2247687860923902,0.1720558547425324,0.3244239392631333
gene_2551,0.2219066212713812,0.2114960274473011,0.2913165159358914,0.2752808353454263
gene_2552,0.2544301343156602,0.2640740372819905,0.2279541695101415,0.2535416588922078
gene_2553,0.248713837330966,0.1612226955054064,0.3197544655424832,0.2703090016211443
gene_2554,0.2021252476740482,0.1758523027369418,0.3558127160884081,0.2662097335006017
gene_2555,0.1953375609051972,0.2362008461364085,0.2845782830167595,0.2838833099416347
gene_2556,0.1634692363938197,0.2007355267316,0.3378873029050228,0.2979079339695573
gene_2557,0.2315097962787794,0.2938076365205929,0.2854430423570191,0.1892395248436086
gene_2558,0.2726222216945337,0.3130385365610697,0.1419464064752968,0.2723928352690997
gene_2559,0.2639098572296482,0.2254865209989049,0.2728189850209404,0.2377846367505064
gene_2560,0.2070648586300488,0.2660083268876886,0.2716950694448189,0.2552317450374437
gene_2561,0.1643775436185309,0.259266091909356,0.3682529881137263,0.2081033763583868
gene_2562,0.2258162495527497,0.174078579627483,0.3857755077506899,0.2143296630690773
gene_2563,0.1979690490762674,0.3749722632050447,0.2603866409662621,0.1666720467524257
gene_2564,0.2622103177979768,0.2237863280197423,0.2986082548168782,0.2153950993654027
gene_2565,0.254213373039042,0.1798634373666593,0.2884388280031922,0.2774843615911064
gene_2566,0.247770416513291,0.302678424904758,0.2212278517556777,0.2283233068262732
gene_2567,0.2806950591665682,0.2536845240677087,0.3077371448664998,0.1578832718992233
gene_2568,0.2367285210217296,0.2675322190619799,0.2448864814316433,0.250852778484647
gene_2569,0.2246259970775156,0.1881487958621795,0.2330088887192616,0.3542163183410431
gene_2570,0.2615204672105888,0.2760624905913193,0.1856346185137813,0.2767824236843104
gene_2571,0.2338353853935767,0.2289499111054585,0.2680096735153449,0.2692050299856198
gene_2572,0.2500965571225667,0.2261996925357023,0.2990290512303149,0.224674699111416
gene_2573,0.2328979978676528,0.2403892080408365,0.2476269970918274,0.2790857969996832
gene_2574,0.23114919541081,0.2753845746435132,0.2543106602515074,0.2391555696941694
gene_2575,0.2764024639120017,0.2542155099640045,0.2682433872718628,0.2011386388521308
gene_2576,0.2424558660404725,0.2084232482853202,0.230181661248657,0.31893922442555
gene_2577,0.2461159075662356,0.266513325770702,0.2690721312445341,0.2182986354185282
gene_2578,0.2224235977065742,0.2761874826666086,0.2203162410547415,0.2810726785720754
gene_2579,0.2360954702991455,0.2196586831862597,0.2981322409440506,0.2461136055705441
gene_2580,0.2776747364964664,0.2521271592438373,0.1907494005709104,0.2794487036887859
gene_2581,0.2040695047991727,0.2719958428139389,0.2928082784117934,0.2311263739750949
gene_2582,0.2259309900138976,0.2880784705573393,0.2121877113672979,0.2738028280614651
gene_2583,0.2549712471060478,0.1943688436379761,0.2394063425993647,0.3112535666566112
gene_2584,0.3171859239298464,0.1800404253345666,0.4845726848972187,0.0182009658383681
gene_2585,0.1511909860883268,0.2172593919132094,0.2687998658524352,0.3627497561460285
gene_2586,0.2148469317102172,0.2390394616007402,0.2110819036824184,0.3350317030066241
gene_2587,0.1726822214395575,0.1772551102171396,0.4965549756030457,0.1535076927402571
gene_2588,0.2470800080723606,0.2175636553079378,0.3729790661734337,0.1623772704462678
gene_2589,0.2419586606043106,0.243085616428108,0.2741050002563537,0.2408507227112275
gene_2590,0.2430421324842694,0.1552072311388973,0.2854961337062647,0.3162545026705683
gene_2591,0.2343894007795805,0.2591834352184309,0.27878778407477,0.2276393799272185
gene_2592,0.2045344153128018,0.2464004339060219,0.2925940201247181,0.2564711306564581
gene_2593,0.2049934142353854,0.1129838793549067,0.2549366429138843,0.4270860634958235
gene_2594,0.299782721982605,0.2450138074512652,0.2222667281231278,0.2329367424430019
gene_2595,0.2088317066714961,0.20076586633923,0.2714846842396682,0.3189177427496055
gene_2596,0.2087366537506409,0.2475352474844343,0.3156600830739486,0.2280680156909762
gene_2597,0.164484556554174,0.189778612648356,0.2913962155507791,0.3543406152466906
gene_2598,0.0499188345059677,0.2933709386246207,0.2754709420757651,0.3812392847936464
gene_2599,0.1866495119594817,0.2203286694040898,0.2028029152692935,0.3902189033671349
gene_2600,0.2079406392511602,0.3068850683066116,0.2885526613673875,0.1966216310748407
gene_2601,0.1652862284368911,0.1673443439715995,0.3656499119933459,0.3017195155981633
gene_2602,0.246148186546402,0.1739411959883765,0.2613737999935882,0.3185368174716332
gene_2603,0.25604678647049,0.2614112798229027,0.2714157963245496,0.2111261373820576
gene_2604,0.2149578972554454,0.1682625752390656,0.3166440536693417,0.3001354738361474
gene_2605,0.2322440815048649,0.2374467228671219,0.3028693635701959,0.2274398320578172
gene_2606,0.3366390839815476,0.0368787290014074,0.4374898132981889,0.188992373718856
gene_2607,0.2565959518642605,0.1842339002852923,0.27508868049704,0.284081467353407
gene_2608,0.1840912791978864,0.2689490474025877,0.2349653623896951,0.3119943110098307
gene_2609,0.1870242414921305,0.2518416727454337,0.2804406229398855,0.2806934628225501
gene_2610,0.2189244883217125,0.2672397394469369,0.2222298702906067,0.2916059019407437
gene_2611,0.1938282015157607,0.0389751924226029,0.3548009037894349,0.4123957022722013
gene_2612,0.2172227140110209,0.1338939842454546,0.419004788351659,0.2298785133918653
gene_2613,0.2208105621925773,0.2186590631644862,0.2756520067613573,0.2848783678815791
gene_2614,0.3719396003385419,0.2217439954260302,0.2120903059649118,0.1942260982705159
gene_2615,0.202444026100261,0.226132513688353,0.3075513135336358,0.2638721466777501
gene_2616,0.2000351059463677,0.2725049321756181,0.2436682824997616,0.2837916793782524
gene_2617,0.2520073954495238,0.1814067053447249,0.2858048264298142,0.2807810727759371
gene_2618,0.2406080792446746,0.2695909080905492,0.1848434872195331,0.304957525445243
gene_2619,0.2259217131090137,0.2745382673470887,0.2561595605042538,0.2433804590396436
gene_2620,0.2588504386756429,0.2349930979981328,0.2336425340090547,0.2725139293171695
gene_2621,0.1905536257770617,0.238925847584136,0.2589753514498414,0.3115451751889607
gene_2622,0.1788448922110467,0.2742084448533167,0.2701764045592641,0.2767702583763723
gene_2623,0.2423175472646445,0.1960577252815496,0.2767753066488794,0.2848494208049266
gene_2624,0.1872478980102219,0.2399126134888279,0.3112875392153913,0.2615519492855589
gene_2625,0.1708435949534227,0.3460553649270247,0.1902798330330768,0.2928212070864757
gene_2626,0.2606741809910221,0.2530709627510878,0.2381264834874866,0.2481283727704034
gene_2627,0.2003668021950094,0.1911841961635891,0.3160674474647323,0.2923815541766689
gene_2628,0.1320618785721783,0.3456688838494542,0.2782495366467746,0.2440197009315927
gene_2629,0.2816997782564754,0.2175620199610111,0.183303908945578,0.3174342928369354
gene_2630,0.498052418451381,0.0158664785807377,0.3992324376737028,0.0868486652941786
gene_2631,0.1855989317789231,0.1686773534930964,0.2949273015165488,0.3507964132114315
gene_2632,0.2023830211535591,0.2827821122669622,0.0999744799744692,0.4148603866050094
gene_2633,0.2375551278016368,0.3087078564498944,0.2792607724445932,0.1744762433038755
gene_2634,0.1810340312775982,0.2516314328646321,0.295837425911424,0.2714971099463457
gene_2635,0.1978367670169804,0.2218021872669328,0.2979522548005973,0.2824087909154893
gene_2636,0.2083174275580829,0.2366410296098818,0.2693291556970886,0.2857123871349465
gene_2637,0.1645697307753609,0.2678086393882551,0.2762664915831825,0.2913551382532014
gene_2638,0.2761366347806738,0.201194968442637,0.2032909812394795,0.3193774155372096
gene_2639,0.2110160992013794,0.2278132461273221,0.2873887500546232,0.2737819046166752
gene_2640,0.220785884988466,0.2172979025325422,0.2805954728558461,0.2813207396231457
gene_2641,0.1885076989995587,0.3103169291583891,0.2787989510973501,0.222376420744702
gene_2642,0.1972195540525048,0.2526553302824085,0.1386570383876753,0.4114680772774111
gene_2643,0.2949819512116938,0.2338245151509749,0.2977055052621569,0.1734880283751743
gene_2644,0.2152494940807555,0.2752320104998962,0.2876466767237175,0.2218718186956305
gene_2645,0.2449111146881218,0.1892461075513055,0.2878367150138093,0.2780060627467633
gene_2646,0.2160872430025874,0.2324735300428471,0.2389833766357538,0.3124558503188115
gene_2647,0.2366210287171026,0.2697185107802718,0.2347499426385069,0.2589105178641184
gene_2648,0.2617978863717632,0.1900819746157222,0.2715143773591272,0.2766057616533872
gene_2649,0.1950546501796,0.2428759121462962,0.3608368434126521,0.2012325942614516
gene_2650,0.2389866163455614,0.2400620242821594,0.245860798783137,0.275090560589142
gene_2651,0.224129740268549,0.2764963077850187,0.237994215402356,0.2613797365440759
gene_2652,0.2494877879824746,0.218587430644402,0.1683772879510665,0.3635474934220567
gene_2653,0.2234045356927985,0.2572469614683463,0.238604513792794,0.2807439890460611
gene_2654,0.2533449069595972,0.2209853396136279,0.2764681601628202,0.2492015932639545
gene_2655,0.2045954680879021,0.3326857586375106,0.2812994729916375,0.1814193002829499
gene_2656,0.2062781245466757,0.2895445306761917,0.2991313697304044,0.2050459750467283
gene_2657,0.2321529779629948,0.2478531485314054,0.3073752658780366,0.212618607627563
gene_2658,0.151467070745139,0.2153136693808982,0.3541753859964556,0.2790438738775072
gene_2659,0.2287464039915404,0.274761812337104,0.2924529652953819,0.2040388183759735
gene_2660,0.2581383806755585,0.2494029815637626,0.2257224802191268,0.2667361575415519
gene_2661,0.1886816605239008,0.1928032643868329,0.2549367948975255,0.3635782801917406
gene_2662,0.2020208714089766,0.2192735299327497,0.2496271163912099,0.3290784822670636
gene_2663,0.1924662695048835,0.2075968462214742,0.3100741308760394,0.2898627533976028
gene_2664,0.1906762999822825,0.2212582740763245,0.3498459749935691,0.2382194509478238
gene_2665,0.1901883491458424,0.2399674072897088,0.3073992707788421,0.2624449727856064
gene_2666,0.2286691507209148,0.272139769482429,0.2372170839687549,0.2619739958279011
gene_2667,0.2170198228403684,0.2607039767962641,0.2631789306776927,0.2590972696856746
gene_2668,0.2609631248355043,0.1962529559273219,0.2850587325776192,0.2577251866595546
gene_2669,0.3047580858096944,0.1485620757311134,0.3130172177571728,0.2336626207020193
gene_2670,0.0371570860627989,0.2936272363555852,0.5540454382647317,0.115170239316884
gene_2671,0.287658770409187,0.065805650452519,0.4501977116290757,0.1963378675092181
gene_2672,0.2578412806184783,0.2245419772765966,0.2679230964681238,0.2496936456368013
gene_2673,0.2730308733859724,0.2453372971308325,0.2603492135804985,0.2212826159026964
gene_2674,0.1943893195676637,0.160131203361881,0.2419395954782415,0.4035398815922136
gene_2675,0.1930542202023659,0.2508130517554847,0.2714143529852424,0.2847183750569068
gene_2676,0.2280277631259021,0.2822193428103502,0.2450207755255358,0.2447321185382119
gene_2677,0.2221308102084203,0.2517977454054779,0.2471313740304206,0.2789400703556811
gene_2678,0.1786126442841812,0.2495677019403151,0.3376257303053452,0.2341939234701584
gene_2679,0.2334048443327935,0.2479807225856703,0.279022139182279,0.2395922938992571
gene_2680,0.211314705863386,0.1828325461645844,0.2378020389064231,0.3680507090656064
gene_2681,0.257898588436644,0.2228669702714506,0.2213236771256919,0.2979107641662134
gene_2682,0.1714150852822125,0.272860519031554,0.2737721095194774,0.281952286166756
gene_2683,0.2553227244334664,0.260953055450427,0.2763436389893486,0.2073805811267579
gene_2684,0.2117567469977978,0.2588099300738827,0.2899184717147389,0.2395148512135804
gene_2685,0.1791966952148488,0.1948731278710276,0.3282729392778297,0.2976572376362939
gene_2686,0.1876322005818625,0.2484432317608464,0.1836724169816421,0.380252150675649
gene_2687,0.2524278614715927,0.1842245384344517,0.3026489767548161,0.2606986233391394
gene_2688,0.2240335384330143,0.2152382136110763,0.2966983792060246,0.2640298687498847
gene_2689,0.1405290096122381,0.2559271638630155,0.2939894529169888,0.3095543736077574
gene_2690,0.1797289115355781,0.2158781955043527,0.2900981371241442,0.3142947558359248
gene_2691,0.2562795425711056,0.3082853272839665,0.2286889605526653,0.2067461695922625
gene_2692,0.2147162379422322,0.1979433194550043,0.1333591330153351,0.4539813095874284
gene_2693,0.1778135734381284,0.2738757714349983,0.2430952928050755,0.3052153623217977
gene_2694,0.2030826131604927,0.1927860734818341,0.2903760983331503,0.3137552150245229
gene_2695,0.224252867018579,0.2643641006125459,0.2181799619541456,0.2932030704147295
gene_2696,0.2235137872268456,0.2660725908742933,0.2639808521971986,0.2464327697016622
gene_2697,0.2700225555109803,0.1921211542967456,0.3184083405541303,0.2194479496381438
gene_2698,0.2126794213428241,0.2611367778626152,0.26859443969801,0.2575893610965506
gene_2699,0.2273184795366044,0.2267787702873727,0.2625912914960736,0.283311458679949
gene_2700,0.1577461473216875,0.3394464055583422,0.2736027349424255,0.2292047121775446
gene_2701,0.2703057852630982,0.2726063484027221,0.241917328939454,0.2151705373947255
gene_2702,0.2706800758465044,0.1678503863593151,0.2809073596632415,0.280562178130939
gene_2703,0.2274067139972988,0.2787769605816717,0.2654103871644789,0.2284059382565506
gene_2704,0.1867803607604245,0.2164643416549826,0.2859805177187712,0.3107747798658216
gene_2705,0.301295322238897,0.1632264959138375,0.3313831079712058,0.2040950738760597
gene_2706,0.2018132023597244,0.2955732008129551,0.3064558110378775,0.1961577857894429
gene_2707,0.2410342105974715,0.2507187278179837,0.2886463449130312,0.2196007166715135
gene_2708,0.184308789451552,0.2575869492104105,0.2329056988999484,0.3251985624380889
gene_2709,0.2286235414777292,0.2491661101372614,0.1953392329589685,0.3268711154260408
gene_2710,0.2306564724781506,0.2874025056734506,0.2449607052430643,0.2369803166053343
gene_2711,0.1752446134640653,0.2720931375338908,0.2532742019132388,0.299388047088805
gene_2712,0.1700041315288176,0.2865708185540743,0.2261633261188462,0.3172617237982617
gene_2713,0.1669632555118702,0.2717120874918031,0.2930374436895475,0.268287213306779
gene_2714,0.2783556831274947,0.1766398306397467,0.2788710073465455,0.2661334788862131
gene_2715,0.1691923542769321,0.3240509649166916,0.2604967793200129,0.2462599014863631
gene_2716,0.2330604892100616,0.2361773555109335,0.1891265153506674,0.3416356399283374
gene_2717,0.1054986687036205,0.2912115211896761,0.2403407772499132,0.3629490328567901
gene_2718,0.2435142346393979,0.2686945014789187,0.2096909027138676,0.2781003611678158
gene_2719,0.2769405842339976,0.2326235812509644,0.2551938700996643,0.2352419644153735
gene_2720,0.2061845782689227,0.199651737830948,0.2955134764273136,0.2986502074728155
gene_2721,0.2063929708093462,0.2850664557916291,0.234113395599811,0.2744271777992136
gene_2722,0.1768942371851673,0.239295811367173,0.3923573186083206,0.1914526328393389
gene_2723,0.2250973305918504,0.1633946054718031,0.3234978973317023,0.288010166604644
gene_2724,0.1731166625376462,0.2242664804102503,0.2748361194854794,0.327780737566624
gene_2725,0.2350300033480269,0.2560774735762344,0.273365478288872,0.2355270447868666
gene_2726,0.2250735711601415,0.2868128679708102,0.2190748310274496,0.2690387298415985
gene_2727,0.2094257770822518,0.2116470473850436,0.278565999870921,0.3003611756617836
gene_2728,0.2563012196210968,0.2986955720142463,0.1833522296160899,0.261650978748567
gene_2729,0.191961030346433,0.2140740851975045,0.3421533456278837,0.2518115388281786
gene_2730,0.2050122988247223,0.2634283626800761,0.2214619307105002,0.3100974077847014
gene_2731,0.2100218162946547,0.2139731985044448,0.2864423888246493,0.2895625963762511
gene_2732,0.2302584403124456,0.1630351209862669,0.308459306913604,0.2982471317876835
gene_2733,0.2493861659723119,0.1499607533977802,0.2940083529573305,0.3066447276725771
gene_2734,0.2423950806626143,0.2224401047288961,0.2823934992049493,0.2527713154035402
gene_2735,0.2424539618036479,0.1843391881748504,0.2750456600973168,0.2981611899241848
gene_2736,0.2461310562885149,0.1877625677360651,0.2516845181952094,0.3144218577802105
gene_2737,0.2020905696939441,0.2556594100694071,0.2350593592062761,0.3071906610303725
gene_2738,0.1549288438737407,0.2118566662360403,0.406134579726391,0.2270799101638279
gene_2739,0.2420395344423674,0.2359412644700619,0.2801653040332405,0.2418538970543299
gene_2740,0.1401818308007716,0.3751871688955999,0.1833819055666512,0.3012490947369772
gene_2741,0.2699689182081939,0.2327356604015484,0.2750600932138331,0.2222353281764245
gene_2742,0.2020885608661087,0.218617476507924,0.2734641325228369,0.3058298301031302
gene_2743,0.1433663848206613,0.2899057386921339,0.1948937843603666,0.3718340921268381
gene_2744,0.2234978122549183,0.2153833847215196,0.3576383245075722,0.2034804785159897
gene_2745,0.2420230239790978,0.2363059750632943,0.2489070433312691,0.2727639576263386
gene_2746,0.256428101988812,0.1926140049317141,0.2277789635032101,0.3231789295762637
gene_2747,0.1604318413439146,0.241652874367922,0.3505277371526782,0.2473875471354851
gene_2748,0.2604081385293383,0.2749179597101047,0.2225048235456087,0.2421690782149483
gene_2749,0.2561984397799141,0.2355854044959005,0.2368934870647812,0.2713226686594043
gene_2750,0.1933563298945873,0.2695999952080066,0.2851758210971658,0.2518678538002402
gene_2751,0.233463087659496,0.2636182826456236,0.2963233605924971,0.2065952691023832
gene_2752,0.2744964732157782,0.1879561112343889,0.2916852634262283,0.2458621521236045
gene_2753,0.2743169088410774,0.2903688201014474,0.2347020983257172,0.2006121727317579
gene_2754,0.2128718383089523,0.230825889432936,0.3262514308658191,0.2300508413922924
gene_2755,0.2393053456391802,0.226018245407259,0.2633544930297078,0.2713219159238528
gene_2756,0.1600813649886419,0.2597101352816415,0.2543208215974981,0.3258876781322184
gene_2757,0.264542223389093,0.1767916440418893,0.2482333975990454,0.3104327349699722
gene_2758,0.2754217886507534,0.1866428448425107,0.326367162587774,0.2115682039189617
gene_2759,0.2209322973646823,0.22686341489982,0.2628448146909982,0.2893594730444994
gene_2760,0.1620805854957322,0.2662123608481627,0.2530954527427516,0.3186116009133533
gene_2761,0.2816263637575026,0.1629125409996303,0.2402007386202349,0.3152603566226323
gene_2762,0.1659449462136218,0.1711312115454168,0.3369978904834321,0.3259259517575293
gene_2763,0.2200773117911562,0.2327327056102854,0.2693373577103305,0.2778526248882277
gene_2764,0.1825084935980667,0.2487829223897369,0.2673920193982561,0.3013165646139402
gene_2765,0.2122887013508815,0.2087393212106328,0.3586750166094999,0.2202969608289857
gene_2766,0.1598815126808007,0.2073490826671311,0.3872692903539443,0.2455001142981237
gene_2767,0.1294581572087991,0.3452937061079431,0.2521791930487747,0.273068943634483
gene_2768,0.2933962004414426,0.2082959325705994,0.201655179383116,0.296652687604842
gene_2769,0.1996233081313866,0.2752278306159624,0.3019671455151734,0.2231817157374775
gene_2770,0.1522770243415473,0.3086349694350864,0.3559923632876106,0.1830956429357555
gene_2771,0.26489794110244,0.2108837620124231,0.2094444127149445,0.3147738841701924
gene_2772,0.1837964026168629,0.2842578523130549,0.2785948072276044,0.2533509378424776
gene_2773,0.3114774512045554,0.2776129274615118,0.2254000045047327,0.1855096168292001
gene_2774,0.2378195576797356,0.2475880274807799,0.2797097522721213,0.2348826625673631
gene_2775,0.2531343600431751,0.2792609919660733,0.2771807476496573,0.1904239003410943
gene_2776,0.2863881694308607,0.0986115073537109,0.3356184760857395,0.2793818471296887
gene_2777,0.0305575177015545,0.4250052894744622,0.323945590591674,0.2204916022323092
gene_2778,0.2252860509101867,0.1436149177325779,0.3837334318190793,0.247365599538156
gene_2779,0.1667647962226007,0.3020225042215068,0.2706395319083873,0.260573167647505
gene_2780,0.1967980565779367,0.2428793213508127,0.2577024153691384,0.3026202067021121
gene_2781,0.1911778421780591,0.2353033721082919,0.2780014519570785,0.2955173337565705
gene_2782,0.2996579096855331,0.3042580849260821,0.2599162703089626,0.1361677350794222
gene_2783,0.1850933353890995,0.2298147102941337,0.3097034077722906,0.2753885465444761
gene_2784,0.1963392511690445,0.2111496975450568,0.238587203696923,0.3539238475889756
gene_2785,0.2295730897998337,0.184723194247763,0.2879873603525453,0.2977163555998577
gene_2786,0.2219625013947561,0.3315626583343742,0.2249506759195425,0.2215241643513271
gene_2787,0.2629513267329851,0.2128413434900766,0.2590241056459321,0.2651832241310061
gene_2788,0.277404664571077,0.2056365332768587,0.2708127991678113,0.2461460029842527
gene_2789,0.2100140530877483,0.2307910878762292,0.2469318633405406,0.3122629956954816
gene_2790,0.1877559872074923,0.1822074654891952,0.2644318089053802,0.3656047383979323
gene_2791,0.269158793606308,0.2599498673775334,0.2422962530339948,0.2285950859821635
gene_2792,0.2472945565143768,0.2246004632237161,0.2443220671834005,0.2837829130785065
gene_2793,0.2430035002722145,0.2019912087316813,0.2668028630609788,0.2882024279351253
gene_2794,0.291841859705128,0.3151999603488795,0.3054313844968637,0.0875267954491286
gene_2795,0.1945250633216663,0.175949361308504,0.3853195811162123,0.2442059942536174
gene_2796,0.1726758238970352,0.2665620146130382,0.2931410679390716,0.267621093550855
gene_2797,0.229170305063449,0.2190251517180537,0.2802313528294397,0.2715731903890575
gene_2798,0.25671492671106,0.2574006740539096,0.1562097716038732,0.329674627631157
gene_2799,0.222482724339081,0.2209853821019258,0.2654705117274297,0.2910613818315635
gene_2800,0.2039946602930573,0.2392745954130871,0.278200518439273,0.2785302258545824
gene_2801,0.1944708789991408,0.2204122694932662,0.353662669153006,0.2314541823545869
gene_2802,0.2002685933694893,0.2132386612061766,0.320657952135306,0.2658347932890279
gene_2803,0.2122820107387188,0.252769214192483,0.3120852674317446,0.2228635076370536
gene_2804,0.195997722149708,0.2423175769071656,0.3011259705987451,0.2605587303443811
gene_2805,0.2513342299587466,0.1697102540388582,0.3056965279558685,0.2732589880465266
gene_2806,0.263536119042958,0.2821063832813016,0.2359361246236019,0.2184213730521385
gene_2807,0.260397031317953,0.2111867245890484,0.2654030960005049,0.2630131480924935
gene_2808,0.2010602022184673,0.2301852875185012,0.2907697750882138,0.2779847351748176
gene_2809,0.2869763891595981,0.1954237156421515,0.2674410193189467,0.2501588758793035
gene_2810,0.3175593200784187,0.1963787134796403,0.2015721917496375,0.2844897746923034
gene_2811,0.1985208902385634,0.2306678563911238,0.2732799106992217,0.2975313426710911
gene_2812,0.2305076143251672,0.295171574755649,0.2497111687280746,0.2246096421911091
gene_2813,0.1651101519658928,0.2784472765420518,0.2289791316144711,0.3274634398775842
gene_2814,0.2592470993340043,0.2272471976162896,0.193988435513446,0.31951726753626
gene_2815,0.147537284430186,0.2668895377526938,0.3141550108477065,0.2714181669694137
gene_2816,0.2795060095563013,0.3200207397870598,0.0487287579485654,0.3517444927080734
gene_2817,0.1159900129197539,0.3666374442087274,0.3278771224398187,0.1894954204316999
gene_2818,0.2332900446178019,0.2302921370523894,0.2510356962293457,0.2853821221004629
gene_2819,0.2446352639064402,0.185710833578251,0.2510130827873379,0.3186408197279708
gene_2820,0.2250628933769789,0.2711799386765245,0.1601849652639095,0.3435722026825869
gene_2821,0.2332677616808929,0.2232913682657616,0.2532999676676528,0.2901409023856925
gene_2822,0.2252735628897622,0.2110429900865231,0.2889238667516108,0.2747595802721038
gene_2823,0.1972112702779415,0.2157941095061681,0.3877208297294959,0.1992737904863945
gene_2824,0.2355235185415296,0.2685462023512637,0.2015209198371672,0.2944093592700395
gene_2825,0.2804455166674436,0.2301179820619856,0.2009232135436779,0.2885132877268929
gene_2826,0.2464673782859373,0.1977376126520562,0.2514159976869647,0.3043790113750417
gene_2827,0.2379257816147824,0.2627824672312091,0.255784225032607,0.2435075261214016
gene_2828,0.2306679462158823,0.2457907100925671,0.3088513097868443,0.2146900339047062
gene_2829,0.2081393017461085,0.2552258019512066,0.2851684261803386,0.2514664701223462
gene_2830,0.1953791894030902,0.2965888564364161,0.2833361702463294,0.2246957839141642
gene_2831,0.1821767777615867,0.1207667174885291,0.3508681480621586,0.3461883566877256
gene_2832,0.2432086013751482,0.17778448924364,0.3040853887865232,0.2749215205946886
gene_2833,0.1806718019617716,0.3072064084858112,0.2007999647439358,0.3113218248084814
gene_2834,0.1845819247710884,0.198385041877688,0.3063558681344804,0.3106771652167432
gene_2835,0.2128337690294372,0.2959410023047195,0.2376749913111391,0.253550237354704
gene_2836,0.2020449111966016,0.2719137907822536,0.307269534548607,0.2187717634725377
gene_2837,0.2305869847073936,0.2166677013015553,0.2798811191122897,0.2728641948787614
gene_2838,0.2004550692957055,0.2320047833905467,0.308213521595857,0.2593266257178906
gene_2839,0.211320695741473,0.2172468555927678,0.3491336438213682,0.2222988048443911
gene_2840,0.2134391763361575,0.2411987362875231,0.2686561871074291,0.2767059002688901
gene_2841,0.1793289467657532,0.2323915929407981,0.3421937855241732,0.2460856747692756
gene_2842,0.1673616485794234,0.2796174557371641,0.3647083469425426,0.1883125487408698
gene_2843,0.3274748477434046,0.1259212992502486,0.1314640780390241,0.4151397749673226
gene_2844,0.202796685268248,0.2475146247636747,0.2735501970531113,0.2761384929149659
gene_2845,0.2564894071497557,0.2709133462764536,0.259307565536883,0.2132896810369077
gene_2846,0.2608010017808007,0.3060502563322591,0.2168958972558738,0.2162528446310662
gene_2847,0.2159967561302299,0.1603206650192993,0.3116112995607659,0.3120712792897047
gene_2848,0.1837248769082121,0.2124095697894588,0.2343325844327858,0.3695329688695431
gene_2849,0.1899885841102483,0.2480837433368644,0.2706385543663762,0.2912891181865111
gene_2850,0.2333709735033627,0.2244627822967476,0.2432293829250165,0.298936861274873
gene_2851,0.27024166341353,0.2197511039359968,0.1795422169955338,0.3304650156549393
gene_2852,0.1580811598622233,0.2171277842158058,0.3224339306664485,0.3023571252555221
gene_2853,0.2214574087672098,0.2396326430740302,0.2301822833321982,0.3087276648265618
gene_2854,0.2410612399790039,0.2398365568346715,0.2904469679761944,0.2286552352101301
gene_2855,0.3440868498860558,0.2032633057082357,0.2640411909471063,0.1886086534586022
gene_2856,0.1998427391885223,0.2679907034148397,0.3165500096135302,0.2156165477831077
gene_2857,0.1998390503168866,0.3016686801902122,0.2411284502676348,0.2573638192252663
gene_2858,0.233389994682153,0.2018796273486432,0.2615232038455353,0.3032071741236684
gene_2859,0.2426440924100938,0.1687972048249416,0.2898985016604851,0.2986602011044793
gene_2860,0.2081244093816663,0.2583533744100394,0.2761432737540605,0.2573789424542336
gene_2861,0.2880748288772675,0.2276412167627453,0.2163553010994164,0.2679286532605706
gene_2862,0.2666853580684689,0.3163471249778338,0.1942181229159049,0.2227493940377922
gene_2863,0.2306420001776085,0.2576227206759827,0.2341214723497615,0.2776138067966471
gene_2864,0.245759128715292,0.2040532634286741,0.3262832831393167,0.2239043247167171
gene_2865,0.2383846730949322,0.2194551048204621,0.2614000883037626,0.2807601337808431
gene_2866,0.1743519038032053,0.2051106183715885,0.2443235168820114,0.3762139609431947
gene_2867,0.150046086964806,0.2471536186189337,0.3386469153673102,0.2641533790489501
gene_2868,0.2307513064116185,0.2325397858220763,0.2902159057400915,0.2464930020262135
gene_2869,0.2081229532133029,0.2566437652195562,0.2871044200036453,0.2481288615634954
gene_2870,0.2106778756684023,0.2253811574402179,0.3079824763459687,0.2559584905454111
gene_2871,0.2992415934641108,0.2613436118774202,0.241780390069006,0.1976344045894629
gene_2872,0.2316765951262218,0.2487283857696142,0.2675653257722535,0.2520296933319104
gene_2873,0.1775551734671667,0.2097907039672434,0.302099778341338,0.3105543442242518
gene_2874,0.2244103747313579,0.2665760931869155,0.2342907312983195,0.2747228007834069
gene_2875,0.1994209876360906,0.2783824750607812,0.2829573540035772,0.2392391832995508
gene_2876,0.1227273271435031,0.3951816942487489,0.2415824293700907,0.2405085492376571
gene_2877,0.2019431636754142,0.1876070468510149,0.3313788426763841,0.2790709467971867
gene_2878,0.1825686087996074,0.3070934752661685,0.2654170140549365,0.2449209018792874
gene_2879,0.223856691999316,0.2618781648642847,0.2582504558862038,0.2560146872501955
gene_2880,0.2408037527701592,0.2434495266660117,0.2422466483724102,0.2735000721914188
gene_2881,0.3933912205331102,0.2009707869876477,0.2275211197284801,0.1781168727507619
gene_2882,0.2389900564286008,0.2256057343874653,0.2898431961955934,0.2455610129883404
gene_2883,0.2146402901403015,0.2500270796648616,0.2524712515914808,0.282861378603356
gene_2884,0.2626509882618881,0.2273901860197464,0.2490111497789233,0.2609476759394422
gene_2885,0.2277831226644061,0.2605723527084728,0.2672956484508071,0.2443488761763139
gene_2886,0.2351451316152668,0.2107729156863548,0.2167758377188007,0.3373061149795776
gene_2887,0.2011849560245684,0.2389813494939964,0.2366327019969902,0.323200992484445
gene_2888,0.1747213286727267,0.2813548528474078,0.234065664700667,0.3098581537791983
gene_2889,0.2074316746274106,0.2681142413920782,0.2857951597056583,0.2386589242748529
gene_2890,0.2179798593870632,0.2521201882209133,0.2680436387806305,0.2618563136113929
gene_2891,0.2451201296414721,0.3195190964315256,0.2837496496336805,0.1516111242933216
gene_2892,0.1535252606918295,0.3004123563303398,0.2507413150383135,0.295321067939517
gene_2893,0.2467792727522121,0.2169444247191204,0.2592946048308739,0.2769816976977934
gene_2894,0.1889794321702275,0.2219873309608204,0.307439022339393,0.281594214529559
gene_2895,0.2096309067376476,0.1973241006201292,0.3097130710094809,0.2833319216327422
gene_2896,0.1541804192651945,0.179904456086598,0.3009663495811893,0.364948775067018
gene_2897,0.191108686982127,0.2334226664802453,0.2883164133728396,0.287152233164788
gene_2898,0.2525928557430089,0.2503990815382733,0.3365069043545753,0.1605011583641424
gene_2899,0.2068956054081691,0.268749124432344,0.2382907151832491,0.2860645549762376
gene_2900,0.2399618064621864,0.2538015382990485,0.2649771279323761,0.2412595273063889
gene_2901,0.2218140219192275,0.2452318835128593,0.2372074361245325,0.2957466584433805
gene_2902,0.1740980232209241,0.2970310766390145,0.2909340890541179,0.2379368110859435
gene_2903,0.2147629651375594,0.2153417607810908,0.260318949971773,0.3095763241095768
gene_2904,0.1919781709228372,0.3111638219004662,0.2456341396698509,0.2512238675068455
gene_2905,0.2793865249925267,0.219608938968872,0.2214439703191613,0.27956056571944
gene_2906,0.1901227591639231,0.265323119243603,0.2265837120340326,0.3179704095584412
gene_2907,0.239308970369101,0.221469859358245,0.2853293693317946,0.2538918009408594
gene_2908,0.2784122248842178,0.1900138054928176,0.2882220397325711,0.2433519298903934
gene_2909,0.2167609821759359,0.2120146636188694,0.2683653724170821,0.3028589817881126
gene_2910,0.2350754349773941,0.2359792993537606,0.3270804311175945,0.2018648345512507
gene_2911,0.0652827689044039,0.252328826342144,0.4550880737290328,0.2273003310244192
gene_2912,0.1830621630607538,0.278452243750449,0.2491584604177816,0.2893271327710157
gene_2913,0.2174034536353593,0.129598929570688,0.4242722998591018,0.2287253169348507
gene_2914,0.2257047329049076,0.2449122706502232,0.2596275679077713,0.2697554285370978
gene_2915,0.2982614482369832,0.2192512540869484,0.2778902990918862,0.2045969985841821
gene_2916,0.1808142100999652,0.1985213480709974,0.3035073385174894,0.3171571033115478
gene_2917,0.2330103535762099,0.2501927956677657,0.2682284294731423,0.2485684212828819
gene_2918,0.1373212018627694,0.2430577742069742,0.3410467314507269,0.2785742924795294
gene_2919,0.2194060344967771,0.2711013329077992,0.2648643635596196,0.2446282690358039
gene_2920,0.2268593768474693,0.2457632560942315,0.2457033060846642,0.2816740609736349
gene_2921,0.2126379051595011,0.1588984199511119,0.308074692080785,0.3203889828086019
gene_2922,0.201008544432958,0.2226354424669369,0.2586800851313853,0.3176759279687197
gene_2923,0.2479764859284338,0.2196407464005183,0.2850514524348874,0.2473313152361605
gene_2924,0.189596300115854,0.2610652033703462,0.1956785934074316,0.3536599031063683
gene_2925,0.2329470816113507,0.2299295692655285,0.2933087837703748,0.2438145653527458
gene_2926,0.1691886969051486,0.2320480982947447,0.275395374141364,0.3233678306587427
gene_2927,0.1905101028661593,0.2335519151746923,0.2637329061914536,0.3122050757676947
gene_2928,0.2448947996806291,0.2874987584881804,0.220149511980376,0.2474569298508143
gene_2929,0.2494461998297348,0.2405034894020658,0.2936725678123195,0.2163777429558797
gene_2930,0.2482445936616402,0.2567615811828866,0.2722673237658578,0.2227265013896152
gene_2931,0.2014326909566033,0.268812371694952,0.1960572435563033,0.3336976937921412
gene_2932,0.2435703527353811,0.2268581092724041,0.2175693344091627,0.3120022035830521
gene_2933,0.2158978865036246,0.2098904068761119,0.3199721431865056,0.2542395634337577
gene_2934,0.197042585380652,0.2172909423871545,0.2139058744022492,0.3717605978299441
gene_2935,0.2183381708204191,0.3064155598520894,0.1929765732191616,0.2822696961083297
gene_2936,0.2003468084698314,0.2165979286091814,0.2980486897356116,0.2850065731853753
gene_2937,0.2009496398065484,0.2455595492045116,0.3220016577836559,0.2314891532052839
gene_2938,0.2099879329794839,0.237272110797949,0.2141943064893947,0.3385456497331723
gene_2939,0.2160293958460133,0.214600076275822,0.3017491395145042,0.2676213883636604
gene_2940,0.1851846241140664,0.2699875959518688,0.3010177330572326,0.2438100468768322
gene_2941,0.283002085355877,0.277850023836946,0.2398314626212099,0.1993164281859669
gene_2942,0.2266068053956247,0.2602838819983581,0.2331228363278236,0.2799864762781935
gene_2943,0.1875562584185475,0.2413417280294923,0.3280343684948787,0.2430676450570813
gene_2944,0.3021052820187723,0.1600364236173737,0.303271162421222,0.2345871319426318
gene_2945,0.2357805471227139,0.1942270482977572,0.2906633468098944,0.2793290577696343
gene_2946,0.2046672886795155,0.2504733349646053,0.23553648606935,0.3093228902865291
gene_2947,0.2082997888756738,0.2612562226765095,0.3086948210370001,0.2217491674108165
gene_2948,0.2603434598341425,0.2021867352830459,0.261965621683323,0.2755041831994886
gene_2949,0.2105684880118653,0.2393458837235326,0.2508090170410113,0.2992766112235906
gene_2950,0.2679413648744432,0.2062100713485864,0.3169424383227017,0.2089061254542686
gene_2951,0.1927557136967041,0.1713280223987708,0.3164554494578717,0.3194608144466533
gene_2952,0.2111527922271423,0.2248685500487497,0.3117368203038583,0.2522418374202495
gene_2953,0.2335914623238143,0.3319561929368145,0.1646719111583248,0.2697804335810464
gene_2954,0.176636105416485,0.3236002838043511,0.2264352028840958,0.273328407895068
gene_2955,0.153217828335207,0.3451195581122978,0.2950198908759115,0.2066427226765836
gene_2956,0.1781200554467865,0.2782581196787779,0.3020117152752449,0.2416101095991906
gene_2957,0.2848091626018564,0.2576286295989923,0.2424946083500953,0.2150675994490559
gene_2958,0.2301676928443666,0.3054613589438463,0.1866246467636578,0.2777463014481292
gene_2959,0.1707018484900482,0.2323662325663877,0.3196436340055059,0.2772882849380581
gene_2960,0.2118336904389614,0.1388844318063606,0.3363736938915403,0.3129081838631374
gene_2961,0.2627595794166819,0.2222855601808291,0.3227628074068361,0.1921920529956528
gene_2962,0.2035658716981941,0.275358787970638,0.2482066184903391,0.2728687218408286
gene_2963,0.2328004930153815,0.248753751203468,0.2191056077198759,0.2993401480612743
gene_2964,0.2320376056496066,0.2529043931214506,0.2577355536205948,0.2573224476083479
gene_2965,0.2187203887654672,0.2557418429207269,0.2614169956974347,0.2641207726163712
gene_2966,0.2109937850156953,0.2437688524041328,0.2760323944670632,0.2692049681131085
gene_2967,0.2634002470077202,0.2462812036202569,0.2240729205666331,0.2662456288053897
gene_2968,0.2151381843072019,0.2139003132025658,0.2924123595738889,0.2785491429163432
gene_2969,0.2295089018892676,0.2342553296325541,0.2665224516780018,0.2697133168001764
gene_2970,0.2351781880426845,0.2246959224010231,0.2874972278130437,0.2526286617432485
gene_2971,0.2117331669195145,0.3296748530324072,0.3714503068209157,0.0871416732271624
gene_2972,0.3232328041625701,0.1397872617182589,0.39519173491659,0.141788199202581
gene_2973,0.2750292987749235,0.1885438408257134,0.2830947358272572,0.2533321245721058
gene_2974,0.1781308987121179,0.3445233110159204,0.2136498069935844,0.2636959832783773
gene_2975,0.2179471398791791,0.2320528740988633,0.3712528682389766,0.1787471177829808
gene_2976,0.2330618647506442,0.2460888481526846,0.2559252270630011,0.26492406003367
gene_2977,0.2693087404166545,0.2581628078405374,0.1948633588129938,0.2776650929298143
gene_2978,0.2640558023647602,0.220847110310052,0.2594067833947191,0.2556903039304687
gene_2979,0.1928620879769576,0.309850329477624,0.2564133154080181,0.2408742671374002
gene_2980,0.178461235911317,0.2012548021227169,0.236938128112599,0.3833458338533669
gene_2981,0.2216978028733716,0.2438225462586373,0.295789565748373,0.2386900851196179
gene_2982,0.2345846865535289,0.2048139164669408,0.3058644551481733,0.2547369418313569
gene_2983,0.2273438233741099,0.2332787958208297,0.3237525390734217,0.2156248417316386
gene_2984,0.2788528910452776,0.2455904927146034,0.2287690875488229,0.246787528691296
gene_2985,0.1658820252965806,0.2745906225126667,0.3763884442527134,0.1831389079380392
gene_2986,0.2054778034435938,0.2797447327519249,0.2135132154906215,0.3012642483138596
gene_2987,0.2058726816570038,0.2020937967342175,0.2798077778757964,0.3122257437329822
gene_2988,0.3018710834948072,0.127252541004739,0.3475083980272409,0.2233679774732127
gene_2989,0.2101428188003067,0.1798061513282309,0.2867537905390239,0.3232972393324385
gene_2990,0.0887426504202995,0.2890355231080326,0.3303220092795924,0.2918998171920754
gene_2991,0.2259662481495883,0.2373008649434638,0.2986487334836541,0.2380841534232937
gene_2992,0.224202582952536,0.199396444100205,0.2632196265428694,0.3131813464043895
gene_2993,0.24292191086307,0.1807382834593414,0.3123482649278526,0.2639915407497359
gene_2994,0.1926704018487667,0.2753007619594689,0.3072550995972007,0.2247737365945637
gene_2995,0.2071333827945879,0.2257524369051471,0.3175087743127028,0.2496054059875619
gene_2996,0.190456660361998,0.2136506245661572,0.2623880260855036,0.3335046889863411
gene_2997,0.2370089582218774,0.2056370162614309,0.2219616195018246,0.3353924060148668
gene_2998,0.1725883158786568,0.3589465079088019,0.1821637862161446,0.2863013899963966
gene_2999,0.2249937101949459,0.2653344746887506,0.2022525909042186,0.3074192242120848
